date,value,source,source_url,fetched_at
2020-06-01,0.957,PET.EER_EPMRU_PF4_RGC_DPG.D,https://www.eia.gov/opendata/bulk/PET.zip#PET.EER_EPMRU_PF4_RGC_DPG.D,2026-07-29T21:38:03+00:00
2020-06-02,1.007,PET.EER_EPMRU_PF4_RGC_DPG.D,https://www.eia.gov/opendata/bulk/PET.zip#PET.EER_EPMRU_PF4_RGC_DPG.D,2026-07-29T21:38:03+00:00
2020-06-03,0.997,PET.EER_EPMRU_PF4_RGC_DPG.D,https://www.eia.gov/opendata/bulk/PET.zip#PET.EER_EPMRU_PF4_RGC_DPG.D,2026-07-29T21:38:03+00:00
2020-06-04,1.041,PET.EER_EPMRU_PF4_RGC_DPG.D,https://www.eia.gov/opendata/bulk/PET.zip#PET.EER_EPMRU_PF4_RGC_DPG.D,2026-07-29T21:38:03+00:00
2020-06-05,1.106,PET.EER_EPMRU_PF4_RGC_DPG.D,https://www.eia.gov/opendata/bulk/PET.zip#PET.EER_EPMRU_PF4_RGC_DPG.D,2026-07-29T21:38:03+00:00
2020-06-08,1.097,PET.EER_EPMRU_PF4_RGC_DPG.D,https://www.eia.gov/opendata/bulk/PET.zip#PET.EER_EPMRU_PF4_RGC_DPG.D,2026-07-29T21:38:03+00:00
2020-06-09,1.114,PET.EER_EPMRU_PF4_RGC_DPG.D,https://www.eia.gov/opendata/bulk/PET.zip#PET.EER_EPMRU_PF4_RGC_DPG.D,2026-07-29T21:38:03+00:00
2020-06-10,1.105,PET.EER_EPMRU_PF4_RGC_DPG.D,https://www.eia.gov/opendata/bulk/PET.zip#PET.EER_EPMRU_PF4_RGC_DPG.D,2026-07-29T21:38:03+00:00
2020-06-11,1.007,PET.EER_EPMRU_PF4_RGC_DPG.D,https://www.eia.gov/opendata/bulk/PET.zip#PET.EER_EPMRU_PF4_RGC_DPG.D,2026-07-29T21:38:03+00:00
2020-06-12,1.039,PET.EER_EPMRU_PF4_RGC_DPG.D,https://www.eia.gov/opendata/bulk/PET.zip#PET.EER_EPMRU_PF4_RGC_DPG.D,2026-07-29T21:38:03+00:00
2020-06-15,1.085,PET.EER_EPMRU_PF4_RGC_DPG.D,https://www.eia.gov/opendata/bulk/PET.zip#PET.EER_EPMRU_PF4_RGC_DPG.D,2026-07-29T21:38:03+00:00
2020-06-16,1.121,PET.EER_EPMRU_PF4_RGC_DPG.D,https://www.eia.gov/opendata/bulk/PET.zip#PET.EER_EPMRU_PF4_RGC_DPG.D,2026-07-29T21:38:03+00:00
2020-06-17,1.131,PET.EER_EPMRU_PF4_RGC_DPG.D,https://www.eia.gov/opendata/bulk/PET.zip#PET.EER_EPMRU_PF4_RGC_DPG.D,2026-07-29T21:38:03+00:00
2020-06-18,1.178,PET.EER_EPMRU_PF4_RGC_DPG.D,https://www.eia.gov/opendata/bulk/PET.zip#PET.EER_EPMRU_PF4_RGC_DPG.D,2026-07-29T21:38:03+00:00
2020-06-19,1.165,PET.EER_EPMRU_PF4_RGC_DPG.D,https://www.eia.gov/opendata/bulk/PET.zip#PET.EER_EPMRU_PF4_RGC_DPG.D,2026-07-29T21:38:03+00:00
2020-06-22,1.194,PET.EER_EPMRU_PF4_RGC_DPG.D,https://www.eia.gov/opendata/bulk/PET.zip#PET.EER_EPMRU_PF4_RGC_DPG.D,2026-07-29T21:38:03+00:00
2020-06-23,1.210,PET.EER_EPMRU_PF4_RGC_DPG.D,https://www.eia.gov/opendata/bulk/PET.zip#PET.EER_EPMRU_PF4_RGC_DPG.D,2026-07-29T21:38:03+00:00
2020-06-24,1.097,PET.EER_EPMRU_PF4_RGC_DPG.D,https://www.eia.gov/opendata/bulk/PET.zip#PET.EER_EPMRU_PF4_RGC_DPG.D,2026-07-29T21:38:03+00:00
2020-06-25,1.113,PET.EER_EPMRU_PF4_RGC_DPG.D,https://www.eia.gov/opendata/bulk/PET.zip#PET.EER_EPMRU_PF4_RGC_DPG.D,2026-07-29T21:38:03+00:00
2020-06-26,1.059,PET.EER_EPMRU_PF4_RGC_DPG.D,https://www.eia.gov/opendata/bulk/PET.zip#PET.EER_EPMRU_PF4_RGC_DPG.D,2026-07-29T21:38:03+00:00
2020-06-29,1.116,PET.EER_EPMRU_PF4_RGC_DPG.D,https://www.eia.gov/opendata/bulk/PET.zip#PET.EER_EPMRU_PF4_RGC_DPG.D,2026-07-29T21:38:03+00:00
2020-06-30,1.143,PET.EER_EPMRU_PF4_RGC_DPG.D,https://www.eia.gov/opendata/bulk/PET.zip#PET.EER_EPMRU_PF4_RGC_DPG.D,2026-07-29T21:38:03+00:00
2020-07-01,1.153,PET.EER_EPMRU_PF4_RGC_DPG.D,https://www.eia.gov/opendata/bulk/PET.zip#PET.EER_EPMRU_PF4_RGC_DPG.D,2026-07-29T21:38:03+00:00
2020-07-02,1.177,PET.EER_EPMRU_PF4_RGC_DPG.D,https://www.eia.gov/opendata/bulk/PET.zip#PET.EER_EPMRU_PF4_RGC_DPG.D,2026-07-29T21:38:03+00:00
2020-07-06,1.170,PET.EER_EPMRU_PF4_RGC_DPG.D,https://www.eia.gov/opendata/bulk/PET.zip#PET.EER_EPMRU_PF4_RGC_DPG.D,2026-07-29T21:38:03+00:00
2020-07-07,1.195,PET.EER_EPMRU_PF4_RGC_DPG.D,https://www.eia.gov/opendata/bulk/PET.zip#PET.EER_EPMRU_PF4_RGC_DPG.D,2026-07-29T21:38:03+00:00
2020-07-08,1.208,PET.EER_EPMRU_PF4_RGC_DPG.D,https://www.eia.gov/opendata/bulk/PET.zip#PET.EER_EPMRU_PF4_RGC_DPG.D,2026-07-29T21:38:03+00:00
2020-07-09,1.175,PET.EER_EPMRU_PF4_RGC_DPG.D,https://www.eia.gov/opendata/bulk/PET.zip#PET.EER_EPMRU_PF4_RGC_DPG.D,2026-07-29T21:38:03+00:00
2020-07-10,1.189,PET.EER_EPMRU_PF4_RGC_DPG.D,https://www.eia.gov/opendata/bulk/PET.zip#PET.EER_EPMRU_PF4_RGC_DPG.D,2026-07-29T21:38:03+00:00
2020-07-13,1.157,PET.EER_EPMRU_PF4_RGC_DPG.D,https://www.eia.gov/opendata/bulk/PET.zip#PET.EER_EPMRU_PF4_RGC_DPG.D,2026-07-29T21:38:03+00:00
2020-07-14,1.154,PET.EER_EPMRU_PF4_RGC_DPG.D,https://www.eia.gov/opendata/bulk/PET.zip#PET.EER_EPMRU_PF4_RGC_DPG.D,2026-07-29T21:38:03+00:00
2020-07-15,1.163,PET.EER_EPMRU_PF4_RGC_DPG.D,https://www.eia.gov/opendata/bulk/PET.zip#PET.EER_EPMRU_PF4_RGC_DPG.D,2026-07-29T21:38:03+00:00
2020-07-16,1.129,PET.EER_EPMRU_PF4_RGC_DPG.D,https://www.eia.gov/opendata/bulk/PET.zip#PET.EER_EPMRU_PF4_RGC_DPG.D,2026-07-29T21:38:03+00:00
2020-07-17,1.114,PET.EER_EPMRU_PF4_RGC_DPG.D,https://www.eia.gov/opendata/bulk/PET.zip#PET.EER_EPMRU_PF4_RGC_DPG.D,2026-07-29T21:38:03+00:00
2020-07-20,1.141,PET.EER_EPMRU_PF4_RGC_DPG.D,https://www.eia.gov/opendata/bulk/PET.zip#PET.EER_EPMRU_PF4_RGC_DPG.D,2026-07-29T21:38:03+00:00
2020-07-21,1.198,PET.EER_EPMRU_PF4_RGC_DPG.D,https://www.eia.gov/opendata/bulk/PET.zip#PET.EER_EPMRU_PF4_RGC_DPG.D,2026-07-29T21:38:03+00:00
2020-07-22,1.194,PET.EER_EPMRU_PF4_RGC_DPG.D,https://www.eia.gov/opendata/bulk/PET.zip#PET.EER_EPMRU_PF4_RGC_DPG.D,2026-07-29T21:38:03+00:00
2020-07-23,1.178,PET.EER_EPMRU_PF4_RGC_DPG.D,https://www.eia.gov/opendata/bulk/PET.zip#PET.EER_EPMRU_PF4_RGC_DPG.D,2026-07-29T21:38:03+00:00
2020-07-24,1.200,PET.EER_EPMRU_PF4_RGC_DPG.D,https://www.eia.gov/opendata/bulk/PET.zip#PET.EER_EPMRU_PF4_RGC_DPG.D,2026-07-29T21:38:03+00:00
2020-07-27,1.199,PET.EER_EPMRU_PF4_RGC_DPG.D,https://www.eia.gov/opendata/bulk/PET.zip#PET.EER_EPMRU_PF4_RGC_DPG.D,2026-07-29T21:38:03+00:00
2020-07-28,1.180,PET.EER_EPMRU_PF4_RGC_DPG.D,https://www.eia.gov/opendata/bulk/PET.zip#PET.EER_EPMRU_PF4_RGC_DPG.D,2026-07-29T21:38:03+00:00
2020-07-29,1.157,PET.EER_EPMRU_PF4_RGC_DPG.D,https://www.eia.gov/opendata/bulk/PET.zip#PET.EER_EPMRU_PF4_RGC_DPG.D,2026-07-29T21:38:03+00:00
2020-07-30,1.129,PET.EER_EPMRU_PF4_RGC_DPG.D,https://www.eia.gov/opendata/bulk/PET.zip#PET.EER_EPMRU_PF4_RGC_DPG.D,2026-07-29T21:38:03+00:00
2020-07-31,1.102,PET.EER_EPMRU_PF4_RGC_DPG.D,https://www.eia.gov/opendata/bulk/PET.zip#PET.EER_EPMRU_PF4_RGC_DPG.D,2026-07-29T21:38:03+00:00
2020-08-03,1.124,PET.EER_EPMRU_PF4_RGC_DPG.D,https://www.eia.gov/opendata/bulk/PET.zip#PET.EER_EPMRU_PF4_RGC_DPG.D,2026-07-29T21:38:03+00:00
2020-08-04,1.119,PET.EER_EPMRU_PF4_RGC_DPG.D,https://www.eia.gov/opendata/bulk/PET.zip#PET.EER_EPMRU_PF4_RGC_DPG.D,2026-07-29T21:38:03+00:00
2020-08-05,1.154,PET.EER_EPMRU_PF4_RGC_DPG.D,https://www.eia.gov/opendata/bulk/PET.zip#PET.EER_EPMRU_PF4_RGC_DPG.D,2026-07-29T21:38:03+00:00
2020-08-06,1.172,PET.EER_EPMRU_PF4_RGC_DPG.D,https://www.eia.gov/opendata/bulk/PET.zip#PET.EER_EPMRU_PF4_RGC_DPG.D,2026-07-29T21:38:03+00:00
2020-08-07,1.157,PET.EER_EPMRU_PF4_RGC_DPG.D,https://www.eia.gov/opendata/bulk/PET.zip#PET.EER_EPMRU_PF4_RGC_DPG.D,2026-07-29T21:38:03+00:00
2020-08-10,1.175,PET.EER_EPMRU_PF4_RGC_DPG.D,https://www.eia.gov/opendata/bulk/PET.zip#PET.EER_EPMRU_PF4_RGC_DPG.D,2026-07-29T21:38:03+00:00
2020-08-11,1.146,PET.EER_EPMRU_PF4_RGC_DPG.D,https://www.eia.gov/opendata/bulk/PET.zip#PET.EER_EPMRU_PF4_RGC_DPG.D,2026-07-29T21:38:03+00:00
2020-08-12,1.183,PET.EER_EPMRU_PF4_RGC_DPG.D,https://www.eia.gov/opendata/bulk/PET.zip#PET.EER_EPMRU_PF4_RGC_DPG.D,2026-07-29T21:38:03+00:00
2020-08-13,1.178,PET.EER_EPMRU_PF4_RGC_DPG.D,https://www.eia.gov/opendata/bulk/PET.zip#PET.EER_EPMRU_PF4_RGC_DPG.D,2026-07-29T21:38:03+00:00
2020-08-14,1.189,PET.EER_EPMRU_PF4_RGC_DPG.D,https://www.eia.gov/opendata/bulk/PET.zip#PET.EER_EPMRU_PF4_RGC_DPG.D,2026-07-29T21:38:03+00:00
2020-08-17,1.208,PET.EER_EPMRU_PF4_RGC_DPG.D,https://www.eia.gov/opendata/bulk/PET.zip#PET.EER_EPMRU_PF4_RGC_DPG.D,2026-07-29T21:38:03+00:00
2020-08-18,1.275,PET.EER_EPMRU_PF4_RGC_DPG.D,https://www.eia.gov/opendata/bulk/PET.zip#PET.EER_EPMRU_PF4_RGC_DPG.D,2026-07-29T21:38:03+00:00
2020-08-19,1.280,PET.EER_EPMRU_PF4_RGC_DPG.D,https://www.eia.gov/opendata/bulk/PET.zip#PET.EER_EPMRU_PF4_RGC_DPG.D,2026-07-29T21:38:03+00:00
2020-08-20,1.294,PET.EER_EPMRU_PF4_RGC_DPG.D,https://www.eia.gov/opendata/bulk/PET.zip#PET.EER_EPMRU_PF4_RGC_DPG.D,2026-07-29T21:38:03+00:00
2020-08-21,1.283,PET.EER_EPMRU_PF4_RGC_DPG.D,https://www.eia.gov/opendata/bulk/PET.zip#PET.EER_EPMRU_PF4_RGC_DPG.D,2026-07-29T21:38:03+00:00
2020-08-24,1.410,PET.EER_EPMRU_PF4_RGC_DPG.D,https://www.eia.gov/opendata/bulk/PET.zip#PET.EER_EPMRU_PF4_RGC_DPG.D,2026-07-29T21:38:03+00:00
2020-08-25,1.432,PET.EER_EPMRU_PF4_RGC_DPG.D,https://www.eia.gov/opendata/bulk/PET.zip#PET.EER_EPMRU_PF4_RGC_DPG.D,2026-07-29T21:38:03+00:00
2020-08-26,1.386,PET.EER_EPMRU_PF4_RGC_DPG.D,https://www.eia.gov/opendata/bulk/PET.zip#PET.EER_EPMRU_PF4_RGC_DPG.D,2026-07-29T21:38:03+00:00
2020-08-27,1.314,PET.EER_EPMRU_PF4_RGC_DPG.D,https://www.eia.gov/opendata/bulk/PET.zip#PET.EER_EPMRU_PF4_RGC_DPG.D,2026-07-29T21:38:03+00:00
2020-08-28,1.348,PET.EER_EPMRU_PF4_RGC_DPG.D,https://www.eia.gov/opendata/bulk/PET.zip#PET.EER_EPMRU_PF4_RGC_DPG.D,2026-07-29T21:38:03+00:00
2020-08-31,1.291,PET.EER_EPMRU_PF4_RGC_DPG.D,https://www.eia.gov/opendata/bulk/PET.zip#PET.EER_EPMRU_PF4_RGC_DPG.D,2026-07-29T21:38:03+00:00
2020-09-01,1.225,PET.EER_EPMRU_PF4_RGC_DPG.D,https://www.eia.gov/opendata/bulk/PET.zip#PET.EER_EPMRU_PF4_RGC_DPG.D,2026-07-29T21:38:03+00:00
2020-09-02,1.194,PET.EER_EPMRU_PF4_RGC_DPG.D,https://www.eia.gov/opendata/bulk/PET.zip#PET.EER_EPMRU_PF4_RGC_DPG.D,2026-07-29T21:38:03+00:00
2020-09-03,1.210,PET.EER_EPMRU_PF4_RGC_DPG.D,https://www.eia.gov/opendata/bulk/PET.zip#PET.EER_EPMRU_PF4_RGC_DPG.D,2026-07-29T21:38:03+00:00
2020-09-04,1.163,PET.EER_EPMRU_PF4_RGC_DPG.D,https://www.eia.gov/opendata/bulk/PET.zip#PET.EER_EPMRU_PF4_RGC_DPG.D,2026-07-29T21:38:03+00:00
2020-09-07,1.210,PET.EER_EPMRU_PF4_RGC_DPG.D,https://www.eia.gov/opendata/bulk/PET.zip#PET.EER_EPMRU_PF4_RGC_DPG.D,2026-07-29T21:38:03+00:00
2020-09-08,1.098,PET.EER_EPMRU_PF4_RGC_DPG.D,https://www.eia.gov/opendata/bulk/PET.zip#PET.EER_EPMRU_PF4_RGC_DPG.D,2026-07-29T21:38:03+00:00
2020-09-09,1.113,PET.EER_EPMRU_PF4_RGC_DPG.D,https://www.eia.gov/opendata/bulk/PET.zip#PET.EER_EPMRU_PF4_RGC_DPG.D,2026-07-29T21:38:03+00:00
2020-09-10,1.074,PET.EER_EPMRU_PF4_RGC_DPG.D,https://www.eia.gov/opendata/bulk/PET.zip#PET.EER_EPMRU_PF4_RGC_DPG.D,2026-07-29T21:38:03+00:00
2020-09-11,1.085,PET.EER_EPMRU_PF4_RGC_DPG.D,https://www.eia.gov/opendata/bulk/PET.zip#PET.EER_EPMRU_PF4_RGC_DPG.D,2026-07-29T21:38:03+00:00
2020-09-14,1.116,PET.EER_EPMRU_PF4_RGC_DPG.D,https://www.eia.gov/opendata/bulk/PET.zip#PET.EER_EPMRU_PF4_RGC_DPG.D,2026-07-29T21:38:03+00:00
2020-09-15,1.140,PET.EER_EPMRU_PF4_RGC_DPG.D,https://www.eia.gov/opendata/bulk/PET.zip#PET.EER_EPMRU_PF4_RGC_DPG.D,2026-07-29T21:38:03+00:00
2020-09-16,1.201,PET.EER_EPMRU_PF4_RGC_DPG.D,https://www.eia.gov/opendata/bulk/PET.zip#PET.EER_EPMRU_PF4_RGC_DPG.D,2026-07-29T21:38:03+00:00
2020-09-17,1.216,PET.EER_EPMRU_PF4_RGC_DPG.D,https://www.eia.gov/opendata/bulk/PET.zip#PET.EER_EPMRU_PF4_RGC_DPG.D,2026-07-29T21:38:03+00:00
2020-09-18,1.220,PET.EER_EPMRU_PF4_RGC_DPG.D,https://www.eia.gov/opendata/bulk/PET.zip#PET.EER_EPMRU_PF4_RGC_DPG.D,2026-07-29T21:38:03+00:00
2020-09-21,1.174,PET.EER_EPMRU_PF4_RGC_DPG.D,https://www.eia.gov/opendata/bulk/PET.zip#PET.EER_EPMRU_PF4_RGC_DPG.D,2026-07-29T21:38:03+00:00
2020-09-22,1.166,PET.EER_EPMRU_PF4_RGC_DPG.D,https://www.eia.gov/opendata/bulk/PET.zip#PET.EER_EPMRU_PF4_RGC_DPG.D,2026-07-29T21:38:03+00:00
2020-09-23,1.167,PET.EER_EPMRU_PF4_RGC_DPG.D,https://www.eia.gov/opendata/bulk/PET.zip#PET.EER_EPMRU_PF4_RGC_DPG.D,2026-07-29T21:38:03+00:00
2020-09-24,1.203,PET.EER_EPMRU_PF4_RGC_DPG.D,https://www.eia.gov/opendata/bulk/PET.zip#PET.EER_EPMRU_PF4_RGC_DPG.D,2026-07-29T21:38:03+00:00
2020-09-25,1.251,PET.EER_EPMRU_PF4_RGC_DPG.D,https://www.eia.gov/opendata/bulk/PET.zip#PET.EER_EPMRU_PF4_RGC_DPG.D,2026-07-29T21:38:03+00:00
2020-09-28,1.276,PET.EER_EPMRU_PF4_RGC_DPG.D,https://www.eia.gov/opendata/bulk/PET.zip#PET.EER_EPMRU_PF4_RGC_DPG.D,2026-07-29T21:38:03+00:00
2020-09-29,1.209,PET.EER_EPMRU_PF4_RGC_DPG.D,https://www.eia.gov/opendata/bulk/PET.zip#PET.EER_EPMRU_PF4_RGC_DPG.D,2026-07-29T21:38:03+00:00
2020-09-30,1.191,PET.EER_EPMRU_PF4_RGC_DPG.D,https://www.eia.gov/opendata/bulk/PET.zip#PET.EER_EPMRU_PF4_RGC_DPG.D,2026-07-29T21:38:03+00:00
2020-10-01,1.145,PET.EER_EPMRU_PF4_RGC_DPG.D,https://www.eia.gov/opendata/bulk/PET.zip#PET.EER_EPMRU_PF4_RGC_DPG.D,2026-07-29T21:38:03+00:00
2020-10-02,1.117,PET.EER_EPMRU_PF4_RGC_DPG.D,https://www.eia.gov/opendata/bulk/PET.zip#PET.EER_EPMRU_PF4_RGC_DPG.D,2026-07-29T21:38:03+00:00
2020-10-05,1.196,PET.EER_EPMRU_PF4_RGC_DPG.D,https://www.eia.gov/opendata/bulk/PET.zip#PET.EER_EPMRU_PF4_RGC_DPG.D,2026-07-29T21:38:03+00:00
2020-10-06,1.225,PET.EER_EPMRU_PF4_RGC_DPG.D,https://www.eia.gov/opendata/bulk/PET.zip#PET.EER_EPMRU_PF4_RGC_DPG.D,2026-07-29T21:38:03+00:00
2020-10-07,1.223,PET.EER_EPMRU_PF4_RGC_DPG.D,https://www.eia.gov/opendata/bulk/PET.zip#PET.EER_EPMRU_PF4_RGC_DPG.D,2026-07-29T21:38:03+00:00
2020-10-08,1.253,PET.EER_EPMRU_PF4_RGC_DPG.D,https://www.eia.gov/opendata/bulk/PET.zip#PET.EER_EPMRU_PF4_RGC_DPG.D,2026-07-29T21:38:03+00:00
2020-10-09,1.207,PET.EER_EPMRU_PF4_RGC_DPG.D,https://www.eia.gov/opendata/bulk/PET.zip#PET.EER_EPMRU_PF4_RGC_DPG.D,2026-07-29T21:38:03+00:00
2020-10-12,1.180,PET.EER_EPMRU_PF4_RGC_DPG.D,https://www.eia.gov/opendata/bulk/PET.zip#PET.EER_EPMRU_PF4_RGC_DPG.D,2026-07-29T21:38:03+00:00
2020-10-13,1.172,PET.EER_EPMRU_PF4_RGC_DPG.D,https://www.eia.gov/opendata/bulk/PET.zip#PET.EER_EPMRU_PF4_RGC_DPG.D,2026-07-29T21:38:03+00:00
2020-10-14,1.180,PET.EER_EPMRU_PF4_RGC_DPG.D,https://www.eia.gov/opendata/bulk/PET.zip#PET.EER_EPMRU_PF4_RGC_DPG.D,2026-07-29T21:38:03+00:00
2020-10-15,1.165,PET.EER_EPMRU_PF4_RGC_DPG.D,https://www.eia.gov/opendata/bulk/PET.zip#PET.EER_EPMRU_PF4_RGC_DPG.D,2026-07-29T21:38:03+00:00
2020-10-16,1.138,PET.EER_EPMRU_PF4_RGC_DPG.D,https://www.eia.gov/opendata/bulk/PET.zip#PET.EER_EPMRU_PF4_RGC_DPG.D,2026-07-29T21:38:03+00:00
2020-10-19,1.129,PET.EER_EPMRU_PF4_RGC_DPG.D,https://www.eia.gov/opendata/bulk/PET.zip#PET.EER_EPMRU_PF4_RGC_DPG.D,2026-07-29T21:38:03+00:00
2020-10-20,1.158,PET.EER_EPMRU_PF4_RGC_DPG.D,https://www.eia.gov/opendata/bulk/PET.zip#PET.EER_EPMRU_PF4_RGC_DPG.D,2026-07-29T21:38:03+00:00
2020-10-21,1.119,PET.EER_EPMRU_PF4_RGC_DPG.D,https://www.eia.gov/opendata/bulk/PET.zip#PET.EER_EPMRU_PF4_RGC_DPG.D,2026-07-29T21:38:03+00:00
2020-10-22,1.134,PET.EER_EPMRU_PF4_RGC_DPG.D,https://www.eia.gov/opendata/bulk/PET.zip#PET.EER_EPMRU_PF4_RGC_DPG.D,2026-07-29T21:38:03+00:00
2020-10-23,1.122,PET.EER_EPMRU_PF4_RGC_DPG.D,https://www.eia.gov/opendata/bulk/PET.zip#PET.EER_EPMRU_PF4_RGC_DPG.D,2026-07-29T21:38:03+00:00
2020-10-26,1.087,PET.EER_EPMRU_PF4_RGC_DPG.D,https://www.eia.gov/opendata/bulk/PET.zip#PET.EER_EPMRU_PF4_RGC_DPG.D,2026-07-29T21:38:03+00:00
2020-10-27,1.114,PET.EER_EPMRU_PF4_RGC_DPG.D,https://www.eia.gov/opendata/bulk/PET.zip#PET.EER_EPMRU_PF4_RGC_DPG.D,2026-07-29T21:38:03+00:00
2020-10-28,1.048,PET.EER_EPMRU_PF4_RGC_DPG.D,https://www.eia.gov/opendata/bulk/PET.zip#PET.EER_EPMRU_PF4_RGC_DPG.D,2026-07-29T21:38:03+00:00
2020-10-29,1.016,PET.EER_EPMRU_PF4_RGC_DPG.D,https://www.eia.gov/opendata/bulk/PET.zip#PET.EER_EPMRU_PF4_RGC_DPG.D,2026-07-29T21:38:03+00:00
2020-10-30,1.012,PET.EER_EPMRU_PF4_RGC_DPG.D,https://www.eia.gov/opendata/bulk/PET.zip#PET.EER_EPMRU_PF4_RGC_DPG.D,2026-07-29T21:38:03+00:00
2020-11-02,1.026,PET.EER_EPMRU_PF4_RGC_DPG.D,https://www.eia.gov/opendata/bulk/PET.zip#PET.EER_EPMRU_PF4_RGC_DPG.D,2026-07-29T21:38:03+00:00
2020-11-03,1.050,PET.EER_EPMRU_PF4_RGC_DPG.D,https://www.eia.gov/opendata/bulk/PET.zip#PET.EER_EPMRU_PF4_RGC_DPG.D,2026-07-29T21:38:03+00:00
2020-11-04,1.067,PET.EER_EPMRU_PF4_RGC_DPG.D,https://www.eia.gov/opendata/bulk/PET.zip#PET.EER_EPMRU_PF4_RGC_DPG.D,2026-07-29T21:38:03+00:00
2020-11-05,1.075,PET.EER_EPMRU_PF4_RGC_DPG.D,https://www.eia.gov/opendata/bulk/PET.zip#PET.EER_EPMRU_PF4_RGC_DPG.D,2026-07-29T21:38:03+00:00
2020-11-06,1.048,PET.EER_EPMRU_PF4_RGC_DPG.D,https://www.eia.gov/opendata/bulk/PET.zip#PET.EER_EPMRU_PF4_RGC_DPG.D,2026-07-29T21:38:03+00:00
2020-11-09,1.114,PET.EER_EPMRU_PF4_RGC_DPG.D,https://www.eia.gov/opendata/bulk/PET.zip#PET.EER_EPMRU_PF4_RGC_DPG.D,2026-07-29T21:38:03+00:00
2020-11-10,1.158,PET.EER_EPMRU_PF4_RGC_DPG.D,https://www.eia.gov/opendata/bulk/PET.zip#PET.EER_EPMRU_PF4_RGC_DPG.D,2026-07-29T21:38:03+00:00
2020-11-11,1.144,PET.EER_EPMRU_PF4_RGC_DPG.D,https://www.eia.gov/opendata/bulk/PET.zip#PET.EER_EPMRU_PF4_RGC_DPG.D,2026-07-29T21:38:03+00:00
2020-11-12,1.116,PET.EER_EPMRU_PF4_RGC_DPG.D,https://www.eia.gov/opendata/bulk/PET.zip#PET.EER_EPMRU_PF4_RGC_DPG.D,2026-07-29T21:38:03+00:00
2020-11-13,1.088,PET.EER_EPMRU_PF4_RGC_DPG.D,https://www.eia.gov/opendata/bulk/PET.zip#PET.EER_EPMRU_PF4_RGC_DPG.D,2026-07-29T21:38:03+00:00
2020-11-16,1.122,PET.EER_EPMRU_PF4_RGC_DPG.D,https://www.eia.gov/opendata/bulk/PET.zip#PET.EER_EPMRU_PF4_RGC_DPG.D,2026-07-29T21:38:03+00:00
2020-11-17,1.125,PET.EER_EPMRU_PF4_RGC_DPG.D,https://www.eia.gov/opendata/bulk/PET.zip#PET.EER_EPMRU_PF4_RGC_DPG.D,2026-07-29T21:38:03+00:00
2020-11-18,1.128,PET.EER_EPMRU_PF4_RGC_DPG.D,https://www.eia.gov/opendata/bulk/PET.zip#PET.EER_EPMRU_PF4_RGC_DPG.D,2026-07-29T21:38:03+00:00
2020-11-19,1.146,PET.EER_EPMRU_PF4_RGC_DPG.D,https://www.eia.gov/opendata/bulk/PET.zip#PET.EER_EPMRU_PF4_RGC_DPG.D,2026-07-29T21:38:03+00:00
2020-11-20,1.149,PET.EER_EPMRU_PF4_RGC_DPG.D,https://www.eia.gov/opendata/bulk/PET.zip#PET.EER_EPMRU_PF4_RGC_DPG.D,2026-07-29T21:38:03+00:00
2020-11-23,1.178,PET.EER_EPMRU_PF4_RGC_DPG.D,https://www.eia.gov/opendata/bulk/PET.zip#PET.EER_EPMRU_PF4_RGC_DPG.D,2026-07-29T21:38:03+00:00
2020-11-24,1.231,PET.EER_EPMRU_PF4_RGC_DPG.D,https://www.eia.gov/opendata/bulk/PET.zip#PET.EER_EPMRU_PF4_RGC_DPG.D,2026-07-29T21:38:03+00:00
2020-11-25,1.259,PET.EER_EPMRU_PF4_RGC_DPG.D,https://www.eia.gov/opendata/bulk/PET.zip#PET.EER_EPMRU_PF4_RGC_DPG.D,2026-07-29T21:38:03+00:00
2020-11-30,1.216,PET.EER_EPMRU_PF4_RGC_DPG.D,https://www.eia.gov/opendata/bulk/PET.zip#PET.EER_EPMRU_PF4_RGC_DPG.D,2026-07-29T21:38:03+00:00
2020-12-01,1.186,PET.EER_EPMRU_PF4_RGC_DPG.D,https://www.eia.gov/opendata/bulk/PET.zip#PET.EER_EPMRU_PF4_RGC_DPG.D,2026-07-29T21:38:03+00:00
2020-12-02,1.208,PET.EER_EPMRU_PF4_RGC_DPG.D,https://www.eia.gov/opendata/bulk/PET.zip#PET.EER_EPMRU_PF4_RGC_DPG.D,2026-07-29T21:38:03+00:00
2020-12-03,1.235,PET.EER_EPMRU_PF4_RGC_DPG.D,https://www.eia.gov/opendata/bulk/PET.zip#PET.EER_EPMRU_PF4_RGC_DPG.D,2026-07-29T21:38:03+00:00
2020-12-04,1.234,PET.EER_EPMRU_PF4_RGC_DPG.D,https://www.eia.gov/opendata/bulk/PET.zip#PET.EER_EPMRU_PF4_RGC_DPG.D,2026-07-29T21:38:03+00:00
2020-12-07,1.220,PET.EER_EPMRU_PF4_RGC_DPG.D,https://www.eia.gov/opendata/bulk/PET.zip#PET.EER_EPMRU_PF4_RGC_DPG.D,2026-07-29T21:38:03+00:00
2020-12-08,1.227,PET.EER_EPMRU_PF4_RGC_DPG.D,https://www.eia.gov/opendata/bulk/PET.zip#PET.EER_EPMRU_PF4_RGC_DPG.D,2026-07-29T21:38:03+00:00
2020-12-09,1.252,PET.EER_EPMRU_PF4_RGC_DPG.D,https://www.eia.gov/opendata/bulk/PET.zip#PET.EER_EPMRU_PF4_RGC_DPG.D,2026-07-29T21:38:03+00:00
2020-12-10,1.282,PET.EER_EPMRU_PF4_RGC_DPG.D,https://www.eia.gov/opendata/bulk/PET.zip#PET.EER_EPMRU_PF4_RGC_DPG.D,2026-07-29T21:38:03+00:00
2020-12-11,1.285,PET.EER_EPMRU_PF4_RGC_DPG.D,https://www.eia.gov/opendata/bulk/PET.zip#PET.EER_EPMRU_PF4_RGC_DPG.D,2026-07-29T21:38:03+00:00
2020-12-14,1.292,PET.EER_EPMRU_PF4_RGC_DPG.D,https://www.eia.gov/opendata/bulk/PET.zip#PET.EER_EPMRU_PF4_RGC_DPG.D,2026-07-29T21:38:03+00:00
2020-12-15,1.295,PET.EER_EPMRU_PF4_RGC_DPG.D,https://www.eia.gov/opendata/bulk/PET.zip#PET.EER_EPMRU_PF4_RGC_DPG.D,2026-07-29T21:38:03+00:00
2020-12-16,1.325,PET.EER_EPMRU_PF4_RGC_DPG.D,https://www.eia.gov/opendata/bulk/PET.zip#PET.EER_EPMRU_PF4_RGC_DPG.D,2026-07-29T21:38:03+00:00
2020-12-17,1.362,PET.EER_EPMRU_PF4_RGC_DPG.D,https://www.eia.gov/opendata/bulk/PET.zip#PET.EER_EPMRU_PF4_RGC_DPG.D,2026-07-29T21:38:03+00:00
2020-12-18,1.367,PET.EER_EPMRU_PF4_RGC_DPG.D,https://www.eia.gov/opendata/bulk/PET.zip#PET.EER_EPMRU_PF4_RGC_DPG.D,2026-07-29T21:38:03+00:00
2020-12-21,1.324,PET.EER_EPMRU_PF4_RGC_DPG.D,https://www.eia.gov/opendata/bulk/PET.zip#PET.EER_EPMRU_PF4_RGC_DPG.D,2026-07-29T21:38:03+00:00
2020-12-22,1.307,PET.EER_EPMRU_PF4_RGC_DPG.D,https://www.eia.gov/opendata/bulk/PET.zip#PET.EER_EPMRU_PF4_RGC_DPG.D,2026-07-29T21:38:03+00:00
2020-12-23,1.350,PET.EER_EPMRU_PF4_RGC_DPG.D,https://www.eia.gov/opendata/bulk/PET.zip#PET.EER_EPMRU_PF4_RGC_DPG.D,2026-07-29T21:38:03+00:00
2020-12-24,1.348,PET.EER_EPMRU_PF4_RGC_DPG.D,https://www.eia.gov/opendata/bulk/PET.zip#PET.EER_EPMRU_PF4_RGC_DPG.D,2026-07-29T21:38:03+00:00
2020-12-28,1.341,PET.EER_EPMRU_PF4_RGC_DPG.D,https://www.eia.gov/opendata/bulk/PET.zip#PET.EER_EPMRU_PF4_RGC_DPG.D,2026-07-29T21:38:03+00:00
2020-12-29,1.362,PET.EER_EPMRU_PF4_RGC_DPG.D,https://www.eia.gov/opendata/bulk/PET.zip#PET.EER_EPMRU_PF4_RGC_DPG.D,2026-07-29T21:38:03+00:00
2020-12-30,1.383,PET.EER_EPMRU_PF4_RGC_DPG.D,https://www.eia.gov/opendata/bulk/PET.zip#PET.EER_EPMRU_PF4_RGC_DPG.D,2026-07-29T21:38:03+00:00
2020-12-31,1.366,PET.EER_EPMRU_PF4_RGC_DPG.D,https://www.eia.gov/opendata/bulk/PET.zip#PET.EER_EPMRU_PF4_RGC_DPG.D,2026-07-29T21:38:03+00:00
2021-01-04,1.337,PET.EER_EPMRU_PF4_RGC_DPG.D,https://www.eia.gov/opendata/bulk/PET.zip#PET.EER_EPMRU_PF4_RGC_DPG.D,2026-07-29T21:38:03+00:00
2021-01-05,1.423,PET.EER_EPMRU_PF4_RGC_DPG.D,https://www.eia.gov/opendata/bulk/PET.zip#PET.EER_EPMRU_PF4_RGC_DPG.D,2026-07-29T21:38:03+00:00
2021-01-06,1.436,PET.EER_EPMRU_PF4_RGC_DPG.D,https://www.eia.gov/opendata/bulk/PET.zip#PET.EER_EPMRU_PF4_RGC_DPG.D,2026-07-29T21:38:03+00:00
2021-01-07,1.455,PET.EER_EPMRU_PF4_RGC_DPG.D,https://www.eia.gov/opendata/bulk/PET.zip#PET.EER_EPMRU_PF4_RGC_DPG.D,2026-07-29T21:38:03+00:00
2021-01-08,1.519,PET.EER_EPMRU_PF4_RGC_DPG.D,https://www.eia.gov/opendata/bulk/PET.zip#PET.EER_EPMRU_PF4_RGC_DPG.D,2026-07-29T21:38:03+00:00
2021-01-11,1.506,PET.EER_EPMRU_PF4_RGC_DPG.D,https://www.eia.gov/opendata/bulk/PET.zip#PET.EER_EPMRU_PF4_RGC_DPG.D,2026-07-29T21:38:03+00:00
2021-01-12,1.533,PET.EER_EPMRU_PF4_RGC_DPG.D,https://www.eia.gov/opendata/bulk/PET.zip#PET.EER_EPMRU_PF4_RGC_DPG.D,2026-07-29T21:38:03+00:00
2021-01-13,1.525,PET.EER_EPMRU_PF4_RGC_DPG.D,https://www.eia.gov/opendata/bulk/PET.zip#PET.EER_EPMRU_PF4_RGC_DPG.D,2026-07-29T21:38:03+00:00
2021-01-14,1.533,PET.EER_EPMRU_PF4_RGC_DPG.D,https://www.eia.gov/opendata/bulk/PET.zip#PET.EER_EPMRU_PF4_RGC_DPG.D,2026-07-29T21:38:03+00:00
2021-01-15,1.494,PET.EER_EPMRU_PF4_RGC_DPG.D,https://www.eia.gov/opendata/bulk/PET.zip#PET.EER_EPMRU_PF4_RGC_DPG.D,2026-07-29T21:38:03+00:00
2021-01-19,1.507,PET.EER_EPMRU_PF4_RGC_DPG.D,https://www.eia.gov/opendata/bulk/PET.zip#PET.EER_EPMRU_PF4_RGC_DPG.D,2026-07-29T21:38:03+00:00
2021-01-20,1.506,PET.EER_EPMRU_PF4_RGC_DPG.D,https://www.eia.gov/opendata/bulk/PET.zip#PET.EER_EPMRU_PF4_RGC_DPG.D,2026-07-29T21:38:03+00:00
2021-01-21,1.515,PET.EER_EPMRU_PF4_RGC_DPG.D,https://www.eia.gov/opendata/bulk/PET.zip#PET.EER_EPMRU_PF4_RGC_DPG.D,2026-07-29T21:38:03+00:00
2021-01-22,1.518,PET.EER_EPMRU_PF4_RGC_DPG.D,https://www.eia.gov/opendata/bulk/PET.zip#PET.EER_EPMRU_PF4_RGC_DPG.D,2026-07-29T21:38:03+00:00
2021-01-25,1.538,PET.EER_EPMRU_PF4_RGC_DPG.D,https://www.eia.gov/opendata/bulk/PET.zip#PET.EER_EPMRU_PF4_RGC_DPG.D,2026-07-29T21:38:03+00:00
2021-01-26,1.549,PET.EER_EPMRU_PF4_RGC_DPG.D,https://www.eia.gov/opendata/bulk/PET.zip#PET.EER_EPMRU_PF4_RGC_DPG.D,2026-07-29T21:38:03+00:00
2021-01-27,1.539,PET.EER_EPMRU_PF4_RGC_DPG.D,https://www.eia.gov/opendata/bulk/PET.zip#PET.EER_EPMRU_PF4_RGC_DPG.D,2026-07-29T21:38:03+00:00
2021-01-28,1.551,PET.EER_EPMRU_PF4_RGC_DPG.D,https://www.eia.gov/opendata/bulk/PET.zip#PET.EER_EPMRU_PF4_RGC_DPG.D,2026-07-29T21:38:03+00:00
2021-01-29,1.515,PET.EER_EPMRU_PF4_RGC_DPG.D,https://www.eia.gov/opendata/bulk/PET.zip#PET.EER_EPMRU_PF4_RGC_DPG.D,2026-07-29T21:38:03+00:00
2021-02-01,1.562,PET.EER_EPMRU_PF4_RGC_DPG.D,https://www.eia.gov/opendata/bulk/PET.zip#PET.EER_EPMRU_PF4_RGC_DPG.D,2026-07-29T21:38:03+00:00
2021-02-02,1.592,PET.EER_EPMRU_PF4_RGC_DPG.D,https://www.eia.gov/opendata/bulk/PET.zip#PET.EER_EPMRU_PF4_RGC_DPG.D,2026-07-29T21:38:03+00:00
2021-02-03,1.620,PET.EER_EPMRU_PF4_RGC_DPG.D,https://www.eia.gov/opendata/bulk/PET.zip#PET.EER_EPMRU_PF4_RGC_DPG.D,2026-07-29T21:38:03+00:00
2021-02-04,1.617,PET.EER_EPMRU_PF4_RGC_DPG.D,https://www.eia.gov/opendata/bulk/PET.zip#PET.EER_EPMRU_PF4_RGC_DPG.D,2026-07-29T21:38:03+00:00
2021-02-05,1.617,PET.EER_EPMRU_PF4_RGC_DPG.D,https://www.eia.gov/opendata/bulk/PET.zip#PET.EER_EPMRU_PF4_RGC_DPG.D,2026-07-29T21:38:03+00:00
2021-02-08,1.644,PET.EER_EPMRU_PF4_RGC_DPG.D,https://www.eia.gov/opendata/bulk/PET.zip#PET.EER_EPMRU_PF4_RGC_DPG.D,2026-07-29T21:38:03+00:00
2021-02-09,1.633,PET.EER_EPMRU_PF4_RGC_DPG.D,https://www.eia.gov/opendata/bulk/PET.zip#PET.EER_EPMRU_PF4_RGC_DPG.D,2026-07-29T21:38:03+00:00
2021-02-10,1.598,PET.EER_EPMRU_PF4_RGC_DPG.D,https://www.eia.gov/opendata/bulk/PET.zip#PET.EER_EPMRU_PF4_RGC_DPG.D,2026-07-29T21:38:03+00:00
2021-02-11,1.605,PET.EER_EPMRU_PF4_RGC_DPG.D,https://www.eia.gov/opendata/bulk/PET.zip#PET.EER_EPMRU_PF4_RGC_DPG.D,2026-07-29T21:38:03+00:00
2021-02-12,1.655,PET.EER_EPMRU_PF4_RGC_DPG.D,https://www.eia.gov/opendata/bulk/PET.zip#PET.EER_EPMRU_PF4_RGC_DPG.D,2026-07-29T21:38:03+00:00
2021-02-16,1.750,PET.EER_EPMRU_PF4_RGC_DPG.D,https://www.eia.gov/opendata/bulk/PET.zip#PET.EER_EPMRU_PF4_RGC_DPG.D,2026-07-29T21:38:03+00:00
2021-02-17,1.729,PET.EER_EPMRU_PF4_RGC_DPG.D,https://www.eia.gov/opendata/bulk/PET.zip#PET.EER_EPMRU_PF4_RGC_DPG.D,2026-07-29T21:38:03+00:00
2021-02-18,1.693,PET.EER_EPMRU_PF4_RGC_DPG.D,https://www.eia.gov/opendata/bulk/PET.zip#PET.EER_EPMRU_PF4_RGC_DPG.D,2026-07-29T21:38:03+00:00
2021-02-19,1.731,PET.EER_EPMRU_PF4_RGC_DPG.D,https://www.eia.gov/opendata/bulk/PET.zip#PET.EER_EPMRU_PF4_RGC_DPG.D,2026-07-29T21:38:03+00:00
2021-02-22,1.787,PET.EER_EPMRU_PF4_RGC_DPG.D,https://www.eia.gov/opendata/bulk/PET.zip#PET.EER_EPMRU_PF4_RGC_DPG.D,2026-07-29T21:38:03+00:00
2021-02-23,1.795,PET.EER_EPMRU_PF4_RGC_DPG.D,https://www.eia.gov/opendata/bulk/PET.zip#PET.EER_EPMRU_PF4_RGC_DPG.D,2026-07-29T21:38:03+00:00
2021-02-24,1.819,PET.EER_EPMRU_PF4_RGC_DPG.D,https://www.eia.gov/opendata/bulk/PET.zip#PET.EER_EPMRU_PF4_RGC_DPG.D,2026-07-29T21:38:03+00:00
2021-02-25,1.800,PET.EER_EPMRU_PF4_RGC_DPG.D,https://www.eia.gov/opendata/bulk/PET.zip#PET.EER_EPMRU_PF4_RGC_DPG.D,2026-07-29T21:38:03+00:00
2021-02-26,1.795,PET.EER_EPMRU_PF4_RGC_DPG.D,https://www.eia.gov/opendata/bulk/PET.zip#PET.EER_EPMRU_PF4_RGC_DPG.D,2026-07-29T21:38:03+00:00
2021-03-01,1.874,PET.EER_EPMRU_PF4_RGC_DPG.D,https://www.eia.gov/opendata/bulk/PET.zip#PET.EER_EPMRU_PF4_RGC_DPG.D,2026-07-29T21:38:03+00:00
2021-03-02,1.885,PET.EER_EPMRU_PF4_RGC_DPG.D,https://www.eia.gov/opendata/bulk/PET.zip#PET.EER_EPMRU_PF4_RGC_DPG.D,2026-07-29T21:38:03+00:00
2021-03-03,1.895,PET.EER_EPMRU_PF4_RGC_DPG.D,https://www.eia.gov/opendata/bulk/PET.zip#PET.EER_EPMRU_PF4_RGC_DPG.D,2026-07-29T21:38:03+00:00
2021-03-04,1.954,PET.EER_EPMRU_PF4_RGC_DPG.D,https://www.eia.gov/opendata/bulk/PET.zip#PET.EER_EPMRU_PF4_RGC_DPG.D,2026-07-29T21:38:03+00:00
2021-03-05,1.990,PET.EER_EPMRU_PF4_RGC_DPG.D,https://www.eia.gov/opendata/bulk/PET.zip#PET.EER_EPMRU_PF4_RGC_DPG.D,2026-07-29T21:38:03+00:00
2021-03-08,1.948,PET.EER_EPMRU_PF4_RGC_DPG.D,https://www.eia.gov/opendata/bulk/PET.zip#PET.EER_EPMRU_PF4_RGC_DPG.D,2026-07-29T21:38:03+00:00
2021-03-09,1.945,PET.EER_EPMRU_PF4_RGC_DPG.D,https://www.eia.gov/opendata/bulk/PET.zip#PET.EER_EPMRU_PF4_RGC_DPG.D,2026-07-29T21:38:03+00:00
2021-03-10,1.992,PET.EER_EPMRU_PF4_RGC_DPG.D,https://www.eia.gov/opendata/bulk/PET.zip#PET.EER_EPMRU_PF4_RGC_DPG.D,2026-07-29T21:38:03+00:00
2021-03-11,2.111,PET.EER_EPMRU_PF4_RGC_DPG.D,https://www.eia.gov/opendata/bulk/PET.zip#PET.EER_EPMRU_PF4_RGC_DPG.D,2026-07-29T21:38:03+00:00
2021-03-12,2.111,PET.EER_EPMRU_PF4_RGC_DPG.D,https://www.eia.gov/opendata/bulk/PET.zip#PET.EER_EPMRU_PF4_RGC_DPG.D,2026-07-29T21:38:03+00:00
2021-03-15,2.061,PET.EER_EPMRU_PF4_RGC_DPG.D,https://www.eia.gov/opendata/bulk/PET.zip#PET.EER_EPMRU_PF4_RGC_DPG.D,2026-07-29T21:38:03+00:00
2021-03-16,2.040,PET.EER_EPMRU_PF4_RGC_DPG.D,https://www.eia.gov/opendata/bulk/PET.zip#PET.EER_EPMRU_PF4_RGC_DPG.D,2026-07-29T21:38:03+00:00
2021-03-17,1.982,PET.EER_EPMRU_PF4_RGC_DPG.D,https://www.eia.gov/opendata/bulk/PET.zip#PET.EER_EPMRU_PF4_RGC_DPG.D,2026-07-29T21:38:03+00:00
2021-03-18,1.858,PET.EER_EPMRU_PF4_RGC_DPG.D,https://www.eia.gov/opendata/bulk/PET.zip#PET.EER_EPMRU_PF4_RGC_DPG.D,2026-07-29T21:38:03+00:00
2021-03-19,1.895,PET.EER_EPMRU_PF4_RGC_DPG.D,https://www.eia.gov/opendata/bulk/PET.zip#PET.EER_EPMRU_PF4_RGC_DPG.D,2026-07-29T21:38:03+00:00
2021-03-22,1.900,PET.EER_EPMRU_PF4_RGC_DPG.D,https://www.eia.gov/opendata/bulk/PET.zip#PET.EER_EPMRU_PF4_RGC_DPG.D,2026-07-29T21:38:03+00:00
2021-03-23,1.820,PET.EER_EPMRU_PF4_RGC_DPG.D,https://www.eia.gov/opendata/bulk/PET.zip#PET.EER_EPMRU_PF4_RGC_DPG.D,2026-07-29T21:38:03+00:00
2021-03-24,1.921,PET.EER_EPMRU_PF4_RGC_DPG.D,https://www.eia.gov/opendata/bulk/PET.zip#PET.EER_EPMRU_PF4_RGC_DPG.D,2026-07-29T21:38:03+00:00
2021-03-25,1.858,PET.EER_EPMRU_PF4_RGC_DPG.D,https://www.eia.gov/opendata/bulk/PET.zip#PET.EER_EPMRU_PF4_RGC_DPG.D,2026-07-29T21:38:03+00:00
2021-03-26,1.903,PET.EER_EPMRU_PF4_RGC_DPG.D,https://www.eia.gov/opendata/bulk/PET.zip#PET.EER_EPMRU_PF4_RGC_DPG.D,2026-07-29T21:38:03+00:00
2021-03-29,1.938,PET.EER_EPMRU_PF4_RGC_DPG.D,https://www.eia.gov/opendata/bulk/PET.zip#PET.EER_EPMRU_PF4_RGC_DPG.D,2026-07-29T21:38:03+00:00
2021-03-30,1.938,PET.EER_EPMRU_PF4_RGC_DPG.D,https://www.eia.gov/opendata/bulk/PET.zip#PET.EER_EPMRU_PF4_RGC_DPG.D,2026-07-29T21:38:03+00:00
2021-03-31,1.906,PET.EER_EPMRU_PF4_RGC_DPG.D,https://www.eia.gov/opendata/bulk/PET.zip#PET.EER_EPMRU_PF4_RGC_DPG.D,2026-07-29T21:38:03+00:00
2021-04-01,1.964,PET.EER_EPMRU_PF4_RGC_DPG.D,https://www.eia.gov/opendata/bulk/PET.zip#PET.EER_EPMRU_PF4_RGC_DPG.D,2026-07-29T21:38:03+00:00
2021-04-05,1.922,PET.EER_EPMRU_PF4_RGC_DPG.D,https://www.eia.gov/opendata/bulk/PET.zip#PET.EER_EPMRU_PF4_RGC_DPG.D,2026-07-29T21:38:03+00:00
2021-04-06,1.931,PET.EER_EPMRU_PF4_RGC_DPG.D,https://www.eia.gov/opendata/bulk/PET.zip#PET.EER_EPMRU_PF4_RGC_DPG.D,2026-07-29T21:38:03+00:00
2021-04-07,1.908,PET.EER_EPMRU_PF4_RGC_DPG.D,https://www.eia.gov/opendata/bulk/PET.zip#PET.EER_EPMRU_PF4_RGC_DPG.D,2026-07-29T21:38:03+00:00
2021-04-08,1.920,PET.EER_EPMRU_PF4_RGC_DPG.D,https://www.eia.gov/opendata/bulk/PET.zip#PET.EER_EPMRU_PF4_RGC_DPG.D,2026-07-29T21:38:03+00:00
2021-04-09,1.936,PET.EER_EPMRU_PF4_RGC_DPG.D,https://www.eia.gov/opendata/bulk/PET.zip#PET.EER_EPMRU_PF4_RGC_DPG.D,2026-07-29T21:38:03+00:00
2021-04-12,1.935,PET.EER_EPMRU_PF4_RGC_DPG.D,https://www.eia.gov/opendata/bulk/PET.zip#PET.EER_EPMRU_PF4_RGC_DPG.D,2026-07-29T21:38:03+00:00
2021-04-13,1.940,PET.EER_EPMRU_PF4_RGC_DPG.D,https://www.eia.gov/opendata/bulk/PET.zip#PET.EER_EPMRU_PF4_RGC_DPG.D,2026-07-29T21:38:03+00:00
2021-04-14,1.988,PET.EER_EPMRU_PF4_RGC_DPG.D,https://www.eia.gov/opendata/bulk/PET.zip#PET.EER_EPMRU_PF4_RGC_DPG.D,2026-07-29T21:38:03+00:00
2021-04-15,2.010,PET.EER_EPMRU_PF4_RGC_DPG.D,https://www.eia.gov/opendata/bulk/PET.zip#PET.EER_EPMRU_PF4_RGC_DPG.D,2026-07-29T21:38:03+00:00
2021-04-16,1.972,PET.EER_EPMRU_PF4_RGC_DPG.D,https://www.eia.gov/opendata/bulk/PET.zip#PET.EER_EPMRU_PF4_RGC_DPG.D,2026-07-29T21:38:03+00:00
2021-04-19,1.980,PET.EER_EPMRU_PF4_RGC_DPG.D,https://www.eia.gov/opendata/bulk/PET.zip#PET.EER_EPMRU_PF4_RGC_DPG.D,2026-07-29T21:38:03+00:00
2021-04-20,1.951,PET.EER_EPMRU_PF4_RGC_DPG.D,https://www.eia.gov/opendata/bulk/PET.zip#PET.EER_EPMRU_PF4_RGC_DPG.D,2026-07-29T21:38:03+00:00
2021-04-21,1.911,PET.EER_EPMRU_PF4_RGC_DPG.D,https://www.eia.gov/opendata/bulk/PET.zip#PET.EER_EPMRU_PF4_RGC_DPG.D,2026-07-29T21:38:03+00:00
2021-04-22,1.946,PET.EER_EPMRU_PF4_RGC_DPG.D,https://www.eia.gov/opendata/bulk/PET.zip#PET.EER_EPMRU_PF4_RGC_DPG.D,2026-07-29T21:38:03+00:00
2021-04-23,1.945,PET.EER_EPMRU_PF4_RGC_DPG.D,https://www.eia.gov/opendata/bulk/PET.zip#PET.EER_EPMRU_PF4_RGC_DPG.D,2026-07-29T21:38:03+00:00
2021-04-26,1.926,PET.EER_EPMRU_PF4_RGC_DPG.D,https://www.eia.gov/opendata/bulk/PET.zip#PET.EER_EPMRU_PF4_RGC_DPG.D,2026-07-29T21:38:03+00:00
2021-04-27,1.975,PET.EER_EPMRU_PF4_RGC_DPG.D,https://www.eia.gov/opendata/bulk/PET.zip#PET.EER_EPMRU_PF4_RGC_DPG.D,2026-07-29T21:38:03+00:00
2021-04-28,2.016,PET.EER_EPMRU_PF4_RGC_DPG.D,https://www.eia.gov/opendata/bulk/PET.zip#PET.EER_EPMRU_PF4_RGC_DPG.D,2026-07-29T21:38:03+00:00
2021-04-29,2.041,PET.EER_EPMRU_PF4_RGC_DPG.D,https://www.eia.gov/opendata/bulk/PET.zip#PET.EER_EPMRU_PF4_RGC_DPG.D,2026-07-29T21:38:03+00:00
2021-04-30,2.005,PET.EER_EPMRU_PF4_RGC_DPG.D,https://www.eia.gov/opendata/bulk/PET.zip#PET.EER_EPMRU_PF4_RGC_DPG.D,2026-07-29T21:38:03+00:00
2021-05-03,2.040,PET.EER_EPMRU_PF4_RGC_DPG.D,https://www.eia.gov/opendata/bulk/PET.zip#PET.EER_EPMRU_PF4_RGC_DPG.D,2026-07-29T21:38:03+00:00
2021-05-04,2.072,PET.EER_EPMRU_PF4_RGC_DPG.D,https://www.eia.gov/opendata/bulk/PET.zip#PET.EER_EPMRU_PF4_RGC_DPG.D,2026-07-29T21:38:03+00:00
2021-05-05,2.050,PET.EER_EPMRU_PF4_RGC_DPG.D,https://www.eia.gov/opendata/bulk/PET.zip#PET.EER_EPMRU_PF4_RGC_DPG.D,2026-07-29T21:38:03+00:00
2021-05-06,2.024,PET.EER_EPMRU_PF4_RGC_DPG.D,https://www.eia.gov/opendata/bulk/PET.zip#PET.EER_EPMRU_PF4_RGC_DPG.D,2026-07-29T21:38:03+00:00
2021-05-07,2.056,PET.EER_EPMRU_PF4_RGC_DPG.D,https://www.eia.gov/opendata/bulk/PET.zip#PET.EER_EPMRU_PF4_RGC_DPG.D,2026-07-29T21:38:03+00:00
2021-05-10,2.063,PET.EER_EPMRU_PF4_RGC_DPG.D,https://www.eia.gov/opendata/bulk/PET.zip#PET.EER_EPMRU_PF4_RGC_DPG.D,2026-07-29T21:38:03+00:00
2021-05-11,2.060,PET.EER_EPMRU_PF4_RGC_DPG.D,https://www.eia.gov/opendata/bulk/PET.zip#PET.EER_EPMRU_PF4_RGC_DPG.D,2026-07-29T21:38:03+00:00
2021-05-12,2.084,PET.EER_EPMRU_PF4_RGC_DPG.D,https://www.eia.gov/opendata/bulk/PET.zip#PET.EER_EPMRU_PF4_RGC_DPG.D,2026-07-29T21:38:03+00:00
2021-05-13,2.011,PET.EER_EPMRU_PF4_RGC_DPG.D,https://www.eia.gov/opendata/bulk/PET.zip#PET.EER_EPMRU_PF4_RGC_DPG.D,2026-07-29T21:38:03+00:00
2021-05-14,2.049,PET.EER_EPMRU_PF4_RGC_DPG.D,https://www.eia.gov/opendata/bulk/PET.zip#PET.EER_EPMRU_PF4_RGC_DPG.D,2026-07-29T21:38:03+00:00
2021-05-17,2.085,PET.EER_EPMRU_PF4_RGC_DPG.D,https://www.eia.gov/opendata/bulk/PET.zip#PET.EER_EPMRU_PF4_RGC_DPG.D,2026-07-29T21:38:03+00:00
2021-05-18,2.073,PET.EER_EPMRU_PF4_RGC_DPG.D,https://www.eia.gov/opendata/bulk/PET.zip#PET.EER_EPMRU_PF4_RGC_DPG.D,2026-07-29T21:38:03+00:00
2021-05-19,2.017,PET.EER_EPMRU_PF4_RGC_DPG.D,https://www.eia.gov/opendata/bulk/PET.zip#PET.EER_EPMRU_PF4_RGC_DPG.D,2026-07-29T21:38:03+00:00
2021-05-20,1.941,PET.EER_EPMRU_PF4_RGC_DPG.D,https://www.eia.gov/opendata/bulk/PET.zip#PET.EER_EPMRU_PF4_RGC_DPG.D,2026-07-29T21:38:03+00:00
2021-05-21,1.973,PET.EER_EPMRU_PF4_RGC_DPG.D,https://www.eia.gov/opendata/bulk/PET.zip#PET.EER_EPMRU_PF4_RGC_DPG.D,2026-07-29T21:38:03+00:00
2021-05-24,2.020,PET.EER_EPMRU_PF4_RGC_DPG.D,https://www.eia.gov/opendata/bulk/PET.zip#PET.EER_EPMRU_PF4_RGC_DPG.D,2026-07-29T21:38:03+00:00
2021-05-25,2.012,PET.EER_EPMRU_PF4_RGC_DPG.D,https://www.eia.gov/opendata/bulk/PET.zip#PET.EER_EPMRU_PF4_RGC_DPG.D,2026-07-29T21:38:03+00:00
2021-05-26,2.044,PET.EER_EPMRU_PF4_RGC_DPG.D,https://www.eia.gov/opendata/bulk/PET.zip#PET.EER_EPMRU_PF4_RGC_DPG.D,2026-07-29T21:38:03+00:00
2021-05-27,2.047,PET.EER_EPMRU_PF4_RGC_DPG.D,https://www.eia.gov/opendata/bulk/PET.zip#PET.EER_EPMRU_PF4_RGC_DPG.D,2026-07-29T21:38:03+00:00
2021-05-28,2.035,PET.EER_EPMRU_PF4_RGC_DPG.D,https://www.eia.gov/opendata/bulk/PET.zip#PET.EER_EPMRU_PF4_RGC_DPG.D,2026-07-29T21:38:03+00:00
2021-06-01,2.070,PET.EER_EPMRU_PF4_RGC_DPG.D,https://www.eia.gov/opendata/bulk/PET.zip#PET.EER_EPMRU_PF4_RGC_DPG.D,2026-07-29T21:38:03+00:00
2021-06-02,2.093,PET.EER_EPMRU_PF4_RGC_DPG.D,https://www.eia.gov/opendata/bulk/PET.zip#PET.EER_EPMRU_PF4_RGC_DPG.D,2026-07-29T21:38:03+00:00
2021-06-03,2.101,PET.EER_EPMRU_PF4_RGC_DPG.D,https://www.eia.gov/opendata/bulk/PET.zip#PET.EER_EPMRU_PF4_RGC_DPG.D,2026-07-29T21:38:03+00:00
2021-06-04,2.104,PET.EER_EPMRU_PF4_RGC_DPG.D,https://www.eia.gov/opendata/bulk/PET.zip#PET.EER_EPMRU_PF4_RGC_DPG.D,2026-07-29T21:38:03+00:00
2021-06-07,2.095,PET.EER_EPMRU_PF4_RGC_DPG.D,https://www.eia.gov/opendata/bulk/PET.zip#PET.EER_EPMRU_PF4_RGC_DPG.D,2026-07-29T21:38:03+00:00
2021-06-08,2.121,PET.EER_EPMRU_PF4_RGC_DPG.D,https://www.eia.gov/opendata/bulk/PET.zip#PET.EER_EPMRU_PF4_RGC_DPG.D,2026-07-29T21:38:03+00:00
2021-06-09,2.117,PET.EER_EPMRU_PF4_RGC_DPG.D,https://www.eia.gov/opendata/bulk/PET.zip#PET.EER_EPMRU_PF4_RGC_DPG.D,2026-07-29T21:38:03+00:00
2021-06-10,2.129,PET.EER_EPMRU_PF4_RGC_DPG.D,https://www.eia.gov/opendata/bulk/PET.zip#PET.EER_EPMRU_PF4_RGC_DPG.D,2026-07-29T21:38:03+00:00
2021-06-11,2.106,PET.EER_EPMRU_PF4_RGC_DPG.D,https://www.eia.gov/opendata/bulk/PET.zip#PET.EER_EPMRU_PF4_RGC_DPG.D,2026-07-29T21:38:03+00:00
2021-06-14,2.101,PET.EER_EPMRU_PF4_RGC_DPG.D,https://www.eia.gov/opendata/bulk/PET.zip#PET.EER_EPMRU_PF4_RGC_DPG.D,2026-07-29T21:38:03+00:00
2021-06-15,2.090,PET.EER_EPMRU_PF4_RGC_DPG.D,https://www.eia.gov/opendata/bulk/PET.zip#PET.EER_EPMRU_PF4_RGC_DPG.D,2026-07-29T21:38:03+00:00
2021-06-16,2.060,PET.EER_EPMRU_PF4_RGC_DPG.D,https://www.eia.gov/opendata/bulk/PET.zip#PET.EER_EPMRU_PF4_RGC_DPG.D,2026-07-29T21:38:03+00:00
2021-06-17,2.046,PET.EER_EPMRU_PF4_RGC_DPG.D,https://www.eia.gov/opendata/bulk/PET.zip#PET.EER_EPMRU_PF4_RGC_DPG.D,2026-07-29T21:38:03+00:00
2021-06-18,2.079,PET.EER_EPMRU_PF4_RGC_DPG.D,https://www.eia.gov/opendata/bulk/PET.zip#PET.EER_EPMRU_PF4_RGC_DPG.D,2026-07-29T21:38:03+00:00
2021-06-21,2.107,PET.EER_EPMRU_PF4_RGC_DPG.D,https://www.eia.gov/opendata/bulk/PET.zip#PET.EER_EPMRU_PF4_RGC_DPG.D,2026-07-29T21:38:03+00:00
2021-06-22,2.148,PET.EER_EPMRU_PF4_RGC_DPG.D,https://www.eia.gov/opendata/bulk/PET.zip#PET.EER_EPMRU_PF4_RGC_DPG.D,2026-07-29T21:38:03+00:00
2021-06-23,2.189,PET.EER_EPMRU_PF4_RGC_DPG.D,https://www.eia.gov/opendata/bulk/PET.zip#PET.EER_EPMRU_PF4_RGC_DPG.D,2026-07-29T21:38:03+00:00
2021-06-24,2.180,PET.EER_EPMRU_PF4_RGC_DPG.D,https://www.eia.gov/opendata/bulk/PET.zip#PET.EER_EPMRU_PF4_RGC_DPG.D,2026-07-29T21:38:03+00:00
2021-06-25,2.182,PET.EER_EPMRU_PF4_RGC_DPG.D,https://www.eia.gov/opendata/bulk/PET.zip#PET.EER_EPMRU_PF4_RGC_DPG.D,2026-07-29T21:38:03+00:00
2021-06-28,2.135,PET.EER_EPMRU_PF4_RGC_DPG.D,https://www.eia.gov/opendata/bulk/PET.zip#PET.EER_EPMRU_PF4_RGC_DPG.D,2026-07-29T21:38:03+00:00
2021-06-29,2.174,PET.EER_EPMRU_PF4_RGC_DPG.D,https://www.eia.gov/opendata/bulk/PET.zip#PET.EER_EPMRU_PF4_RGC_DPG.D,2026-07-29T21:38:03+00:00
2021-06-30,2.172,PET.EER_EPMRU_PF4_RGC_DPG.D,https://www.eia.gov/opendata/bulk/PET.zip#PET.EER_EPMRU_PF4_RGC_DPG.D,2026-07-29T21:38:03+00:00
2021-07-01,2.195,PET.EER_EPMRU_PF4_RGC_DPG.D,https://www.eia.gov/opendata/bulk/PET.zip#PET.EER_EPMRU_PF4_RGC_DPG.D,2026-07-29T21:38:03+00:00
2021-07-02,2.251,PET.EER_EPMRU_PF4_RGC_DPG.D,https://www.eia.gov/opendata/bulk/PET.zip#PET.EER_EPMRU_PF4_RGC_DPG.D,2026-07-29T21:38:03+00:00
2021-07-06,2.184,PET.EER_EPMRU_PF4_RGC_DPG.D,https://www.eia.gov/opendata/bulk/PET.zip#PET.EER_EPMRU_PF4_RGC_DPG.D,2026-07-29T21:38:03+00:00
2021-07-07,2.151,PET.EER_EPMRU_PF4_RGC_DPG.D,https://www.eia.gov/opendata/bulk/PET.zip#PET.EER_EPMRU_PF4_RGC_DPG.D,2026-07-29T21:38:03+00:00
2021-07-08,2.209,PET.EER_EPMRU_PF4_RGC_DPG.D,https://www.eia.gov/opendata/bulk/PET.zip#PET.EER_EPMRU_PF4_RGC_DPG.D,2026-07-29T21:38:03+00:00
2021-07-09,2.236,PET.EER_EPMRU_PF4_RGC_DPG.D,https://www.eia.gov/opendata/bulk/PET.zip#PET.EER_EPMRU_PF4_RGC_DPG.D,2026-07-29T21:38:03+00:00
2021-07-12,2.225,PET.EER_EPMRU_PF4_RGC_DPG.D,https://www.eia.gov/opendata/bulk/PET.zip#PET.EER_EPMRU_PF4_RGC_DPG.D,2026-07-29T21:38:03+00:00
2021-07-13,2.257,PET.EER_EPMRU_PF4_RGC_DPG.D,https://www.eia.gov/opendata/bulk/PET.zip#PET.EER_EPMRU_PF4_RGC_DPG.D,2026-07-29T21:38:03+00:00
2021-07-14,2.223,PET.EER_EPMRU_PF4_RGC_DPG.D,https://www.eia.gov/opendata/bulk/PET.zip#PET.EER_EPMRU_PF4_RGC_DPG.D,2026-07-29T21:38:03+00:00
2021-07-15,2.179,PET.EER_EPMRU_PF4_RGC_DPG.D,https://www.eia.gov/opendata/bulk/PET.zip#PET.EER_EPMRU_PF4_RGC_DPG.D,2026-07-29T21:38:03+00:00
2021-07-16,2.185,PET.EER_EPMRU_PF4_RGC_DPG.D,https://www.eia.gov/opendata/bulk/PET.zip#PET.EER_EPMRU_PF4_RGC_DPG.D,2026-07-29T21:38:03+00:00
2021-07-19,2.055,PET.EER_EPMRU_PF4_RGC_DPG.D,https://www.eia.gov/opendata/bulk/PET.zip#PET.EER_EPMRU_PF4_RGC_DPG.D,2026-07-29T21:38:03+00:00
2021-07-20,2.069,PET.EER_EPMRU_PF4_RGC_DPG.D,https://www.eia.gov/opendata/bulk/PET.zip#PET.EER_EPMRU_PF4_RGC_DPG.D,2026-07-29T21:38:03+00:00
2021-07-21,2.145,PET.EER_EPMRU_PF4_RGC_DPG.D,https://www.eia.gov/opendata/bulk/PET.zip#PET.EER_EPMRU_PF4_RGC_DPG.D,2026-07-29T21:38:03+00:00
2021-07-22,2.197,PET.EER_EPMRU_PF4_RGC_DPG.D,https://www.eia.gov/opendata/bulk/PET.zip#PET.EER_EPMRU_PF4_RGC_DPG.D,2026-07-29T21:38:03+00:00
2021-07-23,2.210,PET.EER_EPMRU_PF4_RGC_DPG.D,https://www.eia.gov/opendata/bulk/PET.zip#PET.EER_EPMRU_PF4_RGC_DPG.D,2026-07-29T21:38:03+00:00
2021-07-26,2.237,PET.EER_EPMRU_PF4_RGC_DPG.D,https://www.eia.gov/opendata/bulk/PET.zip#PET.EER_EPMRU_PF4_RGC_DPG.D,2026-07-29T21:38:03+00:00
2021-07-27,2.248,PET.EER_EPMRU_PF4_RGC_DPG.D,https://www.eia.gov/opendata/bulk/PET.zip#PET.EER_EPMRU_PF4_RGC_DPG.D,2026-07-29T21:38:03+00:00
2021-07-28,2.252,PET.EER_EPMRU_PF4_RGC_DPG.D,https://www.eia.gov/opendata/bulk/PET.zip#PET.EER_EPMRU_PF4_RGC_DPG.D,2026-07-29T21:38:03+00:00
2021-07-29,2.295,PET.EER_EPMRU_PF4_RGC_DPG.D,https://www.eia.gov/opendata/bulk/PET.zip#PET.EER_EPMRU_PF4_RGC_DPG.D,2026-07-29T21:38:03+00:00
2021-07-30,2.309,PET.EER_EPMRU_PF4_RGC_DPG.D,https://www.eia.gov/opendata/bulk/PET.zip#PET.EER_EPMRU_PF4_RGC_DPG.D,2026-07-29T21:38:03+00:00
2021-08-02,2.233,PET.EER_EPMRU_PF4_RGC_DPG.D,https://www.eia.gov/opendata/bulk/PET.zip#PET.EER_EPMRU_PF4_RGC_DPG.D,2026-07-29T21:38:03+00:00
2021-08-03,2.217,PET.EER_EPMRU_PF4_RGC_DPG.D,https://www.eia.gov/opendata/bulk/PET.zip#PET.EER_EPMRU_PF4_RGC_DPG.D,2026-07-29T21:38:03+00:00
2021-08-04,2.188,PET.EER_EPMRU_PF4_RGC_DPG.D,https://www.eia.gov/opendata/bulk/PET.zip#PET.EER_EPMRU_PF4_RGC_DPG.D,2026-07-29T21:38:03+00:00
2021-08-05,2.242,PET.EER_EPMRU_PF4_RGC_DPG.D,https://www.eia.gov/opendata/bulk/PET.zip#PET.EER_EPMRU_PF4_RGC_DPG.D,2026-07-29T21:38:03+00:00
2021-08-06,2.200,PET.EER_EPMRU_PF4_RGC_DPG.D,https://www.eia.gov/opendata/bulk/PET.zip#PET.EER_EPMRU_PF4_RGC_DPG.D,2026-07-29T21:38:03+00:00
2021-08-09,2.203,PET.EER_EPMRU_PF4_RGC_DPG.D,https://www.eia.gov/opendata/bulk/PET.zip#PET.EER_EPMRU_PF4_RGC_DPG.D,2026-07-29T21:38:03+00:00
2021-08-10,2.224,PET.EER_EPMRU_PF4_RGC_DPG.D,https://www.eia.gov/opendata/bulk/PET.zip#PET.EER_EPMRU_PF4_RGC_DPG.D,2026-07-29T21:38:03+00:00
2021-08-11,2.256,PET.EER_EPMRU_PF4_RGC_DPG.D,https://www.eia.gov/opendata/bulk/PET.zip#PET.EER_EPMRU_PF4_RGC_DPG.D,2026-07-29T21:38:03+00:00
2021-08-12,2.224,PET.EER_EPMRU_PF4_RGC_DPG.D,https://www.eia.gov/opendata/bulk/PET.zip#PET.EER_EPMRU_PF4_RGC_DPG.D,2026-07-29T21:38:03+00:00
2021-08-13,2.196,PET.EER_EPMRU_PF4_RGC_DPG.D,https://www.eia.gov/opendata/bulk/PET.zip#PET.EER_EPMRU_PF4_RGC_DPG.D,2026-07-29T21:38:03+00:00
2021-08-16,2.151,PET.EER_EPMRU_PF4_RGC_DPG.D,https://www.eia.gov/opendata/bulk/PET.zip#PET.EER_EPMRU_PF4_RGC_DPG.D,2026-07-29T21:38:03+00:00
2021-08-17,2.105,PET.EER_EPMRU_PF4_RGC_DPG.D,https://www.eia.gov/opendata/bulk/PET.zip#PET.EER_EPMRU_PF4_RGC_DPG.D,2026-07-29T21:38:03+00:00
2021-08-18,2.070,PET.EER_EPMRU_PF4_RGC_DPG.D,https://www.eia.gov/opendata/bulk/PET.zip#PET.EER_EPMRU_PF4_RGC_DPG.D,2026-07-29T21:38:03+00:00
2021-08-19,2.032,PET.EER_EPMRU_PF4_RGC_DPG.D,https://www.eia.gov/opendata/bulk/PET.zip#PET.EER_EPMRU_PF4_RGC_DPG.D,2026-07-29T21:38:03+00:00
2021-08-20,1.958,PET.EER_EPMRU_PF4_RGC_DPG.D,https://www.eia.gov/opendata/bulk/PET.zip#PET.EER_EPMRU_PF4_RGC_DPG.D,2026-07-29T21:38:03+00:00
2021-08-23,2.078,PET.EER_EPMRU_PF4_RGC_DPG.D,https://www.eia.gov/opendata/bulk/PET.zip#PET.EER_EPMRU_PF4_RGC_DPG.D,2026-07-29T21:38:03+00:00
2021-08-24,2.251,PET.EER_EPMRU_PF4_RGC_DPG.D,https://www.eia.gov/opendata/bulk/PET.zip#PET.EER_EPMRU_PF4_RGC_DPG.D,2026-07-29T21:38:03+00:00
2021-08-25,2.391,PET.EER_EPMRU_PF4_RGC_DPG.D,https://www.eia.gov/opendata/bulk/PET.zip#PET.EER_EPMRU_PF4_RGC_DPG.D,2026-07-29T21:38:03+00:00
2021-08-26,2.366,PET.EER_EPMRU_PF4_RGC_DPG.D,https://www.eia.gov/opendata/bulk/PET.zip#PET.EER_EPMRU_PF4_RGC_DPG.D,2026-07-29T21:38:03+00:00
2021-08-27,2.385,PET.EER_EPMRU_PF4_RGC_DPG.D,https://www.eia.gov/opendata/bulk/PET.zip#PET.EER_EPMRU_PF4_RGC_DPG.D,2026-07-29T21:38:03+00:00
2021-08-30,2.415,PET.EER_EPMRU_PF4_RGC_DPG.D,https://www.eia.gov/opendata/bulk/PET.zip#PET.EER_EPMRU_PF4_RGC_DPG.D,2026-07-29T21:38:03+00:00
2021-08-31,2.353,PET.EER_EPMRU_PF4_RGC_DPG.D,https://www.eia.gov/opendata/bulk/PET.zip#PET.EER_EPMRU_PF4_RGC_DPG.D,2026-07-29T21:38:03+00:00
2021-09-01,2.178,PET.EER_EPMRU_PF4_RGC_DPG.D,https://www.eia.gov/opendata/bulk/PET.zip#PET.EER_EPMRU_PF4_RGC_DPG.D,2026-07-29T21:38:03+00:00
2021-09-02,2.227,PET.EER_EPMRU_PF4_RGC_DPG.D,https://www.eia.gov/opendata/bulk/PET.zip#PET.EER_EPMRU_PF4_RGC_DPG.D,2026-07-29T21:38:03+00:00
2021-09-03,2.219,PET.EER_EPMRU_PF4_RGC_DPG.D,https://www.eia.gov/opendata/bulk/PET.zip#PET.EER_EPMRU_PF4_RGC_DPG.D,2026-07-29T21:38:03+00:00
2021-09-07,2.178,PET.EER_EPMRU_PF4_RGC_DPG.D,https://www.eia.gov/opendata/bulk/PET.zip#PET.EER_EPMRU_PF4_RGC_DPG.D,2026-07-29T21:38:03+00:00
2021-09-08,2.200,PET.EER_EPMRU_PF4_RGC_DPG.D,https://www.eia.gov/opendata/bulk/PET.zip#PET.EER_EPMRU_PF4_RGC_DPG.D,2026-07-29T21:38:03+00:00
2021-09-09,2.176,PET.EER_EPMRU_PF4_RGC_DPG.D,https://www.eia.gov/opendata/bulk/PET.zip#PET.EER_EPMRU_PF4_RGC_DPG.D,2026-07-29T21:38:03+00:00
2021-09-10,2.192,PET.EER_EPMRU_PF4_RGC_DPG.D,https://www.eia.gov/opendata/bulk/PET.zip#PET.EER_EPMRU_PF4_RGC_DPG.D,2026-07-29T21:38:03+00:00
2021-09-13,2.224,PET.EER_EPMRU_PF4_RGC_DPG.D,https://www.eia.gov/opendata/bulk/PET.zip#PET.EER_EPMRU_PF4_RGC_DPG.D,2026-07-29T21:38:03+00:00
2021-09-14,2.219,PET.EER_EPMRU_PF4_RGC_DPG.D,https://www.eia.gov/opendata/bulk/PET.zip#PET.EER_EPMRU_PF4_RGC_DPG.D,2026-07-29T21:38:03+00:00
2021-09-15,2.240,PET.EER_EPMRU_PF4_RGC_DPG.D,https://www.eia.gov/opendata/bulk/PET.zip#PET.EER_EPMRU_PF4_RGC_DPG.D,2026-07-29T21:38:03+00:00
2021-09-16,2.209,PET.EER_EPMRU_PF4_RGC_DPG.D,https://www.eia.gov/opendata/bulk/PET.zip#PET.EER_EPMRU_PF4_RGC_DPG.D,2026-07-29T21:38:03+00:00
2021-09-17,2.195,PET.EER_EPMRU_PF4_RGC_DPG.D,https://www.eia.gov/opendata/bulk/PET.zip#PET.EER_EPMRU_PF4_RGC_DPG.D,2026-07-29T21:38:03+00:00
2021-09-20,2.143,PET.EER_EPMRU_PF4_RGC_DPG.D,https://www.eia.gov/opendata/bulk/PET.zip#PET.EER_EPMRU_PF4_RGC_DPG.D,2026-07-29T21:38:03+00:00
2021-09-21,2.123,PET.EER_EPMRU_PF4_RGC_DPG.D,https://www.eia.gov/opendata/bulk/PET.zip#PET.EER_EPMRU_PF4_RGC_DPG.D,2026-07-29T21:38:03+00:00
2021-09-22,2.124,PET.EER_EPMRU_PF4_RGC_DPG.D,https://www.eia.gov/opendata/bulk/PET.zip#PET.EER_EPMRU_PF4_RGC_DPG.D,2026-07-29T21:38:03+00:00
2021-09-23,2.159,PET.EER_EPMRU_PF4_RGC_DPG.D,https://www.eia.gov/opendata/bulk/PET.zip#PET.EER_EPMRU_PF4_RGC_DPG.D,2026-07-29T21:38:03+00:00
2021-09-24,2.183,PET.EER_EPMRU_PF4_RGC_DPG.D,https://www.eia.gov/opendata/bulk/PET.zip#PET.EER_EPMRU_PF4_RGC_DPG.D,2026-07-29T21:38:03+00:00
2021-09-27,2.267,PET.EER_EPMRU_PF4_RGC_DPG.D,https://www.eia.gov/opendata/bulk/PET.zip#PET.EER_EPMRU_PF4_RGC_DPG.D,2026-07-29T21:38:03+00:00
2021-09-28,2.224,PET.EER_EPMRU_PF4_RGC_DPG.D,https://www.eia.gov/opendata/bulk/PET.zip#PET.EER_EPMRU_PF4_RGC_DPG.D,2026-07-29T21:38:03+00:00
2021-09-29,2.237,PET.EER_EPMRU_PF4_RGC_DPG.D,https://www.eia.gov/opendata/bulk/PET.zip#PET.EER_EPMRU_PF4_RGC_DPG.D,2026-07-29T21:38:03+00:00
2021-09-30,2.264,PET.EER_EPMRU_PF4_RGC_DPG.D,https://www.eia.gov/opendata/bulk/PET.zip#PET.EER_EPMRU_PF4_RGC_DPG.D,2026-07-29T21:38:03+00:00
2021-10-01,2.253,PET.EER_EPMRU_PF4_RGC_DPG.D,https://www.eia.gov/opendata/bulk/PET.zip#PET.EER_EPMRU_PF4_RGC_DPG.D,2026-07-29T21:38:03+00:00
2021-10-04,2.322,PET.EER_EPMRU_PF4_RGC_DPG.D,https://www.eia.gov/opendata/bulk/PET.zip#PET.EER_EPMRU_PF4_RGC_DPG.D,2026-07-29T21:38:03+00:00
2021-10-05,2.368,PET.EER_EPMRU_PF4_RGC_DPG.D,https://www.eia.gov/opendata/bulk/PET.zip#PET.EER_EPMRU_PF4_RGC_DPG.D,2026-07-29T21:38:03+00:00
2021-10-06,2.320,PET.EER_EPMRU_PF4_RGC_DPG.D,https://www.eia.gov/opendata/bulk/PET.zip#PET.EER_EPMRU_PF4_RGC_DPG.D,2026-07-29T21:38:03+00:00
2021-10-07,2.350,PET.EER_EPMRU_PF4_RGC_DPG.D,https://www.eia.gov/opendata/bulk/PET.zip#PET.EER_EPMRU_PF4_RGC_DPG.D,2026-07-29T21:38:03+00:00
2021-10-08,2.373,PET.EER_EPMRU_PF4_RGC_DPG.D,https://www.eia.gov/opendata/bulk/PET.zip#PET.EER_EPMRU_PF4_RGC_DPG.D,2026-07-29T21:38:03+00:00
2021-10-11,2.392,PET.EER_EPMRU_PF4_RGC_DPG.D,https://www.eia.gov/opendata/bulk/PET.zip#PET.EER_EPMRU_PF4_RGC_DPG.D,2026-07-29T21:38:03+00:00
2021-10-12,2.384,PET.EER_EPMRU_PF4_RGC_DPG.D,https://www.eia.gov/opendata/bulk/PET.zip#PET.EER_EPMRU_PF4_RGC_DPG.D,2026-07-29T21:38:03+00:00
2021-10-13,2.406,PET.EER_EPMRU_PF4_RGC_DPG.D,https://www.eia.gov/opendata/bulk/PET.zip#PET.EER_EPMRU_PF4_RGC_DPG.D,2026-07-29T21:38:03+00:00
2021-10-14,2.436,PET.EER_EPMRU_PF4_RGC_DPG.D,https://www.eia.gov/opendata/bulk/PET.zip#PET.EER_EPMRU_PF4_RGC_DPG.D,2026-07-29T21:38:03+00:00
2021-10-15,2.466,PET.EER_EPMRU_PF4_RGC_DPG.D,https://www.eia.gov/opendata/bulk/PET.zip#PET.EER_EPMRU_PF4_RGC_DPG.D,2026-07-29T21:38:03+00:00
2021-10-18,2.467,PET.EER_EPMRU_PF4_RGC_DPG.D,https://www.eia.gov/opendata/bulk/PET.zip#PET.EER_EPMRU_PF4_RGC_DPG.D,2026-07-29T21:38:03+00:00
2021-10-19,2.462,PET.EER_EPMRU_PF4_RGC_DPG.D,https://www.eia.gov/opendata/bulk/PET.zip#PET.EER_EPMRU_PF4_RGC_DPG.D,2026-07-29T21:38:03+00:00
2021-10-20,2.494,PET.EER_EPMRU_PF4_RGC_DPG.D,https://www.eia.gov/opendata/bulk/PET.zip#PET.EER_EPMRU_PF4_RGC_DPG.D,2026-07-29T21:38:03+00:00
2021-10-21,2.474,PET.EER_EPMRU_PF4_RGC_DPG.D,https://www.eia.gov/opendata/bulk/PET.zip#PET.EER_EPMRU_PF4_RGC_DPG.D,2026-07-29T21:38:03+00:00
2021-10-22,2.481,PET.EER_EPMRU_PF4_RGC_DPG.D,https://www.eia.gov/opendata/bulk/PET.zip#PET.EER_EPMRU_PF4_RGC_DPG.D,2026-07-29T21:38:03+00:00
2021-10-25,2.506,PET.EER_EPMRU_PF4_RGC_DPG.D,https://www.eia.gov/opendata/bulk/PET.zip#PET.EER_EPMRU_PF4_RGC_DPG.D,2026-07-29T21:38:03+00:00
2021-10-26,2.552,PET.EER_EPMRU_PF4_RGC_DPG.D,https://www.eia.gov/opendata/bulk/PET.zip#PET.EER_EPMRU_PF4_RGC_DPG.D,2026-07-29T21:38:03+00:00
2021-10-27,2.469,PET.EER_EPMRU_PF4_RGC_DPG.D,https://www.eia.gov/opendata/bulk/PET.zip#PET.EER_EPMRU_PF4_RGC_DPG.D,2026-07-29T21:38:03+00:00
2021-10-28,2.471,PET.EER_EPMRU_PF4_RGC_DPG.D,https://www.eia.gov/opendata/bulk/PET.zip#PET.EER_EPMRU_PF4_RGC_DPG.D,2026-07-29T21:38:03+00:00
2021-10-29,2.485,PET.EER_EPMRU_PF4_RGC_DPG.D,https://www.eia.gov/opendata/bulk/PET.zip#PET.EER_EPMRU_PF4_RGC_DPG.D,2026-07-29T21:38:03+00:00
2021-11-01,2.457,PET.EER_EPMRU_PF4_RGC_DPG.D,https://www.eia.gov/opendata/bulk/PET.zip#PET.EER_EPMRU_PF4_RGC_DPG.D,2026-07-29T21:38:03+00:00
2021-11-02,2.466,PET.EER_EPMRU_PF4_RGC_DPG.D,https://www.eia.gov/opendata/bulk/PET.zip#PET.EER_EPMRU_PF4_RGC_DPG.D,2026-07-29T21:38:03+00:00
2021-11-03,2.360,PET.EER_EPMRU_PF4_RGC_DPG.D,https://www.eia.gov/opendata/bulk/PET.zip#PET.EER_EPMRU_PF4_RGC_DPG.D,2026-07-29T21:38:03+00:00
2021-11-04,2.292,PET.EER_EPMRU_PF4_RGC_DPG.D,https://www.eia.gov/opendata/bulk/PET.zip#PET.EER_EPMRU_PF4_RGC_DPG.D,2026-07-29T21:38:03+00:00
2021-11-05,2.308,PET.EER_EPMRU_PF4_RGC_DPG.D,https://www.eia.gov/opendata/bulk/PET.zip#PET.EER_EPMRU_PF4_RGC_DPG.D,2026-07-29T21:38:03+00:00
2021-11-08,2.319,PET.EER_EPMRU_PF4_RGC_DPG.D,https://www.eia.gov/opendata/bulk/PET.zip#PET.EER_EPMRU_PF4_RGC_DPG.D,2026-07-29T21:38:03+00:00
2021-11-09,2.360,PET.EER_EPMRU_PF4_RGC_DPG.D,https://www.eia.gov/opendata/bulk/PET.zip#PET.EER_EPMRU_PF4_RGC_DPG.D,2026-07-29T21:38:03+00:00
2021-11-10,2.280,PET.EER_EPMRU_PF4_RGC_DPG.D,https://www.eia.gov/opendata/bulk/PET.zip#PET.EER_EPMRU_PF4_RGC_DPG.D,2026-07-29T21:38:03+00:00
2021-11-11,2.291,PET.EER_EPMRU_PF4_RGC_DPG.D,https://www.eia.gov/opendata/bulk/PET.zip#PET.EER_EPMRU_PF4_RGC_DPG.D,2026-07-29T21:38:03+00:00
2021-11-12,2.288,PET.EER_EPMRU_PF4_RGC_DPG.D,https://www.eia.gov/opendata/bulk/PET.zip#PET.EER_EPMRU_PF4_RGC_DPG.D,2026-07-29T21:38:03+00:00
2021-11-15,2.311,PET.EER_EPMRU_PF4_RGC_DPG.D,https://www.eia.gov/opendata/bulk/PET.zip#PET.EER_EPMRU_PF4_RGC_DPG.D,2026-07-29T21:38:03+00:00
2021-11-16,2.318,PET.EER_EPMRU_PF4_RGC_DPG.D,https://www.eia.gov/opendata/bulk/PET.zip#PET.EER_EPMRU_PF4_RGC_DPG.D,2026-07-29T21:38:03+00:00
2021-11-17,2.240,PET.EER_EPMRU_PF4_RGC_DPG.D,https://www.eia.gov/opendata/bulk/PET.zip#PET.EER_EPMRU_PF4_RGC_DPG.D,2026-07-29T21:38:03+00:00
2021-11-18,2.253,PET.EER_EPMRU_PF4_RGC_DPG.D,https://www.eia.gov/opendata/bulk/PET.zip#PET.EER_EPMRU_PF4_RGC_DPG.D,2026-07-29T21:38:03+00:00
2021-11-19,2.163,PET.EER_EPMRU_PF4_RGC_DPG.D,https://www.eia.gov/opendata/bulk/PET.zip#PET.EER_EPMRU_PF4_RGC_DPG.D,2026-07-29T21:38:03+00:00
2021-11-22,2.205,PET.EER_EPMRU_PF4_RGC_DPG.D,https://www.eia.gov/opendata/bulk/PET.zip#PET.EER_EPMRU_PF4_RGC_DPG.D,2026-07-29T21:38:03+00:00
2021-11-23,2.302,PET.EER_EPMRU_PF4_RGC_DPG.D,https://www.eia.gov/opendata/bulk/PET.zip#PET.EER_EPMRU_PF4_RGC_DPG.D,2026-07-29T21:38:03+00:00
2021-11-24,2.275,PET.EER_EPMRU_PF4_RGC_DPG.D,https://www.eia.gov/opendata/bulk/PET.zip#PET.EER_EPMRU_PF4_RGC_DPG.D,2026-07-29T21:38:03+00:00
2021-11-29,2.100,PET.EER_EPMRU_PF4_RGC_DPG.D,https://www.eia.gov/opendata/bulk/PET.zip#PET.EER_EPMRU_PF4_RGC_DPG.D,2026-07-29T21:38:03+00:00
2021-11-30,2.010,PET.EER_EPMRU_PF4_RGC_DPG.D,https://www.eia.gov/opendata/bulk/PET.zip#PET.EER_EPMRU_PF4_RGC_DPG.D,2026-07-29T21:38:03+00:00
2021-12-01,1.967,PET.EER_EPMRU_PF4_RGC_DPG.D,https://www.eia.gov/opendata/bulk/PET.zip#PET.EER_EPMRU_PF4_RGC_DPG.D,2026-07-29T21:38:03+00:00
2021-12-02,2.000,PET.EER_EPMRU_PF4_RGC_DPG.D,https://www.eia.gov/opendata/bulk/PET.zip#PET.EER_EPMRU_PF4_RGC_DPG.D,2026-07-29T21:38:03+00:00
2021-12-03,1.974,PET.EER_EPMRU_PF4_RGC_DPG.D,https://www.eia.gov/opendata/bulk/PET.zip#PET.EER_EPMRU_PF4_RGC_DPG.D,2026-07-29T21:38:03+00:00
2021-12-06,2.068,PET.EER_EPMRU_PF4_RGC_DPG.D,https://www.eia.gov/opendata/bulk/PET.zip#PET.EER_EPMRU_PF4_RGC_DPG.D,2026-07-29T21:38:03+00:00
2021-12-07,2.125,PET.EER_EPMRU_PF4_RGC_DPG.D,https://www.eia.gov/opendata/bulk/PET.zip#PET.EER_EPMRU_PF4_RGC_DPG.D,2026-07-29T21:38:03+00:00
2021-12-08,2.172,PET.EER_EPMRU_PF4_RGC_DPG.D,https://www.eia.gov/opendata/bulk/PET.zip#PET.EER_EPMRU_PF4_RGC_DPG.D,2026-07-29T21:38:03+00:00
2021-12-09,2.125,PET.EER_EPMRU_PF4_RGC_DPG.D,https://www.eia.gov/opendata/bulk/PET.zip#PET.EER_EPMRU_PF4_RGC_DPG.D,2026-07-29T21:38:03+00:00
2021-12-10,2.120,PET.EER_EPMRU_PF4_RGC_DPG.D,https://www.eia.gov/opendata/bulk/PET.zip#PET.EER_EPMRU_PF4_RGC_DPG.D,2026-07-29T21:38:03+00:00
2021-12-13,2.096,PET.EER_EPMRU_PF4_RGC_DPG.D,https://www.eia.gov/opendata/bulk/PET.zip#PET.EER_EPMRU_PF4_RGC_DPG.D,2026-07-29T21:38:03+00:00
2021-12-14,2.069,PET.EER_EPMRU_PF4_RGC_DPG.D,https://www.eia.gov/opendata/bulk/PET.zip#PET.EER_EPMRU_PF4_RGC_DPG.D,2026-07-29T21:38:03+00:00
2021-12-15,2.119,PET.EER_EPMRU_PF4_RGC_DPG.D,https://www.eia.gov/opendata/bulk/PET.zip#PET.EER_EPMRU_PF4_RGC_DPG.D,2026-07-29T21:38:03+00:00
2021-12-16,2.128,PET.EER_EPMRU_PF4_RGC_DPG.D,https://www.eia.gov/opendata/bulk/PET.zip#PET.EER_EPMRU_PF4_RGC_DPG.D,2026-07-29T21:38:03+00:00
2021-12-17,2.106,PET.EER_EPMRU_PF4_RGC_DPG.D,https://www.eia.gov/opendata/bulk/PET.zip#PET.EER_EPMRU_PF4_RGC_DPG.D,2026-07-29T21:38:03+00:00
2021-12-20,2.074,PET.EER_EPMRU_PF4_RGC_DPG.D,https://www.eia.gov/opendata/bulk/PET.zip#PET.EER_EPMRU_PF4_RGC_DPG.D,2026-07-29T21:38:03+00:00
2021-12-21,2.137,PET.EER_EPMRU_PF4_RGC_DPG.D,https://www.eia.gov/opendata/bulk/PET.zip#PET.EER_EPMRU_PF4_RGC_DPG.D,2026-07-29T21:38:03+00:00
2021-12-22,2.154,PET.EER_EPMRU_PF4_RGC_DPG.D,https://www.eia.gov/opendata/bulk/PET.zip#PET.EER_EPMRU_PF4_RGC_DPG.D,2026-07-29T21:38:03+00:00
2021-12-23,2.197,PET.EER_EPMRU_PF4_RGC_DPG.D,https://www.eia.gov/opendata/bulk/PET.zip#PET.EER_EPMRU_PF4_RGC_DPG.D,2026-07-29T21:38:03+00:00
2021-12-27,2.228,PET.EER_EPMRU_PF4_RGC_DPG.D,https://www.eia.gov/opendata/bulk/PET.zip#PET.EER_EPMRU_PF4_RGC_DPG.D,2026-07-29T21:38:03+00:00
2021-12-28,2.236,PET.EER_EPMRU_PF4_RGC_DPG.D,https://www.eia.gov/opendata/bulk/PET.zip#PET.EER_EPMRU_PF4_RGC_DPG.D,2026-07-29T21:38:03+00:00
2021-12-29,2.260,PET.EER_EPMRU_PF4_RGC_DPG.D,https://www.eia.gov/opendata/bulk/PET.zip#PET.EER_EPMRU_PF4_RGC_DPG.D,2026-07-29T21:38:03+00:00
2021-12-30,2.264,PET.EER_EPMRU_PF4_RGC_DPG.D,https://www.eia.gov/opendata/bulk/PET.zip#PET.EER_EPMRU_PF4_RGC_DPG.D,2026-07-29T21:38:03+00:00
2021-12-31,2.224,PET.EER_EPMRU_PF4_RGC_DPG.D,https://www.eia.gov/opendata/bulk/PET.zip#PET.EER_EPMRU_PF4_RGC_DPG.D,2026-07-29T21:38:03+00:00
2022-01-03,2.252,PET.EER_EPMRU_PF4_RGC_DPG.D,https://www.eia.gov/opendata/bulk/PET.zip#PET.EER_EPMRU_PF4_RGC_DPG.D,2026-07-29T21:38:03+00:00
2022-01-04,2.276,PET.EER_EPMRU_PF4_RGC_DPG.D,https://www.eia.gov/opendata/bulk/PET.zip#PET.EER_EPMRU_PF4_RGC_DPG.D,2026-07-29T21:38:03+00:00
2022-01-05,2.272,PET.EER_EPMRU_PF4_RGC_DPG.D,https://www.eia.gov/opendata/bulk/PET.zip#PET.EER_EPMRU_PF4_RGC_DPG.D,2026-07-29T21:38:03+00:00
2022-01-06,2.306,PET.EER_EPMRU_PF4_RGC_DPG.D,https://www.eia.gov/opendata/bulk/PET.zip#PET.EER_EPMRU_PF4_RGC_DPG.D,2026-07-29T21:38:03+00:00
2022-01-07,2.296,PET.EER_EPMRU_PF4_RGC_DPG.D,https://www.eia.gov/opendata/bulk/PET.zip#PET.EER_EPMRU_PF4_RGC_DPG.D,2026-07-29T21:38:03+00:00
2022-01-10,2.273,PET.EER_EPMRU_PF4_RGC_DPG.D,https://www.eia.gov/opendata/bulk/PET.zip#PET.EER_EPMRU_PF4_RGC_DPG.D,2026-07-29T21:38:03+00:00
2022-01-11,2.351,PET.EER_EPMRU_PF4_RGC_DPG.D,https://www.eia.gov/opendata/bulk/PET.zip#PET.EER_EPMRU_PF4_RGC_DPG.D,2026-07-29T21:38:03+00:00
2022-01-12,2.399,PET.EER_EPMRU_PF4_RGC_DPG.D,https://www.eia.gov/opendata/bulk/PET.zip#PET.EER_EPMRU_PF4_RGC_DPG.D,2026-07-29T21:38:03+00:00
2022-01-13,2.377,PET.EER_EPMRU_PF4_RGC_DPG.D,https://www.eia.gov/opendata/bulk/PET.zip#PET.EER_EPMRU_PF4_RGC_DPG.D,2026-07-29T21:38:03+00:00
2022-01-14,2.425,PET.EER_EPMRU_PF4_RGC_DPG.D,https://www.eia.gov/opendata/bulk/PET.zip#PET.EER_EPMRU_PF4_RGC_DPG.D,2026-07-29T21:38:03+00:00
2022-01-17,2.425,PET.EER_EPMRU_PF4_RGC_DPG.D,https://www.eia.gov/opendata/bulk/PET.zip#PET.EER_EPMRU_PF4_RGC_DPG.D,2026-07-29T21:38:03+00:00
2022-01-18,2.450,PET.EER_EPMRU_PF4_RGC_DPG.D,https://www.eia.gov/opendata/bulk/PET.zip#PET.EER_EPMRU_PF4_RGC_DPG.D,2026-07-29T21:38:03+00:00
2022-01-19,2.447,PET.EER_EPMRU_PF4_RGC_DPG.D,https://www.eia.gov/opendata/bulk/PET.zip#PET.EER_EPMRU_PF4_RGC_DPG.D,2026-07-29T21:38:03+00:00
2022-01-20,2.431,PET.EER_EPMRU_PF4_RGC_DPG.D,https://www.eia.gov/opendata/bulk/PET.zip#PET.EER_EPMRU_PF4_RGC_DPG.D,2026-07-29T21:38:03+00:00
2022-01-21,2.431,PET.EER_EPMRU_PF4_RGC_DPG.D,https://www.eia.gov/opendata/bulk/PET.zip#PET.EER_EPMRU_PF4_RGC_DPG.D,2026-07-29T21:38:03+00:00
2022-01-24,2.412,PET.EER_EPMRU_PF4_RGC_DPG.D,https://www.eia.gov/opendata/bulk/PET.zip#PET.EER_EPMRU_PF4_RGC_DPG.D,2026-07-29T21:38:03+00:00
2022-01-25,2.443,PET.EER_EPMRU_PF4_RGC_DPG.D,https://www.eia.gov/opendata/bulk/PET.zip#PET.EER_EPMRU_PF4_RGC_DPG.D,2026-07-29T21:38:03+00:00
2022-01-26,2.520,PET.EER_EPMRU_PF4_RGC_DPG.D,https://www.eia.gov/opendata/bulk/PET.zip#PET.EER_EPMRU_PF4_RGC_DPG.D,2026-07-29T21:38:03+00:00
2022-01-27,2.548,PET.EER_EPMRU_PF4_RGC_DPG.D,https://www.eia.gov/opendata/bulk/PET.zip#PET.EER_EPMRU_PF4_RGC_DPG.D,2026-07-29T21:38:03+00:00
2022-01-28,2.550,PET.EER_EPMRU_PF4_RGC_DPG.D,https://www.eia.gov/opendata/bulk/PET.zip#PET.EER_EPMRU_PF4_RGC_DPG.D,2026-07-29T21:38:03+00:00
2022-01-31,2.544,PET.EER_EPMRU_PF4_RGC_DPG.D,https://www.eia.gov/opendata/bulk/PET.zip#PET.EER_EPMRU_PF4_RGC_DPG.D,2026-07-29T21:38:03+00:00
2022-02-01,2.579,PET.EER_EPMRU_PF4_RGC_DPG.D,https://www.eia.gov/opendata/bulk/PET.zip#PET.EER_EPMRU_PF4_RGC_DPG.D,2026-07-29T21:38:03+00:00
2022-02-02,2.597,PET.EER_EPMRU_PF4_RGC_DPG.D,https://www.eia.gov/opendata/bulk/PET.zip#PET.EER_EPMRU_PF4_RGC_DPG.D,2026-07-29T21:38:03+00:00
2022-02-03,2.636,PET.EER_EPMRU_PF4_RGC_DPG.D,https://www.eia.gov/opendata/bulk/PET.zip#PET.EER_EPMRU_PF4_RGC_DPG.D,2026-07-29T21:38:03+00:00
2022-02-04,2.668,PET.EER_EPMRU_PF4_RGC_DPG.D,https://www.eia.gov/opendata/bulk/PET.zip#PET.EER_EPMRU_PF4_RGC_DPG.D,2026-07-29T21:38:03+00:00
2022-02-07,2.693,PET.EER_EPMRU_PF4_RGC_DPG.D,https://www.eia.gov/opendata/bulk/PET.zip#PET.EER_EPMRU_PF4_RGC_DPG.D,2026-07-29T21:38:03+00:00
2022-02-08,2.634,PET.EER_EPMRU_PF4_RGC_DPG.D,https://www.eia.gov/opendata/bulk/PET.zip#PET.EER_EPMRU_PF4_RGC_DPG.D,2026-07-29T21:38:03+00:00
2022-02-09,2.657,PET.EER_EPMRU_PF4_RGC_DPG.D,https://www.eia.gov/opendata/bulk/PET.zip#PET.EER_EPMRU_PF4_RGC_DPG.D,2026-07-29T21:38:03+00:00
2022-02-10,2.657,PET.EER_EPMRU_PF4_RGC_DPG.D,https://www.eia.gov/opendata/bulk/PET.zip#PET.EER_EPMRU_PF4_RGC_DPG.D,2026-07-29T21:38:03+00:00
2022-02-11,2.747,PET.EER_EPMRU_PF4_RGC_DPG.D,https://www.eia.gov/opendata/bulk/PET.zip#PET.EER_EPMRU_PF4_RGC_DPG.D,2026-07-29T21:38:03+00:00
2022-02-14,2.764,PET.EER_EPMRU_PF4_RGC_DPG.D,https://www.eia.gov/opendata/bulk/PET.zip#PET.EER_EPMRU_PF4_RGC_DPG.D,2026-07-29T21:38:03+00:00
2022-02-15,2.671,PET.EER_EPMRU_PF4_RGC_DPG.D,https://www.eia.gov/opendata/bulk/PET.zip#PET.EER_EPMRU_PF4_RGC_DPG.D,2026-07-29T21:38:03+00:00
2022-02-16,2.608,PET.EER_EPMRU_PF4_RGC_DPG.D,https://www.eia.gov/opendata/bulk/PET.zip#PET.EER_EPMRU_PF4_RGC_DPG.D,2026-07-29T21:38:03+00:00
2022-02-17,2.640,PET.EER_EPMRU_PF4_RGC_DPG.D,https://www.eia.gov/opendata/bulk/PET.zip#PET.EER_EPMRU_PF4_RGC_DPG.D,2026-07-29T21:38:03+00:00
2022-02-18,2.678,PET.EER_EPMRU_PF4_RGC_DPG.D,https://www.eia.gov/opendata/bulk/PET.zip#PET.EER_EPMRU_PF4_RGC_DPG.D,2026-07-29T21:38:03+00:00
2022-02-21,2.677,PET.EER_EPMRU_PF4_RGC_DPG.D,https://www.eia.gov/opendata/bulk/PET.zip#PET.EER_EPMRU_PF4_RGC_DPG.D,2026-07-29T21:38:03+00:00
2022-02-22,2.690,PET.EER_EPMRU_PF4_RGC_DPG.D,https://www.eia.gov/opendata/bulk/PET.zip#PET.EER_EPMRU_PF4_RGC_DPG.D,2026-07-29T21:38:03+00:00
2022-02-23,2.690,PET.EER_EPMRU_PF4_RGC_DPG.D,https://www.eia.gov/opendata/bulk/PET.zip#PET.EER_EPMRU_PF4_RGC_DPG.D,2026-07-29T21:38:03+00:00
2022-02-24,2.580,PET.EER_EPMRU_PF4_RGC_DPG.D,https://www.eia.gov/opendata/bulk/PET.zip#PET.EER_EPMRU_PF4_RGC_DPG.D,2026-07-29T21:38:03+00:00
2022-02-25,2.535,PET.EER_EPMRU_PF4_RGC_DPG.D,https://www.eia.gov/opendata/bulk/PET.zip#PET.EER_EPMRU_PF4_RGC_DPG.D,2026-07-29T21:38:03+00:00
2022-02-28,2.586,PET.EER_EPMRU_PF4_RGC_DPG.D,https://www.eia.gov/opendata/bulk/PET.zip#PET.EER_EPMRU_PF4_RGC_DPG.D,2026-07-29T21:38:03+00:00
2022-03-01,2.977,PET.EER_EPMRU_PF4_RGC_DPG.D,https://www.eia.gov/opendata/bulk/PET.zip#PET.EER_EPMRU_PF4_RGC_DPG.D,2026-07-29T21:38:03+00:00
2022-03-02,3.198,PET.EER_EPMRU_PF4_RGC_DPG.D,https://www.eia.gov/opendata/bulk/PET.zip#PET.EER_EPMRU_PF4_RGC_DPG.D,2026-07-29T21:38:03+00:00
2022-03-03,3.145,PET.EER_EPMRU_PF4_RGC_DPG.D,https://www.eia.gov/opendata/bulk/PET.zip#PET.EER_EPMRU_PF4_RGC_DPG.D,2026-07-29T21:38:03+00:00
2022-03-04,3.386,PET.EER_EPMRU_PF4_RGC_DPG.D,https://www.eia.gov/opendata/bulk/PET.zip#PET.EER_EPMRU_PF4_RGC_DPG.D,2026-07-29T21:38:03+00:00
2022-03-07,3.417,PET.EER_EPMRU_PF4_RGC_DPG.D,https://www.eia.gov/opendata/bulk/PET.zip#PET.EER_EPMRU_PF4_RGC_DPG.D,2026-07-29T21:38:03+00:00
2022-03-08,3.532,PET.EER_EPMRU_PF4_RGC_DPG.D,https://www.eia.gov/opendata/bulk/PET.zip#PET.EER_EPMRU_PF4_RGC_DPG.D,2026-07-29T21:38:03+00:00
2022-03-09,3.191,PET.EER_EPMRU_PF4_RGC_DPG.D,https://www.eia.gov/opendata/bulk/PET.zip#PET.EER_EPMRU_PF4_RGC_DPG.D,2026-07-29T21:38:03+00:00
2022-03-10,3.061,PET.EER_EPMRU_PF4_RGC_DPG.D,https://www.eia.gov/opendata/bulk/PET.zip#PET.EER_EPMRU_PF4_RGC_DPG.D,2026-07-29T21:38:03+00:00
2022-03-11,3.221,PET.EER_EPMRU_PF4_RGC_DPG.D,https://www.eia.gov/opendata/bulk/PET.zip#PET.EER_EPMRU_PF4_RGC_DPG.D,2026-07-29T21:38:03+00:00
2022-03-14,3.079,PET.EER_EPMRU_PF4_RGC_DPG.D,https://www.eia.gov/opendata/bulk/PET.zip#PET.EER_EPMRU_PF4_RGC_DPG.D,2026-07-29T21:38:03+00:00
2022-03-15,2.883,PET.EER_EPMRU_PF4_RGC_DPG.D,https://www.eia.gov/opendata/bulk/PET.zip#PET.EER_EPMRU_PF4_RGC_DPG.D,2026-07-29T21:38:03+00:00
2022-03-16,2.889,PET.EER_EPMRU_PF4_RGC_DPG.D,https://www.eia.gov/opendata/bulk/PET.zip#PET.EER_EPMRU_PF4_RGC_DPG.D,2026-07-29T21:38:03+00:00
2022-03-17,3.145,PET.EER_EPMRU_PF4_RGC_DPG.D,https://www.eia.gov/opendata/bulk/PET.zip#PET.EER_EPMRU_PF4_RGC_DPG.D,2026-07-29T21:38:03+00:00
2022-03-18,3.175,PET.EER_EPMRU_PF4_RGC_DPG.D,https://www.eia.gov/opendata/bulk/PET.zip#PET.EER_EPMRU_PF4_RGC_DPG.D,2026-07-29T21:38:03+00:00
2022-03-21,3.314,PET.EER_EPMRU_PF4_RGC_DPG.D,https://www.eia.gov/opendata/bulk/PET.zip#PET.EER_EPMRU_PF4_RGC_DPG.D,2026-07-29T21:38:03+00:00
2022-03-22,3.251,PET.EER_EPMRU_PF4_RGC_DPG.D,https://www.eia.gov/opendata/bulk/PET.zip#PET.EER_EPMRU_PF4_RGC_DPG.D,2026-07-29T21:38:03+00:00
2022-03-23,3.365,PET.EER_EPMRU_PF4_RGC_DPG.D,https://www.eia.gov/opendata/bulk/PET.zip#PET.EER_EPMRU_PF4_RGC_DPG.D,2026-07-29T21:38:03+00:00
2022-03-24,3.302,PET.EER_EPMRU_PF4_RGC_DPG.D,https://www.eia.gov/opendata/bulk/PET.zip#PET.EER_EPMRU_PF4_RGC_DPG.D,2026-07-29T21:38:03+00:00
2022-03-25,3.380,PET.EER_EPMRU_PF4_RGC_DPG.D,https://www.eia.gov/opendata/bulk/PET.zip#PET.EER_EPMRU_PF4_RGC_DPG.D,2026-07-29T21:38:03+00:00
2022-03-28,3.103,PET.EER_EPMRU_PF4_RGC_DPG.D,https://www.eia.gov/opendata/bulk/PET.zip#PET.EER_EPMRU_PF4_RGC_DPG.D,2026-07-29T21:38:03+00:00
2022-03-29,3.149,PET.EER_EPMRU_PF4_RGC_DPG.D,https://www.eia.gov/opendata/bulk/PET.zip#PET.EER_EPMRU_PF4_RGC_DPG.D,2026-07-29T21:38:03+00:00
2022-03-30,3.245,PET.EER_EPMRU_PF4_RGC_DPG.D,https://www.eia.gov/opendata/bulk/PET.zip#PET.EER_EPMRU_PF4_RGC_DPG.D,2026-07-29T21:38:03+00:00
2022-03-31,3.117,PET.EER_EPMRU_PF4_RGC_DPG.D,https://www.eia.gov/opendata/bulk/PET.zip#PET.EER_EPMRU_PF4_RGC_DPG.D,2026-07-29T21:38:03+00:00
2022-04-01,3.081,PET.EER_EPMRU_PF4_RGC_DPG.D,https://www.eia.gov/opendata/bulk/PET.zip#PET.EER_EPMRU_PF4_RGC_DPG.D,2026-07-29T21:38:03+00:00
2022-04-04,3.160,PET.EER_EPMRU_PF4_RGC_DPG.D,https://www.eia.gov/opendata/bulk/PET.zip#PET.EER_EPMRU_PF4_RGC_DPG.D,2026-07-29T21:38:03+00:00
2022-04-05,3.080,PET.EER_EPMRU_PF4_RGC_DPG.D,https://www.eia.gov/opendata/bulk/PET.zip#PET.EER_EPMRU_PF4_RGC_DPG.D,2026-07-29T21:38:03+00:00
2022-04-06,3.001,PET.EER_EPMRU_PF4_RGC_DPG.D,https://www.eia.gov/opendata/bulk/PET.zip#PET.EER_EPMRU_PF4_RGC_DPG.D,2026-07-29T21:38:03+00:00
2022-04-07,2.989,PET.EER_EPMRU_PF4_RGC_DPG.D,https://www.eia.gov/opendata/bulk/PET.zip#PET.EER_EPMRU_PF4_RGC_DPG.D,2026-07-29T21:38:03+00:00
2022-04-08,3.063,PET.EER_EPMRU_PF4_RGC_DPG.D,https://www.eia.gov/opendata/bulk/PET.zip#PET.EER_EPMRU_PF4_RGC_DPG.D,2026-07-29T21:38:03+00:00
2022-04-11,2.940,PET.EER_EPMRU_PF4_RGC_DPG.D,https://www.eia.gov/opendata/bulk/PET.zip#PET.EER_EPMRU_PF4_RGC_DPG.D,2026-07-29T21:38:03+00:00
2022-04-12,3.088,PET.EER_EPMRU_PF4_RGC_DPG.D,https://www.eia.gov/opendata/bulk/PET.zip#PET.EER_EPMRU_PF4_RGC_DPG.D,2026-07-29T21:38:03+00:00
2022-04-13,3.212,PET.EER_EPMRU_PF4_RGC_DPG.D,https://www.eia.gov/opendata/bulk/PET.zip#PET.EER_EPMRU_PF4_RGC_DPG.D,2026-07-29T21:38:03+00:00
2022-04-14,3.282,PET.EER_EPMRU_PF4_RGC_DPG.D,https://www.eia.gov/opendata/bulk/PET.zip#PET.EER_EPMRU_PF4_RGC_DPG.D,2026-07-29T21:38:03+00:00
2022-04-18,3.288,PET.EER_EPMRU_PF4_RGC_DPG.D,https://www.eia.gov/opendata/bulk/PET.zip#PET.EER_EPMRU_PF4_RGC_DPG.D,2026-07-29T21:38:03+00:00
2022-04-19,3.153,PET.EER_EPMRU_PF4_RGC_DPG.D,https://www.eia.gov/opendata/bulk/PET.zip#PET.EER_EPMRU_PF4_RGC_DPG.D,2026-07-29T21:38:03+00:00
2022-04-20,3.200,PET.EER_EPMRU_PF4_RGC_DPG.D,https://www.eia.gov/opendata/bulk/PET.zip#PET.EER_EPMRU_PF4_RGC_DPG.D,2026-07-29T21:38:03+00:00
2022-04-21,3.216,PET.EER_EPMRU_PF4_RGC_DPG.D,https://www.eia.gov/opendata/bulk/PET.zip#PET.EER_EPMRU_PF4_RGC_DPG.D,2026-07-29T21:38:03+00:00
2022-04-22,3.182,PET.EER_EPMRU_PF4_RGC_DPG.D,https://www.eia.gov/opendata/bulk/PET.zip#PET.EER_EPMRU_PF4_RGC_DPG.D,2026-07-29T21:38:03+00:00
2022-04-25,3.186,PET.EER_EPMRU_PF4_RGC_DPG.D,https://www.eia.gov/opendata/bulk/PET.zip#PET.EER_EPMRU_PF4_RGC_DPG.D,2026-07-29T21:38:03+00:00
2022-04-26,3.295,PET.EER_EPMRU_PF4_RGC_DPG.D,https://www.eia.gov/opendata/bulk/PET.zip#PET.EER_EPMRU_PF4_RGC_DPG.D,2026-07-29T21:38:03+00:00
2022-04-27,3.382,PET.EER_EPMRU_PF4_RGC_DPG.D,https://www.eia.gov/opendata/bulk/PET.zip#PET.EER_EPMRU_PF4_RGC_DPG.D,2026-07-29T21:38:03+00:00
2022-04-28,3.406,PET.EER_EPMRU_PF4_RGC_DPG.D,https://www.eia.gov/opendata/bulk/PET.zip#PET.EER_EPMRU_PF4_RGC_DPG.D,2026-07-29T21:38:03+00:00
2022-04-29,3.388,PET.EER_EPMRU_PF4_RGC_DPG.D,https://www.eia.gov/opendata/bulk/PET.zip#PET.EER_EPMRU_PF4_RGC_DPG.D,2026-07-29T21:38:03+00:00
2022-05-02,3.414,PET.EER_EPMRU_PF4_RGC_DPG.D,https://www.eia.gov/opendata/bulk/PET.zip#PET.EER_EPMRU_PF4_RGC_DPG.D,2026-07-29T21:38:03+00:00
2022-05-03,3.468,PET.EER_EPMRU_PF4_RGC_DPG.D,https://www.eia.gov/opendata/bulk/PET.zip#PET.EER_EPMRU_PF4_RGC_DPG.D,2026-07-29T21:38:03+00:00
2022-05-04,3.617,PET.EER_EPMRU_PF4_RGC_DPG.D,https://www.eia.gov/opendata/bulk/PET.zip#PET.EER_EPMRU_PF4_RGC_DPG.D,2026-07-29T21:38:03+00:00
2022-05-05,3.596,PET.EER_EPMRU_PF4_RGC_DPG.D,https://www.eia.gov/opendata/bulk/PET.zip#PET.EER_EPMRU_PF4_RGC_DPG.D,2026-07-29T21:38:03+00:00
2022-05-06,3.748,PET.EER_EPMRU_PF4_RGC_DPG.D,https://www.eia.gov/opendata/bulk/PET.zip#PET.EER_EPMRU_PF4_RGC_DPG.D,2026-07-29T21:38:03+00:00
2022-05-09,3.546,PET.EER_EPMRU_PF4_RGC_DPG.D,https://www.eia.gov/opendata/bulk/PET.zip#PET.EER_EPMRU_PF4_RGC_DPG.D,2026-07-29T21:38:03+00:00
2022-05-10,3.610,PET.EER_EPMRU_PF4_RGC_DPG.D,https://www.eia.gov/opendata/bulk/PET.zip#PET.EER_EPMRU_PF4_RGC_DPG.D,2026-07-29T21:38:03+00:00
2022-05-11,3.752,PET.EER_EPMRU_PF4_RGC_DPG.D,https://www.eia.gov/opendata/bulk/PET.zip#PET.EER_EPMRU_PF4_RGC_DPG.D,2026-07-29T21:38:03+00:00
2022-05-12,3.895,PET.EER_EPMRU_PF4_RGC_DPG.D,https://www.eia.gov/opendata/bulk/PET.zip#PET.EER_EPMRU_PF4_RGC_DPG.D,2026-07-29T21:38:03+00:00
2022-05-13,4.050,PET.EER_EPMRU_PF4_RGC_DPG.D,https://www.eia.gov/opendata/bulk/PET.zip#PET.EER_EPMRU_PF4_RGC_DPG.D,2026-07-29T21:38:03+00:00
2022-05-16,4.003,PET.EER_EPMRU_PF4_RGC_DPG.D,https://www.eia.gov/opendata/bulk/PET.zip#PET.EER_EPMRU_PF4_RGC_DPG.D,2026-07-29T21:38:03+00:00
2022-05-17,3.818,PET.EER_EPMRU_PF4_RGC_DPG.D,https://www.eia.gov/opendata/bulk/PET.zip#PET.EER_EPMRU_PF4_RGC_DPG.D,2026-07-29T21:38:03+00:00
2022-05-18,3.591,PET.EER_EPMRU_PF4_RGC_DPG.D,https://www.eia.gov/opendata/bulk/PET.zip#PET.EER_EPMRU_PF4_RGC_DPG.D,2026-07-29T21:38:03+00:00
2022-05-19,3.699,PET.EER_EPMRU_PF4_RGC_DPG.D,https://www.eia.gov/opendata/bulk/PET.zip#PET.EER_EPMRU_PF4_RGC_DPG.D,2026-07-29T21:38:03+00:00
2022-05-20,3.748,PET.EER_EPMRU_PF4_RGC_DPG.D,https://www.eia.gov/opendata/bulk/PET.zip#PET.EER_EPMRU_PF4_RGC_DPG.D,2026-07-29T21:38:03+00:00
2022-05-23,3.690,PET.EER_EPMRU_PF4_RGC_DPG.D,https://www.eia.gov/opendata/bulk/PET.zip#PET.EER_EPMRU_PF4_RGC_DPG.D,2026-07-29T21:38:03+00:00
2022-05-24,3.794,PET.EER_EPMRU_PF4_RGC_DPG.D,https://www.eia.gov/opendata/bulk/PET.zip#PET.EER_EPMRU_PF4_RGC_DPG.D,2026-07-29T21:38:03+00:00
2022-05-25,3.843,PET.EER_EPMRU_PF4_RGC_DPG.D,https://www.eia.gov/opendata/bulk/PET.zip#PET.EER_EPMRU_PF4_RGC_DPG.D,2026-07-29T21:38:03+00:00
2022-05-26,3.887,PET.EER_EPMRU_PF4_RGC_DPG.D,https://www.eia.gov/opendata/bulk/PET.zip#PET.EER_EPMRU_PF4_RGC_DPG.D,2026-07-29T21:38:03+00:00
2022-05-27,4.027,PET.EER_EPMRU_PF4_RGC_DPG.D,https://www.eia.gov/opendata/bulk/PET.zip#PET.EER_EPMRU_PF4_RGC_DPG.D,2026-07-29T21:38:03+00:00
2022-05-31,3.947,PET.EER_EPMRU_PF4_RGC_DPG.D,https://www.eia.gov/opendata/bulk/PET.zip#PET.EER_EPMRU_PF4_RGC_DPG.D,2026-07-29T21:38:03+00:00
2022-06-01,4.049,PET.EER_EPMRU_PF4_RGC_DPG.D,https://www.eia.gov/opendata/bulk/PET.zip#PET.EER_EPMRU_PF4_RGC_DPG.D,2026-07-29T21:38:03+00:00
2022-06-02,4.210,PET.EER_EPMRU_PF4_RGC_DPG.D,https://www.eia.gov/opendata/bulk/PET.zip#PET.EER_EPMRU_PF4_RGC_DPG.D,2026-07-29T21:38:03+00:00
2022-06-03,4.344,PET.EER_EPMRU_PF4_RGC_DPG.D,https://www.eia.gov/opendata/bulk/PET.zip#PET.EER_EPMRU_PF4_RGC_DPG.D,2026-07-29T21:38:03+00:00
2022-06-06,4.297,PET.EER_EPMRU_PF4_RGC_DPG.D,https://www.eia.gov/opendata/bulk/PET.zip#PET.EER_EPMRU_PF4_RGC_DPG.D,2026-07-29T21:38:03+00:00
2022-06-07,4.207,PET.EER_EPMRU_PF4_RGC_DPG.D,https://www.eia.gov/opendata/bulk/PET.zip#PET.EER_EPMRU_PF4_RGC_DPG.D,2026-07-29T21:38:03+00:00
2022-06-08,4.252,PET.EER_EPMRU_PF4_RGC_DPG.D,https://www.eia.gov/opendata/bulk/PET.zip#PET.EER_EPMRU_PF4_RGC_DPG.D,2026-07-29T21:38:03+00:00
2022-06-09,4.304,PET.EER_EPMRU_PF4_RGC_DPG.D,https://www.eia.gov/opendata/bulk/PET.zip#PET.EER_EPMRU_PF4_RGC_DPG.D,2026-07-29T21:38:03+00:00
2022-06-10,4.205,PET.EER_EPMRU_PF4_RGC_DPG.D,https://www.eia.gov/opendata/bulk/PET.zip#PET.EER_EPMRU_PF4_RGC_DPG.D,2026-07-29T21:38:03+00:00
2022-06-13,4.080,PET.EER_EPMRU_PF4_RGC_DPG.D,https://www.eia.gov/opendata/bulk/PET.zip#PET.EER_EPMRU_PF4_RGC_DPG.D,2026-07-29T21:38:03+00:00
2022-06-14,4.042,PET.EER_EPMRU_PF4_RGC_DPG.D,https://www.eia.gov/opendata/bulk/PET.zip#PET.EER_EPMRU_PF4_RGC_DPG.D,2026-07-29T21:38:03+00:00
2022-06-15,3.950,PET.EER_EPMRU_PF4_RGC_DPG.D,https://www.eia.gov/opendata/bulk/PET.zip#PET.EER_EPMRU_PF4_RGC_DPG.D,2026-07-29T21:38:03+00:00
2022-06-16,3.956,PET.EER_EPMRU_PF4_RGC_DPG.D,https://www.eia.gov/opendata/bulk/PET.zip#PET.EER_EPMRU_PF4_RGC_DPG.D,2026-07-29T21:38:03+00:00
2022-06-17,3.886,PET.EER_EPMRU_PF4_RGC_DPG.D,https://www.eia.gov/opendata/bulk/PET.zip#PET.EER_EPMRU_PF4_RGC_DPG.D,2026-07-29T21:38:03+00:00
2022-06-21,3.886,PET.EER_EPMRU_PF4_RGC_DPG.D,https://www.eia.gov/opendata/bulk/PET.zip#PET.EER_EPMRU_PF4_RGC_DPG.D,2026-07-29T21:38:03+00:00
2022-06-22,3.863,PET.EER_EPMRU_PF4_RGC_DPG.D,https://www.eia.gov/opendata/bulk/PET.zip#PET.EER_EPMRU_PF4_RGC_DPG.D,2026-07-29T21:38:03+00:00
2022-06-23,3.796,PET.EER_EPMRU_PF4_RGC_DPG.D,https://www.eia.gov/opendata/bulk/PET.zip#PET.EER_EPMRU_PF4_RGC_DPG.D,2026-07-29T21:38:03+00:00
2022-06-24,4.021,PET.EER_EPMRU_PF4_RGC_DPG.D,https://www.eia.gov/opendata/bulk/PET.zip#PET.EER_EPMRU_PF4_RGC_DPG.D,2026-07-29T21:38:03+00:00
2022-06-27,3.954,PET.EER_EPMRU_PF4_RGC_DPG.D,https://www.eia.gov/opendata/bulk/PET.zip#PET.EER_EPMRU_PF4_RGC_DPG.D,2026-07-29T21:38:03+00:00
2022-06-28,4.045,PET.EER_EPMRU_PF4_RGC_DPG.D,https://www.eia.gov/opendata/bulk/PET.zip#PET.EER_EPMRU_PF4_RGC_DPG.D,2026-07-29T21:38:03+00:00
2022-06-29,3.905,PET.EER_EPMRU_PF4_RGC_DPG.D,https://www.eia.gov/opendata/bulk/PET.zip#PET.EER_EPMRU_PF4_RGC_DPG.D,2026-07-29T21:38:03+00:00
2022-06-30,3.777,PET.EER_EPMRU_PF4_RGC_DPG.D,https://www.eia.gov/opendata/bulk/PET.zip#PET.EER_EPMRU_PF4_RGC_DPG.D,2026-07-29T21:38:03+00:00
2022-07-01,3.814,PET.EER_EPMRU_PF4_RGC_DPG.D,https://www.eia.gov/opendata/bulk/PET.zip#PET.EER_EPMRU_PF4_RGC_DPG.D,2026-07-29T21:38:03+00:00
2022-07-05,3.447,PET.EER_EPMRU_PF4_RGC_DPG.D,https://www.eia.gov/opendata/bulk/PET.zip#PET.EER_EPMRU_PF4_RGC_DPG.D,2026-07-29T21:38:03+00:00
2022-07-06,3.303,PET.EER_EPMRU_PF4_RGC_DPG.D,https://www.eia.gov/opendata/bulk/PET.zip#PET.EER_EPMRU_PF4_RGC_DPG.D,2026-07-29T21:38:03+00:00
2022-07-07,3.467,PET.EER_EPMRU_PF4_RGC_DPG.D,https://www.eia.gov/opendata/bulk/PET.zip#PET.EER_EPMRU_PF4_RGC_DPG.D,2026-07-29T21:38:03+00:00
2022-07-08,3.485,PET.EER_EPMRU_PF4_RGC_DPG.D,https://www.eia.gov/opendata/bulk/PET.zip#PET.EER_EPMRU_PF4_RGC_DPG.D,2026-07-29T21:38:03+00:00
2022-07-11,3.483,PET.EER_EPMRU_PF4_RGC_DPG.D,https://www.eia.gov/opendata/bulk/PET.zip#PET.EER_EPMRU_PF4_RGC_DPG.D,2026-07-29T21:38:03+00:00
2022-07-12,3.226,PET.EER_EPMRU_PF4_RGC_DPG.D,https://www.eia.gov/opendata/bulk/PET.zip#PET.EER_EPMRU_PF4_RGC_DPG.D,2026-07-29T21:38:03+00:00
2022-07-13,3.194,PET.EER_EPMRU_PF4_RGC_DPG.D,https://www.eia.gov/opendata/bulk/PET.zip#PET.EER_EPMRU_PF4_RGC_DPG.D,2026-07-29T21:38:03+00:00
2022-07-14,3.149,PET.EER_EPMRU_PF4_RGC_DPG.D,https://www.eia.gov/opendata/bulk/PET.zip#PET.EER_EPMRU_PF4_RGC_DPG.D,2026-07-29T21:38:03+00:00
2022-07-15,3.096,PET.EER_EPMRU_PF4_RGC_DPG.D,https://www.eia.gov/opendata/bulk/PET.zip#PET.EER_EPMRU_PF4_RGC_DPG.D,2026-07-29T21:38:03+00:00
2022-07-18,3.150,PET.EER_EPMRU_PF4_RGC_DPG.D,https://www.eia.gov/opendata/bulk/PET.zip#PET.EER_EPMRU_PF4_RGC_DPG.D,2026-07-29T21:38:03+00:00
2022-07-19,3.163,PET.EER_EPMRU_PF4_RGC_DPG.D,https://www.eia.gov/opendata/bulk/PET.zip#PET.EER_EPMRU_PF4_RGC_DPG.D,2026-07-29T21:38:03+00:00
2022-07-20,3.146,PET.EER_EPMRU_PF4_RGC_DPG.D,https://www.eia.gov/opendata/bulk/PET.zip#PET.EER_EPMRU_PF4_RGC_DPG.D,2026-07-29T21:38:03+00:00
2022-07-21,3.039,PET.EER_EPMRU_PF4_RGC_DPG.D,https://www.eia.gov/opendata/bulk/PET.zip#PET.EER_EPMRU_PF4_RGC_DPG.D,2026-07-29T21:38:03+00:00
2022-07-22,2.989,PET.EER_EPMRU_PF4_RGC_DPG.D,https://www.eia.gov/opendata/bulk/PET.zip#PET.EER_EPMRU_PF4_RGC_DPG.D,2026-07-29T21:38:03+00:00
2022-07-25,3.159,PET.EER_EPMRU_PF4_RGC_DPG.D,https://www.eia.gov/opendata/bulk/PET.zip#PET.EER_EPMRU_PF4_RGC_DPG.D,2026-07-29T21:38:03+00:00
2022-07-26,3.260,PET.EER_EPMRU_PF4_RGC_DPG.D,https://www.eia.gov/opendata/bulk/PET.zip#PET.EER_EPMRU_PF4_RGC_DPG.D,2026-07-29T21:38:03+00:00
2022-07-27,3.356,PET.EER_EPMRU_PF4_RGC_DPG.D,https://www.eia.gov/opendata/bulk/PET.zip#PET.EER_EPMRU_PF4_RGC_DPG.D,2026-07-29T21:38:03+00:00
2022-07-28,3.468,PET.EER_EPMRU_PF4_RGC_DPG.D,https://www.eia.gov/opendata/bulk/PET.zip#PET.EER_EPMRU_PF4_RGC_DPG.D,2026-07-29T21:38:03+00:00
2022-07-29,3.271,PET.EER_EPMRU_PF4_RGC_DPG.D,https://www.eia.gov/opendata/bulk/PET.zip#PET.EER_EPMRU_PF4_RGC_DPG.D,2026-07-29T21:38:03+00:00
2022-08-01,2.860,PET.EER_EPMRU_PF4_RGC_DPG.D,https://www.eia.gov/opendata/bulk/PET.zip#PET.EER_EPMRU_PF4_RGC_DPG.D,2026-07-29T21:38:03+00:00
2022-08-02,2.840,PET.EER_EPMRU_PF4_RGC_DPG.D,https://www.eia.gov/opendata/bulk/PET.zip#PET.EER_EPMRU_PF4_RGC_DPG.D,2026-07-29T21:38:03+00:00
2022-08-03,2.793,PET.EER_EPMRU_PF4_RGC_DPG.D,https://www.eia.gov/opendata/bulk/PET.zip#PET.EER_EPMRU_PF4_RGC_DPG.D,2026-07-29T21:38:03+00:00
2022-08-04,2.644,PET.EER_EPMRU_PF4_RGC_DPG.D,https://www.eia.gov/opendata/bulk/PET.zip#PET.EER_EPMRU_PF4_RGC_DPG.D,2026-07-29T21:38:03+00:00
2022-08-05,2.652,PET.EER_EPMRU_PF4_RGC_DPG.D,https://www.eia.gov/opendata/bulk/PET.zip#PET.EER_EPMRU_PF4_RGC_DPG.D,2026-07-29T21:38:03+00:00
2022-08-08,2.686,PET.EER_EPMRU_PF4_RGC_DPG.D,https://www.eia.gov/opendata/bulk/PET.zip#PET.EER_EPMRU_PF4_RGC_DPG.D,2026-07-29T21:38:03+00:00
2022-08-09,2.800,PET.EER_EPMRU_PF4_RGC_DPG.D,https://www.eia.gov/opendata/bulk/PET.zip#PET.EER_EPMRU_PF4_RGC_DPG.D,2026-07-29T21:38:03+00:00
2022-08-10,2.869,PET.EER_EPMRU_PF4_RGC_DPG.D,https://www.eia.gov/opendata/bulk/PET.zip#PET.EER_EPMRU_PF4_RGC_DPG.D,2026-07-29T21:38:03+00:00
2022-08-11,2.857,PET.EER_EPMRU_PF4_RGC_DPG.D,https://www.eia.gov/opendata/bulk/PET.zip#PET.EER_EPMRU_PF4_RGC_DPG.D,2026-07-29T21:38:03+00:00
2022-08-12,2.817,PET.EER_EPMRU_PF4_RGC_DPG.D,https://www.eia.gov/opendata/bulk/PET.zip#PET.EER_EPMRU_PF4_RGC_DPG.D,2026-07-29T21:38:03+00:00
2022-08-15,2.753,PET.EER_EPMRU_PF4_RGC_DPG.D,https://www.eia.gov/opendata/bulk/PET.zip#PET.EER_EPMRU_PF4_RGC_DPG.D,2026-07-29T21:38:03+00:00
2022-08-16,2.703,PET.EER_EPMRU_PF4_RGC_DPG.D,https://www.eia.gov/opendata/bulk/PET.zip#PET.EER_EPMRU_PF4_RGC_DPG.D,2026-07-29T21:38:03+00:00
2022-08-17,2.694,PET.EER_EPMRU_PF4_RGC_DPG.D,https://www.eia.gov/opendata/bulk/PET.zip#PET.EER_EPMRU_PF4_RGC_DPG.D,2026-07-29T21:38:03+00:00
2022-08-18,2.820,PET.EER_EPMRU_PF4_RGC_DPG.D,https://www.eia.gov/opendata/bulk/PET.zip#PET.EER_EPMRU_PF4_RGC_DPG.D,2026-07-29T21:38:03+00:00
2022-08-19,2.833,PET.EER_EPMRU_PF4_RGC_DPG.D,https://www.eia.gov/opendata/bulk/PET.zip#PET.EER_EPMRU_PF4_RGC_DPG.D,2026-07-29T21:38:03+00:00
2022-08-22,2.728,PET.EER_EPMRU_PF4_RGC_DPG.D,https://www.eia.gov/opendata/bulk/PET.zip#PET.EER_EPMRU_PF4_RGC_DPG.D,2026-07-29T21:38:03+00:00
2022-08-23,2.755,PET.EER_EPMRU_PF4_RGC_DPG.D,https://www.eia.gov/opendata/bulk/PET.zip#PET.EER_EPMRU_PF4_RGC_DPG.D,2026-07-29T21:38:03+00:00
2022-08-24,2.867,PET.EER_EPMRU_PF4_RGC_DPG.D,https://www.eia.gov/opendata/bulk/PET.zip#PET.EER_EPMRU_PF4_RGC_DPG.D,2026-07-29T21:38:03+00:00
2022-08-25,2.905,PET.EER_EPMRU_PF4_RGC_DPG.D,https://www.eia.gov/opendata/bulk/PET.zip#PET.EER_EPMRU_PF4_RGC_DPG.D,2026-07-29T21:38:03+00:00
2022-08-26,2.939,PET.EER_EPMRU_PF4_RGC_DPG.D,https://www.eia.gov/opendata/bulk/PET.zip#PET.EER_EPMRU_PF4_RGC_DPG.D,2026-07-29T21:38:03+00:00
2022-08-29,2.987,PET.EER_EPMRU_PF4_RGC_DPG.D,https://www.eia.gov/opendata/bulk/PET.zip#PET.EER_EPMRU_PF4_RGC_DPG.D,2026-07-29T21:38:03+00:00
2022-08-30,2.794,PET.EER_EPMRU_PF4_RGC_DPG.D,https://www.eia.gov/opendata/bulk/PET.zip#PET.EER_EPMRU_PF4_RGC_DPG.D,2026-07-29T21:38:03+00:00
2022-08-31,2.638,PET.EER_EPMRU_PF4_RGC_DPG.D,https://www.eia.gov/opendata/bulk/PET.zip#PET.EER_EPMRU_PF4_RGC_DPG.D,2026-07-29T21:38:03+00:00
2022-09-01,2.452,PET.EER_EPMRU_PF4_RGC_DPG.D,https://www.eia.gov/opendata/bulk/PET.zip#PET.EER_EPMRU_PF4_RGC_DPG.D,2026-07-29T21:38:03+00:00
2022-09-02,2.556,PET.EER_EPMRU_PF4_RGC_DPG.D,https://www.eia.gov/opendata/bulk/PET.zip#PET.EER_EPMRU_PF4_RGC_DPG.D,2026-07-29T21:38:03+00:00
2022-09-05,2.556,PET.EER_EPMRU_PF4_RGC_DPG.D,https://www.eia.gov/opendata/bulk/PET.zip#PET.EER_EPMRU_PF4_RGC_DPG.D,2026-07-29T21:38:03+00:00
2022-09-06,2.527,PET.EER_EPMRU_PF4_RGC_DPG.D,https://www.eia.gov/opendata/bulk/PET.zip#PET.EER_EPMRU_PF4_RGC_DPG.D,2026-07-29T21:38:03+00:00
2022-09-07,2.451,PET.EER_EPMRU_PF4_RGC_DPG.D,https://www.eia.gov/opendata/bulk/PET.zip#PET.EER_EPMRU_PF4_RGC_DPG.D,2026-07-29T21:38:03+00:00
2022-09-08,2.443,PET.EER_EPMRU_PF4_RGC_DPG.D,https://www.eia.gov/opendata/bulk/PET.zip#PET.EER_EPMRU_PF4_RGC_DPG.D,2026-07-29T21:38:03+00:00
2022-09-09,2.522,PET.EER_EPMRU_PF4_RGC_DPG.D,https://www.eia.gov/opendata/bulk/PET.zip#PET.EER_EPMRU_PF4_RGC_DPG.D,2026-07-29T21:38:03+00:00
2022-09-12,2.577,PET.EER_EPMRU_PF4_RGC_DPG.D,https://www.eia.gov/opendata/bulk/PET.zip#PET.EER_EPMRU_PF4_RGC_DPG.D,2026-07-29T21:38:03+00:00
2022-09-13,2.538,PET.EER_EPMRU_PF4_RGC_DPG.D,https://www.eia.gov/opendata/bulk/PET.zip#PET.EER_EPMRU_PF4_RGC_DPG.D,2026-07-29T21:38:03+00:00
2022-09-14,2.603,PET.EER_EPMRU_PF4_RGC_DPG.D,https://www.eia.gov/opendata/bulk/PET.zip#PET.EER_EPMRU_PF4_RGC_DPG.D,2026-07-29T21:38:03+00:00
2022-09-15,2.516,PET.EER_EPMRU_PF4_RGC_DPG.D,https://www.eia.gov/opendata/bulk/PET.zip#PET.EER_EPMRU_PF4_RGC_DPG.D,2026-07-29T21:38:03+00:00
2022-09-16,2.558,PET.EER_EPMRU_PF4_RGC_DPG.D,https://www.eia.gov/opendata/bulk/PET.zip#PET.EER_EPMRU_PF4_RGC_DPG.D,2026-07-29T21:38:03+00:00
2022-09-19,2.576,PET.EER_EPMRU_PF4_RGC_DPG.D,https://www.eia.gov/opendata/bulk/PET.zip#PET.EER_EPMRU_PF4_RGC_DPG.D,2026-07-29T21:38:03+00:00
2022-09-20,2.556,PET.EER_EPMRU_PF4_RGC_DPG.D,https://www.eia.gov/opendata/bulk/PET.zip#PET.EER_EPMRU_PF4_RGC_DPG.D,2026-07-29T21:38:03+00:00
2022-09-21,2.593,PET.EER_EPMRU_PF4_RGC_DPG.D,https://www.eia.gov/opendata/bulk/PET.zip#PET.EER_EPMRU_PF4_RGC_DPG.D,2026-07-29T21:38:03+00:00
2022-09-22,2.698,PET.EER_EPMRU_PF4_RGC_DPG.D,https://www.eia.gov/opendata/bulk/PET.zip#PET.EER_EPMRU_PF4_RGC_DPG.D,2026-07-29T21:38:03+00:00
2022-09-23,2.578,PET.EER_EPMRU_PF4_RGC_DPG.D,https://www.eia.gov/opendata/bulk/PET.zip#PET.EER_EPMRU_PF4_RGC_DPG.D,2026-07-29T21:38:03+00:00
2022-09-26,2.568,PET.EER_EPMRU_PF4_RGC_DPG.D,https://www.eia.gov/opendata/bulk/PET.zip#PET.EER_EPMRU_PF4_RGC_DPG.D,2026-07-29T21:38:03+00:00
2022-09-27,2.706,PET.EER_EPMRU_PF4_RGC_DPG.D,https://www.eia.gov/opendata/bulk/PET.zip#PET.EER_EPMRU_PF4_RGC_DPG.D,2026-07-29T21:38:03+00:00
2022-09-28,2.771,PET.EER_EPMRU_PF4_RGC_DPG.D,https://www.eia.gov/opendata/bulk/PET.zip#PET.EER_EPMRU_PF4_RGC_DPG.D,2026-07-29T21:38:03+00:00
2022-09-29,2.720,PET.EER_EPMRU_PF4_RGC_DPG.D,https://www.eia.gov/opendata/bulk/PET.zip#PET.EER_EPMRU_PF4_RGC_DPG.D,2026-07-29T21:38:03+00:00
2022-09-30,2.620,PET.EER_EPMRU_PF4_RGC_DPG.D,https://www.eia.gov/opendata/bulk/PET.zip#PET.EER_EPMRU_PF4_RGC_DPG.D,2026-07-29T21:38:03+00:00
2022-10-03,2.715,PET.EER_EPMRU_PF4_RGC_DPG.D,https://www.eia.gov/opendata/bulk/PET.zip#PET.EER_EPMRU_PF4_RGC_DPG.D,2026-07-29T21:38:03+00:00
2022-10-04,2.846,PET.EER_EPMRU_PF4_RGC_DPG.D,https://www.eia.gov/opendata/bulk/PET.zip#PET.EER_EPMRU_PF4_RGC_DPG.D,2026-07-29T21:38:03+00:00
2022-10-05,2.922,PET.EER_EPMRU_PF4_RGC_DPG.D,https://www.eia.gov/opendata/bulk/PET.zip#PET.EER_EPMRU_PF4_RGC_DPG.D,2026-07-29T21:38:03+00:00
2022-10-06,2.943,PET.EER_EPMRU_PF4_RGC_DPG.D,https://www.eia.gov/opendata/bulk/PET.zip#PET.EER_EPMRU_PF4_RGC_DPG.D,2026-07-29T21:38:03+00:00
2022-10-07,3.019,PET.EER_EPMRU_PF4_RGC_DPG.D,https://www.eia.gov/opendata/bulk/PET.zip#PET.EER_EPMRU_PF4_RGC_DPG.D,2026-07-29T21:38:03+00:00
2022-10-11,2.717,PET.EER_EPMRU_PF4_RGC_DPG.D,https://www.eia.gov/opendata/bulk/PET.zip#PET.EER_EPMRU_PF4_RGC_DPG.D,2026-07-29T21:38:03+00:00
2022-10-12,2.738,PET.EER_EPMRU_PF4_RGC_DPG.D,https://www.eia.gov/opendata/bulk/PET.zip#PET.EER_EPMRU_PF4_RGC_DPG.D,2026-07-29T21:38:03+00:00
2022-10-13,2.869,PET.EER_EPMRU_PF4_RGC_DPG.D,https://www.eia.gov/opendata/bulk/PET.zip#PET.EER_EPMRU_PF4_RGC_DPG.D,2026-07-29T21:38:03+00:00
2022-10-14,2.833,PET.EER_EPMRU_PF4_RGC_DPG.D,https://www.eia.gov/opendata/bulk/PET.zip#PET.EER_EPMRU_PF4_RGC_DPG.D,2026-07-29T21:38:03+00:00
2022-10-17,2.798,PET.EER_EPMRU_PF4_RGC_DPG.D,https://www.eia.gov/opendata/bulk/PET.zip#PET.EER_EPMRU_PF4_RGC_DPG.D,2026-07-29T21:38:03+00:00
2022-10-18,2.655,PET.EER_EPMRU_PF4_RGC_DPG.D,https://www.eia.gov/opendata/bulk/PET.zip#PET.EER_EPMRU_PF4_RGC_DPG.D,2026-07-29T21:38:03+00:00
2022-10-19,2.720,PET.EER_EPMRU_PF4_RGC_DPG.D,https://www.eia.gov/opendata/bulk/PET.zip#PET.EER_EPMRU_PF4_RGC_DPG.D,2026-07-29T21:38:03+00:00
2022-10-20,2.671,PET.EER_EPMRU_PF4_RGC_DPG.D,https://www.eia.gov/opendata/bulk/PET.zip#PET.EER_EPMRU_PF4_RGC_DPG.D,2026-07-29T21:38:03+00:00
2022-10-21,2.639,PET.EER_EPMRU_PF4_RGC_DPG.D,https://www.eia.gov/opendata/bulk/PET.zip#PET.EER_EPMRU_PF4_RGC_DPG.D,2026-07-29T21:38:03+00:00
2022-10-24,2.701,PET.EER_EPMRU_PF4_RGC_DPG.D,https://www.eia.gov/opendata/bulk/PET.zip#PET.EER_EPMRU_PF4_RGC_DPG.D,2026-07-29T21:38:03+00:00
2022-10-26,3.143,PET.EER_EPMRU_PF4_RGC_DPG.D,https://www.eia.gov/opendata/bulk/PET.zip#PET.EER_EPMRU_PF4_RGC_DPG.D,2026-07-29T21:38:03+00:00
2022-10-27,3.188,PET.EER_EPMRU_PF4_RGC_DPG.D,https://www.eia.gov/opendata/bulk/PET.zip#PET.EER_EPMRU_PF4_RGC_DPG.D,2026-07-29T21:38:03+00:00
2022-10-28,2.930,PET.EER_EPMRU_PF4_RGC_DPG.D,https://www.eia.gov/opendata/bulk/PET.zip#PET.EER_EPMRU_PF4_RGC_DPG.D,2026-07-29T21:38:03+00:00
2022-10-31,2.849,PET.EER_EPMRU_PF4_RGC_DPG.D,https://www.eia.gov/opendata/bulk/PET.zip#PET.EER_EPMRU_PF4_RGC_DPG.D,2026-07-29T21:38:03+00:00
2022-11-01,2.628,PET.EER_EPMRU_PF4_RGC_DPG.D,https://www.eia.gov/opendata/bulk/PET.zip#PET.EER_EPMRU_PF4_RGC_DPG.D,2026-07-29T21:38:03+00:00
2022-11-02,2.735,PET.EER_EPMRU_PF4_RGC_DPG.D,https://www.eia.gov/opendata/bulk/PET.zip#PET.EER_EPMRU_PF4_RGC_DPG.D,2026-07-29T21:38:03+00:00
2022-11-03,2.723,PET.EER_EPMRU_PF4_RGC_DPG.D,https://www.eia.gov/opendata/bulk/PET.zip#PET.EER_EPMRU_PF4_RGC_DPG.D,2026-07-29T21:38:03+00:00
2022-11-04,2.759,PET.EER_EPMRU_PF4_RGC_DPG.D,https://www.eia.gov/opendata/bulk/PET.zip#PET.EER_EPMRU_PF4_RGC_DPG.D,2026-07-29T21:38:03+00:00
2022-11-07,2.701,PET.EER_EPMRU_PF4_RGC_DPG.D,https://www.eia.gov/opendata/bulk/PET.zip#PET.EER_EPMRU_PF4_RGC_DPG.D,2026-07-29T21:38:03+00:00
2022-11-08,2.636,PET.EER_EPMRU_PF4_RGC_DPG.D,https://www.eia.gov/opendata/bulk/PET.zip#PET.EER_EPMRU_PF4_RGC_DPG.D,2026-07-29T21:38:03+00:00
2022-11-09,2.522,PET.EER_EPMRU_PF4_RGC_DPG.D,https://www.eia.gov/opendata/bulk/PET.zip#PET.EER_EPMRU_PF4_RGC_DPG.D,2026-07-29T21:38:03+00:00
2022-11-10,2.522,PET.EER_EPMRU_PF4_RGC_DPG.D,https://www.eia.gov/opendata/bulk/PET.zip#PET.EER_EPMRU_PF4_RGC_DPG.D,2026-07-29T21:38:03+00:00
2022-11-11,2.522,PET.EER_EPMRU_PF4_RGC_DPG.D,https://www.eia.gov/opendata/bulk/PET.zip#PET.EER_EPMRU_PF4_RGC_DPG.D,2026-07-29T21:38:03+00:00
2022-11-14,2.496,PET.EER_EPMRU_PF4_RGC_DPG.D,https://www.eia.gov/opendata/bulk/PET.zip#PET.EER_EPMRU_PF4_RGC_DPG.D,2026-07-29T21:38:03+00:00
2022-11-15,2.438,PET.EER_EPMRU_PF4_RGC_DPG.D,https://www.eia.gov/opendata/bulk/PET.zip#PET.EER_EPMRU_PF4_RGC_DPG.D,2026-07-29T21:38:03+00:00
2022-11-16,2.383,PET.EER_EPMRU_PF4_RGC_DPG.D,https://www.eia.gov/opendata/bulk/PET.zip#PET.EER_EPMRU_PF4_RGC_DPG.D,2026-07-29T21:38:03+00:00
2022-11-17,2.320,PET.EER_EPMRU_PF4_RGC_DPG.D,https://www.eia.gov/opendata/bulk/PET.zip#PET.EER_EPMRU_PF4_RGC_DPG.D,2026-07-29T21:38:03+00:00
2022-11-18,2.224,PET.EER_EPMRU_PF4_RGC_DPG.D,https://www.eia.gov/opendata/bulk/PET.zip#PET.EER_EPMRU_PF4_RGC_DPG.D,2026-07-29T21:38:03+00:00
2022-11-21,2.230,PET.EER_EPMRU_PF4_RGC_DPG.D,https://www.eia.gov/opendata/bulk/PET.zip#PET.EER_EPMRU_PF4_RGC_DPG.D,2026-07-29T21:38:03+00:00
2022-11-22,2.404,PET.EER_EPMRU_PF4_RGC_DPG.D,https://www.eia.gov/opendata/bulk/PET.zip#PET.EER_EPMRU_PF4_RGC_DPG.D,2026-07-29T21:38:03+00:00
2022-11-23,2.480,PET.EER_EPMRU_PF4_RGC_DPG.D,https://www.eia.gov/opendata/bulk/PET.zip#PET.EER_EPMRU_PF4_RGC_DPG.D,2026-07-29T21:38:03+00:00
2022-11-25,2.380,PET.EER_EPMRU_PF4_RGC_DPG.D,https://www.eia.gov/opendata/bulk/PET.zip#PET.EER_EPMRU_PF4_RGC_DPG.D,2026-07-29T21:38:03+00:00
2022-11-28,2.111,PET.EER_EPMRU_PF4_RGC_DPG.D,https://www.eia.gov/opendata/bulk/PET.zip#PET.EER_EPMRU_PF4_RGC_DPG.D,2026-07-29T21:38:03+00:00
2022-11-29,2.135,PET.EER_EPMRU_PF4_RGC_DPG.D,https://www.eia.gov/opendata/bulk/PET.zip#PET.EER_EPMRU_PF4_RGC_DPG.D,2026-07-29T21:38:03+00:00
2022-11-30,2.289,PET.EER_EPMRU_PF4_RGC_DPG.D,https://www.eia.gov/opendata/bulk/PET.zip#PET.EER_EPMRU_PF4_RGC_DPG.D,2026-07-29T21:38:03+00:00
2022-12-01,2.202,PET.EER_EPMRU_PF4_RGC_DPG.D,https://www.eia.gov/opendata/bulk/PET.zip#PET.EER_EPMRU_PF4_RGC_DPG.D,2026-07-29T21:38:03+00:00
2022-12-02,2.136,PET.EER_EPMRU_PF4_RGC_DPG.D,https://www.eia.gov/opendata/bulk/PET.zip#PET.EER_EPMRU_PF4_RGC_DPG.D,2026-07-29T21:38:03+00:00
2022-12-05,2.048,PET.EER_EPMRU_PF4_RGC_DPG.D,https://www.eia.gov/opendata/bulk/PET.zip#PET.EER_EPMRU_PF4_RGC_DPG.D,2026-07-29T21:38:03+00:00
2022-12-06,2.029,PET.EER_EPMRU_PF4_RGC_DPG.D,https://www.eia.gov/opendata/bulk/PET.zip#PET.EER_EPMRU_PF4_RGC_DPG.D,2026-07-29T21:38:03+00:00
2022-12-07,1.968,PET.EER_EPMRU_PF4_RGC_DPG.D,https://www.eia.gov/opendata/bulk/PET.zip#PET.EER_EPMRU_PF4_RGC_DPG.D,2026-07-29T21:38:03+00:00
2022-12-08,1.979,PET.EER_EPMRU_PF4_RGC_DPG.D,https://www.eia.gov/opendata/bulk/PET.zip#PET.EER_EPMRU_PF4_RGC_DPG.D,2026-07-29T21:38:03+00:00
2022-12-09,1.982,PET.EER_EPMRU_PF4_RGC_DPG.D,https://www.eia.gov/opendata/bulk/PET.zip#PET.EER_EPMRU_PF4_RGC_DPG.D,2026-07-29T21:38:03+00:00
2022-12-12,1.986,PET.EER_EPMRU_PF4_RGC_DPG.D,https://www.eia.gov/opendata/bulk/PET.zip#PET.EER_EPMRU_PF4_RGC_DPG.D,2026-07-29T21:38:03+00:00
2022-12-14,2.152,PET.EER_EPMRU_PF4_RGC_DPG.D,https://www.eia.gov/opendata/bulk/PET.zip#PET.EER_EPMRU_PF4_RGC_DPG.D,2026-07-29T21:38:03+00:00
2022-12-15,2.049,PET.EER_EPMRU_PF4_RGC_DPG.D,https://www.eia.gov/opendata/bulk/PET.zip#PET.EER_EPMRU_PF4_RGC_DPG.D,2026-07-29T21:38:03+00:00
2022-12-16,2.009,PET.EER_EPMRU_PF4_RGC_DPG.D,https://www.eia.gov/opendata/bulk/PET.zip#PET.EER_EPMRU_PF4_RGC_DPG.D,2026-07-29T21:38:03+00:00
2022-12-19,2.088,PET.EER_EPMRU_PF4_RGC_DPG.D,https://www.eia.gov/opendata/bulk/PET.zip#PET.EER_EPMRU_PF4_RGC_DPG.D,2026-07-29T21:38:03+00:00
2022-12-20,2.170,PET.EER_EPMRU_PF4_RGC_DPG.D,https://www.eia.gov/opendata/bulk/PET.zip#PET.EER_EPMRU_PF4_RGC_DPG.D,2026-07-29T21:38:03+00:00
2022-12-21,2.192,PET.EER_EPMRU_PF4_RGC_DPG.D,https://www.eia.gov/opendata/bulk/PET.zip#PET.EER_EPMRU_PF4_RGC_DPG.D,2026-07-29T21:38:03+00:00
2022-12-22,2.203,PET.EER_EPMRU_PF4_RGC_DPG.D,https://www.eia.gov/opendata/bulk/PET.zip#PET.EER_EPMRU_PF4_RGC_DPG.D,2026-07-29T21:38:03+00:00
2022-12-23,2.304,PET.EER_EPMRU_PF4_RGC_DPG.D,https://www.eia.gov/opendata/bulk/PET.zip#PET.EER_EPMRU_PF4_RGC_DPG.D,2026-07-29T21:38:03+00:00
2022-12-26,2.304,PET.EER_EPMRU_PF4_RGC_DPG.D,https://www.eia.gov/opendata/bulk/PET.zip#PET.EER_EPMRU_PF4_RGC_DPG.D,2026-07-29T21:38:03+00:00
2022-12-27,2.368,PET.EER_EPMRU_PF4_RGC_DPG.D,https://www.eia.gov/opendata/bulk/PET.zip#PET.EER_EPMRU_PF4_RGC_DPG.D,2026-07-29T21:38:03+00:00
2022-12-28,2.383,PET.EER_EPMRU_PF4_RGC_DPG.D,https://www.eia.gov/opendata/bulk/PET.zip#PET.EER_EPMRU_PF4_RGC_DPG.D,2026-07-29T21:38:03+00:00
2022-12-29,2.401,PET.EER_EPMRU_PF4_RGC_DPG.D,https://www.eia.gov/opendata/bulk/PET.zip#PET.EER_EPMRU_PF4_RGC_DPG.D,2026-07-29T21:38:03+00:00
2022-12-30,2.577,PET.EER_EPMRU_PF4_RGC_DPG.D,https://www.eia.gov/opendata/bulk/PET.zip#PET.EER_EPMRU_PF4_RGC_DPG.D,2026-07-29T21:38:03+00:00
2023-01-03,2.418,PET.EER_EPMRU_PF4_RGC_DPG.D,https://www.eia.gov/opendata/bulk/PET.zip#PET.EER_EPMRU_PF4_RGC_DPG.D,2026-07-29T21:38:03+00:00
2023-01-04,2.338,PET.EER_EPMRU_PF4_RGC_DPG.D,https://www.eia.gov/opendata/bulk/PET.zip#PET.EER_EPMRU_PF4_RGC_DPG.D,2026-07-29T21:38:03+00:00
2023-01-05,2.277,PET.EER_EPMRU_PF4_RGC_DPG.D,https://www.eia.gov/opendata/bulk/PET.zip#PET.EER_EPMRU_PF4_RGC_DPG.D,2026-07-29T21:38:03+00:00
2023-01-06,2.299,PET.EER_EPMRU_PF4_RGC_DPG.D,https://www.eia.gov/opendata/bulk/PET.zip#PET.EER_EPMRU_PF4_RGC_DPG.D,2026-07-29T21:38:03+00:00
2023-01-09,2.308,PET.EER_EPMRU_PF4_RGC_DPG.D,https://www.eia.gov/opendata/bulk/PET.zip#PET.EER_EPMRU_PF4_RGC_DPG.D,2026-07-29T21:38:03+00:00
2023-01-10,2.322,PET.EER_EPMRU_PF4_RGC_DPG.D,https://www.eia.gov/opendata/bulk/PET.zip#PET.EER_EPMRU_PF4_RGC_DPG.D,2026-07-29T21:38:03+00:00
2023-01-11,2.467,PET.EER_EPMRU_PF4_RGC_DPG.D,https://www.eia.gov/opendata/bulk/PET.zip#PET.EER_EPMRU_PF4_RGC_DPG.D,2026-07-29T21:38:03+00:00
2023-01-12,2.488,PET.EER_EPMRU_PF4_RGC_DPG.D,https://www.eia.gov/opendata/bulk/PET.zip#PET.EER_EPMRU_PF4_RGC_DPG.D,2026-07-29T21:38:03+00:00
2023-01-13,2.596,PET.EER_EPMRU_PF4_RGC_DPG.D,https://www.eia.gov/opendata/bulk/PET.zip#PET.EER_EPMRU_PF4_RGC_DPG.D,2026-07-29T21:38:03+00:00
2023-01-17,2.617,PET.EER_EPMRU_PF4_RGC_DPG.D,https://www.eia.gov/opendata/bulk/PET.zip#PET.EER_EPMRU_PF4_RGC_DPG.D,2026-07-29T21:38:03+00:00
2023-01-18,2.580,PET.EER_EPMRU_PF4_RGC_DPG.D,https://www.eia.gov/opendata/bulk/PET.zip#PET.EER_EPMRU_PF4_RGC_DPG.D,2026-07-29T21:38:03+00:00
2023-01-19,2.671,PET.EER_EPMRU_PF4_RGC_DPG.D,https://www.eia.gov/opendata/bulk/PET.zip#PET.EER_EPMRU_PF4_RGC_DPG.D,2026-07-29T21:38:03+00:00
2023-01-20,2.737,PET.EER_EPMRU_PF4_RGC_DPG.D,https://www.eia.gov/opendata/bulk/PET.zip#PET.EER_EPMRU_PF4_RGC_DPG.D,2026-07-29T21:38:03+00:00
2023-01-23,2.769,PET.EER_EPMRU_PF4_RGC_DPG.D,https://www.eia.gov/opendata/bulk/PET.zip#PET.EER_EPMRU_PF4_RGC_DPG.D,2026-07-29T21:38:03+00:00
2023-01-24,2.739,PET.EER_EPMRU_PF4_RGC_DPG.D,https://www.eia.gov/opendata/bulk/PET.zip#PET.EER_EPMRU_PF4_RGC_DPG.D,2026-07-29T21:38:03+00:00
2023-01-25,2.634,PET.EER_EPMRU_PF4_RGC_DPG.D,https://www.eia.gov/opendata/bulk/PET.zip#PET.EER_EPMRU_PF4_RGC_DPG.D,2026-07-29T21:38:03+00:00
2023-01-26,2.657,PET.EER_EPMRU_PF4_RGC_DPG.D,https://www.eia.gov/opendata/bulk/PET.zip#PET.EER_EPMRU_PF4_RGC_DPG.D,2026-07-29T21:38:03+00:00
2023-01-27,2.625,PET.EER_EPMRU_PF4_RGC_DPG.D,https://www.eia.gov/opendata/bulk/PET.zip#PET.EER_EPMRU_PF4_RGC_DPG.D,2026-07-29T21:38:03+00:00
2023-01-30,2.538,PET.EER_EPMRU_PF4_RGC_DPG.D,https://www.eia.gov/opendata/bulk/PET.zip#PET.EER_EPMRU_PF4_RGC_DPG.D,2026-07-29T21:38:03+00:00
2023-01-31,2.602,PET.EER_EPMRU_PF4_RGC_DPG.D,https://www.eia.gov/opendata/bulk/PET.zip#PET.EER_EPMRU_PF4_RGC_DPG.D,2026-07-29T21:38:03+00:00
2023-02-01,2.510,PET.EER_EPMRU_PF4_RGC_DPG.D,https://www.eia.gov/opendata/bulk/PET.zip#PET.EER_EPMRU_PF4_RGC_DPG.D,2026-07-29T21:38:03+00:00
2023-02-02,2.504,PET.EER_EPMRU_PF4_RGC_DPG.D,https://www.eia.gov/opendata/bulk/PET.zip#PET.EER_EPMRU_PF4_RGC_DPG.D,2026-07-29T21:38:03+00:00
2023-02-03,2.362,PET.EER_EPMRU_PF4_RGC_DPG.D,https://www.eia.gov/opendata/bulk/PET.zip#PET.EER_EPMRU_PF4_RGC_DPG.D,2026-07-29T21:38:03+00:00
2023-02-06,2.369,PET.EER_EPMRU_PF4_RGC_DPG.D,https://www.eia.gov/opendata/bulk/PET.zip#PET.EER_EPMRU_PF4_RGC_DPG.D,2026-07-29T21:38:03+00:00
2023-02-07,2.549,PET.EER_EPMRU_PF4_RGC_DPG.D,https://www.eia.gov/opendata/bulk/PET.zip#PET.EER_EPMRU_PF4_RGC_DPG.D,2026-07-29T21:38:03+00:00
2023-02-08,2.523,PET.EER_EPMRU_PF4_RGC_DPG.D,https://www.eia.gov/opendata/bulk/PET.zip#PET.EER_EPMRU_PF4_RGC_DPG.D,2026-07-29T21:38:03+00:00
2023-02-09,2.502,PET.EER_EPMRU_PF4_RGC_DPG.D,https://www.eia.gov/opendata/bulk/PET.zip#PET.EER_EPMRU_PF4_RGC_DPG.D,2026-07-29T21:38:03+00:00
2023-02-10,2.569,PET.EER_EPMRU_PF4_RGC_DPG.D,https://www.eia.gov/opendata/bulk/PET.zip#PET.EER_EPMRU_PF4_RGC_DPG.D,2026-07-29T21:38:03+00:00
2023-02-13,2.569,PET.EER_EPMRU_PF4_RGC_DPG.D,https://www.eia.gov/opendata/bulk/PET.zip#PET.EER_EPMRU_PF4_RGC_DPG.D,2026-07-29T21:38:03+00:00
2023-02-14,2.529,PET.EER_EPMRU_PF4_RGC_DPG.D,https://www.eia.gov/opendata/bulk/PET.zip#PET.EER_EPMRU_PF4_RGC_DPG.D,2026-07-29T21:38:03+00:00
2023-02-15,2.518,PET.EER_EPMRU_PF4_RGC_DPG.D,https://www.eia.gov/opendata/bulk/PET.zip#PET.EER_EPMRU_PF4_RGC_DPG.D,2026-07-29T21:38:03+00:00
2023-02-16,2.453,PET.EER_EPMRU_PF4_RGC_DPG.D,https://www.eia.gov/opendata/bulk/PET.zip#PET.EER_EPMRU_PF4_RGC_DPG.D,2026-07-29T21:38:03+00:00
2023-02-17,2.439,PET.EER_EPMRU_PF4_RGC_DPG.D,https://www.eia.gov/opendata/bulk/PET.zip#PET.EER_EPMRU_PF4_RGC_DPG.D,2026-07-29T21:38:03+00:00
2023-02-21,2.452,PET.EER_EPMRU_PF4_RGC_DPG.D,https://www.eia.gov/opendata/bulk/PET.zip#PET.EER_EPMRU_PF4_RGC_DPG.D,2026-07-29T21:38:03+00:00
2023-02-22,2.320,PET.EER_EPMRU_PF4_RGC_DPG.D,https://www.eia.gov/opendata/bulk/PET.zip#PET.EER_EPMRU_PF4_RGC_DPG.D,2026-07-29T21:38:03+00:00
2023-02-23,2.171,PET.EER_EPMRU_PF4_RGC_DPG.D,https://www.eia.gov/opendata/bulk/PET.zip#PET.EER_EPMRU_PF4_RGC_DPG.D,2026-07-29T21:38:03+00:00
2023-02-24,2.155,PET.EER_EPMRU_PF4_RGC_DPG.D,https://www.eia.gov/opendata/bulk/PET.zip#PET.EER_EPMRU_PF4_RGC_DPG.D,2026-07-29T21:38:03+00:00
2023-02-27,2.176,PET.EER_EPMRU_PF4_RGC_DPG.D,https://www.eia.gov/opendata/bulk/PET.zip#PET.EER_EPMRU_PF4_RGC_DPG.D,2026-07-29T21:38:03+00:00
2023-02-28,2.232,PET.EER_EPMRU_PF4_RGC_DPG.D,https://www.eia.gov/opendata/bulk/PET.zip#PET.EER_EPMRU_PF4_RGC_DPG.D,2026-07-29T21:38:03+00:00
2023-03-01,2.476,PET.EER_EPMRU_PF4_RGC_DPG.D,https://www.eia.gov/opendata/bulk/PET.zip#PET.EER_EPMRU_PF4_RGC_DPG.D,2026-07-29T21:38:03+00:00
2023-03-02,2.473,PET.EER_EPMRU_PF4_RGC_DPG.D,https://www.eia.gov/opendata/bulk/PET.zip#PET.EER_EPMRU_PF4_RGC_DPG.D,2026-07-29T21:38:03+00:00
2023-03-03,2.549,PET.EER_EPMRU_PF4_RGC_DPG.D,https://www.eia.gov/opendata/bulk/PET.zip#PET.EER_EPMRU_PF4_RGC_DPG.D,2026-07-29T21:38:03+00:00
2023-03-06,2.564,PET.EER_EPMRU_PF4_RGC_DPG.D,https://www.eia.gov/opendata/bulk/PET.zip#PET.EER_EPMRU_PF4_RGC_DPG.D,2026-07-29T21:38:03+00:00
2023-03-08,2.586,PET.EER_EPMRU_PF4_RGC_DPG.D,https://www.eia.gov/opendata/bulk/PET.zip#PET.EER_EPMRU_PF4_RGC_DPG.D,2026-07-29T21:38:03+00:00
2023-03-09,2.496,PET.EER_EPMRU_PF4_RGC_DPG.D,https://www.eia.gov/opendata/bulk/PET.zip#PET.EER_EPMRU_PF4_RGC_DPG.D,2026-07-29T21:38:03+00:00
2023-03-10,2.550,PET.EER_EPMRU_PF4_RGC_DPG.D,https://www.eia.gov/opendata/bulk/PET.zip#PET.EER_EPMRU_PF4_RGC_DPG.D,2026-07-29T21:38:03+00:00
2023-03-13,2.507,PET.EER_EPMRU_PF4_RGC_DPG.D,https://www.eia.gov/opendata/bulk/PET.zip#PET.EER_EPMRU_PF4_RGC_DPG.D,2026-07-29T21:38:03+00:00
2023-03-14,2.496,PET.EER_EPMRU_PF4_RGC_DPG.D,https://www.eia.gov/opendata/bulk/PET.zip#PET.EER_EPMRU_PF4_RGC_DPG.D,2026-07-29T21:38:03+00:00
2023-03-15,2.408,PET.EER_EPMRU_PF4_RGC_DPG.D,https://www.eia.gov/opendata/bulk/PET.zip#PET.EER_EPMRU_PF4_RGC_DPG.D,2026-07-29T21:38:03+00:00
2023-03-16,2.484,PET.EER_EPMRU_PF4_RGC_DPG.D,https://www.eia.gov/opendata/bulk/PET.zip#PET.EER_EPMRU_PF4_RGC_DPG.D,2026-07-29T21:38:03+00:00
2023-03-17,2.469,PET.EER_EPMRU_PF4_RGC_DPG.D,https://www.eia.gov/opendata/bulk/PET.zip#PET.EER_EPMRU_PF4_RGC_DPG.D,2026-07-29T21:38:03+00:00
2023-03-20,2.516,PET.EER_EPMRU_PF4_RGC_DPG.D,https://www.eia.gov/opendata/bulk/PET.zip#PET.EER_EPMRU_PF4_RGC_DPG.D,2026-07-29T21:38:03+00:00
2023-03-21,2.465,PET.EER_EPMRU_PF4_RGC_DPG.D,https://www.eia.gov/opendata/bulk/PET.zip#PET.EER_EPMRU_PF4_RGC_DPG.D,2026-07-29T21:38:03+00:00
2023-03-22,2.520,PET.EER_EPMRU_PF4_RGC_DPG.D,https://www.eia.gov/opendata/bulk/PET.zip#PET.EER_EPMRU_PF4_RGC_DPG.D,2026-07-29T21:38:03+00:00
2023-03-23,2.558,PET.EER_EPMRU_PF4_RGC_DPG.D,https://www.eia.gov/opendata/bulk/PET.zip#PET.EER_EPMRU_PF4_RGC_DPG.D,2026-07-29T21:38:03+00:00
2023-03-24,2.558,PET.EER_EPMRU_PF4_RGC_DPG.D,https://www.eia.gov/opendata/bulk/PET.zip#PET.EER_EPMRU_PF4_RGC_DPG.D,2026-07-29T21:38:03+00:00
2023-03-27,2.645,PET.EER_EPMRU_PF4_RGC_DPG.D,https://www.eia.gov/opendata/bulk/PET.zip#PET.EER_EPMRU_PF4_RGC_DPG.D,2026-07-29T21:38:03+00:00
2023-03-28,2.658,PET.EER_EPMRU_PF4_RGC_DPG.D,https://www.eia.gov/opendata/bulk/PET.zip#PET.EER_EPMRU_PF4_RGC_DPG.D,2026-07-29T21:38:03+00:00
2023-03-29,2.609,PET.EER_EPMRU_PF4_RGC_DPG.D,https://www.eia.gov/opendata/bulk/PET.zip#PET.EER_EPMRU_PF4_RGC_DPG.D,2026-07-29T21:38:03+00:00
2023-03-30,2.570,PET.EER_EPMRU_PF4_RGC_DPG.D,https://www.eia.gov/opendata/bulk/PET.zip#PET.EER_EPMRU_PF4_RGC_DPG.D,2026-07-29T21:38:03+00:00
2023-03-31,2.618,PET.EER_EPMRU_PF4_RGC_DPG.D,https://www.eia.gov/opendata/bulk/PET.zip#PET.EER_EPMRU_PF4_RGC_DPG.D,2026-07-29T21:38:03+00:00
2023-04-03,2.686,PET.EER_EPMRU_PF4_RGC_DPG.D,https://www.eia.gov/opendata/bulk/PET.zip#PET.EER_EPMRU_PF4_RGC_DPG.D,2026-07-29T21:38:03+00:00
2023-04-04,2.664,PET.EER_EPMRU_PF4_RGC_DPG.D,https://www.eia.gov/opendata/bulk/PET.zip#PET.EER_EPMRU_PF4_RGC_DPG.D,2026-07-29T21:38:03+00:00
2023-04-05,2.760,PET.EER_EPMRU_PF4_RGC_DPG.D,https://www.eia.gov/opendata/bulk/PET.zip#PET.EER_EPMRU_PF4_RGC_DPG.D,2026-07-29T21:38:03+00:00
2023-04-06,2.763,PET.EER_EPMRU_PF4_RGC_DPG.D,https://www.eia.gov/opendata/bulk/PET.zip#PET.EER_EPMRU_PF4_RGC_DPG.D,2026-07-29T21:38:03+00:00
2023-04-10,2.772,PET.EER_EPMRU_PF4_RGC_DPG.D,https://www.eia.gov/opendata/bulk/PET.zip#PET.EER_EPMRU_PF4_RGC_DPG.D,2026-07-29T21:38:03+00:00
2023-04-11,2.809,PET.EER_EPMRU_PF4_RGC_DPG.D,https://www.eia.gov/opendata/bulk/PET.zip#PET.EER_EPMRU_PF4_RGC_DPG.D,2026-07-29T21:38:03+00:00
2023-04-12,2.787,PET.EER_EPMRU_PF4_RGC_DPG.D,https://www.eia.gov/opendata/bulk/PET.zip#PET.EER_EPMRU_PF4_RGC_DPG.D,2026-07-29T21:38:03+00:00
2023-04-13,2.750,PET.EER_EPMRU_PF4_RGC_DPG.D,https://www.eia.gov/opendata/bulk/PET.zip#PET.EER_EPMRU_PF4_RGC_DPG.D,2026-07-29T21:38:03+00:00
2023-04-14,2.754,PET.EER_EPMRU_PF4_RGC_DPG.D,https://www.eia.gov/opendata/bulk/PET.zip#PET.EER_EPMRU_PF4_RGC_DPG.D,2026-07-29T21:38:03+00:00
2023-04-17,2.678,PET.EER_EPMRU_PF4_RGC_DPG.D,https://www.eia.gov/opendata/bulk/PET.zip#PET.EER_EPMRU_PF4_RGC_DPG.D,2026-07-29T21:38:03+00:00
2023-04-18,2.638,PET.EER_EPMRU_PF4_RGC_DPG.D,https://www.eia.gov/opendata/bulk/PET.zip#PET.EER_EPMRU_PF4_RGC_DPG.D,2026-07-29T21:38:03+00:00
2023-04-19,2.526,PET.EER_EPMRU_PF4_RGC_DPG.D,https://www.eia.gov/opendata/bulk/PET.zip#PET.EER_EPMRU_PF4_RGC_DPG.D,2026-07-29T21:38:03+00:00
2023-04-20,2.473,PET.EER_EPMRU_PF4_RGC_DPG.D,https://www.eia.gov/opendata/bulk/PET.zip#PET.EER_EPMRU_PF4_RGC_DPG.D,2026-07-29T21:38:03+00:00
2023-04-21,2.454,PET.EER_EPMRU_PF4_RGC_DPG.D,https://www.eia.gov/opendata/bulk/PET.zip#PET.EER_EPMRU_PF4_RGC_DPG.D,2026-07-29T21:38:03+00:00
2023-04-24,2.483,PET.EER_EPMRU_PF4_RGC_DPG.D,https://www.eia.gov/opendata/bulk/PET.zip#PET.EER_EPMRU_PF4_RGC_DPG.D,2026-07-29T21:38:03+00:00
2023-04-25,2.441,PET.EER_EPMRU_PF4_RGC_DPG.D,https://www.eia.gov/opendata/bulk/PET.zip#PET.EER_EPMRU_PF4_RGC_DPG.D,2026-07-29T21:38:03+00:00
2023-04-26,2.401,PET.EER_EPMRU_PF4_RGC_DPG.D,https://www.eia.gov/opendata/bulk/PET.zip#PET.EER_EPMRU_PF4_RGC_DPG.D,2026-07-29T21:38:03+00:00
2023-04-27,2.418,PET.EER_EPMRU_PF4_RGC_DPG.D,https://www.eia.gov/opendata/bulk/PET.zip#PET.EER_EPMRU_PF4_RGC_DPG.D,2026-07-29T21:38:03+00:00
2023-04-28,2.446,PET.EER_EPMRU_PF4_RGC_DPG.D,https://www.eia.gov/opendata/bulk/PET.zip#PET.EER_EPMRU_PF4_RGC_DPG.D,2026-07-29T21:38:03+00:00
2023-05-01,2.462,PET.EER_EPMRU_PF4_RGC_DPG.D,https://www.eia.gov/opendata/bulk/PET.zip#PET.EER_EPMRU_PF4_RGC_DPG.D,2026-07-29T21:38:03+00:00
2023-05-02,2.341,PET.EER_EPMRU_PF4_RGC_DPG.D,https://www.eia.gov/opendata/bulk/PET.zip#PET.EER_EPMRU_PF4_RGC_DPG.D,2026-07-29T21:38:03+00:00
2023-05-03,2.219,PET.EER_EPMRU_PF4_RGC_DPG.D,https://www.eia.gov/opendata/bulk/PET.zip#PET.EER_EPMRU_PF4_RGC_DPG.D,2026-07-29T21:38:03+00:00
2023-05-04,2.257,PET.EER_EPMRU_PF4_RGC_DPG.D,https://www.eia.gov/opendata/bulk/PET.zip#PET.EER_EPMRU_PF4_RGC_DPG.D,2026-07-29T21:38:03+00:00
2023-05-05,2.333,PET.EER_EPMRU_PF4_RGC_DPG.D,https://www.eia.gov/opendata/bulk/PET.zip#PET.EER_EPMRU_PF4_RGC_DPG.D,2026-07-29T21:38:03+00:00
2023-05-08,2.403,PET.EER_EPMRU_PF4_RGC_DPG.D,https://www.eia.gov/opendata/bulk/PET.zip#PET.EER_EPMRU_PF4_RGC_DPG.D,2026-07-29T21:38:03+00:00
2023-05-09,2.420,PET.EER_EPMRU_PF4_RGC_DPG.D,https://www.eia.gov/opendata/bulk/PET.zip#PET.EER_EPMRU_PF4_RGC_DPG.D,2026-07-29T21:38:03+00:00
2023-05-10,2.436,PET.EER_EPMRU_PF4_RGC_DPG.D,https://www.eia.gov/opendata/bulk/PET.zip#PET.EER_EPMRU_PF4_RGC_DPG.D,2026-07-29T21:38:03+00:00
2023-05-11,2.409,PET.EER_EPMRU_PF4_RGC_DPG.D,https://www.eia.gov/opendata/bulk/PET.zip#PET.EER_EPMRU_PF4_RGC_DPG.D,2026-07-29T21:38:03+00:00
2023-05-12,2.341,PET.EER_EPMRU_PF4_RGC_DPG.D,https://www.eia.gov/opendata/bulk/PET.zip#PET.EER_EPMRU_PF4_RGC_DPG.D,2026-07-29T21:38:03+00:00
2023-05-15,2.390,PET.EER_EPMRU_PF4_RGC_DPG.D,https://www.eia.gov/opendata/bulk/PET.zip#PET.EER_EPMRU_PF4_RGC_DPG.D,2026-07-29T21:38:03+00:00
2023-05-16,2.406,PET.EER_EPMRU_PF4_RGC_DPG.D,https://www.eia.gov/opendata/bulk/PET.zip#PET.EER_EPMRU_PF4_RGC_DPG.D,2026-07-29T21:38:03+00:00
2023-05-17,2.492,PET.EER_EPMRU_PF4_RGC_DPG.D,https://www.eia.gov/opendata/bulk/PET.zip#PET.EER_EPMRU_PF4_RGC_DPG.D,2026-07-29T21:38:03+00:00
2023-05-18,2.468,PET.EER_EPMRU_PF4_RGC_DPG.D,https://www.eia.gov/opendata/bulk/PET.zip#PET.EER_EPMRU_PF4_RGC_DPG.D,2026-07-29T21:38:03+00:00
2023-05-19,2.433,PET.EER_EPMRU_PF4_RGC_DPG.D,https://www.eia.gov/opendata/bulk/PET.zip#PET.EER_EPMRU_PF4_RGC_DPG.D,2026-07-29T21:38:03+00:00
2023-05-22,2.578,PET.EER_EPMRU_PF4_RGC_DPG.D,https://www.eia.gov/opendata/bulk/PET.zip#PET.EER_EPMRU_PF4_RGC_DPG.D,2026-07-29T21:38:03+00:00
2023-05-23,2.577,PET.EER_EPMRU_PF4_RGC_DPG.D,https://www.eia.gov/opendata/bulk/PET.zip#PET.EER_EPMRU_PF4_RGC_DPG.D,2026-07-29T21:38:03+00:00
2023-05-24,2.625,PET.EER_EPMRU_PF4_RGC_DPG.D,https://www.eia.gov/opendata/bulk/PET.zip#PET.EER_EPMRU_PF4_RGC_DPG.D,2026-07-29T21:38:03+00:00
2023-05-25,2.575,PET.EER_EPMRU_PF4_RGC_DPG.D,https://www.eia.gov/opendata/bulk/PET.zip#PET.EER_EPMRU_PF4_RGC_DPG.D,2026-07-29T21:38:03+00:00
2023-05-26,2.655,PET.EER_EPMRU_PF4_RGC_DPG.D,https://www.eia.gov/opendata/bulk/PET.zip#PET.EER_EPMRU_PF4_RGC_DPG.D,2026-07-29T21:38:03+00:00
2023-05-30,2.555,PET.EER_EPMRU_PF4_RGC_DPG.D,https://www.eia.gov/opendata/bulk/PET.zip#PET.EER_EPMRU_PF4_RGC_DPG.D,2026-07-29T21:38:03+00:00
2023-05-31,2.459,PET.EER_EPMRU_PF4_RGC_DPG.D,https://www.eia.gov/opendata/bulk/PET.zip#PET.EER_EPMRU_PF4_RGC_DPG.D,2026-07-29T21:38:03+00:00
2023-06-01,2.348,PET.EER_EPMRU_PF4_RGC_DPG.D,https://www.eia.gov/opendata/bulk/PET.zip#PET.EER_EPMRU_PF4_RGC_DPG.D,2026-07-29T21:38:03+00:00
2023-06-02,2.418,PET.EER_EPMRU_PF4_RGC_DPG.D,https://www.eia.gov/opendata/bulk/PET.zip#PET.EER_EPMRU_PF4_RGC_DPG.D,2026-07-29T21:38:03+00:00
2023-06-05,2.443,PET.EER_EPMRU_PF4_RGC_DPG.D,https://www.eia.gov/opendata/bulk/PET.zip#PET.EER_EPMRU_PF4_RGC_DPG.D,2026-07-29T21:38:03+00:00
2023-06-06,2.474,PET.EER_EPMRU_PF4_RGC_DPG.D,https://www.eia.gov/opendata/bulk/PET.zip#PET.EER_EPMRU_PF4_RGC_DPG.D,2026-07-29T21:38:03+00:00
2023-06-07,2.555,PET.EER_EPMRU_PF4_RGC_DPG.D,https://www.eia.gov/opendata/bulk/PET.zip#PET.EER_EPMRU_PF4_RGC_DPG.D,2026-07-29T21:38:03+00:00
2023-06-08,2.481,PET.EER_EPMRU_PF4_RGC_DPG.D,https://www.eia.gov/opendata/bulk/PET.zip#PET.EER_EPMRU_PF4_RGC_DPG.D,2026-07-29T21:38:03+00:00
2023-06-09,2.523,PET.EER_EPMRU_PF4_RGC_DPG.D,https://www.eia.gov/opendata/bulk/PET.zip#PET.EER_EPMRU_PF4_RGC_DPG.D,2026-07-29T21:38:03+00:00
2023-06-12,2.381,PET.EER_EPMRU_PF4_RGC_DPG.D,https://www.eia.gov/opendata/bulk/PET.zip#PET.EER_EPMRU_PF4_RGC_DPG.D,2026-07-29T21:38:03+00:00
2023-06-13,2.431,PET.EER_EPMRU_PF4_RGC_DPG.D,https://www.eia.gov/opendata/bulk/PET.zip#PET.EER_EPMRU_PF4_RGC_DPG.D,2026-07-29T21:38:03+00:00
2023-06-14,2.440,PET.EER_EPMRU_PF4_RGC_DPG.D,https://www.eia.gov/opendata/bulk/PET.zip#PET.EER_EPMRU_PF4_RGC_DPG.D,2026-07-29T21:38:03+00:00
2023-06-15,2.494,PET.EER_EPMRU_PF4_RGC_DPG.D,https://www.eia.gov/opendata/bulk/PET.zip#PET.EER_EPMRU_PF4_RGC_DPG.D,2026-07-29T21:38:03+00:00
2023-06-16,2.522,PET.EER_EPMRU_PF4_RGC_DPG.D,https://www.eia.gov/opendata/bulk/PET.zip#PET.EER_EPMRU_PF4_RGC_DPG.D,2026-07-29T21:38:03+00:00
2023-06-20,2.427,PET.EER_EPMRU_PF4_RGC_DPG.D,https://www.eia.gov/opendata/bulk/PET.zip#PET.EER_EPMRU_PF4_RGC_DPG.D,2026-07-29T21:38:03+00:00
2023-06-21,2.531,PET.EER_EPMRU_PF4_RGC_DPG.D,https://www.eia.gov/opendata/bulk/PET.zip#PET.EER_EPMRU_PF4_RGC_DPG.D,2026-07-29T21:38:03+00:00
2023-06-22,2.362,PET.EER_EPMRU_PF4_RGC_DPG.D,https://www.eia.gov/opendata/bulk/PET.zip#PET.EER_EPMRU_PF4_RGC_DPG.D,2026-07-29T21:38:03+00:00
2023-06-23,2.311,PET.EER_EPMRU_PF4_RGC_DPG.D,https://www.eia.gov/opendata/bulk/PET.zip#PET.EER_EPMRU_PF4_RGC_DPG.D,2026-07-29T21:38:03+00:00
2023-06-26,2.375,PET.EER_EPMRU_PF4_RGC_DPG.D,https://www.eia.gov/opendata/bulk/PET.zip#PET.EER_EPMRU_PF4_RGC_DPG.D,2026-07-29T21:38:03+00:00
2023-06-27,2.332,PET.EER_EPMRU_PF4_RGC_DPG.D,https://www.eia.gov/opendata/bulk/PET.zip#PET.EER_EPMRU_PF4_RGC_DPG.D,2026-07-29T21:38:03+00:00
2023-06-28,2.360,PET.EER_EPMRU_PF4_RGC_DPG.D,https://www.eia.gov/opendata/bulk/PET.zip#PET.EER_EPMRU_PF4_RGC_DPG.D,2026-07-29T21:38:03+00:00
2023-06-29,2.343,PET.EER_EPMRU_PF4_RGC_DPG.D,https://www.eia.gov/opendata/bulk/PET.zip#PET.EER_EPMRU_PF4_RGC_DPG.D,2026-07-29T21:38:03+00:00
2023-06-30,2.411,PET.EER_EPMRU_PF4_RGC_DPG.D,https://www.eia.gov/opendata/bulk/PET.zip#PET.EER_EPMRU_PF4_RGC_DPG.D,2026-07-29T21:38:03+00:00
2023-07-03,2.371,PET.EER_EPMRU_PF4_RGC_DPG.D,https://www.eia.gov/opendata/bulk/PET.zip#PET.EER_EPMRU_PF4_RGC_DPG.D,2026-07-29T21:38:03+00:00
2023-07-05,2.438,PET.EER_EPMRU_PF4_RGC_DPG.D,https://www.eia.gov/opendata/bulk/PET.zip#PET.EER_EPMRU_PF4_RGC_DPG.D,2026-07-29T21:38:03+00:00
2023-07-06,2.450,PET.EER_EPMRU_PF4_RGC_DPG.D,https://www.eia.gov/opendata/bulk/PET.zip#PET.EER_EPMRU_PF4_RGC_DPG.D,2026-07-29T21:38:03+00:00
2023-07-07,2.480,PET.EER_EPMRU_PF4_RGC_DPG.D,https://www.eia.gov/opendata/bulk/PET.zip#PET.EER_EPMRU_PF4_RGC_DPG.D,2026-07-29T21:38:03+00:00
2023-07-10,2.501,PET.EER_EPMRU_PF4_RGC_DPG.D,https://www.eia.gov/opendata/bulk/PET.zip#PET.EER_EPMRU_PF4_RGC_DPG.D,2026-07-29T21:38:03+00:00
2023-07-11,2.550,PET.EER_EPMRU_PF4_RGC_DPG.D,https://www.eia.gov/opendata/bulk/PET.zip#PET.EER_EPMRU_PF4_RGC_DPG.D,2026-07-29T21:38:03+00:00
2023-07-12,2.602,PET.EER_EPMRU_PF4_RGC_DPG.D,https://www.eia.gov/opendata/bulk/PET.zip#PET.EER_EPMRU_PF4_RGC_DPG.D,2026-07-29T21:38:03+00:00
2023-07-13,2.611,PET.EER_EPMRU_PF4_RGC_DPG.D,https://www.eia.gov/opendata/bulk/PET.zip#PET.EER_EPMRU_PF4_RGC_DPG.D,2026-07-29T21:38:03+00:00
2023-07-14,2.568,PET.EER_EPMRU_PF4_RGC_DPG.D,https://www.eia.gov/opendata/bulk/PET.zip#PET.EER_EPMRU_PF4_RGC_DPG.D,2026-07-29T21:38:03+00:00
2023-07-17,2.574,PET.EER_EPMRU_PF4_RGC_DPG.D,https://www.eia.gov/opendata/bulk/PET.zip#PET.EER_EPMRU_PF4_RGC_DPG.D,2026-07-29T21:38:03+00:00
2023-07-18,2.629,PET.EER_EPMRU_PF4_RGC_DPG.D,https://www.eia.gov/opendata/bulk/PET.zip#PET.EER_EPMRU_PF4_RGC_DPG.D,2026-07-29T21:38:03+00:00
2023-07-19,2.665,PET.EER_EPMRU_PF4_RGC_DPG.D,https://www.eia.gov/opendata/bulk/PET.zip#PET.EER_EPMRU_PF4_RGC_DPG.D,2026-07-29T21:38:03+00:00
2023-07-20,2.725,PET.EER_EPMRU_PF4_RGC_DPG.D,https://www.eia.gov/opendata/bulk/PET.zip#PET.EER_EPMRU_PF4_RGC_DPG.D,2026-07-29T21:38:03+00:00
2023-07-21,2.766,PET.EER_EPMRU_PF4_RGC_DPG.D,https://www.eia.gov/opendata/bulk/PET.zip#PET.EER_EPMRU_PF4_RGC_DPG.D,2026-07-29T21:38:03+00:00
2023-07-24,2.913,PET.EER_EPMRU_PF4_RGC_DPG.D,https://www.eia.gov/opendata/bulk/PET.zip#PET.EER_EPMRU_PF4_RGC_DPG.D,2026-07-29T21:38:03+00:00
2023-07-25,2.878,PET.EER_EPMRU_PF4_RGC_DPG.D,https://www.eia.gov/opendata/bulk/PET.zip#PET.EER_EPMRU_PF4_RGC_DPG.D,2026-07-29T21:38:03+00:00
2023-07-26,2.932,PET.EER_EPMRU_PF4_RGC_DPG.D,https://www.eia.gov/opendata/bulk/PET.zip#PET.EER_EPMRU_PF4_RGC_DPG.D,2026-07-29T21:38:03+00:00
2023-07-27,2.948,PET.EER_EPMRU_PF4_RGC_DPG.D,https://www.eia.gov/opendata/bulk/PET.zip#PET.EER_EPMRU_PF4_RGC_DPG.D,2026-07-29T21:38:03+00:00
2023-07-28,2.932,PET.EER_EPMRU_PF4_RGC_DPG.D,https://www.eia.gov/opendata/bulk/PET.zip#PET.EER_EPMRU_PF4_RGC_DPG.D,2026-07-29T21:38:03+00:00
2023-07-31,2.954,PET.EER_EPMRU_PF4_RGC_DPG.D,https://www.eia.gov/opendata/bulk/PET.zip#PET.EER_EPMRU_PF4_RGC_DPG.D,2026-07-29T21:38:03+00:00
2023-08-01,2.920,PET.EER_EPMRU_PF4_RGC_DPG.D,https://www.eia.gov/opendata/bulk/PET.zip#PET.EER_EPMRU_PF4_RGC_DPG.D,2026-07-29T21:38:03+00:00
2023-08-02,2.766,PET.EER_EPMRU_PF4_RGC_DPG.D,https://www.eia.gov/opendata/bulk/PET.zip#PET.EER_EPMRU_PF4_RGC_DPG.D,2026-07-29T21:38:03+00:00
2023-08-03,2.799,PET.EER_EPMRU_PF4_RGC_DPG.D,https://www.eia.gov/opendata/bulk/PET.zip#PET.EER_EPMRU_PF4_RGC_DPG.D,2026-07-29T21:38:03+00:00
2023-08-04,2.831,PET.EER_EPMRU_PF4_RGC_DPG.D,https://www.eia.gov/opendata/bulk/PET.zip#PET.EER_EPMRU_PF4_RGC_DPG.D,2026-07-29T21:38:03+00:00
2023-08-07,2.866,PET.EER_EPMRU_PF4_RGC_DPG.D,https://www.eia.gov/opendata/bulk/PET.zip#PET.EER_EPMRU_PF4_RGC_DPG.D,2026-07-29T21:38:03+00:00
2023-08-08,2.871,PET.EER_EPMRU_PF4_RGC_DPG.D,https://www.eia.gov/opendata/bulk/PET.zip#PET.EER_EPMRU_PF4_RGC_DPG.D,2026-07-29T21:38:03+00:00
2023-08-09,2.982,PET.EER_EPMRU_PF4_RGC_DPG.D,https://www.eia.gov/opendata/bulk/PET.zip#PET.EER_EPMRU_PF4_RGC_DPG.D,2026-07-29T21:38:03+00:00
2023-08-10,2.945,PET.EER_EPMRU_PF4_RGC_DPG.D,https://www.eia.gov/opendata/bulk/PET.zip#PET.EER_EPMRU_PF4_RGC_DPG.D,2026-07-29T21:38:03+00:00
2023-08-11,2.990,PET.EER_EPMRU_PF4_RGC_DPG.D,https://www.eia.gov/opendata/bulk/PET.zip#PET.EER_EPMRU_PF4_RGC_DPG.D,2026-07-29T21:38:03+00:00
2023-08-14,2.971,PET.EER_EPMRU_PF4_RGC_DPG.D,https://www.eia.gov/opendata/bulk/PET.zip#PET.EER_EPMRU_PF4_RGC_DPG.D,2026-07-29T21:38:03+00:00
2023-08-15,2.897,PET.EER_EPMRU_PF4_RGC_DPG.D,https://www.eia.gov/opendata/bulk/PET.zip#PET.EER_EPMRU_PF4_RGC_DPG.D,2026-07-29T21:38:03+00:00
2023-08-16,2.898,PET.EER_EPMRU_PF4_RGC_DPG.D,https://www.eia.gov/opendata/bulk/PET.zip#PET.EER_EPMRU_PF4_RGC_DPG.D,2026-07-29T21:38:03+00:00
2023-08-17,2.864,PET.EER_EPMRU_PF4_RGC_DPG.D,https://www.eia.gov/opendata/bulk/PET.zip#PET.EER_EPMRU_PF4_RGC_DPG.D,2026-07-29T21:38:03+00:00
2023-08-18,2.889,PET.EER_EPMRU_PF4_RGC_DPG.D,https://www.eia.gov/opendata/bulk/PET.zip#PET.EER_EPMRU_PF4_RGC_DPG.D,2026-07-29T21:38:03+00:00
2023-08-21,2.835,PET.EER_EPMRU_PF4_RGC_DPG.D,https://www.eia.gov/opendata/bulk/PET.zip#PET.EER_EPMRU_PF4_RGC_DPG.D,2026-07-29T21:38:03+00:00
2023-08-22,3.038,PET.EER_EPMRU_PF4_RGC_DPG.D,https://www.eia.gov/opendata/bulk/PET.zip#PET.EER_EPMRU_PF4_RGC_DPG.D,2026-07-29T21:38:03+00:00
2023-08-23,3.025,PET.EER_EPMRU_PF4_RGC_DPG.D,https://www.eia.gov/opendata/bulk/PET.zip#PET.EER_EPMRU_PF4_RGC_DPG.D,2026-07-29T21:38:03+00:00
2023-08-24,3.047,PET.EER_EPMRU_PF4_RGC_DPG.D,https://www.eia.gov/opendata/bulk/PET.zip#PET.EER_EPMRU_PF4_RGC_DPG.D,2026-07-29T21:38:03+00:00
2023-08-25,2.924,PET.EER_EPMRU_PF4_RGC_DPG.D,https://www.eia.gov/opendata/bulk/PET.zip#PET.EER_EPMRU_PF4_RGC_DPG.D,2026-07-29T21:38:03+00:00
2023-08-28,2.851,PET.EER_EPMRU_PF4_RGC_DPG.D,https://www.eia.gov/opendata/bulk/PET.zip#PET.EER_EPMRU_PF4_RGC_DPG.D,2026-07-29T21:38:03+00:00
2023-08-29,2.805,PET.EER_EPMRU_PF4_RGC_DPG.D,https://www.eia.gov/opendata/bulk/PET.zip#PET.EER_EPMRU_PF4_RGC_DPG.D,2026-07-29T21:38:03+00:00
2023-08-30,2.866,PET.EER_EPMRU_PF4_RGC_DPG.D,https://www.eia.gov/opendata/bulk/PET.zip#PET.EER_EPMRU_PF4_RGC_DPG.D,2026-07-29T21:38:03+00:00
2023-08-31,2.861,PET.EER_EPMRU_PF4_RGC_DPG.D,https://www.eia.gov/opendata/bulk/PET.zip#PET.EER_EPMRU_PF4_RGC_DPG.D,2026-07-29T21:38:03+00:00
2023-09-01,2.785,PET.EER_EPMRU_PF4_RGC_DPG.D,https://www.eia.gov/opendata/bulk/PET.zip#PET.EER_EPMRU_PF4_RGC_DPG.D,2026-07-29T21:38:03+00:00
2023-09-05,2.785,PET.EER_EPMRU_PF4_RGC_DPG.D,https://www.eia.gov/opendata/bulk/PET.zip#PET.EER_EPMRU_PF4_RGC_DPG.D,2026-07-29T21:38:03+00:00
2023-09-06,2.798,PET.EER_EPMRU_PF4_RGC_DPG.D,https://www.eia.gov/opendata/bulk/PET.zip#PET.EER_EPMRU_PF4_RGC_DPG.D,2026-07-29T21:38:03+00:00
2023-09-07,2.818,PET.EER_EPMRU_PF4_RGC_DPG.D,https://www.eia.gov/opendata/bulk/PET.zip#PET.EER_EPMRU_PF4_RGC_DPG.D,2026-07-29T21:38:03+00:00
2023-09-08,2.811,PET.EER_EPMRU_PF4_RGC_DPG.D,https://www.eia.gov/opendata/bulk/PET.zip#PET.EER_EPMRU_PF4_RGC_DPG.D,2026-07-29T21:38:03+00:00
2023-09-11,2.925,PET.EER_EPMRU_PF4_RGC_DPG.D,https://www.eia.gov/opendata/bulk/PET.zip#PET.EER_EPMRU_PF4_RGC_DPG.D,2026-07-29T21:38:03+00:00
2023-09-12,2.908,PET.EER_EPMRU_PF4_RGC_DPG.D,https://www.eia.gov/opendata/bulk/PET.zip#PET.EER_EPMRU_PF4_RGC_DPG.D,2026-07-29T21:38:03+00:00
2023-09-13,2.909,PET.EER_EPMRU_PF4_RGC_DPG.D,https://www.eia.gov/opendata/bulk/PET.zip#PET.EER_EPMRU_PF4_RGC_DPG.D,2026-07-29T21:38:03+00:00
2023-09-14,2.916,PET.EER_EPMRU_PF4_RGC_DPG.D,https://www.eia.gov/opendata/bulk/PET.zip#PET.EER_EPMRU_PF4_RGC_DPG.D,2026-07-29T21:38:03+00:00
2023-09-15,2.885,PET.EER_EPMRU_PF4_RGC_DPG.D,https://www.eia.gov/opendata/bulk/PET.zip#PET.EER_EPMRU_PF4_RGC_DPG.D,2026-07-29T21:38:03+00:00
2023-09-18,2.872,PET.EER_EPMRU_PF4_RGC_DPG.D,https://www.eia.gov/opendata/bulk/PET.zip#PET.EER_EPMRU_PF4_RGC_DPG.D,2026-07-29T21:38:03+00:00
2023-09-19,2.833,PET.EER_EPMRU_PF4_RGC_DPG.D,https://www.eia.gov/opendata/bulk/PET.zip#PET.EER_EPMRU_PF4_RGC_DPG.D,2026-07-29T21:38:03+00:00
2023-09-20,2.842,PET.EER_EPMRU_PF4_RGC_DPG.D,https://www.eia.gov/opendata/bulk/PET.zip#PET.EER_EPMRU_PF4_RGC_DPG.D,2026-07-29T21:38:03+00:00
2023-09-21,2.844,PET.EER_EPMRU_PF4_RGC_DPG.D,https://www.eia.gov/opendata/bulk/PET.zip#PET.EER_EPMRU_PF4_RGC_DPG.D,2026-07-29T21:38:03+00:00
2023-09-22,2.793,PET.EER_EPMRU_PF4_RGC_DPG.D,https://www.eia.gov/opendata/bulk/PET.zip#PET.EER_EPMRU_PF4_RGC_DPG.D,2026-07-29T21:38:03+00:00
2023-09-25,2.759,PET.EER_EPMRU_PF4_RGC_DPG.D,https://www.eia.gov/opendata/bulk/PET.zip#PET.EER_EPMRU_PF4_RGC_DPG.D,2026-07-29T21:38:03+00:00
2023-09-26,2.811,PET.EER_EPMRU_PF4_RGC_DPG.D,https://www.eia.gov/opendata/bulk/PET.zip#PET.EER_EPMRU_PF4_RGC_DPG.D,2026-07-29T21:38:03+00:00
2023-09-27,2.827,PET.EER_EPMRU_PF4_RGC_DPG.D,https://www.eia.gov/opendata/bulk/PET.zip#PET.EER_EPMRU_PF4_RGC_DPG.D,2026-07-29T21:38:03+00:00
2023-09-28,2.716,PET.EER_EPMRU_PF4_RGC_DPG.D,https://www.eia.gov/opendata/bulk/PET.zip#PET.EER_EPMRU_PF4_RGC_DPG.D,2026-07-29T21:38:03+00:00
2023-09-29,2.639,PET.EER_EPMRU_PF4_RGC_DPG.D,https://www.eia.gov/opendata/bulk/PET.zip#PET.EER_EPMRU_PF4_RGC_DPG.D,2026-07-29T21:38:03+00:00
2023-10-02,2.554,PET.EER_EPMRU_PF4_RGC_DPG.D,https://www.eia.gov/opendata/bulk/PET.zip#PET.EER_EPMRU_PF4_RGC_DPG.D,2026-07-29T21:38:03+00:00
2023-10-03,2.500,PET.EER_EPMRU_PF4_RGC_DPG.D,https://www.eia.gov/opendata/bulk/PET.zip#PET.EER_EPMRU_PF4_RGC_DPG.D,2026-07-29T21:38:03+00:00
2023-10-04,2.345,PET.EER_EPMRU_PF4_RGC_DPG.D,https://www.eia.gov/opendata/bulk/PET.zip#PET.EER_EPMRU_PF4_RGC_DPG.D,2026-07-29T21:38:03+00:00
2023-10-05,2.324,PET.EER_EPMRU_PF4_RGC_DPG.D,https://www.eia.gov/opendata/bulk/PET.zip#PET.EER_EPMRU_PF4_RGC_DPG.D,2026-07-29T21:38:03+00:00
2023-10-06,2.321,PET.EER_EPMRU_PF4_RGC_DPG.D,https://www.eia.gov/opendata/bulk/PET.zip#PET.EER_EPMRU_PF4_RGC_DPG.D,2026-07-29T21:38:03+00:00
2023-10-10,2.333,PET.EER_EPMRU_PF4_RGC_DPG.D,https://www.eia.gov/opendata/bulk/PET.zip#PET.EER_EPMRU_PF4_RGC_DPG.D,2026-07-29T21:38:03+00:00
2023-10-11,2.284,PET.EER_EPMRU_PF4_RGC_DPG.D,https://www.eia.gov/opendata/bulk/PET.zip#PET.EER_EPMRU_PF4_RGC_DPG.D,2026-07-29T21:38:03+00:00
2023-10-12,2.237,PET.EER_EPMRU_PF4_RGC_DPG.D,https://www.eia.gov/opendata/bulk/PET.zip#PET.EER_EPMRU_PF4_RGC_DPG.D,2026-07-29T21:38:03+00:00
2023-10-13,2.276,PET.EER_EPMRU_PF4_RGC_DPG.D,https://www.eia.gov/opendata/bulk/PET.zip#PET.EER_EPMRU_PF4_RGC_DPG.D,2026-07-29T21:38:03+00:00
2023-10-16,2.301,PET.EER_EPMRU_PF4_RGC_DPG.D,https://www.eia.gov/opendata/bulk/PET.zip#PET.EER_EPMRU_PF4_RGC_DPG.D,2026-07-29T21:38:03+00:00
2023-10-17,2.322,PET.EER_EPMRU_PF4_RGC_DPG.D,https://www.eia.gov/opendata/bulk/PET.zip#PET.EER_EPMRU_PF4_RGC_DPG.D,2026-07-29T21:38:03+00:00
2023-10-18,2.367,PET.EER_EPMRU_PF4_RGC_DPG.D,https://www.eia.gov/opendata/bulk/PET.zip#PET.EER_EPMRU_PF4_RGC_DPG.D,2026-07-29T21:38:03+00:00
2023-10-19,2.418,PET.EER_EPMRU_PF4_RGC_DPG.D,https://www.eia.gov/opendata/bulk/PET.zip#PET.EER_EPMRU_PF4_RGC_DPG.D,2026-07-29T21:38:03+00:00
2023-10-20,2.363,PET.EER_EPMRU_PF4_RGC_DPG.D,https://www.eia.gov/opendata/bulk/PET.zip#PET.EER_EPMRU_PF4_RGC_DPG.D,2026-07-29T21:38:03+00:00
2023-10-23,2.319,PET.EER_EPMRU_PF4_RGC_DPG.D,https://www.eia.gov/opendata/bulk/PET.zip#PET.EER_EPMRU_PF4_RGC_DPG.D,2026-07-29T21:38:03+00:00
2023-10-24,2.229,PET.EER_EPMRU_PF4_RGC_DPG.D,https://www.eia.gov/opendata/bulk/PET.zip#PET.EER_EPMRU_PF4_RGC_DPG.D,2026-07-29T21:38:03+00:00
2023-10-25,2.201,PET.EER_EPMRU_PF4_RGC_DPG.D,https://www.eia.gov/opendata/bulk/PET.zip#PET.EER_EPMRU_PF4_RGC_DPG.D,2026-07-29T21:38:03+00:00
2023-10-26,2.215,PET.EER_EPMRU_PF4_RGC_DPG.D,https://www.eia.gov/opendata/bulk/PET.zip#PET.EER_EPMRU_PF4_RGC_DPG.D,2026-07-29T21:38:03+00:00
2023-10-27,2.238,PET.EER_EPMRU_PF4_RGC_DPG.D,https://www.eia.gov/opendata/bulk/PET.zip#PET.EER_EPMRU_PF4_RGC_DPG.D,2026-07-29T21:38:03+00:00
2023-10-30,2.128,PET.EER_EPMRU_PF4_RGC_DPG.D,https://www.eia.gov/opendata/bulk/PET.zip#PET.EER_EPMRU_PF4_RGC_DPG.D,2026-07-29T21:38:03+00:00
2023-10-31,2.130,PET.EER_EPMRU_PF4_RGC_DPG.D,https://www.eia.gov/opendata/bulk/PET.zip#PET.EER_EPMRU_PF4_RGC_DPG.D,2026-07-29T21:38:03+00:00
2023-11-01,2.107,PET.EER_EPMRU_PF4_RGC_DPG.D,https://www.eia.gov/opendata/bulk/PET.zip#PET.EER_EPMRU_PF4_RGC_DPG.D,2026-07-29T21:38:03+00:00
2023-11-02,2.158,PET.EER_EPMRU_PF4_RGC_DPG.D,https://www.eia.gov/opendata/bulk/PET.zip#PET.EER_EPMRU_PF4_RGC_DPG.D,2026-07-29T21:38:03+00:00
2023-11-03,2.116,PET.EER_EPMRU_PF4_RGC_DPG.D,https://www.eia.gov/opendata/bulk/PET.zip#PET.EER_EPMRU_PF4_RGC_DPG.D,2026-07-29T21:38:03+00:00
2023-11-06,2.157,PET.EER_EPMRU_PF4_RGC_DPG.D,https://www.eia.gov/opendata/bulk/PET.zip#PET.EER_EPMRU_PF4_RGC_DPG.D,2026-07-29T21:38:03+00:00
2023-11-07,2.085,PET.EER_EPMRU_PF4_RGC_DPG.D,https://www.eia.gov/opendata/bulk/PET.zip#PET.EER_EPMRU_PF4_RGC_DPG.D,2026-07-29T21:38:03+00:00
2023-11-08,2.049,PET.EER_EPMRU_PF4_RGC_DPG.D,https://www.eia.gov/opendata/bulk/PET.zip#PET.EER_EPMRU_PF4_RGC_DPG.D,2026-07-29T21:38:03+00:00
2023-11-09,2.069,PET.EER_EPMRU_PF4_RGC_DPG.D,https://www.eia.gov/opendata/bulk/PET.zip#PET.EER_EPMRU_PF4_RGC_DPG.D,2026-07-29T21:38:03+00:00
2023-11-10,2.082,PET.EER_EPMRU_PF4_RGC_DPG.D,https://www.eia.gov/opendata/bulk/PET.zip#PET.EER_EPMRU_PF4_RGC_DPG.D,2026-07-29T21:38:03+00:00
2023-11-13,2.134,PET.EER_EPMRU_PF4_RGC_DPG.D,https://www.eia.gov/opendata/bulk/PET.zip#PET.EER_EPMRU_PF4_RGC_DPG.D,2026-07-29T21:38:03+00:00
2023-11-14,2.086,PET.EER_EPMRU_PF4_RGC_DPG.D,https://www.eia.gov/opendata/bulk/PET.zip#PET.EER_EPMRU_PF4_RGC_DPG.D,2026-07-29T21:38:03+00:00
2023-11-15,2.066,PET.EER_EPMRU_PF4_RGC_DPG.D,https://www.eia.gov/opendata/bulk/PET.zip#PET.EER_EPMRU_PF4_RGC_DPG.D,2026-07-29T21:38:03+00:00
2023-11-16,1.954,PET.EER_EPMRU_PF4_RGC_DPG.D,https://www.eia.gov/opendata/bulk/PET.zip#PET.EER_EPMRU_PF4_RGC_DPG.D,2026-07-29T21:38:03+00:00
2023-11-17,2.023,PET.EER_EPMRU_PF4_RGC_DPG.D,https://www.eia.gov/opendata/bulk/PET.zip#PET.EER_EPMRU_PF4_RGC_DPG.D,2026-07-29T21:38:03+00:00
2023-11-20,2.062,PET.EER_EPMRU_PF4_RGC_DPG.D,https://www.eia.gov/opendata/bulk/PET.zip#PET.EER_EPMRU_PF4_RGC_DPG.D,2026-07-29T21:38:03+00:00
2023-11-21,2.122,PET.EER_EPMRU_PF4_RGC_DPG.D,https://www.eia.gov/opendata/bulk/PET.zip#PET.EER_EPMRU_PF4_RGC_DPG.D,2026-07-29T21:38:03+00:00
2023-11-22,2.112,PET.EER_EPMRU_PF4_RGC_DPG.D,https://www.eia.gov/opendata/bulk/PET.zip#PET.EER_EPMRU_PF4_RGC_DPG.D,2026-07-29T21:38:03+00:00
2023-11-24,2.074,PET.EER_EPMRU_PF4_RGC_DPG.D,https://www.eia.gov/opendata/bulk/PET.zip#PET.EER_EPMRU_PF4_RGC_DPG.D,2026-07-29T21:38:03+00:00
2023-11-27,2.131,PET.EER_EPMRU_PF4_RGC_DPG.D,https://www.eia.gov/opendata/bulk/PET.zip#PET.EER_EPMRU_PF4_RGC_DPG.D,2026-07-29T21:38:03+00:00
2023-11-28,2.149,PET.EER_EPMRU_PF4_RGC_DPG.D,https://www.eia.gov/opendata/bulk/PET.zip#PET.EER_EPMRU_PF4_RGC_DPG.D,2026-07-29T21:38:03+00:00
2023-11-29,2.182,PET.EER_EPMRU_PF4_RGC_DPG.D,https://www.eia.gov/opendata/bulk/PET.zip#PET.EER_EPMRU_PF4_RGC_DPG.D,2026-07-29T21:38:03+00:00
2023-11-30,2.050,PET.EER_EPMRU_PF4_RGC_DPG.D,https://www.eia.gov/opendata/bulk/PET.zip#PET.EER_EPMRU_PF4_RGC_DPG.D,2026-07-29T21:38:03+00:00
2023-12-01,2.016,PET.EER_EPMRU_PF4_RGC_DPG.D,https://www.eia.gov/opendata/bulk/PET.zip#PET.EER_EPMRU_PF4_RGC_DPG.D,2026-07-29T21:38:03+00:00
2023-12-04,2.000,PET.EER_EPMRU_PF4_RGC_DPG.D,https://www.eia.gov/opendata/bulk/PET.zip#PET.EER_EPMRU_PF4_RGC_DPG.D,2026-07-29T21:38:03+00:00
2023-12-05,1.966,PET.EER_EPMRU_PF4_RGC_DPG.D,https://www.eia.gov/opendata/bulk/PET.zip#PET.EER_EPMRU_PF4_RGC_DPG.D,2026-07-29T21:38:03+00:00
2023-12-06,1.872,PET.EER_EPMRU_PF4_RGC_DPG.D,https://www.eia.gov/opendata/bulk/PET.zip#PET.EER_EPMRU_PF4_RGC_DPG.D,2026-07-29T21:38:03+00:00
2023-12-07,1.851,PET.EER_EPMRU_PF4_RGC_DPG.D,https://www.eia.gov/opendata/bulk/PET.zip#PET.EER_EPMRU_PF4_RGC_DPG.D,2026-07-29T21:38:03+00:00
2023-12-08,1.920,PET.EER_EPMRU_PF4_RGC_DPG.D,https://www.eia.gov/opendata/bulk/PET.zip#PET.EER_EPMRU_PF4_RGC_DPG.D,2026-07-29T21:38:03+00:00
2023-12-11,1.909,PET.EER_EPMRU_PF4_RGC_DPG.D,https://www.eia.gov/opendata/bulk/PET.zip#PET.EER_EPMRU_PF4_RGC_DPG.D,2026-07-29T21:38:03+00:00
2023-12-12,1.801,PET.EER_EPMRU_PF4_RGC_DPG.D,https://www.eia.gov/opendata/bulk/PET.zip#PET.EER_EPMRU_PF4_RGC_DPG.D,2026-07-29T21:38:03+00:00
2023-12-13,1.843,PET.EER_EPMRU_PF4_RGC_DPG.D,https://www.eia.gov/opendata/bulk/PET.zip#PET.EER_EPMRU_PF4_RGC_DPG.D,2026-07-29T21:38:03+00:00
2023-12-14,1.970,PET.EER_EPMRU_PF4_RGC_DPG.D,https://www.eia.gov/opendata/bulk/PET.zip#PET.EER_EPMRU_PF4_RGC_DPG.D,2026-07-29T21:38:03+00:00
2023-12-15,1.983,PET.EER_EPMRU_PF4_RGC_DPG.D,https://www.eia.gov/opendata/bulk/PET.zip#PET.EER_EPMRU_PF4_RGC_DPG.D,2026-07-29T21:38:03+00:00
2023-12-18,2.099,PET.EER_EPMRU_PF4_RGC_DPG.D,https://www.eia.gov/opendata/bulk/PET.zip#PET.EER_EPMRU_PF4_RGC_DPG.D,2026-07-29T21:38:03+00:00
2023-12-19,2.141,PET.EER_EPMRU_PF4_RGC_DPG.D,https://www.eia.gov/opendata/bulk/PET.zip#PET.EER_EPMRU_PF4_RGC_DPG.D,2026-07-29T21:38:03+00:00
2023-12-20,2.132,PET.EER_EPMRU_PF4_RGC_DPG.D,https://www.eia.gov/opendata/bulk/PET.zip#PET.EER_EPMRU_PF4_RGC_DPG.D,2026-07-29T21:38:03+00:00
2023-12-21,2.102,PET.EER_EPMRU_PF4_RGC_DPG.D,https://www.eia.gov/opendata/bulk/PET.zip#PET.EER_EPMRU_PF4_RGC_DPG.D,2026-07-29T21:38:03+00:00
2023-12-22,2.184,PET.EER_EPMRU_PF4_RGC_DPG.D,https://www.eia.gov/opendata/bulk/PET.zip#PET.EER_EPMRU_PF4_RGC_DPG.D,2026-07-29T21:38:03+00:00
2023-12-26,2.210,PET.EER_EPMRU_PF4_RGC_DPG.D,https://www.eia.gov/opendata/bulk/PET.zip#PET.EER_EPMRU_PF4_RGC_DPG.D,2026-07-29T21:38:03+00:00
2023-12-27,2.187,PET.EER_EPMRU_PF4_RGC_DPG.D,https://www.eia.gov/opendata/bulk/PET.zip#PET.EER_EPMRU_PF4_RGC_DPG.D,2026-07-29T21:38:03+00:00
2023-12-28,2.126,PET.EER_EPMRU_PF4_RGC_DPG.D,https://www.eia.gov/opendata/bulk/PET.zip#PET.EER_EPMRU_PF4_RGC_DPG.D,2026-07-29T21:38:03+00:00
2023-12-29,2.060,PET.EER_EPMRU_PF4_RGC_DPG.D,https://www.eia.gov/opendata/bulk/PET.zip#PET.EER_EPMRU_PF4_RGC_DPG.D,2026-07-29T21:38:03+00:00
2024-01-02,2.053,PET.EER_EPMRU_PF4_RGC_DPG.D,https://www.eia.gov/opendata/bulk/PET.zip#PET.EER_EPMRU_PF4_RGC_DPG.D,2026-07-29T21:38:03+00:00
2024-01-03,2.123,PET.EER_EPMRU_PF4_RGC_DPG.D,https://www.eia.gov/opendata/bulk/PET.zip#PET.EER_EPMRU_PF4_RGC_DPG.D,2026-07-29T21:38:03+00:00
2024-01-04,2.085,PET.EER_EPMRU_PF4_RGC_DPG.D,https://www.eia.gov/opendata/bulk/PET.zip#PET.EER_EPMRU_PF4_RGC_DPG.D,2026-07-29T21:38:03+00:00
2024-01-05,2.092,PET.EER_EPMRU_PF4_RGC_DPG.D,https://www.eia.gov/opendata/bulk/PET.zip#PET.EER_EPMRU_PF4_RGC_DPG.D,2026-07-29T21:38:03+00:00
2024-01-08,2.002,PET.EER_EPMRU_PF4_RGC_DPG.D,https://www.eia.gov/opendata/bulk/PET.zip#PET.EER_EPMRU_PF4_RGC_DPG.D,2026-07-29T21:38:03+00:00
2024-01-09,2.041,PET.EER_EPMRU_PF4_RGC_DPG.D,https://www.eia.gov/opendata/bulk/PET.zip#PET.EER_EPMRU_PF4_RGC_DPG.D,2026-07-29T21:38:03+00:00
2024-01-10,2.060,PET.EER_EPMRU_PF4_RGC_DPG.D,https://www.eia.gov/opendata/bulk/PET.zip#PET.EER_EPMRU_PF4_RGC_DPG.D,2026-07-29T21:38:03+00:00
2024-01-11,2.121,PET.EER_EPMRU_PF4_RGC_DPG.D,https://www.eia.gov/opendata/bulk/PET.zip#PET.EER_EPMRU_PF4_RGC_DPG.D,2026-07-29T21:38:03+00:00
2024-01-12,2.127,PET.EER_EPMRU_PF4_RGC_DPG.D,https://www.eia.gov/opendata/bulk/PET.zip#PET.EER_EPMRU_PF4_RGC_DPG.D,2026-07-29T21:38:03+00:00
2024-01-16,2.128,PET.EER_EPMRU_PF4_RGC_DPG.D,https://www.eia.gov/opendata/bulk/PET.zip#PET.EER_EPMRU_PF4_RGC_DPG.D,2026-07-29T21:38:03+00:00
2024-01-17,2.144,PET.EER_EPMRU_PF4_RGC_DPG.D,https://www.eia.gov/opendata/bulk/PET.zip#PET.EER_EPMRU_PF4_RGC_DPG.D,2026-07-29T21:38:03+00:00
2024-01-18,2.147,PET.EER_EPMRU_PF4_RGC_DPG.D,https://www.eia.gov/opendata/bulk/PET.zip#PET.EER_EPMRU_PF4_RGC_DPG.D,2026-07-29T21:38:03+00:00
2024-01-19,2.146,PET.EER_EPMRU_PF4_RGC_DPG.D,https://www.eia.gov/opendata/bulk/PET.zip#PET.EER_EPMRU_PF4_RGC_DPG.D,2026-07-29T21:38:03+00:00
2024-01-22,2.206,PET.EER_EPMRU_PF4_RGC_DPG.D,https://www.eia.gov/opendata/bulk/PET.zip#PET.EER_EPMRU_PF4_RGC_DPG.D,2026-07-29T21:38:03+00:00
2024-01-23,2.174,PET.EER_EPMRU_PF4_RGC_DPG.D,https://www.eia.gov/opendata/bulk/PET.zip#PET.EER_EPMRU_PF4_RGC_DPG.D,2026-07-29T21:38:03+00:00
2024-01-24,2.167,PET.EER_EPMRU_PF4_RGC_DPG.D,https://www.eia.gov/opendata/bulk/PET.zip#PET.EER_EPMRU_PF4_RGC_DPG.D,2026-07-29T21:38:03+00:00
2024-01-25,2.213,PET.EER_EPMRU_PF4_RGC_DPG.D,https://www.eia.gov/opendata/bulk/PET.zip#PET.EER_EPMRU_PF4_RGC_DPG.D,2026-07-29T21:38:03+00:00
2024-01-26,2.264,PET.EER_EPMRU_PF4_RGC_DPG.D,https://www.eia.gov/opendata/bulk/PET.zip#PET.EER_EPMRU_PF4_RGC_DPG.D,2026-07-29T21:38:03+00:00
2024-01-29,2.266,PET.EER_EPMRU_PF4_RGC_DPG.D,https://www.eia.gov/opendata/bulk/PET.zip#PET.EER_EPMRU_PF4_RGC_DPG.D,2026-07-29T21:38:03+00:00
2024-01-30,2.285,PET.EER_EPMRU_PF4_RGC_DPG.D,https://www.eia.gov/opendata/bulk/PET.zip#PET.EER_EPMRU_PF4_RGC_DPG.D,2026-07-29T21:38:03+00:00
2024-01-31,2.220,PET.EER_EPMRU_PF4_RGC_DPG.D,https://www.eia.gov/opendata/bulk/PET.zip#PET.EER_EPMRU_PF4_RGC_DPG.D,2026-07-29T21:38:03+00:00
2024-02-01,2.207,PET.EER_EPMRU_PF4_RGC_DPG.D,https://www.eia.gov/opendata/bulk/PET.zip#PET.EER_EPMRU_PF4_RGC_DPG.D,2026-07-29T21:38:03+00:00
2024-02-02,2.149,PET.EER_EPMRU_PF4_RGC_DPG.D,https://www.eia.gov/opendata/bulk/PET.zip#PET.EER_EPMRU_PF4_RGC_DPG.D,2026-07-29T21:38:03+00:00
2024-02-05,2.228,PET.EER_EPMRU_PF4_RGC_DPG.D,https://www.eia.gov/opendata/bulk/PET.zip#PET.EER_EPMRU_PF4_RGC_DPG.D,2026-07-29T21:38:03+00:00
2024-02-07,2.285,PET.EER_EPMRU_PF4_RGC_DPG.D,https://www.eia.gov/opendata/bulk/PET.zip#PET.EER_EPMRU_PF4_RGC_DPG.D,2026-07-29T21:38:03+00:00
2024-02-08,2.357,PET.EER_EPMRU_PF4_RGC_DPG.D,https://www.eia.gov/opendata/bulk/PET.zip#PET.EER_EPMRU_PF4_RGC_DPG.D,2026-07-29T21:38:03+00:00
2024-02-09,2.351,PET.EER_EPMRU_PF4_RGC_DPG.D,https://www.eia.gov/opendata/bulk/PET.zip#PET.EER_EPMRU_PF4_RGC_DPG.D,2026-07-29T21:38:03+00:00
2024-02-12,2.391,PET.EER_EPMRU_PF4_RGC_DPG.D,https://www.eia.gov/opendata/bulk/PET.zip#PET.EER_EPMRU_PF4_RGC_DPG.D,2026-07-29T21:38:03+00:00
2024-02-13,2.434,PET.EER_EPMRU_PF4_RGC_DPG.D,https://www.eia.gov/opendata/bulk/PET.zip#PET.EER_EPMRU_PF4_RGC_DPG.D,2026-07-29T21:38:03+00:00
2024-02-14,2.329,PET.EER_EPMRU_PF4_RGC_DPG.D,https://www.eia.gov/opendata/bulk/PET.zip#PET.EER_EPMRU_PF4_RGC_DPG.D,2026-07-29T21:38:03+00:00
2024-02-15,2.328,PET.EER_EPMRU_PF4_RGC_DPG.D,https://www.eia.gov/opendata/bulk/PET.zip#PET.EER_EPMRU_PF4_RGC_DPG.D,2026-07-29T21:38:03+00:00
2024-02-16,2.348,PET.EER_EPMRU_PF4_RGC_DPG.D,https://www.eia.gov/opendata/bulk/PET.zip#PET.EER_EPMRU_PF4_RGC_DPG.D,2026-07-29T21:38:03+00:00
2024-02-19,2.348,PET.EER_EPMRU_PF4_RGC_DPG.D,https://www.eia.gov/opendata/bulk/PET.zip#PET.EER_EPMRU_PF4_RGC_DPG.D,2026-07-29T21:38:03+00:00
2024-02-20,2.312,PET.EER_EPMRU_PF4_RGC_DPG.D,https://www.eia.gov/opendata/bulk/PET.zip#PET.EER_EPMRU_PF4_RGC_DPG.D,2026-07-29T21:38:03+00:00
2024-02-21,2.333,PET.EER_EPMRU_PF4_RGC_DPG.D,https://www.eia.gov/opendata/bulk/PET.zip#PET.EER_EPMRU_PF4_RGC_DPG.D,2026-07-29T21:38:03+00:00
2024-02-22,2.387,PET.EER_EPMRU_PF4_RGC_DPG.D,https://www.eia.gov/opendata/bulk/PET.zip#PET.EER_EPMRU_PF4_RGC_DPG.D,2026-07-29T21:38:03+00:00
2024-02-23,2.307,PET.EER_EPMRU_PF4_RGC_DPG.D,https://www.eia.gov/opendata/bulk/PET.zip#PET.EER_EPMRU_PF4_RGC_DPG.D,2026-07-29T21:38:03+00:00
2024-02-26,2.335,PET.EER_EPMRU_PF4_RGC_DPG.D,https://www.eia.gov/opendata/bulk/PET.zip#PET.EER_EPMRU_PF4_RGC_DPG.D,2026-07-29T21:38:03+00:00
2024-02-27,2.367,PET.EER_EPMRU_PF4_RGC_DPG.D,https://www.eia.gov/opendata/bulk/PET.zip#PET.EER_EPMRU_PF4_RGC_DPG.D,2026-07-29T21:38:03+00:00
2024-02-28,2.389,PET.EER_EPMRU_PF4_RGC_DPG.D,https://www.eia.gov/opendata/bulk/PET.zip#PET.EER_EPMRU_PF4_RGC_DPG.D,2026-07-29T21:38:03+00:00
2024-02-29,2.432,PET.EER_EPMRU_PF4_RGC_DPG.D,https://www.eia.gov/opendata/bulk/PET.zip#PET.EER_EPMRU_PF4_RGC_DPG.D,2026-07-29T21:38:03+00:00
2024-03-01,2.482,PET.EER_EPMRU_PF4_RGC_DPG.D,https://www.eia.gov/opendata/bulk/PET.zip#PET.EER_EPMRU_PF4_RGC_DPG.D,2026-07-29T21:38:03+00:00
2024-03-04,2.476,PET.EER_EPMRU_PF4_RGC_DPG.D,https://www.eia.gov/opendata/bulk/PET.zip#PET.EER_EPMRU_PF4_RGC_DPG.D,2026-07-29T21:38:03+00:00
2024-03-05,2.419,PET.EER_EPMRU_PF4_RGC_DPG.D,https://www.eia.gov/opendata/bulk/PET.zip#PET.EER_EPMRU_PF4_RGC_DPG.D,2026-07-29T21:38:03+00:00
2024-03-06,2.418,PET.EER_EPMRU_PF4_RGC_DPG.D,https://www.eia.gov/opendata/bulk/PET.zip#PET.EER_EPMRU_PF4_RGC_DPG.D,2026-07-29T21:38:03+00:00
2024-03-07,2.425,PET.EER_EPMRU_PF4_RGC_DPG.D,https://www.eia.gov/opendata/bulk/PET.zip#PET.EER_EPMRU_PF4_RGC_DPG.D,2026-07-29T21:38:03+00:00
2024-03-08,2.327,PET.EER_EPMRU_PF4_RGC_DPG.D,https://www.eia.gov/opendata/bulk/PET.zip#PET.EER_EPMRU_PF4_RGC_DPG.D,2026-07-29T21:38:03+00:00
2024-03-11,2.532,PET.EER_EPMRU_PF4_RGC_DPG.D,https://www.eia.gov/opendata/bulk/PET.zip#PET.EER_EPMRU_PF4_RGC_DPG.D,2026-07-29T21:38:03+00:00
2024-03-12,2.560,PET.EER_EPMRU_PF4_RGC_DPG.D,https://www.eia.gov/opendata/bulk/PET.zip#PET.EER_EPMRU_PF4_RGC_DPG.D,2026-07-29T21:38:03+00:00
2024-03-13,2.628,PET.EER_EPMRU_PF4_RGC_DPG.D,https://www.eia.gov/opendata/bulk/PET.zip#PET.EER_EPMRU_PF4_RGC_DPG.D,2026-07-29T21:38:03+00:00
2024-03-14,2.637,PET.EER_EPMRU_PF4_RGC_DPG.D,https://www.eia.gov/opendata/bulk/PET.zip#PET.EER_EPMRU_PF4_RGC_DPG.D,2026-07-29T21:38:03+00:00
2024-03-15,2.620,PET.EER_EPMRU_PF4_RGC_DPG.D,https://www.eia.gov/opendata/bulk/PET.zip#PET.EER_EPMRU_PF4_RGC_DPG.D,2026-07-29T21:38:03+00:00
2024-03-18,2.628,PET.EER_EPMRU_PF4_RGC_DPG.D,https://www.eia.gov/opendata/bulk/PET.zip#PET.EER_EPMRU_PF4_RGC_DPG.D,2026-07-29T21:38:03+00:00
2024-03-19,2.636,PET.EER_EPMRU_PF4_RGC_DPG.D,https://www.eia.gov/opendata/bulk/PET.zip#PET.EER_EPMRU_PF4_RGC_DPG.D,2026-07-29T21:38:03+00:00
2024-03-20,2.651,PET.EER_EPMRU_PF4_RGC_DPG.D,https://www.eia.gov/opendata/bulk/PET.zip#PET.EER_EPMRU_PF4_RGC_DPG.D,2026-07-29T21:38:03+00:00
2024-03-21,2.632,PET.EER_EPMRU_PF4_RGC_DPG.D,https://www.eia.gov/opendata/bulk/PET.zip#PET.EER_EPMRU_PF4_RGC_DPG.D,2026-07-29T21:38:03+00:00
2024-03-22,2.615,PET.EER_EPMRU_PF4_RGC_DPG.D,https://www.eia.gov/opendata/bulk/PET.zip#PET.EER_EPMRU_PF4_RGC_DPG.D,2026-07-29T21:38:03+00:00
2024-03-25,2.583,PET.EER_EPMRU_PF4_RGC_DPG.D,https://www.eia.gov/opendata/bulk/PET.zip#PET.EER_EPMRU_PF4_RGC_DPG.D,2026-07-29T21:38:03+00:00
2024-03-26,2.525,PET.EER_EPMRU_PF4_RGC_DPG.D,https://www.eia.gov/opendata/bulk/PET.zip#PET.EER_EPMRU_PF4_RGC_DPG.D,2026-07-29T21:38:03+00:00
2024-03-27,2.524,PET.EER_EPMRU_PF4_RGC_DPG.D,https://www.eia.gov/opendata/bulk/PET.zip#PET.EER_EPMRU_PF4_RGC_DPG.D,2026-07-29T21:38:03+00:00
2024-03-28,2.574,PET.EER_EPMRU_PF4_RGC_DPG.D,https://www.eia.gov/opendata/bulk/PET.zip#PET.EER_EPMRU_PF4_RGC_DPG.D,2026-07-29T21:38:03+00:00
2024-04-01,2.580,PET.EER_EPMRU_PF4_RGC_DPG.D,https://www.eia.gov/opendata/bulk/PET.zip#PET.EER_EPMRU_PF4_RGC_DPG.D,2026-07-29T21:38:03+00:00
2024-04-02,2.608,PET.EER_EPMRU_PF4_RGC_DPG.D,https://www.eia.gov/opendata/bulk/PET.zip#PET.EER_EPMRU_PF4_RGC_DPG.D,2026-07-29T21:38:03+00:00
2024-04-03,2.576,PET.EER_EPMRU_PF4_RGC_DPG.D,https://www.eia.gov/opendata/bulk/PET.zip#PET.EER_EPMRU_PF4_RGC_DPG.D,2026-07-29T21:38:03+00:00
2024-04-04,2.612,PET.EER_EPMRU_PF4_RGC_DPG.D,https://www.eia.gov/opendata/bulk/PET.zip#PET.EER_EPMRU_PF4_RGC_DPG.D,2026-07-29T21:38:03+00:00
2024-04-05,2.625,PET.EER_EPMRU_PF4_RGC_DPG.D,https://www.eia.gov/opendata/bulk/PET.zip#PET.EER_EPMRU_PF4_RGC_DPG.D,2026-07-29T21:38:03+00:00
2024-04-08,2.604,PET.EER_EPMRU_PF4_RGC_DPG.D,https://www.eia.gov/opendata/bulk/PET.zip#PET.EER_EPMRU_PF4_RGC_DPG.D,2026-07-29T21:38:03+00:00
2024-04-09,2.615,PET.EER_EPMRU_PF4_RGC_DPG.D,https://www.eia.gov/opendata/bulk/PET.zip#PET.EER_EPMRU_PF4_RGC_DPG.D,2026-07-29T21:38:03+00:00
2024-04-10,2.642,PET.EER_EPMRU_PF4_RGC_DPG.D,https://www.eia.gov/opendata/bulk/PET.zip#PET.EER_EPMRU_PF4_RGC_DPG.D,2026-07-29T21:38:03+00:00
2024-04-11,2.644,PET.EER_EPMRU_PF4_RGC_DPG.D,https://www.eia.gov/opendata/bulk/PET.zip#PET.EER_EPMRU_PF4_RGC_DPG.D,2026-07-29T21:38:03+00:00
2024-04-12,2.659,PET.EER_EPMRU_PF4_RGC_DPG.D,https://www.eia.gov/opendata/bulk/PET.zip#PET.EER_EPMRU_PF4_RGC_DPG.D,2026-07-29T21:38:03+00:00
2024-04-15,2.638,PET.EER_EPMRU_PF4_RGC_DPG.D,https://www.eia.gov/opendata/bulk/PET.zip#PET.EER_EPMRU_PF4_RGC_DPG.D,2026-07-29T21:38:03+00:00
2024-04-17,2.585,PET.EER_EPMRU_PF4_RGC_DPG.D,https://www.eia.gov/opendata/bulk/PET.zip#PET.EER_EPMRU_PF4_RGC_DPG.D,2026-07-29T21:38:03+00:00
2024-04-18,2.544,PET.EER_EPMRU_PF4_RGC_DPG.D,https://www.eia.gov/opendata/bulk/PET.zip#PET.EER_EPMRU_PF4_RGC_DPG.D,2026-07-29T21:38:03+00:00
2024-04-19,2.509,PET.EER_EPMRU_PF4_RGC_DPG.D,https://www.eia.gov/opendata/bulk/PET.zip#PET.EER_EPMRU_PF4_RGC_DPG.D,2026-07-29T21:38:03+00:00
2024-04-22,2.523,PET.EER_EPMRU_PF4_RGC_DPG.D,https://www.eia.gov/opendata/bulk/PET.zip#PET.EER_EPMRU_PF4_RGC_DPG.D,2026-07-29T21:38:03+00:00
2024-04-23,2.536,PET.EER_EPMRU_PF4_RGC_DPG.D,https://www.eia.gov/opendata/bulk/PET.zip#PET.EER_EPMRU_PF4_RGC_DPG.D,2026-07-29T21:38:03+00:00
2024-04-24,2.593,PET.EER_EPMRU_PF4_RGC_DPG.D,https://www.eia.gov/opendata/bulk/PET.zip#PET.EER_EPMRU_PF4_RGC_DPG.D,2026-07-29T21:38:03+00:00
2024-04-25,2.627,PET.EER_EPMRU_PF4_RGC_DPG.D,https://www.eia.gov/opendata/bulk/PET.zip#PET.EER_EPMRU_PF4_RGC_DPG.D,2026-07-29T21:38:03+00:00
2024-04-26,2.585,PET.EER_EPMRU_PF4_RGC_DPG.D,https://www.eia.gov/opendata/bulk/PET.zip#PET.EER_EPMRU_PF4_RGC_DPG.D,2026-07-29T21:38:03+00:00
2024-04-29,2.589,PET.EER_EPMRU_PF4_RGC_DPG.D,https://www.eia.gov/opendata/bulk/PET.zip#PET.EER_EPMRU_PF4_RGC_DPG.D,2026-07-29T21:38:03+00:00
2024-04-30,2.534,PET.EER_EPMRU_PF4_RGC_DPG.D,https://www.eia.gov/opendata/bulk/PET.zip#PET.EER_EPMRU_PF4_RGC_DPG.D,2026-07-29T21:38:03+00:00
2024-05-01,2.438,PET.EER_EPMRU_PF4_RGC_DPG.D,https://www.eia.gov/opendata/bulk/PET.zip#PET.EER_EPMRU_PF4_RGC_DPG.D,2026-07-29T21:38:03+00:00
2024-05-02,2.454,PET.EER_EPMRU_PF4_RGC_DPG.D,https://www.eia.gov/opendata/bulk/PET.zip#PET.EER_EPMRU_PF4_RGC_DPG.D,2026-07-29T21:38:03+00:00
2024-05-03,2.412,PET.EER_EPMRU_PF4_RGC_DPG.D,https://www.eia.gov/opendata/bulk/PET.zip#PET.EER_EPMRU_PF4_RGC_DPG.D,2026-07-29T21:38:03+00:00
2024-05-06,2.431,PET.EER_EPMRU_PF4_RGC_DPG.D,https://www.eia.gov/opendata/bulk/PET.zip#PET.EER_EPMRU_PF4_RGC_DPG.D,2026-07-29T21:38:03+00:00
2024-05-07,2.396,PET.EER_EPMRU_PF4_RGC_DPG.D,https://www.eia.gov/opendata/bulk/PET.zip#PET.EER_EPMRU_PF4_RGC_DPG.D,2026-07-29T21:38:03+00:00
2024-05-08,2.394,PET.EER_EPMRU_PF4_RGC_DPG.D,https://www.eia.gov/opendata/bulk/PET.zip#PET.EER_EPMRU_PF4_RGC_DPG.D,2026-07-29T21:38:03+00:00
2024-05-09,2.426,PET.EER_EPMRU_PF4_RGC_DPG.D,https://www.eia.gov/opendata/bulk/PET.zip#PET.EER_EPMRU_PF4_RGC_DPG.D,2026-07-29T21:38:03+00:00
2024-05-10,2.378,PET.EER_EPMRU_PF4_RGC_DPG.D,https://www.eia.gov/opendata/bulk/PET.zip#PET.EER_EPMRU_PF4_RGC_DPG.D,2026-07-29T21:38:03+00:00
2024-05-13,2.376,PET.EER_EPMRU_PF4_RGC_DPG.D,https://www.eia.gov/opendata/bulk/PET.zip#PET.EER_EPMRU_PF4_RGC_DPG.D,2026-07-29T21:38:03+00:00
2024-05-14,2.329,PET.EER_EPMRU_PF4_RGC_DPG.D,https://www.eia.gov/opendata/bulk/PET.zip#PET.EER_EPMRU_PF4_RGC_DPG.D,2026-07-29T21:38:03+00:00
2024-05-15,2.367,PET.EER_EPMRU_PF4_RGC_DPG.D,https://www.eia.gov/opendata/bulk/PET.zip#PET.EER_EPMRU_PF4_RGC_DPG.D,2026-07-29T21:38:03+00:00
2024-05-16,2.441,PET.EER_EPMRU_PF4_RGC_DPG.D,https://www.eia.gov/opendata/bulk/PET.zip#PET.EER_EPMRU_PF4_RGC_DPG.D,2026-07-29T21:38:03+00:00
2024-05-17,2.481,PET.EER_EPMRU_PF4_RGC_DPG.D,https://www.eia.gov/opendata/bulk/PET.zip#PET.EER_EPMRU_PF4_RGC_DPG.D,2026-07-29T21:38:03+00:00
2024-05-20,2.444,PET.EER_EPMRU_PF4_RGC_DPG.D,https://www.eia.gov/opendata/bulk/PET.zip#PET.EER_EPMRU_PF4_RGC_DPG.D,2026-07-29T21:38:03+00:00
2024-05-21,2.385,PET.EER_EPMRU_PF4_RGC_DPG.D,https://www.eia.gov/opendata/bulk/PET.zip#PET.EER_EPMRU_PF4_RGC_DPG.D,2026-07-29T21:38:03+00:00
2024-05-22,2.372,PET.EER_EPMRU_PF4_RGC_DPG.D,https://www.eia.gov/opendata/bulk/PET.zip#PET.EER_EPMRU_PF4_RGC_DPG.D,2026-07-29T21:38:03+00:00
2024-05-23,2.395,PET.EER_EPMRU_PF4_RGC_DPG.D,https://www.eia.gov/opendata/bulk/PET.zip#PET.EER_EPMRU_PF4_RGC_DPG.D,2026-07-29T21:38:03+00:00
2024-05-24,2.355,PET.EER_EPMRU_PF4_RGC_DPG.D,https://www.eia.gov/opendata/bulk/PET.zip#PET.EER_EPMRU_PF4_RGC_DPG.D,2026-07-29T21:38:03+00:00
2024-05-28,2.371,PET.EER_EPMRU_PF4_RGC_DPG.D,https://www.eia.gov/opendata/bulk/PET.zip#PET.EER_EPMRU_PF4_RGC_DPG.D,2026-07-29T21:38:03+00:00
2024-05-29,2.300,PET.EER_EPMRU_PF4_RGC_DPG.D,https://www.eia.gov/opendata/bulk/PET.zip#PET.EER_EPMRU_PF4_RGC_DPG.D,2026-07-29T21:38:03+00:00
2024-05-30,2.244,PET.EER_EPMRU_PF4_RGC_DPG.D,https://www.eia.gov/opendata/bulk/PET.zip#PET.EER_EPMRU_PF4_RGC_DPG.D,2026-07-29T21:38:03+00:00
2024-05-31,2.270,PET.EER_EPMRU_PF4_RGC_DPG.D,https://www.eia.gov/opendata/bulk/PET.zip#PET.EER_EPMRU_PF4_RGC_DPG.D,2026-07-29T21:38:03+00:00
2024-06-03,2.186,PET.EER_EPMRU_PF4_RGC_DPG.D,https://www.eia.gov/opendata/bulk/PET.zip#PET.EER_EPMRU_PF4_RGC_DPG.D,2026-07-29T21:38:03+00:00
2024-06-04,2.215,PET.EER_EPMRU_PF4_RGC_DPG.D,https://www.eia.gov/opendata/bulk/PET.zip#PET.EER_EPMRU_PF4_RGC_DPG.D,2026-07-29T21:38:03+00:00
2024-06-05,2.225,PET.EER_EPMRU_PF4_RGC_DPG.D,https://www.eia.gov/opendata/bulk/PET.zip#PET.EER_EPMRU_PF4_RGC_DPG.D,2026-07-29T21:38:03+00:00
2024-06-06,2.250,PET.EER_EPMRU_PF4_RGC_DPG.D,https://www.eia.gov/opendata/bulk/PET.zip#PET.EER_EPMRU_PF4_RGC_DPG.D,2026-07-29T21:38:03+00:00
2024-06-07,2.209,PET.EER_EPMRU_PF4_RGC_DPG.D,https://www.eia.gov/opendata/bulk/PET.zip#PET.EER_EPMRU_PF4_RGC_DPG.D,2026-07-29T21:38:03+00:00
2024-06-10,2.246,PET.EER_EPMRU_PF4_RGC_DPG.D,https://www.eia.gov/opendata/bulk/PET.zip#PET.EER_EPMRU_PF4_RGC_DPG.D,2026-07-29T21:38:03+00:00
2024-06-11,2.233,PET.EER_EPMRU_PF4_RGC_DPG.D,https://www.eia.gov/opendata/bulk/PET.zip#PET.EER_EPMRU_PF4_RGC_DPG.D,2026-07-29T21:38:03+00:00
2024-06-12,2.228,PET.EER_EPMRU_PF4_RGC_DPG.D,https://www.eia.gov/opendata/bulk/PET.zip#PET.EER_EPMRU_PF4_RGC_DPG.D,2026-07-29T21:38:03+00:00
2024-06-13,2.250,PET.EER_EPMRU_PF4_RGC_DPG.D,https://www.eia.gov/opendata/bulk/PET.zip#PET.EER_EPMRU_PF4_RGC_DPG.D,2026-07-29T21:38:03+00:00
2024-06-14,2.252,PET.EER_EPMRU_PF4_RGC_DPG.D,https://www.eia.gov/opendata/bulk/PET.zip#PET.EER_EPMRU_PF4_RGC_DPG.D,2026-07-29T21:38:03+00:00
2024-06-17,2.271,PET.EER_EPMRU_PF4_RGC_DPG.D,https://www.eia.gov/opendata/bulk/PET.zip#PET.EER_EPMRU_PF4_RGC_DPG.D,2026-07-29T21:38:03+00:00
2024-06-18,2.305,PET.EER_EPMRU_PF4_RGC_DPG.D,https://www.eia.gov/opendata/bulk/PET.zip#PET.EER_EPMRU_PF4_RGC_DPG.D,2026-07-29T21:38:03+00:00
2024-06-20,2.290,PET.EER_EPMRU_PF4_RGC_DPG.D,https://www.eia.gov/opendata/bulk/PET.zip#PET.EER_EPMRU_PF4_RGC_DPG.D,2026-07-29T21:38:03+00:00
2024-06-21,2.336,PET.EER_EPMRU_PF4_RGC_DPG.D,https://www.eia.gov/opendata/bulk/PET.zip#PET.EER_EPMRU_PF4_RGC_DPG.D,2026-07-29T21:38:03+00:00
2024-06-24,2.337,PET.EER_EPMRU_PF4_RGC_DPG.D,https://www.eia.gov/opendata/bulk/PET.zip#PET.EER_EPMRU_PF4_RGC_DPG.D,2026-07-29T21:38:03+00:00
2024-06-25,2.321,PET.EER_EPMRU_PF4_RGC_DPG.D,https://www.eia.gov/opendata/bulk/PET.zip#PET.EER_EPMRU_PF4_RGC_DPG.D,2026-07-29T21:38:03+00:00
2024-06-26,2.356,PET.EER_EPMRU_PF4_RGC_DPG.D,https://www.eia.gov/opendata/bulk/PET.zip#PET.EER_EPMRU_PF4_RGC_DPG.D,2026-07-29T21:38:03+00:00
2024-06-27,2.379,PET.EER_EPMRU_PF4_RGC_DPG.D,https://www.eia.gov/opendata/bulk/PET.zip#PET.EER_EPMRU_PF4_RGC_DPG.D,2026-07-29T21:38:03+00:00
2024-06-28,2.345,PET.EER_EPMRU_PF4_RGC_DPG.D,https://www.eia.gov/opendata/bulk/PET.zip#PET.EER_EPMRU_PF4_RGC_DPG.D,2026-07-29T21:38:03+00:00
2024-07-01,2.435,PET.EER_EPMRU_PF4_RGC_DPG.D,https://www.eia.gov/opendata/bulk/PET.zip#PET.EER_EPMRU_PF4_RGC_DPG.D,2026-07-29T21:38:03+00:00
2024-07-02,2.439,PET.EER_EPMRU_PF4_RGC_DPG.D,https://www.eia.gov/opendata/bulk/PET.zip#PET.EER_EPMRU_PF4_RGC_DPG.D,2026-07-29T21:38:03+00:00
2024-07-03,2.457,PET.EER_EPMRU_PF4_RGC_DPG.D,https://www.eia.gov/opendata/bulk/PET.zip#PET.EER_EPMRU_PF4_RGC_DPG.D,2026-07-29T21:38:03+00:00
2024-07-05,2.451,PET.EER_EPMRU_PF4_RGC_DPG.D,https://www.eia.gov/opendata/bulk/PET.zip#PET.EER_EPMRU_PF4_RGC_DPG.D,2026-07-29T21:38:03+00:00
2024-07-08,2.404,PET.EER_EPMRU_PF4_RGC_DPG.D,https://www.eia.gov/opendata/bulk/PET.zip#PET.EER_EPMRU_PF4_RGC_DPG.D,2026-07-29T21:38:03+00:00
2024-07-09,2.407,PET.EER_EPMRU_PF4_RGC_DPG.D,https://www.eia.gov/opendata/bulk/PET.zip#PET.EER_EPMRU_PF4_RGC_DPG.D,2026-07-29T21:38:03+00:00
2024-07-10,2.355,PET.EER_EPMRU_PF4_RGC_DPG.D,https://www.eia.gov/opendata/bulk/PET.zip#PET.EER_EPMRU_PF4_RGC_DPG.D,2026-07-29T21:38:03+00:00
2024-07-11,2.370,PET.EER_EPMRU_PF4_RGC_DPG.D,https://www.eia.gov/opendata/bulk/PET.zip#PET.EER_EPMRU_PF4_RGC_DPG.D,2026-07-29T21:38:03+00:00
2024-07-12,2.356,PET.EER_EPMRU_PF4_RGC_DPG.D,https://www.eia.gov/opendata/bulk/PET.zip#PET.EER_EPMRU_PF4_RGC_DPG.D,2026-07-29T21:38:03+00:00
2024-07-15,2.336,PET.EER_EPMRU_PF4_RGC_DPG.D,https://www.eia.gov/opendata/bulk/PET.zip#PET.EER_EPMRU_PF4_RGC_DPG.D,2026-07-29T21:38:03+00:00
2024-07-16,2.339,PET.EER_EPMRU_PF4_RGC_DPG.D,https://www.eia.gov/opendata/bulk/PET.zip#PET.EER_EPMRU_PF4_RGC_DPG.D,2026-07-29T21:38:03+00:00
2024-07-17,2.382,PET.EER_EPMRU_PF4_RGC_DPG.D,https://www.eia.gov/opendata/bulk/PET.zip#PET.EER_EPMRU_PF4_RGC_DPG.D,2026-07-29T21:38:03+00:00
2024-07-18,2.388,PET.EER_EPMRU_PF4_RGC_DPG.D,https://www.eia.gov/opendata/bulk/PET.zip#PET.EER_EPMRU_PF4_RGC_DPG.D,2026-07-29T21:38:03+00:00
2024-07-19,2.306,PET.EER_EPMRU_PF4_RGC_DPG.D,https://www.eia.gov/opendata/bulk/PET.zip#PET.EER_EPMRU_PF4_RGC_DPG.D,2026-07-29T21:38:03+00:00
2024-07-22,2.367,PET.EER_EPMRU_PF4_RGC_DPG.D,https://www.eia.gov/opendata/bulk/PET.zip#PET.EER_EPMRU_PF4_RGC_DPG.D,2026-07-29T21:38:03+00:00
2024-07-23,2.312,PET.EER_EPMRU_PF4_RGC_DPG.D,https://www.eia.gov/opendata/bulk/PET.zip#PET.EER_EPMRU_PF4_RGC_DPG.D,2026-07-29T21:38:03+00:00
2024-07-24,2.340,PET.EER_EPMRU_PF4_RGC_DPG.D,https://www.eia.gov/opendata/bulk/PET.zip#PET.EER_EPMRU_PF4_RGC_DPG.D,2026-07-29T21:38:03+00:00
2024-07-25,2.363,PET.EER_EPMRU_PF4_RGC_DPG.D,https://www.eia.gov/opendata/bulk/PET.zip#PET.EER_EPMRU_PF4_RGC_DPG.D,2026-07-29T21:38:03+00:00
2024-07-26,2.372,PET.EER_EPMRU_PF4_RGC_DPG.D,https://www.eia.gov/opendata/bulk/PET.zip#PET.EER_EPMRU_PF4_RGC_DPG.D,2026-07-29T21:38:03+00:00
2024-07-29,2.332,PET.EER_EPMRU_PF4_RGC_DPG.D,https://www.eia.gov/opendata/bulk/PET.zip#PET.EER_EPMRU_PF4_RGC_DPG.D,2026-07-29T21:38:03+00:00
2024-07-30,2.292,PET.EER_EPMRU_PF4_RGC_DPG.D,https://www.eia.gov/opendata/bulk/PET.zip#PET.EER_EPMRU_PF4_RGC_DPG.D,2026-07-29T21:38:03+00:00
2024-07-31,2.395,PET.EER_EPMRU_PF4_RGC_DPG.D,https://www.eia.gov/opendata/bulk/PET.zip#PET.EER_EPMRU_PF4_RGC_DPG.D,2026-07-29T21:38:03+00:00
2024-08-01,2.371,PET.EER_EPMRU_PF4_RGC_DPG.D,https://www.eia.gov/opendata/bulk/PET.zip#PET.EER_EPMRU_PF4_RGC_DPG.D,2026-07-29T21:38:03+00:00
2024-08-02,2.283,PET.EER_EPMRU_PF4_RGC_DPG.D,https://www.eia.gov/opendata/bulk/PET.zip#PET.EER_EPMRU_PF4_RGC_DPG.D,2026-07-29T21:38:03+00:00
2024-08-05,2.375,PET.EER_EPMRU_PF4_RGC_DPG.D,https://www.eia.gov/opendata/bulk/PET.zip#PET.EER_EPMRU_PF4_RGC_DPG.D,2026-07-29T21:38:03+00:00
2024-08-06,2.286,PET.EER_EPMRU_PF4_RGC_DPG.D,https://www.eia.gov/opendata/bulk/PET.zip#PET.EER_EPMRU_PF4_RGC_DPG.D,2026-07-29T21:38:03+00:00
2024-08-07,2.322,PET.EER_EPMRU_PF4_RGC_DPG.D,https://www.eia.gov/opendata/bulk/PET.zip#PET.EER_EPMRU_PF4_RGC_DPG.D,2026-07-29T21:38:03+00:00
2024-08-08,2.408,PET.EER_EPMRU_PF4_RGC_DPG.D,https://www.eia.gov/opendata/bulk/PET.zip#PET.EER_EPMRU_PF4_RGC_DPG.D,2026-07-29T21:38:03+00:00
2024-08-09,2.386,PET.EER_EPMRU_PF4_RGC_DPG.D,https://www.eia.gov/opendata/bulk/PET.zip#PET.EER_EPMRU_PF4_RGC_DPG.D,2026-07-29T21:38:03+00:00
2024-08-12,2.429,PET.EER_EPMRU_PF4_RGC_DPG.D,https://www.eia.gov/opendata/bulk/PET.zip#PET.EER_EPMRU_PF4_RGC_DPG.D,2026-07-29T21:38:03+00:00
2024-08-13,2.322,PET.EER_EPMRU_PF4_RGC_DPG.D,https://www.eia.gov/opendata/bulk/PET.zip#PET.EER_EPMRU_PF4_RGC_DPG.D,2026-07-29T21:38:03+00:00
2024-08-14,2.275,PET.EER_EPMRU_PF4_RGC_DPG.D,https://www.eia.gov/opendata/bulk/PET.zip#PET.EER_EPMRU_PF4_RGC_DPG.D,2026-07-29T21:38:03+00:00
2024-08-15,2.308,PET.EER_EPMRU_PF4_RGC_DPG.D,https://www.eia.gov/opendata/bulk/PET.zip#PET.EER_EPMRU_PF4_RGC_DPG.D,2026-07-29T21:38:03+00:00
2024-08-16,2.279,PET.EER_EPMRU_PF4_RGC_DPG.D,https://www.eia.gov/opendata/bulk/PET.zip#PET.EER_EPMRU_PF4_RGC_DPG.D,2026-07-29T21:38:03+00:00
2024-08-19,2.219,PET.EER_EPMRU_PF4_RGC_DPG.D,https://www.eia.gov/opendata/bulk/PET.zip#PET.EER_EPMRU_PF4_RGC_DPG.D,2026-07-29T21:38:03+00:00
2024-08-20,2.208,PET.EER_EPMRU_PF4_RGC_DPG.D,https://www.eia.gov/opendata/bulk/PET.zip#PET.EER_EPMRU_PF4_RGC_DPG.D,2026-07-29T21:38:03+00:00
2024-08-21,2.318,PET.EER_EPMRU_PF4_RGC_DPG.D,https://www.eia.gov/opendata/bulk/PET.zip#PET.EER_EPMRU_PF4_RGC_DPG.D,2026-07-29T21:38:03+00:00
2024-08-22,2.333,PET.EER_EPMRU_PF4_RGC_DPG.D,https://www.eia.gov/opendata/bulk/PET.zip#PET.EER_EPMRU_PF4_RGC_DPG.D,2026-07-29T21:38:03+00:00
2024-08-23,2.366,PET.EER_EPMRU_PF4_RGC_DPG.D,https://www.eia.gov/opendata/bulk/PET.zip#PET.EER_EPMRU_PF4_RGC_DPG.D,2026-07-29T21:38:03+00:00
2024-08-26,2.358,PET.EER_EPMRU_PF4_RGC_DPG.D,https://www.eia.gov/opendata/bulk/PET.zip#PET.EER_EPMRU_PF4_RGC_DPG.D,2026-07-29T21:38:03+00:00
2024-08-27,2.316,PET.EER_EPMRU_PF4_RGC_DPG.D,https://www.eia.gov/opendata/bulk/PET.zip#PET.EER_EPMRU_PF4_RGC_DPG.D,2026-07-29T21:38:03+00:00
2024-08-28,2.124,PET.EER_EPMRU_PF4_RGC_DPG.D,https://www.eia.gov/opendata/bulk/PET.zip#PET.EER_EPMRU_PF4_RGC_DPG.D,2026-07-29T21:38:03+00:00
2024-08-29,2.172,PET.EER_EPMRU_PF4_RGC_DPG.D,https://www.eia.gov/opendata/bulk/PET.zip#PET.EER_EPMRU_PF4_RGC_DPG.D,2026-07-29T21:38:03+00:00
2024-08-30,2.153,PET.EER_EPMRU_PF4_RGC_DPG.D,https://www.eia.gov/opendata/bulk/PET.zip#PET.EER_EPMRU_PF4_RGC_DPG.D,2026-07-29T21:38:03+00:00
2024-09-03,2.024,PET.EER_EPMRU_PF4_RGC_DPG.D,https://www.eia.gov/opendata/bulk/PET.zip#PET.EER_EPMRU_PF4_RGC_DPG.D,2026-07-29T21:38:03+00:00
2024-09-04,1.964,PET.EER_EPMRU_PF4_RGC_DPG.D,https://www.eia.gov/opendata/bulk/PET.zip#PET.EER_EPMRU_PF4_RGC_DPG.D,2026-07-29T21:38:03+00:00
2024-09-05,1.916,PET.EER_EPMRU_PF4_RGC_DPG.D,https://www.eia.gov/opendata/bulk/PET.zip#PET.EER_EPMRU_PF4_RGC_DPG.D,2026-07-29T21:38:03+00:00
2024-09-06,1.894,PET.EER_EPMRU_PF4_RGC_DPG.D,https://www.eia.gov/opendata/bulk/PET.zip#PET.EER_EPMRU_PF4_RGC_DPG.D,2026-07-29T21:38:03+00:00
2024-09-09,1.941,PET.EER_EPMRU_PF4_RGC_DPG.D,https://www.eia.gov/opendata/bulk/PET.zip#PET.EER_EPMRU_PF4_RGC_DPG.D,2026-07-29T21:38:03+00:00
2024-09-10,1.911,PET.EER_EPMRU_PF4_RGC_DPG.D,https://www.eia.gov/opendata/bulk/PET.zip#PET.EER_EPMRU_PF4_RGC_DPG.D,2026-07-29T21:38:03+00:00
2024-09-11,1.927,PET.EER_EPMRU_PF4_RGC_DPG.D,https://www.eia.gov/opendata/bulk/PET.zip#PET.EER_EPMRU_PF4_RGC_DPG.D,2026-07-29T21:38:03+00:00
2024-09-12,1.956,PET.EER_EPMRU_PF4_RGC_DPG.D,https://www.eia.gov/opendata/bulk/PET.zip#PET.EER_EPMRU_PF4_RGC_DPG.D,2026-07-29T21:38:03+00:00
2024-09-13,1.946,PET.EER_EPMRU_PF4_RGC_DPG.D,https://www.eia.gov/opendata/bulk/PET.zip#PET.EER_EPMRU_PF4_RGC_DPG.D,2026-07-29T21:38:03+00:00
2024-09-16,1.980,PET.EER_EPMRU_PF4_RGC_DPG.D,https://www.eia.gov/opendata/bulk/PET.zip#PET.EER_EPMRU_PF4_RGC_DPG.D,2026-07-29T21:38:03+00:00
2024-09-17,1.972,PET.EER_EPMRU_PF4_RGC_DPG.D,https://www.eia.gov/opendata/bulk/PET.zip#PET.EER_EPMRU_PF4_RGC_DPG.D,2026-07-29T21:38:03+00:00
2024-09-18,1.953,PET.EER_EPMRU_PF4_RGC_DPG.D,https://www.eia.gov/opendata/bulk/PET.zip#PET.EER_EPMRU_PF4_RGC_DPG.D,2026-07-29T21:38:03+00:00
2024-09-19,2.091,PET.EER_EPMRU_PF4_RGC_DPG.D,https://www.eia.gov/opendata/bulk/PET.zip#PET.EER_EPMRU_PF4_RGC_DPG.D,2026-07-29T21:38:03+00:00
2024-09-20,2.077,PET.EER_EPMRU_PF4_RGC_DPG.D,https://www.eia.gov/opendata/bulk/PET.zip#PET.EER_EPMRU_PF4_RGC_DPG.D,2026-07-29T21:38:03+00:00
2024-09-23,2.026,PET.EER_EPMRU_PF4_RGC_DPG.D,https://www.eia.gov/opendata/bulk/PET.zip#PET.EER_EPMRU_PF4_RGC_DPG.D,2026-07-29T21:38:03+00:00
2024-09-24,2.043,PET.EER_EPMRU_PF4_RGC_DPG.D,https://www.eia.gov/opendata/bulk/PET.zip#PET.EER_EPMRU_PF4_RGC_DPG.D,2026-07-29T21:38:03+00:00
2024-09-25,2.021,PET.EER_EPMRU_PF4_RGC_DPG.D,https://www.eia.gov/opendata/bulk/PET.zip#PET.EER_EPMRU_PF4_RGC_DPG.D,2026-07-29T21:38:03+00:00
2024-09-26,1.983,PET.EER_EPMRU_PF4_RGC_DPG.D,https://www.eia.gov/opendata/bulk/PET.zip#PET.EER_EPMRU_PF4_RGC_DPG.D,2026-07-29T21:38:03+00:00
2024-09-27,1.988,PET.EER_EPMRU_PF4_RGC_DPG.D,https://www.eia.gov/opendata/bulk/PET.zip#PET.EER_EPMRU_PF4_RGC_DPG.D,2026-07-29T21:38:03+00:00
2024-09-30,2.003,PET.EER_EPMRU_PF4_RGC_DPG.D,https://www.eia.gov/opendata/bulk/PET.zip#PET.EER_EPMRU_PF4_RGC_DPG.D,2026-07-29T21:38:03+00:00
2024-10-01,1.988,PET.EER_EPMRU_PF4_RGC_DPG.D,https://www.eia.gov/opendata/bulk/PET.zip#PET.EER_EPMRU_PF4_RGC_DPG.D,2026-07-29T21:38:03+00:00
2024-10-02,2.010,PET.EER_EPMRU_PF4_RGC_DPG.D,https://www.eia.gov/opendata/bulk/PET.zip#PET.EER_EPMRU_PF4_RGC_DPG.D,2026-07-29T21:38:03+00:00
2024-10-03,2.099,PET.EER_EPMRU_PF4_RGC_DPG.D,https://www.eia.gov/opendata/bulk/PET.zip#PET.EER_EPMRU_PF4_RGC_DPG.D,2026-07-29T21:38:03+00:00
2024-10-04,2.116,PET.EER_EPMRU_PF4_RGC_DPG.D,https://www.eia.gov/opendata/bulk/PET.zip#PET.EER_EPMRU_PF4_RGC_DPG.D,2026-07-29T21:38:03+00:00
2024-10-07,2.185,PET.EER_EPMRU_PF4_RGC_DPG.D,https://www.eia.gov/opendata/bulk/PET.zip#PET.EER_EPMRU_PF4_RGC_DPG.D,2026-07-29T21:38:03+00:00
2024-10-08,2.112,PET.EER_EPMRU_PF4_RGC_DPG.D,https://www.eia.gov/opendata/bulk/PET.zip#PET.EER_EPMRU_PF4_RGC_DPG.D,2026-07-29T21:38:03+00:00
2024-10-09,2.104,PET.EER_EPMRU_PF4_RGC_DPG.D,https://www.eia.gov/opendata/bulk/PET.zip#PET.EER_EPMRU_PF4_RGC_DPG.D,2026-07-29T21:38:03+00:00
2024-10-10,2.157,PET.EER_EPMRU_PF4_RGC_DPG.D,https://www.eia.gov/opendata/bulk/PET.zip#PET.EER_EPMRU_PF4_RGC_DPG.D,2026-07-29T21:38:03+00:00
2024-10-11,2.146,PET.EER_EPMRU_PF4_RGC_DPG.D,https://www.eia.gov/opendata/bulk/PET.zip#PET.EER_EPMRU_PF4_RGC_DPG.D,2026-07-29T21:38:03+00:00
2024-10-14,2.146,PET.EER_EPMRU_PF4_RGC_DPG.D,https://www.eia.gov/opendata/bulk/PET.zip#PET.EER_EPMRU_PF4_RGC_DPG.D,2026-07-29T21:38:03+00:00
2024-10-15,2.063,PET.EER_EPMRU_PF4_RGC_DPG.D,https://www.eia.gov/opendata/bulk/PET.zip#PET.EER_EPMRU_PF4_RGC_DPG.D,2026-07-29T21:38:03+00:00
2024-10-16,2.058,PET.EER_EPMRU_PF4_RGC_DPG.D,https://www.eia.gov/opendata/bulk/PET.zip#PET.EER_EPMRU_PF4_RGC_DPG.D,2026-07-29T21:38:03+00:00
2024-10-17,2.050,PET.EER_EPMRU_PF4_RGC_DPG.D,https://www.eia.gov/opendata/bulk/PET.zip#PET.EER_EPMRU_PF4_RGC_DPG.D,2026-07-29T21:38:03+00:00
2024-10-18,1.973,PET.EER_EPMRU_PF4_RGC_DPG.D,https://www.eia.gov/opendata/bulk/PET.zip#PET.EER_EPMRU_PF4_RGC_DPG.D,2026-07-29T21:38:03+00:00
2024-10-21,1.936,PET.EER_EPMRU_PF4_RGC_DPG.D,https://www.eia.gov/opendata/bulk/PET.zip#PET.EER_EPMRU_PF4_RGC_DPG.D,2026-07-29T21:38:03+00:00
2024-10-22,1.986,PET.EER_EPMRU_PF4_RGC_DPG.D,https://www.eia.gov/opendata/bulk/PET.zip#PET.EER_EPMRU_PF4_RGC_DPG.D,2026-07-29T21:38:03+00:00
2024-10-23,1.941,PET.EER_EPMRU_PF4_RGC_DPG.D,https://www.eia.gov/opendata/bulk/PET.zip#PET.EER_EPMRU_PF4_RGC_DPG.D,2026-07-29T21:38:03+00:00
2024-10-24,1.952,PET.EER_EPMRU_PF4_RGC_DPG.D,https://www.eia.gov/opendata/bulk/PET.zip#PET.EER_EPMRU_PF4_RGC_DPG.D,2026-07-29T21:38:03+00:00
2024-10-25,1.990,PET.EER_EPMRU_PF4_RGC_DPG.D,https://www.eia.gov/opendata/bulk/PET.zip#PET.EER_EPMRU_PF4_RGC_DPG.D,2026-07-29T21:38:03+00:00
2024-10-28,1.889,PET.EER_EPMRU_PF4_RGC_DPG.D,https://www.eia.gov/opendata/bulk/PET.zip#PET.EER_EPMRU_PF4_RGC_DPG.D,2026-07-29T21:38:03+00:00
2024-10-29,1.878,PET.EER_EPMRU_PF4_RGC_DPG.D,https://www.eia.gov/opendata/bulk/PET.zip#PET.EER_EPMRU_PF4_RGC_DPG.D,2026-07-29T21:38:03+00:00
2024-10-30,1.919,PET.EER_EPMRU_PF4_RGC_DPG.D,https://www.eia.gov/opendata/bulk/PET.zip#PET.EER_EPMRU_PF4_RGC_DPG.D,2026-07-29T21:38:03+00:00
2024-10-31,1.949,PET.EER_EPMRU_PF4_RGC_DPG.D,https://www.eia.gov/opendata/bulk/PET.zip#PET.EER_EPMRU_PF4_RGC_DPG.D,2026-07-29T21:38:03+00:00
2024-11-01,1.915,PET.EER_EPMRU_PF4_RGC_DPG.D,https://www.eia.gov/opendata/bulk/PET.zip#PET.EER_EPMRU_PF4_RGC_DPG.D,2026-07-29T21:38:03+00:00
2024-11-04,1.992,PET.EER_EPMRU_PF4_RGC_DPG.D,https://www.eia.gov/opendata/bulk/PET.zip#PET.EER_EPMRU_PF4_RGC_DPG.D,2026-07-29T21:38:03+00:00
2024-11-05,2.007,PET.EER_EPMRU_PF4_RGC_DPG.D,https://www.eia.gov/opendata/bulk/PET.zip#PET.EER_EPMRU_PF4_RGC_DPG.D,2026-07-29T21:38:03+00:00
2024-11-06,1.999,PET.EER_EPMRU_PF4_RGC_DPG.D,https://www.eia.gov/opendata/bulk/PET.zip#PET.EER_EPMRU_PF4_RGC_DPG.D,2026-07-29T21:38:03+00:00
2024-11-07,2.010,PET.EER_EPMRU_PF4_RGC_DPG.D,https://www.eia.gov/opendata/bulk/PET.zip#PET.EER_EPMRU_PF4_RGC_DPG.D,2026-07-29T21:38:03+00:00
2024-11-08,1.979,PET.EER_EPMRU_PF4_RGC_DPG.D,https://www.eia.gov/opendata/bulk/PET.zip#PET.EER_EPMRU_PF4_RGC_DPG.D,2026-07-29T21:38:03+00:00
2024-11-11,1.979,PET.EER_EPMRU_PF4_RGC_DPG.D,https://www.eia.gov/opendata/bulk/PET.zip#PET.EER_EPMRU_PF4_RGC_DPG.D,2026-07-29T21:38:03+00:00
2024-11-12,1.899,PET.EER_EPMRU_PF4_RGC_DPG.D,https://www.eia.gov/opendata/bulk/PET.zip#PET.EER_EPMRU_PF4_RGC_DPG.D,2026-07-29T21:38:03+00:00
2024-11-13,1.892,PET.EER_EPMRU_PF4_RGC_DPG.D,https://www.eia.gov/opendata/bulk/PET.zip#PET.EER_EPMRU_PF4_RGC_DPG.D,2026-07-29T21:38:03+00:00
2024-11-14,1.933,PET.EER_EPMRU_PF4_RGC_DPG.D,https://www.eia.gov/opendata/bulk/PET.zip#PET.EER_EPMRU_PF4_RGC_DPG.D,2026-07-29T21:38:03+00:00
2024-11-15,1.904,PET.EER_EPMRU_PF4_RGC_DPG.D,https://www.eia.gov/opendata/bulk/PET.zip#PET.EER_EPMRU_PF4_RGC_DPG.D,2026-07-29T21:38:03+00:00
2024-11-18,1.958,PET.EER_EPMRU_PF4_RGC_DPG.D,https://www.eia.gov/opendata/bulk/PET.zip#PET.EER_EPMRU_PF4_RGC_DPG.D,2026-07-29T21:38:03+00:00
2024-11-19,1.999,PET.EER_EPMRU_PF4_RGC_DPG.D,https://www.eia.gov/opendata/bulk/PET.zip#PET.EER_EPMRU_PF4_RGC_DPG.D,2026-07-29T21:38:03+00:00
2024-11-20,2.008,PET.EER_EPMRU_PF4_RGC_DPG.D,https://www.eia.gov/opendata/bulk/PET.zip#PET.EER_EPMRU_PF4_RGC_DPG.D,2026-07-29T21:38:03+00:00
2024-11-21,1.944,PET.EER_EPMRU_PF4_RGC_DPG.D,https://www.eia.gov/opendata/bulk/PET.zip#PET.EER_EPMRU_PF4_RGC_DPG.D,2026-07-29T21:38:03+00:00
2024-11-22,1.971,PET.EER_EPMRU_PF4_RGC_DPG.D,https://www.eia.gov/opendata/bulk/PET.zip#PET.EER_EPMRU_PF4_RGC_DPG.D,2026-07-29T21:38:03+00:00
2024-11-25,1.915,PET.EER_EPMRU_PF4_RGC_DPG.D,https://www.eia.gov/opendata/bulk/PET.zip#PET.EER_EPMRU_PF4_RGC_DPG.D,2026-07-29T21:38:03+00:00
2024-11-26,1.926,PET.EER_EPMRU_PF4_RGC_DPG.D,https://www.eia.gov/opendata/bulk/PET.zip#PET.EER_EPMRU_PF4_RGC_DPG.D,2026-07-29T21:38:03+00:00
2024-11-27,1.914,PET.EER_EPMRU_PF4_RGC_DPG.D,https://www.eia.gov/opendata/bulk/PET.zip#PET.EER_EPMRU_PF4_RGC_DPG.D,2026-07-29T21:38:03+00:00
2024-11-29,1.889,PET.EER_EPMRU_PF4_RGC_DPG.D,https://www.eia.gov/opendata/bulk/PET.zip#PET.EER_EPMRU_PF4_RGC_DPG.D,2026-07-29T21:38:03+00:00
2024-12-02,1.881,PET.EER_EPMRU_PF4_RGC_DPG.D,https://www.eia.gov/opendata/bulk/PET.zip#PET.EER_EPMRU_PF4_RGC_DPG.D,2026-07-29T21:38:03+00:00
2024-12-03,1.924,PET.EER_EPMRU_PF4_RGC_DPG.D,https://www.eia.gov/opendata/bulk/PET.zip#PET.EER_EPMRU_PF4_RGC_DPG.D,2026-07-29T21:38:03+00:00
2024-12-04,1.905,PET.EER_EPMRU_PF4_RGC_DPG.D,https://www.eia.gov/opendata/bulk/PET.zip#PET.EER_EPMRU_PF4_RGC_DPG.D,2026-07-29T21:38:03+00:00
2024-12-05,1.889,PET.EER_EPMRU_PF4_RGC_DPG.D,https://www.eia.gov/opendata/bulk/PET.zip#PET.EER_EPMRU_PF4_RGC_DPG.D,2026-07-29T21:38:03+00:00
2024-12-06,1.843,PET.EER_EPMRU_PF4_RGC_DPG.D,https://www.eia.gov/opendata/bulk/PET.zip#PET.EER_EPMRU_PF4_RGC_DPG.D,2026-07-29T21:38:03+00:00
2024-12-09,1.895,PET.EER_EPMRU_PF4_RGC_DPG.D,https://www.eia.gov/opendata/bulk/PET.zip#PET.EER_EPMRU_PF4_RGC_DPG.D,2026-07-29T21:38:03+00:00
2024-12-10,1.923,PET.EER_EPMRU_PF4_RGC_DPG.D,https://www.eia.gov/opendata/bulk/PET.zip#PET.EER_EPMRU_PF4_RGC_DPG.D,2026-07-29T21:38:03+00:00
2024-12-11,1.938,PET.EER_EPMRU_PF4_RGC_DPG.D,https://www.eia.gov/opendata/bulk/PET.zip#PET.EER_EPMRU_PF4_RGC_DPG.D,2026-07-29T21:38:03+00:00
2024-12-12,1.942,PET.EER_EPMRU_PF4_RGC_DPG.D,https://www.eia.gov/opendata/bulk/PET.zip#PET.EER_EPMRU_PF4_RGC_DPG.D,2026-07-29T21:38:03+00:00
2024-12-13,1.965,PET.EER_EPMRU_PF4_RGC_DPG.D,https://www.eia.gov/opendata/bulk/PET.zip#PET.EER_EPMRU_PF4_RGC_DPG.D,2026-07-29T21:38:03+00:00
2024-12-16,1.952,PET.EER_EPMRU_PF4_RGC_DPG.D,https://www.eia.gov/opendata/bulk/PET.zip#PET.EER_EPMRU_PF4_RGC_DPG.D,2026-07-29T21:38:03+00:00
2024-12-17,1.924,PET.EER_EPMRU_PF4_RGC_DPG.D,https://www.eia.gov/opendata/bulk/PET.zip#PET.EER_EPMRU_PF4_RGC_DPG.D,2026-07-29T21:38:03+00:00
2024-12-18,1.893,PET.EER_EPMRU_PF4_RGC_DPG.D,https://www.eia.gov/opendata/bulk/PET.zip#PET.EER_EPMRU_PF4_RGC_DPG.D,2026-07-29T21:38:03+00:00
2024-12-19,1.904,PET.EER_EPMRU_PF4_RGC_DPG.D,https://www.eia.gov/opendata/bulk/PET.zip#PET.EER_EPMRU_PF4_RGC_DPG.D,2026-07-29T21:38:03+00:00
2024-12-20,1.924,PET.EER_EPMRU_PF4_RGC_DPG.D,https://www.eia.gov/opendata/bulk/PET.zip#PET.EER_EPMRU_PF4_RGC_DPG.D,2026-07-29T21:38:03+00:00
2024-12-23,1.956,PET.EER_EPMRU_PF4_RGC_DPG.D,https://www.eia.gov/opendata/bulk/PET.zip#PET.EER_EPMRU_PF4_RGC_DPG.D,2026-07-29T21:38:03+00:00
2024-12-24,2.013,PET.EER_EPMRU_PF4_RGC_DPG.D,https://www.eia.gov/opendata/bulk/PET.zip#PET.EER_EPMRU_PF4_RGC_DPG.D,2026-07-29T21:38:03+00:00
2024-12-26,1.988,PET.EER_EPMRU_PF4_RGC_DPG.D,https://www.eia.gov/opendata/bulk/PET.zip#PET.EER_EPMRU_PF4_RGC_DPG.D,2026-07-29T21:38:03+00:00
2024-12-27,1.980,PET.EER_EPMRU_PF4_RGC_DPG.D,https://www.eia.gov/opendata/bulk/PET.zip#PET.EER_EPMRU_PF4_RGC_DPG.D,2026-07-29T21:38:03+00:00
2024-12-30,2.008,PET.EER_EPMRU_PF4_RGC_DPG.D,https://www.eia.gov/opendata/bulk/PET.zip#PET.EER_EPMRU_PF4_RGC_DPG.D,2026-07-29T21:38:03+00:00
2024-12-31,2.010,PET.EER_EPMRU_PF4_RGC_DPG.D,https://www.eia.gov/opendata/bulk/PET.zip#PET.EER_EPMRU_PF4_RGC_DPG.D,2026-07-29T21:38:03+00:00
2025-01-02,2.062,PET.EER_EPMRU_PF4_RGC_DPG.D,https://www.eia.gov/opendata/bulk/PET.zip#PET.EER_EPMRU_PF4_RGC_DPG.D,2026-07-29T21:38:03+00:00
2025-01-03,2.069,PET.EER_EPMRU_PF4_RGC_DPG.D,https://www.eia.gov/opendata/bulk/PET.zip#PET.EER_EPMRU_PF4_RGC_DPG.D,2026-07-29T21:38:03+00:00
2025-01-06,2.050,PET.EER_EPMRU_PF4_RGC_DPG.D,https://www.eia.gov/opendata/bulk/PET.zip#PET.EER_EPMRU_PF4_RGC_DPG.D,2026-07-29T21:38:03+00:00
2025-01-07,2.046,PET.EER_EPMRU_PF4_RGC_DPG.D,https://www.eia.gov/opendata/bulk/PET.zip#PET.EER_EPMRU_PF4_RGC_DPG.D,2026-07-29T21:38:03+00:00
2025-01-08,2.031,PET.EER_EPMRU_PF4_RGC_DPG.D,https://www.eia.gov/opendata/bulk/PET.zip#PET.EER_EPMRU_PF4_RGC_DPG.D,2026-07-29T21:38:03+00:00
2025-01-10,2.097,PET.EER_EPMRU_PF4_RGC_DPG.D,https://www.eia.gov/opendata/bulk/PET.zip#PET.EER_EPMRU_PF4_RGC_DPG.D,2026-07-29T21:38:03+00:00
2025-01-13,2.125,PET.EER_EPMRU_PF4_RGC_DPG.D,https://www.eia.gov/opendata/bulk/PET.zip#PET.EER_EPMRU_PF4_RGC_DPG.D,2026-07-29T21:38:03+00:00
2025-01-14,2.146,PET.EER_EPMRU_PF4_RGC_DPG.D,https://www.eia.gov/opendata/bulk/PET.zip#PET.EER_EPMRU_PF4_RGC_DPG.D,2026-07-29T21:38:03+00:00
2025-01-15,2.214,PET.EER_EPMRU_PF4_RGC_DPG.D,https://www.eia.gov/opendata/bulk/PET.zip#PET.EER_EPMRU_PF4_RGC_DPG.D,2026-07-29T21:38:03+00:00
2025-01-16,2.147,PET.EER_EPMRU_PF4_RGC_DPG.D,https://www.eia.gov/opendata/bulk/PET.zip#PET.EER_EPMRU_PF4_RGC_DPG.D,2026-07-29T21:38:03+00:00
2025-01-17,2.132,PET.EER_EPMRU_PF4_RGC_DPG.D,https://www.eia.gov/opendata/bulk/PET.zip#PET.EER_EPMRU_PF4_RGC_DPG.D,2026-07-29T21:38:03+00:00
2025-01-21,2.110,PET.EER_EPMRU_PF4_RGC_DPG.D,https://www.eia.gov/opendata/bulk/PET.zip#PET.EER_EPMRU_PF4_RGC_DPG.D,2026-07-29T21:38:03+00:00
2025-01-22,2.066,PET.EER_EPMRU_PF4_RGC_DPG.D,https://www.eia.gov/opendata/bulk/PET.zip#PET.EER_EPMRU_PF4_RGC_DPG.D,2026-07-29T21:38:03+00:00
2025-01-23,2.045,PET.EER_EPMRU_PF4_RGC_DPG.D,https://www.eia.gov/opendata/bulk/PET.zip#PET.EER_EPMRU_PF4_RGC_DPG.D,2026-07-29T21:38:03+00:00
2025-01-24,2.050,PET.EER_EPMRU_PF4_RGC_DPG.D,https://www.eia.gov/opendata/bulk/PET.zip#PET.EER_EPMRU_PF4_RGC_DPG.D,2026-07-29T21:38:03+00:00
2025-01-27,2.030,PET.EER_EPMRU_PF4_RGC_DPG.D,https://www.eia.gov/opendata/bulk/PET.zip#PET.EER_EPMRU_PF4_RGC_DPG.D,2026-07-29T21:38:03+00:00
2025-01-28,2.056,PET.EER_EPMRU_PF4_RGC_DPG.D,https://www.eia.gov/opendata/bulk/PET.zip#PET.EER_EPMRU_PF4_RGC_DPG.D,2026-07-29T21:38:03+00:00
2025-01-29,2.025,PET.EER_EPMRU_PF4_RGC_DPG.D,https://www.eia.gov/opendata/bulk/PET.zip#PET.EER_EPMRU_PF4_RGC_DPG.D,2026-07-29T21:38:03+00:00
2025-01-30,2.072,PET.EER_EPMRU_PF4_RGC_DPG.D,https://www.eia.gov/opendata/bulk/PET.zip#PET.EER_EPMRU_PF4_RGC_DPG.D,2026-07-29T21:38:03+00:00
2025-01-31,2.077,PET.EER_EPMRU_PF4_RGC_DPG.D,https://www.eia.gov/opendata/bulk/PET.zip#PET.EER_EPMRU_PF4_RGC_DPG.D,2026-07-29T21:38:03+00:00
2025-02-03,2.102,PET.EER_EPMRU_PF4_RGC_DPG.D,https://www.eia.gov/opendata/bulk/PET.zip#PET.EER_EPMRU_PF4_RGC_DPG.D,2026-07-29T21:38:03+00:00
2025-02-04,2.114,PET.EER_EPMRU_PF4_RGC_DPG.D,https://www.eia.gov/opendata/bulk/PET.zip#PET.EER_EPMRU_PF4_RGC_DPG.D,2026-07-29T21:38:03+00:00
2025-02-05,2.074,PET.EER_EPMRU_PF4_RGC_DPG.D,https://www.eia.gov/opendata/bulk/PET.zip#PET.EER_EPMRU_PF4_RGC_DPG.D,2026-07-29T21:38:03+00:00
2025-02-06,2.088,PET.EER_EPMRU_PF4_RGC_DPG.D,https://www.eia.gov/opendata/bulk/PET.zip#PET.EER_EPMRU_PF4_RGC_DPG.D,2026-07-29T21:38:03+00:00
2025-02-07,2.108,PET.EER_EPMRU_PF4_RGC_DPG.D,https://www.eia.gov/opendata/bulk/PET.zip#PET.EER_EPMRU_PF4_RGC_DPG.D,2026-07-29T21:38:03+00:00
2025-02-10,2.099,PET.EER_EPMRU_PF4_RGC_DPG.D,https://www.eia.gov/opendata/bulk/PET.zip#PET.EER_EPMRU_PF4_RGC_DPG.D,2026-07-29T21:38:03+00:00
2025-02-11,2.137,PET.EER_EPMRU_PF4_RGC_DPG.D,https://www.eia.gov/opendata/bulk/PET.zip#PET.EER_EPMRU_PF4_RGC_DPG.D,2026-07-29T21:38:03+00:00
2025-02-12,2.072,PET.EER_EPMRU_PF4_RGC_DPG.D,https://www.eia.gov/opendata/bulk/PET.zip#PET.EER_EPMRU_PF4_RGC_DPG.D,2026-07-29T21:38:03+00:00
2025-02-13,2.116,PET.EER_EPMRU_PF4_RGC_DPG.D,https://www.eia.gov/opendata/bulk/PET.zip#PET.EER_EPMRU_PF4_RGC_DPG.D,2026-07-29T21:38:03+00:00
2025-02-14,2.091,PET.EER_EPMRU_PF4_RGC_DPG.D,https://www.eia.gov/opendata/bulk/PET.zip#PET.EER_EPMRU_PF4_RGC_DPG.D,2026-07-29T21:38:03+00:00
2025-02-18,2.096,PET.EER_EPMRU_PF4_RGC_DPG.D,https://www.eia.gov/opendata/bulk/PET.zip#PET.EER_EPMRU_PF4_RGC_DPG.D,2026-07-29T21:38:03+00:00
2025-02-19,2.114,PET.EER_EPMRU_PF4_RGC_DPG.D,https://www.eia.gov/opendata/bulk/PET.zip#PET.EER_EPMRU_PF4_RGC_DPG.D,2026-07-29T21:38:03+00:00
2025-02-20,2.108,PET.EER_EPMRU_PF4_RGC_DPG.D,https://www.eia.gov/opendata/bulk/PET.zip#PET.EER_EPMRU_PF4_RGC_DPG.D,2026-07-29T21:38:03+00:00
2025-02-21,2.067,PET.EER_EPMRU_PF4_RGC_DPG.D,https://www.eia.gov/opendata/bulk/PET.zip#PET.EER_EPMRU_PF4_RGC_DPG.D,2026-07-29T21:38:03+00:00
2025-02-24,2.061,PET.EER_EPMRU_PF4_RGC_DPG.D,https://www.eia.gov/opendata/bulk/PET.zip#PET.EER_EPMRU_PF4_RGC_DPG.D,2026-07-29T21:38:03+00:00
2025-02-25,1.994,PET.EER_EPMRU_PF4_RGC_DPG.D,https://www.eia.gov/opendata/bulk/PET.zip#PET.EER_EPMRU_PF4_RGC_DPG.D,2026-07-29T21:38:03+00:00
2025-02-26,1.955,PET.EER_EPMRU_PF4_RGC_DPG.D,https://www.eia.gov/opendata/bulk/PET.zip#PET.EER_EPMRU_PF4_RGC_DPG.D,2026-07-29T21:38:03+00:00
2025-02-27,1.998,PET.EER_EPMRU_PF4_RGC_DPG.D,https://www.eia.gov/opendata/bulk/PET.zip#PET.EER_EPMRU_PF4_RGC_DPG.D,2026-07-29T21:38:03+00:00
2025-02-28,2.006,PET.EER_EPMRU_PF4_RGC_DPG.D,https://www.eia.gov/opendata/bulk/PET.zip#PET.EER_EPMRU_PF4_RGC_DPG.D,2026-07-29T21:38:03+00:00
2025-03-03,1.963,PET.EER_EPMRU_PF4_RGC_DPG.D,https://www.eia.gov/opendata/bulk/PET.zip#PET.EER_EPMRU_PF4_RGC_DPG.D,2026-07-29T21:38:03+00:00
2025-03-04,1.938,PET.EER_EPMRU_PF4_RGC_DPG.D,https://www.eia.gov/opendata/bulk/PET.zip#PET.EER_EPMRU_PF4_RGC_DPG.D,2026-07-29T21:38:03+00:00
2025-03-05,1.994,PET.EER_EPMRU_PF4_RGC_DPG.D,https://www.eia.gov/opendata/bulk/PET.zip#PET.EER_EPMRU_PF4_RGC_DPG.D,2026-07-29T21:38:03+00:00
2025-03-06,1.956,PET.EER_EPMRU_PF4_RGC_DPG.D,https://www.eia.gov/opendata/bulk/PET.zip#PET.EER_EPMRU_PF4_RGC_DPG.D,2026-07-29T21:38:03+00:00
2025-03-07,1.985,PET.EER_EPMRU_PF4_RGC_DPG.D,https://www.eia.gov/opendata/bulk/PET.zip#PET.EER_EPMRU_PF4_RGC_DPG.D,2026-07-29T21:38:03+00:00
2025-03-10,1.932,PET.EER_EPMRU_PF4_RGC_DPG.D,https://www.eia.gov/opendata/bulk/PET.zip#PET.EER_EPMRU_PF4_RGC_DPG.D,2026-07-29T21:38:03+00:00
2025-03-11,1.954,PET.EER_EPMRU_PF4_RGC_DPG.D,https://www.eia.gov/opendata/bulk/PET.zip#PET.EER_EPMRU_PF4_RGC_DPG.D,2026-07-29T21:38:03+00:00
2025-03-12,2.008,PET.EER_EPMRU_PF4_RGC_DPG.D,https://www.eia.gov/opendata/bulk/PET.zip#PET.EER_EPMRU_PF4_RGC_DPG.D,2026-07-29T21:38:03+00:00
2025-03-13,2.038,PET.EER_EPMRU_PF4_RGC_DPG.D,https://www.eia.gov/opendata/bulk/PET.zip#PET.EER_EPMRU_PF4_RGC_DPG.D,2026-07-29T21:38:03+00:00
2025-03-14,2.064,PET.EER_EPMRU_PF4_RGC_DPG.D,https://www.eia.gov/opendata/bulk/PET.zip#PET.EER_EPMRU_PF4_RGC_DPG.D,2026-07-29T21:38:03+00:00
2025-03-17,2.095,PET.EER_EPMRU_PF4_RGC_DPG.D,https://www.eia.gov/opendata/bulk/PET.zip#PET.EER_EPMRU_PF4_RGC_DPG.D,2026-07-29T21:38:03+00:00
2025-03-18,2.089,PET.EER_EPMRU_PF4_RGC_DPG.D,https://www.eia.gov/opendata/bulk/PET.zip#PET.EER_EPMRU_PF4_RGC_DPG.D,2026-07-29T21:38:03+00:00
2025-03-19,2.074,PET.EER_EPMRU_PF4_RGC_DPG.D,https://www.eia.gov/opendata/bulk/PET.zip#PET.EER_EPMRU_PF4_RGC_DPG.D,2026-07-29T21:38:03+00:00
2025-03-20,2.106,PET.EER_EPMRU_PF4_RGC_DPG.D,https://www.eia.gov/opendata/bulk/PET.zip#PET.EER_EPMRU_PF4_RGC_DPG.D,2026-07-29T21:38:03+00:00
2025-03-21,2.100,PET.EER_EPMRU_PF4_RGC_DPG.D,https://www.eia.gov/opendata/bulk/PET.zip#PET.EER_EPMRU_PF4_RGC_DPG.D,2026-07-29T21:38:03+00:00
2025-03-24,2.083,PET.EER_EPMRU_PF4_RGC_DPG.D,https://www.eia.gov/opendata/bulk/PET.zip#PET.EER_EPMRU_PF4_RGC_DPG.D,2026-07-29T21:38:03+00:00
2025-03-25,2.087,PET.EER_EPMRU_PF4_RGC_DPG.D,https://www.eia.gov/opendata/bulk/PET.zip#PET.EER_EPMRU_PF4_RGC_DPG.D,2026-07-29T21:38:03+00:00
2025-03-26,2.133,PET.EER_EPMRU_PF4_RGC_DPG.D,https://www.eia.gov/opendata/bulk/PET.zip#PET.EER_EPMRU_PF4_RGC_DPG.D,2026-07-29T21:38:03+00:00
2025-03-27,2.140,PET.EER_EPMRU_PF4_RGC_DPG.D,https://www.eia.gov/opendata/bulk/PET.zip#PET.EER_EPMRU_PF4_RGC_DPG.D,2026-07-29T21:38:03+00:00
2025-03-28,2.146,PET.EER_EPMRU_PF4_RGC_DPG.D,https://www.eia.gov/opendata/bulk/PET.zip#PET.EER_EPMRU_PF4_RGC_DPG.D,2026-07-29T21:38:03+00:00
2025-03-31,2.211,PET.EER_EPMRU_PF4_RGC_DPG.D,https://www.eia.gov/opendata/bulk/PET.zip#PET.EER_EPMRU_PF4_RGC_DPG.D,2026-07-29T21:38:03+00:00
2025-04-01,2.244,PET.EER_EPMRU_PF4_RGC_DPG.D,https://www.eia.gov/opendata/bulk/PET.zip#PET.EER_EPMRU_PF4_RGC_DPG.D,2026-07-29T21:38:03+00:00
2025-04-02,2.238,PET.EER_EPMRU_PF4_RGC_DPG.D,https://www.eia.gov/opendata/bulk/PET.zip#PET.EER_EPMRU_PF4_RGC_DPG.D,2026-07-29T21:38:03+00:00
2025-04-03,2.072,PET.EER_EPMRU_PF4_RGC_DPG.D,https://www.eia.gov/opendata/bulk/PET.zip#PET.EER_EPMRU_PF4_RGC_DPG.D,2026-07-29T21:38:03+00:00
2025-04-04,1.991,PET.EER_EPMRU_PF4_RGC_DPG.D,https://www.eia.gov/opendata/bulk/PET.zip#PET.EER_EPMRU_PF4_RGC_DPG.D,2026-07-29T21:38:03+00:00
2025-04-07,1.953,PET.EER_EPMRU_PF4_RGC_DPG.D,https://www.eia.gov/opendata/bulk/PET.zip#PET.EER_EPMRU_PF4_RGC_DPG.D,2026-07-29T21:38:03+00:00
2025-04-08,1.892,PET.EER_EPMRU_PF4_RGC_DPG.D,https://www.eia.gov/opendata/bulk/PET.zip#PET.EER_EPMRU_PF4_RGC_DPG.D,2026-07-29T21:38:03+00:00
2025-04-09,1.943,PET.EER_EPMRU_PF4_RGC_DPG.D,https://www.eia.gov/opendata/bulk/PET.zip#PET.EER_EPMRU_PF4_RGC_DPG.D,2026-07-29T21:38:03+00:00
2025-04-10,1.882,PET.EER_EPMRU_PF4_RGC_DPG.D,https://www.eia.gov/opendata/bulk/PET.zip#PET.EER_EPMRU_PF4_RGC_DPG.D,2026-07-29T21:38:03+00:00
2025-04-11,1.911,PET.EER_EPMRU_PF4_RGC_DPG.D,https://www.eia.gov/opendata/bulk/PET.zip#PET.EER_EPMRU_PF4_RGC_DPG.D,2026-07-29T21:38:03+00:00
2025-04-14,1.928,PET.EER_EPMRU_PF4_RGC_DPG.D,https://www.eia.gov/opendata/bulk/PET.zip#PET.EER_EPMRU_PF4_RGC_DPG.D,2026-07-29T21:38:03+00:00
2025-04-15,1.939,PET.EER_EPMRU_PF4_RGC_DPG.D,https://www.eia.gov/opendata/bulk/PET.zip#PET.EER_EPMRU_PF4_RGC_DPG.D,2026-07-29T21:38:03+00:00
2025-04-16,1.953,PET.EER_EPMRU_PF4_RGC_DPG.D,https://www.eia.gov/opendata/bulk/PET.zip#PET.EER_EPMRU_PF4_RGC_DPG.D,2026-07-29T21:38:03+00:00
2025-04-17,2.008,PET.EER_EPMRU_PF4_RGC_DPG.D,https://www.eia.gov/opendata/bulk/PET.zip#PET.EER_EPMRU_PF4_RGC_DPG.D,2026-07-29T21:38:03+00:00
2025-04-21,1.981,PET.EER_EPMRU_PF4_RGC_DPG.D,https://www.eia.gov/opendata/bulk/PET.zip#PET.EER_EPMRU_PF4_RGC_DPG.D,2026-07-29T21:38:03+00:00
2025-04-22,2.018,PET.EER_EPMRU_PF4_RGC_DPG.D,https://www.eia.gov/opendata/bulk/PET.zip#PET.EER_EPMRU_PF4_RGC_DPG.D,2026-07-29T21:38:03+00:00
2025-04-23,2.005,PET.EER_EPMRU_PF4_RGC_DPG.D,https://www.eia.gov/opendata/bulk/PET.zip#PET.EER_EPMRU_PF4_RGC_DPG.D,2026-07-29T21:38:03+00:00
2025-04-24,2.009,PET.EER_EPMRU_PF4_RGC_DPG.D,https://www.eia.gov/opendata/bulk/PET.zip#PET.EER_EPMRU_PF4_RGC_DPG.D,2026-07-29T21:38:03+00:00
2025-04-25,2.028,PET.EER_EPMRU_PF4_RGC_DPG.D,https://www.eia.gov/opendata/bulk/PET.zip#PET.EER_EPMRU_PF4_RGC_DPG.D,2026-07-29T21:38:03+00:00
2025-04-28,2.011,PET.EER_EPMRU_PF4_RGC_DPG.D,https://www.eia.gov/opendata/bulk/PET.zip#PET.EER_EPMRU_PF4_RGC_DPG.D,2026-07-29T21:38:03+00:00
2025-04-29,1.966,PET.EER_EPMRU_PF4_RGC_DPG.D,https://www.eia.gov/opendata/bulk/PET.zip#PET.EER_EPMRU_PF4_RGC_DPG.D,2026-07-29T21:38:03+00:00
2025-04-30,1.946,PET.EER_EPMRU_PF4_RGC_DPG.D,https://www.eia.gov/opendata/bulk/PET.zip#PET.EER_EPMRU_PF4_RGC_DPG.D,2026-07-29T21:38:03+00:00
2025-05-01,1.946,PET.EER_EPMRU_PF4_RGC_DPG.D,https://www.eia.gov/opendata/bulk/PET.zip#PET.EER_EPMRU_PF4_RGC_DPG.D,2026-07-29T21:38:03+00:00
2025-05-02,1.927,PET.EER_EPMRU_PF4_RGC_DPG.D,https://www.eia.gov/opendata/bulk/PET.zip#PET.EER_EPMRU_PF4_RGC_DPG.D,2026-07-29T21:38:03+00:00
2025-05-05,1.946,PET.EER_EPMRU_PF4_RGC_DPG.D,https://www.eia.gov/opendata/bulk/PET.zip#PET.EER_EPMRU_PF4_RGC_DPG.D,2026-07-29T21:38:03+00:00
2025-05-06,2.009,PET.EER_EPMRU_PF4_RGC_DPG.D,https://www.eia.gov/opendata/bulk/PET.zip#PET.EER_EPMRU_PF4_RGC_DPG.D,2026-07-29T21:38:03+00:00
2025-05-07,1.960,PET.EER_EPMRU_PF4_RGC_DPG.D,https://www.eia.gov/opendata/bulk/PET.zip#PET.EER_EPMRU_PF4_RGC_DPG.D,2026-07-29T21:38:03+00:00
2025-05-08,2.036,PET.EER_EPMRU_PF4_RGC_DPG.D,https://www.eia.gov/opendata/bulk/PET.zip#PET.EER_EPMRU_PF4_RGC_DPG.D,2026-07-29T21:38:03+00:00
2025-05-09,2.050,PET.EER_EPMRU_PF4_RGC_DPG.D,https://www.eia.gov/opendata/bulk/PET.zip#PET.EER_EPMRU_PF4_RGC_DPG.D,2026-07-29T21:38:03+00:00
2025-05-12,2.063,PET.EER_EPMRU_PF4_RGC_DPG.D,https://www.eia.gov/opendata/bulk/PET.zip#PET.EER_EPMRU_PF4_RGC_DPG.D,2026-07-29T21:38:03+00:00
2025-05-13,2.084,PET.EER_EPMRU_PF4_RGC_DPG.D,https://www.eia.gov/opendata/bulk/PET.zip#PET.EER_EPMRU_PF4_RGC_DPG.D,2026-07-29T21:38:03+00:00
2025-05-14,2.075,PET.EER_EPMRU_PF4_RGC_DPG.D,https://www.eia.gov/opendata/bulk/PET.zip#PET.EER_EPMRU_PF4_RGC_DPG.D,2026-07-29T21:38:03+00:00
2025-05-15,2.061,PET.EER_EPMRU_PF4_RGC_DPG.D,https://www.eia.gov/opendata/bulk/PET.zip#PET.EER_EPMRU_PF4_RGC_DPG.D,2026-07-29T21:38:03+00:00
2025-05-16,2.055,PET.EER_EPMRU_PF4_RGC_DPG.D,https://www.eia.gov/opendata/bulk/PET.zip#PET.EER_EPMRU_PF4_RGC_DPG.D,2026-07-29T21:38:03+00:00
2025-05-19,2.074,PET.EER_EPMRU_PF4_RGC_DPG.D,https://www.eia.gov/opendata/bulk/PET.zip#PET.EER_EPMRU_PF4_RGC_DPG.D,2026-07-29T21:38:03+00:00
2025-05-20,2.093,PET.EER_EPMRU_PF4_RGC_DPG.D,https://www.eia.gov/opendata/bulk/PET.zip#PET.EER_EPMRU_PF4_RGC_DPG.D,2026-07-29T21:38:03+00:00
2025-05-21,2.108,PET.EER_EPMRU_PF4_RGC_DPG.D,https://www.eia.gov/opendata/bulk/PET.zip#PET.EER_EPMRU_PF4_RGC_DPG.D,2026-07-29T21:38:03+00:00
2025-05-22,2.106,PET.EER_EPMRU_PF4_RGC_DPG.D,https://www.eia.gov/opendata/bulk/PET.zip#PET.EER_EPMRU_PF4_RGC_DPG.D,2026-07-29T21:38:03+00:00
2025-05-23,2.102,PET.EER_EPMRU_PF4_RGC_DPG.D,https://www.eia.gov/opendata/bulk/PET.zip#PET.EER_EPMRU_PF4_RGC_DPG.D,2026-07-29T21:38:03+00:00
2025-05-27,2.007,PET.EER_EPMRU_PF4_RGC_DPG.D,https://www.eia.gov/opendata/bulk/PET.zip#PET.EER_EPMRU_PF4_RGC_DPG.D,2026-07-29T21:38:03+00:00
2025-05-28,2.004,PET.EER_EPMRU_PF4_RGC_DPG.D,https://www.eia.gov/opendata/bulk/PET.zip#PET.EER_EPMRU_PF4_RGC_DPG.D,2026-07-29T21:38:03+00:00
2025-05-29,1.979,PET.EER_EPMRU_PF4_RGC_DPG.D,https://www.eia.gov/opendata/bulk/PET.zip#PET.EER_EPMRU_PF4_RGC_DPG.D,2026-07-29T21:38:03+00:00
2025-05-30,1.953,PET.EER_EPMRU_PF4_RGC_DPG.D,https://www.eia.gov/opendata/bulk/PET.zip#PET.EER_EPMRU_PF4_RGC_DPG.D,2026-07-29T21:38:03+00:00
2025-06-02,2.004,PET.EER_EPMRU_PF4_RGC_DPG.D,https://www.eia.gov/opendata/bulk/PET.zip#PET.EER_EPMRU_PF4_RGC_DPG.D,2026-07-29T21:38:03+00:00
2025-06-03,2.022,PET.EER_EPMRU_PF4_RGC_DPG.D,https://www.eia.gov/opendata/bulk/PET.zip#PET.EER_EPMRU_PF4_RGC_DPG.D,2026-07-29T21:38:03+00:00
2025-06-04,1.978,PET.EER_EPMRU_PF4_RGC_DPG.D,https://www.eia.gov/opendata/bulk/PET.zip#PET.EER_EPMRU_PF4_RGC_DPG.D,2026-07-29T21:38:03+00:00
2025-06-05,1.994,PET.EER_EPMRU_PF4_RGC_DPG.D,https://www.eia.gov/opendata/bulk/PET.zip#PET.EER_EPMRU_PF4_RGC_DPG.D,2026-07-29T21:38:03+00:00
2025-06-06,1.995,PET.EER_EPMRU_PF4_RGC_DPG.D,https://www.eia.gov/opendata/bulk/PET.zip#PET.EER_EPMRU_PF4_RGC_DPG.D,2026-07-29T21:38:03+00:00
2025-06-09,2.015,PET.EER_EPMRU_PF4_RGC_DPG.D,https://www.eia.gov/opendata/bulk/PET.zip#PET.EER_EPMRU_PF4_RGC_DPG.D,2026-07-29T21:38:03+00:00
2025-06-10,2.020,PET.EER_EPMRU_PF4_RGC_DPG.D,https://www.eia.gov/opendata/bulk/PET.zip#PET.EER_EPMRU_PF4_RGC_DPG.D,2026-07-29T21:38:03+00:00
2025-06-11,2.119,PET.EER_EPMRU_PF4_RGC_DPG.D,https://www.eia.gov/opendata/bulk/PET.zip#PET.EER_EPMRU_PF4_RGC_DPG.D,2026-07-29T21:38:03+00:00
2025-06-12,2.115,PET.EER_EPMRU_PF4_RGC_DPG.D,https://www.eia.gov/opendata/bulk/PET.zip#PET.EER_EPMRU_PF4_RGC_DPG.D,2026-07-29T21:38:03+00:00
2025-06-13,2.187,PET.EER_EPMRU_PF4_RGC_DPG.D,https://www.eia.gov/opendata/bulk/PET.zip#PET.EER_EPMRU_PF4_RGC_DPG.D,2026-07-29T21:38:03+00:00
2025-06-16,2.162,PET.EER_EPMRU_PF4_RGC_DPG.D,https://www.eia.gov/opendata/bulk/PET.zip#PET.EER_EPMRU_PF4_RGC_DPG.D,2026-07-29T21:38:03+00:00
2025-06-17,2.211,PET.EER_EPMRU_PF4_RGC_DPG.D,https://www.eia.gov/opendata/bulk/PET.zip#PET.EER_EPMRU_PF4_RGC_DPG.D,2026-07-29T21:38:03+00:00
2025-06-18,2.218,PET.EER_EPMRU_PF4_RGC_DPG.D,https://www.eia.gov/opendata/bulk/PET.zip#PET.EER_EPMRU_PF4_RGC_DPG.D,2026-07-29T21:38:03+00:00
2025-06-20,2.265,PET.EER_EPMRU_PF4_RGC_DPG.D,https://www.eia.gov/opendata/bulk/PET.zip#PET.EER_EPMRU_PF4_RGC_DPG.D,2026-07-29T21:38:03+00:00
2025-06-23,2.104,PET.EER_EPMRU_PF4_RGC_DPG.D,https://www.eia.gov/opendata/bulk/PET.zip#PET.EER_EPMRU_PF4_RGC_DPG.D,2026-07-29T21:38:03+00:00
2025-06-24,2.018,PET.EER_EPMRU_PF4_RGC_DPG.D,https://www.eia.gov/opendata/bulk/PET.zip#PET.EER_EPMRU_PF4_RGC_DPG.D,2026-07-29T21:38:03+00:00
2025-06-25,2.011,PET.EER_EPMRU_PF4_RGC_DPG.D,https://www.eia.gov/opendata/bulk/PET.zip#PET.EER_EPMRU_PF4_RGC_DPG.D,2026-07-29T21:38:03+00:00
2025-06-26,2.010,PET.EER_EPMRU_PF4_RGC_DPG.D,https://www.eia.gov/opendata/bulk/PET.zip#PET.EER_EPMRU_PF4_RGC_DPG.D,2026-07-29T21:38:03+00:00
2025-06-27,1.990,PET.EER_EPMRU_PF4_RGC_DPG.D,https://www.eia.gov/opendata/bulk/PET.zip#PET.EER_EPMRU_PF4_RGC_DPG.D,2026-07-29T21:38:03+00:00
2025-06-30,2.045,PET.EER_EPMRU_PF4_RGC_DPG.D,https://www.eia.gov/opendata/bulk/PET.zip#PET.EER_EPMRU_PF4_RGC_DPG.D,2026-07-29T21:38:03+00:00
2025-07-01,2.025,PET.EER_EPMRU_PF4_RGC_DPG.D,https://www.eia.gov/opendata/bulk/PET.zip#PET.EER_EPMRU_PF4_RGC_DPG.D,2026-07-29T21:38:03+00:00
2025-07-02,2.086,PET.EER_EPMRU_PF4_RGC_DPG.D,https://www.eia.gov/opendata/bulk/PET.zip#PET.EER_EPMRU_PF4_RGC_DPG.D,2026-07-29T21:38:03+00:00
2025-07-03,2.075,PET.EER_EPMRU_PF4_RGC_DPG.D,https://www.eia.gov/opendata/bulk/PET.zip#PET.EER_EPMRU_PF4_RGC_DPG.D,2026-07-29T21:38:03+00:00
2025-07-07,2.112,PET.EER_EPMRU_PF4_RGC_DPG.D,https://www.eia.gov/opendata/bulk/PET.zip#PET.EER_EPMRU_PF4_RGC_DPG.D,2026-07-29T21:38:03+00:00
2025-07-08,2.133,PET.EER_EPMRU_PF4_RGC_DPG.D,https://www.eia.gov/opendata/bulk/PET.zip#PET.EER_EPMRU_PF4_RGC_DPG.D,2026-07-29T21:38:03+00:00
2025-07-09,2.136,PET.EER_EPMRU_PF4_RGC_DPG.D,https://www.eia.gov/opendata/bulk/PET.zip#PET.EER_EPMRU_PF4_RGC_DPG.D,2026-07-29T21:38:03+00:00
2025-07-10,2.100,PET.EER_EPMRU_PF4_RGC_DPG.D,https://www.eia.gov/opendata/bulk/PET.zip#PET.EER_EPMRU_PF4_RGC_DPG.D,2026-07-29T21:38:03+00:00
2025-07-11,2.160,PET.EER_EPMRU_PF4_RGC_DPG.D,https://www.eia.gov/opendata/bulk/PET.zip#PET.EER_EPMRU_PF4_RGC_DPG.D,2026-07-29T21:38:03+00:00
2025-07-14,2.092,PET.EER_EPMRU_PF4_RGC_DPG.D,https://www.eia.gov/opendata/bulk/PET.zip#PET.EER_EPMRU_PF4_RGC_DPG.D,2026-07-29T21:38:03+00:00
2025-07-15,2.082,PET.EER_EPMRU_PF4_RGC_DPG.D,https://www.eia.gov/opendata/bulk/PET.zip#PET.EER_EPMRU_PF4_RGC_DPG.D,2026-07-29T21:38:03+00:00
2025-07-16,2.063,PET.EER_EPMRU_PF4_RGC_DPG.D,https://www.eia.gov/opendata/bulk/PET.zip#PET.EER_EPMRU_PF4_RGC_DPG.D,2026-07-29T21:38:03+00:00
2025-07-17,2.135,PET.EER_EPMRU_PF4_RGC_DPG.D,https://www.eia.gov/opendata/bulk/PET.zip#PET.EER_EPMRU_PF4_RGC_DPG.D,2026-07-29T21:38:03+00:00
2025-07-18,2.127,PET.EER_EPMRU_PF4_RGC_DPG.D,https://www.eia.gov/opendata/bulk/PET.zip#PET.EER_EPMRU_PF4_RGC_DPG.D,2026-07-29T21:38:03+00:00
2025-07-21,2.104,PET.EER_EPMRU_PF4_RGC_DPG.D,https://www.eia.gov/opendata/bulk/PET.zip#PET.EER_EPMRU_PF4_RGC_DPG.D,2026-07-29T21:38:03+00:00
2025-07-22,2.086,PET.EER_EPMRU_PF4_RGC_DPG.D,https://www.eia.gov/opendata/bulk/PET.zip#PET.EER_EPMRU_PF4_RGC_DPG.D,2026-07-29T21:38:03+00:00
2025-07-23,2.096,PET.EER_EPMRU_PF4_RGC_DPG.D,https://www.eia.gov/opendata/bulk/PET.zip#PET.EER_EPMRU_PF4_RGC_DPG.D,2026-07-29T21:38:03+00:00
2025-07-24,2.085,PET.EER_EPMRU_PF4_RGC_DPG.D,https://www.eia.gov/opendata/bulk/PET.zip#PET.EER_EPMRU_PF4_RGC_DPG.D,2026-07-29T21:38:03+00:00
2025-07-25,2.062,PET.EER_EPMRU_PF4_RGC_DPG.D,https://www.eia.gov/opendata/bulk/PET.zip#PET.EER_EPMRU_PF4_RGC_DPG.D,2026-07-29T21:38:03+00:00
2025-07-28,2.077,PET.EER_EPMRU_PF4_RGC_DPG.D,https://www.eia.gov/opendata/bulk/PET.zip#PET.EER_EPMRU_PF4_RGC_DPG.D,2026-07-29T21:38:03+00:00
2025-07-29,2.147,PET.EER_EPMRU_PF4_RGC_DPG.D,https://www.eia.gov/opendata/bulk/PET.zip#PET.EER_EPMRU_PF4_RGC_DPG.D,2026-07-29T21:38:03+00:00
2025-07-30,2.155,PET.EER_EPMRU_PF4_RGC_DPG.D,https://www.eia.gov/opendata/bulk/PET.zip#PET.EER_EPMRU_PF4_RGC_DPG.D,2026-07-29T21:38:03+00:00
2025-07-31,2.122,PET.EER_EPMRU_PF4_RGC_DPG.D,https://www.eia.gov/opendata/bulk/PET.zip#PET.EER_EPMRU_PF4_RGC_DPG.D,2026-07-29T21:38:03+00:00
2025-08-01,2.073,PET.EER_EPMRU_PF4_RGC_DPG.D,https://www.eia.gov/opendata/bulk/PET.zip#PET.EER_EPMRU_PF4_RGC_DPG.D,2026-07-29T21:38:03+00:00
2025-08-04,2.054,PET.EER_EPMRU_PF4_RGC_DPG.D,https://www.eia.gov/opendata/bulk/PET.zip#PET.EER_EPMRU_PF4_RGC_DPG.D,2026-07-29T21:38:03+00:00
2025-08-05,2.049,PET.EER_EPMRU_PF4_RGC_DPG.D,https://www.eia.gov/opendata/bulk/PET.zip#PET.EER_EPMRU_PF4_RGC_DPG.D,2026-07-29T21:38:03+00:00
2025-08-06,2.053,PET.EER_EPMRU_PF4_RGC_DPG.D,https://www.eia.gov/opendata/bulk/PET.zip#PET.EER_EPMRU_PF4_RGC_DPG.D,2026-07-29T21:38:03+00:00
2025-08-07,2.032,PET.EER_EPMRU_PF4_RGC_DPG.D,https://www.eia.gov/opendata/bulk/PET.zip#PET.EER_EPMRU_PF4_RGC_DPG.D,2026-07-29T21:38:03+00:00
2025-08-08,2.035,PET.EER_EPMRU_PF4_RGC_DPG.D,https://www.eia.gov/opendata/bulk/PET.zip#PET.EER_EPMRU_PF4_RGC_DPG.D,2026-07-29T21:38:03+00:00
2025-08-11,2.053,PET.EER_EPMRU_PF4_RGC_DPG.D,https://www.eia.gov/opendata/bulk/PET.zip#PET.EER_EPMRU_PF4_RGC_DPG.D,2026-07-29T21:38:03+00:00
2025-08-12,2.051,PET.EER_EPMRU_PF4_RGC_DPG.D,https://www.eia.gov/opendata/bulk/PET.zip#PET.EER_EPMRU_PF4_RGC_DPG.D,2026-07-29T21:38:03+00:00
2025-08-13,2.054,PET.EER_EPMRU_PF4_RGC_DPG.D,https://www.eia.gov/opendata/bulk/PET.zip#PET.EER_EPMRU_PF4_RGC_DPG.D,2026-07-29T21:38:03+00:00
2025-08-14,2.100,PET.EER_EPMRU_PF4_RGC_DPG.D,https://www.eia.gov/opendata/bulk/PET.zip#PET.EER_EPMRU_PF4_RGC_DPG.D,2026-07-29T21:38:03+00:00
2025-08-15,2.056,PET.EER_EPMRU_PF4_RGC_DPG.D,https://www.eia.gov/opendata/bulk/PET.zip#PET.EER_EPMRU_PF4_RGC_DPG.D,2026-07-29T21:38:03+00:00
2025-08-18,2.074,PET.EER_EPMRU_PF4_RGC_DPG.D,https://www.eia.gov/opendata/bulk/PET.zip#PET.EER_EPMRU_PF4_RGC_DPG.D,2026-07-29T21:38:03+00:00
2025-08-19,2.227,PET.EER_EPMRU_PF4_RGC_DPG.D,https://www.eia.gov/opendata/bulk/PET.zip#PET.EER_EPMRU_PF4_RGC_DPG.D,2026-07-29T21:38:03+00:00
2025-08-20,2.103,PET.EER_EPMRU_PF4_RGC_DPG.D,https://www.eia.gov/opendata/bulk/PET.zip#PET.EER_EPMRU_PF4_RGC_DPG.D,2026-07-29T21:38:03+00:00
2025-08-21,2.129,PET.EER_EPMRU_PF4_RGC_DPG.D,https://www.eia.gov/opendata/bulk/PET.zip#PET.EER_EPMRU_PF4_RGC_DPG.D,2026-07-29T21:38:03+00:00
2025-08-22,2.144,PET.EER_EPMRU_PF4_RGC_DPG.D,https://www.eia.gov/opendata/bulk/PET.zip#PET.EER_EPMRU_PF4_RGC_DPG.D,2026-07-29T21:38:03+00:00
2025-08-25,2.128,PET.EER_EPMRU_PF4_RGC_DPG.D,https://www.eia.gov/opendata/bulk/PET.zip#PET.EER_EPMRU_PF4_RGC_DPG.D,2026-07-29T21:38:03+00:00
2025-08-26,2.115,PET.EER_EPMRU_PF4_RGC_DPG.D,https://www.eia.gov/opendata/bulk/PET.zip#PET.EER_EPMRU_PF4_RGC_DPG.D,2026-07-29T21:38:03+00:00
2025-08-27,2.100,PET.EER_EPMRU_PF4_RGC_DPG.D,https://www.eia.gov/opendata/bulk/PET.zip#PET.EER_EPMRU_PF4_RGC_DPG.D,2026-07-29T21:38:03+00:00
2025-08-28,2.124,PET.EER_EPMRU_PF4_RGC_DPG.D,https://www.eia.gov/opendata/bulk/PET.zip#PET.EER_EPMRU_PF4_RGC_DPG.D,2026-07-29T21:38:03+00:00
2025-08-29,2.127,PET.EER_EPMRU_PF4_RGC_DPG.D,https://www.eia.gov/opendata/bulk/PET.zip#PET.EER_EPMRU_PF4_RGC_DPG.D,2026-07-29T21:38:03+00:00
2025-09-02,2.200,PET.EER_EPMRU_PF4_RGC_DPG.D,https://www.eia.gov/opendata/bulk/PET.zip#PET.EER_EPMRU_PF4_RGC_DPG.D,2026-07-29T21:38:03+00:00
2025-09-03,2.179,PET.EER_EPMRU_PF4_RGC_DPG.D,https://www.eia.gov/opendata/bulk/PET.zip#PET.EER_EPMRU_PF4_RGC_DPG.D,2026-07-29T21:38:03+00:00
2025-09-04,2.171,PET.EER_EPMRU_PF4_RGC_DPG.D,https://www.eia.gov/opendata/bulk/PET.zip#PET.EER_EPMRU_PF4_RGC_DPG.D,2026-07-29T21:38:03+00:00
2025-09-05,2.064,PET.EER_EPMRU_PF4_RGC_DPG.D,https://www.eia.gov/opendata/bulk/PET.zip#PET.EER_EPMRU_PF4_RGC_DPG.D,2026-07-29T21:38:03+00:00
2025-09-08,2.062,PET.EER_EPMRU_PF4_RGC_DPG.D,https://www.eia.gov/opendata/bulk/PET.zip#PET.EER_EPMRU_PF4_RGC_DPG.D,2026-07-29T21:38:03+00:00
2025-09-09,2.092,PET.EER_EPMRU_PF4_RGC_DPG.D,https://www.eia.gov/opendata/bulk/PET.zip#PET.EER_EPMRU_PF4_RGC_DPG.D,2026-07-29T21:38:03+00:00
2025-09-10,2.103,PET.EER_EPMRU_PF4_RGC_DPG.D,https://www.eia.gov/opendata/bulk/PET.zip#PET.EER_EPMRU_PF4_RGC_DPG.D,2026-07-29T21:38:03+00:00
2025-09-11,2.001,PET.EER_EPMRU_PF4_RGC_DPG.D,https://www.eia.gov/opendata/bulk/PET.zip#PET.EER_EPMRU_PF4_RGC_DPG.D,2026-07-29T21:38:03+00:00
2025-09-12,2.074,PET.EER_EPMRU_PF4_RGC_DPG.D,https://www.eia.gov/opendata/bulk/PET.zip#PET.EER_EPMRU_PF4_RGC_DPG.D,2026-07-29T21:38:03+00:00
2025-09-15,2.098,PET.EER_EPMRU_PF4_RGC_DPG.D,https://www.eia.gov/opendata/bulk/PET.zip#PET.EER_EPMRU_PF4_RGC_DPG.D,2026-07-29T21:38:03+00:00
2025-09-16,2.102,PET.EER_EPMRU_PF4_RGC_DPG.D,https://www.eia.gov/opendata/bulk/PET.zip#PET.EER_EPMRU_PF4_RGC_DPG.D,2026-07-29T21:38:03+00:00
2025-09-17,2.105,PET.EER_EPMRU_PF4_RGC_DPG.D,https://www.eia.gov/opendata/bulk/PET.zip#PET.EER_EPMRU_PF4_RGC_DPG.D,2026-07-29T21:38:03+00:00
2025-09-18,2.116,PET.EER_EPMRU_PF4_RGC_DPG.D,https://www.eia.gov/opendata/bulk/PET.zip#PET.EER_EPMRU_PF4_RGC_DPG.D,2026-07-29T21:38:03+00:00
2025-09-19,2.100,PET.EER_EPMRU_PF4_RGC_DPG.D,https://www.eia.gov/opendata/bulk/PET.zip#PET.EER_EPMRU_PF4_RGC_DPG.D,2026-07-29T21:38:03+00:00
2025-09-22,2.080,PET.EER_EPMRU_PF4_RGC_DPG.D,https://www.eia.gov/opendata/bulk/PET.zip#PET.EER_EPMRU_PF4_RGC_DPG.D,2026-07-29T21:38:03+00:00
2025-09-23,2.085,PET.EER_EPMRU_PF4_RGC_DPG.D,https://www.eia.gov/opendata/bulk/PET.zip#PET.EER_EPMRU_PF4_RGC_DPG.D,2026-07-29T21:38:03+00:00
2025-09-24,2.095,PET.EER_EPMRU_PF4_RGC_DPG.D,https://www.eia.gov/opendata/bulk/PET.zip#PET.EER_EPMRU_PF4_RGC_DPG.D,2026-07-29T21:38:03+00:00
2025-09-25,2.076,PET.EER_EPMRU_PF4_RGC_DPG.D,https://www.eia.gov/opendata/bulk/PET.zip#PET.EER_EPMRU_PF4_RGC_DPG.D,2026-07-29T21:38:03+00:00
2025-09-26,2.072,PET.EER_EPMRU_PF4_RGC_DPG.D,https://www.eia.gov/opendata/bulk/PET.zip#PET.EER_EPMRU_PF4_RGC_DPG.D,2026-07-29T21:38:03+00:00
2025-09-29,2.021,PET.EER_EPMRU_PF4_RGC_DPG.D,https://www.eia.gov/opendata/bulk/PET.zip#PET.EER_EPMRU_PF4_RGC_DPG.D,2026-07-29T21:38:03+00:00
2025-09-30,2.017,PET.EER_EPMRU_PF4_RGC_DPG.D,https://www.eia.gov/opendata/bulk/PET.zip#PET.EER_EPMRU_PF4_RGC_DPG.D,2026-07-29T21:38:03+00:00
2025-10-01,1.980,PET.EER_EPMRU_PF4_RGC_DPG.D,https://www.eia.gov/opendata/bulk/PET.zip#PET.EER_EPMRU_PF4_RGC_DPG.D,2026-07-29T21:38:03+00:00
2025-10-02,1.944,PET.EER_EPMRU_PF4_RGC_DPG.D,https://www.eia.gov/opendata/bulk/PET.zip#PET.EER_EPMRU_PF4_RGC_DPG.D,2026-07-29T21:38:03+00:00
2025-10-03,1.940,PET.EER_EPMRU_PF4_RGC_DPG.D,https://www.eia.gov/opendata/bulk/PET.zip#PET.EER_EPMRU_PF4_RGC_DPG.D,2026-07-29T21:38:03+00:00
2025-10-06,2.005,PET.EER_EPMRU_PF4_RGC_DPG.D,https://www.eia.gov/opendata/bulk/PET.zip#PET.EER_EPMRU_PF4_RGC_DPG.D,2026-07-29T21:38:03+00:00
2025-10-07,2.007,PET.EER_EPMRU_PF4_RGC_DPG.D,https://www.eia.gov/opendata/bulk/PET.zip#PET.EER_EPMRU_PF4_RGC_DPG.D,2026-07-29T21:38:03+00:00
2025-10-08,2.008,PET.EER_EPMRU_PF4_RGC_DPG.D,https://www.eia.gov/opendata/bulk/PET.zip#PET.EER_EPMRU_PF4_RGC_DPG.D,2026-07-29T21:38:03+00:00
2025-10-09,1.979,PET.EER_EPMRU_PF4_RGC_DPG.D,https://www.eia.gov/opendata/bulk/PET.zip#PET.EER_EPMRU_PF4_RGC_DPG.D,2026-07-29T21:38:03+00:00
2025-10-10,1.922,PET.EER_EPMRU_PF4_RGC_DPG.D,https://www.eia.gov/opendata/bulk/PET.zip#PET.EER_EPMRU_PF4_RGC_DPG.D,2026-07-29T21:38:03+00:00
2025-10-13,1.922,PET.EER_EPMRU_PF4_RGC_DPG.D,https://www.eia.gov/opendata/bulk/PET.zip#PET.EER_EPMRU_PF4_RGC_DPG.D,2026-07-29T21:38:03+00:00
2025-10-14,1.941,PET.EER_EPMRU_PF4_RGC_DPG.D,https://www.eia.gov/opendata/bulk/PET.zip#PET.EER_EPMRU_PF4_RGC_DPG.D,2026-07-29T21:38:03+00:00
2025-10-15,1.906,PET.EER_EPMRU_PF4_RGC_DPG.D,https://www.eia.gov/opendata/bulk/PET.zip#PET.EER_EPMRU_PF4_RGC_DPG.D,2026-07-29T21:38:03+00:00
2025-10-16,1.878,PET.EER_EPMRU_PF4_RGC_DPG.D,https://www.eia.gov/opendata/bulk/PET.zip#PET.EER_EPMRU_PF4_RGC_DPG.D,2026-07-29T21:38:03+00:00
2025-10-17,1.899,PET.EER_EPMRU_PF4_RGC_DPG.D,https://www.eia.gov/opendata/bulk/PET.zip#PET.EER_EPMRU_PF4_RGC_DPG.D,2026-07-29T21:38:03+00:00
2025-10-20,1.880,PET.EER_EPMRU_PF4_RGC_DPG.D,https://www.eia.gov/opendata/bulk/PET.zip#PET.EER_EPMRU_PF4_RGC_DPG.D,2026-07-29T21:38:03+00:00
2025-10-21,1.884,PET.EER_EPMRU_PF4_RGC_DPG.D,https://www.eia.gov/opendata/bulk/PET.zip#PET.EER_EPMRU_PF4_RGC_DPG.D,2026-07-29T21:38:03+00:00
2025-10-22,1.914,PET.EER_EPMRU_PF4_RGC_DPG.D,https://www.eia.gov/opendata/bulk/PET.zip#PET.EER_EPMRU_PF4_RGC_DPG.D,2026-07-29T21:38:03+00:00
2025-10-23,1.959,PET.EER_EPMRU_PF4_RGC_DPG.D,https://www.eia.gov/opendata/bulk/PET.zip#PET.EER_EPMRU_PF4_RGC_DPG.D,2026-07-29T21:38:03+00:00
2025-10-24,1.848,PET.EER_EPMRU_PF4_RGC_DPG.D,https://www.eia.gov/opendata/bulk/PET.zip#PET.EER_EPMRU_PF4_RGC_DPG.D,2026-07-29T21:38:03+00:00
2025-10-27,1.867,PET.EER_EPMRU_PF4_RGC_DPG.D,https://www.eia.gov/opendata/bulk/PET.zip#PET.EER_EPMRU_PF4_RGC_DPG.D,2026-07-29T21:38:03+00:00
2025-10-28,1.847,PET.EER_EPMRU_PF4_RGC_DPG.D,https://www.eia.gov/opendata/bulk/PET.zip#PET.EER_EPMRU_PF4_RGC_DPG.D,2026-07-29T21:38:03+00:00
2025-10-29,1.929,PET.EER_EPMRU_PF4_RGC_DPG.D,https://www.eia.gov/opendata/bulk/PET.zip#PET.EER_EPMRU_PF4_RGC_DPG.D,2026-07-29T21:38:03+00:00
2025-10-30,1.922,PET.EER_EPMRU_PF4_RGC_DPG.D,https://www.eia.gov/opendata/bulk/PET.zip#PET.EER_EPMRU_PF4_RGC_DPG.D,2026-07-29T21:38:03+00:00
2025-10-31,1.906,PET.EER_EPMRU_PF4_RGC_DPG.D,https://www.eia.gov/opendata/bulk/PET.zip#PET.EER_EPMRU_PF4_RGC_DPG.D,2026-07-29T21:38:03+00:00
2025-11-03,1.946,PET.EER_EPMRU_PF4_RGC_DPG.D,https://www.eia.gov/opendata/bulk/PET.zip#PET.EER_EPMRU_PF4_RGC_DPG.D,2026-07-29T21:38:03+00:00
2025-11-04,1.970,PET.EER_EPMRU_PF4_RGC_DPG.D,https://www.eia.gov/opendata/bulk/PET.zip#PET.EER_EPMRU_PF4_RGC_DPG.D,2026-07-29T21:38:03+00:00
2025-11-05,1.952,PET.EER_EPMRU_PF4_RGC_DPG.D,https://www.eia.gov/opendata/bulk/PET.zip#PET.EER_EPMRU_PF4_RGC_DPG.D,2026-07-29T21:38:03+00:00
2025-11-06,2.011,PET.EER_EPMRU_PF4_RGC_DPG.D,https://www.eia.gov/opendata/bulk/PET.zip#PET.EER_EPMRU_PF4_RGC_DPG.D,2026-07-29T21:38:03+00:00
2025-11-07,1.994,PET.EER_EPMRU_PF4_RGC_DPG.D,https://www.eia.gov/opendata/bulk/PET.zip#PET.EER_EPMRU_PF4_RGC_DPG.D,2026-07-29T21:38:03+00:00
2025-11-10,1.990,PET.EER_EPMRU_PF4_RGC_DPG.D,https://www.eia.gov/opendata/bulk/PET.zip#PET.EER_EPMRU_PF4_RGC_DPG.D,2026-07-29T21:38:03+00:00
2025-11-12,1.981,PET.EER_EPMRU_PF4_RGC_DPG.D,https://www.eia.gov/opendata/bulk/PET.zip#PET.EER_EPMRU_PF4_RGC_DPG.D,2026-07-29T21:38:03+00:00
2025-11-13,1.983,PET.EER_EPMRU_PF4_RGC_DPG.D,https://www.eia.gov/opendata/bulk/PET.zip#PET.EER_EPMRU_PF4_RGC_DPG.D,2026-07-29T21:38:03+00:00
2025-11-14,2.035,PET.EER_EPMRU_PF4_RGC_DPG.D,https://www.eia.gov/opendata/bulk/PET.zip#PET.EER_EPMRU_PF4_RGC_DPG.D,2026-07-29T21:38:03+00:00
2025-11-17,1.994,PET.EER_EPMRU_PF4_RGC_DPG.D,https://www.eia.gov/opendata/bulk/PET.zip#PET.EER_EPMRU_PF4_RGC_DPG.D,2026-07-29T21:38:03+00:00
2025-11-18,2.006,PET.EER_EPMRU_PF4_RGC_DPG.D,https://www.eia.gov/opendata/bulk/PET.zip#PET.EER_EPMRU_PF4_RGC_DPG.D,2026-07-29T21:38:03+00:00
2025-11-19,1.945,PET.EER_EPMRU_PF4_RGC_DPG.D,https://www.eia.gov/opendata/bulk/PET.zip#PET.EER_EPMRU_PF4_RGC_DPG.D,2026-07-29T21:38:03+00:00
2025-11-20,1.987,PET.EER_EPMRU_PF4_RGC_DPG.D,https://www.eia.gov/opendata/bulk/PET.zip#PET.EER_EPMRU_PF4_RGC_DPG.D,2026-07-29T21:38:03+00:00
2025-11-21,1.849,PET.EER_EPMRU_PF4_RGC_DPG.D,https://www.eia.gov/opendata/bulk/PET.zip#PET.EER_EPMRU_PF4_RGC_DPG.D,2026-07-29T21:38:03+00:00
2025-11-24,1.891,PET.EER_EPMRU_PF4_RGC_DPG.D,https://www.eia.gov/opendata/bulk/PET.zip#PET.EER_EPMRU_PF4_RGC_DPG.D,2026-07-29T21:38:03+00:00
2025-11-25,1.774,PET.EER_EPMRU_PF4_RGC_DPG.D,https://www.eia.gov/opendata/bulk/PET.zip#PET.EER_EPMRU_PF4_RGC_DPG.D,2026-07-29T21:38:03+00:00
2025-11-26,1.815,PET.EER_EPMRU_PF4_RGC_DPG.D,https://www.eia.gov/opendata/bulk/PET.zip#PET.EER_EPMRU_PF4_RGC_DPG.D,2026-07-29T21:38:03+00:00
2025-11-28,1.809,PET.EER_EPMRU_PF4_RGC_DPG.D,https://www.eia.gov/opendata/bulk/PET.zip#PET.EER_EPMRU_PF4_RGC_DPG.D,2026-07-29T21:38:03+00:00
2025-12-01,1.858,PET.EER_EPMRU_PF4_RGC_DPG.D,https://www.eia.gov/opendata/bulk/PET.zip#PET.EER_EPMRU_PF4_RGC_DPG.D,2026-07-29T21:38:03+00:00
2025-12-02,1.857,PET.EER_EPMRU_PF4_RGC_DPG.D,https://www.eia.gov/opendata/bulk/PET.zip#PET.EER_EPMRU_PF4_RGC_DPG.D,2026-07-29T21:38:03+00:00
2025-12-03,1.804,PET.EER_EPMRU_PF4_RGC_DPG.D,https://www.eia.gov/opendata/bulk/PET.zip#PET.EER_EPMRU_PF4_RGC_DPG.D,2026-07-29T21:38:03+00:00
2025-12-04,1.810,PET.EER_EPMRU_PF4_RGC_DPG.D,https://www.eia.gov/opendata/bulk/PET.zip#PET.EER_EPMRU_PF4_RGC_DPG.D,2026-07-29T21:38:03+00:00
2025-12-05,1.854,PET.EER_EPMRU_PF4_RGC_DPG.D,https://www.eia.gov/opendata/bulk/PET.zip#PET.EER_EPMRU_PF4_RGC_DPG.D,2026-07-29T21:38:03+00:00
2025-12-08,1.802,PET.EER_EPMRU_PF4_RGC_DPG.D,https://www.eia.gov/opendata/bulk/PET.zip#PET.EER_EPMRU_PF4_RGC_DPG.D,2026-07-29T21:38:03+00:00
2025-12-09,1.801,PET.EER_EPMRU_PF4_RGC_DPG.D,https://www.eia.gov/opendata/bulk/PET.zip#PET.EER_EPMRU_PF4_RGC_DPG.D,2026-07-29T21:38:03+00:00
2025-12-10,1.798,PET.EER_EPMRU_PF4_RGC_DPG.D,https://www.eia.gov/opendata/bulk/PET.zip#PET.EER_EPMRU_PF4_RGC_DPG.D,2026-07-29T21:38:03+00:00
2025-12-11,1.766,PET.EER_EPMRU_PF4_RGC_DPG.D,https://www.eia.gov/opendata/bulk/PET.zip#PET.EER_EPMRU_PF4_RGC_DPG.D,2026-07-29T21:38:03+00:00
2025-12-12,1.721,PET.EER_EPMRU_PF4_RGC_DPG.D,https://www.eia.gov/opendata/bulk/PET.zip#PET.EER_EPMRU_PF4_RGC_DPG.D,2026-07-29T21:38:03+00:00
2025-12-15,1.694,PET.EER_EPMRU_PF4_RGC_DPG.D,https://www.eia.gov/opendata/bulk/PET.zip#PET.EER_EPMRU_PF4_RGC_DPG.D,2026-07-29T21:38:03+00:00
2025-12-16,1.649,PET.EER_EPMRU_PF4_RGC_DPG.D,https://www.eia.gov/opendata/bulk/PET.zip#PET.EER_EPMRU_PF4_RGC_DPG.D,2026-07-29T21:38:03+00:00
2025-12-17,1.678,PET.EER_EPMRU_PF4_RGC_DPG.D,https://www.eia.gov/opendata/bulk/PET.zip#PET.EER_EPMRU_PF4_RGC_DPG.D,2026-07-29T21:38:03+00:00
2025-12-18,1.684,PET.EER_EPMRU_PF4_RGC_DPG.D,https://www.eia.gov/opendata/bulk/PET.zip#PET.EER_EPMRU_PF4_RGC_DPG.D,2026-07-29T21:38:03+00:00
2025-12-19,1.732,PET.EER_EPMRU_PF4_RGC_DPG.D,https://www.eia.gov/opendata/bulk/PET.zip#PET.EER_EPMRU_PF4_RGC_DPG.D,2026-07-29T21:38:03+00:00
2025-12-22,1.695,PET.EER_EPMRU_PF4_RGC_DPG.D,https://www.eia.gov/opendata/bulk/PET.zip#PET.EER_EPMRU_PF4_RGC_DPG.D,2026-07-29T21:38:03+00:00
2025-12-23,1.709,PET.EER_EPMRU_PF4_RGC_DPG.D,https://www.eia.gov/opendata/bulk/PET.zip#PET.EER_EPMRU_PF4_RGC_DPG.D,2026-07-29T21:38:03+00:00
2025-12-24,1.763,PET.EER_EPMRU_PF4_RGC_DPG.D,https://www.eia.gov/opendata/bulk/PET.zip#PET.EER_EPMRU_PF4_RGC_DPG.D,2026-07-29T21:38:03+00:00
2025-12-26,1.748,PET.EER_EPMRU_PF4_RGC_DPG.D,https://www.eia.gov/opendata/bulk/PET.zip#PET.EER_EPMRU_PF4_RGC_DPG.D,2026-07-29T21:38:03+00:00
2025-12-29,1.759,PET.EER_EPMRU_PF4_RGC_DPG.D,https://www.eia.gov/opendata/bulk/PET.zip#PET.EER_EPMRU_PF4_RGC_DPG.D,2026-07-29T21:38:03+00:00
2025-12-30,1.785,PET.EER_EPMRU_PF4_RGC_DPG.D,https://www.eia.gov/opendata/bulk/PET.zip#PET.EER_EPMRU_PF4_RGC_DPG.D,2026-07-29T21:38:03+00:00
2025-12-31,1.737,PET.EER_EPMRU_PF4_RGC_DPG.D,https://www.eia.gov/opendata/bulk/PET.zip#PET.EER_EPMRU_PF4_RGC_DPG.D,2026-07-29T21:38:03+00:00
2026-01-02,1.953,PET.EER_EPMRU_PF4_RGC_DPG.D,https://www.eia.gov/opendata/bulk/PET.zip#PET.EER_EPMRU_PF4_RGC_DPG.D,2026-07-29T21:38:03+00:00
2026-01-05,1.966,PET.EER_EPMRU_PF4_RGC_DPG.D,https://www.eia.gov/opendata/bulk/PET.zip#PET.EER_EPMRU_PF4_RGC_DPG.D,2026-07-29T21:38:03+00:00
2026-01-06,1.939,PET.EER_EPMRU_PF4_RGC_DPG.D,https://www.eia.gov/opendata/bulk/PET.zip#PET.EER_EPMRU_PF4_RGC_DPG.D,2026-07-29T21:38:03+00:00
2026-01-07,1.944,PET.EER_EPMRU_PF4_RGC_DPG.D,https://www.eia.gov/opendata/bulk/PET.zip#PET.EER_EPMRU_PF4_RGC_DPG.D,2026-07-29T21:38:03+00:00
2026-01-08,1.991,PET.EER_EPMRU_PF4_RGC_DPG.D,https://www.eia.gov/opendata/bulk/PET.zip#PET.EER_EPMRU_PF4_RGC_DPG.D,2026-07-29T21:38:03+00:00
2026-01-09,1.990,PET.EER_EPMRU_PF4_RGC_DPG.D,https://www.eia.gov/opendata/bulk/PET.zip#PET.EER_EPMRU_PF4_RGC_DPG.D,2026-07-29T21:38:03+00:00
2026-01-12,2.029,PET.EER_EPMRU_PF4_RGC_DPG.D,https://www.eia.gov/opendata/bulk/PET.zip#PET.EER_EPMRU_PF4_RGC_DPG.D,2026-07-29T21:38:03+00:00
2026-01-13,2.058,PET.EER_EPMRU_PF4_RGC_DPG.D,https://www.eia.gov/opendata/bulk/PET.zip#PET.EER_EPMRU_PF4_RGC_DPG.D,2026-07-29T21:38:03+00:00
2026-01-14,2.057,PET.EER_EPMRU_PF4_RGC_DPG.D,https://www.eia.gov/opendata/bulk/PET.zip#PET.EER_EPMRU_PF4_RGC_DPG.D,2026-07-29T21:38:03+00:00
2026-01-15,2.039,PET.EER_EPMRU_PF4_RGC_DPG.D,https://www.eia.gov/opendata/bulk/PET.zip#PET.EER_EPMRU_PF4_RGC_DPG.D,2026-07-29T21:38:03+00:00
2026-01-16,2.028,PET.EER_EPMRU_PF4_RGC_DPG.D,https://www.eia.gov/opendata/bulk/PET.zip#PET.EER_EPMRU_PF4_RGC_DPG.D,2026-07-29T21:38:03+00:00
2026-01-20,2.079,PET.EER_EPMRU_PF4_RGC_DPG.D,https://www.eia.gov/opendata/bulk/PET.zip#PET.EER_EPMRU_PF4_RGC_DPG.D,2026-07-29T21:38:03+00:00
2026-01-21,2.069,PET.EER_EPMRU_PF4_RGC_DPG.D,https://www.eia.gov/opendata/bulk/PET.zip#PET.EER_EPMRU_PF4_RGC_DPG.D,2026-07-29T21:38:03+00:00
2026-01-22,2.084,PET.EER_EPMRU_PF4_RGC_DPG.D,https://www.eia.gov/opendata/bulk/PET.zip#PET.EER_EPMRU_PF4_RGC_DPG.D,2026-07-29T21:38:03+00:00
2026-01-23,2.112,PET.EER_EPMRU_PF4_RGC_DPG.D,https://www.eia.gov/opendata/bulk/PET.zip#PET.EER_EPMRU_PF4_RGC_DPG.D,2026-07-29T21:38:03+00:00
2026-01-26,2.080,PET.EER_EPMRU_PF4_RGC_DPG.D,https://www.eia.gov/opendata/bulk/PET.zip#PET.EER_EPMRU_PF4_RGC_DPG.D,2026-07-29T21:38:03+00:00
2026-01-27,2.126,PET.EER_EPMRU_PF4_RGC_DPG.D,https://www.eia.gov/opendata/bulk/PET.zip#PET.EER_EPMRU_PF4_RGC_DPG.D,2026-07-29T21:38:03+00:00
2026-01-28,2.153,PET.EER_EPMRU_PF4_RGC_DPG.D,https://www.eia.gov/opendata/bulk/PET.zip#PET.EER_EPMRU_PF4_RGC_DPG.D,2026-07-29T21:38:03+00:00
2026-01-29,2.139,PET.EER_EPMRU_PF4_RGC_DPG.D,https://www.eia.gov/opendata/bulk/PET.zip#PET.EER_EPMRU_PF4_RGC_DPG.D,2026-07-29T21:38:03+00:00
2026-01-30,2.160,PET.EER_EPMRU_PF4_RGC_DPG.D,https://www.eia.gov/opendata/bulk/PET.zip#PET.EER_EPMRU_PF4_RGC_DPG.D,2026-07-29T21:38:03+00:00
2026-02-02,2.076,PET.EER_EPMRU_PF4_RGC_DPG.D,https://www.eia.gov/opendata/bulk/PET.zip#PET.EER_EPMRU_PF4_RGC_DPG.D,2026-07-29T21:38:03+00:00
2026-02-03,2.132,PET.EER_EPMRU_PF4_RGC_DPG.D,https://www.eia.gov/opendata/bulk/PET.zip#PET.EER_EPMRU_PF4_RGC_DPG.D,2026-07-29T21:38:03+00:00
2026-02-04,2.164,PET.EER_EPMRU_PF4_RGC_DPG.D,https://www.eia.gov/opendata/bulk/PET.zip#PET.EER_EPMRU_PF4_RGC_DPG.D,2026-07-29T21:38:03+00:00
2026-02-05,2.175,PET.EER_EPMRU_PF4_RGC_DPG.D,https://www.eia.gov/opendata/bulk/PET.zip#PET.EER_EPMRU_PF4_RGC_DPG.D,2026-07-29T21:38:03+00:00
2026-02-06,2.196,PET.EER_EPMRU_PF4_RGC_DPG.D,https://www.eia.gov/opendata/bulk/PET.zip#PET.EER_EPMRU_PF4_RGC_DPG.D,2026-07-29T21:38:03+00:00
2026-02-09,2.192,PET.EER_EPMRU_PF4_RGC_DPG.D,https://www.eia.gov/opendata/bulk/PET.zip#PET.EER_EPMRU_PF4_RGC_DPG.D,2026-07-29T21:38:03+00:00
2026-02-10,2.172,PET.EER_EPMRU_PF4_RGC_DPG.D,https://www.eia.gov/opendata/bulk/PET.zip#PET.EER_EPMRU_PF4_RGC_DPG.D,2026-07-29T21:38:03+00:00
2026-02-11,2.195,PET.EER_EPMRU_PF4_RGC_DPG.D,https://www.eia.gov/opendata/bulk/PET.zip#PET.EER_EPMRU_PF4_RGC_DPG.D,2026-07-29T21:38:03+00:00
2026-02-12,2.131,PET.EER_EPMRU_PF4_RGC_DPG.D,https://www.eia.gov/opendata/bulk/PET.zip#PET.EER_EPMRU_PF4_RGC_DPG.D,2026-07-29T21:38:03+00:00
2026-02-13,1.912,PET.EER_EPMRU_PF4_RGC_DPG.D,https://www.eia.gov/opendata/bulk/PET.zip#PET.EER_EPMRU_PF4_RGC_DPG.D,2026-07-29T21:38:03+00:00
2026-02-17,1.917,PET.EER_EPMRU_PF4_RGC_DPG.D,https://www.eia.gov/opendata/bulk/PET.zip#PET.EER_EPMRU_PF4_RGC_DPG.D,2026-07-29T21:38:03+00:00
2026-02-18,1.699,PET.EER_EPMRU_PF4_RGC_DPG.D,https://www.eia.gov/opendata/bulk/PET.zip#PET.EER_EPMRU_PF4_RGC_DPG.D,2026-07-29T21:38:03+00:00
2026-02-19,1.737,PET.EER_EPMRU_PF4_RGC_DPG.D,https://www.eia.gov/opendata/bulk/PET.zip#PET.EER_EPMRU_PF4_RGC_DPG.D,2026-07-29T21:38:03+00:00
2026-02-20,1.716,PET.EER_EPMRU_PF4_RGC_DPG.D,https://www.eia.gov/opendata/bulk/PET.zip#PET.EER_EPMRU_PF4_RGC_DPG.D,2026-07-29T21:38:03+00:00
2026-02-23,1.768,PET.EER_EPMRU_PF4_RGC_DPG.D,https://www.eia.gov/opendata/bulk/PET.zip#PET.EER_EPMRU_PF4_RGC_DPG.D,2026-07-29T21:38:03+00:00
2026-02-24,1.758,PET.EER_EPMRU_PF4_RGC_DPG.D,https://www.eia.gov/opendata/bulk/PET.zip#PET.EER_EPMRU_PF4_RGC_DPG.D,2026-07-29T21:38:03+00:00
2026-02-25,1.777,PET.EER_EPMRU_PF4_RGC_DPG.D,https://www.eia.gov/opendata/bulk/PET.zip#PET.EER_EPMRU_PF4_RGC_DPG.D,2026-07-29T21:38:03+00:00
2026-02-26,1.823,PET.EER_EPMRU_PF4_RGC_DPG.D,https://www.eia.gov/opendata/bulk/PET.zip#PET.EER_EPMRU_PF4_RGC_DPG.D,2026-07-29T21:38:03+00:00
2026-02-27,1.968,PET.EER_EPMRU_PF4_RGC_DPG.D,https://www.eia.gov/opendata/bulk/PET.zip#PET.EER_EPMRU_PF4_RGC_DPG.D,2026-07-29T21:38:03+00:00
2026-03-02,2.275,PET.EER_EPMRU_PF4_RGC_DPG.D,https://www.eia.gov/opendata/bulk/PET.zip#PET.EER_EPMRU_PF4_RGC_DPG.D,2026-07-29T21:38:03+00:00
2026-03-03,2.339,PET.EER_EPMRU_PF4_RGC_DPG.D,https://www.eia.gov/opendata/bulk/PET.zip#PET.EER_EPMRU_PF4_RGC_DPG.D,2026-07-29T21:38:03+00:00
2026-03-04,2.371,PET.EER_EPMRU_PF4_RGC_DPG.D,https://www.eia.gov/opendata/bulk/PET.zip#PET.EER_EPMRU_PF4_RGC_DPG.D,2026-07-29T21:38:03+00:00
2026-03-05,2.439,PET.EER_EPMRU_PF4_RGC_DPG.D,https://www.eia.gov/opendata/bulk/PET.zip#PET.EER_EPMRU_PF4_RGC_DPG.D,2026-07-29T21:38:03+00:00
2026-03-06,2.581,PET.EER_EPMRU_PF4_RGC_DPG.D,https://www.eia.gov/opendata/bulk/PET.zip#PET.EER_EPMRU_PF4_RGC_DPG.D,2026-07-29T21:38:03+00:00
2026-03-09,2.437,PET.EER_EPMRU_PF4_RGC_DPG.D,https://www.eia.gov/opendata/bulk/PET.zip#PET.EER_EPMRU_PF4_RGC_DPG.D,2026-07-29T21:38:03+00:00
2026-03-10,2.480,PET.EER_EPMRU_PF4_RGC_DPG.D,https://www.eia.gov/opendata/bulk/PET.zip#PET.EER_EPMRU_PF4_RGC_DPG.D,2026-07-29T21:38:03+00:00
2026-03-11,2.664,PET.EER_EPMRU_PF4_RGC_DPG.D,https://www.eia.gov/opendata/bulk/PET.zip#PET.EER_EPMRU_PF4_RGC_DPG.D,2026-07-29T21:38:03+00:00
2026-03-12,2.875,PET.EER_EPMRU_PF4_RGC_DPG.D,https://www.eia.gov/opendata/bulk/PET.zip#PET.EER_EPMRU_PF4_RGC_DPG.D,2026-07-29T21:38:03+00:00
2026-03-13,3.054,PET.EER_EPMRU_PF4_RGC_DPG.D,https://www.eia.gov/opendata/bulk/PET.zip#PET.EER_EPMRU_PF4_RGC_DPG.D,2026-07-29T21:38:03+00:00
2026-03-16,3.032,PET.EER_EPMRU_PF4_RGC_DPG.D,https://www.eia.gov/opendata/bulk/PET.zip#PET.EER_EPMRU_PF4_RGC_DPG.D,2026-07-29T21:38:03+00:00
2026-03-17,3.158,PET.EER_EPMRU_PF4_RGC_DPG.D,https://www.eia.gov/opendata/bulk/PET.zip#PET.EER_EPMRU_PF4_RGC_DPG.D,2026-07-29T21:38:03+00:00
2026-03-18,3.153,PET.EER_EPMRU_PF4_RGC_DPG.D,https://www.eia.gov/opendata/bulk/PET.zip#PET.EER_EPMRU_PF4_RGC_DPG.D,2026-07-29T21:38:03+00:00
2026-03-19,3.065,PET.EER_EPMRU_PF4_RGC_DPG.D,https://www.eia.gov/opendata/bulk/PET.zip#PET.EER_EPMRU_PF4_RGC_DPG.D,2026-07-29T21:38:03+00:00
2026-03-20,3.258,PET.EER_EPMRU_PF4_RGC_DPG.D,https://www.eia.gov/opendata/bulk/PET.zip#PET.EER_EPMRU_PF4_RGC_DPG.D,2026-07-29T21:38:03+00:00
2026-03-23,2.936,PET.EER_EPMRU_PF4_RGC_DPG.D,https://www.eia.gov/opendata/bulk/PET.zip#PET.EER_EPMRU_PF4_RGC_DPG.D,2026-07-29T21:38:03+00:00
2026-03-24,2.995,PET.EER_EPMRU_PF4_RGC_DPG.D,https://www.eia.gov/opendata/bulk/PET.zip#PET.EER_EPMRU_PF4_RGC_DPG.D,2026-07-29T21:38:03+00:00
2026-03-25,2.965,PET.EER_EPMRU_PF4_RGC_DPG.D,https://www.eia.gov/opendata/bulk/PET.zip#PET.EER_EPMRU_PF4_RGC_DPG.D,2026-07-29T21:38:03+00:00
2026-03-26,3.057,PET.EER_EPMRU_PF4_RGC_DPG.D,https://www.eia.gov/opendata/bulk/PET.zip#PET.EER_EPMRU_PF4_RGC_DPG.D,2026-07-29T21:38:03+00:00
2026-03-27,3.263,PET.EER_EPMRU_PF4_RGC_DPG.D,https://www.eia.gov/opendata/bulk/PET.zip#PET.EER_EPMRU_PF4_RGC_DPG.D,2026-07-29T21:38:03+00:00
2026-03-30,3.401,PET.EER_EPMRU_PF4_RGC_DPG.D,https://www.eia.gov/opendata/bulk/PET.zip#PET.EER_EPMRU_PF4_RGC_DPG.D,2026-07-29T21:38:03+00:00
2026-03-31,3.315,PET.EER_EPMRU_PF4_RGC_DPG.D,https://www.eia.gov/opendata/bulk/PET.zip#PET.EER_EPMRU_PF4_RGC_DPG.D,2026-07-29T21:38:03+00:00
2026-04-01,3.101,PET.EER_EPMRU_PF4_RGC_DPG.D,https://www.eia.gov/opendata/bulk/PET.zip#PET.EER_EPMRU_PF4_RGC_DPG.D,2026-07-29T21:38:03+00:00
2026-04-02,3.295,PET.EER_EPMRU_PF4_RGC_DPG.D,https://www.eia.gov/opendata/bulk/PET.zip#PET.EER_EPMRU_PF4_RGC_DPG.D,2026-07-29T21:38:03+00:00
2026-04-06,3.298,PET.EER_EPMRU_PF4_RGC_DPG.D,https://www.eia.gov/opendata/bulk/PET.zip#PET.EER_EPMRU_PF4_RGC_DPG.D,2026-07-29T21:38:03+00:00
2026-04-07,3.232,PET.EER_EPMRU_PF4_RGC_DPG.D,https://www.eia.gov/opendata/bulk/PET.zip#PET.EER_EPMRU_PF4_RGC_DPG.D,2026-07-29T21:38:03+00:00
2026-04-08,2.924,PET.EER_EPMRU_PF4_RGC_DPG.D,https://www.eia.gov/opendata/bulk/PET.zip#PET.EER_EPMRU_PF4_RGC_DPG.D,2026-07-29T21:38:03+00:00
2026-04-09,2.923,PET.EER_EPMRU_PF4_RGC_DPG.D,https://www.eia.gov/opendata/bulk/PET.zip#PET.EER_EPMRU_PF4_RGC_DPG.D,2026-07-29T21:38:03+00:00
2026-04-10,2.975,PET.EER_EPMRU_PF4_RGC_DPG.D,https://www.eia.gov/opendata/bulk/PET.zip#PET.EER_EPMRU_PF4_RGC_DPG.D,2026-07-29T21:38:03+00:00
2026-04-13,3.053,PET.EER_EPMRU_PF4_RGC_DPG.D,https://www.eia.gov/opendata/bulk/PET.zip#PET.EER_EPMRU_PF4_RGC_DPG.D,2026-07-29T21:38:03+00:00
2026-04-14,2.915,PET.EER_EPMRU_PF4_RGC_DPG.D,https://www.eia.gov/opendata/bulk/PET.zip#PET.EER_EPMRU_PF4_RGC_DPG.D,2026-07-29T21:38:03+00:00
2026-04-15,2.968,PET.EER_EPMRU_PF4_RGC_DPG.D,https://www.eia.gov/opendata/bulk/PET.zip#PET.EER_EPMRU_PF4_RGC_DPG.D,2026-07-29T21:38:03+00:00
2026-04-16,3.122,PET.EER_EPMRU_PF4_RGC_DPG.D,https://www.eia.gov/opendata/bulk/PET.zip#PET.EER_EPMRU_PF4_RGC_DPG.D,2026-07-29T21:38:03+00:00
2026-04-17,3.014,PET.EER_EPMRU_PF4_RGC_DPG.D,https://www.eia.gov/opendata/bulk/PET.zip#PET.EER_EPMRU_PF4_RGC_DPG.D,2026-07-29T21:38:03+00:00
2026-04-20,3.113,PET.EER_EPMRU_PF4_RGC_DPG.D,https://www.eia.gov/opendata/bulk/PET.zip#PET.EER_EPMRU_PF4_RGC_DPG.D,2026-07-29T21:38:03+00:00
2026-04-21,3.216,PET.EER_EPMRU_PF4_RGC_DPG.D,https://www.eia.gov/opendata/bulk/PET.zip#PET.EER_EPMRU_PF4_RGC_DPG.D,2026-07-29T21:38:03+00:00
2026-04-22,3.327,PET.EER_EPMRU_PF4_RGC_DPG.D,https://www.eia.gov/opendata/bulk/PET.zip#PET.EER_EPMRU_PF4_RGC_DPG.D,2026-07-29T21:38:03+00:00
2026-04-23,3.456,PET.EER_EPMRU_PF4_RGC_DPG.D,https://www.eia.gov/opendata/bulk/PET.zip#PET.EER_EPMRU_PF4_RGC_DPG.D,2026-07-29T21:38:03+00:00
2026-04-24,3.467,PET.EER_EPMRU_PF4_RGC_DPG.D,https://www.eia.gov/opendata/bulk/PET.zip#PET.EER_EPMRU_PF4_RGC_DPG.D,2026-07-29T21:38:03+00:00
2026-04-27,3.496,PET.EER_EPMRU_PF4_RGC_DPG.D,https://www.eia.gov/opendata/bulk/PET.zip#PET.EER_EPMRU_PF4_RGC_DPG.D,2026-07-29T21:38:03+00:00
2026-04-28,3.561,PET.EER_EPMRU_PF4_RGC_DPG.D,https://www.eia.gov/opendata/bulk/PET.zip#PET.EER_EPMRU_PF4_RGC_DPG.D,2026-07-29T21:38:03+00:00
2026-04-29,3.770,PET.EER_EPMRU_PF4_RGC_DPG.D,https://www.eia.gov/opendata/bulk/PET.zip#PET.EER_EPMRU_PF4_RGC_DPG.D,2026-07-29T21:38:03+00:00
2026-04-30,3.823,PET.EER_EPMRU_PF4_RGC_DPG.D,https://www.eia.gov/opendata/bulk/PET.zip#PET.EER_EPMRU_PF4_RGC_DPG.D,2026-07-29T21:38:03+00:00
2026-05-01,3.598,PET.EER_EPMRU_PF4_RGC_DPG.D,https://www.eia.gov/opendata/bulk/PET.zip#PET.EER_EPMRU_PF4_RGC_DPG.D,2026-07-29T21:38:03+00:00
2026-05-04,3.703,PET.EER_EPMRU_PF4_RGC_DPG.D,https://www.eia.gov/opendata/bulk/PET.zip#PET.EER_EPMRU_PF4_RGC_DPG.D,2026-07-29T21:38:03+00:00
2026-05-05,3.567,PET.EER_EPMRU_PF4_RGC_DPG.D,https://www.eia.gov/opendata/bulk/PET.zip#PET.EER_EPMRU_PF4_RGC_DPG.D,2026-07-29T21:38:03+00:00
2026-05-06,3.451,PET.EER_EPMRU_PF4_RGC_DPG.D,https://www.eia.gov/opendata/bulk/PET.zip#PET.EER_EPMRU_PF4_RGC_DPG.D,2026-07-29T21:38:03+00:00
2026-05-07,3.476,PET.EER_EPMRU_PF4_RGC_DPG.D,https://www.eia.gov/opendata/bulk/PET.zip#PET.EER_EPMRU_PF4_RGC_DPG.D,2026-07-29T21:38:03+00:00
2026-05-08,3.513,PET.EER_EPMRU_PF4_RGC_DPG.D,https://www.eia.gov/opendata/bulk/PET.zip#PET.EER_EPMRU_PF4_RGC_DPG.D,2026-07-29T21:38:03+00:00
2026-05-11,3.605,PET.EER_EPMRU_PF4_RGC_DPG.D,https://www.eia.gov/opendata/bulk/PET.zip#PET.EER_EPMRU_PF4_RGC_DPG.D,2026-07-29T21:38:03+00:00
2026-05-12,3.707,PET.EER_EPMRU_PF4_RGC_DPG.D,https://www.eia.gov/opendata/bulk/PET.zip#PET.EER_EPMRU_PF4_RGC_DPG.D,2026-07-29T21:38:03+00:00
2026-05-13,3.590,PET.EER_EPMRU_PF4_RGC_DPG.D,https://www.eia.gov/opendata/bulk/PET.zip#PET.EER_EPMRU_PF4_RGC_DPG.D,2026-07-29T21:38:03+00:00
2026-05-14,3.593,PET.EER_EPMRU_PF4_RGC_DPG.D,https://www.eia.gov/opendata/bulk/PET.zip#PET.EER_EPMRU_PF4_RGC_DPG.D,2026-07-29T21:38:03+00:00
2026-05-15,3.689,PET.EER_EPMRU_PF4_RGC_DPG.D,https://www.eia.gov/opendata/bulk/PET.zip#PET.EER_EPMRU_PF4_RGC_DPG.D,2026-07-29T21:38:03+00:00
2026-05-18,3.632,PET.EER_EPMRU_PF4_RGC_DPG.D,https://www.eia.gov/opendata/bulk/PET.zip#PET.EER_EPMRU_PF4_RGC_DPG.D,2026-07-29T21:38:03+00:00
2026-05-19,3.651,PET.EER_EPMRU_PF4_RGC_DPG.D,https://www.eia.gov/opendata/bulk/PET.zip#PET.EER_EPMRU_PF4_RGC_DPG.D,2026-07-29T21:38:03+00:00
2026-05-20,3.521,PET.EER_EPMRU_PF4_RGC_DPG.D,https://www.eia.gov/opendata/bulk/PET.zip#PET.EER_EPMRU_PF4_RGC_DPG.D,2026-07-29T21:38:03+00:00
2026-05-21,3.476,PET.EER_EPMRU_PF4_RGC_DPG.D,https://www.eia.gov/opendata/bulk/PET.zip#PET.EER_EPMRU_PF4_RGC_DPG.D,2026-07-29T21:38:03+00:00
2026-05-22,3.465,PET.EER_EPMRU_PF4_RGC_DPG.D,https://www.eia.gov/opendata/bulk/PET.zip#PET.EER_EPMRU_PF4_RGC_DPG.D,2026-07-29T21:38:03+00:00
2026-05-26,3.237,PET.EER_EPMRU_PF4_RGC_DPG.D,https://www.eia.gov/opendata/bulk/PET.zip#PET.EER_EPMRU_PF4_RGC_DPG.D,2026-07-29T21:38:03+00:00
2026-05-27,3.175,PET.EER_EPMRU_PF4_RGC_DPG.D,https://www.eia.gov/opendata/bulk/PET.zip#PET.EER_EPMRU_PF4_RGC_DPG.D,2026-07-29T21:38:03+00:00
2026-05-28,3.148,PET.EER_EPMRU_PF4_RGC_DPG.D,https://www.eia.gov/opendata/bulk/PET.zip#PET.EER_EPMRU_PF4_RGC_DPG.D,2026-07-29T21:38:03+00:00
2026-05-29,3.031,PET.EER_EPMRU_PF4_RGC_DPG.D,https://www.eia.gov/opendata/bulk/PET.zip#PET.EER_EPMRU_PF4_RGC_DPG.D,2026-07-29T21:38:03+00:00
2026-06-01,3.042,PET.EER_EPMRU_PF4_RGC_DPG.D,https://www.eia.gov/opendata/bulk/PET.zip#PET.EER_EPMRU_PF4_RGC_DPG.D,2026-07-29T21:38:03+00:00
2026-06-02,3.143,PET.EER_EPMRU_PF4_RGC_DPG.D,https://www.eia.gov/opendata/bulk/PET.zip#PET.EER_EPMRU_PF4_RGC_DPG.D,2026-07-29T21:38:03+00:00
2026-06-03,3.111,PET.EER_EPMRU_PF4_RGC_DPG.D,https://www.eia.gov/opendata/bulk/PET.zip#PET.EER_EPMRU_PF4_RGC_DPG.D,2026-07-29T21:38:03+00:00
2026-06-04,3.027,PET.EER_EPMRU_PF4_RGC_DPG.D,https://www.eia.gov/opendata/bulk/PET.zip#PET.EER_EPMRU_PF4_RGC_DPG.D,2026-07-29T21:38:03+00:00
2026-06-05,3.012,PET.EER_EPMRU_PF4_RGC_DPG.D,https://www.eia.gov/opendata/bulk/PET.zip#PET.EER_EPMRU_PF4_RGC_DPG.D,2026-07-29T21:38:03+00:00
2026-06-08,3.049,PET.EER_EPMRU_PF4_RGC_DPG.D,https://www.eia.gov/opendata/bulk/PET.zip#PET.EER_EPMRU_PF4_RGC_DPG.D,2026-07-29T21:38:03+00:00
2026-06-09,3.003,PET.EER_EPMRU_PF4_RGC_DPG.D,https://www.eia.gov/opendata/bulk/PET.zip#PET.EER_EPMRU_PF4_RGC_DPG.D,2026-07-29T21:38:03+00:00
2026-06-10,3.117,PET.EER_EPMRU_PF4_RGC_DPG.D,https://www.eia.gov/opendata/bulk/PET.zip#PET.EER_EPMRU_PF4_RGC_DPG.D,2026-07-29T21:38:03+00:00
2026-06-11,3.045,PET.EER_EPMRU_PF4_RGC_DPG.D,https://www.eia.gov/opendata/bulk/PET.zip#PET.EER_EPMRU_PF4_RGC_DPG.D,2026-07-29T21:38:03+00:00
2026-06-12,3.030,PET.EER_EPMRU_PF4_RGC_DPG.D,https://www.eia.gov/opendata/bulk/PET.zip#PET.EER_EPMRU_PF4_RGC_DPG.D,2026-07-29T21:38:03+00:00
2026-06-15,2.955,PET.EER_EPMRU_PF4_RGC_DPG.D,https://www.eia.gov/opendata/bulk/PET.zip#PET.EER_EPMRU_PF4_RGC_DPG.D,2026-07-29T21:38:03+00:00
2026-06-16,2.875,PET.EER_EPMRU_PF4_RGC_DPG.D,https://www.eia.gov/opendata/bulk/PET.zip#PET.EER_EPMRU_PF4_RGC_DPG.D,2026-07-29T21:38:03+00:00
2026-06-17,2.930,PET.EER_EPMRU_PF4_RGC_DPG.D,https://www.eia.gov/opendata/bulk/PET.zip#PET.EER_EPMRU_PF4_RGC_DPG.D,2026-07-29T21:38:03+00:00
2026-06-18,2.970,PET.EER_EPMRU_PF4_RGC_DPG.D,https://www.eia.gov/opendata/bulk/PET.zip#PET.EER_EPMRU_PF4_RGC_DPG.D,2026-07-29T21:38:03+00:00
2026-06-22,2.991,PET.EER_EPMRU_PF4_RGC_DPG.D,https://www.eia.gov/opendata/bulk/PET.zip#PET.EER_EPMRU_PF4_RGC_DPG.D,2026-07-29T21:38:03+00:00
2026-06-23,2.950,PET.EER_EPMRU_PF4_RGC_DPG.D,https://www.eia.gov/opendata/bulk/PET.zip#PET.EER_EPMRU_PF4_RGC_DPG.D,2026-07-29T21:38:03+00:00
2026-06-24,2.858,PET.EER_EPMRU_PF4_RGC_DPG.D,https://www.eia.gov/opendata/bulk/PET.zip#PET.EER_EPMRU_PF4_RGC_DPG.D,2026-07-29T21:38:03+00:00
2026-06-25,3.027,PET.EER_EPMRU_PF4_RGC_DPG.D,https://www.eia.gov/opendata/bulk/PET.zip#PET.EER_EPMRU_PF4_RGC_DPG.D,2026-07-29T21:38:03+00:00
2026-06-26,3.006,PET.EER_EPMRU_PF4_RGC_DPG.D,https://www.eia.gov/opendata/bulk/PET.zip#PET.EER_EPMRU_PF4_RGC_DPG.D,2026-07-29T21:38:03+00:00
2026-06-29,3.092,PET.EER_EPMRU_PF4_RGC_DPG.D,https://www.eia.gov/opendata/bulk/PET.zip#PET.EER_EPMRU_PF4_RGC_DPG.D,2026-07-29T21:38:03+00:00
2026-06-30,3.017,PET.EER_EPMRU_PF4_RGC_DPG.D,https://www.eia.gov/opendata/bulk/PET.zip#PET.EER_EPMRU_PF4_RGC_DPG.D,2026-07-29T21:38:03+00:00
2026-07-01,3.035,PET.EER_EPMRU_PF4_RGC_DPG.D,https://www.eia.gov/opendata/bulk/PET.zip#PET.EER_EPMRU_PF4_RGC_DPG.D,2026-07-29T21:38:03+00:00
2026-07-02,3.007,PET.EER_EPMRU_PF4_RGC_DPG.D,https://www.eia.gov/opendata/bulk/PET.zip#PET.EER_EPMRU_PF4_RGC_DPG.D,2026-07-29T21:38:03+00:00
2026-07-06,3.048,PET.EER_EPMRU_PF4_RGC_DPG.D,https://www.eia.gov/opendata/bulk/PET.zip#PET.EER_EPMRU_PF4_RGC_DPG.D,2026-07-29T21:38:03+00:00
2026-07-07,3.007,PET.EER_EPMRU_PF4_RGC_DPG.D,https://www.eia.gov/opendata/bulk/PET.zip#PET.EER_EPMRU_PF4_RGC_DPG.D,2026-07-29T21:38:03+00:00
2026-07-08,3.145,PET.EER_EPMRU_PF4_RGC_DPG.D,https://www.eia.gov/opendata/bulk/PET.zip#PET.EER_EPMRU_PF4_RGC_DPG.D,2026-07-29T21:38:03+00:00
2026-07-09,3.018,PET.EER_EPMRU_PF4_RGC_DPG.D,https://www.eia.gov/opendata/bulk/PET.zip#PET.EER_EPMRU_PF4_RGC_DPG.D,2026-07-29T21:38:03+00:00
2026-07-10,2.971,PET.EER_EPMRU_PF4_RGC_DPG.D,https://www.eia.gov/opendata/bulk/PET.zip#PET.EER_EPMRU_PF4_RGC_DPG.D,2026-07-29T21:38:03+00:00
2026-07-13,3.151,PET.EER_EPMRU_PF4_RGC_DPG.D,https://www.eia.gov/opendata/bulk/PET.zip#PET.EER_EPMRU_PF4_RGC_DPG.D,2026-07-29T21:38:03+00:00
2026-07-14,3.242,PET.EER_EPMRU_PF4_RGC_DPG.D,https://www.eia.gov/opendata/bulk/PET.zip#PET.EER_EPMRU_PF4_RGC_DPG.D,2026-07-29T21:38:03+00:00
2026-07-15,3.314,PET.EER_EPMRU_PF4_RGC_DPG.D,https://www.eia.gov/opendata/bulk/PET.zip#PET.EER_EPMRU_PF4_RGC_DPG.D,2026-07-29T21:38:03+00:00
2026-07-16,3.263,PET.EER_EPMRU_PF4_RGC_DPG.D,https://www.eia.gov/opendata/bulk/PET.zip#PET.EER_EPMRU_PF4_RGC_DPG.D,2026-07-29T21:38:03+00:00
2026-07-17,3.359,PET.EER_EPMRU_PF4_RGC_DPG.D,https://www.eia.gov/opendata/bulk/PET.zip#PET.EER_EPMRU_PF4_RGC_DPG.D,2026-07-29T21:38:03+00:00
2026-07-20,3.400,PET.EER_EPMRU_PF4_RGC_DPG.D,https://www.eia.gov/opendata/bulk/PET.zip#PET.EER_EPMRU_PF4_RGC_DPG.D,2026-07-29T21:38:03+00:00
2026-07-21,3.518,PET.EER_EPMRU_PF4_RGC_DPG.D,https://www.eia.gov/opendata/bulk/PET.zip#PET.EER_EPMRU_PF4_RGC_DPG.D,2026-07-29T21:38:03+00:00
2026-07-22,3.475,PET.EER_EPMRU_PF4_RGC_DPG.D,https://www.eia.gov/opendata/bulk/PET.zip#PET.EER_EPMRU_PF4_RGC_DPG.D,2026-07-29T21:38:03+00:00
2026-07-23,3.548,PET.EER_EPMRU_PF4_RGC_DPG.D,https://www.eia.gov/opendata/bulk/PET.zip#PET.EER_EPMRU_PF4_RGC_DPG.D,2026-07-29T21:38:03+00:00
2026-07-24,3.508,PET.EER_EPMRU_PF4_RGC_DPG.D,https://www.eia.gov/opendata/bulk/PET.zip#PET.EER_EPMRU_PF4_RGC_DPG.D,2026-07-29T21:38:03+00:00
2026-07-27,3.434,PET.EER_EPMRU_PF4_RGC_DPG.D,https://www.eia.gov/opendata/bulk/PET.zip#PET.EER_EPMRU_PF4_RGC_DPG.D,2026-07-29T21:38:03+00:00
