city,station,target_date,init_time_utc,lead_hours,source,forecast_high_f,spread_f,provenance
CHI,KMDW,2025-12-27,2025-12-27T00:00:00Z,6,gefs,48.3569,2.8080,"s3://noaa-gefs-pds/gefs.20251227/00/atmos/pgrb2sp25/{geavg,gespr}.t00z.pgrb2s.0p25.f{012,018,024,030}#statistic=max_t(geavg)+offset;offset_f=+0.0489;raw_f=48.3080;spread=gespr@f030;covered_leads=6-30"
LAX,KLAX,2025-12-27,2025-12-27T00:00:00Z,8,gefs,61.2229,0.4140,"s3://noaa-gefs-pds/gefs.20251227/00/atmos/pgrb2sp25/{geavg,gespr}.t00z.pgrb2s.0p25.f{012,018,024,030,033}#statistic=max_t(geavg)+offset;offset_f=+0.0269;raw_f=61.1960;spread=gespr@f024;covered_leads=6-33"
MIA,KMIA,2025-12-27,2025-12-27T00:00:00Z,5,gefs,77.9189,1.0440,"s3://noaa-gefs-pds/gefs.20251227/00/atmos/pgrb2sp25/{geavg,gespr}.t00z.pgrb2s.0p25.f{006,012,018,024,030}#statistic=max_t(geavg)+offset;offset_f=+0.0549;raw_f=77.8640;spread=gespr@f024;covered_leads=0-30"
NY,KNYC,2025-12-27,2025-12-27T00:00:00Z,5,gefs,34.4654,0.5580,"s3://noaa-gefs-pds/gefs.20251227/00/atmos/pgrb2sp25/{geavg,gespr}.t00z.pgrb2s.0p25.f{006,012,018,024,030}#statistic=max_t(geavg)+offset;offset_f=+0.2514;raw_f=34.2140;spread=gespr@f012;covered_leads=0-30"
CHI,KMDW,2025-12-28,2025-12-28T00:00:00Z,6,gefs,60.8669,3.3300,"s3://noaa-gefs-pds/gefs.20251228/00/atmos/pgrb2sp25/{geavg,gespr}.t00z.pgrb2s.0p25.f{012,018,024,030}#statistic=max_t(geavg)+offset;offset_f=+0.0489;raw_f=60.8180;spread=gespr@f024;covered_leads=6-30"
CHI,KMDW,2025-12-28,2025-12-27T00:00:00Z,30,gefs,55.3589,4.3020,"s3://noaa-gefs-pds/gefs.20251227/00/atmos/pgrb2sp25/{geavg,gespr}.t00z.pgrb2s.0p25.f{036,042,048,054}#statistic=max_t(geavg)+offset;offset_f=+0.0489;raw_f=55.3100;spread=gespr@f048;covered_leads=30-54"
LAX,KLAX,2025-12-28,2025-12-28T00:00:00Z,8,gefs,65.4709,0.1980,"s3://noaa-gefs-pds/gefs.20251228/00/atmos/pgrb2sp25/{geavg,gespr}.t00z.pgrb2s.0p25.f{012,018,024,030,033}#statistic=max_t(geavg)+offset;offset_f=+0.0269;raw_f=65.4440;spread=gespr@f024;covered_leads=6-33"
LAX,KLAX,2025-12-28,2025-12-27T00:00:00Z,32,gefs,64.8769,0.4320,"s3://noaa-gefs-pds/gefs.20251227/00/atmos/pgrb2sp25/{geavg,gespr}.t00z.pgrb2s.0p25.f{036,042,048,054,057}#statistic=max_t(geavg)+offset;offset_f=+0.0269;raw_f=64.8500;spread=gespr@f048;covered_leads=30-57"
MIA,KMIA,2025-12-28,2025-12-28T00:00:00Z,5,gefs,78.4769,0.7920,"s3://noaa-gefs-pds/gefs.20251228/00/atmos/pgrb2sp25/{geavg,gespr}.t00z.pgrb2s.0p25.f{006,012,018,024,030}#statistic=max_t(geavg)+offset;offset_f=+0.0549;raw_f=78.4220;spread=gespr@f024;covered_leads=0-30"
MIA,KMIA,2025-12-28,2025-12-27T00:00:00Z,29,gefs,77.6129,1.3500,"s3://noaa-gefs-pds/gefs.20251227/00/atmos/pgrb2sp25/{geavg,gespr}.t00z.pgrb2s.0p25.f{030,036,042,048,054}#statistic=max_t(geavg)+offset;offset_f=+0.0549;raw_f=77.5580;spread=gespr@f048;covered_leads=24-54"
NY,KNYC,2025-12-28,2025-12-28T00:00:00Z,5,gefs,37.4714,0.7920,"s3://noaa-gefs-pds/gefs.20251228/00/atmos/pgrb2sp25/{geavg,gespr}.t00z.pgrb2s.0p25.f{006,012,018,024,030}#statistic=max_t(geavg)+offset;offset_f=+0.2514;raw_f=37.2200;spread=gespr@f030;covered_leads=0-30"
NY,KNYC,2025-12-28,2025-12-27T00:00:00Z,29,gefs,37.2914,1.0980,"s3://noaa-gefs-pds/gefs.20251227/00/atmos/pgrb2sp25/{geavg,gespr}.t00z.pgrb2s.0p25.f{030,036,042,048,054}#statistic=max_t(geavg)+offset;offset_f=+0.2514;raw_f=37.0400;spread=gespr@f054;covered_leads=24-54"
CHI,KMDW,2025-12-29,2025-12-29T00:00:00Z,6,gefs,24.2009,1.0800,"s3://noaa-gefs-pds/gefs.20251229/00/atmos/pgrb2sp25/{geavg,gespr}.t00z.pgrb2s.0p25.f{012,018,024,030}#statistic=max_t(geavg)+offset;offset_f=+0.0489;raw_f=24.1520;spread=gespr@f018;covered_leads=6-30"
CHI,KMDW,2025-12-29,2025-12-28T00:00:00Z,30,gefs,25.0289,2.2860,"s3://noaa-gefs-pds/gefs.20251228/00/atmos/pgrb2sp25/{geavg,gespr}.t00z.pgrb2s.0p25.f{036,042,048,054}#statistic=max_t(geavg)+offset;offset_f=+0.0489;raw_f=24.9800;spread=gespr@f036;covered_leads=30-54"
CHI,KMDW,2025-12-29,2025-12-27T00:00:00Z,54,gefs,23.2469,4.4460,"s3://noaa-gefs-pds/gefs.20251227/00/atmos/pgrb2sp25/{geavg,gespr}.t00z.pgrb2s.0p25.f{060,066,072,078}#statistic=max_t(geavg)+offset;offset_f=+0.0489;raw_f=23.1980;spread=gespr@f060;covered_leads=54-78"
LAX,KLAX,2025-12-29,2025-12-29T00:00:00Z,8,gefs,66.5689,0.1980,"s3://noaa-gefs-pds/gefs.20251229/00/atmos/pgrb2sp25/{geavg,gespr}.t00z.pgrb2s.0p25.f{012,018,024,030,033}#statistic=max_t(geavg)+offset;offset_f=+0.0269;raw_f=66.5420;spread=gespr@f024;covered_leads=6-33"
LAX,KLAX,2025-12-29,2025-12-28T00:00:00Z,32,gefs,67.4149,0.4860,"s3://noaa-gefs-pds/gefs.20251228/00/atmos/pgrb2sp25/{geavg,gespr}.t00z.pgrb2s.0p25.f{036,042,048,054,057}#statistic=max_t(geavg)+offset;offset_f=+0.0269;raw_f=67.3880;spread=gespr@f048;covered_leads=30-57"
LAX,KLAX,2025-12-29,2025-12-27T00:00:00Z,56,gefs,66.6229,0.4860,"s3://noaa-gefs-pds/gefs.20251227/00/atmos/pgrb2sp25/{geavg,gespr}.t00z.pgrb2s.0p25.f{060,066,072,078,081}#statistic=max_t(geavg)+offset;offset_f=+0.0269;raw_f=66.5960;spread=gespr@f072;covered_leads=54-81"
MIA,KMIA,2025-12-29,2025-12-29T00:00:00Z,5,gefs,80.0429,0.8640,"s3://noaa-gefs-pds/gefs.20251229/00/atmos/pgrb2sp25/{geavg,gespr}.t00z.pgrb2s.0p25.f{006,012,018,024,030}#statistic=max_t(geavg)+offset;offset_f=+0.0549;raw_f=79.9880;spread=gespr@f024;covered_leads=0-30"
MIA,KMIA,2025-12-29,2025-12-28T00:00:00Z,29,gefs,79.2149,0.8280,"s3://noaa-gefs-pds/gefs.20251228/00/atmos/pgrb2sp25/{geavg,gespr}.t00z.pgrb2s.0p25.f{030,036,042,048,054}#statistic=max_t(geavg)+offset;offset_f=+0.0549;raw_f=79.1600;spread=gespr@f048;covered_leads=24-54"
MIA,KMIA,2025-12-29,2025-12-27T00:00:00Z,53,gefs,78.0629,1.5480,"s3://noaa-gefs-pds/gefs.20251227/00/atmos/pgrb2sp25/{geavg,gespr}.t00z.pgrb2s.0p25.f{054,060,066,072,078}#statistic=max_t(geavg)+offset;offset_f=+0.0549;raw_f=78.0080;spread=gespr@f072;covered_leads=48-78"
NY,KNYC,2025-12-29,2025-12-29T00:00:00Z,5,gefs,48.1814,1.4400,"s3://noaa-gefs-pds/gefs.20251229/00/atmos/pgrb2sp25/{geavg,gespr}.t00z.pgrb2s.0p25.f{006,012,018,024,030}#statistic=max_t(geavg)+offset;offset_f=+0.2514;raw_f=47.9300;spread=gespr@f018;covered_leads=0-30"
NY,KNYC,2025-12-29,2025-12-28T00:00:00Z,29,gefs,50.9714,2.1420,"s3://noaa-gefs-pds/gefs.20251228/00/atmos/pgrb2sp25/{geavg,gespr}.t00z.pgrb2s.0p25.f{030,036,042,048,054}#statistic=max_t(geavg)+offset;offset_f=+0.2514;raw_f=50.7200;spread=gespr@f042;covered_leads=24-54"
NY,KNYC,2025-12-29,2025-12-27T00:00:00Z,53,gefs,51.9074,2.7900,"s3://noaa-gefs-pds/gefs.20251227/00/atmos/pgrb2sp25/{geavg,gespr}.t00z.pgrb2s.0p25.f{054,060,066,072,078}#statistic=max_t(geavg)+offset;offset_f=+0.2514;raw_f=51.6560;spread=gespr@f066;covered_leads=48-78"
CHI,KMDW,2025-12-30,2025-12-30T00:00:00Z,6,gefs,25.7669,0.8820,"s3://noaa-gefs-pds/gefs.20251230/00/atmos/pgrb2sp25/{geavg,gespr}.t00z.pgrb2s.0p25.f{012,018,024,030}#statistic=max_t(geavg)+offset;offset_f=+0.0489;raw_f=25.7180;spread=gespr@f030;covered_leads=6-30"
CHI,KMDW,2025-12-30,2025-12-29T00:00:00Z,30,gefs,28.7369,1.1700,"s3://noaa-gefs-pds/gefs.20251229/00/atmos/pgrb2sp25/{geavg,gespr}.t00z.pgrb2s.0p25.f{036,042,048,054}#statistic=max_t(geavg)+offset;offset_f=+0.0489;raw_f=28.6880;spread=gespr@f054;covered_leads=30-54"
CHI,KMDW,2025-12-30,2025-12-28T00:00:00Z,54,gefs,29.9429,1.2780,"s3://noaa-gefs-pds/gefs.20251228/00/atmos/pgrb2sp25/{geavg,gespr}.t00z.pgrb2s.0p25.f{060,066,072,078}#statistic=max_t(geavg)+offset;offset_f=+0.0489;raw_f=29.8940;spread=gespr@f078;covered_leads=54-78"
CHI,KMDW,2025-12-30,2025-12-27T00:00:00Z,78,gefs,28.8629,1.8180,"s3://noaa-gefs-pds/gefs.20251227/00/atmos/pgrb2sp25/{geavg,gespr}.t00z.pgrb2s.0p25.f{084,090,096,102}#statistic=max_t(geavg)+offset;offset_f=+0.0489;raw_f=28.8140;spread=gespr@f102;covered_leads=78-102"
LAX,KLAX,2025-12-30,2025-12-30T00:00:00Z,8,gefs,65.4529,1.5480,"s3://noaa-gefs-pds/gefs.20251230/00/atmos/pgrb2sp25/{geavg,gespr}.t00z.pgrb2s.0p25.f{012,018,024,030,033}#statistic=max_t(geavg)+offset;offset_f=+0.0269;raw_f=65.4260;spread=gespr@f024;covered_leads=6-33"
LAX,KLAX,2025-12-30,2025-12-29T00:00:00Z,32,gefs,66.7669,2.3220,"s3://noaa-gefs-pds/gefs.20251229/00/atmos/pgrb2sp25/{geavg,gespr}.t00z.pgrb2s.0p25.f{036,042,048,054,057}#statistic=max_t(geavg)+offset;offset_f=+0.0269;raw_f=66.7400;spread=gespr@f048;covered_leads=30-57"
LAX,KLAX,2025-12-30,2025-12-28T00:00:00Z,56,gefs,68.2429,1.8540,"s3://noaa-gefs-pds/gefs.20251228/00/atmos/pgrb2sp25/{geavg,gespr}.t00z.pgrb2s.0p25.f{060,066,072,078,081}#statistic=max_t(geavg)+offset;offset_f=+0.0269;raw_f=68.2160;spread=gespr@f072;covered_leads=54-81"
LAX,KLAX,2025-12-30,2025-12-27T00:00:00Z,80,gefs,66.8389,2.3040,"s3://noaa-gefs-pds/gefs.20251227/00/atmos/pgrb2sp25/{geavg,gespr}.t00z.pgrb2s.0p25.f{084,090,096,102,105}#statistic=max_t(geavg)+offset;offset_f=+0.0269;raw_f=66.8120;spread=gespr@f096;covered_leads=78-105"
MIA,KMIA,2025-12-30,2025-12-30T00:00:00Z,5,gefs,75.1289,0.2160,"s3://noaa-gefs-pds/gefs.20251230/00/atmos/pgrb2sp25/{geavg,gespr}.t00z.pgrb2s.0p25.f{006,012,018,024,030}#statistic=max_t(geavg)+offset;offset_f=+0.0549;raw_f=75.0740;spread=gespr@f006;covered_leads=0-30"
MIA,KMIA,2025-12-30,2025-12-29T00:00:00Z,29,gefs,75.4169,0.5580,"s3://noaa-gefs-pds/gefs.20251229/00/atmos/pgrb2sp25/{geavg,gespr}.t00z.pgrb2s.0p25.f{030,036,042,048,054}#statistic=max_t(geavg)+offset;offset_f=+0.0549;raw_f=75.3620;spread=gespr@f030;covered_leads=24-54"
MIA,KMIA,2025-12-30,2025-12-28T00:00:00Z,53,gefs,74.8769,0.5580,"s3://noaa-gefs-pds/gefs.20251228/00/atmos/pgrb2sp25/{geavg,gespr}.t00z.pgrb2s.0p25.f{054,060,066,072,078}#statistic=max_t(geavg)+offset;offset_f=+0.0549;raw_f=74.8220;spread=gespr@f054;covered_leads=48-78"
MIA,KMIA,2025-12-30,2025-12-27T00:00:00Z,77,gefs,74.3369,0.9180,"s3://noaa-gefs-pds/gefs.20251227/00/atmos/pgrb2sp25/{geavg,gespr}.t00z.pgrb2s.0p25.f{078,084,090,096,102}#statistic=max_t(geavg)+offset;offset_f=+0.0549;raw_f=74.2820;spread=gespr@f078;covered_leads=72-102"
NY,KNYC,2025-12-30,2025-12-30T00:00:00Z,5,gefs,37.3634,0.8100,"s3://noaa-gefs-pds/gefs.20251230/00/atmos/pgrb2sp25/{geavg,gespr}.t00z.pgrb2s.0p25.f{006,012,018,024,030}#statistic=max_t(geavg)+offset;offset_f=+0.2514;raw_f=37.1120;spread=gespr@f006;covered_leads=0-30"
NY,KNYC,2025-12-30,2025-12-29T00:00:00Z,29,gefs,32.8094,2.0520,"s3://noaa-gefs-pds/gefs.20251229/00/atmos/pgrb2sp25/{geavg,gespr}.t00z.pgrb2s.0p25.f{030,036,042,048,054}#statistic=max_t(geavg)+offset;offset_f=+0.2514;raw_f=32.5580;spread=gespr@f030;covered_leads=24-54"
NY,KNYC,2025-12-30,2025-12-28T00:00:00Z,53,gefs,34.3214,2.0520,"s3://noaa-gefs-pds/gefs.20251228/00/atmos/pgrb2sp25/{geavg,gespr}.t00z.pgrb2s.0p25.f{054,060,066,072,078}#statistic=max_t(geavg)+offset;offset_f=+0.2514;raw_f=34.0700;spread=gespr@f054;covered_leads=48-78"
NY,KNYC,2025-12-30,2025-12-27T00:00:00Z,77,gefs,33.6914,3.1680,"s3://noaa-gefs-pds/gefs.20251227/00/atmos/pgrb2sp25/{geavg,gespr}.t00z.pgrb2s.0p25.f{078,084,090,096,102}#statistic=max_t(geavg)+offset;offset_f=+0.2514;raw_f=33.4400;spread=gespr@f078;covered_leads=72-102"
CHI,KMDW,2025-12-31,2025-12-31T00:00:00Z,6,gefs,32.7509,0.7020,"s3://noaa-gefs-pds/gefs.20251231/00/atmos/pgrb2sp25/{geavg,gespr}.t00z.pgrb2s.0p25.f{012,018,024,030}#statistic=max_t(geavg)+offset;offset_f=+0.0489;raw_f=32.7020;spread=gespr@f024;covered_leads=6-30"
CHI,KMDW,2025-12-31,2025-12-30T00:00:00Z,30,gefs,31.3829,1.9260,"s3://noaa-gefs-pds/gefs.20251230/00/atmos/pgrb2sp25/{geavg,gespr}.t00z.pgrb2s.0p25.f{036,042,048,054}#statistic=max_t(geavg)+offset;offset_f=+0.0489;raw_f=31.3340;spread=gespr@f048;covered_leads=30-54"
CHI,KMDW,2025-12-31,2025-12-29T00:00:00Z,54,gefs,32.0849,2.4840,"s3://noaa-gefs-pds/gefs.20251229/00/atmos/pgrb2sp25/{geavg,gespr}.t00z.pgrb2s.0p25.f{060,066,072,078}#statistic=max_t(geavg)+offset;offset_f=+0.0489;raw_f=32.0360;spread=gespr@f066;covered_leads=54-78"
CHI,KMDW,2025-12-31,2025-12-28T00:00:00Z,78,gefs,30.3749,1.8540,"s3://noaa-gefs-pds/gefs.20251228/00/atmos/pgrb2sp25/{geavg,gespr}.t00z.pgrb2s.0p25.f{084,090,096,102}#statistic=max_t(geavg)+offset;offset_f=+0.0489;raw_f=30.3260;spread=gespr@f084;covered_leads=78-102"
LAX,KLAX,2025-12-31,2025-12-31T00:00:00Z,8,gefs,64.0849,0.3420,"s3://noaa-gefs-pds/gefs.20251231/00/atmos/pgrb2sp25/{geavg,gespr}.t00z.pgrb2s.0p25.f{012,018,024,030,033}#statistic=max_t(geavg)+offset;offset_f=+0.0269;raw_f=64.0580;spread=gespr@f012;covered_leads=6-33"
LAX,KLAX,2025-12-31,2025-12-30T00:00:00Z,32,gefs,62.7529,0.4680,"s3://noaa-gefs-pds/gefs.20251230/00/atmos/pgrb2sp25/{geavg,gespr}.t00z.pgrb2s.0p25.f{036,042,048,054,057}#statistic=max_t(geavg)+offset;offset_f=+0.0269;raw_f=62.7260;spread=gespr@f036;covered_leads=30-57"
LAX,KLAX,2025-12-31,2025-12-29T00:00:00Z,56,gefs,62.6989,0.9180,"s3://noaa-gefs-pds/gefs.20251229/00/atmos/pgrb2sp25/{geavg,gespr}.t00z.pgrb2s.0p25.f{060,066,072,078,081}#statistic=max_t(geavg)+offset;offset_f=+0.0269;raw_f=62.6720;spread=gespr@f060;covered_leads=54-81"
LAX,KLAX,2025-12-31,2025-12-28T00:00:00Z,80,gefs,65.7589,3.7800,"s3://noaa-gefs-pds/gefs.20251228/00/atmos/pgrb2sp25/{geavg,gespr}.t00z.pgrb2s.0p25.f{084,090,096,102,105}#statistic=max_t(geavg)+offset;offset_f=+0.0269;raw_f=65.7320;spread=gespr@f096;covered_leads=78-105"
MIA,KMIA,2025-12-31,2025-12-31T00:00:00Z,5,gefs,63.8249,2.5020,"s3://noaa-gefs-pds/gefs.20251231/00/atmos/pgrb2sp25/{geavg,gespr}.t00z.pgrb2s.0p25.f{006,012,018,024,030}#statistic=max_t(geavg)+offset;offset_f=+0.0549;raw_f=63.7700;spread=gespr@f024;covered_leads=0-30"
MIA,KMIA,2025-12-31,2025-12-30T00:00:00Z,29,gefs,64.6889,2.9700,"s3://noaa-gefs-pds/gefs.20251230/00/atmos/pgrb2sp25/{geavg,gespr}.t00z.pgrb2s.0p25.f{030,036,042,048,054}#statistic=max_t(geavg)+offset;offset_f=+0.0549;raw_f=64.6340;spread=gespr@f048;covered_leads=24-54"
MIA,KMIA,2025-12-31,2025-12-29T00:00:00Z,53,gefs,67.5509,2.4120,"s3://noaa-gefs-pds/gefs.20251229/00/atmos/pgrb2sp25/{geavg,gespr}.t00z.pgrb2s.0p25.f{054,060,066,072,078}#statistic=max_t(geavg)+offset;offset_f=+0.0549;raw_f=67.4960;spread=gespr@f072;covered_leads=48-78"
MIA,KMIA,2025-12-31,2025-12-28T00:00:00Z,77,gefs,68.5589,2.7720,"s3://noaa-gefs-pds/gefs.20251228/00/atmos/pgrb2sp25/{geavg,gespr}.t00z.pgrb2s.0p25.f{078,084,090,096,102}#statistic=max_t(geavg)+offset;offset_f=+0.0549;raw_f=68.5040;spread=gespr@f096;covered_leads=72-102"
NY,KNYC,2025-12-31,2025-12-31T00:00:00Z,5,gefs,33.8894,0.7200,"s3://noaa-gefs-pds/gefs.20251231/00/atmos/pgrb2sp25/{geavg,gespr}.t00z.pgrb2s.0p25.f{006,012,018,024,030}#statistic=max_t(geavg)+offset;offset_f=+0.2514;raw_f=33.6380;spread=gespr@f030;covered_leads=0-30"
NY,KNYC,2025-12-31,2025-12-30T00:00:00Z,29,gefs,33.8354,0.9180,"s3://noaa-gefs-pds/gefs.20251230/00/atmos/pgrb2sp25/{geavg,gespr}.t00z.pgrb2s.0p25.f{030,036,042,048,054}#statistic=max_t(geavg)+offset;offset_f=+0.2514;raw_f=33.5840;spread=gespr@f054;covered_leads=24-54"
NY,KNYC,2025-12-31,2025-12-29T00:00:00Z,53,gefs,34.5194,1.2420,"s3://noaa-gefs-pds/gefs.20251229/00/atmos/pgrb2sp25/{geavg,gespr}.t00z.pgrb2s.0p25.f{054,060,066,072,078}#statistic=max_t(geavg)+offset;offset_f=+0.2514;raw_f=34.2680;spread=gespr@f078;covered_leads=48-78"
NY,KNYC,2025-12-31,2025-12-28T00:00:00Z,77,gefs,36.1574,1.0440,"s3://noaa-gefs-pds/gefs.20251228/00/atmos/pgrb2sp25/{geavg,gespr}.t00z.pgrb2s.0p25.f{078,084,090,096,102}#statistic=max_t(geavg)+offset;offset_f=+0.2514;raw_f=35.9060;spread=gespr@f096;covered_leads=72-102"
CHI,KMDW,2026-01-01,2026-01-01T00:00:00Z,6,gefs,22.1669,1.6200,"s3://noaa-gefs-pds/gefs.20260101/00/atmos/pgrb2sp25/{geavg,gespr}.t00z.pgrb2s.0p25.f{012,018,024,030}#statistic=max_t(geavg)+offset;offset_f=+0.0489;raw_f=22.1180;spread=gespr@f024;covered_leads=6-30"
CHI,KMDW,2026-01-01,2025-12-31T00:00:00Z,30,gefs,20.9069,1.7820,"s3://noaa-gefs-pds/gefs.20251231/00/atmos/pgrb2sp25/{geavg,gespr}.t00z.pgrb2s.0p25.f{036,042,048,054}#statistic=max_t(geavg)+offset;offset_f=+0.0489;raw_f=20.8580;spread=gespr@f048;covered_leads=30-54"
CHI,KMDW,2026-01-01,2025-12-30T00:00:00Z,54,gefs,21.7349,2.6100,"s3://noaa-gefs-pds/gefs.20251230/00/atmos/pgrb2sp25/{geavg,gespr}.t00z.pgrb2s.0p25.f{060,066,072,078}#statistic=max_t(geavg)+offset;offset_f=+0.0489;raw_f=21.6860;spread=gespr@f072;covered_leads=54-78"
CHI,KMDW,2026-01-01,2025-12-29T00:00:00Z,78,gefs,22.4909,3.2940,"s3://noaa-gefs-pds/gefs.20251229/00/atmos/pgrb2sp25/{geavg,gespr}.t00z.pgrb2s.0p25.f{084,090,096,102}#statistic=max_t(geavg)+offset;offset_f=+0.0489;raw_f=22.4420;spread=gespr@f096;covered_leads=78-102"
LAX,KLAX,2026-01-01,2026-01-01T00:00:00Z,8,gefs,63.1669,0.7740,"s3://noaa-gefs-pds/gefs.20260101/00/atmos/pgrb2sp25/{geavg,gespr}.t00z.pgrb2s.0p25.f{012,018,024,030,033}#statistic=max_t(geavg)+offset;offset_f=+0.0269;raw_f=63.1400;spread=gespr@f024;covered_leads=6-33"
LAX,KLAX,2026-01-01,2025-12-31T00:00:00Z,32,gefs,62.5729,1.1520,"s3://noaa-gefs-pds/gefs.20251231/00/atmos/pgrb2sp25/{geavg,gespr}.t00z.pgrb2s.0p25.f{036,042,048,054,057}#statistic=max_t(geavg)+offset;offset_f=+0.0269;raw_f=62.5460;spread=gespr@f048;covered_leads=30-57"
LAX,KLAX,2026-01-01,2025-12-30T00:00:00Z,56,gefs,63.5089,1.3860,"s3://noaa-gefs-pds/gefs.20251230/00/atmos/pgrb2sp25/{geavg,gespr}.t00z.pgrb2s.0p25.f{060,066,072,078,081}#statistic=max_t(geavg)+offset;offset_f=+0.0269;raw_f=63.4820;spread=gespr@f072;covered_leads=54-81"
LAX,KLAX,2026-01-01,2025-12-29T00:00:00Z,80,gefs,62.3569,1.8000,"s3://noaa-gefs-pds/gefs.20251229/00/atmos/pgrb2sp25/{geavg,gespr}.t00z.pgrb2s.0p25.f{084,090,096,102,105}#statistic=max_t(geavg)+offset;offset_f=+0.0269;raw_f=62.3300;spread=gespr@f096;covered_leads=78-105"
MIA,KMIA,2026-01-01,2026-01-01T00:00:00Z,5,gefs,66.1829,1.5300,"s3://noaa-gefs-pds/gefs.20260101/00/atmos/pgrb2sp25/{geavg,gespr}.t00z.pgrb2s.0p25.f{006,012,018,024,030}#statistic=max_t(geavg)+offset;offset_f=+0.0549;raw_f=66.1280;spread=gespr@f024;covered_leads=0-30"
MIA,KMIA,2026-01-01,2025-12-31T00:00:00Z,29,gefs,66.1469,2.3220,"s3://noaa-gefs-pds/gefs.20251231/00/atmos/pgrb2sp25/{geavg,gespr}.t00z.pgrb2s.0p25.f{030,036,042,048,054}#statistic=max_t(geavg)+offset;offset_f=+0.0549;raw_f=66.0920;spread=gespr@f048;covered_leads=24-54"
MIA,KMIA,2026-01-01,2025-12-30T00:00:00Z,53,gefs,67.3889,1.9980,"s3://noaa-gefs-pds/gefs.20251230/00/atmos/pgrb2sp25/{geavg,gespr}.t00z.pgrb2s.0p25.f{054,060,066,072,078}#statistic=max_t(geavg)+offset;offset_f=+0.0549;raw_f=67.3340;spread=gespr@f072;covered_leads=48-78"
MIA,KMIA,2026-01-01,2025-12-29T00:00:00Z,77,gefs,67.7669,1.9260,"s3://noaa-gefs-pds/gefs.20251229/00/atmos/pgrb2sp25/{geavg,gespr}.t00z.pgrb2s.0p25.f{078,084,090,096,102}#statistic=max_t(geavg)+offset;offset_f=+0.0549;raw_f=67.7120;spread=gespr@f096;covered_leads=72-102"
NY,KNYC,2026-01-01,2026-01-01T00:00:00Z,5,gefs,33.3314,0.5400,"s3://noaa-gefs-pds/gefs.20260101/00/atmos/pgrb2sp25/{geavg,gespr}.t00z.pgrb2s.0p25.f{006,012,018,024,030}#statistic=max_t(geavg)+offset;offset_f=+0.2514;raw_f=33.0800;spread=gespr@f012;covered_leads=0-30"
NY,KNYC,2026-01-01,2025-12-31T00:00:00Z,29,gefs,34.1234,0.8460,"s3://noaa-gefs-pds/gefs.20251231/00/atmos/pgrb2sp25/{geavg,gespr}.t00z.pgrb2s.0p25.f{030,036,042,048,054}#statistic=max_t(geavg)+offset;offset_f=+0.2514;raw_f=33.8720;spread=gespr@f036;covered_leads=24-54"
NY,KNYC,2026-01-01,2025-12-30T00:00:00Z,53,gefs,33.8354,0.9180,"s3://noaa-gefs-pds/gefs.20251230/00/atmos/pgrb2sp25/{geavg,gespr}.t00z.pgrb2s.0p25.f{054,060,066,072,078}#statistic=max_t(geavg)+offset;offset_f=+0.2514;raw_f=33.5840;spread=gespr@f054;covered_leads=48-78"
NY,KNYC,2026-01-01,2025-12-29T00:00:00Z,77,gefs,34.5194,1.2420,"s3://noaa-gefs-pds/gefs.20251229/00/atmos/pgrb2sp25/{geavg,gespr}.t00z.pgrb2s.0p25.f{078,084,090,096,102}#statistic=max_t(geavg)+offset;offset_f=+0.2514;raw_f=34.2680;spread=gespr@f078;covered_leads=72-102"
CHI,KMDW,2026-01-02,2026-01-02T00:00:00Z,6,gefs,24.0209,1.6920,"s3://noaa-gefs-pds/gefs.20260102/00/atmos/pgrb2sp25/{geavg,gespr}.t00z.pgrb2s.0p25.f{012,018,024,030}#statistic=max_t(geavg)+offset;offset_f=+0.0489;raw_f=23.9720;spread=gespr@f024;covered_leads=6-30"
CHI,KMDW,2026-01-02,2026-01-01T00:00:00Z,30,gefs,24.4169,2.2140,"s3://noaa-gefs-pds/gefs.20260101/00/atmos/pgrb2sp25/{geavg,gespr}.t00z.pgrb2s.0p25.f{036,042,048,054}#statistic=max_t(geavg)+offset;offset_f=+0.0489;raw_f=24.3680;spread=gespr@f048;covered_leads=30-54"
CHI,KMDW,2026-01-02,2025-12-31T00:00:00Z,54,gefs,26.5589,2.6820,"s3://noaa-gefs-pds/gefs.20251231/00/atmos/pgrb2sp25/{geavg,gespr}.t00z.pgrb2s.0p25.f{060,066,072,078}#statistic=max_t(geavg)+offset;offset_f=+0.0489;raw_f=26.5100;spread=gespr@f072;covered_leads=54-78"
CHI,KMDW,2026-01-02,2025-12-30T00:00:00Z,78,gefs,25.4609,2.8260,"s3://noaa-gefs-pds/gefs.20251230/00/atmos/pgrb2sp25/{geavg,gespr}.t00z.pgrb2s.0p25.f{084,090,096,102}#statistic=max_t(geavg)+offset;offset_f=+0.0489;raw_f=25.4120;spread=gespr@f096;covered_leads=78-102"
LAX,KLAX,2026-01-02,2026-01-02T00:00:00Z,8,gefs,65.7409,0.6660,"s3://noaa-gefs-pds/gefs.20260102/00/atmos/pgrb2sp25/{geavg,gespr}.t00z.pgrb2s.0p25.f{012,018,024,030,033}#statistic=max_t(geavg)+offset;offset_f=+0.0269;raw_f=65.7140;spread=gespr@f024;covered_leads=6-33"
LAX,KLAX,2026-01-02,2026-01-01T00:00:00Z,32,gefs,65.1649,1.2240,"s3://noaa-gefs-pds/gefs.20260101/00/atmos/pgrb2sp25/{geavg,gespr}.t00z.pgrb2s.0p25.f{036,042,048,054,057}#statistic=max_t(geavg)+offset;offset_f=+0.0269;raw_f=65.1380;spread=gespr@f048;covered_leads=30-57"
LAX,KLAX,2026-01-02,2025-12-31T00:00:00Z,56,gefs,63.7789,1.8720,"s3://noaa-gefs-pds/gefs.20251231/00/atmos/pgrb2sp25/{geavg,gespr}.t00z.pgrb2s.0p25.f{060,066,072,078,081}#statistic=max_t(geavg)+offset;offset_f=+0.0269;raw_f=63.7520;spread=gespr@f072;covered_leads=54-81"
LAX,KLAX,2026-01-02,2025-12-30T00:00:00Z,80,gefs,62.4289,1.2960,"s3://noaa-gefs-pds/gefs.20251230/00/atmos/pgrb2sp25/{geavg,gespr}.t00z.pgrb2s.0p25.f{084,090,096,102,105}#statistic=max_t(geavg)+offset;offset_f=+0.0269;raw_f=62.4020;spread=gespr@f096;covered_leads=78-105"
MIA,KMIA,2026-01-02,2026-01-02T00:00:00Z,5,gefs,69.1889,0.9720,"s3://noaa-gefs-pds/gefs.20260102/00/atmos/pgrb2sp25/{geavg,gespr}.t00z.pgrb2s.0p25.f{006,012,018,024,030}#statistic=max_t(geavg)+offset;offset_f=+0.0549;raw_f=69.1340;spread=gespr@f024;covered_leads=0-30"
MIA,KMIA,2026-01-02,2026-01-01T00:00:00Z,29,gefs,68.6129,1.2780,"s3://noaa-gefs-pds/gefs.20260101/00/atmos/pgrb2sp25/{geavg,gespr}.t00z.pgrb2s.0p25.f{030,036,042,048,054}#statistic=max_t(geavg)+offset;offset_f=+0.0549;raw_f=68.5580;spread=gespr@f048;covered_leads=24-54"
MIA,KMIA,2026-01-02,2025-12-31T00:00:00Z,53,gefs,69.1529,1.4580,"s3://noaa-gefs-pds/gefs.20251231/00/atmos/pgrb2sp25/{geavg,gespr}.t00z.pgrb2s.0p25.f{054,060,066,072,078}#statistic=max_t(geavg)+offset;offset_f=+0.0549;raw_f=69.0980;spread=gespr@f072;covered_leads=48-78"
MIA,KMIA,2026-01-02,2025-12-30T00:00:00Z,77,gefs,70.3229,1.3320,"s3://noaa-gefs-pds/gefs.20251230/00/atmos/pgrb2sp25/{geavg,gespr}.t00z.pgrb2s.0p25.f{078,084,090,096,102}#statistic=max_t(geavg)+offset;offset_f=+0.0549;raw_f=70.2680;spread=gespr@f096;covered_leads=72-102"
NY,KNYC,2026-01-02,2026-01-02T00:00:00Z,5,gefs,29.3714,0.6840,"s3://noaa-gefs-pds/gefs.20260102/00/atmos/pgrb2sp25/{geavg,gespr}.t00z.pgrb2s.0p25.f{006,012,018,024,030}#statistic=max_t(geavg)+offset;offset_f=+0.2514;raw_f=29.1200;spread=gespr@f024;covered_leads=0-30"
NY,KNYC,2026-01-02,2026-01-01T00:00:00Z,29,gefs,29.7674,1.6380,"s3://noaa-gefs-pds/gefs.20260101/00/atmos/pgrb2sp25/{geavg,gespr}.t00z.pgrb2s.0p25.f{030,036,042,048,054}#statistic=max_t(geavg)+offset;offset_f=+0.2514;raw_f=29.5160;spread=gespr@f048;covered_leads=24-54"
NY,KNYC,2026-01-02,2025-12-31T00:00:00Z,53,gefs,30.7754,2.1780,"s3://noaa-gefs-pds/gefs.20251231/00/atmos/pgrb2sp25/{geavg,gespr}.t00z.pgrb2s.0p25.f{054,060,066,072,078}#statistic=max_t(geavg)+offset;offset_f=+0.2514;raw_f=30.5240;spread=gespr@f072;covered_leads=48-78"
NY,KNYC,2026-01-02,2025-12-30T00:00:00Z,77,gefs,32.2154,2.3940,"s3://noaa-gefs-pds/gefs.20251230/00/atmos/pgrb2sp25/{geavg,gespr}.t00z.pgrb2s.0p25.f{078,084,090,096,102}#statistic=max_t(geavg)+offset;offset_f=+0.2514;raw_f=31.9640;spread=gespr@f096;covered_leads=72-102"
CHI,KMDW,2026-01-03,2026-01-03T00:00:00Z,6,gefs,27.4769,1.4040,"s3://noaa-gefs-pds/gefs.20260103/00/atmos/pgrb2sp25/{geavg,gespr}.t00z.pgrb2s.0p25.f{012,018,024,030}#statistic=max_t(geavg)+offset;offset_f=+0.0489;raw_f=27.4280;spread=gespr@f024;covered_leads=6-30"
CHI,KMDW,2026-01-03,2026-01-02T00:00:00Z,30,gefs,28.8629,1.6920,"s3://noaa-gefs-pds/gefs.20260102/00/atmos/pgrb2sp25/{geavg,gespr}.t00z.pgrb2s.0p25.f{036,042,048,054}#statistic=max_t(geavg)+offset;offset_f=+0.0489;raw_f=28.8140;spread=gespr@f048;covered_leads=30-54"
CHI,KMDW,2026-01-03,2026-01-01T00:00:00Z,54,gefs,29.0429,1.9980,"s3://noaa-gefs-pds/gefs.20260101/00/atmos/pgrb2sp25/{geavg,gespr}.t00z.pgrb2s.0p25.f{060,066,072,078}#statistic=max_t(geavg)+offset;offset_f=+0.0489;raw_f=28.9940;spread=gespr@f072;covered_leads=54-78"
CHI,KMDW,2026-01-03,2025-12-31T00:00:00Z,78,gefs,30.1049,2.3040,"s3://noaa-gefs-pds/gefs.20251231/00/atmos/pgrb2sp25/{geavg,gespr}.t00z.pgrb2s.0p25.f{084,090,096,102}#statistic=max_t(geavg)+offset;offset_f=+0.0489;raw_f=30.0560;spread=gespr@f096;covered_leads=78-102"
LAX,KLAX,2026-01-03,2026-01-03T00:00:00Z,8,gefs,61.1149,0.9180,"s3://noaa-gefs-pds/gefs.20260103/00/atmos/pgrb2sp25/{geavg,gespr}.t00z.pgrb2s.0p25.f{012,018,024,030,033}#statistic=max_t(geavg)+offset;offset_f=+0.0269;raw_f=61.0880;spread=gespr@f024;covered_leads=6-33"
LAX,KLAX,2026-01-03,2026-01-02T00:00:00Z,32,gefs,61.7449,0.9360,"s3://noaa-gefs-pds/gefs.20260102/00/atmos/pgrb2sp25/{geavg,gespr}.t00z.pgrb2s.0p25.f{036,042,048,054,057}#statistic=max_t(geavg)+offset;offset_f=+0.0269;raw_f=61.7180;spread=gespr@f036;covered_leads=30-57"
LAX,KLAX,2026-01-03,2026-01-01T00:00:00Z,56,gefs,63.0949,1.3140,"s3://noaa-gefs-pds/gefs.20260101/00/atmos/pgrb2sp25/{geavg,gespr}.t00z.pgrb2s.0p25.f{060,066,072,078,081}#statistic=max_t(geavg)+offset;offset_f=+0.0269;raw_f=63.0680;spread=gespr@f072;covered_leads=54-81"
LAX,KLAX,2026-01-03,2025-12-31T00:00:00Z,80,gefs,62.3749,2.3580,"s3://noaa-gefs-pds/gefs.20251231/00/atmos/pgrb2sp25/{geavg,gespr}.t00z.pgrb2s.0p25.f{084,090,096,102,105}#statistic=max_t(geavg)+offset;offset_f=+0.0269;raw_f=62.3480;spread=gespr@f096;covered_leads=78-105"
MIA,KMIA,2026-01-03,2026-01-03T00:00:00Z,5,gefs,72.4289,1.1160,"s3://noaa-gefs-pds/gefs.20260103/00/atmos/pgrb2sp25/{geavg,gespr}.t00z.pgrb2s.0p25.f{006,012,018,024,030}#statistic=max_t(geavg)+offset;offset_f=+0.0549;raw_f=72.3740;spread=gespr@f024;covered_leads=0-30"
MIA,KMIA,2026-01-03,2026-01-02T00:00:00Z,29,gefs,72.0509,1.0440,"s3://noaa-gefs-pds/gefs.20260102/00/atmos/pgrb2sp25/{geavg,gespr}.t00z.pgrb2s.0p25.f{030,036,042,048,054}#statistic=max_t(geavg)+offset;offset_f=+0.0549;raw_f=71.9960;spread=gespr@f048;covered_leads=24-54"
MIA,KMIA,2026-01-03,2026-01-01T00:00:00Z,53,gefs,71.9249,0.9900,"s3://noaa-gefs-pds/gefs.20260101/00/atmos/pgrb2sp25/{geavg,gespr}.t00z.pgrb2s.0p25.f{054,060,066,072,078}#statistic=max_t(geavg)+offset;offset_f=+0.0549;raw_f=71.8700;spread=gespr@f072;covered_leads=48-78"
MIA,KMIA,2026-01-03,2025-12-31T00:00:00Z,77,gefs,72.9509,1.0800,"s3://noaa-gefs-pds/gefs.20251231/00/atmos/pgrb2sp25/{geavg,gespr}.t00z.pgrb2s.0p25.f{078,084,090,096,102}#statistic=max_t(geavg)+offset;offset_f=+0.0549;raw_f=72.8960;spread=gespr@f096;covered_leads=72-102"
NY,KNYC,2026-01-03,2026-01-03T00:00:00Z,5,gefs,29.7674,0.8460,"s3://noaa-gefs-pds/gefs.20260103/00/atmos/pgrb2sp25/{geavg,gespr}.t00z.pgrb2s.0p25.f{006,012,018,024,030}#statistic=max_t(geavg)+offset;offset_f=+0.2514;raw_f=29.5160;spread=gespr@f024;covered_leads=0-30"
NY,KNYC,2026-01-03,2026-01-02T00:00:00Z,29,gefs,29.6954,1.1880,"s3://noaa-gefs-pds/gefs.20260102/00/atmos/pgrb2sp25/{geavg,gespr}.t00z.pgrb2s.0p25.f{030,036,042,048,054}#statistic=max_t(geavg)+offset;offset_f=+0.2514;raw_f=29.4440;spread=gespr@f048;covered_leads=24-54"
NY,KNYC,2026-01-03,2026-01-01T00:00:00Z,53,gefs,30.0734,1.6380,"s3://noaa-gefs-pds/gefs.20260101/00/atmos/pgrb2sp25/{geavg,gespr}.t00z.pgrb2s.0p25.f{054,060,066,072,078}#statistic=max_t(geavg)+offset;offset_f=+0.2514;raw_f=29.8220;spread=gespr@f072;covered_leads=48-78"
NY,KNYC,2026-01-03,2025-12-31T00:00:00Z,77,gefs,31.6394,1.4400,"s3://noaa-gefs-pds/gefs.20251231/00/atmos/pgrb2sp25/{geavg,gespr}.t00z.pgrb2s.0p25.f{078,084,090,096,102}#statistic=max_t(geavg)+offset;offset_f=+0.2514;raw_f=31.3880;spread=gespr@f096;covered_leads=72-102"
CHI,KMDW,2026-01-04,2026-01-04T00:00:00Z,6,gefs,32.5889,1.0620,"s3://noaa-gefs-pds/gefs.20260104/00/atmos/pgrb2sp25/{geavg,gespr}.t00z.pgrb2s.0p25.f{012,018,024,030}#statistic=max_t(geavg)+offset;offset_f=+0.0489;raw_f=32.5400;spread=gespr@f030;covered_leads=6-30"
CHI,KMDW,2026-01-04,2026-01-03T00:00:00Z,30,gefs,31.2209,1.0080,"s3://noaa-gefs-pds/gefs.20260103/00/atmos/pgrb2sp25/{geavg,gespr}.t00z.pgrb2s.0p25.f{036,042,048,054}#statistic=max_t(geavg)+offset;offset_f=+0.0489;raw_f=31.1720;spread=gespr@f054;covered_leads=30-54"
CHI,KMDW,2026-01-04,2026-01-02T00:00:00Z,54,gefs,30.4289,1.2600,"s3://noaa-gefs-pds/gefs.20260102/00/atmos/pgrb2sp25/{geavg,gespr}.t00z.pgrb2s.0p25.f{060,066,072,078}#statistic=max_t(geavg)+offset;offset_f=+0.0489;raw_f=30.3800;spread=gespr@f078;covered_leads=54-78"
CHI,KMDW,2026-01-04,2026-01-01T00:00:00Z,78,gefs,30.1589,2.4660,"s3://noaa-gefs-pds/gefs.20260101/00/atmos/pgrb2sp25/{geavg,gespr}.t00z.pgrb2s.0p25.f{084,090,096,102}#statistic=max_t(geavg)+offset;offset_f=+0.0489;raw_f=30.1100;spread=gespr@f102;covered_leads=78-102"
LAX,KLAX,2026-01-04,2026-01-04T00:00:00Z,8,gefs,60.8629,0.9360,"s3://noaa-gefs-pds/gefs.20260104/00/atmos/pgrb2sp25/{geavg,gespr}.t00z.pgrb2s.0p25.f{012,018,024,030,033}#statistic=max_t(geavg)+offset;offset_f=+0.0269;raw_f=60.8360;spread=gespr@f024;covered_leads=6-33"
LAX,KLAX,2026-01-04,2026-01-03T00:00:00Z,32,gefs,61.3849,1.0800,"s3://noaa-gefs-pds/gefs.20260103/00/atmos/pgrb2sp25/{geavg,gespr}.t00z.pgrb2s.0p25.f{036,042,048,054,057}#statistic=max_t(geavg)+offset;offset_f=+0.0269;raw_f=61.3580;spread=gespr@f048;covered_leads=30-57"
LAX,KLAX,2026-01-04,2026-01-02T00:00:00Z,56,gefs,61.5289,1.4760,"s3://noaa-gefs-pds/gefs.20260102/00/atmos/pgrb2sp25/{geavg,gespr}.t00z.pgrb2s.0p25.f{060,066,072,078,081}#statistic=max_t(geavg)+offset;offset_f=+0.0269;raw_f=61.5020;spread=gespr@f072;covered_leads=54-81"
LAX,KLAX,2026-01-04,2026-01-01T00:00:00Z,80,gefs,62.8249,1.4940,"s3://noaa-gefs-pds/gefs.20260101/00/atmos/pgrb2sp25/{geavg,gespr}.t00z.pgrb2s.0p25.f{084,090,096,102,105}#statistic=max_t(geavg)+offset;offset_f=+0.0269;raw_f=62.7980;spread=gespr@f096;covered_leads=78-105"
MIA,KMIA,2026-01-04,2026-01-04T00:00:00Z,5,gefs,79.2149,0.7200,"s3://noaa-gefs-pds/gefs.20260104/00/atmos/pgrb2sp25/{geavg,gespr}.t00z.pgrb2s.0p25.f{006,012,018,024,030}#statistic=max_t(geavg)+offset;offset_f=+0.0549;raw_f=79.1600;spread=gespr@f024;covered_leads=0-30"
MIA,KMIA,2026-01-04,2026-01-03T00:00:00Z,29,gefs,77.9549,1.0980,"s3://noaa-gefs-pds/gefs.20260103/00/atmos/pgrb2sp25/{geavg,gespr}.t00z.pgrb2s.0p25.f{030,036,042,048,054}#statistic=max_t(geavg)+offset;offset_f=+0.0549;raw_f=77.9000;spread=gespr@f048;covered_leads=24-54"
MIA,KMIA,2026-01-04,2026-01-02T00:00:00Z,53,gefs,77.5589,1.4940,"s3://noaa-gefs-pds/gefs.20260102/00/atmos/pgrb2sp25/{geavg,gespr}.t00z.pgrb2s.0p25.f{054,060,066,072,078}#statistic=max_t(geavg)+offset;offset_f=+0.0549;raw_f=77.5040;spread=gespr@f072;covered_leads=48-78"
MIA,KMIA,2026-01-04,2026-01-01T00:00:00Z,77,gefs,77.9009,1.6020,"s3://noaa-gefs-pds/gefs.20260101/00/atmos/pgrb2sp25/{geavg,gespr}.t00z.pgrb2s.0p25.f{078,084,090,096,102}#statistic=max_t(geavg)+offset;offset_f=+0.0549;raw_f=77.8460;spread=gespr@f096;covered_leads=72-102"
NY,KNYC,2026-01-04,2026-01-04T00:00:00Z,5,gefs,33.3494,0.6120,"s3://noaa-gefs-pds/gefs.20260104/00/atmos/pgrb2sp25/{geavg,gespr}.t00z.pgrb2s.0p25.f{006,012,018,024,030}#statistic=max_t(geavg)+offset;offset_f=+0.2514;raw_f=33.0980;spread=gespr@f024;covered_leads=0-30"
NY,KNYC,2026-01-04,2026-01-03T00:00:00Z,29,gefs,33.0434,1.1160,"s3://noaa-gefs-pds/gefs.20260103/00/atmos/pgrb2sp25/{geavg,gespr}.t00z.pgrb2s.0p25.f{030,036,042,048,054}#statistic=max_t(geavg)+offset;offset_f=+0.2514;raw_f=32.7920;spread=gespr@f048;covered_leads=24-54"
NY,KNYC,2026-01-04,2026-01-02T00:00:00Z,53,gefs,33.1874,1.8360,"s3://noaa-gefs-pds/gefs.20260102/00/atmos/pgrb2sp25/{geavg,gespr}.t00z.pgrb2s.0p25.f{054,060,066,072,078}#statistic=max_t(geavg)+offset;offset_f=+0.2514;raw_f=32.9360;spread=gespr@f072;covered_leads=48-78"
NY,KNYC,2026-01-04,2026-01-01T00:00:00Z,77,gefs,33.3674,2.1780,"s3://noaa-gefs-pds/gefs.20260101/00/atmos/pgrb2sp25/{geavg,gespr}.t00z.pgrb2s.0p25.f{078,084,090,096,102}#statistic=max_t(geavg)+offset;offset_f=+0.2514;raw_f=33.1160;spread=gespr@f096;covered_leads=72-102"
CHI,KMDW,2026-01-05,2026-01-05T00:00:00Z,6,gefs,38.3309,1.3320,"s3://noaa-gefs-pds/gefs.20260105/00/atmos/pgrb2sp25/{geavg,gespr}.t00z.pgrb2s.0p25.f{012,018,024,030}#statistic=max_t(geavg)+offset;offset_f=+0.0489;raw_f=38.2820;spread=gespr@f024;covered_leads=6-30"
CHI,KMDW,2026-01-05,2026-01-04T00:00:00Z,30,gefs,38.5109,1.8000,"s3://noaa-gefs-pds/gefs.20260104/00/atmos/pgrb2sp25/{geavg,gespr}.t00z.pgrb2s.0p25.f{036,042,048,054}#statistic=max_t(geavg)+offset;offset_f=+0.0489;raw_f=38.4620;spread=gespr@f048;covered_leads=30-54"
CHI,KMDW,2026-01-05,2026-01-03T00:00:00Z,54,gefs,37.5929,1.3140,"s3://noaa-gefs-pds/gefs.20260103/00/atmos/pgrb2sp25/{geavg,gespr}.t00z.pgrb2s.0p25.f{060,066,072,078}#statistic=max_t(geavg)+offset;offset_f=+0.0489;raw_f=37.5440;spread=gespr@f072;covered_leads=54-78"
CHI,KMDW,2026-01-05,2026-01-02T00:00:00Z,78,gefs,38.0429,1.1520,"s3://noaa-gefs-pds/gefs.20260102/00/atmos/pgrb2sp25/{geavg,gespr}.t00z.pgrb2s.0p25.f{084,090,096,102}#statistic=max_t(geavg)+offset;offset_f=+0.0489;raw_f=37.9940;spread=gespr@f096;covered_leads=78-102"
LAX,KLAX,2026-01-05,2026-01-05T00:00:00Z,8,gefs,61.1149,0.5220,"s3://noaa-gefs-pds/gefs.20260105/00/atmos/pgrb2sp25/{geavg,gespr}.t00z.pgrb2s.0p25.f{012,018,024,030,033}#statistic=max_t(geavg)+offset;offset_f=+0.0269;raw_f=61.0880;spread=gespr@f024;covered_leads=6-33"
LAX,KLAX,2026-01-05,2026-01-04T00:00:00Z,32,gefs,60.1969,0.8280,"s3://noaa-gefs-pds/gefs.20260104/00/atmos/pgrb2sp25/{geavg,gespr}.t00z.pgrb2s.0p25.f{036,042,048,054,057}#statistic=max_t(geavg)+offset;offset_f=+0.0269;raw_f=60.1700;spread=gespr@f048;covered_leads=30-57"
LAX,KLAX,2026-01-05,2026-01-03T00:00:00Z,56,gefs,60.0349,1.2600,"s3://noaa-gefs-pds/gefs.20260103/00/atmos/pgrb2sp25/{geavg,gespr}.t00z.pgrb2s.0p25.f{060,066,072,078,081}#statistic=max_t(geavg)+offset;offset_f=+0.0269;raw_f=60.0080;spread=gespr@f072;covered_leads=54-81"
LAX,KLAX,2026-01-05,2026-01-02T00:00:00Z,80,gefs,60.3049,1.1520,"s3://noaa-gefs-pds/gefs.20260102/00/atmos/pgrb2sp25/{geavg,gespr}.t00z.pgrb2s.0p25.f{084,090,096,102,105}#statistic=max_t(geavg)+offset;offset_f=+0.0269;raw_f=60.2780;spread=gespr@f096;covered_leads=78-105"
MIA,KMIA,2026-01-05,2026-01-05T00:00:00Z,5,gefs,77.3609,0.8100,"s3://noaa-gefs-pds/gefs.20260105/00/atmos/pgrb2sp25/{geavg,gespr}.t00z.pgrb2s.0p25.f{006,012,018,024,030}#statistic=max_t(geavg)+offset;offset_f=+0.0549;raw_f=77.3060;spread=gespr@f024;covered_leads=0-30"
MIA,KMIA,2026-01-05,2026-01-04T00:00:00Z,29,gefs,77.0549,1.0980,"s3://noaa-gefs-pds/gefs.20260104/00/atmos/pgrb2sp25/{geavg,gespr}.t00z.pgrb2s.0p25.f{030,036,042,048,054}#statistic=max_t(geavg)+offset;offset_f=+0.0549;raw_f=77.0000;spread=gespr@f048;covered_leads=24-54"
MIA,KMIA,2026-01-05,2026-01-03T00:00:00Z,53,gefs,76.9289,0.8640,"s3://noaa-gefs-pds/gefs.20260103/00/atmos/pgrb2sp25/{geavg,gespr}.t00z.pgrb2s.0p25.f{054,060,066,072,078}#statistic=max_t(geavg)+offset;offset_f=+0.0549;raw_f=76.8740;spread=gespr@f072;covered_leads=48-78"
MIA,KMIA,2026-01-05,2026-01-02T00:00:00Z,77,gefs,76.3529,1.1520,"s3://noaa-gefs-pds/gefs.20260102/00/atmos/pgrb2sp25/{geavg,gespr}.t00z.pgrb2s.0p25.f{078,084,090,096,102}#statistic=max_t(geavg)+offset;offset_f=+0.0549;raw_f=76.2980;spread=gespr@f096;covered_leads=72-102"
NY,KNYC,2026-01-05,2026-01-05T00:00:00Z,5,gefs,35.2754,0.6120,"s3://noaa-gefs-pds/gefs.20260105/00/atmos/pgrb2sp25/{geavg,gespr}.t00z.pgrb2s.0p25.f{006,012,018,024,030}#statistic=max_t(geavg)+offset;offset_f=+0.2514;raw_f=35.0240;spread=gespr@f030;covered_leads=0-30"
NY,KNYC,2026-01-05,2026-01-04T00:00:00Z,29,gefs,34.3934,0.7200,"s3://noaa-gefs-pds/gefs.20260104/00/atmos/pgrb2sp25/{geavg,gespr}.t00z.pgrb2s.0p25.f{030,036,042,048,054}#statistic=max_t(geavg)+offset;offset_f=+0.2514;raw_f=34.1420;spread=gespr@f054;covered_leads=24-54"
NY,KNYC,2026-01-05,2026-01-03T00:00:00Z,53,gefs,32.6114,1.7820,"s3://noaa-gefs-pds/gefs.20260103/00/atmos/pgrb2sp25/{geavg,gespr}.t00z.pgrb2s.0p25.f{054,060,066,072,078}#statistic=max_t(geavg)+offset;offset_f=+0.2514;raw_f=32.3600;spread=gespr@f078;covered_leads=48-78"
NY,KNYC,2026-01-05,2026-01-02T00:00:00Z,77,gefs,31.4234,2.4660,"s3://noaa-gefs-pds/gefs.20260102/00/atmos/pgrb2sp25/{geavg,gespr}.t00z.pgrb2s.0p25.f{078,084,090,096,102}#statistic=max_t(geavg)+offset;offset_f=+0.2514;raw_f=31.1720;spread=gespr@f102;covered_leads=72-102"
CHI,KMDW,2026-01-06,2026-01-06T00:00:00Z,6,gefs,39.4109,0.9000,"s3://noaa-gefs-pds/gefs.20260106/00/atmos/pgrb2sp25/{geavg,gespr}.t00z.pgrb2s.0p25.f{012,018,024,030}#statistic=max_t(geavg)+offset;offset_f=+0.0489;raw_f=39.3620;spread=gespr@f024;covered_leads=6-30"
CHI,KMDW,2026-01-06,2026-01-05T00:00:00Z,30,gefs,40.2929,1.7820,"s3://noaa-gefs-pds/gefs.20260105/00/atmos/pgrb2sp25/{geavg,gespr}.t00z.pgrb2s.0p25.f{036,042,048,054}#statistic=max_t(geavg)+offset;offset_f=+0.0489;raw_f=40.2440;spread=gespr@f048;covered_leads=30-54"
CHI,KMDW,2026-01-06,2026-01-04T00:00:00Z,54,gefs,43.4069,3.0240,"s3://noaa-gefs-pds/gefs.20260104/00/atmos/pgrb2sp25/{geavg,gespr}.t00z.pgrb2s.0p25.f{060,066,072,078}#statistic=max_t(geavg)+offset;offset_f=+0.0489;raw_f=43.3580;spread=gespr@f072;covered_leads=54-78"
CHI,KMDW,2026-01-06,2026-01-03T00:00:00Z,78,gefs,40.9769,2.5380,"s3://noaa-gefs-pds/gefs.20260103/00/atmos/pgrb2sp25/{geavg,gespr}.t00z.pgrb2s.0p25.f{084,090,096,102}#statistic=max_t(geavg)+offset;offset_f=+0.0489;raw_f=40.9280;spread=gespr@f096;covered_leads=78-102"
LAX,KLAX,2026-01-06,2026-01-06T00:00:00Z,8,gefs,63.1129,0.7380,"s3://noaa-gefs-pds/gefs.20260106/00/atmos/pgrb2sp25/{geavg,gespr}.t00z.pgrb2s.0p25.f{012,018,024,030,033}#statistic=max_t(geavg)+offset;offset_f=+0.0269;raw_f=63.0860;spread=gespr@f024;covered_leads=6-33"
LAX,KLAX,2026-01-06,2026-01-05T00:00:00Z,32,gefs,62.9689,1.4040,"s3://noaa-gefs-pds/gefs.20260105/00/atmos/pgrb2sp25/{geavg,gespr}.t00z.pgrb2s.0p25.f{036,042,048,054,057}#statistic=max_t(geavg)+offset;offset_f=+0.0269;raw_f=62.9420;spread=gespr@f048;covered_leads=30-57"
LAX,KLAX,2026-01-06,2026-01-04T00:00:00Z,56,gefs,62.7709,1.0260,"s3://noaa-gefs-pds/gefs.20260104/00/atmos/pgrb2sp25/{geavg,gespr}.t00z.pgrb2s.0p25.f{060,066,072,078,081}#statistic=max_t(geavg)+offset;offset_f=+0.0269;raw_f=62.7440;spread=gespr@f072;covered_leads=54-81"
LAX,KLAX,2026-01-06,2026-01-03T00:00:00Z,80,gefs,61.3129,1.9800,"s3://noaa-gefs-pds/gefs.20260103/00/atmos/pgrb2sp25/{geavg,gespr}.t00z.pgrb2s.0p25.f{084,090,096,102,105}#statistic=max_t(geavg)+offset;offset_f=+0.0269;raw_f=61.2860;spread=gespr@f096;covered_leads=78-105"
MIA,KMIA,2026-01-06,2026-01-06T00:00:00Z,5,gefs,78.0989,0.5940,"s3://noaa-gefs-pds/gefs.20260106/00/atmos/pgrb2sp25/{geavg,gespr}.t00z.pgrb2s.0p25.f{006,012,018,024,030}#statistic=max_t(geavg)+offset;offset_f=+0.0549;raw_f=78.0440;spread=gespr@f024;covered_leads=0-30"
MIA,KMIA,2026-01-06,2026-01-05T00:00:00Z,29,gefs,77.3609,1.0080,"s3://noaa-gefs-pds/gefs.20260105/00/atmos/pgrb2sp25/{geavg,gespr}.t00z.pgrb2s.0p25.f{030,036,042,048,054}#statistic=max_t(geavg)+offset;offset_f=+0.0549;raw_f=77.3060;spread=gespr@f048;covered_leads=24-54"
MIA,KMIA,2026-01-06,2026-01-04T00:00:00Z,53,gefs,77.0909,0.9720,"s3://noaa-gefs-pds/gefs.20260104/00/atmos/pgrb2sp25/{geavg,gespr}.t00z.pgrb2s.0p25.f{054,060,066,072,078}#statistic=max_t(geavg)+offset;offset_f=+0.0549;raw_f=77.0360;spread=gespr@f072;covered_leads=48-78"
MIA,KMIA,2026-01-06,2026-01-03T00:00:00Z,77,gefs,76.6949,1.3860,"s3://noaa-gefs-pds/gefs.20260103/00/atmos/pgrb2sp25/{geavg,gespr}.t00z.pgrb2s.0p25.f{078,084,090,096,102}#statistic=max_t(geavg)+offset;offset_f=+0.0549;raw_f=76.6400;spread=gespr@f096;covered_leads=72-102"
NY,KNYC,2026-01-06,2026-01-06T00:00:00Z,5,gefs,37.9214,0.9720,"s3://noaa-gefs-pds/gefs.20260106/00/atmos/pgrb2sp25/{geavg,gespr}.t00z.pgrb2s.0p25.f{006,012,018,024,030}#statistic=max_t(geavg)+offset;offset_f=+0.2514;raw_f=37.6700;spread=gespr@f030;covered_leads=0-30"
NY,KNYC,2026-01-06,2026-01-05T00:00:00Z,29,gefs,39.0374,1.1700,"s3://noaa-gefs-pds/gefs.20260105/00/atmos/pgrb2sp25/{geavg,gespr}.t00z.pgrb2s.0p25.f{030,036,042,048,054}#statistic=max_t(geavg)+offset;offset_f=+0.2514;raw_f=38.7860;spread=gespr@f054;covered_leads=24-54"
NY,KNYC,2026-01-06,2026-01-04T00:00:00Z,53,gefs,38.9654,1.7820,"s3://noaa-gefs-pds/gefs.20260104/00/atmos/pgrb2sp25/{geavg,gespr}.t00z.pgrb2s.0p25.f{054,060,066,072,078}#statistic=max_t(geavg)+offset;offset_f=+0.2514;raw_f=38.7140;spread=gespr@f078;covered_leads=48-78"
NY,KNYC,2026-01-06,2026-01-03T00:00:00Z,77,gefs,37.2014,1.8900,"s3://noaa-gefs-pds/gefs.20260103/00/atmos/pgrb2sp25/{geavg,gespr}.t00z.pgrb2s.0p25.f{078,084,090,096,102}#statistic=max_t(geavg)+offset;offset_f=+0.2514;raw_f=36.9500;spread=gespr@f096;covered_leads=72-102"
CHI,KMDW,2026-01-07,2026-01-07T00:00:00Z,6,gefs,44.4329,0.6840,"s3://noaa-gefs-pds/gefs.20260107/00/atmos/pgrb2sp25/{geavg,gespr}.t00z.pgrb2s.0p25.f{012,018,024,030}#statistic=max_t(geavg)+offset;offset_f=+0.0489;raw_f=44.3840;spread=gespr@f024;covered_leads=6-30"
CHI,KMDW,2026-01-07,2026-01-06T00:00:00Z,30,gefs,44.6309,1.7100,"s3://noaa-gefs-pds/gefs.20260106/00/atmos/pgrb2sp25/{geavg,gespr}.t00z.pgrb2s.0p25.f{036,042,048,054}#statistic=max_t(geavg)+offset;offset_f=+0.0489;raw_f=44.5820;spread=gespr@f048;covered_leads=30-54"
CHI,KMDW,2026-01-07,2026-01-05T00:00:00Z,54,gefs,42.7589,2.4840,"s3://noaa-gefs-pds/gefs.20260105/00/atmos/pgrb2sp25/{geavg,gespr}.t00z.pgrb2s.0p25.f{060,066,072,078}#statistic=max_t(geavg)+offset;offset_f=+0.0489;raw_f=42.7100;spread=gespr@f072;covered_leads=54-78"
CHI,KMDW,2026-01-07,2026-01-04T00:00:00Z,78,gefs,43.6949,2.7180,"s3://noaa-gefs-pds/gefs.20260104/00/atmos/pgrb2sp25/{geavg,gespr}.t00z.pgrb2s.0p25.f{084,090,096,102}#statistic=max_t(geavg)+offset;offset_f=+0.0489;raw_f=43.6460;spread=gespr@f096;covered_leads=78-102"
LAX,KLAX,2026-01-07,2026-01-07T00:00:00Z,8,gefs,63.0229,0.5400,"s3://noaa-gefs-pds/gefs.20260107/00/atmos/pgrb2sp25/{geavg,gespr}.t00z.pgrb2s.0p25.f{012,018,024,030,033}#statistic=max_t(geavg)+offset;offset_f=+0.0269;raw_f=62.9960;spread=gespr@f024;covered_leads=6-33"
LAX,KLAX,2026-01-07,2026-01-06T00:00:00Z,32,gefs,63.9229,0.8280,"s3://noaa-gefs-pds/gefs.20260106/00/atmos/pgrb2sp25/{geavg,gespr}.t00z.pgrb2s.0p25.f{036,042,048,054,057}#statistic=max_t(geavg)+offset;offset_f=+0.0269;raw_f=63.8960;spread=gespr@f048;covered_leads=30-57"
LAX,KLAX,2026-01-07,2026-01-05T00:00:00Z,56,gefs,63.5989,1.4220,"s3://noaa-gefs-pds/gefs.20260105/00/atmos/pgrb2sp25/{geavg,gespr}.t00z.pgrb2s.0p25.f{060,066,072,078,081}#statistic=max_t(geavg)+offset;offset_f=+0.0269;raw_f=63.5720;spread=gespr@f072;covered_leads=54-81"
LAX,KLAX,2026-01-07,2026-01-04T00:00:00Z,80,gefs,64.2289,1.6020,"s3://noaa-gefs-pds/gefs.20260104/00/atmos/pgrb2sp25/{geavg,gespr}.t00z.pgrb2s.0p25.f{084,090,096,102,105}#statistic=max_t(geavg)+offset;offset_f=+0.0269;raw_f=64.2020;spread=gespr@f096;covered_leads=78-105"
MIA,KMIA,2026-01-07,2026-01-07T00:00:00Z,5,gefs,79.0529,0.8640,"s3://noaa-gefs-pds/gefs.20260107/00/atmos/pgrb2sp25/{geavg,gespr}.t00z.pgrb2s.0p25.f{006,012,018,024,030}#statistic=max_t(geavg)+offset;offset_f=+0.0549;raw_f=78.9980;spread=gespr@f024;covered_leads=0-30"
MIA,KMIA,2026-01-07,2026-01-06T00:00:00Z,29,gefs,78.3329,0.7740,"s3://noaa-gefs-pds/gefs.20260106/00/atmos/pgrb2sp25/{geavg,gespr}.t00z.pgrb2s.0p25.f{030,036,042,048,054}#statistic=max_t(geavg)+offset;offset_f=+0.0549;raw_f=78.2780;spread=gespr@f048;covered_leads=24-54"
MIA,KMIA,2026-01-07,2026-01-05T00:00:00Z,53,gefs,77.6129,1.1160,"s3://noaa-gefs-pds/gefs.20260105/00/atmos/pgrb2sp25/{geavg,gespr}.t00z.pgrb2s.0p25.f{054,060,066,072,078}#statistic=max_t(geavg)+offset;offset_f=+0.0549;raw_f=77.5580;spread=gespr@f072;covered_leads=48-78"
MIA,KMIA,2026-01-07,2026-01-04T00:00:00Z,77,gefs,77.7389,1.2240,"s3://noaa-gefs-pds/gefs.20260104/00/atmos/pgrb2sp25/{geavg,gespr}.t00z.pgrb2s.0p25.f{078,084,090,096,102}#statistic=max_t(geavg)+offset;offset_f=+0.0549;raw_f=77.6840;spread=gespr@f096;covered_leads=72-102"
NY,KNYC,2026-01-07,2026-01-07T00:00:00Z,5,gefs,47.1914,0.9000,"s3://noaa-gefs-pds/gefs.20260107/00/atmos/pgrb2sp25/{geavg,gespr}.t00z.pgrb2s.0p25.f{006,012,018,024,030}#statistic=max_t(geavg)+offset;offset_f=+0.2514;raw_f=46.9400;spread=gespr@f018;covered_leads=0-30"
NY,KNYC,2026-01-07,2026-01-06T00:00:00Z,29,gefs,46.9754,0.9900,"s3://noaa-gefs-pds/gefs.20260106/00/atmos/pgrb2sp25/{geavg,gespr}.t00z.pgrb2s.0p25.f{030,036,042,048,054}#statistic=max_t(geavg)+offset;offset_f=+0.2514;raw_f=46.7240;spread=gespr@f048;covered_leads=24-54"
NY,KNYC,2026-01-07,2026-01-05T00:00:00Z,53,gefs,48.0914,1.0800,"s3://noaa-gefs-pds/gefs.20260105/00/atmos/pgrb2sp25/{geavg,gespr}.t00z.pgrb2s.0p25.f{054,060,066,072,078}#statistic=max_t(geavg)+offset;offset_f=+0.2514;raw_f=47.8400;spread=gespr@f066;covered_leads=48-78"
NY,KNYC,2026-01-07,2026-01-04T00:00:00Z,77,gefs,48.6854,2.6460,"s3://noaa-gefs-pds/gefs.20260104/00/atmos/pgrb2sp25/{geavg,gespr}.t00z.pgrb2s.0p25.f{078,084,090,096,102}#statistic=max_t(geavg)+offset;offset_f=+0.2514;raw_f=48.4340;spread=gespr@f096;covered_leads=72-102"
CHI,KMDW,2026-01-08,2026-01-08T00:00:00Z,6,gefs,59.9669,2.0880,"s3://noaa-gefs-pds/gefs.20260108/00/atmos/pgrb2sp25/{geavg,gespr}.t00z.pgrb2s.0p25.f{012,018,024,030}#statistic=max_t(geavg)+offset;offset_f=+0.0489;raw_f=59.9180;spread=gespr@f030;covered_leads=6-30"
CHI,KMDW,2026-01-08,2026-01-07T00:00:00Z,30,gefs,59.3009,2.0340,"s3://noaa-gefs-pds/gefs.20260107/00/atmos/pgrb2sp25/{geavg,gespr}.t00z.pgrb2s.0p25.f{036,042,048,054}#statistic=max_t(geavg)+offset;offset_f=+0.0489;raw_f=59.2520;spread=gespr@f054;covered_leads=30-54"
CHI,KMDW,2026-01-08,2026-01-06T00:00:00Z,54,gefs,52.4609,5.2740,"s3://noaa-gefs-pds/gefs.20260106/00/atmos/pgrb2sp25/{geavg,gespr}.t00z.pgrb2s.0p25.f{060,066,072,078}#statistic=max_t(geavg)+offset;offset_f=+0.0489;raw_f=52.4120;spread=gespr@f078;covered_leads=54-78"
CHI,KMDW,2026-01-08,2026-01-05T00:00:00Z,78,gefs,46.7909,6.1200,"s3://noaa-gefs-pds/gefs.20260105/00/atmos/pgrb2sp25/{geavg,gespr}.t00z.pgrb2s.0p25.f{084,090,096,102}#statistic=max_t(geavg)+offset;offset_f=+0.0489;raw_f=46.7420;spread=gespr@f102;covered_leads=78-102"
LAX,KLAX,2026-01-08,2026-01-08T00:00:00Z,8,gefs,61.2049,0.5400,"s3://noaa-gefs-pds/gefs.20260108/00/atmos/pgrb2sp25/{geavg,gespr}.t00z.pgrb2s.0p25.f{012,018,024,030,033}#statistic=max_t(geavg)+offset;offset_f=+0.0269;raw_f=61.1780;spread=gespr@f024;covered_leads=6-33"
LAX,KLAX,2026-01-08,2026-01-07T00:00:00Z,32,gefs,60.7909,1.2960,"s3://noaa-gefs-pds/gefs.20260107/00/atmos/pgrb2sp25/{geavg,gespr}.t00z.pgrb2s.0p25.f{036,042,048,054,057}#statistic=max_t(geavg)+offset;offset_f=+0.0269;raw_f=60.7640;spread=gespr@f048;covered_leads=30-57"
LAX,KLAX,2026-01-08,2026-01-06T00:00:00Z,56,gefs,61.8529,1.4940,"s3://noaa-gefs-pds/gefs.20260106/00/atmos/pgrb2sp25/{geavg,gespr}.t00z.pgrb2s.0p25.f{060,066,072,078,081}#statistic=max_t(geavg)+offset;offset_f=+0.0269;raw_f=61.8260;spread=gespr@f072;covered_leads=54-81"
LAX,KLAX,2026-01-08,2026-01-05T00:00:00Z,80,gefs,62.6989,1.7460,"s3://noaa-gefs-pds/gefs.20260105/00/atmos/pgrb2sp25/{geavg,gespr}.t00z.pgrb2s.0p25.f{084,090,096,102,105}#statistic=max_t(geavg)+offset;offset_f=+0.0269;raw_f=62.6720;spread=gespr@f096;covered_leads=78-105"
MIA,KMIA,2026-01-08,2026-01-08T00:00:00Z,5,gefs,79.1609,0.7740,"s3://noaa-gefs-pds/gefs.20260108/00/atmos/pgrb2sp25/{geavg,gespr}.t00z.pgrb2s.0p25.f{006,012,018,024,030}#statistic=max_t(geavg)+offset;offset_f=+0.0549;raw_f=79.1060;spread=gespr@f018;covered_leads=0-30"
MIA,KMIA,2026-01-08,2026-01-07T00:00:00Z,29,gefs,78.2249,0.6840,"s3://noaa-gefs-pds/gefs.20260107/00/atmos/pgrb2sp25/{geavg,gespr}.t00z.pgrb2s.0p25.f{030,036,042,048,054}#statistic=max_t(geavg)+offset;offset_f=+0.0549;raw_f=78.1700;spread=gespr@f042;covered_leads=24-54"
MIA,KMIA,2026-01-08,2026-01-06T00:00:00Z,53,gefs,78.1529,0.6300,"s3://noaa-gefs-pds/gefs.20260106/00/atmos/pgrb2sp25/{geavg,gespr}.t00z.pgrb2s.0p25.f{054,060,066,072,078}#statistic=max_t(geavg)+offset;offset_f=+0.0549;raw_f=78.0980;spread=gespr@f072;covered_leads=48-78"
MIA,KMIA,2026-01-08,2026-01-05T00:00:00Z,77,gefs,77.4509,0.9900,"s3://noaa-gefs-pds/gefs.20260105/00/atmos/pgrb2sp25/{geavg,gespr}.t00z.pgrb2s.0p25.f{078,084,090,096,102}#statistic=max_t(geavg)+offset;offset_f=+0.0549;raw_f=77.3960;spread=gespr@f096;covered_leads=72-102"
NY,KNYC,2026-01-08,2026-01-08T00:00:00Z,5,gefs,46.8494,0.6120,"s3://noaa-gefs-pds/gefs.20260108/00/atmos/pgrb2sp25/{geavg,gespr}.t00z.pgrb2s.0p25.f{006,012,018,024,030}#statistic=max_t(geavg)+offset;offset_f=+0.2514;raw_f=46.5980;spread=gespr@f024;covered_leads=0-30"
NY,KNYC,2026-01-08,2026-01-07T00:00:00Z,29,gefs,47.4614,0.8820,"s3://noaa-gefs-pds/gefs.20260107/00/atmos/pgrb2sp25/{geavg,gespr}.t00z.pgrb2s.0p25.f{030,036,042,048,054}#statistic=max_t(geavg)+offset;offset_f=+0.2514;raw_f=47.2100;spread=gespr@f048;covered_leads=24-54"
NY,KNYC,2026-01-08,2026-01-06T00:00:00Z,53,gefs,47.2814,1.0440,"s3://noaa-gefs-pds/gefs.20260106/00/atmos/pgrb2sp25/{geavg,gespr}.t00z.pgrb2s.0p25.f{054,060,066,072,078}#statistic=max_t(geavg)+offset;offset_f=+0.2514;raw_f=47.0300;spread=gespr@f072;covered_leads=48-78"
NY,KNYC,2026-01-08,2026-01-05T00:00:00Z,77,gefs,46.9754,1.7100,"s3://noaa-gefs-pds/gefs.20260105/00/atmos/pgrb2sp25/{geavg,gespr}.t00z.pgrb2s.0p25.f{078,084,090,096,102}#statistic=max_t(geavg)+offset;offset_f=+0.2514;raw_f=46.7240;spread=gespr@f096;covered_leads=72-102"
CHI,KMDW,2026-01-09,2026-01-09T00:00:00Z,6,gefs,58.7969,1.2960,"s3://noaa-gefs-pds/gefs.20260109/00/atmos/pgrb2sp25/{geavg,gespr}.t00z.pgrb2s.0p25.f{012,018,024,030}#statistic=max_t(geavg)+offset;offset_f=+0.0489;raw_f=58.7480;spread=gespr@f012;covered_leads=6-30"
CHI,KMDW,2026-01-09,2026-01-08T00:00:00Z,30,gefs,59.1929,2.7900,"s3://noaa-gefs-pds/gefs.20260108/00/atmos/pgrb2sp25/{geavg,gespr}.t00z.pgrb2s.0p25.f{036,042,048,054}#statistic=max_t(geavg)+offset;offset_f=+0.0489;raw_f=59.1440;spread=gespr@f036;covered_leads=30-54"
CHI,KMDW,2026-01-09,2026-01-07T00:00:00Z,54,gefs,58.5449,2.8980,"s3://noaa-gefs-pds/gefs.20260107/00/atmos/pgrb2sp25/{geavg,gespr}.t00z.pgrb2s.0p25.f{060,066,072,078}#statistic=max_t(geavg)+offset;offset_f=+0.0489;raw_f=58.4960;spread=gespr@f060;covered_leads=54-78"
CHI,KMDW,2026-01-09,2026-01-06T00:00:00Z,78,gefs,50.7329,6.0660,"s3://noaa-gefs-pds/gefs.20260106/00/atmos/pgrb2sp25/{geavg,gespr}.t00z.pgrb2s.0p25.f{084,090,096,102}#statistic=max_t(geavg)+offset;offset_f=+0.0489;raw_f=50.6840;spread=gespr@f084;covered_leads=78-102"
LAX,KLAX,2026-01-09,2026-01-09T00:00:00Z,8,gefs,62.1949,0.3600,"s3://noaa-gefs-pds/gefs.20260109/00/atmos/pgrb2sp25/{geavg,gespr}.t00z.pgrb2s.0p25.f{012,018,024,030,033}#statistic=max_t(geavg)+offset;offset_f=+0.0269;raw_f=62.1680;spread=gespr@f024;covered_leads=6-33"
LAX,KLAX,2026-01-09,2026-01-08T00:00:00Z,32,gefs,62.5909,0.4140,"s3://noaa-gefs-pds/gefs.20260108/00/atmos/pgrb2sp25/{geavg,gespr}.t00z.pgrb2s.0p25.f{036,042,048,054,057}#statistic=max_t(geavg)+offset;offset_f=+0.0269;raw_f=62.5640;spread=gespr@f048;covered_leads=30-57"
LAX,KLAX,2026-01-09,2026-01-07T00:00:00Z,56,gefs,62.7349,0.8100,"s3://noaa-gefs-pds/gefs.20260107/00/atmos/pgrb2sp25/{geavg,gespr}.t00z.pgrb2s.0p25.f{060,066,072,078,081}#statistic=max_t(geavg)+offset;offset_f=+0.0269;raw_f=62.7080;spread=gespr@f072;covered_leads=54-81"
LAX,KLAX,2026-01-09,2026-01-06T00:00:00Z,80,gefs,63.6169,1.1160,"s3://noaa-gefs-pds/gefs.20260106/00/atmos/pgrb2sp25/{geavg,gespr}.t00z.pgrb2s.0p25.f{084,090,096,102,105}#statistic=max_t(geavg)+offset;offset_f=+0.0269;raw_f=63.5900;spread=gespr@f096;covered_leads=78-105"
MIA,KMIA,2026-01-09,2026-01-09T00:00:00Z,5,gefs,78.6029,0.5760,"s3://noaa-gefs-pds/gefs.20260109/00/atmos/pgrb2sp25/{geavg,gespr}.t00z.pgrb2s.0p25.f{006,012,018,024,030}#statistic=max_t(geavg)+offset;offset_f=+0.0549;raw_f=78.5480;spread=gespr@f024;covered_leads=0-30"
MIA,KMIA,2026-01-09,2026-01-08T00:00:00Z,29,gefs,77.6669,0.8460,"s3://noaa-gefs-pds/gefs.20260108/00/atmos/pgrb2sp25/{geavg,gespr}.t00z.pgrb2s.0p25.f{030,036,042,048,054}#statistic=max_t(geavg)+offset;offset_f=+0.0549;raw_f=77.6120;spread=gespr@f048;covered_leads=24-54"
MIA,KMIA,2026-01-09,2026-01-07T00:00:00Z,53,gefs,77.0549,0.7740,"s3://noaa-gefs-pds/gefs.20260107/00/atmos/pgrb2sp25/{geavg,gespr}.t00z.pgrb2s.0p25.f{054,060,066,072,078}#statistic=max_t(geavg)+offset;offset_f=+0.0549;raw_f=77.0000;spread=gespr@f072;covered_leads=48-78"
MIA,KMIA,2026-01-09,2026-01-06T00:00:00Z,77,gefs,77.7209,0.7380,"s3://noaa-gefs-pds/gefs.20260106/00/atmos/pgrb2sp25/{geavg,gespr}.t00z.pgrb2s.0p25.f{078,084,090,096,102}#statistic=max_t(geavg)+offset;offset_f=+0.0549;raw_f=77.6660;spread=gespr@f096;covered_leads=72-102"
NY,KNYC,2026-01-09,2026-01-09T00:00:00Z,5,gefs,52.8794,1.6380,"s3://noaa-gefs-pds/gefs.20260109/00/atmos/pgrb2sp25/{geavg,gespr}.t00z.pgrb2s.0p25.f{006,012,018,024,030}#statistic=max_t(geavg)+offset;offset_f=+0.2514;raw_f=52.6280;spread=gespr@f030;covered_leads=0-30"
NY,KNYC,2026-01-09,2026-01-08T00:00:00Z,29,gefs,52.6454,1.2960,"s3://noaa-gefs-pds/gefs.20260108/00/atmos/pgrb2sp25/{geavg,gespr}.t00z.pgrb2s.0p25.f{030,036,042,048,054}#statistic=max_t(geavg)+offset;offset_f=+0.2514;raw_f=52.3940;spread=gespr@f054;covered_leads=24-54"
NY,KNYC,2026-01-09,2026-01-07T00:00:00Z,53,gefs,53.1854,2.4300,"s3://noaa-gefs-pds/gefs.20260107/00/atmos/pgrb2sp25/{geavg,gespr}.t00z.pgrb2s.0p25.f{054,060,066,072,078}#statistic=max_t(geavg)+offset;offset_f=+0.2514;raw_f=52.9340;spread=gespr@f078;covered_leads=48-78"
NY,KNYC,2026-01-09,2026-01-06T00:00:00Z,77,gefs,53.9054,2.8440,"s3://noaa-gefs-pds/gefs.20260106/00/atmos/pgrb2sp25/{geavg,gespr}.t00z.pgrb2s.0p25.f{078,084,090,096,102}#statistic=max_t(geavg)+offset;offset_f=+0.2514;raw_f=53.6540;spread=gespr@f096;covered_leads=72-102"
CHI,KMDW,2026-01-10,2026-01-10T00:00:00Z,6,gefs,38.4029,0.9720,"s3://noaa-gefs-pds/gefs.20260110/00/atmos/pgrb2sp25/{geavg,gespr}.t00z.pgrb2s.0p25.f{012,018,024,030}#statistic=max_t(geavg)+offset;offset_f=+0.0489;raw_f=38.3540;spread=gespr@f012;covered_leads=6-30"
CHI,KMDW,2026-01-10,2026-01-09T00:00:00Z,30,gefs,38.2589,2.1240,"s3://noaa-gefs-pds/gefs.20260109/00/atmos/pgrb2sp25/{geavg,gespr}.t00z.pgrb2s.0p25.f{036,042,048,054}#statistic=max_t(geavg)+offset;offset_f=+0.0489;raw_f=38.2100;spread=gespr@f048;covered_leads=30-54"
CHI,KMDW,2026-01-10,2026-01-08T00:00:00Z,54,gefs,37.2689,2.2500,"s3://noaa-gefs-pds/gefs.20260108/00/atmos/pgrb2sp25/{geavg,gespr}.t00z.pgrb2s.0p25.f{060,066,072,078}#statistic=max_t(geavg)+offset;offset_f=+0.0489;raw_f=37.2200;spread=gespr@f072;covered_leads=54-78"
CHI,KMDW,2026-01-10,2026-01-07T00:00:00Z,78,gefs,38.2049,2.4660,"s3://noaa-gefs-pds/gefs.20260107/00/atmos/pgrb2sp25/{geavg,gespr}.t00z.pgrb2s.0p25.f{084,090,096,102}#statistic=max_t(geavg)+offset;offset_f=+0.0489;raw_f=38.1560;spread=gespr@f084;covered_leads=78-102"
LAX,KLAX,2026-01-10,2026-01-10T00:00:00Z,8,gefs,65.3629,0.3060,"s3://noaa-gefs-pds/gefs.20260110/00/atmos/pgrb2sp25/{geavg,gespr}.t00z.pgrb2s.0p25.f{012,018,024,030,033}#statistic=max_t(geavg)+offset;offset_f=+0.0269;raw_f=65.3360;spread=gespr@f024;covered_leads=6-33"
LAX,KLAX,2026-01-10,2026-01-09T00:00:00Z,32,gefs,65.7229,0.5040,"s3://noaa-gefs-pds/gefs.20260109/00/atmos/pgrb2sp25/{geavg,gespr}.t00z.pgrb2s.0p25.f{036,042,048,054,057}#statistic=max_t(geavg)+offset;offset_f=+0.0269;raw_f=65.6960;spread=gespr@f048;covered_leads=30-57"
LAX,KLAX,2026-01-10,2026-01-08T00:00:00Z,56,gefs,66.2989,0.4320,"s3://noaa-gefs-pds/gefs.20260108/00/atmos/pgrb2sp25/{geavg,gespr}.t00z.pgrb2s.0p25.f{060,066,072,078,081}#statistic=max_t(geavg)+offset;offset_f=+0.0269;raw_f=66.2720;spread=gespr@f072;covered_leads=54-81"
LAX,KLAX,2026-01-10,2026-01-07T00:00:00Z,80,gefs,65.6329,0.6840,"s3://noaa-gefs-pds/gefs.20260107/00/atmos/pgrb2sp25/{geavg,gespr}.t00z.pgrb2s.0p25.f{084,090,096,102,105}#statistic=max_t(geavg)+offset;offset_f=+0.0269;raw_f=65.6060;spread=gespr@f096;covered_leads=78-105"
MIA,KMIA,2026-01-10,2026-01-10T00:00:00Z,5,gefs,78.6029,0.9000,"s3://noaa-gefs-pds/gefs.20260110/00/atmos/pgrb2sp25/{geavg,gespr}.t00z.pgrb2s.0p25.f{006,012,018,024,030}#statistic=max_t(geavg)+offset;offset_f=+0.0549;raw_f=78.5480;spread=gespr@f024;covered_leads=0-30"
MIA,KMIA,2026-01-10,2026-01-09T00:00:00Z,29,gefs,78.6389,1.0620,"s3://noaa-gefs-pds/gefs.20260109/00/atmos/pgrb2sp25/{geavg,gespr}.t00z.pgrb2s.0p25.f{030,036,042,048,054}#statistic=max_t(geavg)+offset;offset_f=+0.0549;raw_f=78.5840;spread=gespr@f048;covered_leads=24-54"
MIA,KMIA,2026-01-10,2026-01-08T00:00:00Z,53,gefs,78.3869,1.0080,"s3://noaa-gefs-pds/gefs.20260108/00/atmos/pgrb2sp25/{geavg,gespr}.t00z.pgrb2s.0p25.f{054,060,066,072,078}#statistic=max_t(geavg)+offset;offset_f=+0.0549;raw_f=78.3320;spread=gespr@f072;covered_leads=48-78"
MIA,KMIA,2026-01-10,2026-01-07T00:00:00Z,77,gefs,77.7929,1.2600,"s3://noaa-gefs-pds/gefs.20260107/00/atmos/pgrb2sp25/{geavg,gespr}.t00z.pgrb2s.0p25.f{078,084,090,096,102}#statistic=max_t(geavg)+offset;offset_f=+0.0549;raw_f=77.7380;spread=gespr@f096;covered_leads=72-102"
NY,KNYC,2026-01-10,2026-01-10T00:00:00Z,5,gefs,48.7034,0.7020,"s3://noaa-gefs-pds/gefs.20260110/00/atmos/pgrb2sp25/{geavg,gespr}.t00z.pgrb2s.0p25.f{006,012,018,024,030}#statistic=max_t(geavg)+offset;offset_f=+0.2514;raw_f=48.4520;spread=gespr@f006;covered_leads=0-30"
NY,KNYC,2026-01-10,2026-01-09T00:00:00Z,29,gefs,52.8794,1.6380,"s3://noaa-gefs-pds/gefs.20260109/00/atmos/pgrb2sp25/{geavg,gespr}.t00z.pgrb2s.0p25.f{030,036,042,048,054}#statistic=max_t(geavg)+offset;offset_f=+0.2514;raw_f=52.6280;spread=gespr@f030;covered_leads=24-54"
NY,KNYC,2026-01-10,2026-01-08T00:00:00Z,53,gefs,52.6454,1.2960,"s3://noaa-gefs-pds/gefs.20260108/00/atmos/pgrb2sp25/{geavg,gespr}.t00z.pgrb2s.0p25.f{054,060,066,072,078}#statistic=max_t(geavg)+offset;offset_f=+0.2514;raw_f=52.3940;spread=gespr@f054;covered_leads=48-78"
NY,KNYC,2026-01-10,2026-01-07T00:00:00Z,77,gefs,57.3974,5.2020,"s3://noaa-gefs-pds/gefs.20260107/00/atmos/pgrb2sp25/{geavg,gespr}.t00z.pgrb2s.0p25.f{078,084,090,096,102}#statistic=max_t(geavg)+offset;offset_f=+0.2514;raw_f=57.1460;spread=gespr@f102;covered_leads=72-102"
CHI,KMDW,2026-01-11,2026-01-11T00:00:00Z,6,gefs,31.9229,1.0980,"s3://noaa-gefs-pds/gefs.20260111/00/atmos/pgrb2sp25/{geavg,gespr}.t00z.pgrb2s.0p25.f{012,018,024,030}#statistic=max_t(geavg)+offset;offset_f=+0.0489;raw_f=31.8740;spread=gespr@f024;covered_leads=6-30"
CHI,KMDW,2026-01-11,2026-01-10T00:00:00Z,30,gefs,31.2569,1.3860,"s3://noaa-gefs-pds/gefs.20260110/00/atmos/pgrb2sp25/{geavg,gespr}.t00z.pgrb2s.0p25.f{036,042,048,054}#statistic=max_t(geavg)+offset;offset_f=+0.0489;raw_f=31.2080;spread=gespr@f048;covered_leads=30-54"
CHI,KMDW,2026-01-11,2026-01-09T00:00:00Z,54,gefs,29.9969,1.5660,"s3://noaa-gefs-pds/gefs.20260109/00/atmos/pgrb2sp25/{geavg,gespr}.t00z.pgrb2s.0p25.f{060,066,072,078}#statistic=max_t(geavg)+offset;offset_f=+0.0489;raw_f=29.9480;spread=gespr@f072;covered_leads=54-78"
CHI,KMDW,2026-01-11,2026-01-08T00:00:00Z,78,gefs,29.8889,2.6280,"s3://noaa-gefs-pds/gefs.20260108/00/atmos/pgrb2sp25/{geavg,gespr}.t00z.pgrb2s.0p25.f{084,090,096,102}#statistic=max_t(geavg)+offset;offset_f=+0.0489;raw_f=29.8400;spread=gespr@f096;covered_leads=78-102"
LAX,KLAX,2026-01-11,2026-01-11T00:00:00Z,8,gefs,67.6849,0.1980,"s3://noaa-gefs-pds/gefs.20260111/00/atmos/pgrb2sp25/{geavg,gespr}.t00z.pgrb2s.0p25.f{012,018,024,030,033}#statistic=max_t(geavg)+offset;offset_f=+0.0269;raw_f=67.6580;spread=gespr@f024;covered_leads=6-33"
LAX,KLAX,2026-01-11,2026-01-10T00:00:00Z,32,gefs,67.8649,0.4680,"s3://noaa-gefs-pds/gefs.20260110/00/atmos/pgrb2sp25/{geavg,gespr}.t00z.pgrb2s.0p25.f{036,042,048,054,057}#statistic=max_t(geavg)+offset;offset_f=+0.0269;raw_f=67.8380;spread=gespr@f048;covered_leads=30-57"
LAX,KLAX,2026-01-11,2026-01-09T00:00:00Z,56,gefs,68.0989,0.6480,"s3://noaa-gefs-pds/gefs.20260109/00/atmos/pgrb2sp25/{geavg,gespr}.t00z.pgrb2s.0p25.f{060,066,072,078,081}#statistic=max_t(geavg)+offset;offset_f=+0.0269;raw_f=68.0720;spread=gespr@f072;covered_leads=54-81"
LAX,KLAX,2026-01-11,2026-01-08T00:00:00Z,80,gefs,68.7649,0.6300,"s3://noaa-gefs-pds/gefs.20260108/00/atmos/pgrb2sp25/{geavg,gespr}.t00z.pgrb2s.0p25.f{084,090,096,102,105}#statistic=max_t(geavg)+offset;offset_f=+0.0269;raw_f=68.7380;spread=gespr@f096;covered_leads=78-105"
MIA,KMIA,2026-01-11,2026-01-11T00:00:00Z,5,gefs,80.2049,0.5580,"s3://noaa-gefs-pds/gefs.20260111/00/atmos/pgrb2sp25/{geavg,gespr}.t00z.pgrb2s.0p25.f{006,012,018,024,030}#statistic=max_t(geavg)+offset;offset_f=+0.0549;raw_f=80.1500;spread=gespr@f024;covered_leads=0-30"
MIA,KMIA,2026-01-11,2026-01-10T00:00:00Z,29,gefs,79.3049,1.1340,"s3://noaa-gefs-pds/gefs.20260110/00/atmos/pgrb2sp25/{geavg,gespr}.t00z.pgrb2s.0p25.f{030,036,042,048,054}#statistic=max_t(geavg)+offset;offset_f=+0.0549;raw_f=79.2500;spread=gespr@f048;covered_leads=24-54"
MIA,KMIA,2026-01-11,2026-01-09T00:00:00Z,53,gefs,79.1609,1.2240,"s3://noaa-gefs-pds/gefs.20260109/00/atmos/pgrb2sp25/{geavg,gespr}.t00z.pgrb2s.0p25.f{054,060,066,072,078}#statistic=max_t(geavg)+offset;offset_f=+0.0549;raw_f=79.1060;spread=gespr@f072;covered_leads=48-78"
MIA,KMIA,2026-01-11,2026-01-08T00:00:00Z,77,gefs,79.4669,1.7460,"s3://noaa-gefs-pds/gefs.20260108/00/atmos/pgrb2sp25/{geavg,gespr}.t00z.pgrb2s.0p25.f{078,084,090,096,102}#statistic=max_t(geavg)+offset;offset_f=+0.0549;raw_f=79.4120;spread=gespr@f096;covered_leads=72-102"
NY,KNYC,2026-01-11,2026-01-11T00:00:00Z,5,gefs,46.7054,0.9360,"s3://noaa-gefs-pds/gefs.20260111/00/atmos/pgrb2sp25/{geavg,gespr}.t00z.pgrb2s.0p25.f{006,012,018,024,030}#statistic=max_t(geavg)+offset;offset_f=+0.2514;raw_f=46.4540;spread=gespr@f012;covered_leads=0-30"
NY,KNYC,2026-01-11,2026-01-10T00:00:00Z,29,gefs,45.6434,1.5300,"s3://noaa-gefs-pds/gefs.20260110/00/atmos/pgrb2sp25/{geavg,gespr}.t00z.pgrb2s.0p25.f{030,036,042,048,054}#statistic=max_t(geavg)+offset;offset_f=+0.2514;raw_f=45.3920;spread=gespr@f042;covered_leads=24-54"
NY,KNYC,2026-01-11,2026-01-09T00:00:00Z,53,gefs,45.3014,1.9620,"s3://noaa-gefs-pds/gefs.20260109/00/atmos/pgrb2sp25/{geavg,gespr}.t00z.pgrb2s.0p25.f{054,060,066,072,078}#statistic=max_t(geavg)+offset;offset_f=+0.2514;raw_f=45.0500;spread=gespr@f066;covered_leads=48-78"
NY,KNYC,2026-01-11,2026-01-08T00:00:00Z,77,gefs,50.4134,6.4980,"s3://noaa-gefs-pds/gefs.20260108/00/atmos/pgrb2sp25/{geavg,gespr}.t00z.pgrb2s.0p25.f{078,084,090,096,102}#statistic=max_t(geavg)+offset;offset_f=+0.2514;raw_f=50.1620;spread=gespr@f078;covered_leads=72-102"
CHI,KMDW,2026-01-12,2026-01-12T00:00:00Z,6,gefs,36.9269,0.8640,"s3://noaa-gefs-pds/gefs.20260112/00/atmos/pgrb2sp25/{geavg,gespr}.t00z.pgrb2s.0p25.f{012,018,024,030}#statistic=max_t(geavg)+offset;offset_f=+0.0489;raw_f=36.8780;spread=gespr@f024;covered_leads=6-30"
CHI,KMDW,2026-01-12,2026-01-11T00:00:00Z,30,gefs,38.1689,0.9720,"s3://noaa-gefs-pds/gefs.20260111/00/atmos/pgrb2sp25/{geavg,gespr}.t00z.pgrb2s.0p25.f{036,042,048,054}#statistic=max_t(geavg)+offset;offset_f=+0.0489;raw_f=38.1200;spread=gespr@f048;covered_leads=30-54"
CHI,KMDW,2026-01-12,2026-01-10T00:00:00Z,54,gefs,37.9889,1.4040,"s3://noaa-gefs-pds/gefs.20260110/00/atmos/pgrb2sp25/{geavg,gespr}.t00z.pgrb2s.0p25.f{060,066,072,078}#statistic=max_t(geavg)+offset;offset_f=+0.0489;raw_f=37.9400;spread=gespr@f072;covered_leads=54-78"
CHI,KMDW,2026-01-12,2026-01-09T00:00:00Z,78,gefs,37.9349,1.5120,"s3://noaa-gefs-pds/gefs.20260109/00/atmos/pgrb2sp25/{geavg,gespr}.t00z.pgrb2s.0p25.f{084,090,096,102}#statistic=max_t(geavg)+offset;offset_f=+0.0489;raw_f=37.8860;spread=gespr@f096;covered_leads=78-102"
LAX,KLAX,2026-01-12,2026-01-12T00:00:00Z,8,gefs,69.8629,0.4320,"s3://noaa-gefs-pds/gefs.20260112/00/atmos/pgrb2sp25/{geavg,gespr}.t00z.pgrb2s.0p25.f{012,018,024,030,033}#statistic=max_t(geavg)+offset;offset_f=+0.0269;raw_f=69.8360;spread=gespr@f024;covered_leads=6-33"
LAX,KLAX,2026-01-12,2026-01-11T00:00:00Z,32,gefs,69.7549,0.3420,"s3://noaa-gefs-pds/gefs.20260111/00/atmos/pgrb2sp25/{geavg,gespr}.t00z.pgrb2s.0p25.f{036,042,048,054,057}#statistic=max_t(geavg)+offset;offset_f=+0.0269;raw_f=69.7280;spread=gespr@f048;covered_leads=30-57"
LAX,KLAX,2026-01-12,2026-01-10T00:00:00Z,56,gefs,69.6829,0.6300,"s3://noaa-gefs-pds/gefs.20260110/00/atmos/pgrb2sp25/{geavg,gespr}.t00z.pgrb2s.0p25.f{060,066,072,078,081}#statistic=max_t(geavg)+offset;offset_f=+0.0269;raw_f=69.6560;spread=gespr@f072;covered_leads=54-81"
LAX,KLAX,2026-01-12,2026-01-09T00:00:00Z,80,gefs,70.4389,0.7380,"s3://noaa-gefs-pds/gefs.20260109/00/atmos/pgrb2sp25/{geavg,gespr}.t00z.pgrb2s.0p25.f{084,090,096,102,105}#statistic=max_t(geavg)+offset;offset_f=+0.0269;raw_f=70.4120;spread=gespr@f096;covered_leads=78-105"
MIA,KMIA,2026-01-12,2026-01-12T00:00:00Z,5,gefs,77.0909,0.1800,"s3://noaa-gefs-pds/gefs.20260112/00/atmos/pgrb2sp25/{geavg,gespr}.t00z.pgrb2s.0p25.f{006,012,018,024,030}#statistic=max_t(geavg)+offset;offset_f=+0.0549;raw_f=77.0360;spread=gespr@f006;covered_leads=0-30"
MIA,KMIA,2026-01-12,2026-01-11T00:00:00Z,29,gefs,76.7129,0.5220,"s3://noaa-gefs-pds/gefs.20260111/00/atmos/pgrb2sp25/{geavg,gespr}.t00z.pgrb2s.0p25.f{030,036,042,048,054}#statistic=max_t(geavg)+offset;offset_f=+0.0549;raw_f=76.6580;spread=gespr@f030;covered_leads=24-54"
MIA,KMIA,2026-01-12,2026-01-10T00:00:00Z,53,gefs,76.5869,0.7380,"s3://noaa-gefs-pds/gefs.20260110/00/atmos/pgrb2sp25/{geavg,gespr}.t00z.pgrb2s.0p25.f{054,060,066,072,078}#statistic=max_t(geavg)+offset;offset_f=+0.0549;raw_f=76.5320;spread=gespr@f054;covered_leads=48-78"
MIA,KMIA,2026-01-12,2026-01-09T00:00:00Z,77,gefs,76.1189,1.1160,"s3://noaa-gefs-pds/gefs.20260109/00/atmos/pgrb2sp25/{geavg,gespr}.t00z.pgrb2s.0p25.f{078,084,090,096,102}#statistic=max_t(geavg)+offset;offset_f=+0.0549;raw_f=76.0640;spread=gespr@f078;covered_leads=72-102"
NY,KNYC,2026-01-12,2026-01-12T00:00:00Z,5,gefs,41.8994,0.8640,"s3://noaa-gefs-pds/gefs.20260112/00/atmos/pgrb2sp25/{geavg,gespr}.t00z.pgrb2s.0p25.f{006,012,018,024,030}#statistic=max_t(geavg)+offset;offset_f=+0.2514;raw_f=41.6480;spread=gespr@f024;covered_leads=0-30"
NY,KNYC,2026-01-12,2026-01-11T00:00:00Z,29,gefs,42.0254,1.1880,"s3://noaa-gefs-pds/gefs.20260111/00/atmos/pgrb2sp25/{geavg,gespr}.t00z.pgrb2s.0p25.f{030,036,042,048,054}#statistic=max_t(geavg)+offset;offset_f=+0.2514;raw_f=41.7740;spread=gespr@f048;covered_leads=24-54"
NY,KNYC,2026-01-12,2026-01-10T00:00:00Z,53,gefs,41.3234,1.0800,"s3://noaa-gefs-pds/gefs.20260110/00/atmos/pgrb2sp25/{geavg,gespr}.t00z.pgrb2s.0p25.f{054,060,066,072,078}#statistic=max_t(geavg)+offset;offset_f=+0.2514;raw_f=41.0720;spread=gespr@f072;covered_leads=48-78"
NY,KNYC,2026-01-12,2026-01-09T00:00:00Z,77,gefs,40.7294,1.7460,"s3://noaa-gefs-pds/gefs.20260109/00/atmos/pgrb2sp25/{geavg,gespr}.t00z.pgrb2s.0p25.f{078,084,090,096,102}#statistic=max_t(geavg)+offset;offset_f=+0.2514;raw_f=40.4780;spread=gespr@f096;covered_leads=72-102"
CHI,KMDW,2026-01-13,2026-01-13T00:00:00Z,6,gefs,46.7009,1.4400,"s3://noaa-gefs-pds/gefs.20260113/00/atmos/pgrb2sp25/{geavg,gespr}.t00z.pgrb2s.0p25.f{012,018,024,030}#statistic=max_t(geavg)+offset;offset_f=+0.0489;raw_f=46.6520;spread=gespr@f024;covered_leads=6-30"
CHI,KMDW,2026-01-13,2026-01-12T00:00:00Z,30,gefs,44.2709,1.9080,"s3://noaa-gefs-pds/gefs.20260112/00/atmos/pgrb2sp25/{geavg,gespr}.t00z.pgrb2s.0p25.f{036,042,048,054}#statistic=max_t(geavg)+offset;offset_f=+0.0489;raw_f=44.2220;spread=gespr@f048;covered_leads=30-54"
CHI,KMDW,2026-01-13,2026-01-11T00:00:00Z,54,gefs,45.5309,2.5020,"s3://noaa-gefs-pds/gefs.20260111/00/atmos/pgrb2sp25/{geavg,gespr}.t00z.pgrb2s.0p25.f{060,066,072,078}#statistic=max_t(geavg)+offset;offset_f=+0.0489;raw_f=45.4820;spread=gespr@f072;covered_leads=54-78"
CHI,KMDW,2026-01-13,2026-01-10T00:00:00Z,78,gefs,45.0449,2.8080,"s3://noaa-gefs-pds/gefs.20260110/00/atmos/pgrb2sp25/{geavg,gespr}.t00z.pgrb2s.0p25.f{084,090,096,102}#statistic=max_t(geavg)+offset;offset_f=+0.0489;raw_f=44.9960;spread=gespr@f096;covered_leads=78-102"
LAX,KLAX,2026-01-13,2026-01-13T00:00:00Z,8,gefs,72.2029,0.2340,"s3://noaa-gefs-pds/gefs.20260113/00/atmos/pgrb2sp25/{geavg,gespr}.t00z.pgrb2s.0p25.f{012,018,024,030,033}#statistic=max_t(geavg)+offset;offset_f=+0.0269;raw_f=72.1760;spread=gespr@f024;covered_leads=6-33"
LAX,KLAX,2026-01-13,2026-01-12T00:00:00Z,32,gefs,72.0949,0.4140,"s3://noaa-gefs-pds/gefs.20260112/00/atmos/pgrb2sp25/{geavg,gespr}.t00z.pgrb2s.0p25.f{036,042,048,054,057}#statistic=max_t(geavg)+offset;offset_f=+0.0269;raw_f=72.0680;spread=gespr@f048;covered_leads=30-57"
LAX,KLAX,2026-01-13,2026-01-11T00:00:00Z,56,gefs,72.0229,0.4680,"s3://noaa-gefs-pds/gefs.20260111/00/atmos/pgrb2sp25/{geavg,gespr}.t00z.pgrb2s.0p25.f{060,066,072,078,081}#statistic=max_t(geavg)+offset;offset_f=+0.0269;raw_f=71.9960;spread=gespr@f072;covered_leads=54-81"
LAX,KLAX,2026-01-13,2026-01-10T00:00:00Z,80,gefs,72.1669,0.5760,"s3://noaa-gefs-pds/gefs.20260110/00/atmos/pgrb2sp25/{geavg,gespr}.t00z.pgrb2s.0p25.f{084,090,096,102,105}#statistic=max_t(geavg)+offset;offset_f=+0.0269;raw_f=72.1400;spread=gespr@f096;covered_leads=78-105"
MIA,KMIA,2026-01-13,2026-01-13T00:00:00Z,5,gefs,75.6689,1.1160,"s3://noaa-gefs-pds/gefs.20260113/00/atmos/pgrb2sp25/{geavg,gespr}.t00z.pgrb2s.0p25.f{006,012,018,024,030}#statistic=max_t(geavg)+offset;offset_f=+0.0549;raw_f=75.6140;spread=gespr@f024;covered_leads=0-30"
MIA,KMIA,2026-01-13,2026-01-12T00:00:00Z,29,gefs,76.5869,1.3320,"s3://noaa-gefs-pds/gefs.20260112/00/atmos/pgrb2sp25/{geavg,gespr}.t00z.pgrb2s.0p25.f{030,036,042,048,054}#statistic=max_t(geavg)+offset;offset_f=+0.0549;raw_f=76.5320;spread=gespr@f048;covered_leads=24-54"
MIA,KMIA,2026-01-13,2026-01-11T00:00:00Z,53,gefs,75.4349,2.1780,"s3://noaa-gefs-pds/gefs.20260111/00/atmos/pgrb2sp25/{geavg,gespr}.t00z.pgrb2s.0p25.f{054,060,066,072,078}#statistic=max_t(geavg)+offset;offset_f=+0.0549;raw_f=75.3800;spread=gespr@f072;covered_leads=48-78"
MIA,KMIA,2026-01-13,2026-01-10T00:00:00Z,77,gefs,74.2469,2.4480,"s3://noaa-gefs-pds/gefs.20260110/00/atmos/pgrb2sp25/{geavg,gespr}.t00z.pgrb2s.0p25.f{078,084,090,096,102}#statistic=max_t(geavg)+offset;offset_f=+0.0549;raw_f=74.1920;spread=gespr@f096;covered_leads=72-102"
NY,KNYC,2026-01-13,2026-01-13T00:00:00Z,5,gefs,46.4534,0.6480,"s3://noaa-gefs-pds/gefs.20260113/00/atmos/pgrb2sp25/{geavg,gespr}.t00z.pgrb2s.0p25.f{006,012,018,024,030}#statistic=max_t(geavg)+offset;offset_f=+0.2514;raw_f=46.2020;spread=gespr@f024;covered_leads=0-30"
NY,KNYC,2026-01-13,2026-01-12T00:00:00Z,29,gefs,45.4814,1.0080,"s3://noaa-gefs-pds/gefs.20260112/00/atmos/pgrb2sp25/{geavg,gespr}.t00z.pgrb2s.0p25.f{030,036,042,048,054}#statistic=max_t(geavg)+offset;offset_f=+0.2514;raw_f=45.2300;spread=gespr@f048;covered_leads=24-54"
NY,KNYC,2026-01-13,2026-01-11T00:00:00Z,53,gefs,44.5094,1.5120,"s3://noaa-gefs-pds/gefs.20260111/00/atmos/pgrb2sp25/{geavg,gespr}.t00z.pgrb2s.0p25.f{054,060,066,072,078}#statistic=max_t(geavg)+offset;offset_f=+0.2514;raw_f=44.2580;spread=gespr@f072;covered_leads=48-78"
NY,KNYC,2026-01-13,2026-01-10T00:00:00Z,77,gefs,44.6714,1.7100,"s3://noaa-gefs-pds/gefs.20260110/00/atmos/pgrb2sp25/{geavg,gespr}.t00z.pgrb2s.0p25.f{078,084,090,096,102}#statistic=max_t(geavg)+offset;offset_f=+0.2514;raw_f=44.4200;spread=gespr@f096;covered_leads=72-102"
CHI,KMDW,2026-01-14,2026-01-14T00:00:00Z,6,gefs,39.3029,0.8280,"s3://noaa-gefs-pds/gefs.20260114/00/atmos/pgrb2sp25/{geavg,gespr}.t00z.pgrb2s.0p25.f{012,018,024,030}#statistic=max_t(geavg)+offset;offset_f=+0.0489;raw_f=39.2540;spread=gespr@f012;covered_leads=6-30"
CHI,KMDW,2026-01-14,2026-01-13T00:00:00Z,30,gefs,38.7809,0.7020,"s3://noaa-gefs-pds/gefs.20260113/00/atmos/pgrb2sp25/{geavg,gespr}.t00z.pgrb2s.0p25.f{036,042,048,054}#statistic=max_t(geavg)+offset;offset_f=+0.0489;raw_f=38.7320;spread=gespr@f036;covered_leads=30-54"
CHI,KMDW,2026-01-14,2026-01-12T00:00:00Z,54,gefs,38.2949,1.7100,"s3://noaa-gefs-pds/gefs.20260112/00/atmos/pgrb2sp25/{geavg,gespr}.t00z.pgrb2s.0p25.f{060,066,072,078}#statistic=max_t(geavg)+offset;offset_f=+0.0489;raw_f=38.2460;spread=gespr@f060;covered_leads=54-78"
CHI,KMDW,2026-01-14,2026-01-11T00:00:00Z,78,gefs,38.8169,1.1700,"s3://noaa-gefs-pds/gefs.20260111/00/atmos/pgrb2sp25/{geavg,gespr}.t00z.pgrb2s.0p25.f{084,090,096,102}#statistic=max_t(geavg)+offset;offset_f=+0.0489;raw_f=38.7680;spread=gespr@f084;covered_leads=78-102"
LAX,KLAX,2026-01-14,2026-01-14T00:00:00Z,8,gefs,75.5869,0.5220,"s3://noaa-gefs-pds/gefs.20260114/00/atmos/pgrb2sp25/{geavg,gespr}.t00z.pgrb2s.0p25.f{012,018,024,030,033}#statistic=max_t(geavg)+offset;offset_f=+0.0269;raw_f=75.5600;spread=gespr@f024;covered_leads=6-33"
LAX,KLAX,2026-01-14,2026-01-13T00:00:00Z,32,gefs,74.8309,0.6480,"s3://noaa-gefs-pds/gefs.20260113/00/atmos/pgrb2sp25/{geavg,gespr}.t00z.pgrb2s.0p25.f{036,042,048,054,057}#statistic=max_t(geavg)+offset;offset_f=+0.0269;raw_f=74.8040;spread=gespr@f048;covered_leads=30-57"
LAX,KLAX,2026-01-14,2026-01-12T00:00:00Z,56,gefs,75.0469,0.7920,"s3://noaa-gefs-pds/gefs.20260112/00/atmos/pgrb2sp25/{geavg,gespr}.t00z.pgrb2s.0p25.f{060,066,072,078,081}#statistic=max_t(geavg)+offset;offset_f=+0.0269;raw_f=75.0200;spread=gespr@f072;covered_leads=54-81"
LAX,KLAX,2026-01-14,2026-01-11T00:00:00Z,80,gefs,74.4529,0.7200,"s3://noaa-gefs-pds/gefs.20260111/00/atmos/pgrb2sp25/{geavg,gespr}.t00z.pgrb2s.0p25.f{084,090,096,102,105}#statistic=max_t(geavg)+offset;offset_f=+0.0269;raw_f=74.4260;spread=gespr@f096;covered_leads=78-105"
MIA,KMIA,2026-01-14,2026-01-14T00:00:00Z,5,gefs,79.1429,1.2060,"s3://noaa-gefs-pds/gefs.20260114/00/atmos/pgrb2sp25/{geavg,gespr}.t00z.pgrb2s.0p25.f{006,012,018,024,030}#statistic=max_t(geavg)+offset;offset_f=+0.0549;raw_f=79.0880;spread=gespr@f024;covered_leads=0-30"
MIA,KMIA,2026-01-14,2026-01-13T00:00:00Z,29,gefs,78.0269,1.0980,"s3://noaa-gefs-pds/gefs.20260113/00/atmos/pgrb2sp25/{geavg,gespr}.t00z.pgrb2s.0p25.f{030,036,042,048,054}#statistic=max_t(geavg)+offset;offset_f=+0.0549;raw_f=77.9720;spread=gespr@f048;covered_leads=24-54"
MIA,KMIA,2026-01-14,2026-01-12T00:00:00Z,53,gefs,78.3329,1.2780,"s3://noaa-gefs-pds/gefs.20260112/00/atmos/pgrb2sp25/{geavg,gespr}.t00z.pgrb2s.0p25.f{054,060,066,072,078}#statistic=max_t(geavg)+offset;offset_f=+0.0549;raw_f=78.2780;spread=gespr@f072;covered_leads=48-78"
MIA,KMIA,2026-01-14,2026-01-11T00:00:00Z,77,gefs,77.0549,1.7460,"s3://noaa-gefs-pds/gefs.20260111/00/atmos/pgrb2sp25/{geavg,gespr}.t00z.pgrb2s.0p25.f{078,084,090,096,102}#statistic=max_t(geavg)+offset;offset_f=+0.0549;raw_f=77.0000;spread=gespr@f096;covered_leads=72-102"
NY,KNYC,2026-01-14,2026-01-14T00:00:00Z,5,gefs,49.3514,1.4400,"s3://noaa-gefs-pds/gefs.20260114/00/atmos/pgrb2sp25/{geavg,gespr}.t00z.pgrb2s.0p25.f{006,012,018,024,030}#statistic=max_t(geavg)+offset;offset_f=+0.2514;raw_f=49.1000;spread=gespr@f024;covered_leads=0-30"
NY,KNYC,2026-01-14,2026-01-13T00:00:00Z,29,gefs,48.0194,1.6020,"s3://noaa-gefs-pds/gefs.20260113/00/atmos/pgrb2sp25/{geavg,gespr}.t00z.pgrb2s.0p25.f{030,036,042,048,054}#statistic=max_t(geavg)+offset;offset_f=+0.2514;raw_f=47.7680;spread=gespr@f048;covered_leads=24-54"
NY,KNYC,2026-01-14,2026-01-12T00:00:00Z,53,gefs,46.9574,2.1240,"s3://noaa-gefs-pds/gefs.20260112/00/atmos/pgrb2sp25/{geavg,gespr}.t00z.pgrb2s.0p25.f{054,060,066,072,078}#statistic=max_t(geavg)+offset;offset_f=+0.2514;raw_f=46.7060;spread=gespr@f072;covered_leads=48-78"
NY,KNYC,2026-01-14,2026-01-11T00:00:00Z,77,gefs,47.3714,1.9620,"s3://noaa-gefs-pds/gefs.20260111/00/atmos/pgrb2sp25/{geavg,gespr}.t00z.pgrb2s.0p25.f{078,084,090,096,102}#statistic=max_t(geavg)+offset;offset_f=+0.2514;raw_f=47.1200;spread=gespr@f096;covered_leads=72-102"
CHI,KMDW,2026-01-15,2026-01-15T00:00:00Z,6,gefs,26.1989,1.4760,"s3://noaa-gefs-pds/gefs.20260115/00/atmos/pgrb2sp25/{geavg,gespr}.t00z.pgrb2s.0p25.f{012,018,024,030}#statistic=max_t(geavg)+offset;offset_f=+0.0489;raw_f=26.1500;spread=gespr@f030;covered_leads=6-30"
CHI,KMDW,2026-01-15,2026-01-14T00:00:00Z,30,gefs,25.8389,1.5660,"s3://noaa-gefs-pds/gefs.20260114/00/atmos/pgrb2sp25/{geavg,gespr}.t00z.pgrb2s.0p25.f{036,042,048,054}#statistic=max_t(geavg)+offset;offset_f=+0.0489;raw_f=25.7900;spread=gespr@f054;covered_leads=30-54"
CHI,KMDW,2026-01-15,2026-01-13T00:00:00Z,54,gefs,25.9289,2.2860,"s3://noaa-gefs-pds/gefs.20260113/00/atmos/pgrb2sp25/{geavg,gespr}.t00z.pgrb2s.0p25.f{060,066,072,078}#statistic=max_t(geavg)+offset;offset_f=+0.0489;raw_f=25.8800;spread=gespr@f078;covered_leads=54-78"
CHI,KMDW,2026-01-15,2026-01-12T00:00:00Z,78,gefs,23.6969,2.3220,"s3://noaa-gefs-pds/gefs.20260112/00/atmos/pgrb2sp25/{geavg,gespr}.t00z.pgrb2s.0p25.f{084,090,096,102}#statistic=max_t(geavg)+offset;offset_f=+0.0489;raw_f=23.6480;spread=gespr@f096;covered_leads=78-102"
LAX,KLAX,2026-01-15,2026-01-15T00:00:00Z,8,gefs,74.1649,0.4140,"s3://noaa-gefs-pds/gefs.20260115/00/atmos/pgrb2sp25/{geavg,gespr}.t00z.pgrb2s.0p25.f{012,018,024,030,033}#statistic=max_t(geavg)+offset;offset_f=+0.0269;raw_f=74.1380;spread=gespr@f024;covered_leads=6-33"
LAX,KLAX,2026-01-15,2026-01-14T00:00:00Z,32,gefs,74.3089,0.4500,"s3://noaa-gefs-pds/gefs.20260114/00/atmos/pgrb2sp25/{geavg,gespr}.t00z.pgrb2s.0p25.f{036,042,048,054,057}#statistic=max_t(geavg)+offset;offset_f=+0.0269;raw_f=74.2820;spread=gespr@f048;covered_leads=30-57"
LAX,KLAX,2026-01-15,2026-01-13T00:00:00Z,56,gefs,74.0929,0.6120,"s3://noaa-gefs-pds/gefs.20260113/00/atmos/pgrb2sp25/{geavg,gespr}.t00z.pgrb2s.0p25.f{060,066,072,078,081}#statistic=max_t(geavg)+offset;offset_f=+0.0269;raw_f=74.0660;spread=gespr@f072;covered_leads=54-81"
LAX,KLAX,2026-01-15,2026-01-12T00:00:00Z,80,gefs,75.1369,0.5760,"s3://noaa-gefs-pds/gefs.20260112/00/atmos/pgrb2sp25/{geavg,gespr}.t00z.pgrb2s.0p25.f{084,090,096,102,105}#statistic=max_t(geavg)+offset;offset_f=+0.0269;raw_f=75.1100;spread=gespr@f096;covered_leads=78-105"
MIA,KMIA,2026-01-15,2026-01-15T00:00:00Z,5,gefs,75.9029,1.2420,"s3://noaa-gefs-pds/gefs.20260115/00/atmos/pgrb2sp25/{geavg,gespr}.t00z.pgrb2s.0p25.f{006,012,018,024,030}#statistic=max_t(geavg)+offset;offset_f=+0.0549;raw_f=75.8480;spread=gespr@f018;covered_leads=0-30"
MIA,KMIA,2026-01-15,2026-01-14T00:00:00Z,29,gefs,73.4729,2.1960,"s3://noaa-gefs-pds/gefs.20260114/00/atmos/pgrb2sp25/{geavg,gespr}.t00z.pgrb2s.0p25.f{030,036,042,048,054}#statistic=max_t(geavg)+offset;offset_f=+0.0549;raw_f=73.4180;spread=gespr@f042;covered_leads=24-54"
MIA,KMIA,2026-01-15,2026-01-13T00:00:00Z,53,gefs,74.1929,2.4120,"s3://noaa-gefs-pds/gefs.20260113/00/atmos/pgrb2sp25/{geavg,gespr}.t00z.pgrb2s.0p25.f{054,060,066,072,078}#statistic=max_t(geavg)+offset;offset_f=+0.0549;raw_f=74.1380;spread=gespr@f072;covered_leads=48-78"
MIA,KMIA,2026-01-15,2026-01-12T00:00:00Z,77,gefs,74.4809,2.7720,"s3://noaa-gefs-pds/gefs.20260112/00/atmos/pgrb2sp25/{geavg,gespr}.t00z.pgrb2s.0p25.f{078,084,090,096,102}#statistic=max_t(geavg)+offset;offset_f=+0.0549;raw_f=74.4260;spread=gespr@f096;covered_leads=72-102"
NY,KNYC,2026-01-15,2026-01-15T00:00:00Z,5,gefs,45.7514,0.3600,"s3://noaa-gefs-pds/gefs.20260115/00/atmos/pgrb2sp25/{geavg,gespr}.t00z.pgrb2s.0p25.f{006,012,018,024,030}#statistic=max_t(geavg)+offset;offset_f=+0.2514;raw_f=45.5000;spread=gespr@f006;covered_leads=0-30"
NY,KNYC,2026-01-15,2026-01-14T00:00:00Z,29,gefs,45.6614,1.0080,"s3://noaa-gefs-pds/gefs.20260114/00/atmos/pgrb2sp25/{geavg,gespr}.t00z.pgrb2s.0p25.f{030,036,042,048,054}#statistic=max_t(geavg)+offset;offset_f=+0.2514;raw_f=45.4100;spread=gespr@f030;covered_leads=24-54"
NY,KNYC,2026-01-15,2026-01-13T00:00:00Z,53,gefs,44.8154,0.9540,"s3://noaa-gefs-pds/gefs.20260113/00/atmos/pgrb2sp25/{geavg,gespr}.t00z.pgrb2s.0p25.f{054,060,066,072,078}#statistic=max_t(geavg)+offset;offset_f=+0.2514;raw_f=44.5640;spread=gespr@f054;covered_leads=48-78"
NY,KNYC,2026-01-15,2026-01-12T00:00:00Z,77,gefs,44.4374,1.3320,"s3://noaa-gefs-pds/gefs.20260112/00/atmos/pgrb2sp25/{geavg,gespr}.t00z.pgrb2s.0p25.f{078,084,090,096,102}#statistic=max_t(geavg)+offset;offset_f=+0.2514;raw_f=44.1860;spread=gespr@f078;covered_leads=72-102"
CHI,KMDW,2026-01-16,2026-01-16T00:00:00Z,6,gefs,34.5869,0.7920,"s3://noaa-gefs-pds/gefs.20260116/00/atmos/pgrb2sp25/{geavg,gespr}.t00z.pgrb2s.0p25.f{012,018,024,030}#statistic=max_t(geavg)+offset;offset_f=+0.0489;raw_f=34.5380;spread=gespr@f024;covered_leads=6-30"
CHI,KMDW,2026-01-16,2026-01-15T00:00:00Z,30,gefs,34.4609,1.3320,"s3://noaa-gefs-pds/gefs.20260115/00/atmos/pgrb2sp25/{geavg,gespr}.t00z.pgrb2s.0p25.f{036,042,048,054}#statistic=max_t(geavg)+offset;offset_f=+0.0489;raw_f=34.4120;spread=gespr@f048;covered_leads=30-54"
CHI,KMDW,2026-01-16,2026-01-14T00:00:00Z,54,gefs,32.5709,1.7640,"s3://noaa-gefs-pds/gefs.20260114/00/atmos/pgrb2sp25/{geavg,gespr}.t00z.pgrb2s.0p25.f{060,066,072,078}#statistic=max_t(geavg)+offset;offset_f=+0.0489;raw_f=32.5220;spread=gespr@f072;covered_leads=54-78"
CHI,KMDW,2026-01-16,2026-01-13T00:00:00Z,78,gefs,33.1109,1.3860,"s3://noaa-gefs-pds/gefs.20260113/00/atmos/pgrb2sp25/{geavg,gespr}.t00z.pgrb2s.0p25.f{084,090,096,102}#statistic=max_t(geavg)+offset;offset_f=+0.0489;raw_f=33.0620;spread=gespr@f096;covered_leads=78-102"
LAX,KLAX,2026-01-16,2026-01-16T00:00:00Z,8,gefs,75.2269,0.3240,"s3://noaa-gefs-pds/gefs.20260116/00/atmos/pgrb2sp25/{geavg,gespr}.t00z.pgrb2s.0p25.f{012,018,024,030,033}#statistic=max_t(geavg)+offset;offset_f=+0.0269;raw_f=75.2000;spread=gespr@f024;covered_leads=6-33"
LAX,KLAX,2026-01-16,2026-01-15T00:00:00Z,32,gefs,74.4709,0.5040,"s3://noaa-gefs-pds/gefs.20260115/00/atmos/pgrb2sp25/{geavg,gespr}.t00z.pgrb2s.0p25.f{036,042,048,054,057}#statistic=max_t(geavg)+offset;offset_f=+0.0269;raw_f=74.4440;spread=gespr@f048;covered_leads=30-57"
LAX,KLAX,2026-01-16,2026-01-14T00:00:00Z,56,gefs,73.6429,0.6660,"s3://noaa-gefs-pds/gefs.20260114/00/atmos/pgrb2sp25/{geavg,gespr}.t00z.pgrb2s.0p25.f{060,066,072,078,081}#statistic=max_t(geavg)+offset;offset_f=+0.0269;raw_f=73.6160;spread=gespr@f072;covered_leads=54-81"
LAX,KLAX,2026-01-16,2026-01-13T00:00:00Z,80,gefs,73.7689,0.7020,"s3://noaa-gefs-pds/gefs.20260113/00/atmos/pgrb2sp25/{geavg,gespr}.t00z.pgrb2s.0p25.f{084,090,096,102,105}#statistic=max_t(geavg)+offset;offset_f=+0.0269;raw_f=73.7420;spread=gespr@f096;covered_leads=78-105"
MIA,KMIA,2026-01-16,2026-01-16T00:00:00Z,5,gefs,67.8569,2.0340,"s3://noaa-gefs-pds/gefs.20260116/00/atmos/pgrb2sp25/{geavg,gespr}.t00z.pgrb2s.0p25.f{006,012,018,024,030}#statistic=max_t(geavg)+offset;offset_f=+0.0549;raw_f=67.8020;spread=gespr@f024;covered_leads=0-30"
MIA,KMIA,2026-01-16,2026-01-15T00:00:00Z,29,gefs,67.2269,1.6560,"s3://noaa-gefs-pds/gefs.20260115/00/atmos/pgrb2sp25/{geavg,gespr}.t00z.pgrb2s.0p25.f{030,036,042,048,054}#statistic=max_t(geavg)+offset;offset_f=+0.0549;raw_f=67.1720;spread=gespr@f048;covered_leads=24-54"
MIA,KMIA,2026-01-16,2026-01-14T00:00:00Z,53,gefs,67.3529,2.2320,"s3://noaa-gefs-pds/gefs.20260114/00/atmos/pgrb2sp25/{geavg,gespr}.t00z.pgrb2s.0p25.f{054,060,066,072,078}#statistic=max_t(geavg)+offset;offset_f=+0.0549;raw_f=67.2980;spread=gespr@f072;covered_leads=48-78"
MIA,KMIA,2026-01-16,2026-01-13T00:00:00Z,77,gefs,66.1289,3.6000,"s3://noaa-gefs-pds/gefs.20260113/00/atmos/pgrb2sp25/{geavg,gespr}.t00z.pgrb2s.0p25.f{078,084,090,096,102}#statistic=max_t(geavg)+offset;offset_f=+0.0549;raw_f=66.0740;spread=gespr@f096;covered_leads=72-102"
NY,KNYC,2026-01-16,2026-01-16T00:00:00Z,5,gefs,34.5014,0.5400,"s3://noaa-gefs-pds/gefs.20260116/00/atmos/pgrb2sp25/{geavg,gespr}.t00z.pgrb2s.0p25.f{006,012,018,024,030}#statistic=max_t(geavg)+offset;offset_f=+0.2514;raw_f=34.2500;spread=gespr@f030;covered_leads=0-30"
NY,KNYC,2026-01-16,2026-01-15T00:00:00Z,29,gefs,35.0234,1.0800,"s3://noaa-gefs-pds/gefs.20260115/00/atmos/pgrb2sp25/{geavg,gespr}.t00z.pgrb2s.0p25.f{030,036,042,048,054}#statistic=max_t(geavg)+offset;offset_f=+0.2514;raw_f=34.7720;spread=gespr@f054;covered_leads=24-54"
NY,KNYC,2026-01-16,2026-01-14T00:00:00Z,53,gefs,34.7354,1.0620,"s3://noaa-gefs-pds/gefs.20260114/00/atmos/pgrb2sp25/{geavg,gespr}.t00z.pgrb2s.0p25.f{054,060,066,072,078}#statistic=max_t(geavg)+offset;offset_f=+0.2514;raw_f=34.4840;spread=gespr@f078;covered_leads=48-78"
NY,KNYC,2026-01-16,2026-01-13T00:00:00Z,77,gefs,33.9614,1.3140,"s3://noaa-gefs-pds/gefs.20260113/00/atmos/pgrb2sp25/{geavg,gespr}.t00z.pgrb2s.0p25.f{078,084,090,096,102}#statistic=max_t(geavg)+offset;offset_f=+0.2514;raw_f=33.7100;spread=gespr@f102;covered_leads=72-102"
CHI,KMDW,2026-01-17,2026-01-17T00:00:00Z,6,gefs,23.6069,1.8360,"s3://noaa-gefs-pds/gefs.20260117/00/atmos/pgrb2sp25/{geavg,gespr}.t00z.pgrb2s.0p25.f{012,018,024,030}#statistic=max_t(geavg)+offset;offset_f=+0.0489;raw_f=23.5580;spread=gespr@f012;covered_leads=6-30"
CHI,KMDW,2026-01-17,2026-01-16T00:00:00Z,30,gefs,22.0949,3.2400,"s3://noaa-gefs-pds/gefs.20260116/00/atmos/pgrb2sp25/{geavg,gespr}.t00z.pgrb2s.0p25.f{036,042,048,054}#statistic=max_t(geavg)+offset;offset_f=+0.0489;raw_f=22.0460;spread=gespr@f036;covered_leads=30-54"
CHI,KMDW,2026-01-17,2026-01-15T00:00:00Z,54,gefs,21.0329,3.3300,"s3://noaa-gefs-pds/gefs.20260115/00/atmos/pgrb2sp25/{geavg,gespr}.t00z.pgrb2s.0p25.f{060,066,072,078}#statistic=max_t(geavg)+offset;offset_f=+0.0489;raw_f=20.9840;spread=gespr@f060;covered_leads=54-78"
CHI,KMDW,2026-01-17,2026-01-14T00:00:00Z,78,gefs,19.9889,5.1300,"s3://noaa-gefs-pds/gefs.20260114/00/atmos/pgrb2sp25/{geavg,gespr}.t00z.pgrb2s.0p25.f{084,090,096,102}#statistic=max_t(geavg)+offset;offset_f=+0.0489;raw_f=19.9400;spread=gespr@f084;covered_leads=78-102"
LAX,KLAX,2026-01-17,2026-01-17T00:00:00Z,8,gefs,75.1009,0.3240,"s3://noaa-gefs-pds/gefs.20260117/00/atmos/pgrb2sp25/{geavg,gespr}.t00z.pgrb2s.0p25.f{012,018,024,030,033}#statistic=max_t(geavg)+offset;offset_f=+0.0269;raw_f=75.0740;spread=gespr@f024;covered_leads=6-33"
LAX,KLAX,2026-01-17,2026-01-16T00:00:00Z,32,gefs,74.4169,0.4680,"s3://noaa-gefs-pds/gefs.20260116/00/atmos/pgrb2sp25/{geavg,gespr}.t00z.pgrb2s.0p25.f{036,042,048,054,057}#statistic=max_t(geavg)+offset;offset_f=+0.0269;raw_f=74.3900;spread=gespr@f048;covered_leads=30-57"
LAX,KLAX,2026-01-17,2026-01-15T00:00:00Z,56,gefs,73.8049,0.6480,"s3://noaa-gefs-pds/gefs.20260115/00/atmos/pgrb2sp25/{geavg,gespr}.t00z.pgrb2s.0p25.f{060,066,072,078,081}#statistic=max_t(geavg)+offset;offset_f=+0.0269;raw_f=73.7780;spread=gespr@f072;covered_leads=54-81"
LAX,KLAX,2026-01-17,2026-01-14T00:00:00Z,80,gefs,73.4269,0.9000,"s3://noaa-gefs-pds/gefs.20260114/00/atmos/pgrb2sp25/{geavg,gespr}.t00z.pgrb2s.0p25.f{084,090,096,102,105}#statistic=max_t(geavg)+offset;offset_f=+0.0269;raw_f=73.4000;spread=gespr@f096;covered_leads=78-105"
MIA,KMIA,2026-01-17,2026-01-17T00:00:00Z,5,gefs,74.9309,1.1700,"s3://noaa-gefs-pds/gefs.20260117/00/atmos/pgrb2sp25/{geavg,gespr}.t00z.pgrb2s.0p25.f{006,012,018,024,030}#statistic=max_t(geavg)+offset;offset_f=+0.0549;raw_f=74.8760;spread=gespr@f024;covered_leads=0-30"
MIA,KMIA,2026-01-17,2026-01-16T00:00:00Z,29,gefs,73.2389,2.3040,"s3://noaa-gefs-pds/gefs.20260116/00/atmos/pgrb2sp25/{geavg,gespr}.t00z.pgrb2s.0p25.f{030,036,042,048,054}#statistic=max_t(geavg)+offset;offset_f=+0.0549;raw_f=73.1840;spread=gespr@f048;covered_leads=24-54"
MIA,KMIA,2026-01-17,2026-01-15T00:00:00Z,53,gefs,72.6089,1.4940,"s3://noaa-gefs-pds/gefs.20260115/00/atmos/pgrb2sp25/{geavg,gespr}.t00z.pgrb2s.0p25.f{054,060,066,072,078}#statistic=max_t(geavg)+offset;offset_f=+0.0549;raw_f=72.5540;spread=gespr@f072;covered_leads=48-78"
MIA,KMIA,2026-01-17,2026-01-14T00:00:00Z,77,gefs,72.2489,1.4220,"s3://noaa-gefs-pds/gefs.20260114/00/atmos/pgrb2sp25/{geavg,gespr}.t00z.pgrb2s.0p25.f{078,084,090,096,102}#statistic=max_t(geavg)+offset;offset_f=+0.0549;raw_f=72.1940;spread=gespr@f096;covered_leads=72-102"
NY,KNYC,2026-01-17,2026-01-17T00:00:00Z,5,gefs,38.0654,1.4220,"s3://noaa-gefs-pds/gefs.20260117/00/atmos/pgrb2sp25/{geavg,gespr}.t00z.pgrb2s.0p25.f{006,012,018,024,030}#statistic=max_t(geavg)+offset;offset_f=+0.2514;raw_f=37.8140;spread=gespr@f018;covered_leads=0-30"
NY,KNYC,2026-01-17,2026-01-16T00:00:00Z,29,gefs,39.8294,2.8980,"s3://noaa-gefs-pds/gefs.20260116/00/atmos/pgrb2sp25/{geavg,gespr}.t00z.pgrb2s.0p25.f{030,036,042,048,054}#statistic=max_t(geavg)+offset;offset_f=+0.2514;raw_f=39.5780;spread=gespr@f048;covered_leads=24-54"
NY,KNYC,2026-01-17,2026-01-15T00:00:00Z,53,gefs,42.9614,2.4120,"s3://noaa-gefs-pds/gefs.20260115/00/atmos/pgrb2sp25/{geavg,gespr}.t00z.pgrb2s.0p25.f{054,060,066,072,078}#statistic=max_t(geavg)+offset;offset_f=+0.2514;raw_f=42.7100;spread=gespr@f072;covered_leads=48-78"
NY,KNYC,2026-01-17,2026-01-14T00:00:00Z,77,gefs,42.4394,3.0420,"s3://noaa-gefs-pds/gefs.20260114/00/atmos/pgrb2sp25/{geavg,gespr}.t00z.pgrb2s.0p25.f{078,084,090,096,102}#statistic=max_t(geavg)+offset;offset_f=+0.2514;raw_f=42.1880;spread=gespr@f096;covered_leads=72-102"
CHI,KMDW,2026-01-18,2026-01-18T00:00:00Z,6,gefs,19.7729,1.3680,"s3://noaa-gefs-pds/gefs.20260118/00/atmos/pgrb2sp25/{geavg,gespr}.t00z.pgrb2s.0p25.f{012,018,024,030}#statistic=max_t(geavg)+offset;offset_f=+0.0489;raw_f=19.7240;spread=gespr@f024;covered_leads=6-30"
CHI,KMDW,2026-01-18,2026-01-17T00:00:00Z,30,gefs,21.0509,1.9260,"s3://noaa-gefs-pds/gefs.20260117/00/atmos/pgrb2sp25/{geavg,gespr}.t00z.pgrb2s.0p25.f{036,042,048,054}#statistic=max_t(geavg)+offset;offset_f=+0.0489;raw_f=21.0020;spread=gespr@f054;covered_leads=30-54"
CHI,KMDW,2026-01-18,2026-01-16T00:00:00Z,54,gefs,20.8349,2.7720,"s3://noaa-gefs-pds/gefs.20260116/00/atmos/pgrb2sp25/{geavg,gespr}.t00z.pgrb2s.0p25.f{060,066,072,078}#statistic=max_t(geavg)+offset;offset_f=+0.0489;raw_f=20.7860;spread=gespr@f078;covered_leads=54-78"
CHI,KMDW,2026-01-18,2026-01-15T00:00:00Z,78,gefs,19.7189,3.7620,"s3://noaa-gefs-pds/gefs.20260115/00/atmos/pgrb2sp25/{geavg,gespr}.t00z.pgrb2s.0p25.f{084,090,096,102}#statistic=max_t(geavg)+offset;offset_f=+0.0489;raw_f=19.6700;spread=gespr@f102;covered_leads=78-102"
LAX,KLAX,2026-01-18,2026-01-18T00:00:00Z,8,gefs,73.7509,0.3240,"s3://noaa-gefs-pds/gefs.20260118/00/atmos/pgrb2sp25/{geavg,gespr}.t00z.pgrb2s.0p25.f{012,018,024,030,033}#statistic=max_t(geavg)+offset;offset_f=+0.0269;raw_f=73.7240;spread=gespr@f024;covered_leads=6-33"
LAX,KLAX,2026-01-18,2026-01-17T00:00:00Z,32,gefs,73.1389,0.4680,"s3://noaa-gefs-pds/gefs.20260117/00/atmos/pgrb2sp25/{geavg,gespr}.t00z.pgrb2s.0p25.f{036,042,048,054,057}#statistic=max_t(geavg)+offset;offset_f=+0.0269;raw_f=73.1120;spread=gespr@f048;covered_leads=30-57"
LAX,KLAX,2026-01-18,2026-01-16T00:00:00Z,56,gefs,72.8869,0.7920,"s3://noaa-gefs-pds/gefs.20260116/00/atmos/pgrb2sp25/{geavg,gespr}.t00z.pgrb2s.0p25.f{060,066,072,078,081}#statistic=max_t(geavg)+offset;offset_f=+0.0269;raw_f=72.8600;spread=gespr@f072;covered_leads=54-81"
LAX,KLAX,2026-01-18,2026-01-15T00:00:00Z,80,gefs,73.3369,1.1700,"s3://noaa-gefs-pds/gefs.20260115/00/atmos/pgrb2sp25/{geavg,gespr}.t00z.pgrb2s.0p25.f{084,090,096,102,105}#statistic=max_t(geavg)+offset;offset_f=+0.0269;raw_f=73.3100;spread=gespr@f096;covered_leads=78-105"
MIA,KMIA,2026-01-18,2026-01-18T00:00:00Z,5,gefs,80.9249,0.9540,"s3://noaa-gefs-pds/gefs.20260118/00/atmos/pgrb2sp25/{geavg,gespr}.t00z.pgrb2s.0p25.f{006,012,018,024,030}#statistic=max_t(geavg)+offset;offset_f=+0.0549;raw_f=80.8700;spread=gespr@f024;covered_leads=0-30"
MIA,KMIA,2026-01-18,2026-01-17T00:00:00Z,29,gefs,78.4229,1.6560,"s3://noaa-gefs-pds/gefs.20260117/00/atmos/pgrb2sp25/{geavg,gespr}.t00z.pgrb2s.0p25.f{030,036,042,048,054}#statistic=max_t(geavg)+offset;offset_f=+0.0549;raw_f=78.3680;spread=gespr@f048;covered_leads=24-54"
MIA,KMIA,2026-01-18,2026-01-16T00:00:00Z,53,gefs,77.6129,3.2400,"s3://noaa-gefs-pds/gefs.20260116/00/atmos/pgrb2sp25/{geavg,gespr}.t00z.pgrb2s.0p25.f{054,060,066,072,078}#statistic=max_t(geavg)+offset;offset_f=+0.0549;raw_f=77.5580;spread=gespr@f072;covered_leads=48-78"
MIA,KMIA,2026-01-18,2026-01-15T00:00:00Z,77,gefs,79.1429,2.5740,"s3://noaa-gefs-pds/gefs.20260115/00/atmos/pgrb2sp25/{geavg,gespr}.t00z.pgrb2s.0p25.f{078,084,090,096,102}#statistic=max_t(geavg)+offset;offset_f=+0.0549;raw_f=79.0880;spread=gespr@f096;covered_leads=72-102"
NY,KNYC,2026-01-18,2026-01-18T00:00:00Z,5,gefs,34.6994,0.8460,"s3://noaa-gefs-pds/gefs.20260118/00/atmos/pgrb2sp25/{geavg,gespr}.t00z.pgrb2s.0p25.f{006,012,018,024,030}#statistic=max_t(geavg)+offset;offset_f=+0.2514;raw_f=34.4480;spread=gespr@f018;covered_leads=0-30"
NY,KNYC,2026-01-18,2026-01-17T00:00:00Z,29,gefs,34.9694,0.9000,"s3://noaa-gefs-pds/gefs.20260117/00/atmos/pgrb2sp25/{geavg,gespr}.t00z.pgrb2s.0p25.f{030,036,042,048,054}#statistic=max_t(geavg)+offset;offset_f=+0.2514;raw_f=34.7180;spread=gespr@f030;covered_leads=24-54"
NY,KNYC,2026-01-18,2026-01-16T00:00:00Z,53,gefs,37.7054,1.9440,"s3://noaa-gefs-pds/gefs.20260116/00/atmos/pgrb2sp25/{geavg,gespr}.t00z.pgrb2s.0p25.f{054,060,066,072,078}#statistic=max_t(geavg)+offset;offset_f=+0.2514;raw_f=37.4540;spread=gespr@f054;covered_leads=48-78"
NY,KNYC,2026-01-18,2026-01-15T00:00:00Z,77,gefs,38.9114,1.5840,"s3://noaa-gefs-pds/gefs.20260115/00/atmos/pgrb2sp25/{geavg,gespr}.t00z.pgrb2s.0p25.f{078,084,090,096,102}#statistic=max_t(geavg)+offset;offset_f=+0.2514;raw_f=38.6600;spread=gespr@f078;covered_leads=72-102"
CHI,KMDW,2026-01-19,2026-01-19T00:00:00Z,6,gefs,18.4229,0.5400,"s3://noaa-gefs-pds/gefs.20260119/00/atmos/pgrb2sp25/{geavg,gespr}.t00z.pgrb2s.0p25.f{012,018,024,030}#statistic=max_t(geavg)+offset;offset_f=+0.0489;raw_f=18.3740;spread=gespr@f012;covered_leads=6-30"
CHI,KMDW,2026-01-19,2026-01-18T00:00:00Z,30,gefs,17.6849,1.0620,"s3://noaa-gefs-pds/gefs.20260118/00/atmos/pgrb2sp25/{geavg,gespr}.t00z.pgrb2s.0p25.f{036,042,048,054}#statistic=max_t(geavg)+offset;offset_f=+0.0489;raw_f=17.6360;spread=gespr@f036;covered_leads=30-54"
CHI,KMDW,2026-01-19,2026-01-17T00:00:00Z,54,gefs,13.7609,3.1680,"s3://noaa-gefs-pds/gefs.20260117/00/atmos/pgrb2sp25/{geavg,gespr}.t00z.pgrb2s.0p25.f{060,066,072,078}#statistic=max_t(geavg)+offset;offset_f=+0.0489;raw_f=13.7120;spread=gespr@f060;covered_leads=54-78"
CHI,KMDW,2026-01-19,2026-01-16T00:00:00Z,78,gefs,14.4989,4.8420,"s3://noaa-gefs-pds/gefs.20260116/00/atmos/pgrb2sp25/{geavg,gespr}.t00z.pgrb2s.0p25.f{084,090,096,102}#statistic=max_t(geavg)+offset;offset_f=+0.0489;raw_f=14.4500;spread=gespr@f084;covered_leads=78-102"
LAX,KLAX,2026-01-19,2026-01-19T00:00:00Z,8,gefs,72.3469,0.4320,"s3://noaa-gefs-pds/gefs.20260119/00/atmos/pgrb2sp25/{geavg,gespr}.t00z.pgrb2s.0p25.f{012,018,024,030,033}#statistic=max_t(geavg)+offset;offset_f=+0.0269;raw_f=72.3200;spread=gespr@f024;covered_leads=6-33"
LAX,KLAX,2026-01-19,2026-01-18T00:00:00Z,32,gefs,72.2569,0.7380,"s3://noaa-gefs-pds/gefs.20260118/00/atmos/pgrb2sp25/{geavg,gespr}.t00z.pgrb2s.0p25.f{036,042,048,054,057}#statistic=max_t(geavg)+offset;offset_f=+0.0269;raw_f=72.2300;spread=gespr@f048;covered_leads=30-57"
LAX,KLAX,2026-01-19,2026-01-17T00:00:00Z,56,gefs,72.6349,0.8640,"s3://noaa-gefs-pds/gefs.20260117/00/atmos/pgrb2sp25/{geavg,gespr}.t00z.pgrb2s.0p25.f{060,066,072,078,081}#statistic=max_t(geavg)+offset;offset_f=+0.0269;raw_f=72.6080;spread=gespr@f072;covered_leads=54-81"
LAX,KLAX,2026-01-19,2026-01-16T00:00:00Z,80,gefs,71.2489,1.3140,"s3://noaa-gefs-pds/gefs.20260116/00/atmos/pgrb2sp25/{geavg,gespr}.t00z.pgrb2s.0p25.f{084,090,096,102,105}#statistic=max_t(geavg)+offset;offset_f=+0.0269;raw_f=71.2220;spread=gespr@f096;covered_leads=78-105"
MIA,KMIA,2026-01-19,2026-01-19T00:00:00Z,5,gefs,65.7869,2.4300,"s3://noaa-gefs-pds/gefs.20260119/00/atmos/pgrb2sp25/{geavg,gespr}.t00z.pgrb2s.0p25.f{006,012,018,024,030}#statistic=max_t(geavg)+offset;offset_f=+0.0549;raw_f=65.7320;spread=gespr@f024;covered_leads=0-30"
MIA,KMIA,2026-01-19,2026-01-18T00:00:00Z,29,gefs,72.6809,2.5740,"s3://noaa-gefs-pds/gefs.20260118/00/atmos/pgrb2sp25/{geavg,gespr}.t00z.pgrb2s.0p25.f{030,036,042,048,054}#statistic=max_t(geavg)+offset;offset_f=+0.0549;raw_f=72.6260;spread=gespr@f030;covered_leads=24-54"
MIA,KMIA,2026-01-19,2026-01-17T00:00:00Z,53,gefs,69.6749,3.7260,"s3://noaa-gefs-pds/gefs.20260117/00/atmos/pgrb2sp25/{geavg,gespr}.t00z.pgrb2s.0p25.f{054,060,066,072,078}#statistic=max_t(geavg)+offset;offset_f=+0.0549;raw_f=69.6200;spread=gespr@f054;covered_leads=48-78"
MIA,KMIA,2026-01-19,2026-01-16T00:00:00Z,77,gefs,70.0529,4.5000,"s3://noaa-gefs-pds/gefs.20260116/00/atmos/pgrb2sp25/{geavg,gespr}.t00z.pgrb2s.0p25.f{078,084,090,096,102}#statistic=max_t(geavg)+offset;offset_f=+0.0549;raw_f=69.9980;spread=gespr@f078;covered_leads=72-102"
NY,KNYC,2026-01-19,2026-01-19T00:00:00Z,5,gefs,32.2874,0.3780,"s3://noaa-gefs-pds/gefs.20260119/00/atmos/pgrb2sp25/{geavg,gespr}.t00z.pgrb2s.0p25.f{006,012,018,024,030}#statistic=max_t(geavg)+offset;offset_f=+0.2514;raw_f=32.0360;spread=gespr@f006;covered_leads=0-30"
NY,KNYC,2026-01-19,2026-01-18T00:00:00Z,29,gefs,33.2774,0.9000,"s3://noaa-gefs-pds/gefs.20260118/00/atmos/pgrb2sp25/{geavg,gespr}.t00z.pgrb2s.0p25.f{030,036,042,048,054}#statistic=max_t(geavg)+offset;offset_f=+0.2514;raw_f=33.0260;spread=gespr@f030;covered_leads=24-54"
NY,KNYC,2026-01-19,2026-01-17T00:00:00Z,53,gefs,33.8354,2.1060,"s3://noaa-gefs-pds/gefs.20260117/00/atmos/pgrb2sp25/{geavg,gespr}.t00z.pgrb2s.0p25.f{054,060,066,072,078}#statistic=max_t(geavg)+offset;offset_f=+0.2514;raw_f=33.5840;spread=gespr@f072;covered_leads=48-78"
NY,KNYC,2026-01-19,2026-01-16T00:00:00Z,77,gefs,34.1954,1.8360,"s3://noaa-gefs-pds/gefs.20260116/00/atmos/pgrb2sp25/{geavg,gespr}.t00z.pgrb2s.0p25.f{078,084,090,096,102}#statistic=max_t(geavg)+offset;offset_f=+0.2514;raw_f=33.9440;spread=gespr@f096;covered_leads=72-102"
CHI,KMDW,2026-01-20,2026-01-20T00:00:00Z,6,gefs,23.8769,1.1700,"s3://noaa-gefs-pds/gefs.20260120/00/atmos/pgrb2sp25/{geavg,gespr}.t00z.pgrb2s.0p25.f{012,018,024,030}#statistic=max_t(geavg)+offset;offset_f=+0.0489;raw_f=23.8280;spread=gespr@f030;covered_leads=6-30"
CHI,KMDW,2026-01-20,2026-01-19T00:00:00Z,30,gefs,22.5629,1.7820,"s3://noaa-gefs-pds/gefs.20260119/00/atmos/pgrb2sp25/{geavg,gespr}.t00z.pgrb2s.0p25.f{036,042,048,054}#statistic=max_t(geavg)+offset;offset_f=+0.0489;raw_f=22.5140;spread=gespr@f054;covered_leads=30-54"
CHI,KMDW,2026-01-20,2026-01-18T00:00:00Z,54,gefs,22.2209,3.2760,"s3://noaa-gefs-pds/gefs.20260118/00/atmos/pgrb2sp25/{geavg,gespr}.t00z.pgrb2s.0p25.f{060,066,072,078}#statistic=max_t(geavg)+offset;offset_f=+0.0489;raw_f=22.1720;spread=gespr@f078;covered_leads=54-78"
CHI,KMDW,2026-01-20,2026-01-17T00:00:00Z,78,gefs,23.6249,5.4180,"s3://noaa-gefs-pds/gefs.20260117/00/atmos/pgrb2sp25/{geavg,gespr}.t00z.pgrb2s.0p25.f{084,090,096,102}#statistic=max_t(geavg)+offset;offset_f=+0.0489;raw_f=23.5760;spread=gespr@f102;covered_leads=78-102"
LAX,KLAX,2026-01-20,2026-01-20T00:00:00Z,8,gefs,72.3289,0.3780,"s3://noaa-gefs-pds/gefs.20260120/00/atmos/pgrb2sp25/{geavg,gespr}.t00z.pgrb2s.0p25.f{012,018,024,030,033}#statistic=max_t(geavg)+offset;offset_f=+0.0269;raw_f=72.3020;spread=gespr@f024;covered_leads=6-33"
LAX,KLAX,2026-01-20,2026-01-19T00:00:00Z,32,gefs,72.7789,0.6840,"s3://noaa-gefs-pds/gefs.20260119/00/atmos/pgrb2sp25/{geavg,gespr}.t00z.pgrb2s.0p25.f{036,042,048,054,057}#statistic=max_t(geavg)+offset;offset_f=+0.0269;raw_f=72.7520;spread=gespr@f048;covered_leads=30-57"
LAX,KLAX,2026-01-20,2026-01-18T00:00:00Z,56,gefs,73.4449,0.8280,"s3://noaa-gefs-pds/gefs.20260118/00/atmos/pgrb2sp25/{geavg,gespr}.t00z.pgrb2s.0p25.f{060,066,072,078,081}#statistic=max_t(geavg)+offset;offset_f=+0.0269;raw_f=73.4180;spread=gespr@f072;covered_leads=54-81"
LAX,KLAX,2026-01-20,2026-01-17T00:00:00Z,80,gefs,73.0489,1.1520,"s3://noaa-gefs-pds/gefs.20260117/00/atmos/pgrb2sp25/{geavg,gespr}.t00z.pgrb2s.0p25.f{084,090,096,102,105}#statistic=max_t(geavg)+offset;offset_f=+0.0269;raw_f=73.0220;spread=gespr@f096;covered_leads=78-105"
MIA,KMIA,2026-01-20,2026-01-20T00:00:00Z,5,gefs,70.1789,1.3860,"s3://noaa-gefs-pds/gefs.20260120/00/atmos/pgrb2sp25/{geavg,gespr}.t00z.pgrb2s.0p25.f{006,012,018,024,030}#statistic=max_t(geavg)+offset;offset_f=+0.0549;raw_f=70.1240;spread=gespr@f024;covered_leads=0-30"
MIA,KMIA,2026-01-20,2026-01-19T00:00:00Z,29,gefs,70.4669,1.8360,"s3://noaa-gefs-pds/gefs.20260119/00/atmos/pgrb2sp25/{geavg,gespr}.t00z.pgrb2s.0p25.f{030,036,042,048,054}#statistic=max_t(geavg)+offset;offset_f=+0.0549;raw_f=70.4120;spread=gespr@f048;covered_leads=24-54"
MIA,KMIA,2026-01-20,2026-01-18T00:00:00Z,53,gefs,71.1689,2.1420,"s3://noaa-gefs-pds/gefs.20260118/00/atmos/pgrb2sp25/{geavg,gespr}.t00z.pgrb2s.0p25.f{054,060,066,072,078}#statistic=max_t(geavg)+offset;offset_f=+0.0549;raw_f=71.1140;spread=gespr@f072;covered_leads=48-78"
MIA,KMIA,2026-01-20,2026-01-17T00:00:00Z,77,gefs,70.6469,1.6380,"s3://noaa-gefs-pds/gefs.20260117/00/atmos/pgrb2sp25/{geavg,gespr}.t00z.pgrb2s.0p25.f{078,084,090,096,102}#statistic=max_t(geavg)+offset;offset_f=+0.0549;raw_f=70.5920;spread=gespr@f096;covered_leads=72-102"
NY,KNYC,2026-01-20,2026-01-20T00:00:00Z,5,gefs,28.5614,0.8280,"s3://noaa-gefs-pds/gefs.20260120/00/atmos/pgrb2sp25/{geavg,gespr}.t00z.pgrb2s.0p25.f{006,012,018,024,030}#statistic=max_t(geavg)+offset;offset_f=+0.2514;raw_f=28.3100;spread=gespr@f006;covered_leads=0-30"
NY,KNYC,2026-01-20,2026-01-19T00:00:00Z,29,gefs,27.7514,1.3140,"s3://noaa-gefs-pds/gefs.20260119/00/atmos/pgrb2sp25/{geavg,gespr}.t00z.pgrb2s.0p25.f{030,036,042,048,054}#statistic=max_t(geavg)+offset;offset_f=+0.2514;raw_f=27.5000;spread=gespr@f030;covered_leads=24-54"
NY,KNYC,2026-01-20,2026-01-18T00:00:00Z,53,gefs,27.4274,1.8900,"s3://noaa-gefs-pds/gefs.20260118/00/atmos/pgrb2sp25/{geavg,gespr}.t00z.pgrb2s.0p25.f{054,060,066,072,078}#statistic=max_t(geavg)+offset;offset_f=+0.2514;raw_f=27.1760;spread=gespr@f054;covered_leads=48-78"
NY,KNYC,2026-01-20,2026-01-17T00:00:00Z,77,gefs,27.9134,3.9240,"s3://noaa-gefs-pds/gefs.20260117/00/atmos/pgrb2sp25/{geavg,gespr}.t00z.pgrb2s.0p25.f{078,084,090,096,102}#statistic=max_t(geavg)+offset;offset_f=+0.2514;raw_f=27.6620;spread=gespr@f078;covered_leads=72-102"
CHI,KMDW,2026-01-21,2026-01-21T00:00:00Z,6,gefs,30.0509,1.2240,"s3://noaa-gefs-pds/gefs.20260121/00/atmos/pgrb2sp25/{geavg,gespr}.t00z.pgrb2s.0p25.f{012,018,024,030}#statistic=max_t(geavg)+offset;offset_f=+0.0489;raw_f=30.0020;spread=gespr@f024;covered_leads=6-30"
CHI,KMDW,2026-01-21,2026-01-20T00:00:00Z,30,gefs,31.2029,2.1600,"s3://noaa-gefs-pds/gefs.20260120/00/atmos/pgrb2sp25/{geavg,gespr}.t00z.pgrb2s.0p25.f{036,042,048,054}#statistic=max_t(geavg)+offset;offset_f=+0.0489;raw_f=31.1540;spread=gespr@f054;covered_leads=30-54"
CHI,KMDW,2026-01-21,2026-01-19T00:00:00Z,54,gefs,30.4649,3.1680,"s3://noaa-gefs-pds/gefs.20260119/00/atmos/pgrb2sp25/{geavg,gespr}.t00z.pgrb2s.0p25.f{060,066,072,078}#statistic=max_t(geavg)+offset;offset_f=+0.0489;raw_f=30.4160;spread=gespr@f066;covered_leads=54-78"
CHI,KMDW,2026-01-21,2026-01-18T00:00:00Z,78,gefs,30.3029,3.3660,"s3://noaa-gefs-pds/gefs.20260118/00/atmos/pgrb2sp25/{geavg,gespr}.t00z.pgrb2s.0p25.f{084,090,096,102}#statistic=max_t(geavg)+offset;offset_f=+0.0489;raw_f=30.2540;spread=gespr@f090;covered_leads=78-102"
LAX,KLAX,2026-01-21,2026-01-21T00:00:00Z,8,gefs,67.0909,0.7920,"s3://noaa-gefs-pds/gefs.20260121/00/atmos/pgrb2sp25/{geavg,gespr}.t00z.pgrb2s.0p25.f{012,018,024,030,033}#statistic=max_t(geavg)+offset;offset_f=+0.0269;raw_f=67.0640;spread=gespr@f024;covered_leads=6-33"
LAX,KLAX,2026-01-21,2026-01-20T00:00:00Z,32,gefs,67.2169,1.3320,"s3://noaa-gefs-pds/gefs.20260120/00/atmos/pgrb2sp25/{geavg,gespr}.t00z.pgrb2s.0p25.f{036,042,048,054,057}#statistic=max_t(geavg)+offset;offset_f=+0.0269;raw_f=67.1900;spread=gespr@f048;covered_leads=30-57"
LAX,KLAX,2026-01-21,2026-01-19T00:00:00Z,56,gefs,67.9909,1.4220,"s3://noaa-gefs-pds/gefs.20260119/00/atmos/pgrb2sp25/{geavg,gespr}.t00z.pgrb2s.0p25.f{060,066,072,078,081}#statistic=max_t(geavg)+offset;offset_f=+0.0269;raw_f=67.9640;spread=gespr@f072;covered_leads=54-81"
LAX,KLAX,2026-01-21,2026-01-18T00:00:00Z,80,gefs,70.0969,1.5120,"s3://noaa-gefs-pds/gefs.20260118/00/atmos/pgrb2sp25/{geavg,gespr}.t00z.pgrb2s.0p25.f{084,090,096,102,105}#statistic=max_t(geavg)+offset;offset_f=+0.0269;raw_f=70.0700;spread=gespr@f096;covered_leads=78-105"
MIA,KMIA,2026-01-21,2026-01-21T00:00:00Z,5,gefs,72.5549,1.5480,"s3://noaa-gefs-pds/gefs.20260121/00/atmos/pgrb2sp25/{geavg,gespr}.t00z.pgrb2s.0p25.f{006,012,018,024,030}#statistic=max_t(geavg)+offset;offset_f=+0.0549;raw_f=72.5000;spread=gespr@f024;covered_leads=0-30"
MIA,KMIA,2026-01-21,2026-01-20T00:00:00Z,29,gefs,71.6729,1.6380,"s3://noaa-gefs-pds/gefs.20260120/00/atmos/pgrb2sp25/{geavg,gespr}.t00z.pgrb2s.0p25.f{030,036,042,048,054}#statistic=max_t(geavg)+offset;offset_f=+0.0549;raw_f=71.6180;spread=gespr@f048;covered_leads=24-54"
MIA,KMIA,2026-01-21,2026-01-19T00:00:00Z,53,gefs,73.3649,1.7280,"s3://noaa-gefs-pds/gefs.20260119/00/atmos/pgrb2sp25/{geavg,gespr}.t00z.pgrb2s.0p25.f{054,060,066,072,078}#statistic=max_t(geavg)+offset;offset_f=+0.0549;raw_f=73.3100;spread=gespr@f072;covered_leads=48-78"
MIA,KMIA,2026-01-21,2026-01-18T00:00:00Z,77,gefs,73.4549,1.5480,"s3://noaa-gefs-pds/gefs.20260118/00/atmos/pgrb2sp25/{geavg,gespr}.t00z.pgrb2s.0p25.f{078,084,090,096,102}#statistic=max_t(geavg)+offset;offset_f=+0.0549;raw_f=73.4000;spread=gespr@f096;covered_leads=72-102"
NY,KNYC,2026-01-21,2026-01-21T00:00:00Z,5,gefs,36.3374,1.1160,"s3://noaa-gefs-pds/gefs.20260121/00/atmos/pgrb2sp25/{geavg,gespr}.t00z.pgrb2s.0p25.f{006,012,018,024,030}#statistic=max_t(geavg)+offset;offset_f=+0.2514;raw_f=36.0860;spread=gespr@f030;covered_leads=0-30"
NY,KNYC,2026-01-21,2026-01-20T00:00:00Z,29,gefs,35.0054,1.4400,"s3://noaa-gefs-pds/gefs.20260120/00/atmos/pgrb2sp25/{geavg,gespr}.t00z.pgrb2s.0p25.f{030,036,042,048,054}#statistic=max_t(geavg)+offset;offset_f=+0.2514;raw_f=34.7540;spread=gespr@f054;covered_leads=24-54"
NY,KNYC,2026-01-21,2026-01-19T00:00:00Z,53,gefs,34.8434,2.1240,"s3://noaa-gefs-pds/gefs.20260119/00/atmos/pgrb2sp25/{geavg,gespr}.t00z.pgrb2s.0p25.f{054,060,066,072,078}#statistic=max_t(geavg)+offset;offset_f=+0.2514;raw_f=34.5920;spread=gespr@f078;covered_leads=48-78"
NY,KNYC,2026-01-21,2026-01-18T00:00:00Z,77,gefs,33.0254,2.0880,"s3://noaa-gefs-pds/gefs.20260118/00/atmos/pgrb2sp25/{geavg,gespr}.t00z.pgrb2s.0p25.f{078,084,090,096,102}#statistic=max_t(geavg)+offset;offset_f=+0.2514;raw_f=32.7740;spread=gespr@f102;covered_leads=72-102"
CHI,KMDW,2026-01-22,2026-01-22T00:00:00Z,6,gefs,26.4869,1.4760,"s3://noaa-gefs-pds/gefs.20260122/00/atmos/pgrb2sp25/{geavg,gespr}.t00z.pgrb2s.0p25.f{012,018,024,030}#statistic=max_t(geavg)+offset;offset_f=+0.0489;raw_f=26.4380;spread=gespr@f024;covered_leads=6-30"
CHI,KMDW,2026-01-22,2026-01-21T00:00:00Z,30,gefs,24.3269,2.1960,"s3://noaa-gefs-pds/gefs.20260121/00/atmos/pgrb2sp25/{geavg,gespr}.t00z.pgrb2s.0p25.f{036,042,048,054}#statistic=max_t(geavg)+offset;offset_f=+0.0489;raw_f=24.2780;spread=gespr@f048;covered_leads=30-54"
CHI,KMDW,2026-01-22,2026-01-20T00:00:00Z,54,gefs,27.0629,2.3040,"s3://noaa-gefs-pds/gefs.20260120/00/atmos/pgrb2sp25/{geavg,gespr}.t00z.pgrb2s.0p25.f{060,066,072,078}#statistic=max_t(geavg)+offset;offset_f=+0.0489;raw_f=27.0140;spread=gespr@f060;covered_leads=54-78"
CHI,KMDW,2026-01-22,2026-01-19T00:00:00Z,78,gefs,25.7129,3.0780,"s3://noaa-gefs-pds/gefs.20260119/00/atmos/pgrb2sp25/{geavg,gespr}.t00z.pgrb2s.0p25.f{084,090,096,102}#statistic=max_t(geavg)+offset;offset_f=+0.0489;raw_f=25.6640;spread=gespr@f084;covered_leads=78-102"
LAX,KLAX,2026-01-22,2026-01-22T00:00:00Z,8,gefs,63.4909,1.0800,"s3://noaa-gefs-pds/gefs.20260122/00/atmos/pgrb2sp25/{geavg,gespr}.t00z.pgrb2s.0p25.f{012,018,024,030,033}#statistic=max_t(geavg)+offset;offset_f=+0.0269;raw_f=63.4640;spread=gespr@f024;covered_leads=6-33"
LAX,KLAX,2026-01-22,2026-01-21T00:00:00Z,32,gefs,64.3729,1.4220,"s3://noaa-gefs-pds/gefs.20260121/00/atmos/pgrb2sp25/{geavg,gespr}.t00z.pgrb2s.0p25.f{036,042,048,054,057}#statistic=max_t(geavg)+offset;offset_f=+0.0269;raw_f=64.3460;spread=gespr@f048;covered_leads=30-57"
LAX,KLAX,2026-01-22,2026-01-20T00:00:00Z,56,gefs,62.5729,1.4040,"s3://noaa-gefs-pds/gefs.20260120/00/atmos/pgrb2sp25/{geavg,gespr}.t00z.pgrb2s.0p25.f{060,066,072,078,081}#statistic=max_t(geavg)+offset;offset_f=+0.0269;raw_f=62.5460;spread=gespr@f072;covered_leads=54-81"
LAX,KLAX,2026-01-22,2026-01-19T00:00:00Z,80,gefs,64.3549,1.5300,"s3://noaa-gefs-pds/gefs.20260119/00/atmos/pgrb2sp25/{geavg,gespr}.t00z.pgrb2s.0p25.f{084,090,096,102,105}#statistic=max_t(geavg)+offset;offset_f=+0.0269;raw_f=64.3280;spread=gespr@f096;covered_leads=78-105"
MIA,KMIA,2026-01-22,2026-01-22T00:00:00Z,5,gefs,78.0629,0.6660,"s3://noaa-gefs-pds/gefs.20260122/00/atmos/pgrb2sp25/{geavg,gespr}.t00z.pgrb2s.0p25.f{006,012,018,024,030}#statistic=max_t(geavg)+offset;offset_f=+0.0549;raw_f=78.0080;spread=gespr@f024;covered_leads=0-30"
MIA,KMIA,2026-01-22,2026-01-21T00:00:00Z,29,gefs,77.6309,1.0980,"s3://noaa-gefs-pds/gefs.20260121/00/atmos/pgrb2sp25/{geavg,gespr}.t00z.pgrb2s.0p25.f{030,036,042,048,054}#statistic=max_t(geavg)+offset;offset_f=+0.0549;raw_f=77.5760;spread=gespr@f048;covered_leads=24-54"
MIA,KMIA,2026-01-22,2026-01-20T00:00:00Z,53,gefs,76.8029,1.3140,"s3://noaa-gefs-pds/gefs.20260120/00/atmos/pgrb2sp25/{geavg,gespr}.t00z.pgrb2s.0p25.f{054,060,066,072,078}#statistic=max_t(geavg)+offset;offset_f=+0.0549;raw_f=76.7480;spread=gespr@f072;covered_leads=48-78"
MIA,KMIA,2026-01-22,2026-01-19T00:00:00Z,77,gefs,77.2889,1.1340,"s3://noaa-gefs-pds/gefs.20260119/00/atmos/pgrb2sp25/{geavg,gespr}.t00z.pgrb2s.0p25.f{078,084,090,096,102}#statistic=max_t(geavg)+offset;offset_f=+0.0549;raw_f=77.2340;spread=gespr@f096;covered_leads=72-102"
NY,KNYC,2026-01-22,2026-01-22T00:00:00Z,5,gefs,40.1174,0.3780,"s3://noaa-gefs-pds/gefs.20260122/00/atmos/pgrb2sp25/{geavg,gespr}.t00z.pgrb2s.0p25.f{006,012,018,024,030}#statistic=max_t(geavg)+offset;offset_f=+0.2514;raw_f=39.8660;spread=gespr@f018;covered_leads=0-30"
NY,KNYC,2026-01-22,2026-01-21T00:00:00Z,29,gefs,39.2714,1.0620,"s3://noaa-gefs-pds/gefs.20260121/00/atmos/pgrb2sp25/{geavg,gespr}.t00z.pgrb2s.0p25.f{030,036,042,048,054}#statistic=max_t(geavg)+offset;offset_f=+0.2514;raw_f=39.0200;spread=gespr@f042;covered_leads=24-54"
NY,KNYC,2026-01-22,2026-01-20T00:00:00Z,53,gefs,39.6494,1.0080,"s3://noaa-gefs-pds/gefs.20260120/00/atmos/pgrb2sp25/{geavg,gespr}.t00z.pgrb2s.0p25.f{054,060,066,072,078}#statistic=max_t(geavg)+offset;offset_f=+0.2514;raw_f=39.3980;spread=gespr@f072;covered_leads=48-78"
NY,KNYC,2026-01-22,2026-01-19T00:00:00Z,77,gefs,38.1554,1.3500,"s3://noaa-gefs-pds/gefs.20260119/00/atmos/pgrb2sp25/{geavg,gespr}.t00z.pgrb2s.0p25.f{078,084,090,096,102}#statistic=max_t(geavg)+offset;offset_f=+0.2514;raw_f=37.9040;spread=gespr@f096;covered_leads=72-102"
CHI,KMDW,2026-01-23,2026-01-23T00:00:00Z,6,gefs,8.3429,1.4940,"s3://noaa-gefs-pds/gefs.20260123/00/atmos/pgrb2sp25/{geavg,gespr}.t00z.pgrb2s.0p25.f{012,018,024,030}#statistic=max_t(geavg)+offset;offset_f=+0.0489;raw_f=8.2940;spread=gespr@f012;covered_leads=6-30"
CHI,KMDW,2026-01-23,2026-01-22T00:00:00Z,30,gefs,4.8149,3.8700,"s3://noaa-gefs-pds/gefs.20260122/00/atmos/pgrb2sp25/{geavg,gespr}.t00z.pgrb2s.0p25.f{036,042,048,054}#statistic=max_t(geavg)+offset;offset_f=+0.0489;raw_f=4.7660;spread=gespr@f036;covered_leads=30-54"
CHI,KMDW,2026-01-23,2026-01-21T00:00:00Z,54,gefs,2.2949,5.2200,"s3://noaa-gefs-pds/gefs.20260121/00/atmos/pgrb2sp25/{geavg,gespr}.t00z.pgrb2s.0p25.f{060,066,072,078}#statistic=max_t(geavg)+offset;offset_f=+0.0489;raw_f=2.2460;spread=gespr@f060;covered_leads=54-78"
CHI,KMDW,2026-01-23,2026-01-20T00:00:00Z,78,gefs,4.0409,4.3380,"s3://noaa-gefs-pds/gefs.20260120/00/atmos/pgrb2sp25/{geavg,gespr}.t00z.pgrb2s.0p25.f{084,090,096,102}#statistic=max_t(geavg)+offset;offset_f=+0.0489;raw_f=3.9920;spread=gespr@f084;covered_leads=78-102"
LAX,KLAX,2026-01-23,2026-01-23T00:00:00Z,8,gefs,63.8329,0.7020,"s3://noaa-gefs-pds/gefs.20260123/00/atmos/pgrb2sp25/{geavg,gespr}.t00z.pgrb2s.0p25.f{012,018,024,030,033}#statistic=max_t(geavg)+offset;offset_f=+0.0269;raw_f=63.8060;spread=gespr@f024;covered_leads=6-33"
LAX,KLAX,2026-01-23,2026-01-22T00:00:00Z,32,gefs,63.6349,1.1700,"s3://noaa-gefs-pds/gefs.20260122/00/atmos/pgrb2sp25/{geavg,gespr}.t00z.pgrb2s.0p25.f{036,042,048,054,057}#statistic=max_t(geavg)+offset;offset_f=+0.0269;raw_f=63.6080;spread=gespr@f048;covered_leads=30-57"
LAX,KLAX,2026-01-23,2026-01-21T00:00:00Z,56,gefs,62.0509,1.6560,"s3://noaa-gefs-pds/gefs.20260121/00/atmos/pgrb2sp25/{geavg,gespr}.t00z.pgrb2s.0p25.f{060,066,072,078,081}#statistic=max_t(geavg)+offset;offset_f=+0.0269;raw_f=62.0240;spread=gespr@f072;covered_leads=54-81"
LAX,KLAX,2026-01-23,2026-01-20T00:00:00Z,80,gefs,61.7449,1.8540,"s3://noaa-gefs-pds/gefs.20260120/00/atmos/pgrb2sp25/{geavg,gespr}.t00z.pgrb2s.0p25.f{084,090,096,102,105}#statistic=max_t(geavg)+offset;offset_f=+0.0269;raw_f=61.7180;spread=gespr@f096;covered_leads=78-105"
MIA,KMIA,2026-01-23,2026-01-23T00:00:00Z,5,gefs,79.5029,0.3600,"s3://noaa-gefs-pds/gefs.20260123/00/atmos/pgrb2sp25/{geavg,gespr}.t00z.pgrb2s.0p25.f{006,012,018,024,030}#statistic=max_t(geavg)+offset;offset_f=+0.0549;raw_f=79.4480;spread=gespr@f024;covered_leads=0-30"
MIA,KMIA,2026-01-23,2026-01-22T00:00:00Z,29,gefs,79.1429,0.7200,"s3://noaa-gefs-pds/gefs.20260122/00/atmos/pgrb2sp25/{geavg,gespr}.t00z.pgrb2s.0p25.f{030,036,042,048,054}#statistic=max_t(geavg)+offset;offset_f=+0.0549;raw_f=79.0880;spread=gespr@f048;covered_leads=24-54"
MIA,KMIA,2026-01-23,2026-01-21T00:00:00Z,53,gefs,78.8369,0.7560,"s3://noaa-gefs-pds/gefs.20260121/00/atmos/pgrb2sp25/{geavg,gespr}.t00z.pgrb2s.0p25.f{054,060,066,072,078}#statistic=max_t(geavg)+offset;offset_f=+0.0549;raw_f=78.7820;spread=gespr@f072;covered_leads=48-78"
MIA,KMIA,2026-01-23,2026-01-20T00:00:00Z,77,gefs,78.4409,0.6660,"s3://noaa-gefs-pds/gefs.20260120/00/atmos/pgrb2sp25/{geavg,gespr}.t00z.pgrb2s.0p25.f{078,084,090,096,102}#statistic=max_t(geavg)+offset;offset_f=+0.0549;raw_f=78.3860;spread=gespr@f096;covered_leads=72-102"
NY,KNYC,2026-01-23,2026-01-23T00:00:00Z,5,gefs,37.7954,0.5220,"s3://noaa-gefs-pds/gefs.20260123/00/atmos/pgrb2sp25/{geavg,gespr}.t00z.pgrb2s.0p25.f{006,012,018,024,030}#statistic=max_t(geavg)+offset;offset_f=+0.2514;raw_f=37.5440;spread=gespr@f006;covered_leads=0-30"
NY,KNYC,2026-01-23,2026-01-22T00:00:00Z,29,gefs,35.1674,1.6740,"s3://noaa-gefs-pds/gefs.20260122/00/atmos/pgrb2sp25/{geavg,gespr}.t00z.pgrb2s.0p25.f{030,036,042,048,054}#statistic=max_t(geavg)+offset;offset_f=+0.2514;raw_f=34.9160;spread=gespr@f042;covered_leads=24-54"
NY,KNYC,2026-01-23,2026-01-21T00:00:00Z,53,gefs,33.1334,0.9180,"s3://noaa-gefs-pds/gefs.20260121/00/atmos/pgrb2sp25/{geavg,gespr}.t00z.pgrb2s.0p25.f{054,060,066,072,078}#statistic=max_t(geavg)+offset;offset_f=+0.2514;raw_f=32.8820;spread=gespr@f054;covered_leads=48-78"
NY,KNYC,2026-01-23,2026-01-20T00:00:00Z,77,gefs,34.2854,1.1160,"s3://noaa-gefs-pds/gefs.20260120/00/atmos/pgrb2sp25/{geavg,gespr}.t00z.pgrb2s.0p25.f{078,084,090,096,102}#statistic=max_t(geavg)+offset;offset_f=+0.2514;raw_f=34.0340;spread=gespr@f078;covered_leads=72-102"
CHI,KMDW,2026-01-24,2026-01-24T00:00:00Z,6,gefs,10.2329,1.5120,"s3://noaa-gefs-pds/gefs.20260124/00/atmos/pgrb2sp25/{geavg,gespr}.t00z.pgrb2s.0p25.f{012,018,024,030}#statistic=max_t(geavg)+offset;offset_f=+0.0489;raw_f=10.1840;spread=gespr@f030;covered_leads=6-30"
CHI,KMDW,2026-01-24,2026-01-23T00:00:00Z,30,gefs,10.6289,2.1960,"s3://noaa-gefs-pds/gefs.20260123/00/atmos/pgrb2sp25/{geavg,gespr}.t00z.pgrb2s.0p25.f{036,042,048,054}#statistic=max_t(geavg)+offset;offset_f=+0.0489;raw_f=10.5800;spread=gespr@f054;covered_leads=30-54"
CHI,KMDW,2026-01-24,2026-01-22T00:00:00Z,54,gefs,11.6909,1.3680,"s3://noaa-gefs-pds/gefs.20260122/00/atmos/pgrb2sp25/{geavg,gespr}.t00z.pgrb2s.0p25.f{060,066,072,078}#statistic=max_t(geavg)+offset;offset_f=+0.0489;raw_f=11.6420;spread=gespr@f078;covered_leads=54-78"
CHI,KMDW,2026-01-24,2026-01-21T00:00:00Z,78,gefs,10.0169,3.1320,"s3://noaa-gefs-pds/gefs.20260121/00/atmos/pgrb2sp25/{geavg,gespr}.t00z.pgrb2s.0p25.f{084,090,096,102}#statistic=max_t(geavg)+offset;offset_f=+0.0489;raw_f=9.9680;spread=gespr@f102;covered_leads=78-102"
LAX,KLAX,2026-01-24,2026-01-24T00:00:00Z,8,gefs,61.2589,1.1340,"s3://noaa-gefs-pds/gefs.20260124/00/atmos/pgrb2sp25/{geavg,gespr}.t00z.pgrb2s.0p25.f{012,018,024,030,033}#statistic=max_t(geavg)+offset;offset_f=+0.0269;raw_f=61.2320;spread=gespr@f024;covered_leads=6-33"
LAX,KLAX,2026-01-24,2026-01-23T00:00:00Z,32,gefs,61.5649,1.2960,"s3://noaa-gefs-pds/gefs.20260123/00/atmos/pgrb2sp25/{geavg,gespr}.t00z.pgrb2s.0p25.f{036,042,048,054,057}#statistic=max_t(geavg)+offset;offset_f=+0.0269;raw_f=61.5380;spread=gespr@f048;covered_leads=30-57"
LAX,KLAX,2026-01-24,2026-01-22T00:00:00Z,56,gefs,61.7989,2.4120,"s3://noaa-gefs-pds/gefs.20260122/00/atmos/pgrb2sp25/{geavg,gespr}.t00z.pgrb2s.0p25.f{060,066,072,078,081}#statistic=max_t(geavg)+offset;offset_f=+0.0269;raw_f=61.7720;spread=gespr@f072;covered_leads=54-81"
LAX,KLAX,2026-01-24,2026-01-21T00:00:00Z,80,gefs,63.5449,3.1860,"s3://noaa-gefs-pds/gefs.20260121/00/atmos/pgrb2sp25/{geavg,gespr}.t00z.pgrb2s.0p25.f{084,090,096,102,105}#statistic=max_t(geavg)+offset;offset_f=+0.0269;raw_f=63.5180;spread=gespr@f096;covered_leads=78-105"
MIA,KMIA,2026-01-24,2026-01-24T00:00:00Z,5,gefs,78.9809,0.5940,"s3://noaa-gefs-pds/gefs.20260124/00/atmos/pgrb2sp25/{geavg,gespr}.t00z.pgrb2s.0p25.f{006,012,018,024,030}#statistic=max_t(geavg)+offset;offset_f=+0.0549;raw_f=78.9260;spread=gespr@f018;covered_leads=0-30"
MIA,KMIA,2026-01-24,2026-01-23T00:00:00Z,29,gefs,78.9269,0.7200,"s3://noaa-gefs-pds/gefs.20260123/00/atmos/pgrb2sp25/{geavg,gespr}.t00z.pgrb2s.0p25.f{030,036,042,048,054}#statistic=max_t(geavg)+offset;offset_f=+0.0549;raw_f=78.8720;spread=gespr@f042;covered_leads=24-54"
MIA,KMIA,2026-01-24,2026-01-22T00:00:00Z,53,gefs,78.0989,0.9360,"s3://noaa-gefs-pds/gefs.20260122/00/atmos/pgrb2sp25/{geavg,gespr}.t00z.pgrb2s.0p25.f{054,060,066,072,078}#statistic=max_t(geavg)+offset;offset_f=+0.0549;raw_f=78.0440;spread=gespr@f072;covered_leads=48-78"
MIA,KMIA,2026-01-24,2026-01-21T00:00:00Z,77,gefs,78.7649,0.7560,"s3://noaa-gefs-pds/gefs.20260121/00/atmos/pgrb2sp25/{geavg,gespr}.t00z.pgrb2s.0p25.f{078,084,090,096,102}#statistic=max_t(geavg)+offset;offset_f=+0.0549;raw_f=78.7100;spread=gespr@f096;covered_leads=72-102"
NY,KNYC,2026-01-24,2026-01-24T00:00:00Z,5,gefs,29.2274,1.6920,"s3://noaa-gefs-pds/gefs.20260124/00/atmos/pgrb2sp25/{geavg,gespr}.t00z.pgrb2s.0p25.f{006,012,018,024,030}#statistic=max_t(geavg)+offset;offset_f=+0.2514;raw_f=28.9760;spread=gespr@f006;covered_leads=0-30"
NY,KNYC,2026-01-24,2026-01-23T00:00:00Z,29,gefs,23.1074,4.8600,"s3://noaa-gefs-pds/gefs.20260123/00/atmos/pgrb2sp25/{geavg,gespr}.t00z.pgrb2s.0p25.f{030,036,042,048,054}#statistic=max_t(geavg)+offset;offset_f=+0.2514;raw_f=22.8560;spread=gespr@f030;covered_leads=24-54"
NY,KNYC,2026-01-24,2026-01-22T00:00:00Z,53,gefs,22.5674,4.9140,"s3://noaa-gefs-pds/gefs.20260122/00/atmos/pgrb2sp25/{geavg,gespr}.t00z.pgrb2s.0p25.f{054,060,066,072,078}#statistic=max_t(geavg)+offset;offset_f=+0.2514;raw_f=22.3160;spread=gespr@f054;covered_leads=48-78"
NY,KNYC,2026-01-24,2026-01-21T00:00:00Z,77,gefs,21.6854,5.0400,"s3://noaa-gefs-pds/gefs.20260121/00/atmos/pgrb2sp25/{geavg,gespr}.t00z.pgrb2s.0p25.f{078,084,090,096,102}#statistic=max_t(geavg)+offset;offset_f=+0.2514;raw_f=21.4340;spread=gespr@f078;covered_leads=72-102"
CHI,KMDW,2026-01-25,2026-01-25T00:00:00Z,6,gefs,17.8109,1.9260,"s3://noaa-gefs-pds/gefs.20260125/00/atmos/pgrb2sp25/{geavg,gespr}.t00z.pgrb2s.0p25.f{012,018,024,030}#statistic=max_t(geavg)+offset;offset_f=+0.0489;raw_f=17.7620;spread=gespr@f024;covered_leads=6-30"
CHI,KMDW,2026-01-25,2026-01-24T00:00:00Z,30,gefs,17.6669,2.1960,"s3://noaa-gefs-pds/gefs.20260124/00/atmos/pgrb2sp25/{geavg,gespr}.t00z.pgrb2s.0p25.f{036,042,048,054}#statistic=max_t(geavg)+offset;offset_f=+0.0489;raw_f=17.6180;spread=gespr@f048;covered_leads=30-54"
CHI,KMDW,2026-01-25,2026-01-23T00:00:00Z,54,gefs,17.6669,1.8720,"s3://noaa-gefs-pds/gefs.20260123/00/atmos/pgrb2sp25/{geavg,gespr}.t00z.pgrb2s.0p25.f{060,066,072,078}#statistic=max_t(geavg)+offset;offset_f=+0.0489;raw_f=17.6180;spread=gespr@f072;covered_leads=54-78"
CHI,KMDW,2026-01-25,2026-01-22T00:00:00Z,78,gefs,18.2969,2.1420,"s3://noaa-gefs-pds/gefs.20260122/00/atmos/pgrb2sp25/{geavg,gespr}.t00z.pgrb2s.0p25.f{084,090,096,102}#statistic=max_t(geavg)+offset;offset_f=+0.0489;raw_f=18.2480;spread=gespr@f096;covered_leads=78-102"
LAX,KLAX,2026-01-25,2026-01-25T00:00:00Z,8,gefs,64.4449,0.4320,"s3://noaa-gefs-pds/gefs.20260125/00/atmos/pgrb2sp25/{geavg,gespr}.t00z.pgrb2s.0p25.f{012,018,024,030,033}#statistic=max_t(geavg)+offset;offset_f=+0.0269;raw_f=64.4180;spread=gespr@f024;covered_leads=6-33"
LAX,KLAX,2026-01-25,2026-01-24T00:00:00Z,32,gefs,64.2649,0.5580,"s3://noaa-gefs-pds/gefs.20260124/00/atmos/pgrb2sp25/{geavg,gespr}.t00z.pgrb2s.0p25.f{036,042,048,054,057}#statistic=max_t(geavg)+offset;offset_f=+0.0269;raw_f=64.2380;spread=gespr@f048;covered_leads=30-57"
LAX,KLAX,2026-01-25,2026-01-23T00:00:00Z,56,gefs,64.5529,1.3500,"s3://noaa-gefs-pds/gefs.20260123/00/atmos/pgrb2sp25/{geavg,gespr}.t00z.pgrb2s.0p25.f{060,066,072,078,081}#statistic=max_t(geavg)+offset;offset_f=+0.0269;raw_f=64.5260;spread=gespr@f072;covered_leads=54-81"
LAX,KLAX,2026-01-25,2026-01-22T00:00:00Z,80,gefs,65.0389,2.2320,"s3://noaa-gefs-pds/gefs.20260122/00/atmos/pgrb2sp25/{geavg,gespr}.t00z.pgrb2s.0p25.f{084,090,096,102,105}#statistic=max_t(geavg)+offset;offset_f=+0.0269;raw_f=65.0120;spread=gespr@f096;covered_leads=78-105"
MIA,KMIA,2026-01-25,2026-01-25T00:00:00Z,5,gefs,79.4849,0.3420,"s3://noaa-gefs-pds/gefs.20260125/00/atmos/pgrb2sp25/{geavg,gespr}.t00z.pgrb2s.0p25.f{006,012,018,024,030}#statistic=max_t(geavg)+offset;offset_f=+0.0549;raw_f=79.4300;spread=gespr@f024;covered_leads=0-30"
MIA,KMIA,2026-01-25,2026-01-24T00:00:00Z,29,gefs,79.3769,0.3960,"s3://noaa-gefs-pds/gefs.20260124/00/atmos/pgrb2sp25/{geavg,gespr}.t00z.pgrb2s.0p25.f{030,036,042,048,054}#statistic=max_t(geavg)+offset;offset_f=+0.0549;raw_f=79.3220;spread=gespr@f048;covered_leads=24-54"
MIA,KMIA,2026-01-25,2026-01-23T00:00:00Z,53,gefs,78.9989,0.5040,"s3://noaa-gefs-pds/gefs.20260123/00/atmos/pgrb2sp25/{geavg,gespr}.t00z.pgrb2s.0p25.f{054,060,066,072,078}#statistic=max_t(geavg)+offset;offset_f=+0.0549;raw_f=78.9440;spread=gespr@f072;covered_leads=48-78"
MIA,KMIA,2026-01-25,2026-01-22T00:00:00Z,77,gefs,79.1069,0.6840,"s3://noaa-gefs-pds/gefs.20260122/00/atmos/pgrb2sp25/{geavg,gespr}.t00z.pgrb2s.0p25.f{078,084,090,096,102}#statistic=max_t(geavg)+offset;offset_f=+0.0549;raw_f=79.0520;spread=gespr@f096;covered_leads=72-102"
NY,KNYC,2026-01-25,2026-01-25T00:00:00Z,5,gefs,32.7734,1.6920,"s3://noaa-gefs-pds/gefs.20260125/00/atmos/pgrb2sp25/{geavg,gespr}.t00z.pgrb2s.0p25.f{006,012,018,024,030}#statistic=max_t(geavg)+offset;offset_f=+0.2514;raw_f=32.5220;spread=gespr@f030;covered_leads=0-30"
NY,KNYC,2026-01-25,2026-01-24T00:00:00Z,29,gefs,30.1094,2.7360,"s3://noaa-gefs-pds/gefs.20260124/00/atmos/pgrb2sp25/{geavg,gespr}.t00z.pgrb2s.0p25.f{030,036,042,048,054}#statistic=max_t(geavg)+offset;offset_f=+0.2514;raw_f=29.8580;spread=gespr@f054;covered_leads=24-54"
NY,KNYC,2026-01-25,2026-01-23T00:00:00Z,53,gefs,26.5994,4.4640,"s3://noaa-gefs-pds/gefs.20260123/00/atmos/pgrb2sp25/{geavg,gespr}.t00z.pgrb2s.0p25.f{054,060,066,072,078}#statistic=max_t(geavg)+offset;offset_f=+0.2514;raw_f=26.3480;spread=gespr@f078;covered_leads=48-78"
NY,KNYC,2026-01-25,2026-01-22T00:00:00Z,77,gefs,24.2234,4.5000,"s3://noaa-gefs-pds/gefs.20260122/00/atmos/pgrb2sp25/{geavg,gespr}.t00z.pgrb2s.0p25.f{078,084,090,096,102}#statistic=max_t(geavg)+offset;offset_f=+0.2514;raw_f=23.9720;spread=gespr@f102;covered_leads=72-102"
CHI,KMDW,2026-01-26,2026-01-26T00:00:00Z,6,gefs,9.6389,1.1520,"s3://noaa-gefs-pds/gefs.20260126/00/atmos/pgrb2sp25/{geavg,gespr}.t00z.pgrb2s.0p25.f{012,018,024,030}#statistic=max_t(geavg)+offset;offset_f=+0.0489;raw_f=9.5900;spread=gespr@f030;covered_leads=6-30"
CHI,KMDW,2026-01-26,2026-01-25T00:00:00Z,30,gefs,9.2969,1.4760,"s3://noaa-gefs-pds/gefs.20260125/00/atmos/pgrb2sp25/{geavg,gespr}.t00z.pgrb2s.0p25.f{036,042,048,054}#statistic=max_t(geavg)+offset;offset_f=+0.0489;raw_f=9.2480;spread=gespr@f054;covered_leads=30-54"
CHI,KMDW,2026-01-26,2026-01-24T00:00:00Z,54,gefs,11.0069,2.9520,"s3://noaa-gefs-pds/gefs.20260124/00/atmos/pgrb2sp25/{geavg,gespr}.t00z.pgrb2s.0p25.f{060,066,072,078}#statistic=max_t(geavg)+offset;offset_f=+0.0489;raw_f=10.9580;spread=gespr@f078;covered_leads=54-78"
CHI,KMDW,2026-01-26,2026-01-23T00:00:00Z,78,gefs,11.9249,2.4480,"s3://noaa-gefs-pds/gefs.20260123/00/atmos/pgrb2sp25/{geavg,gespr}.t00z.pgrb2s.0p25.f{084,090,096,102}#statistic=max_t(geavg)+offset;offset_f=+0.0489;raw_f=11.8760;spread=gespr@f096;covered_leads=78-102"
LAX,KLAX,2026-01-26,2026-01-26T00:00:00Z,8,gefs,67.7029,0.3060,"s3://noaa-gefs-pds/gefs.20260126/00/atmos/pgrb2sp25/{geavg,gespr}.t00z.pgrb2s.0p25.f{012,018,024,030,033}#statistic=max_t(geavg)+offset;offset_f=+0.0269;raw_f=67.6760;spread=gespr@f024;covered_leads=6-33"
LAX,KLAX,2026-01-26,2026-01-25T00:00:00Z,32,gefs,67.7209,0.5580,"s3://noaa-gefs-pds/gefs.20260125/00/atmos/pgrb2sp25/{geavg,gespr}.t00z.pgrb2s.0p25.f{036,042,048,054,057}#statistic=max_t(geavg)+offset;offset_f=+0.0269;raw_f=67.6940;spread=gespr@f048;covered_leads=30-57"
LAX,KLAX,2026-01-26,2026-01-24T00:00:00Z,56,gefs,66.3349,0.6480,"s3://noaa-gefs-pds/gefs.20260124/00/atmos/pgrb2sp25/{geavg,gespr}.t00z.pgrb2s.0p25.f{060,066,072,078,081}#statistic=max_t(geavg)+offset;offset_f=+0.0269;raw_f=66.3080;spread=gespr@f072;covered_leads=54-81"
LAX,KLAX,2026-01-26,2026-01-23T00:00:00Z,80,gefs,65.7049,1.0260,"s3://noaa-gefs-pds/gefs.20260123/00/atmos/pgrb2sp25/{geavg,gespr}.t00z.pgrb2s.0p25.f{084,090,096,102,105}#statistic=max_t(geavg)+offset;offset_f=+0.0269;raw_f=65.6780;spread=gespr@f096;covered_leads=78-105"
MIA,KMIA,2026-01-26,2026-01-26T00:00:00Z,5,gefs,84.6149,0.8640,"s3://noaa-gefs-pds/gefs.20260126/00/atmos/pgrb2sp25/{geavg,gespr}.t00z.pgrb2s.0p25.f{006,012,018,024,030}#statistic=max_t(geavg)+offset;offset_f=+0.0549;raw_f=84.5600;spread=gespr@f024;covered_leads=0-30"
MIA,KMIA,2026-01-26,2026-01-25T00:00:00Z,29,gefs,84.0749,0.7380,"s3://noaa-gefs-pds/gefs.20260125/00/atmos/pgrb2sp25/{geavg,gespr}.t00z.pgrb2s.0p25.f{030,036,042,048,054}#statistic=max_t(geavg)+offset;offset_f=+0.0549;raw_f=84.0200;spread=gespr@f048;covered_leads=24-54"
MIA,KMIA,2026-01-26,2026-01-24T00:00:00Z,53,gefs,82.9769,1.6020,"s3://noaa-gefs-pds/gefs.20260124/00/atmos/pgrb2sp25/{geavg,gespr}.t00z.pgrb2s.0p25.f{054,060,066,072,078}#statistic=max_t(geavg)+offset;offset_f=+0.0549;raw_f=82.9220;spread=gespr@f072;covered_leads=48-78"
MIA,KMIA,2026-01-26,2026-01-23T00:00:00Z,77,gefs,81.9149,2.8800,"s3://noaa-gefs-pds/gefs.20260123/00/atmos/pgrb2sp25/{geavg,gespr}.t00z.pgrb2s.0p25.f{078,084,090,096,102}#statistic=max_t(geavg)+offset;offset_f=+0.0549;raw_f=81.8600;spread=gespr@f096;covered_leads=72-102"
NY,KNYC,2026-01-26,2026-01-26T00:00:00Z,5,gefs,30.8834,0.9000,"s3://noaa-gefs-pds/gefs.20260126/00/atmos/pgrb2sp25/{geavg,gespr}.t00z.pgrb2s.0p25.f{006,012,018,024,030}#statistic=max_t(geavg)+offset;offset_f=+0.2514;raw_f=30.6320;spread=gespr@f006;covered_leads=0-30"
NY,KNYC,2026-01-26,2026-01-25T00:00:00Z,29,gefs,32.7734,1.6920,"s3://noaa-gefs-pds/gefs.20260125/00/atmos/pgrb2sp25/{geavg,gespr}.t00z.pgrb2s.0p25.f{030,036,042,048,054}#statistic=max_t(geavg)+offset;offset_f=+0.2514;raw_f=32.5220;spread=gespr@f030;covered_leads=24-54"
NY,KNYC,2026-01-26,2026-01-24T00:00:00Z,53,gefs,30.1994,3.2040,"s3://noaa-gefs-pds/gefs.20260124/00/atmos/pgrb2sp25/{geavg,gespr}.t00z.pgrb2s.0p25.f{054,060,066,072,078}#statistic=max_t(geavg)+offset;offset_f=+0.2514;raw_f=29.9480;spread=gespr@f060;covered_leads=48-78"
NY,KNYC,2026-01-26,2026-01-23T00:00:00Z,77,gefs,27.0494,4.5900,"s3://noaa-gefs-pds/gefs.20260123/00/atmos/pgrb2sp25/{geavg,gespr}.t00z.pgrb2s.0p25.f{078,084,090,096,102}#statistic=max_t(geavg)+offset;offset_f=+0.2514;raw_f=26.7980;spread=gespr@f084;covered_leads=72-102"
CHI,KMDW,2026-01-27,2026-01-27T00:00:00Z,6,gefs,14.3189,0.9180,"s3://noaa-gefs-pds/gefs.20260127/00/atmos/pgrb2sp25/{geavg,gespr}.t00z.pgrb2s.0p25.f{012,018,024,030}#statistic=max_t(geavg)+offset;offset_f=+0.0489;raw_f=14.2700;spread=gespr@f018;covered_leads=6-30"
CHI,KMDW,2026-01-27,2026-01-26T00:00:00Z,30,gefs,16.1729,1.1880,"s3://noaa-gefs-pds/gefs.20260126/00/atmos/pgrb2sp25/{geavg,gespr}.t00z.pgrb2s.0p25.f{036,042,048,054}#statistic=max_t(geavg)+offset;offset_f=+0.0489;raw_f=16.1240;spread=gespr@f042;covered_leads=30-54"
CHI,KMDW,2026-01-27,2026-01-25T00:00:00Z,54,gefs,17.4689,2.1060,"s3://noaa-gefs-pds/gefs.20260125/00/atmos/pgrb2sp25/{geavg,gespr}.t00z.pgrb2s.0p25.f{060,066,072,078}#statistic=max_t(geavg)+offset;offset_f=+0.0489;raw_f=17.4200;spread=gespr@f066;covered_leads=54-78"
CHI,KMDW,2026-01-27,2026-01-24T00:00:00Z,78,gefs,19.1969,3.9960,"s3://noaa-gefs-pds/gefs.20260124/00/atmos/pgrb2sp25/{geavg,gespr}.t00z.pgrb2s.0p25.f{084,090,096,102}#statistic=max_t(geavg)+offset;offset_f=+0.0489;raw_f=19.1480;spread=gespr@f096;covered_leads=78-102"
LAX,KLAX,2026-01-27,2026-01-27T00:00:00Z,8,gefs,67.9009,0.4680,"s3://noaa-gefs-pds/gefs.20260127/00/atmos/pgrb2sp25/{geavg,gespr}.t00z.pgrb2s.0p25.f{012,018,024,030,033}#statistic=max_t(geavg)+offset;offset_f=+0.0269;raw_f=67.8740;spread=gespr@f024;covered_leads=6-33"
LAX,KLAX,2026-01-27,2026-01-26T00:00:00Z,32,gefs,67.8469,0.5940,"s3://noaa-gefs-pds/gefs.20260126/00/atmos/pgrb2sp25/{geavg,gespr}.t00z.pgrb2s.0p25.f{036,042,048,054,057}#statistic=max_t(geavg)+offset;offset_f=+0.0269;raw_f=67.8200;spread=gespr@f048;covered_leads=30-57"
LAX,KLAX,2026-01-27,2026-01-25T00:00:00Z,56,gefs,67.5949,0.6480,"s3://noaa-gefs-pds/gefs.20260125/00/atmos/pgrb2sp25/{geavg,gespr}.t00z.pgrb2s.0p25.f{060,066,072,078,081}#statistic=max_t(geavg)+offset;offset_f=+0.0269;raw_f=67.5680;spread=gespr@f072;covered_leads=54-81"
LAX,KLAX,2026-01-27,2026-01-24T00:00:00Z,80,gefs,66.7309,1.0080,"s3://noaa-gefs-pds/gefs.20260124/00/atmos/pgrb2sp25/{geavg,gespr}.t00z.pgrb2s.0p25.f{084,090,096,102,105}#statistic=max_t(geavg)+offset;offset_f=+0.0269;raw_f=66.7040;spread=gespr@f096;covered_leads=78-105"
MIA,KMIA,2026-01-27,2026-01-27T00:00:00Z,5,gefs,76.5509,0.7200,"s3://noaa-gefs-pds/gefs.20260127/00/atmos/pgrb2sp25/{geavg,gespr}.t00z.pgrb2s.0p25.f{006,012,018,024,030}#statistic=max_t(geavg)+offset;offset_f=+0.0549;raw_f=76.4960;spread=gespr@f006;covered_leads=0-30"
MIA,KMIA,2026-01-27,2026-01-26T00:00:00Z,29,gefs,78.2069,1.3140,"s3://noaa-gefs-pds/gefs.20260126/00/atmos/pgrb2sp25/{geavg,gespr}.t00z.pgrb2s.0p25.f{030,036,042,048,054}#statistic=max_t(geavg)+offset;offset_f=+0.0549;raw_f=78.1520;spread=gespr@f030;covered_leads=24-54"
MIA,KMIA,2026-01-27,2026-01-25T00:00:00Z,53,gefs,78.3509,0.7200,"s3://noaa-gefs-pds/gefs.20260125/00/atmos/pgrb2sp25/{geavg,gespr}.t00z.pgrb2s.0p25.f{054,060,066,072,078}#statistic=max_t(geavg)+offset;offset_f=+0.0549;raw_f=78.2960;spread=gespr@f054;covered_leads=48-78"
MIA,KMIA,2026-01-27,2026-01-24T00:00:00Z,77,gefs,74.7869,3.9240,"s3://noaa-gefs-pds/gefs.20260124/00/atmos/pgrb2sp25/{geavg,gespr}.t00z.pgrb2s.0p25.f{078,084,090,096,102}#statistic=max_t(geavg)+offset;offset_f=+0.0549;raw_f=74.7320;spread=gespr@f078;covered_leads=72-102"
NY,KNYC,2026-01-27,2026-01-27T00:00:00Z,5,gefs,19.3814,0.4140,"s3://noaa-gefs-pds/gefs.20260127/00/atmos/pgrb2sp25/{geavg,gespr}.t00z.pgrb2s.0p25.f{006,012,018,024,030}#statistic=max_t(geavg)+offset;offset_f=+0.2514;raw_f=19.1300;spread=gespr@f006;covered_leads=0-30"
NY,KNYC,2026-01-27,2026-01-26T00:00:00Z,29,gefs,16.1234,0.9900,"s3://noaa-gefs-pds/gefs.20260126/00/atmos/pgrb2sp25/{geavg,gespr}.t00z.pgrb2s.0p25.f{030,036,042,048,054}#statistic=max_t(geavg)+offset;offset_f=+0.2514;raw_f=15.8720;spread=gespr@f048;covered_leads=24-54"
NY,KNYC,2026-01-27,2026-01-25T00:00:00Z,53,gefs,17.9954,1.5300,"s3://noaa-gefs-pds/gefs.20260125/00/atmos/pgrb2sp25/{geavg,gespr}.t00z.pgrb2s.0p25.f{054,060,066,072,078}#statistic=max_t(geavg)+offset;offset_f=+0.2514;raw_f=17.7440;spread=gespr@f054;covered_leads=48-78"
NY,KNYC,2026-01-27,2026-01-24T00:00:00Z,77,gefs,18.1034,2.2320,"s3://noaa-gefs-pds/gefs.20260124/00/atmos/pgrb2sp25/{geavg,gespr}.t00z.pgrb2s.0p25.f{078,084,090,096,102}#statistic=max_t(geavg)+offset;offset_f=+0.2514;raw_f=17.8520;spread=gespr@f096;covered_leads=72-102"
CHI,KMDW,2026-01-28,2026-01-28T00:00:00Z,6,gefs,14.5889,1.4220,"s3://noaa-gefs-pds/gefs.20260128/00/atmos/pgrb2sp25/{geavg,gespr}.t00z.pgrb2s.0p25.f{012,018,024,030}#statistic=max_t(geavg)+offset;offset_f=+0.0489;raw_f=14.5400;spread=gespr@f024;covered_leads=6-30"
CHI,KMDW,2026-01-28,2026-01-27T00:00:00Z,30,gefs,14.9489,2.3220,"s3://noaa-gefs-pds/gefs.20260127/00/atmos/pgrb2sp25/{geavg,gespr}.t00z.pgrb2s.0p25.f{036,042,048,054}#statistic=max_t(geavg)+offset;offset_f=+0.0489;raw_f=14.9000;spread=gespr@f048;covered_leads=30-54"
CHI,KMDW,2026-01-28,2026-01-26T00:00:00Z,54,gefs,13.4189,2.8800,"s3://noaa-gefs-pds/gefs.20260126/00/atmos/pgrb2sp25/{geavg,gespr}.t00z.pgrb2s.0p25.f{060,066,072,078}#statistic=max_t(geavg)+offset;offset_f=+0.0489;raw_f=13.3700;spread=gespr@f072;covered_leads=54-78"
CHI,KMDW,2026-01-28,2026-01-25T00:00:00Z,78,gefs,13.1489,2.8980,"s3://noaa-gefs-pds/gefs.20260125/00/atmos/pgrb2sp25/{geavg,gespr}.t00z.pgrb2s.0p25.f{084,090,096,102}#statistic=max_t(geavg)+offset;offset_f=+0.0489;raw_f=13.1000;spread=gespr@f096;covered_leads=78-102"
LAX,KLAX,2026-01-28,2026-01-28T00:00:00Z,8,gefs,70.0429,0.4680,"s3://noaa-gefs-pds/gefs.20260128/00/atmos/pgrb2sp25/{geavg,gespr}.t00z.pgrb2s.0p25.f{012,018,024,030,033}#statistic=max_t(geavg)+offset;offset_f=+0.0269;raw_f=70.0160;spread=gespr@f024;covered_leads=6-33"
LAX,KLAX,2026-01-28,2026-01-27T00:00:00Z,32,gefs,69.1249,0.6840,"s3://noaa-gefs-pds/gefs.20260127/00/atmos/pgrb2sp25/{geavg,gespr}.t00z.pgrb2s.0p25.f{036,042,048,054,057}#statistic=max_t(geavg)+offset;offset_f=+0.0269;raw_f=69.0980;spread=gespr@f048;covered_leads=30-57"
LAX,KLAX,2026-01-28,2026-01-26T00:00:00Z,56,gefs,68.9989,1.2060,"s3://noaa-gefs-pds/gefs.20260126/00/atmos/pgrb2sp25/{geavg,gespr}.t00z.pgrb2s.0p25.f{060,066,072,078,081}#statistic=max_t(geavg)+offset;offset_f=+0.0269;raw_f=68.9720;spread=gespr@f072;covered_leads=54-81"
LAX,KLAX,2026-01-28,2026-01-25T00:00:00Z,80,gefs,68.1709,1.9800,"s3://noaa-gefs-pds/gefs.20260125/00/atmos/pgrb2sp25/{geavg,gespr}.t00z.pgrb2s.0p25.f{084,090,096,102,105}#statistic=max_t(geavg)+offset;offset_f=+0.0269;raw_f=68.1440;spread=gespr@f096;covered_leads=78-105"
MIA,KMIA,2026-01-28,2026-01-28T00:00:00Z,5,gefs,65.1749,1.4220,"s3://noaa-gefs-pds/gefs.20260128/00/atmos/pgrb2sp25/{geavg,gespr}.t00z.pgrb2s.0p25.f{006,012,018,024,030}#statistic=max_t(geavg)+offset;offset_f=+0.0549;raw_f=65.1200;spread=gespr@f018;covered_leads=0-30"
MIA,KMIA,2026-01-28,2026-01-27T00:00:00Z,29,gefs,66.4529,2.1420,"s3://noaa-gefs-pds/gefs.20260127/00/atmos/pgrb2sp25/{geavg,gespr}.t00z.pgrb2s.0p25.f{030,036,042,048,054}#statistic=max_t(geavg)+offset;offset_f=+0.0549;raw_f=66.3980;spread=gespr@f048;covered_leads=24-54"
MIA,KMIA,2026-01-28,2026-01-26T00:00:00Z,53,gefs,66.8849,2.5560,"s3://noaa-gefs-pds/gefs.20260126/00/atmos/pgrb2sp25/{geavg,gespr}.t00z.pgrb2s.0p25.f{054,060,066,072,078}#statistic=max_t(geavg)+offset;offset_f=+0.0549;raw_f=66.8300;spread=gespr@f072;covered_leads=48-78"
MIA,KMIA,2026-01-28,2026-01-25T00:00:00Z,77,gefs,66.2729,2.4480,"s3://noaa-gefs-pds/gefs.20260125/00/atmos/pgrb2sp25/{geavg,gespr}.t00z.pgrb2s.0p25.f{078,084,090,096,102}#statistic=max_t(geavg)+offset;offset_f=+0.0549;raw_f=66.2180;spread=gespr@f096;covered_leads=72-102"
NY,KNYC,2026-01-28,2026-01-28T00:00:00Z,5,gefs,20.7854,1.2600,"s3://noaa-gefs-pds/gefs.20260128/00/atmos/pgrb2sp25/{geavg,gespr}.t00z.pgrb2s.0p25.f{006,012,018,024,030}#statistic=max_t(geavg)+offset;offset_f=+0.2514;raw_f=20.5340;spread=gespr@f024;covered_leads=0-30"
NY,KNYC,2026-01-28,2026-01-27T00:00:00Z,29,gefs,20.7314,1.4760,"s3://noaa-gefs-pds/gefs.20260127/00/atmos/pgrb2sp25/{geavg,gespr}.t00z.pgrb2s.0p25.f{030,036,042,048,054}#statistic=max_t(geavg)+offset;offset_f=+0.2514;raw_f=20.4800;spread=gespr@f048;covered_leads=24-54"
NY,KNYC,2026-01-28,2026-01-26T00:00:00Z,53,gefs,19.2914,1.6200,"s3://noaa-gefs-pds/gefs.20260126/00/atmos/pgrb2sp25/{geavg,gespr}.t00z.pgrb2s.0p25.f{054,060,066,072,078}#statistic=max_t(geavg)+offset;offset_f=+0.2514;raw_f=19.0400;spread=gespr@f072;covered_leads=48-78"
NY,KNYC,2026-01-28,2026-01-25T00:00:00Z,77,gefs,21.3794,2.1600,"s3://noaa-gefs-pds/gefs.20260125/00/atmos/pgrb2sp25/{geavg,gespr}.t00z.pgrb2s.0p25.f{078,084,090,096,102}#statistic=max_t(geavg)+offset;offset_f=+0.2514;raw_f=21.1280;spread=gespr@f096;covered_leads=72-102"
CHI,KMDW,2026-01-29,2026-01-29T00:00:00Z,6,gefs,15.3989,1.4580,"s3://noaa-gefs-pds/gefs.20260129/00/atmos/pgrb2sp25/{geavg,gespr}.t00z.pgrb2s.0p25.f{012,018,024,030}#statistic=max_t(geavg)+offset;offset_f=+0.0489;raw_f=15.3500;spread=gespr@f024;covered_leads=6-30"
CHI,KMDW,2026-01-29,2026-01-28T00:00:00Z,30,gefs,14.9669,1.5480,"s3://noaa-gefs-pds/gefs.20260128/00/atmos/pgrb2sp25/{geavg,gespr}.t00z.pgrb2s.0p25.f{036,042,048,054}#statistic=max_t(geavg)+offset;offset_f=+0.0489;raw_f=14.9180;spread=gespr@f048;covered_leads=30-54"
CHI,KMDW,2026-01-29,2026-01-27T00:00:00Z,54,gefs,13.2929,2.7000,"s3://noaa-gefs-pds/gefs.20260127/00/atmos/pgrb2sp25/{geavg,gespr}.t00z.pgrb2s.0p25.f{060,066,072,078}#statistic=max_t(geavg)+offset;offset_f=+0.0489;raw_f=13.2440;spread=gespr@f072;covered_leads=54-78"
CHI,KMDW,2026-01-29,2026-01-26T00:00:00Z,78,gefs,14.0849,3.1140,"s3://noaa-gefs-pds/gefs.20260126/00/atmos/pgrb2sp25/{geavg,gespr}.t00z.pgrb2s.0p25.f{084,090,096,102}#statistic=max_t(geavg)+offset;offset_f=+0.0489;raw_f=14.0360;spread=gespr@f096;covered_leads=78-102"
LAX,KLAX,2026-01-29,2026-01-29T00:00:00Z,8,gefs,74.2909,0.2880,"s3://noaa-gefs-pds/gefs.20260129/00/atmos/pgrb2sp25/{geavg,gespr}.t00z.pgrb2s.0p25.f{012,018,024,030,033}#statistic=max_t(geavg)+offset;offset_f=+0.0269;raw_f=74.2640;spread=gespr@f024;covered_leads=6-33"
LAX,KLAX,2026-01-29,2026-01-28T00:00:00Z,32,gefs,73.3189,0.4140,"s3://noaa-gefs-pds/gefs.20260128/00/atmos/pgrb2sp25/{geavg,gespr}.t00z.pgrb2s.0p25.f{036,042,048,054,057}#statistic=max_t(geavg)+offset;offset_f=+0.0269;raw_f=73.2920;spread=gespr@f048;covered_leads=30-57"
LAX,KLAX,2026-01-29,2026-01-27T00:00:00Z,56,gefs,72.3469,0.8640,"s3://noaa-gefs-pds/gefs.20260127/00/atmos/pgrb2sp25/{geavg,gespr}.t00z.pgrb2s.0p25.f{060,066,072,078,081}#statistic=max_t(geavg)+offset;offset_f=+0.0269;raw_f=72.3200;spread=gespr@f072;covered_leads=54-81"
LAX,KLAX,2026-01-29,2026-01-26T00:00:00Z,80,gefs,73.3729,1.4040,"s3://noaa-gefs-pds/gefs.20260126/00/atmos/pgrb2sp25/{geavg,gespr}.t00z.pgrb2s.0p25.f{084,090,096,102,105}#statistic=max_t(geavg)+offset;offset_f=+0.0269;raw_f=73.3460;spread=gespr@f096;covered_leads=78-105"
MIA,KMIA,2026-01-29,2026-01-29T00:00:00Z,5,gefs,69.5129,1.0080,"s3://noaa-gefs-pds/gefs.20260129/00/atmos/pgrb2sp25/{geavg,gespr}.t00z.pgrb2s.0p25.f{006,012,018,024,030}#statistic=max_t(geavg)+offset;offset_f=+0.0549;raw_f=69.4580;spread=gespr@f024;covered_leads=0-30"
MIA,KMIA,2026-01-29,2026-01-28T00:00:00Z,29,gefs,68.6669,1.4760,"s3://noaa-gefs-pds/gefs.20260128/00/atmos/pgrb2sp25/{geavg,gespr}.t00z.pgrb2s.0p25.f{030,036,042,048,054}#statistic=max_t(geavg)+offset;offset_f=+0.0549;raw_f=68.6120;spread=gespr@f048;covered_leads=24-54"
MIA,KMIA,2026-01-29,2026-01-27T00:00:00Z,53,gefs,67.9289,2.3940,"s3://noaa-gefs-pds/gefs.20260127/00/atmos/pgrb2sp25/{geavg,gespr}.t00z.pgrb2s.0p25.f{054,060,066,072,078}#statistic=max_t(geavg)+offset;offset_f=+0.0549;raw_f=67.8740;spread=gespr@f072;covered_leads=48-78"
MIA,KMIA,2026-01-29,2026-01-26T00:00:00Z,77,gefs,66.7409,2.4480,"s3://noaa-gefs-pds/gefs.20260126/00/atmos/pgrb2sp25/{geavg,gespr}.t00z.pgrb2s.0p25.f{078,084,090,096,102}#statistic=max_t(geavg)+offset;offset_f=+0.0549;raw_f=66.6860;spread=gespr@f096;covered_leads=72-102"
NY,KNYC,2026-01-29,2026-01-29T00:00:00Z,5,gefs,20.6234,0.8820,"s3://noaa-gefs-pds/gefs.20260129/00/atmos/pgrb2sp25/{geavg,gespr}.t00z.pgrb2s.0p25.f{006,012,018,024,030}#statistic=max_t(geavg)+offset;offset_f=+0.2514;raw_f=20.3720;spread=gespr@f024;covered_leads=0-30"
NY,KNYC,2026-01-29,2026-01-28T00:00:00Z,29,gefs,20.6414,1.2420,"s3://noaa-gefs-pds/gefs.20260128/00/atmos/pgrb2sp25/{geavg,gespr}.t00z.pgrb2s.0p25.f{030,036,042,048,054}#statistic=max_t(geavg)+offset;offset_f=+0.2514;raw_f=20.3900;spread=gespr@f048;covered_leads=24-54"
NY,KNYC,2026-01-29,2026-01-27T00:00:00Z,53,gefs,20.3714,1.2600,"s3://noaa-gefs-pds/gefs.20260127/00/atmos/pgrb2sp25/{geavg,gespr}.t00z.pgrb2s.0p25.f{054,060,066,072,078}#statistic=max_t(geavg)+offset;offset_f=+0.2514;raw_f=20.1200;spread=gespr@f072;covered_leads=48-78"
NY,KNYC,2026-01-29,2026-01-26T00:00:00Z,77,gefs,19.2734,2.5200,"s3://noaa-gefs-pds/gefs.20260126/00/atmos/pgrb2sp25/{geavg,gespr}.t00z.pgrb2s.0p25.f{078,084,090,096,102}#statistic=max_t(geavg)+offset;offset_f=+0.2514;raw_f=19.0220;spread=gespr@f096;covered_leads=72-102"
CHI,KMDW,2026-01-30,2026-01-30T00:00:00Z,6,gefs,19.0349,0.7560,"s3://noaa-gefs-pds/gefs.20260130/00/atmos/pgrb2sp25/{geavg,gespr}.t00z.pgrb2s.0p25.f{012,018,024,030}#statistic=max_t(geavg)+offset;offset_f=+0.0489;raw_f=18.9860;spread=gespr@f024;covered_leads=6-30"
CHI,KMDW,2026-01-30,2026-01-29T00:00:00Z,30,gefs,17.0009,2.3940,"s3://noaa-gefs-pds/gefs.20260129/00/atmos/pgrb2sp25/{geavg,gespr}.t00z.pgrb2s.0p25.f{036,042,048,054}#statistic=max_t(geavg)+offset;offset_f=+0.0489;raw_f=16.9520;spread=gespr@f048;covered_leads=30-54"
CHI,KMDW,2026-01-30,2026-01-28T00:00:00Z,54,gefs,16.6589,2.4120,"s3://noaa-gefs-pds/gefs.20260128/00/atmos/pgrb2sp25/{geavg,gespr}.t00z.pgrb2s.0p25.f{060,066,072,078}#statistic=max_t(geavg)+offset;offset_f=+0.0489;raw_f=16.6100;spread=gespr@f072;covered_leads=54-78"
CHI,KMDW,2026-01-30,2026-01-27T00:00:00Z,78,gefs,14.8769,2.2320,"s3://noaa-gefs-pds/gefs.20260127/00/atmos/pgrb2sp25/{geavg,gespr}.t00z.pgrb2s.0p25.f{084,090,096,102}#statistic=max_t(geavg)+offset;offset_f=+0.0489;raw_f=14.8280;spread=gespr@f096;covered_leads=78-102"
LAX,KLAX,2026-01-30,2026-01-30T00:00:00Z,8,gefs,76.2889,0.3600,"s3://noaa-gefs-pds/gefs.20260130/00/atmos/pgrb2sp25/{geavg,gespr}.t00z.pgrb2s.0p25.f{012,018,024,030,033}#statistic=max_t(geavg)+offset;offset_f=+0.0269;raw_f=76.2620;spread=gespr@f024;covered_leads=6-33"
LAX,KLAX,2026-01-30,2026-01-29T00:00:00Z,32,gefs,75.8029,0.5040,"s3://noaa-gefs-pds/gefs.20260129/00/atmos/pgrb2sp25/{geavg,gespr}.t00z.pgrb2s.0p25.f{036,042,048,054,057}#statistic=max_t(geavg)+offset;offset_f=+0.0269;raw_f=75.7760;spread=gespr@f048;covered_leads=30-57"
LAX,KLAX,2026-01-30,2026-01-28T00:00:00Z,56,gefs,75.3529,0.7020,"s3://noaa-gefs-pds/gefs.20260128/00/atmos/pgrb2sp25/{geavg,gespr}.t00z.pgrb2s.0p25.f{060,066,072,078,081}#statistic=max_t(geavg)+offset;offset_f=+0.0269;raw_f=75.3260;spread=gespr@f072;covered_leads=54-81"
LAX,KLAX,2026-01-30,2026-01-27T00:00:00Z,80,gefs,74.7949,1.0080,"s3://noaa-gefs-pds/gefs.20260127/00/atmos/pgrb2sp25/{geavg,gespr}.t00z.pgrb2s.0p25.f{084,090,096,102,105}#statistic=max_t(geavg)+offset;offset_f=+0.0269;raw_f=74.7680;spread=gespr@f096;covered_leads=78-105"
MIA,KMIA,2026-01-30,2026-01-30T00:00:00Z,5,gefs,69.5309,1.4040,"s3://noaa-gefs-pds/gefs.20260130/00/atmos/pgrb2sp25/{geavg,gespr}.t00z.pgrb2s.0p25.f{006,012,018,024,030}#statistic=max_t(geavg)+offset;offset_f=+0.0549;raw_f=69.4760;spread=gespr@f018;covered_leads=0-30"
MIA,KMIA,2026-01-30,2026-01-29T00:00:00Z,29,gefs,69.0989,1.9260,"s3://noaa-gefs-pds/gefs.20260129/00/atmos/pgrb2sp25/{geavg,gespr}.t00z.pgrb2s.0p25.f{030,036,042,048,054}#statistic=max_t(geavg)+offset;offset_f=+0.0549;raw_f=69.0440;spread=gespr@f048;covered_leads=24-54"
MIA,KMIA,2026-01-30,2026-01-28T00:00:00Z,53,gefs,70.2149,2.0160,"s3://noaa-gefs-pds/gefs.20260128/00/atmos/pgrb2sp25/{geavg,gespr}.t00z.pgrb2s.0p25.f{054,060,066,072,078}#statistic=max_t(geavg)+offset;offset_f=+0.0549;raw_f=70.1600;spread=gespr@f072;covered_leads=48-78"
MIA,KMIA,2026-01-30,2026-01-27T00:00:00Z,77,gefs,70.6829,2.5200,"s3://noaa-gefs-pds/gefs.20260127/00/atmos/pgrb2sp25/{geavg,gespr}.t00z.pgrb2s.0p25.f{078,084,090,096,102}#statistic=max_t(geavg)+offset;offset_f=+0.0549;raw_f=70.6280;spread=gespr@f096;covered_leads=72-102"
NY,KNYC,2026-01-30,2026-01-30T00:00:00Z,5,gefs,16.9334,0.7560,"s3://noaa-gefs-pds/gefs.20260130/00/atmos/pgrb2sp25/{geavg,gespr}.t00z.pgrb2s.0p25.f{006,012,018,024,030}#statistic=max_t(geavg)+offset;offset_f=+0.2514;raw_f=16.6820;spread=gespr@f006;covered_leads=0-30"
NY,KNYC,2026-01-30,2026-01-29T00:00:00Z,29,gefs,15.2234,2.3040,"s3://noaa-gefs-pds/gefs.20260129/00/atmos/pgrb2sp25/{geavg,gespr}.t00z.pgrb2s.0p25.f{030,036,042,048,054}#statistic=max_t(geavg)+offset;offset_f=+0.2514;raw_f=14.9720;spread=gespr@f048;covered_leads=24-54"
NY,KNYC,2026-01-30,2026-01-28T00:00:00Z,53,gefs,16.1774,2.3220,"s3://noaa-gefs-pds/gefs.20260128/00/atmos/pgrb2sp25/{geavg,gespr}.t00z.pgrb2s.0p25.f{054,060,066,072,078}#statistic=max_t(geavg)+offset;offset_f=+0.2514;raw_f=15.9260;spread=gespr@f072;covered_leads=48-78"
NY,KNYC,2026-01-30,2026-01-27T00:00:00Z,77,gefs,17.7434,2.6820,"s3://noaa-gefs-pds/gefs.20260127/00/atmos/pgrb2sp25/{geavg,gespr}.t00z.pgrb2s.0p25.f{078,084,090,096,102}#statistic=max_t(geavg)+offset;offset_f=+0.2514;raw_f=17.4920;spread=gespr@f096;covered_leads=72-102"
CHI,KMDW,2026-01-31,2026-01-31T00:00:00Z,6,gefs,23.4449,0.8100,"s3://noaa-gefs-pds/gefs.20260131/00/atmos/pgrb2sp25/{geavg,gespr}.t00z.pgrb2s.0p25.f{012,018,024,030}#statistic=max_t(geavg)+offset;offset_f=+0.0489;raw_f=23.3960;spread=gespr@f024;covered_leads=6-30"
CHI,KMDW,2026-01-31,2026-01-30T00:00:00Z,30,gefs,22.7069,1.0440,"s3://noaa-gefs-pds/gefs.20260130/00/atmos/pgrb2sp25/{geavg,gespr}.t00z.pgrb2s.0p25.f{036,042,048,054}#statistic=max_t(geavg)+offset;offset_f=+0.0489;raw_f=22.6580;spread=gespr@f048;covered_leads=30-54"
CHI,KMDW,2026-01-31,2026-01-29T00:00:00Z,54,gefs,21.8069,1.3860,"s3://noaa-gefs-pds/gefs.20260129/00/atmos/pgrb2sp25/{geavg,gespr}.t00z.pgrb2s.0p25.f{060,066,072,078}#statistic=max_t(geavg)+offset;offset_f=+0.0489;raw_f=21.7580;spread=gespr@f072;covered_leads=54-78"
CHI,KMDW,2026-01-31,2026-01-28T00:00:00Z,78,gefs,21.0689,2.5020,"s3://noaa-gefs-pds/gefs.20260128/00/atmos/pgrb2sp25/{geavg,gespr}.t00z.pgrb2s.0p25.f{084,090,096,102}#statistic=max_t(geavg)+offset;offset_f=+0.0489;raw_f=21.0200;spread=gespr@f096;covered_leads=78-102"
LAX,KLAX,2026-01-31,2026-01-31T00:00:00Z,8,gefs,77.4229,0.3240,"s3://noaa-gefs-pds/gefs.20260131/00/atmos/pgrb2sp25/{geavg,gespr}.t00z.pgrb2s.0p25.f{012,018,024,030,033}#statistic=max_t(geavg)+offset;offset_f=+0.0269;raw_f=77.3960;spread=gespr@f024;covered_leads=6-33"
LAX,KLAX,2026-01-31,2026-01-30T00:00:00Z,32,gefs,77.2969,0.5220,"s3://noaa-gefs-pds/gefs.20260130/00/atmos/pgrb2sp25/{geavg,gespr}.t00z.pgrb2s.0p25.f{036,042,048,054,057}#statistic=max_t(geavg)+offset;offset_f=+0.0269;raw_f=77.2700;spread=gespr@f048;covered_leads=30-57"
LAX,KLAX,2026-01-31,2026-01-29T00:00:00Z,56,gefs,76.2529,0.6300,"s3://noaa-gefs-pds/gefs.20260129/00/atmos/pgrb2sp25/{geavg,gespr}.t00z.pgrb2s.0p25.f{060,066,072,078,081}#statistic=max_t(geavg)+offset;offset_f=+0.0269;raw_f=76.2260;spread=gespr@f072;covered_leads=54-81"
LAX,KLAX,2026-01-31,2026-01-28T00:00:00Z,80,gefs,75.0289,0.8820,"s3://noaa-gefs-pds/gefs.20260128/00/atmos/pgrb2sp25/{geavg,gespr}.t00z.pgrb2s.0p25.f{084,090,096,102,105}#statistic=max_t(geavg)+offset;offset_f=+0.0269;raw_f=75.0020;spread=gespr@f096;covered_leads=78-105"
MIA,KMIA,2026-01-31,2026-01-31T00:00:00Z,5,gefs,67.2089,0.4500,"s3://noaa-gefs-pds/gefs.20260131/00/atmos/pgrb2sp25/{geavg,gespr}.t00z.pgrb2s.0p25.f{006,012,018,024,030}#statistic=max_t(geavg)+offset;offset_f=+0.0549;raw_f=67.1540;spread=gespr@f006;covered_leads=0-30"
MIA,KMIA,2026-01-31,2026-01-30T00:00:00Z,29,gefs,66.9929,1.2240,"s3://noaa-gefs-pds/gefs.20260130/00/atmos/pgrb2sp25/{geavg,gespr}.t00z.pgrb2s.0p25.f{030,036,042,048,054}#statistic=max_t(geavg)+offset;offset_f=+0.0549;raw_f=66.9380;spread=gespr@f030;covered_leads=24-54"
MIA,KMIA,2026-01-31,2026-01-29T00:00:00Z,53,gefs,69.4769,3.6900,"s3://noaa-gefs-pds/gefs.20260129/00/atmos/pgrb2sp25/{geavg,gespr}.t00z.pgrb2s.0p25.f{054,060,066,072,078}#statistic=max_t(geavg)+offset;offset_f=+0.0549;raw_f=69.4220;spread=gespr@f072;covered_leads=48-78"
MIA,KMIA,2026-01-31,2026-01-28T00:00:00Z,77,gefs,69.4049,5.0580,"s3://noaa-gefs-pds/gefs.20260128/00/atmos/pgrb2sp25/{geavg,gespr}.t00z.pgrb2s.0p25.f{078,084,090,096,102}#statistic=max_t(geavg)+offset;offset_f=+0.0549;raw_f=69.3500;spread=gespr@f096;covered_leads=72-102"
NY,KNYC,2026-01-31,2026-01-31T00:00:00Z,5,gefs,17.7974,1.0440,"s3://noaa-gefs-pds/gefs.20260131/00/atmos/pgrb2sp25/{geavg,gespr}.t00z.pgrb2s.0p25.f{006,012,018,024,030}#statistic=max_t(geavg)+offset;offset_f=+0.2514;raw_f=17.5460;spread=gespr@f024;covered_leads=0-30"
NY,KNYC,2026-01-31,2026-01-30T00:00:00Z,29,gefs,18.1214,1.2780,"s3://noaa-gefs-pds/gefs.20260130/00/atmos/pgrb2sp25/{geavg,gespr}.t00z.pgrb2s.0p25.f{030,036,042,048,054}#statistic=max_t(geavg)+offset;offset_f=+0.2514;raw_f=17.8700;spread=gespr@f048;covered_leads=24-54"
NY,KNYC,2026-01-31,2026-01-29T00:00:00Z,53,gefs,17.5634,1.4580,"s3://noaa-gefs-pds/gefs.20260129/00/atmos/pgrb2sp25/{geavg,gespr}.t00z.pgrb2s.0p25.f{054,060,066,072,078}#statistic=max_t(geavg)+offset;offset_f=+0.2514;raw_f=17.3120;spread=gespr@f072;covered_leads=48-78"
NY,KNYC,2026-01-31,2026-01-28T00:00:00Z,77,gefs,18.1754,2.0700,"s3://noaa-gefs-pds/gefs.20260128/00/atmos/pgrb2sp25/{geavg,gespr}.t00z.pgrb2s.0p25.f{078,084,090,096,102}#statistic=max_t(geavg)+offset;offset_f=+0.2514;raw_f=17.9240;spread=gespr@f096;covered_leads=72-102"
CHI,KMDW,2026-02-01,2026-02-01T00:00:00Z,6,gefs,24.7049,1.1700,"s3://noaa-gefs-pds/gefs.20260201/00/atmos/pgrb2sp25/{geavg,gespr}.t00z.pgrb2s.0p25.f{012,018,024,030}#statistic=max_t(geavg)+offset;offset_f=+0.0489;raw_f=24.6560;spread=gespr@f024;covered_leads=6-30"
CHI,KMDW,2026-02-01,2026-01-31T00:00:00Z,30,gefs,23.8949,1.4580,"s3://noaa-gefs-pds/gefs.20260131/00/atmos/pgrb2sp25/{geavg,gespr}.t00z.pgrb2s.0p25.f{036,042,048,054}#statistic=max_t(geavg)+offset;offset_f=+0.0489;raw_f=23.8460;spread=gespr@f048;covered_leads=30-54"
CHI,KMDW,2026-02-01,2026-01-30T00:00:00Z,54,gefs,23.4989,1.3860,"s3://noaa-gefs-pds/gefs.20260130/00/atmos/pgrb2sp25/{geavg,gespr}.t00z.pgrb2s.0p25.f{060,066,072,078}#statistic=max_t(geavg)+offset;offset_f=+0.0489;raw_f=23.4500;spread=gespr@f072;covered_leads=54-78"
CHI,KMDW,2026-02-01,2026-01-29T00:00:00Z,78,gefs,25.1369,1.5660,"s3://noaa-gefs-pds/gefs.20260129/00/atmos/pgrb2sp25/{geavg,gespr}.t00z.pgrb2s.0p25.f{084,090,096,102}#statistic=max_t(geavg)+offset;offset_f=+0.0489;raw_f=25.0880;spread=gespr@f096;covered_leads=78-102"
LAX,KLAX,2026-02-01,2026-02-01T00:00:00Z,8,gefs,76.0729,0.5760,"s3://noaa-gefs-pds/gefs.20260201/00/atmos/pgrb2sp25/{geavg,gespr}.t00z.pgrb2s.0p25.f{012,018,024,030,033}#statistic=max_t(geavg)+offset;offset_f=+0.0269;raw_f=76.0460;spread=gespr@f024;covered_leads=6-33"
LAX,KLAX,2026-02-01,2026-01-31T00:00:00Z,32,gefs,73.6609,0.7020,"s3://noaa-gefs-pds/gefs.20260131/00/atmos/pgrb2sp25/{geavg,gespr}.t00z.pgrb2s.0p25.f{036,042,048,054,057}#statistic=max_t(geavg)+offset;offset_f=+0.0269;raw_f=73.6340;spread=gespr@f048;covered_leads=30-57"
LAX,KLAX,2026-02-01,2026-01-30T00:00:00Z,56,gefs,73.3729,0.9900,"s3://noaa-gefs-pds/gefs.20260130/00/atmos/pgrb2sp25/{geavg,gespr}.t00z.pgrb2s.0p25.f{060,066,072,078,081}#statistic=max_t(geavg)+offset;offset_f=+0.0269;raw_f=73.3460;spread=gespr@f072;covered_leads=54-81"
LAX,KLAX,2026-02-01,2026-01-29T00:00:00Z,80,gefs,73.7149,1.4220,"s3://noaa-gefs-pds/gefs.20260129/00/atmos/pgrb2sp25/{geavg,gespr}.t00z.pgrb2s.0p25.f{084,090,096,102,105}#statistic=max_t(geavg)+offset;offset_f=+0.0269;raw_f=73.6880;spread=gespr@f096;covered_leads=78-105"
MIA,KMIA,2026-02-01,2026-02-01T00:00:00Z,5,gefs,59.3789,1.1520,"s3://noaa-gefs-pds/gefs.20260201/00/atmos/pgrb2sp25/{geavg,gespr}.t00z.pgrb2s.0p25.f{006,012,018,024,030}#statistic=max_t(geavg)+offset;offset_f=+0.0549;raw_f=59.3240;spread=gespr@f006;covered_leads=0-30"
MIA,KMIA,2026-02-01,2026-01-31T00:00:00Z,29,gefs,57.4169,3.6900,"s3://noaa-gefs-pds/gefs.20260131/00/atmos/pgrb2sp25/{geavg,gespr}.t00z.pgrb2s.0p25.f{030,036,042,048,054}#statistic=max_t(geavg)+offset;offset_f=+0.0549;raw_f=57.3620;spread=gespr@f030;covered_leads=24-54"
MIA,KMIA,2026-02-01,2026-01-30T00:00:00Z,53,gefs,57.3809,4.5180,"s3://noaa-gefs-pds/gefs.20260130/00/atmos/pgrb2sp25/{geavg,gespr}.t00z.pgrb2s.0p25.f{054,060,066,072,078}#statistic=max_t(geavg)+offset;offset_f=+0.0549;raw_f=57.3260;spread=gespr@f054;covered_leads=48-78"
MIA,KMIA,2026-02-01,2026-01-29T00:00:00Z,77,gefs,57.1649,5.5080,"s3://noaa-gefs-pds/gefs.20260129/00/atmos/pgrb2sp25/{geavg,gespr}.t00z.pgrb2s.0p25.f{078,084,090,096,102}#statistic=max_t(geavg)+offset;offset_f=+0.0549;raw_f=57.1100;spread=gespr@f078;covered_leads=72-102"
NY,KNYC,2026-02-01,2026-02-01T00:00:00Z,5,gefs,21.9374,1.1880,"s3://noaa-gefs-pds/gefs.20260201/00/atmos/pgrb2sp25/{geavg,gespr}.t00z.pgrb2s.0p25.f{006,012,018,024,030}#statistic=max_t(geavg)+offset;offset_f=+0.2514;raw_f=21.6860;spread=gespr@f024;covered_leads=0-30"
NY,KNYC,2026-02-01,2026-01-31T00:00:00Z,29,gefs,23.5034,1.4940,"s3://noaa-gefs-pds/gefs.20260131/00/atmos/pgrb2sp25/{geavg,gespr}.t00z.pgrb2s.0p25.f{030,036,042,048,054}#statistic=max_t(geavg)+offset;offset_f=+0.2514;raw_f=23.2520;spread=gespr@f048;covered_leads=24-54"
NY,KNYC,2026-02-01,2026-01-30T00:00:00Z,53,gefs,23.6834,1.7820,"s3://noaa-gefs-pds/gefs.20260130/00/atmos/pgrb2sp25/{geavg,gespr}.t00z.pgrb2s.0p25.f{054,060,066,072,078}#statistic=max_t(geavg)+offset;offset_f=+0.2514;raw_f=23.4320;spread=gespr@f072;covered_leads=48-78"
NY,KNYC,2026-02-01,2026-01-29T00:00:00Z,77,gefs,23.7734,2.5200,"s3://noaa-gefs-pds/gefs.20260129/00/atmos/pgrb2sp25/{geavg,gespr}.t00z.pgrb2s.0p25.f{078,084,090,096,102}#statistic=max_t(geavg)+offset;offset_f=+0.2514;raw_f=23.5220;spread=gespr@f096;covered_leads=72-102"
CHI,KMDW,2026-02-02,2026-02-02T00:00:00Z,6,gefs,26.4869,1.4580,"s3://noaa-gefs-pds/gefs.20260202/00/atmos/pgrb2sp25/{geavg,gespr}.t00z.pgrb2s.0p25.f{012,018,024,030}#statistic=max_t(geavg)+offset;offset_f=+0.0489;raw_f=26.4380;spread=gespr@f024;covered_leads=6-30"
CHI,KMDW,2026-02-02,2026-02-01T00:00:00Z,30,gefs,26.6129,2.1780,"s3://noaa-gefs-pds/gefs.20260201/00/atmos/pgrb2sp25/{geavg,gespr}.t00z.pgrb2s.0p25.f{036,042,048,054}#statistic=max_t(geavg)+offset;offset_f=+0.0489;raw_f=26.5640;spread=gespr@f048;covered_leads=30-54"
CHI,KMDW,2026-02-02,2026-01-31T00:00:00Z,54,gefs,28.7549,2.2860,"s3://noaa-gefs-pds/gefs.20260131/00/atmos/pgrb2sp25/{geavg,gespr}.t00z.pgrb2s.0p25.f{060,066,072,078}#statistic=max_t(geavg)+offset;offset_f=+0.0489;raw_f=28.7060;spread=gespr@f072;covered_leads=54-78"
CHI,KMDW,2026-02-02,2026-01-30T00:00:00Z,78,gefs,27.9809,2.7180,"s3://noaa-gefs-pds/gefs.20260130/00/atmos/pgrb2sp25/{geavg,gespr}.t00z.pgrb2s.0p25.f{084,090,096,102}#statistic=max_t(geavg)+offset;offset_f=+0.0489;raw_f=27.9320;spread=gespr@f096;covered_leads=78-102"
LAX,KLAX,2026-02-02,2026-02-02T00:00:00Z,8,gefs,71.3569,0.3960,"s3://noaa-gefs-pds/gefs.20260202/00/atmos/pgrb2sp25/{geavg,gespr}.t00z.pgrb2s.0p25.f{012,018,024,030,033}#statistic=max_t(geavg)+offset;offset_f=+0.0269;raw_f=71.3300;spread=gespr@f024;covered_leads=6-33"
LAX,KLAX,2026-02-02,2026-02-01T00:00:00Z,32,gefs,71.4649,1.1160,"s3://noaa-gefs-pds/gefs.20260201/00/atmos/pgrb2sp25/{geavg,gespr}.t00z.pgrb2s.0p25.f{036,042,048,054,057}#statistic=max_t(geavg)+offset;offset_f=+0.0269;raw_f=71.4380;spread=gespr@f048;covered_leads=30-57"
LAX,KLAX,2026-02-02,2026-01-31T00:00:00Z,56,gefs,70.0789,0.8820,"s3://noaa-gefs-pds/gefs.20260131/00/atmos/pgrb2sp25/{geavg,gespr}.t00z.pgrb2s.0p25.f{060,066,072,078,081}#statistic=max_t(geavg)+offset;offset_f=+0.0269;raw_f=70.0520;spread=gespr@f072;covered_leads=54-81"
LAX,KLAX,2026-02-02,2026-01-30T00:00:00Z,80,gefs,68.6029,1.2600,"s3://noaa-gefs-pds/gefs.20260130/00/atmos/pgrb2sp25/{geavg,gespr}.t00z.pgrb2s.0p25.f{084,090,096,102,105}#statistic=max_t(geavg)+offset;offset_f=+0.0269;raw_f=68.5760;spread=gespr@f096;covered_leads=78-105"
MIA,KMIA,2026-02-02,2026-02-02T00:00:00Z,5,gefs,57.1469,2.5200,"s3://noaa-gefs-pds/gefs.20260202/00/atmos/pgrb2sp25/{geavg,gespr}.t00z.pgrb2s.0p25.f{006,012,018,024,030}#statistic=max_t(geavg)+offset;offset_f=+0.0549;raw_f=57.0920;spread=gespr@f024;covered_leads=0-30"
MIA,KMIA,2026-02-02,2026-02-01T00:00:00Z,29,gefs,58.7129,2.6820,"s3://noaa-gefs-pds/gefs.20260201/00/atmos/pgrb2sp25/{geavg,gespr}.t00z.pgrb2s.0p25.f{030,036,042,048,054}#statistic=max_t(geavg)+offset;offset_f=+0.0549;raw_f=58.6580;spread=gespr@f048;covered_leads=24-54"
MIA,KMIA,2026-02-02,2026-01-31T00:00:00Z,53,gefs,58.7849,3.0240,"s3://noaa-gefs-pds/gefs.20260131/00/atmos/pgrb2sp25/{geavg,gespr}.t00z.pgrb2s.0p25.f{054,060,066,072,078}#statistic=max_t(geavg)+offset;offset_f=+0.0549;raw_f=58.7300;spread=gespr@f072;covered_leads=48-78"
MIA,KMIA,2026-02-02,2026-01-30T00:00:00Z,77,gefs,58.6589,2.7540,"s3://noaa-gefs-pds/gefs.20260130/00/atmos/pgrb2sp25/{geavg,gespr}.t00z.pgrb2s.0p25.f{078,084,090,096,102}#statistic=max_t(geavg)+offset;offset_f=+0.0549;raw_f=58.6040;spread=gespr@f096;covered_leads=72-102"
NY,KNYC,2026-02-02,2026-02-02T00:00:00Z,5,gefs,30.3254,0.9720,"s3://noaa-gefs-pds/gefs.20260202/00/atmos/pgrb2sp25/{geavg,gespr}.t00z.pgrb2s.0p25.f{006,012,018,024,030}#statistic=max_t(geavg)+offset;offset_f=+0.2514;raw_f=30.0740;spread=gespr@f024;covered_leads=0-30"
NY,KNYC,2026-02-02,2026-02-01T00:00:00Z,29,gefs,30.0374,1.3680,"s3://noaa-gefs-pds/gefs.20260201/00/atmos/pgrb2sp25/{geavg,gespr}.t00z.pgrb2s.0p25.f{030,036,042,048,054}#statistic=max_t(geavg)+offset;offset_f=+0.2514;raw_f=29.7860;spread=gespr@f048;covered_leads=24-54"
NY,KNYC,2026-02-02,2026-01-31T00:00:00Z,53,gefs,31.1534,1.1880,"s3://noaa-gefs-pds/gefs.20260131/00/atmos/pgrb2sp25/{geavg,gespr}.t00z.pgrb2s.0p25.f{054,060,066,072,078}#statistic=max_t(geavg)+offset;offset_f=+0.2514;raw_f=30.9020;spread=gespr@f072;covered_leads=48-78"
NY,KNYC,2026-02-02,2026-01-30T00:00:00Z,77,gefs,31.4234,1.0260,"s3://noaa-gefs-pds/gefs.20260130/00/atmos/pgrb2sp25/{geavg,gespr}.t00z.pgrb2s.0p25.f{078,084,090,096,102}#statistic=max_t(geavg)+offset;offset_f=+0.2514;raw_f=31.1720;spread=gespr@f096;covered_leads=72-102"
CHI,KMDW,2026-02-03,2026-02-03T00:00:00Z,6,gefs,24.6869,1.4220,"s3://noaa-gefs-pds/gefs.20260203/00/atmos/pgrb2sp25/{geavg,gespr}.t00z.pgrb2s.0p25.f{012,018,024,030}#statistic=max_t(geavg)+offset;offset_f=+0.0489;raw_f=24.6380;spread=gespr@f024;covered_leads=6-30"
CHI,KMDW,2026-02-03,2026-02-02T00:00:00Z,30,gefs,24.1289,1.9980,"s3://noaa-gefs-pds/gefs.20260202/00/atmos/pgrb2sp25/{geavg,gespr}.t00z.pgrb2s.0p25.f{036,042,048,054}#statistic=max_t(geavg)+offset;offset_f=+0.0489;raw_f=24.0800;spread=gespr@f048;covered_leads=30-54"
CHI,KMDW,2026-02-03,2026-02-01T00:00:00Z,54,gefs,26.6309,2.3040,"s3://noaa-gefs-pds/gefs.20260201/00/atmos/pgrb2sp25/{geavg,gespr}.t00z.pgrb2s.0p25.f{060,066,072,078}#statistic=max_t(geavg)+offset;offset_f=+0.0489;raw_f=26.5820;spread=gespr@f072;covered_leads=54-78"
CHI,KMDW,2026-02-03,2026-01-31T00:00:00Z,78,gefs,25.0109,3.1140,"s3://noaa-gefs-pds/gefs.20260131/00/atmos/pgrb2sp25/{geavg,gespr}.t00z.pgrb2s.0p25.f{084,090,096,102}#statistic=max_t(geavg)+offset;offset_f=+0.0489;raw_f=24.9620;spread=gespr@f096;covered_leads=78-102"
LAX,KLAX,2026-02-03,2026-02-03T00:00:00Z,8,gefs,77.1529,0.4860,"s3://noaa-gefs-pds/gefs.20260203/00/atmos/pgrb2sp25/{geavg,gespr}.t00z.pgrb2s.0p25.f{012,018,024,030,033}#statistic=max_t(geavg)+offset;offset_f=+0.0269;raw_f=77.1260;spread=gespr@f024;covered_leads=6-33"
LAX,KLAX,2026-02-03,2026-02-02T00:00:00Z,32,gefs,76.4329,1.0440,"s3://noaa-gefs-pds/gefs.20260202/00/atmos/pgrb2sp25/{geavg,gespr}.t00z.pgrb2s.0p25.f{036,042,048,054,057}#statistic=max_t(geavg)+offset;offset_f=+0.0269;raw_f=76.4060;spread=gespr@f048;covered_leads=30-57"
LAX,KLAX,2026-02-03,2026-02-01T00:00:00Z,56,gefs,75.4609,1.4040,"s3://noaa-gefs-pds/gefs.20260201/00/atmos/pgrb2sp25/{geavg,gespr}.t00z.pgrb2s.0p25.f{060,066,072,078,081}#statistic=max_t(geavg)+offset;offset_f=+0.0269;raw_f=75.4340;spread=gespr@f072;covered_leads=54-81"
LAX,KLAX,2026-02-03,2026-01-31T00:00:00Z,80,gefs,74.2549,1.6380,"s3://noaa-gefs-pds/gefs.20260131/00/atmos/pgrb2sp25/{geavg,gespr}.t00z.pgrb2s.0p25.f{084,090,096,102,105}#statistic=max_t(geavg)+offset;offset_f=+0.0269;raw_f=74.2280;spread=gespr@f096;covered_leads=78-105"
MIA,KMIA,2026-02-03,2026-02-03T00:00:00Z,5,gefs,66.0209,0.8640,"s3://noaa-gefs-pds/gefs.20260203/00/atmos/pgrb2sp25/{geavg,gespr}.t00z.pgrb2s.0p25.f{006,012,018,024,030}#statistic=max_t(geavg)+offset;offset_f=+0.0549;raw_f=65.9660;spread=gespr@f024;covered_leads=0-30"
MIA,KMIA,2026-02-03,2026-02-02T00:00:00Z,29,gefs,65.1029,1.6380,"s3://noaa-gefs-pds/gefs.20260202/00/atmos/pgrb2sp25/{geavg,gespr}.t00z.pgrb2s.0p25.f{030,036,042,048,054}#statistic=max_t(geavg)+offset;offset_f=+0.0549;raw_f=65.0480;spread=gespr@f048;covered_leads=24-54"
MIA,KMIA,2026-02-03,2026-02-01T00:00:00Z,53,gefs,65.8949,1.6740,"s3://noaa-gefs-pds/gefs.20260201/00/atmos/pgrb2sp25/{geavg,gespr}.t00z.pgrb2s.0p25.f{054,060,066,072,078}#statistic=max_t(geavg)+offset;offset_f=+0.0549;raw_f=65.8400;spread=gespr@f072;covered_leads=48-78"
MIA,KMIA,2026-02-03,2026-01-31T00:00:00Z,77,gefs,65.5709,2.1420,"s3://noaa-gefs-pds/gefs.20260131/00/atmos/pgrb2sp25/{geavg,gespr}.t00z.pgrb2s.0p25.f{078,084,090,096,102}#statistic=max_t(geavg)+offset;offset_f=+0.0549;raw_f=65.5160;spread=gespr@f096;covered_leads=72-102"
NY,KNYC,2026-02-03,2026-02-03T00:00:00Z,5,gefs,30.0734,0.6120,"s3://noaa-gefs-pds/gefs.20260203/00/atmos/pgrb2sp25/{geavg,gespr}.t00z.pgrb2s.0p25.f{006,012,018,024,030}#statistic=max_t(geavg)+offset;offset_f=+0.2514;raw_f=29.8220;spread=gespr@f024;covered_leads=0-30"
NY,KNYC,2026-02-03,2026-02-02T00:00:00Z,29,gefs,30.6314,1.0260,"s3://noaa-gefs-pds/gefs.20260202/00/atmos/pgrb2sp25/{geavg,gespr}.t00z.pgrb2s.0p25.f{030,036,042,048,054}#statistic=max_t(geavg)+offset;offset_f=+0.2514;raw_f=30.3800;spread=gespr@f048;covered_leads=24-54"
NY,KNYC,2026-02-03,2026-02-01T00:00:00Z,53,gefs,31.0814,0.7020,"s3://noaa-gefs-pds/gefs.20260201/00/atmos/pgrb2sp25/{geavg,gespr}.t00z.pgrb2s.0p25.f{054,060,066,072,078}#statistic=max_t(geavg)+offset;offset_f=+0.2514;raw_f=30.8300;spread=gespr@f072;covered_leads=48-78"
NY,KNYC,2026-02-03,2026-01-31T00:00:00Z,77,gefs,31.9094,0.8100,"s3://noaa-gefs-pds/gefs.20260131/00/atmos/pgrb2sp25/{geavg,gespr}.t00z.pgrb2s.0p25.f{078,084,090,096,102}#statistic=max_t(geavg)+offset;offset_f=+0.2514;raw_f=31.6580;spread=gespr@f096;covered_leads=72-102"
CHI,KMDW,2026-02-04,2026-02-04T00:00:00Z,6,gefs,26.2889,0.7560,"s3://noaa-gefs-pds/gefs.20260204/00/atmos/pgrb2sp25/{geavg,gespr}.t00z.pgrb2s.0p25.f{012,018,024,030}#statistic=max_t(geavg)+offset;offset_f=+0.0489;raw_f=26.2400;spread=gespr@f024;covered_leads=6-30"
CHI,KMDW,2026-02-04,2026-02-03T00:00:00Z,30,gefs,25.0109,1.8540,"s3://noaa-gefs-pds/gefs.20260203/00/atmos/pgrb2sp25/{geavg,gespr}.t00z.pgrb2s.0p25.f{036,042,048,054}#statistic=max_t(geavg)+offset;offset_f=+0.0489;raw_f=24.9620;spread=gespr@f048;covered_leads=30-54"
CHI,KMDW,2026-02-04,2026-02-02T00:00:00Z,54,gefs,24.2369,1.1340,"s3://noaa-gefs-pds/gefs.20260202/00/atmos/pgrb2sp25/{geavg,gespr}.t00z.pgrb2s.0p25.f{060,066,072,078}#statistic=max_t(geavg)+offset;offset_f=+0.0489;raw_f=24.1880;spread=gespr@f072;covered_leads=54-78"
CHI,KMDW,2026-02-04,2026-02-01T00:00:00Z,78,gefs,24.7589,1.8000,"s3://noaa-gefs-pds/gefs.20260201/00/atmos/pgrb2sp25/{geavg,gespr}.t00z.pgrb2s.0p25.f{084,090,096,102}#statistic=max_t(geavg)+offset;offset_f=+0.0489;raw_f=24.7100;spread=gespr@f096;covered_leads=78-102"
LAX,KLAX,2026-02-04,2026-02-04T00:00:00Z,8,gefs,79.7449,0.2340,"s3://noaa-gefs-pds/gefs.20260204/00/atmos/pgrb2sp25/{geavg,gespr}.t00z.pgrb2s.0p25.f{012,018,024,030,033}#statistic=max_t(geavg)+offset;offset_f=+0.0269;raw_f=79.7180;spread=gespr@f024;covered_leads=6-33"
LAX,KLAX,2026-02-04,2026-02-03T00:00:00Z,32,gefs,79.6549,0.3060,"s3://noaa-gefs-pds/gefs.20260203/00/atmos/pgrb2sp25/{geavg,gespr}.t00z.pgrb2s.0p25.f{036,042,048,054,057}#statistic=max_t(geavg)+offset;offset_f=+0.0269;raw_f=79.6280;spread=gespr@f048;covered_leads=30-57"
LAX,KLAX,2026-02-04,2026-02-02T00:00:00Z,56,gefs,78.5389,0.7920,"s3://noaa-gefs-pds/gefs.20260202/00/atmos/pgrb2sp25/{geavg,gespr}.t00z.pgrb2s.0p25.f{060,066,072,078,081}#statistic=max_t(geavg)+offset;offset_f=+0.0269;raw_f=78.5120;spread=gespr@f072;covered_leads=54-81"
LAX,KLAX,2026-02-04,2026-02-01T00:00:00Z,80,gefs,78.2869,0.9180,"s3://noaa-gefs-pds/gefs.20260201/00/atmos/pgrb2sp25/{geavg,gespr}.t00z.pgrb2s.0p25.f{084,090,096,102,105}#statistic=max_t(geavg)+offset;offset_f=+0.0269;raw_f=78.2600;spread=gespr@f096;covered_leads=78-105"
MIA,KMIA,2026-02-04,2026-02-04T00:00:00Z,5,gefs,71.2229,1.2060,"s3://noaa-gefs-pds/gefs.20260204/00/atmos/pgrb2sp25/{geavg,gespr}.t00z.pgrb2s.0p25.f{006,012,018,024,030}#statistic=max_t(geavg)+offset;offset_f=+0.0549;raw_f=71.1680;spread=gespr@f024;covered_leads=0-30"
MIA,KMIA,2026-02-04,2026-02-03T00:00:00Z,29,gefs,71.0789,1.4760,"s3://noaa-gefs-pds/gefs.20260203/00/atmos/pgrb2sp25/{geavg,gespr}.t00z.pgrb2s.0p25.f{030,036,042,048,054}#statistic=max_t(geavg)+offset;offset_f=+0.0549;raw_f=71.0240;spread=gespr@f048;covered_leads=24-54"
MIA,KMIA,2026-02-04,2026-02-02T00:00:00Z,53,gefs,70.5929,2.4660,"s3://noaa-gefs-pds/gefs.20260202/00/atmos/pgrb2sp25/{geavg,gespr}.t00z.pgrb2s.0p25.f{054,060,066,072,078}#statistic=max_t(geavg)+offset;offset_f=+0.0549;raw_f=70.5380;spread=gespr@f072;covered_leads=48-78"
MIA,KMIA,2026-02-04,2026-02-01T00:00:00Z,77,gefs,70.7549,2.0340,"s3://noaa-gefs-pds/gefs.20260201/00/atmos/pgrb2sp25/{geavg,gespr}.t00z.pgrb2s.0p25.f{078,084,090,096,102}#statistic=max_t(geavg)+offset;offset_f=+0.0549;raw_f=70.7000;spread=gespr@f096;covered_leads=72-102"
NY,KNYC,2026-02-04,2026-02-04T00:00:00Z,5,gefs,29.2094,1.0620,"s3://noaa-gefs-pds/gefs.20260204/00/atmos/pgrb2sp25/{geavg,gespr}.t00z.pgrb2s.0p25.f{006,012,018,024,030}#statistic=max_t(geavg)+offset;offset_f=+0.2514;raw_f=28.9580;spread=gespr@f024;covered_leads=0-30"
NY,KNYC,2026-02-04,2026-02-03T00:00:00Z,29,gefs,28.2374,1.4040,"s3://noaa-gefs-pds/gefs.20260203/00/atmos/pgrb2sp25/{geavg,gespr}.t00z.pgrb2s.0p25.f{030,036,042,048,054}#statistic=max_t(geavg)+offset;offset_f=+0.2514;raw_f=27.9860;spread=gespr@f048;covered_leads=24-54"
NY,KNYC,2026-02-04,2026-02-02T00:00:00Z,53,gefs,27.9674,2.1060,"s3://noaa-gefs-pds/gefs.20260202/00/atmos/pgrb2sp25/{geavg,gespr}.t00z.pgrb2s.0p25.f{054,060,066,072,078}#statistic=max_t(geavg)+offset;offset_f=+0.2514;raw_f=27.7160;spread=gespr@f072;covered_leads=48-78"
NY,KNYC,2026-02-04,2026-02-01T00:00:00Z,77,gefs,28.2374,3.0420,"s3://noaa-gefs-pds/gefs.20260201/00/atmos/pgrb2sp25/{geavg,gespr}.t00z.pgrb2s.0p25.f{078,084,090,096,102}#statistic=max_t(geavg)+offset;offset_f=+0.2514;raw_f=27.9860;spread=gespr@f096;covered_leads=72-102"
CHI,KMDW,2026-02-05,2026-02-05T00:00:00Z,6,gefs,29.6729,0.9360,"s3://noaa-gefs-pds/gefs.20260205/00/atmos/pgrb2sp25/{geavg,gespr}.t00z.pgrb2s.0p25.f{012,018,024,030}#statistic=max_t(geavg)+offset;offset_f=+0.0489;raw_f=29.6240;spread=gespr@f024;covered_leads=6-30"
CHI,KMDW,2026-02-05,2026-02-04T00:00:00Z,30,gefs,29.0609,1.0260,"s3://noaa-gefs-pds/gefs.20260204/00/atmos/pgrb2sp25/{geavg,gespr}.t00z.pgrb2s.0p25.f{036,042,048,054}#statistic=max_t(geavg)+offset;offset_f=+0.0489;raw_f=29.0120;spread=gespr@f048;covered_leads=30-54"
CHI,KMDW,2026-02-05,2026-02-03T00:00:00Z,54,gefs,27.2609,1.7100,"s3://noaa-gefs-pds/gefs.20260203/00/atmos/pgrb2sp25/{geavg,gespr}.t00z.pgrb2s.0p25.f{060,066,072,078}#statistic=max_t(geavg)+offset;offset_f=+0.0489;raw_f=27.2120;spread=gespr@f072;covered_leads=54-78"
CHI,KMDW,2026-02-05,2026-02-02T00:00:00Z,78,gefs,26.3429,2.7180,"s3://noaa-gefs-pds/gefs.20260202/00/atmos/pgrb2sp25/{geavg,gespr}.t00z.pgrb2s.0p25.f{084,090,096,102}#statistic=max_t(geavg)+offset;offset_f=+0.0489;raw_f=26.2940;spread=gespr@f096;covered_leads=78-102"
LAX,KLAX,2026-02-05,2026-02-05T00:00:00Z,8,gefs,74.4529,0.7920,"s3://noaa-gefs-pds/gefs.20260205/00/atmos/pgrb2sp25/{geavg,gespr}.t00z.pgrb2s.0p25.f{012,018,024,030,033}#statistic=max_t(geavg)+offset;offset_f=+0.0269;raw_f=74.4260;spread=gespr@f024;covered_leads=6-33"
LAX,KLAX,2026-02-05,2026-02-04T00:00:00Z,32,gefs,74.7049,0.5580,"s3://noaa-gefs-pds/gefs.20260204/00/atmos/pgrb2sp25/{geavg,gespr}.t00z.pgrb2s.0p25.f{036,042,048,054,057}#statistic=max_t(geavg)+offset;offset_f=+0.0269;raw_f=74.6780;spread=gespr@f048;covered_leads=30-57"
LAX,KLAX,2026-02-05,2026-02-03T00:00:00Z,56,gefs,72.7789,1.3320,"s3://noaa-gefs-pds/gefs.20260203/00/atmos/pgrb2sp25/{geavg,gespr}.t00z.pgrb2s.0p25.f{060,066,072,078,081}#statistic=max_t(geavg)+offset;offset_f=+0.0269;raw_f=72.7520;spread=gespr@f072;covered_leads=54-81"
LAX,KLAX,2026-02-05,2026-02-02T00:00:00Z,80,gefs,74.4349,1.6380,"s3://noaa-gefs-pds/gefs.20260202/00/atmos/pgrb2sp25/{geavg,gespr}.t00z.pgrb2s.0p25.f{084,090,096,102,105}#statistic=max_t(geavg)+offset;offset_f=+0.0269;raw_f=74.4080;spread=gespr@f096;covered_leads=78-105"
MIA,KMIA,2026-02-05,2026-02-05T00:00:00Z,5,gefs,73.9409,1.1340,"s3://noaa-gefs-pds/gefs.20260205/00/atmos/pgrb2sp25/{geavg,gespr}.t00z.pgrb2s.0p25.f{006,012,018,024,030}#statistic=max_t(geavg)+offset;offset_f=+0.0549;raw_f=73.8860;spread=gespr@f018;covered_leads=0-30"
MIA,KMIA,2026-02-05,2026-02-04T00:00:00Z,29,gefs,71.9429,2.0520,"s3://noaa-gefs-pds/gefs.20260204/00/atmos/pgrb2sp25/{geavg,gespr}.t00z.pgrb2s.0p25.f{030,036,042,048,054}#statistic=max_t(geavg)+offset;offset_f=+0.0549;raw_f=71.8880;spread=gespr@f042;covered_leads=24-54"
MIA,KMIA,2026-02-05,2026-02-03T00:00:00Z,53,gefs,70.2689,2.5020,"s3://noaa-gefs-pds/gefs.20260203/00/atmos/pgrb2sp25/{geavg,gespr}.t00z.pgrb2s.0p25.f{054,060,066,072,078}#statistic=max_t(geavg)+offset;offset_f=+0.0549;raw_f=70.2140;spread=gespr@f066;covered_leads=48-78"
MIA,KMIA,2026-02-05,2026-02-02T00:00:00Z,77,gefs,69.0269,2.8440,"s3://noaa-gefs-pds/gefs.20260202/00/atmos/pgrb2sp25/{geavg,gespr}.t00z.pgrb2s.0p25.f{078,084,090,096,102}#statistic=max_t(geavg)+offset;offset_f=+0.0549;raw_f=68.9720;spread=gespr@f090;covered_leads=72-102"
NY,KNYC,2026-02-05,2026-02-05T00:00:00Z,5,gefs,27.2474,0.7020,"s3://noaa-gefs-pds/gefs.20260205/00/atmos/pgrb2sp25/{geavg,gespr}.t00z.pgrb2s.0p25.f{006,012,018,024,030}#statistic=max_t(geavg)+offset;offset_f=+0.2514;raw_f=26.9960;spread=gespr@f024;covered_leads=0-30"
NY,KNYC,2026-02-05,2026-02-04T00:00:00Z,29,gefs,26.8874,1.1160,"s3://noaa-gefs-pds/gefs.20260204/00/atmos/pgrb2sp25/{geavg,gespr}.t00z.pgrb2s.0p25.f{030,036,042,048,054}#statistic=max_t(geavg)+offset;offset_f=+0.2514;raw_f=26.6360;spread=gespr@f048;covered_leads=24-54"
NY,KNYC,2026-02-05,2026-02-03T00:00:00Z,53,gefs,26.3294,1.7820,"s3://noaa-gefs-pds/gefs.20260203/00/atmos/pgrb2sp25/{geavg,gespr}.t00z.pgrb2s.0p25.f{054,060,066,072,078}#statistic=max_t(geavg)+offset;offset_f=+0.2514;raw_f=26.0780;spread=gespr@f072;covered_leads=48-78"
NY,KNYC,2026-02-05,2026-02-02T00:00:00Z,77,gefs,26.2754,1.7280,"s3://noaa-gefs-pds/gefs.20260202/00/atmos/pgrb2sp25/{geavg,gespr}.t00z.pgrb2s.0p25.f{078,084,090,096,102}#statistic=max_t(geavg)+offset;offset_f=+0.2514;raw_f=26.0240;spread=gespr@f096;covered_leads=72-102"
CHI,KMDW,2026-02-06,2026-02-06T00:00:00Z,6,gefs,34.8029,0.8100,"s3://noaa-gefs-pds/gefs.20260206/00/atmos/pgrb2sp25/{geavg,gespr}.t00z.pgrb2s.0p25.f{012,018,024,030}#statistic=max_t(geavg)+offset;offset_f=+0.0489;raw_f=34.7540;spread=gespr@f018;covered_leads=6-30"
CHI,KMDW,2026-02-06,2026-02-05T00:00:00Z,30,gefs,34.6229,1.4400,"s3://noaa-gefs-pds/gefs.20260205/00/atmos/pgrb2sp25/{geavg,gespr}.t00z.pgrb2s.0p25.f{036,042,048,054}#statistic=max_t(geavg)+offset;offset_f=+0.0489;raw_f=34.5740;spread=gespr@f048;covered_leads=30-54"
CHI,KMDW,2026-02-06,2026-02-04T00:00:00Z,54,gefs,34.4969,1.0620,"s3://noaa-gefs-pds/gefs.20260204/00/atmos/pgrb2sp25/{geavg,gespr}.t00z.pgrb2s.0p25.f{060,066,072,078}#statistic=max_t(geavg)+offset;offset_f=+0.0489;raw_f=34.4480;spread=gespr@f072;covered_leads=54-78"
CHI,KMDW,2026-02-06,2026-02-03T00:00:00Z,78,gefs,35.5229,2.1600,"s3://noaa-gefs-pds/gefs.20260203/00/atmos/pgrb2sp25/{geavg,gespr}.t00z.pgrb2s.0p25.f{084,090,096,102}#statistic=max_t(geavg)+offset;offset_f=+0.0489;raw_f=35.4740;spread=gespr@f090;covered_leads=78-102"
LAX,KLAX,2026-02-06,2026-02-06T00:00:00Z,8,gefs,67.9009,0.6660,"s3://noaa-gefs-pds/gefs.20260206/00/atmos/pgrb2sp25/{geavg,gespr}.t00z.pgrb2s.0p25.f{012,018,024,030,033}#statistic=max_t(geavg)+offset;offset_f=+0.0269;raw_f=67.8740;spread=gespr@f024;covered_leads=6-33"
LAX,KLAX,2026-02-06,2026-02-05T00:00:00Z,32,gefs,67.0369,1.1700,"s3://noaa-gefs-pds/gefs.20260205/00/atmos/pgrb2sp25/{geavg,gespr}.t00z.pgrb2s.0p25.f{036,042,048,054,057}#statistic=max_t(geavg)+offset;offset_f=+0.0269;raw_f=67.0100;spread=gespr@f048;covered_leads=30-57"
LAX,KLAX,2026-02-06,2026-02-04T00:00:00Z,56,gefs,68.9809,1.8180,"s3://noaa-gefs-pds/gefs.20260204/00/atmos/pgrb2sp25/{geavg,gespr}.t00z.pgrb2s.0p25.f{060,066,072,078,081}#statistic=max_t(geavg)+offset;offset_f=+0.0269;raw_f=68.9540;spread=gespr@f072;covered_leads=54-81"
LAX,KLAX,2026-02-06,2026-02-03T00:00:00Z,80,gefs,67.9909,1.5480,"s3://noaa-gefs-pds/gefs.20260203/00/atmos/pgrb2sp25/{geavg,gespr}.t00z.pgrb2s.0p25.f{084,090,096,102,105}#statistic=max_t(geavg)+offset;offset_f=+0.0269;raw_f=67.9640;spread=gespr@f096;covered_leads=78-105"
MIA,KMIA,2026-02-06,2026-02-06T00:00:00Z,5,gefs,66.2009,2.2320,"s3://noaa-gefs-pds/gefs.20260206/00/atmos/pgrb2sp25/{geavg,gespr}.t00z.pgrb2s.0p25.f{006,012,018,024,030}#statistic=max_t(geavg)+offset;offset_f=+0.0549;raw_f=66.1460;spread=gespr@f024;covered_leads=0-30"
MIA,KMIA,2026-02-06,2026-02-05T00:00:00Z,29,gefs,65.6249,2.6820,"s3://noaa-gefs-pds/gefs.20260205/00/atmos/pgrb2sp25/{geavg,gespr}.t00z.pgrb2s.0p25.f{030,036,042,048,054}#statistic=max_t(geavg)+offset;offset_f=+0.0549;raw_f=65.5700;spread=gespr@f048;covered_leads=24-54"
MIA,KMIA,2026-02-06,2026-02-04T00:00:00Z,53,gefs,65.4629,2.5560,"s3://noaa-gefs-pds/gefs.20260204/00/atmos/pgrb2sp25/{geavg,gespr}.t00z.pgrb2s.0p25.f{054,060,066,072,078}#statistic=max_t(geavg)+offset;offset_f=+0.0549;raw_f=65.4080;spread=gespr@f072;covered_leads=48-78"
MIA,KMIA,2026-02-06,2026-02-03T00:00:00Z,77,gefs,63.9329,2.2320,"s3://noaa-gefs-pds/gefs.20260203/00/atmos/pgrb2sp25/{geavg,gespr}.t00z.pgrb2s.0p25.f{078,084,090,096,102}#statistic=max_t(geavg)+offset;offset_f=+0.0549;raw_f=63.8780;spread=gespr@f096;covered_leads=72-102"
NY,KNYC,2026-02-06,2026-02-06T00:00:00Z,5,gefs,28.9574,0.7020,"s3://noaa-gefs-pds/gefs.20260206/00/atmos/pgrb2sp25/{geavg,gespr}.t00z.pgrb2s.0p25.f{006,012,018,024,030}#statistic=max_t(geavg)+offset;offset_f=+0.2514;raw_f=28.7060;spread=gespr@f024;covered_leads=0-30"
NY,KNYC,2026-02-06,2026-02-05T00:00:00Z,29,gefs,27.0134,0.9540,"s3://noaa-gefs-pds/gefs.20260205/00/atmos/pgrb2sp25/{geavg,gespr}.t00z.pgrb2s.0p25.f{030,036,042,048,054}#statistic=max_t(geavg)+offset;offset_f=+0.2514;raw_f=26.7620;spread=gespr@f048;covered_leads=24-54"
NY,KNYC,2026-02-06,2026-02-04T00:00:00Z,53,gefs,25.8614,1.5660,"s3://noaa-gefs-pds/gefs.20260204/00/atmos/pgrb2sp25/{geavg,gespr}.t00z.pgrb2s.0p25.f{054,060,066,072,078}#statistic=max_t(geavg)+offset;offset_f=+0.2514;raw_f=25.6100;spread=gespr@f072;covered_leads=48-78"
NY,KNYC,2026-02-06,2026-02-03T00:00:00Z,77,gefs,24.9434,2.6820,"s3://noaa-gefs-pds/gefs.20260203/00/atmos/pgrb2sp25/{geavg,gespr}.t00z.pgrb2s.0p25.f{078,084,090,096,102}#statistic=max_t(geavg)+offset;offset_f=+0.2514;raw_f=24.6920;spread=gespr@f102;covered_leads=72-102"
CHI,KMDW,2026-02-07,2026-02-07T00:00:00Z,6,gefs,22.3469,1.6020,"s3://noaa-gefs-pds/gefs.20260207/00/atmos/pgrb2sp25/{geavg,gespr}.t00z.pgrb2s.0p25.f{012,018,024,030}#statistic=max_t(geavg)+offset;offset_f=+0.0489;raw_f=22.2980;spread=gespr@f024;covered_leads=6-30"
CHI,KMDW,2026-02-07,2026-02-06T00:00:00Z,30,gefs,22.5089,1.5480,"s3://noaa-gefs-pds/gefs.20260206/00/atmos/pgrb2sp25/{geavg,gespr}.t00z.pgrb2s.0p25.f{036,042,048,054}#statistic=max_t(geavg)+offset;offset_f=+0.0489;raw_f=22.4600;spread=gespr@f048;covered_leads=30-54"
CHI,KMDW,2026-02-07,2026-02-05T00:00:00Z,54,gefs,21.1229,2.3940,"s3://noaa-gefs-pds/gefs.20260205/00/atmos/pgrb2sp25/{geavg,gespr}.t00z.pgrb2s.0p25.f{060,066,072,078}#statistic=max_t(geavg)+offset;offset_f=+0.0489;raw_f=21.0740;spread=gespr@f072;covered_leads=54-78"
CHI,KMDW,2026-02-07,2026-02-04T00:00:00Z,78,gefs,22.9049,1.5480,"s3://noaa-gefs-pds/gefs.20260204/00/atmos/pgrb2sp25/{geavg,gespr}.t00z.pgrb2s.0p25.f{084,090,096,102}#statistic=max_t(geavg)+offset;offset_f=+0.0489;raw_f=22.8560;spread=gespr@f096;covered_leads=78-102"
LAX,KLAX,2026-02-07,2026-02-07T00:00:00Z,8,gefs,72.4909,0.9720,"s3://noaa-gefs-pds/gefs.20260207/00/atmos/pgrb2sp25/{geavg,gespr}.t00z.pgrb2s.0p25.f{012,018,024,030,033}#statistic=max_t(geavg)+offset;offset_f=+0.0269;raw_f=72.4640;spread=gespr@f024;covered_leads=6-33"
LAX,KLAX,2026-02-07,2026-02-06T00:00:00Z,32,gefs,71.7709,1.4580,"s3://noaa-gefs-pds/gefs.20260206/00/atmos/pgrb2sp25/{geavg,gespr}.t00z.pgrb2s.0p25.f{036,042,048,054,057}#statistic=max_t(geavg)+offset;offset_f=+0.0269;raw_f=71.7440;spread=gespr@f048;covered_leads=30-57"
LAX,KLAX,2026-02-07,2026-02-05T00:00:00Z,56,gefs,70.1329,1.9800,"s3://noaa-gefs-pds/gefs.20260205/00/atmos/pgrb2sp25/{geavg,gespr}.t00z.pgrb2s.0p25.f{060,066,072,078,081}#statistic=max_t(geavg)+offset;offset_f=+0.0269;raw_f=70.1060;spread=gespr@f072;covered_leads=54-81"
LAX,KLAX,2026-02-07,2026-02-04T00:00:00Z,80,gefs,71.1769,2.6100,"s3://noaa-gefs-pds/gefs.20260204/00/atmos/pgrb2sp25/{geavg,gespr}.t00z.pgrb2s.0p25.f{084,090,096,102,105}#statistic=max_t(geavg)+offset;offset_f=+0.0269;raw_f=71.1500;spread=gespr@f096;covered_leads=78-105"
MIA,KMIA,2026-02-07,2026-02-07T00:00:00Z,5,gefs,74.5349,1.1520,"s3://noaa-gefs-pds/gefs.20260207/00/atmos/pgrb2sp25/{geavg,gespr}.t00z.pgrb2s.0p25.f{006,012,018,024,030}#statistic=max_t(geavg)+offset;offset_f=+0.0549;raw_f=74.4800;spread=gespr@f024;covered_leads=0-30"
MIA,KMIA,2026-02-07,2026-02-06T00:00:00Z,29,gefs,73.2029,1.8360,"s3://noaa-gefs-pds/gefs.20260206/00/atmos/pgrb2sp25/{geavg,gespr}.t00z.pgrb2s.0p25.f{030,036,042,048,054}#statistic=max_t(geavg)+offset;offset_f=+0.0549;raw_f=73.1480;spread=gespr@f048;covered_leads=24-54"
MIA,KMIA,2026-02-07,2026-02-05T00:00:00Z,53,gefs,72.9689,2.1420,"s3://noaa-gefs-pds/gefs.20260205/00/atmos/pgrb2sp25/{geavg,gespr}.t00z.pgrb2s.0p25.f{054,060,066,072,078}#statistic=max_t(geavg)+offset;offset_f=+0.0549;raw_f=72.9140;spread=gespr@f072;covered_leads=48-78"
MIA,KMIA,2026-02-07,2026-02-04T00:00:00Z,77,gefs,72.6809,1.7100,"s3://noaa-gefs-pds/gefs.20260204/00/atmos/pgrb2sp25/{geavg,gespr}.t00z.pgrb2s.0p25.f{078,084,090,096,102}#statistic=max_t(geavg)+offset;offset_f=+0.0549;raw_f=72.6260;spread=gespr@f096;covered_leads=72-102"
NY,KNYC,2026-02-07,2026-02-07T00:00:00Z,5,gefs,26.2934,0.4320,"s3://noaa-gefs-pds/gefs.20260207/00/atmos/pgrb2sp25/{geavg,gespr}.t00z.pgrb2s.0p25.f{006,012,018,024,030}#statistic=max_t(geavg)+offset;offset_f=+0.2514;raw_f=26.0420;spread=gespr@f006;covered_leads=0-30"
NY,KNYC,2026-02-07,2026-02-06T00:00:00Z,29,gefs,26.0594,0.6840,"s3://noaa-gefs-pds/gefs.20260206/00/atmos/pgrb2sp25/{geavg,gespr}.t00z.pgrb2s.0p25.f{030,036,042,048,054}#statistic=max_t(geavg)+offset;offset_f=+0.2514;raw_f=25.8080;spread=gespr@f030;covered_leads=24-54"
NY,KNYC,2026-02-07,2026-02-05T00:00:00Z,53,gefs,24.5834,1.2420,"s3://noaa-gefs-pds/gefs.20260205/00/atmos/pgrb2sp25/{geavg,gespr}.t00z.pgrb2s.0p25.f{054,060,066,072,078}#statistic=max_t(geavg)+offset;offset_f=+0.2514;raw_f=24.3320;spread=gespr@f060;covered_leads=48-78"
NY,KNYC,2026-02-07,2026-02-04T00:00:00Z,77,gefs,25.3214,1.5840,"s3://noaa-gefs-pds/gefs.20260204/00/atmos/pgrb2sp25/{geavg,gespr}.t00z.pgrb2s.0p25.f{078,084,090,096,102}#statistic=max_t(geavg)+offset;offset_f=+0.2514;raw_f=25.0700;spread=gespr@f084;covered_leads=72-102"
CHI,KMDW,2026-02-08,2026-02-08T00:00:00Z,6,gefs,28.2329,0.6840,"s3://noaa-gefs-pds/gefs.20260208/00/atmos/pgrb2sp25/{geavg,gespr}.t00z.pgrb2s.0p25.f{012,018,024,030}#statistic=max_t(geavg)+offset;offset_f=+0.0489;raw_f=28.1840;spread=gespr@f024;covered_leads=6-30"
CHI,KMDW,2026-02-08,2026-02-07T00:00:00Z,30,gefs,26.9909,1.5480,"s3://noaa-gefs-pds/gefs.20260207/00/atmos/pgrb2sp25/{geavg,gespr}.t00z.pgrb2s.0p25.f{036,042,048,054}#statistic=max_t(geavg)+offset;offset_f=+0.0489;raw_f=26.9420;spread=gespr@f048;covered_leads=30-54"
CHI,KMDW,2026-02-08,2026-02-06T00:00:00Z,54,gefs,28.2689,2.4840,"s3://noaa-gefs-pds/gefs.20260206/00/atmos/pgrb2sp25/{geavg,gespr}.t00z.pgrb2s.0p25.f{060,066,072,078}#statistic=max_t(geavg)+offset;offset_f=+0.0489;raw_f=28.2200;spread=gespr@f072;covered_leads=54-78"
CHI,KMDW,2026-02-08,2026-02-05T00:00:00Z,78,gefs,27.7649,1.9080,"s3://noaa-gefs-pds/gefs.20260205/00/atmos/pgrb2sp25/{geavg,gespr}.t00z.pgrb2s.0p25.f{084,090,096,102}#statistic=max_t(geavg)+offset;offset_f=+0.0489;raw_f=27.7160;spread=gespr@f096;covered_leads=78-102"
LAX,KLAX,2026-02-08,2026-02-08T00:00:00Z,8,gefs,76.1629,0.4140,"s3://noaa-gefs-pds/gefs.20260208/00/atmos/pgrb2sp25/{geavg,gespr}.t00z.pgrb2s.0p25.f{012,018,024,030,033}#statistic=max_t(geavg)+offset;offset_f=+0.0269;raw_f=76.1360;spread=gespr@f024;covered_leads=6-33"
LAX,KLAX,2026-02-08,2026-02-07T00:00:00Z,32,gefs,76.0189,0.6300,"s3://noaa-gefs-pds/gefs.20260207/00/atmos/pgrb2sp25/{geavg,gespr}.t00z.pgrb2s.0p25.f{036,042,048,054,057}#statistic=max_t(geavg)+offset;offset_f=+0.0269;raw_f=75.9920;spread=gespr@f048;covered_leads=30-57"
LAX,KLAX,2026-02-08,2026-02-06T00:00:00Z,56,gefs,74.3809,1.1700,"s3://noaa-gefs-pds/gefs.20260206/00/atmos/pgrb2sp25/{geavg,gespr}.t00z.pgrb2s.0p25.f{060,066,072,078,081}#statistic=max_t(geavg)+offset;offset_f=+0.0269;raw_f=74.3540;spread=gespr@f072;covered_leads=54-81"
LAX,KLAX,2026-02-08,2026-02-05T00:00:00Z,80,gefs,75.0649,1.6560,"s3://noaa-gefs-pds/gefs.20260205/00/atmos/pgrb2sp25/{geavg,gespr}.t00z.pgrb2s.0p25.f{084,090,096,102,105}#statistic=max_t(geavg)+offset;offset_f=+0.0269;raw_f=75.0380;spread=gespr@f096;covered_leads=78-105"
MIA,KMIA,2026-02-08,2026-02-08T00:00:00Z,5,gefs,70.6289,1.6740,"s3://noaa-gefs-pds/gefs.20260208/00/atmos/pgrb2sp25/{geavg,gespr}.t00z.pgrb2s.0p25.f{006,012,018,024,030}#statistic=max_t(geavg)+offset;offset_f=+0.0549;raw_f=70.5740;spread=gespr@f018;covered_leads=0-30"
MIA,KMIA,2026-02-08,2026-02-07T00:00:00Z,29,gefs,69.1349,2.3580,"s3://noaa-gefs-pds/gefs.20260207/00/atmos/pgrb2sp25/{geavg,gespr}.t00z.pgrb2s.0p25.f{030,036,042,048,054}#statistic=max_t(geavg)+offset;offset_f=+0.0549;raw_f=69.0800;spread=gespr@f048;covered_leads=24-54"
MIA,KMIA,2026-02-08,2026-02-06T00:00:00Z,53,gefs,67.1369,2.3940,"s3://noaa-gefs-pds/gefs.20260206/00/atmos/pgrb2sp25/{geavg,gespr}.t00z.pgrb2s.0p25.f{054,060,066,072,078}#statistic=max_t(geavg)+offset;offset_f=+0.0549;raw_f=67.0820;spread=gespr@f072;covered_leads=48-78"
MIA,KMIA,2026-02-08,2026-02-05T00:00:00Z,77,gefs,67.7489,2.4300,"s3://noaa-gefs-pds/gefs.20260205/00/atmos/pgrb2sp25/{geavg,gespr}.t00z.pgrb2s.0p25.f{078,084,090,096,102}#statistic=max_t(geavg)+offset;offset_f=+0.0549;raw_f=67.6940;spread=gespr@f078;covered_leads=72-102"
NY,KNYC,2026-02-08,2026-02-08T00:00:00Z,5,gefs,13.2794,1.7640,"s3://noaa-gefs-pds/gefs.20260208/00/atmos/pgrb2sp25/{geavg,gespr}.t00z.pgrb2s.0p25.f{006,012,018,024,030}#statistic=max_t(geavg)+offset;offset_f=+0.2514;raw_f=13.0280;spread=gespr@f024;covered_leads=0-30"
NY,KNYC,2026-02-08,2026-02-07T00:00:00Z,29,gefs,16.1594,2.4840,"s3://noaa-gefs-pds/gefs.20260207/00/atmos/pgrb2sp25/{geavg,gespr}.t00z.pgrb2s.0p25.f{030,036,042,048,054}#statistic=max_t(geavg)+offset;offset_f=+0.2514;raw_f=15.9080;spread=gespr@f048;covered_leads=24-54"
NY,KNYC,2026-02-08,2026-02-06T00:00:00Z,53,gefs,14.2334,2.4120,"s3://noaa-gefs-pds/gefs.20260206/00/atmos/pgrb2sp25/{geavg,gespr}.t00z.pgrb2s.0p25.f{054,060,066,072,078}#statistic=max_t(geavg)+offset;offset_f=+0.2514;raw_f=13.9820;spread=gespr@f072;covered_leads=48-78"
NY,KNYC,2026-02-08,2026-02-05T00:00:00Z,77,gefs,14.0894,2.6640,"s3://noaa-gefs-pds/gefs.20260205/00/atmos/pgrb2sp25/{geavg,gespr}.t00z.pgrb2s.0p25.f{078,084,090,096,102}#statistic=max_t(geavg)+offset;offset_f=+0.2514;raw_f=13.8380;spread=gespr@f096;covered_leads=72-102"
CHI,KMDW,2026-02-09,2026-02-09T00:00:00Z,6,gefs,33.5429,1.7820,"s3://noaa-gefs-pds/gefs.20260209/00/atmos/pgrb2sp25/{geavg,gespr}.t00z.pgrb2s.0p25.f{012,018,024,030}#statistic=max_t(geavg)+offset;offset_f=+0.0489;raw_f=33.4940;spread=gespr@f030;covered_leads=6-30"
CHI,KMDW,2026-02-09,2026-02-08T00:00:00Z,30,gefs,33.7949,2.3400,"s3://noaa-gefs-pds/gefs.20260208/00/atmos/pgrb2sp25/{geavg,gespr}.t00z.pgrb2s.0p25.f{036,042,048,054}#statistic=max_t(geavg)+offset;offset_f=+0.0489;raw_f=33.7460;spread=gespr@f054;covered_leads=30-54"
CHI,KMDW,2026-02-09,2026-02-07T00:00:00Z,54,gefs,37.0529,2.0880,"s3://noaa-gefs-pds/gefs.20260207/00/atmos/pgrb2sp25/{geavg,gespr}.t00z.pgrb2s.0p25.f{060,066,072,078}#statistic=max_t(geavg)+offset;offset_f=+0.0489;raw_f=37.0040;spread=gespr@f072;covered_leads=54-78"
CHI,KMDW,2026-02-09,2026-02-06T00:00:00Z,78,gefs,37.6469,3.5820,"s3://noaa-gefs-pds/gefs.20260206/00/atmos/pgrb2sp25/{geavg,gespr}.t00z.pgrb2s.0p25.f{084,090,096,102}#statistic=max_t(geavg)+offset;offset_f=+0.0489;raw_f=37.5980;spread=gespr@f096;covered_leads=78-102"
LAX,KLAX,2026-02-09,2026-02-09T00:00:00Z,8,gefs,73.9849,0.5580,"s3://noaa-gefs-pds/gefs.20260209/00/atmos/pgrb2sp25/{geavg,gespr}.t00z.pgrb2s.0p25.f{012,018,024,030,033}#statistic=max_t(geavg)+offset;offset_f=+0.0269;raw_f=73.9580;spread=gespr@f024;covered_leads=6-33"
LAX,KLAX,2026-02-09,2026-02-08T00:00:00Z,32,gefs,74.0209,0.7380,"s3://noaa-gefs-pds/gefs.20260208/00/atmos/pgrb2sp25/{geavg,gespr}.t00z.pgrb2s.0p25.f{036,042,048,054,057}#statistic=max_t(geavg)+offset;offset_f=+0.0269;raw_f=73.9940;spread=gespr@f048;covered_leads=30-57"
LAX,KLAX,2026-02-09,2026-02-07T00:00:00Z,56,gefs,72.9409,1.1520,"s3://noaa-gefs-pds/gefs.20260207/00/atmos/pgrb2sp25/{geavg,gespr}.t00z.pgrb2s.0p25.f{060,066,072,078,081}#statistic=max_t(geavg)+offset;offset_f=+0.0269;raw_f=72.9140;spread=gespr@f072;covered_leads=54-81"
LAX,KLAX,2026-02-09,2026-02-06T00:00:00Z,80,gefs,69.6649,2.1060,"s3://noaa-gefs-pds/gefs.20260206/00/atmos/pgrb2sp25/{geavg,gespr}.t00z.pgrb2s.0p25.f{084,090,096,102,105}#statistic=max_t(geavg)+offset;offset_f=+0.0269;raw_f=69.6380;spread=gespr@f096;covered_leads=78-105"
MIA,KMIA,2026-02-09,2026-02-09T00:00:00Z,5,gefs,72.6629,0.8100,"s3://noaa-gefs-pds/gefs.20260209/00/atmos/pgrb2sp25/{geavg,gespr}.t00z.pgrb2s.0p25.f{006,012,018,024,030}#statistic=max_t(geavg)+offset;offset_f=+0.0549;raw_f=72.6080;spread=gespr@f024;covered_leads=0-30"
MIA,KMIA,2026-02-09,2026-02-08T00:00:00Z,29,gefs,70.4489,1.9440,"s3://noaa-gefs-pds/gefs.20260208/00/atmos/pgrb2sp25/{geavg,gespr}.t00z.pgrb2s.0p25.f{030,036,042,048,054}#statistic=max_t(geavg)+offset;offset_f=+0.0549;raw_f=70.3940;spread=gespr@f048;covered_leads=24-54"
MIA,KMIA,2026-02-09,2026-02-07T00:00:00Z,53,gefs,70.1429,2.3760,"s3://noaa-gefs-pds/gefs.20260207/00/atmos/pgrb2sp25/{geavg,gespr}.t00z.pgrb2s.0p25.f{054,060,066,072,078}#statistic=max_t(geavg)+offset;offset_f=+0.0549;raw_f=70.0880;spread=gespr@f072;covered_leads=48-78"
MIA,KMIA,2026-02-09,2026-02-06T00:00:00Z,77,gefs,70.3949,1.4940,"s3://noaa-gefs-pds/gefs.20260206/00/atmos/pgrb2sp25/{geavg,gespr}.t00z.pgrb2s.0p25.f{078,084,090,096,102}#statistic=max_t(geavg)+offset;offset_f=+0.0549;raw_f=70.3400;spread=gespr@f096;covered_leads=72-102"
NY,KNYC,2026-02-09,2026-02-09T00:00:00Z,5,gefs,27.6074,1.1160,"s3://noaa-gefs-pds/gefs.20260209/00/atmos/pgrb2sp25/{geavg,gespr}.t00z.pgrb2s.0p25.f{006,012,018,024,030}#statistic=max_t(geavg)+offset;offset_f=+0.2514;raw_f=27.3560;spread=gespr@f024;covered_leads=0-30"
NY,KNYC,2026-02-09,2026-02-08T00:00:00Z,29,gefs,27.4094,1.5120,"s3://noaa-gefs-pds/gefs.20260208/00/atmos/pgrb2sp25/{geavg,gespr}.t00z.pgrb2s.0p25.f{030,036,042,048,054}#statistic=max_t(geavg)+offset;offset_f=+0.2514;raw_f=27.1580;spread=gespr@f048;covered_leads=24-54"
NY,KNYC,2026-02-09,2026-02-07T00:00:00Z,53,gefs,27.2294,1.4940,"s3://noaa-gefs-pds/gefs.20260207/00/atmos/pgrb2sp25/{geavg,gespr}.t00z.pgrb2s.0p25.f{054,060,066,072,078}#statistic=max_t(geavg)+offset;offset_f=+0.2514;raw_f=26.9780;spread=gespr@f072;covered_leads=48-78"
NY,KNYC,2026-02-09,2026-02-06T00:00:00Z,77,gefs,24.3314,2.2320,"s3://noaa-gefs-pds/gefs.20260206/00/atmos/pgrb2sp25/{geavg,gespr}.t00z.pgrb2s.0p25.f{078,084,090,096,102}#statistic=max_t(geavg)+offset;offset_f=+0.2514;raw_f=24.0800;spread=gespr@f096;covered_leads=72-102"
CHI,KMDW,2026-02-10,2026-02-10T00:00:00Z,6,gefs,39.7349,0.8640,"s3://noaa-gefs-pds/gefs.20260210/00/atmos/pgrb2sp25/{geavg,gespr}.t00z.pgrb2s.0p25.f{012,018,024,030}#statistic=max_t(geavg)+offset;offset_f=+0.0489;raw_f=39.6860;spread=gespr@f024;covered_leads=6-30"
CHI,KMDW,2026-02-10,2026-02-09T00:00:00Z,30,gefs,39.0509,2.2680,"s3://noaa-gefs-pds/gefs.20260209/00/atmos/pgrb2sp25/{geavg,gespr}.t00z.pgrb2s.0p25.f{036,042,048,054}#statistic=max_t(geavg)+offset;offset_f=+0.0489;raw_f=39.0020;spread=gespr@f042;covered_leads=30-54"
CHI,KMDW,2026-02-10,2026-02-08T00:00:00Z,54,gefs,40.3289,2.2500,"s3://noaa-gefs-pds/gefs.20260208/00/atmos/pgrb2sp25/{geavg,gespr}.t00z.pgrb2s.0p25.f{060,066,072,078}#statistic=max_t(geavg)+offset;offset_f=+0.0489;raw_f=40.2800;spread=gespr@f072;covered_leads=54-78"
CHI,KMDW,2026-02-10,2026-02-07T00:00:00Z,78,gefs,40.8689,3.3300,"s3://noaa-gefs-pds/gefs.20260207/00/atmos/pgrb2sp25/{geavg,gespr}.t00z.pgrb2s.0p25.f{084,090,096,102}#statistic=max_t(geavg)+offset;offset_f=+0.0489;raw_f=40.8200;spread=gespr@f096;covered_leads=78-102"
LAX,KLAX,2026-02-10,2026-02-10T00:00:00Z,8,gefs,63.9769,0.4320,"s3://noaa-gefs-pds/gefs.20260210/00/atmos/pgrb2sp25/{geavg,gespr}.t00z.pgrb2s.0p25.f{012,018,024,030,033}#statistic=max_t(geavg)+offset;offset_f=+0.0269;raw_f=63.9500;spread=gespr@f012;covered_leads=6-33"
LAX,KLAX,2026-02-10,2026-02-09T00:00:00Z,32,gefs,65.6329,0.5760,"s3://noaa-gefs-pds/gefs.20260209/00/atmos/pgrb2sp25/{geavg,gespr}.t00z.pgrb2s.0p25.f{036,042,048,054,057}#statistic=max_t(geavg)+offset;offset_f=+0.0269;raw_f=65.6060;spread=gespr@f036;covered_leads=30-57"
LAX,KLAX,2026-02-10,2026-02-08T00:00:00Z,56,gefs,65.2009,0.6840,"s3://noaa-gefs-pds/gefs.20260208/00/atmos/pgrb2sp25/{geavg,gespr}.t00z.pgrb2s.0p25.f{060,066,072,078,081}#statistic=max_t(geavg)+offset;offset_f=+0.0269;raw_f=65.1740;spread=gespr@f060;covered_leads=54-81"
LAX,KLAX,2026-02-10,2026-02-07T00:00:00Z,80,gefs,64.2109,0.9180,"s3://noaa-gefs-pds/gefs.20260207/00/atmos/pgrb2sp25/{geavg,gespr}.t00z.pgrb2s.0p25.f{084,090,096,102,105}#statistic=max_t(geavg)+offset;offset_f=+0.0269;raw_f=64.1840;spread=gespr@f084;covered_leads=78-105"
MIA,KMIA,2026-02-10,2026-02-10T00:00:00Z,5,gefs,73.9589,0.6480,"s3://noaa-gefs-pds/gefs.20260210/00/atmos/pgrb2sp25/{geavg,gespr}.t00z.pgrb2s.0p25.f{006,012,018,024,030}#statistic=max_t(geavg)+offset;offset_f=+0.0549;raw_f=73.9040;spread=gespr@f024;covered_leads=0-30"
MIA,KMIA,2026-02-10,2026-02-09T00:00:00Z,29,gefs,73.0409,1.0620,"s3://noaa-gefs-pds/gefs.20260209/00/atmos/pgrb2sp25/{geavg,gespr}.t00z.pgrb2s.0p25.f{030,036,042,048,054}#statistic=max_t(geavg)+offset;offset_f=+0.0549;raw_f=72.9860;spread=gespr@f048;covered_leads=24-54"
MIA,KMIA,2026-02-10,2026-02-08T00:00:00Z,53,gefs,72.3929,1.6020,"s3://noaa-gefs-pds/gefs.20260208/00/atmos/pgrb2sp25/{geavg,gespr}.t00z.pgrb2s.0p25.f{054,060,066,072,078}#statistic=max_t(geavg)+offset;offset_f=+0.0549;raw_f=72.3380;spread=gespr@f072;covered_leads=48-78"
MIA,KMIA,2026-02-10,2026-02-07T00:00:00Z,77,gefs,72.0869,1.5480,"s3://noaa-gefs-pds/gefs.20260207/00/atmos/pgrb2sp25/{geavg,gespr}.t00z.pgrb2s.0p25.f{078,084,090,096,102}#statistic=max_t(geavg)+offset;offset_f=+0.0549;raw_f=72.0320;spread=gespr@f096;covered_leads=72-102"
NY,KNYC,2026-02-10,2026-02-10T00:00:00Z,5,gefs,31.7654,0.9540,"s3://noaa-gefs-pds/gefs.20260210/00/atmos/pgrb2sp25/{geavg,gespr}.t00z.pgrb2s.0p25.f{006,012,018,024,030}#statistic=max_t(geavg)+offset;offset_f=+0.2514;raw_f=31.5140;spread=gespr@f030;covered_leads=0-30"
NY,KNYC,2026-02-10,2026-02-09T00:00:00Z,29,gefs,34.0334,1.3320,"s3://noaa-gefs-pds/gefs.20260209/00/atmos/pgrb2sp25/{geavg,gespr}.t00z.pgrb2s.0p25.f{030,036,042,048,054}#statistic=max_t(geavg)+offset;offset_f=+0.2514;raw_f=33.7820;spread=gespr@f054;covered_leads=24-54"
NY,KNYC,2026-02-10,2026-02-08T00:00:00Z,53,gefs,32.8274,1.7100,"s3://noaa-gefs-pds/gefs.20260208/00/atmos/pgrb2sp25/{geavg,gespr}.t00z.pgrb2s.0p25.f{054,060,066,072,078}#statistic=max_t(geavg)+offset;offset_f=+0.2514;raw_f=32.5760;spread=gespr@f078;covered_leads=48-78"
NY,KNYC,2026-02-10,2026-02-07T00:00:00Z,77,gefs,33.2234,2.2680,"s3://noaa-gefs-pds/gefs.20260207/00/atmos/pgrb2sp25/{geavg,gespr}.t00z.pgrb2s.0p25.f{078,084,090,096,102}#statistic=max_t(geavg)+offset;offset_f=+0.2514;raw_f=32.9720;spread=gespr@f102;covered_leads=72-102"
CHI,KMDW,2026-02-11,2026-02-11T00:00:00Z,6,gefs,36.1889,1.5300,"s3://noaa-gefs-pds/gefs.20260211/00/atmos/pgrb2sp25/{geavg,gespr}.t00z.pgrb2s.0p25.f{012,018,024,030}#statistic=max_t(geavg)+offset;offset_f=+0.0489;raw_f=36.1400;spread=gespr@f024;covered_leads=6-30"
CHI,KMDW,2026-02-11,2026-02-10T00:00:00Z,30,gefs,35.2529,1.4400,"s3://noaa-gefs-pds/gefs.20260210/00/atmos/pgrb2sp25/{geavg,gespr}.t00z.pgrb2s.0p25.f{036,042,048,054}#statistic=max_t(geavg)+offset;offset_f=+0.0489;raw_f=35.2040;spread=gespr@f048;covered_leads=30-54"
CHI,KMDW,2026-02-11,2026-02-09T00:00:00Z,54,gefs,33.7049,1.8900,"s3://noaa-gefs-pds/gefs.20260209/00/atmos/pgrb2sp25/{geavg,gespr}.t00z.pgrb2s.0p25.f{060,066,072,078}#statistic=max_t(geavg)+offset;offset_f=+0.0489;raw_f=33.6560;spread=gespr@f072;covered_leads=54-78"
CHI,KMDW,2026-02-11,2026-02-08T00:00:00Z,78,gefs,34.1009,2.7360,"s3://noaa-gefs-pds/gefs.20260208/00/atmos/pgrb2sp25/{geavg,gespr}.t00z.pgrb2s.0p25.f{084,090,096,102}#statistic=max_t(geavg)+offset;offset_f=+0.0489;raw_f=34.0520;spread=gespr@f096;covered_leads=78-102"
LAX,KLAX,2026-02-11,2026-02-11T00:00:00Z,8,gefs,60.9529,0.6120,"s3://noaa-gefs-pds/gefs.20260211/00/atmos/pgrb2sp25/{geavg,gespr}.t00z.pgrb2s.0p25.f{012,018,024,030,033}#statistic=max_t(geavg)+offset;offset_f=+0.0269;raw_f=60.9260;spread=gespr@f024;covered_leads=6-33"
LAX,KLAX,2026-02-11,2026-02-10T00:00:00Z,32,gefs,61.0429,1.0440,"s3://noaa-gefs-pds/gefs.20260210/00/atmos/pgrb2sp25/{geavg,gespr}.t00z.pgrb2s.0p25.f{036,042,048,054,057}#statistic=max_t(geavg)+offset;offset_f=+0.0269;raw_f=61.0160;spread=gespr@f048;covered_leads=30-57"
LAX,KLAX,2026-02-11,2026-02-09T00:00:00Z,56,gefs,61.2949,1.0260,"s3://noaa-gefs-pds/gefs.20260209/00/atmos/pgrb2sp25/{geavg,gespr}.t00z.pgrb2s.0p25.f{060,066,072,078,081}#statistic=max_t(geavg)+offset;offset_f=+0.0269;raw_f=61.2680;spread=gespr@f072;covered_leads=54-81"
LAX,KLAX,2026-02-11,2026-02-08T00:00:00Z,80,gefs,61.2589,1.4940,"s3://noaa-gefs-pds/gefs.20260208/00/atmos/pgrb2sp25/{geavg,gespr}.t00z.pgrb2s.0p25.f{084,090,096,102,105}#statistic=max_t(geavg)+offset;offset_f=+0.0269;raw_f=61.2320;spread=gespr@f096;covered_leads=78-105"
MIA,KMIA,2026-02-11,2026-02-11T00:00:00Z,5,gefs,75.2549,0.7920,"s3://noaa-gefs-pds/gefs.20260211/00/atmos/pgrb2sp25/{geavg,gespr}.t00z.pgrb2s.0p25.f{006,012,018,024,030}#statistic=max_t(geavg)+offset;offset_f=+0.0549;raw_f=75.2000;spread=gespr@f024;covered_leads=0-30"
MIA,KMIA,2026-02-11,2026-02-10T00:00:00Z,29,gefs,74.9129,1.1160,"s3://noaa-gefs-pds/gefs.20260210/00/atmos/pgrb2sp25/{geavg,gespr}.t00z.pgrb2s.0p25.f{030,036,042,048,054}#statistic=max_t(geavg)+offset;offset_f=+0.0549;raw_f=74.8580;spread=gespr@f048;covered_leads=24-54"
MIA,KMIA,2026-02-11,2026-02-09T00:00:00Z,53,gefs,74.2109,1.1880,"s3://noaa-gefs-pds/gefs.20260209/00/atmos/pgrb2sp25/{geavg,gespr}.t00z.pgrb2s.0p25.f{054,060,066,072,078}#statistic=max_t(geavg)+offset;offset_f=+0.0549;raw_f=74.1560;spread=gespr@f072;covered_leads=48-78"
MIA,KMIA,2026-02-11,2026-02-08T00:00:00Z,77,gefs,73.3649,1.6740,"s3://noaa-gefs-pds/gefs.20260208/00/atmos/pgrb2sp25/{geavg,gespr}.t00z.pgrb2s.0p25.f{078,084,090,096,102}#statistic=max_t(geavg)+offset;offset_f=+0.0549;raw_f=73.3100;spread=gespr@f096;covered_leads=72-102"
NY,KNYC,2026-02-11,2026-02-11T00:00:00Z,5,gefs,34.7354,0.2880,"s3://noaa-gefs-pds/gefs.20260211/00/atmos/pgrb2sp25/{geavg,gespr}.t00z.pgrb2s.0p25.f{006,012,018,024,030}#statistic=max_t(geavg)+offset;offset_f=+0.2514;raw_f=34.4840;spread=gespr@f018;covered_leads=0-30"
NY,KNYC,2026-02-11,2026-02-10T00:00:00Z,29,gefs,34.9874,0.4140,"s3://noaa-gefs-pds/gefs.20260210/00/atmos/pgrb2sp25/{geavg,gespr}.t00z.pgrb2s.0p25.f{030,036,042,048,054}#statistic=max_t(geavg)+offset;offset_f=+0.2514;raw_f=34.7360;spread=gespr@f042;covered_leads=24-54"
NY,KNYC,2026-02-11,2026-02-09T00:00:00Z,53,gefs,35.1494,1.0980,"s3://noaa-gefs-pds/gefs.20260209/00/atmos/pgrb2sp25/{geavg,gespr}.t00z.pgrb2s.0p25.f{054,060,066,072,078}#statistic=max_t(geavg)+offset;offset_f=+0.2514;raw_f=34.8980;spread=gespr@f060;covered_leads=48-78"
NY,KNYC,2026-02-11,2026-02-08T00:00:00Z,77,gefs,33.6554,1.5660,"s3://noaa-gefs-pds/gefs.20260208/00/atmos/pgrb2sp25/{geavg,gespr}.t00z.pgrb2s.0p25.f{078,084,090,096,102}#statistic=max_t(geavg)+offset;offset_f=+0.2514;raw_f=33.4040;spread=gespr@f084;covered_leads=72-102"
CHI,KMDW,2026-02-12,2026-02-12T00:00:00Z,6,gefs,37.8809,1.1880,"s3://noaa-gefs-pds/gefs.20260212/00/atmos/pgrb2sp25/{geavg,gespr}.t00z.pgrb2s.0p25.f{012,018,024,030}#statistic=max_t(geavg)+offset;offset_f=+0.0489;raw_f=37.8320;spread=gespr@f024;covered_leads=6-30"
CHI,KMDW,2026-02-12,2026-02-11T00:00:00Z,30,gefs,38.1509,1.9260,"s3://noaa-gefs-pds/gefs.20260211/00/atmos/pgrb2sp25/{geavg,gespr}.t00z.pgrb2s.0p25.f{036,042,048,054}#statistic=max_t(geavg)+offset;offset_f=+0.0489;raw_f=38.1020;spread=gespr@f048;covered_leads=30-54"
CHI,KMDW,2026-02-12,2026-02-10T00:00:00Z,54,gefs,35.5049,1.7640,"s3://noaa-gefs-pds/gefs.20260210/00/atmos/pgrb2sp25/{geavg,gespr}.t00z.pgrb2s.0p25.f{060,066,072,078}#statistic=max_t(geavg)+offset;offset_f=+0.0489;raw_f=35.4560;spread=gespr@f072;covered_leads=54-78"
CHI,KMDW,2026-02-12,2026-02-09T00:00:00Z,78,gefs,33.0209,1.7100,"s3://noaa-gefs-pds/gefs.20260209/00/atmos/pgrb2sp25/{geavg,gespr}.t00z.pgrb2s.0p25.f{084,090,096,102}#statistic=max_t(geavg)+offset;offset_f=+0.0489;raw_f=32.9720;spread=gespr@f096;covered_leads=78-102"
LAX,KLAX,2026-02-12,2026-02-12T00:00:00Z,8,gefs,64.3729,0.7560,"s3://noaa-gefs-pds/gefs.20260212/00/atmos/pgrb2sp25/{geavg,gespr}.t00z.pgrb2s.0p25.f{012,018,024,030,033}#statistic=max_t(geavg)+offset;offset_f=+0.0269;raw_f=64.3460;spread=gespr@f024;covered_leads=6-33"
LAX,KLAX,2026-02-12,2026-02-11T00:00:00Z,32,gefs,65.2729,1.4580,"s3://noaa-gefs-pds/gefs.20260211/00/atmos/pgrb2sp25/{geavg,gespr}.t00z.pgrb2s.0p25.f{036,042,048,054,057}#statistic=max_t(geavg)+offset;offset_f=+0.0269;raw_f=65.2460;spread=gespr@f048;covered_leads=30-57"
LAX,KLAX,2026-02-12,2026-02-10T00:00:00Z,56,gefs,63.4369,1.5840,"s3://noaa-gefs-pds/gefs.20260210/00/atmos/pgrb2sp25/{geavg,gespr}.t00z.pgrb2s.0p25.f{060,066,072,078,081}#statistic=max_t(geavg)+offset;offset_f=+0.0269;raw_f=63.4100;spread=gespr@f072;covered_leads=54-81"
LAX,KLAX,2026-02-12,2026-02-09T00:00:00Z,80,gefs,63.0949,1.8180,"s3://noaa-gefs-pds/gefs.20260209/00/atmos/pgrb2sp25/{geavg,gespr}.t00z.pgrb2s.0p25.f{084,090,096,102,105}#statistic=max_t(geavg)+offset;offset_f=+0.0269;raw_f=63.0680;spread=gespr@f096;covered_leads=78-105"
MIA,KMIA,2026-02-12,2026-02-12T00:00:00Z,5,gefs,78.2429,1.1880,"s3://noaa-gefs-pds/gefs.20260212/00/atmos/pgrb2sp25/{geavg,gespr}.t00z.pgrb2s.0p25.f{006,012,018,024,030}#statistic=max_t(geavg)+offset;offset_f=+0.0549;raw_f=78.1880;spread=gespr@f024;covered_leads=0-30"
MIA,KMIA,2026-02-12,2026-02-11T00:00:00Z,29,gefs,76.9289,1.4040,"s3://noaa-gefs-pds/gefs.20260211/00/atmos/pgrb2sp25/{geavg,gespr}.t00z.pgrb2s.0p25.f{030,036,042,048,054}#statistic=max_t(geavg)+offset;offset_f=+0.0549;raw_f=76.8740;spread=gespr@f048;covered_leads=24-54"
MIA,KMIA,2026-02-12,2026-02-10T00:00:00Z,53,gefs,76.3349,1.2240,"s3://noaa-gefs-pds/gefs.20260210/00/atmos/pgrb2sp25/{geavg,gespr}.t00z.pgrb2s.0p25.f{054,060,066,072,078}#statistic=max_t(geavg)+offset;offset_f=+0.0549;raw_f=76.2800;spread=gespr@f072;covered_leads=48-78"
MIA,KMIA,2026-02-12,2026-02-09T00:00:00Z,77,gefs,75.6689,1.2060,"s3://noaa-gefs-pds/gefs.20260209/00/atmos/pgrb2sp25/{geavg,gespr}.t00z.pgrb2s.0p25.f{078,084,090,096,102}#statistic=max_t(geavg)+offset;offset_f=+0.0549;raw_f=75.6140;spread=gespr@f096;covered_leads=72-102"
NY,KNYC,2026-02-12,2026-02-12T00:00:00Z,5,gefs,33.6014,0.3600,"s3://noaa-gefs-pds/gefs.20260212/00/atmos/pgrb2sp25/{geavg,gespr}.t00z.pgrb2s.0p25.f{006,012,018,024,030}#statistic=max_t(geavg)+offset;offset_f=+0.2514;raw_f=33.3500;spread=gespr@f006;covered_leads=0-30"
NY,KNYC,2026-02-12,2026-02-11T00:00:00Z,29,gefs,31.7294,1.3320,"s3://noaa-gefs-pds/gefs.20260211/00/atmos/pgrb2sp25/{geavg,gespr}.t00z.pgrb2s.0p25.f{030,036,042,048,054}#statistic=max_t(geavg)+offset;offset_f=+0.2514;raw_f=31.4780;spread=gespr@f048;covered_leads=24-54"
NY,KNYC,2026-02-12,2026-02-10T00:00:00Z,53,gefs,32.1074,1.1160,"s3://noaa-gefs-pds/gefs.20260210/00/atmos/pgrb2sp25/{geavg,gespr}.t00z.pgrb2s.0p25.f{054,060,066,072,078}#statistic=max_t(geavg)+offset;offset_f=+0.2514;raw_f=31.8560;spread=gespr@f072;covered_leads=48-78"
NY,KNYC,2026-02-12,2026-02-09T00:00:00Z,77,gefs,31.4774,1.7280,"s3://noaa-gefs-pds/gefs.20260209/00/atmos/pgrb2sp25/{geavg,gespr}.t00z.pgrb2s.0p25.f{078,084,090,096,102}#statistic=max_t(geavg)+offset;offset_f=+0.2514;raw_f=31.2260;spread=gespr@f096;covered_leads=72-102"
CHI,KMDW,2026-02-13,2026-02-13T00:00:00Z,6,gefs,47.4569,0.7020,"s3://noaa-gefs-pds/gefs.20260213/00/atmos/pgrb2sp25/{geavg,gespr}.t00z.pgrb2s.0p25.f{012,018,024,030}#statistic=max_t(geavg)+offset;offset_f=+0.0489;raw_f=47.4080;spread=gespr@f024;covered_leads=6-30"
CHI,KMDW,2026-02-13,2026-02-12T00:00:00Z,30,gefs,47.2409,0.8640,"s3://noaa-gefs-pds/gefs.20260212/00/atmos/pgrb2sp25/{geavg,gespr}.t00z.pgrb2s.0p25.f{036,042,048,054}#statistic=max_t(geavg)+offset;offset_f=+0.0489;raw_f=47.1920;spread=gespr@f048;covered_leads=30-54"
CHI,KMDW,2026-02-13,2026-02-11T00:00:00Z,54,gefs,45.6569,1.7460,"s3://noaa-gefs-pds/gefs.20260211/00/atmos/pgrb2sp25/{geavg,gespr}.t00z.pgrb2s.0p25.f{060,066,072,078}#statistic=max_t(geavg)+offset;offset_f=+0.0489;raw_f=45.6080;spread=gespr@f072;covered_leads=54-78"
CHI,KMDW,2026-02-13,2026-02-10T00:00:00Z,78,gefs,41.6069,2.8620,"s3://noaa-gefs-pds/gefs.20260210/00/atmos/pgrb2sp25/{geavg,gespr}.t00z.pgrb2s.0p25.f{084,090,096,102}#statistic=max_t(geavg)+offset;offset_f=+0.0489;raw_f=41.5580;spread=gespr@f096;covered_leads=78-102"
LAX,KLAX,2026-02-13,2026-02-13T00:00:00Z,8,gefs,68.7469,0.4320,"s3://noaa-gefs-pds/gefs.20260213/00/atmos/pgrb2sp25/{geavg,gespr}.t00z.pgrb2s.0p25.f{012,018,024,030,033}#statistic=max_t(geavg)+offset;offset_f=+0.0269;raw_f=68.7200;spread=gespr@f024;covered_leads=6-33"
LAX,KLAX,2026-02-13,2026-02-12T00:00:00Z,32,gefs,68.3869,0.8820,"s3://noaa-gefs-pds/gefs.20260212/00/atmos/pgrb2sp25/{geavg,gespr}.t00z.pgrb2s.0p25.f{036,042,048,054,057}#statistic=max_t(geavg)+offset;offset_f=+0.0269;raw_f=68.3600;spread=gespr@f048;covered_leads=30-57"
LAX,KLAX,2026-02-13,2026-02-11T00:00:00Z,56,gefs,69.4669,1.6200,"s3://noaa-gefs-pds/gefs.20260211/00/atmos/pgrb2sp25/{geavg,gespr}.t00z.pgrb2s.0p25.f{060,066,072,078,081}#statistic=max_t(geavg)+offset;offset_f=+0.0269;raw_f=69.4400;spread=gespr@f072;covered_leads=54-81"
LAX,KLAX,2026-02-13,2026-02-10T00:00:00Z,80,gefs,67.9729,2.0160,"s3://noaa-gefs-pds/gefs.20260210/00/atmos/pgrb2sp25/{geavg,gespr}.t00z.pgrb2s.0p25.f{084,090,096,102,105}#statistic=max_t(geavg)+offset;offset_f=+0.0269;raw_f=67.9460;spread=gespr@f096;covered_leads=78-105"
MIA,KMIA,2026-02-13,2026-02-13T00:00:00Z,5,gefs,77.6489,1.0260,"s3://noaa-gefs-pds/gefs.20260213/00/atmos/pgrb2sp25/{geavg,gespr}.t00z.pgrb2s.0p25.f{006,012,018,024,030}#statistic=max_t(geavg)+offset;offset_f=+0.0549;raw_f=77.5940;spread=gespr@f024;covered_leads=0-30"
MIA,KMIA,2026-02-13,2026-02-12T00:00:00Z,29,gefs,76.9649,1.0080,"s3://noaa-gefs-pds/gefs.20260212/00/atmos/pgrb2sp25/{geavg,gespr}.t00z.pgrb2s.0p25.f{030,036,042,048,054}#statistic=max_t(geavg)+offset;offset_f=+0.0549;raw_f=76.9100;spread=gespr@f048;covered_leads=24-54"
MIA,KMIA,2026-02-13,2026-02-11T00:00:00Z,53,gefs,76.4069,1.0980,"s3://noaa-gefs-pds/gefs.20260211/00/atmos/pgrb2sp25/{geavg,gespr}.t00z.pgrb2s.0p25.f{054,060,066,072,078}#statistic=max_t(geavg)+offset;offset_f=+0.0549;raw_f=76.3520;spread=gespr@f072;covered_leads=48-78"
MIA,KMIA,2026-02-13,2026-02-10T00:00:00Z,77,gefs,76.0109,1.5480,"s3://noaa-gefs-pds/gefs.20260210/00/atmos/pgrb2sp25/{geavg,gespr}.t00z.pgrb2s.0p25.f{078,084,090,096,102}#statistic=max_t(geavg)+offset;offset_f=+0.0549;raw_f=75.9560;spread=gespr@f096;covered_leads=72-102"
NY,KNYC,2026-02-13,2026-02-13T00:00:00Z,5,gefs,33.2414,0.6300,"s3://noaa-gefs-pds/gefs.20260213/00/atmos/pgrb2sp25/{geavg,gespr}.t00z.pgrb2s.0p25.f{006,012,018,024,030}#statistic=max_t(geavg)+offset;offset_f=+0.2514;raw_f=32.9900;spread=gespr@f024;covered_leads=0-30"
NY,KNYC,2026-02-13,2026-02-12T00:00:00Z,29,gefs,32.7734,0.6120,"s3://noaa-gefs-pds/gefs.20260212/00/atmos/pgrb2sp25/{geavg,gespr}.t00z.pgrb2s.0p25.f{030,036,042,048,054}#statistic=max_t(geavg)+offset;offset_f=+0.2514;raw_f=32.5220;spread=gespr@f048;covered_leads=24-54"
NY,KNYC,2026-02-13,2026-02-11T00:00:00Z,53,gefs,32.6294,0.7200,"s3://noaa-gefs-pds/gefs.20260211/00/atmos/pgrb2sp25/{geavg,gespr}.t00z.pgrb2s.0p25.f{054,060,066,072,078}#statistic=max_t(geavg)+offset;offset_f=+0.2514;raw_f=32.3780;spread=gespr@f072;covered_leads=48-78"
NY,KNYC,2026-02-13,2026-02-10T00:00:00Z,77,gefs,33.2234,1.0620,"s3://noaa-gefs-pds/gefs.20260210/00/atmos/pgrb2sp25/{geavg,gespr}.t00z.pgrb2s.0p25.f{078,084,090,096,102}#statistic=max_t(geavg)+offset;offset_f=+0.2514;raw_f=32.9720;spread=gespr@f096;covered_leads=72-102"
CHI,KMDW,2026-02-14,2026-02-14T00:00:00Z,6,gefs,46.4309,1.1340,"s3://noaa-gefs-pds/gefs.20260214/00/atmos/pgrb2sp25/{geavg,gespr}.t00z.pgrb2s.0p25.f{012,018,024,030}#statistic=max_t(geavg)+offset;offset_f=+0.0489;raw_f=46.3820;spread=gespr@f024;covered_leads=6-30"
CHI,KMDW,2026-02-14,2026-02-13T00:00:00Z,30,gefs,46.2869,1.4220,"s3://noaa-gefs-pds/gefs.20260213/00/atmos/pgrb2sp25/{geavg,gespr}.t00z.pgrb2s.0p25.f{036,042,048,054}#statistic=max_t(geavg)+offset;offset_f=+0.0489;raw_f=46.2380;spread=gespr@f048;covered_leads=30-54"
CHI,KMDW,2026-02-14,2026-02-12T00:00:00Z,54,gefs,45.0269,3.2580,"s3://noaa-gefs-pds/gefs.20260212/00/atmos/pgrb2sp25/{geavg,gespr}.t00z.pgrb2s.0p25.f{060,066,072,078}#statistic=max_t(geavg)+offset;offset_f=+0.0489;raw_f=44.9780;spread=gespr@f072;covered_leads=54-78"
CHI,KMDW,2026-02-14,2026-02-11T00:00:00Z,78,gefs,47.5649,2.6100,"s3://noaa-gefs-pds/gefs.20260211/00/atmos/pgrb2sp25/{geavg,gespr}.t00z.pgrb2s.0p25.f{084,090,096,102}#statistic=max_t(geavg)+offset;offset_f=+0.0489;raw_f=47.5160;spread=gespr@f096;covered_leads=78-102"
LAX,KLAX,2026-02-14,2026-02-14T00:00:00Z,8,gefs,63.6529,0.6300,"s3://noaa-gefs-pds/gefs.20260214/00/atmos/pgrb2sp25/{geavg,gespr}.t00z.pgrb2s.0p25.f{012,018,024,030,033}#statistic=max_t(geavg)+offset;offset_f=+0.0269;raw_f=63.6260;spread=gespr@f024;covered_leads=6-33"
LAX,KLAX,2026-02-14,2026-02-13T00:00:00Z,32,gefs,64.4269,0.6300,"s3://noaa-gefs-pds/gefs.20260213/00/atmos/pgrb2sp25/{geavg,gespr}.t00z.pgrb2s.0p25.f{036,042,048,054,057}#statistic=max_t(geavg)+offset;offset_f=+0.0269;raw_f=64.4000;spread=gespr@f048;covered_leads=30-57"
LAX,KLAX,2026-02-14,2026-02-12T00:00:00Z,56,gefs,64.8229,0.8640,"s3://noaa-gefs-pds/gefs.20260212/00/atmos/pgrb2sp25/{geavg,gespr}.t00z.pgrb2s.0p25.f{060,066,072,078,081}#statistic=max_t(geavg)+offset;offset_f=+0.0269;raw_f=64.7960;spread=gespr@f072;covered_leads=54-81"
LAX,KLAX,2026-02-14,2026-02-11T00:00:00Z,80,gefs,65.1469,1.5480,"s3://noaa-gefs-pds/gefs.20260211/00/atmos/pgrb2sp25/{geavg,gespr}.t00z.pgrb2s.0p25.f{084,090,096,102,105}#statistic=max_t(geavg)+offset;offset_f=+0.0269;raw_f=65.1200;spread=gespr@f096;covered_leads=78-105"
MIA,KMIA,2026-02-14,2026-02-14T00:00:00Z,5,gefs,76.0649,0.7020,"s3://noaa-gefs-pds/gefs.20260214/00/atmos/pgrb2sp25/{geavg,gespr}.t00z.pgrb2s.0p25.f{006,012,018,024,030}#statistic=max_t(geavg)+offset;offset_f=+0.0549;raw_f=76.0100;spread=gespr@f024;covered_leads=0-30"
MIA,KMIA,2026-02-14,2026-02-13T00:00:00Z,29,gefs,75.9569,1.2060,"s3://noaa-gefs-pds/gefs.20260213/00/atmos/pgrb2sp25/{geavg,gespr}.t00z.pgrb2s.0p25.f{030,036,042,048,054}#statistic=max_t(geavg)+offset;offset_f=+0.0549;raw_f=75.9020;spread=gespr@f048;covered_leads=24-54"
MIA,KMIA,2026-02-14,2026-02-12T00:00:00Z,53,gefs,74.9849,1.6560,"s3://noaa-gefs-pds/gefs.20260212/00/atmos/pgrb2sp25/{geavg,gespr}.t00z.pgrb2s.0p25.f{054,060,066,072,078}#statistic=max_t(geavg)+offset;offset_f=+0.0549;raw_f=74.9300;spread=gespr@f072;covered_leads=48-78"
MIA,KMIA,2026-02-14,2026-02-11T00:00:00Z,77,gefs,74.8229,1.8540,"s3://noaa-gefs-pds/gefs.20260211/00/atmos/pgrb2sp25/{geavg,gespr}.t00z.pgrb2s.0p25.f{078,084,090,096,102}#statistic=max_t(geavg)+offset;offset_f=+0.0549;raw_f=74.7680;spread=gespr@f096;covered_leads=72-102"
NY,KNYC,2026-02-14,2026-02-14T00:00:00Z,5,gefs,38.6594,0.5580,"s3://noaa-gefs-pds/gefs.20260214/00/atmos/pgrb2sp25/{geavg,gespr}.t00z.pgrb2s.0p25.f{006,012,018,024,030}#statistic=max_t(geavg)+offset;offset_f=+0.2514;raw_f=38.4080;spread=gespr@f024;covered_leads=0-30"
NY,KNYC,2026-02-14,2026-02-13T00:00:00Z,29,gefs,39.4874,0.8100,"s3://noaa-gefs-pds/gefs.20260213/00/atmos/pgrb2sp25/{geavg,gespr}.t00z.pgrb2s.0p25.f{030,036,042,048,054}#statistic=max_t(geavg)+offset;offset_f=+0.2514;raw_f=39.2360;spread=gespr@f048;covered_leads=24-54"
NY,KNYC,2026-02-14,2026-02-12T00:00:00Z,53,gefs,38.7134,1.1700,"s3://noaa-gefs-pds/gefs.20260212/00/atmos/pgrb2sp25/{geavg,gespr}.t00z.pgrb2s.0p25.f{054,060,066,072,078}#statistic=max_t(geavg)+offset;offset_f=+0.2514;raw_f=38.4620;spread=gespr@f072;covered_leads=48-78"
NY,KNYC,2026-02-14,2026-02-11T00:00:00Z,77,gefs,36.7514,1.8540,"s3://noaa-gefs-pds/gefs.20260211/00/atmos/pgrb2sp25/{geavg,gespr}.t00z.pgrb2s.0p25.f{078,084,090,096,102}#statistic=max_t(geavg)+offset;offset_f=+0.2514;raw_f=36.5000;spread=gespr@f090;covered_leads=72-102"
CHI,KMDW,2026-02-15,2026-02-15T00:00:00Z,6,gefs,51.5069,1.2960,"s3://noaa-gefs-pds/gefs.20260215/00/atmos/pgrb2sp25/{geavg,gespr}.t00z.pgrb2s.0p25.f{012,018,024,030}#statistic=max_t(geavg)+offset;offset_f=+0.0489;raw_f=51.4580;spread=gespr@f024;covered_leads=6-30"
CHI,KMDW,2026-02-15,2026-02-14T00:00:00Z,30,gefs,51.7049,1.4220,"s3://noaa-gefs-pds/gefs.20260214/00/atmos/pgrb2sp25/{geavg,gespr}.t00z.pgrb2s.0p25.f{036,042,048,054}#statistic=max_t(geavg)+offset;offset_f=+0.0489;raw_f=51.6560;spread=gespr@f048;covered_leads=30-54"
CHI,KMDW,2026-02-15,2026-02-13T00:00:00Z,54,gefs,51.3269,1.4400,"s3://noaa-gefs-pds/gefs.20260213/00/atmos/pgrb2sp25/{geavg,gespr}.t00z.pgrb2s.0p25.f{060,066,072,078}#statistic=max_t(geavg)+offset;offset_f=+0.0489;raw_f=51.2780;spread=gespr@f072;covered_leads=54-78"
CHI,KMDW,2026-02-15,2026-02-12T00:00:00Z,78,gefs,47.6549,3.0780,"s3://noaa-gefs-pds/gefs.20260212/00/atmos/pgrb2sp25/{geavg,gespr}.t00z.pgrb2s.0p25.f{084,090,096,102}#statistic=max_t(geavg)+offset;offset_f=+0.0489;raw_f=47.6060;spread=gespr@f096;covered_leads=78-102"
LAX,KLAX,2026-02-15,2026-02-15T00:00:00Z,8,gefs,58.9009,0.7200,"s3://noaa-gefs-pds/gefs.20260215/00/atmos/pgrb2sp25/{geavg,gespr}.t00z.pgrb2s.0p25.f{012,018,024,030,033}#statistic=max_t(geavg)+offset;offset_f=+0.0269;raw_f=58.8740;spread=gespr@f024;covered_leads=6-33"
LAX,KLAX,2026-02-15,2026-02-14T00:00:00Z,32,gefs,59.1889,0.7560,"s3://noaa-gefs-pds/gefs.20260214/00/atmos/pgrb2sp25/{geavg,gespr}.t00z.pgrb2s.0p25.f{036,042,048,054,057}#statistic=max_t(geavg)+offset;offset_f=+0.0269;raw_f=59.1620;spread=gespr@f048;covered_leads=30-57"
LAX,KLAX,2026-02-15,2026-02-13T00:00:00Z,56,gefs,59.6929,0.8820,"s3://noaa-gefs-pds/gefs.20260213/00/atmos/pgrb2sp25/{geavg,gespr}.t00z.pgrb2s.0p25.f{060,066,072,078,081}#statistic=max_t(geavg)+offset;offset_f=+0.0269;raw_f=59.6660;spread=gespr@f072;covered_leads=54-81"
LAX,KLAX,2026-02-15,2026-02-12T00:00:00Z,80,gefs,60.1249,1.4220,"s3://noaa-gefs-pds/gefs.20260212/00/atmos/pgrb2sp25/{geavg,gespr}.t00z.pgrb2s.0p25.f{084,090,096,102,105}#statistic=max_t(geavg)+offset;offset_f=+0.0269;raw_f=60.0980;spread=gespr@f096;covered_leads=78-105"
MIA,KMIA,2026-02-15,2026-02-15T00:00:00Z,5,gefs,77.9549,0.6300,"s3://noaa-gefs-pds/gefs.20260215/00/atmos/pgrb2sp25/{geavg,gespr}.t00z.pgrb2s.0p25.f{006,012,018,024,030}#statistic=max_t(geavg)+offset;offset_f=+0.0549;raw_f=77.9000;spread=gespr@f024;covered_leads=0-30"
MIA,KMIA,2026-02-15,2026-02-14T00:00:00Z,29,gefs,77.4869,0.7560,"s3://noaa-gefs-pds/gefs.20260214/00/atmos/pgrb2sp25/{geavg,gespr}.t00z.pgrb2s.0p25.f{030,036,042,048,054}#statistic=max_t(geavg)+offset;offset_f=+0.0549;raw_f=77.4320;spread=gespr@f048;covered_leads=24-54"
MIA,KMIA,2026-02-15,2026-02-13T00:00:00Z,53,gefs,75.8489,1.3320,"s3://noaa-gefs-pds/gefs.20260213/00/atmos/pgrb2sp25/{geavg,gespr}.t00z.pgrb2s.0p25.f{054,060,066,072,078}#statistic=max_t(geavg)+offset;offset_f=+0.0549;raw_f=75.7940;spread=gespr@f072;covered_leads=48-78"
MIA,KMIA,2026-02-15,2026-02-12T00:00:00Z,77,gefs,75.7949,1.4940,"s3://noaa-gefs-pds/gefs.20260212/00/atmos/pgrb2sp25/{geavg,gespr}.t00z.pgrb2s.0p25.f{078,084,090,096,102}#statistic=max_t(geavg)+offset;offset_f=+0.0549;raw_f=75.7400;spread=gespr@f096;covered_leads=72-102"
NY,KNYC,2026-02-15,2026-02-15T00:00:00Z,5,gefs,38.0474,0.7200,"s3://noaa-gefs-pds/gefs.20260215/00/atmos/pgrb2sp25/{geavg,gespr}.t00z.pgrb2s.0p25.f{006,012,018,024,030}#statistic=max_t(geavg)+offset;offset_f=+0.2514;raw_f=37.7960;spread=gespr@f024;covered_leads=0-30"
NY,KNYC,2026-02-15,2026-02-14T00:00:00Z,29,gefs,37.0214,1.2600,"s3://noaa-gefs-pds/gefs.20260214/00/atmos/pgrb2sp25/{geavg,gespr}.t00z.pgrb2s.0p25.f{030,036,042,048,054}#statistic=max_t(geavg)+offset;offset_f=+0.2514;raw_f=36.7700;spread=gespr@f048;covered_leads=24-54"
NY,KNYC,2026-02-15,2026-02-13T00:00:00Z,53,gefs,36.3734,2.0160,"s3://noaa-gefs-pds/gefs.20260213/00/atmos/pgrb2sp25/{geavg,gespr}.t00z.pgrb2s.0p25.f{054,060,066,072,078}#statistic=max_t(geavg)+offset;offset_f=+0.2514;raw_f=36.1220;spread=gespr@f072;covered_leads=48-78"
NY,KNYC,2026-02-15,2026-02-12T00:00:00Z,77,gefs,35.9594,2.9160,"s3://noaa-gefs-pds/gefs.20260212/00/atmos/pgrb2sp25/{geavg,gespr}.t00z.pgrb2s.0p25.f{078,084,090,096,102}#statistic=max_t(geavg)+offset;offset_f=+0.2514;raw_f=35.7080;spread=gespr@f096;covered_leads=72-102"
CHI,KMDW,2026-02-16,2026-02-16T00:00:00Z,6,gefs,59.1929,0.5760,"s3://noaa-gefs-pds/gefs.20260216/00/atmos/pgrb2sp25/{geavg,gespr}.t00z.pgrb2s.0p25.f{012,018,024,030}#statistic=max_t(geavg)+offset;offset_f=+0.0489;raw_f=59.1440;spread=gespr@f024;covered_leads=6-30"
CHI,KMDW,2026-02-16,2026-02-15T00:00:00Z,30,gefs,59.3729,0.8100,"s3://noaa-gefs-pds/gefs.20260215/00/atmos/pgrb2sp25/{geavg,gespr}.t00z.pgrb2s.0p25.f{036,042,048,054}#statistic=max_t(geavg)+offset;offset_f=+0.0489;raw_f=59.3240;spread=gespr@f048;covered_leads=30-54"
CHI,KMDW,2026-02-16,2026-02-14T00:00:00Z,54,gefs,56.4569,1.4400,"s3://noaa-gefs-pds/gefs.20260214/00/atmos/pgrb2sp25/{geavg,gespr}.t00z.pgrb2s.0p25.f{060,066,072,078}#statistic=max_t(geavg)+offset;offset_f=+0.0489;raw_f=56.4080;spread=gespr@f072;covered_leads=54-78"
CHI,KMDW,2026-02-16,2026-02-13T00:00:00Z,78,gefs,53.0729,2.7000,"s3://noaa-gefs-pds/gefs.20260213/00/atmos/pgrb2sp25/{geavg,gespr}.t00z.pgrb2s.0p25.f{084,090,096,102}#statistic=max_t(geavg)+offset;offset_f=+0.0489;raw_f=53.0240;spread=gespr@f096;covered_leads=78-102"
LAX,KLAX,2026-02-16,2026-02-16T00:00:00Z,8,gefs,57.4249,0.2340,"s3://noaa-gefs-pds/gefs.20260216/00/atmos/pgrb2sp25/{geavg,gespr}.t00z.pgrb2s.0p25.f{012,018,024,030,033}#statistic=max_t(geavg)+offset;offset_f=+0.0269;raw_f=57.3980;spread=gespr@f012;covered_leads=6-33"
LAX,KLAX,2026-02-16,2026-02-15T00:00:00Z,32,gefs,57.0649,0.8280,"s3://noaa-gefs-pds/gefs.20260215/00/atmos/pgrb2sp25/{geavg,gespr}.t00z.pgrb2s.0p25.f{036,042,048,054,057}#statistic=max_t(geavg)+offset;offset_f=+0.0269;raw_f=57.0380;spread=gespr@f048;covered_leads=30-57"
LAX,KLAX,2026-02-16,2026-02-14T00:00:00Z,56,gefs,56.8489,1.2960,"s3://noaa-gefs-pds/gefs.20260214/00/atmos/pgrb2sp25/{geavg,gespr}.t00z.pgrb2s.0p25.f{060,066,072,078,081}#statistic=max_t(geavg)+offset;offset_f=+0.0269;raw_f=56.8220;spread=gespr@f072;covered_leads=54-81"
LAX,KLAX,2026-02-16,2026-02-13T00:00:00Z,80,gefs,57.0829,1.8180,"s3://noaa-gefs-pds/gefs.20260213/00/atmos/pgrb2sp25/{geavg,gespr}.t00z.pgrb2s.0p25.f{084,090,096,102,105}#statistic=max_t(geavg)+offset;offset_f=+0.0269;raw_f=57.0560;spread=gespr@f096;covered_leads=78-105"
MIA,KMIA,2026-02-16,2026-02-16T00:00:00Z,5,gefs,82.5629,1.0620,"s3://noaa-gefs-pds/gefs.20260216/00/atmos/pgrb2sp25/{geavg,gespr}.t00z.pgrb2s.0p25.f{006,012,018,024,030}#statistic=max_t(geavg)+offset;offset_f=+0.0549;raw_f=82.5080;spread=gespr@f024;covered_leads=0-30"
MIA,KMIA,2026-02-16,2026-02-15T00:00:00Z,29,gefs,82.1489,1.2960,"s3://noaa-gefs-pds/gefs.20260215/00/atmos/pgrb2sp25/{geavg,gespr}.t00z.pgrb2s.0p25.f{030,036,042,048,054}#statistic=max_t(geavg)+offset;offset_f=+0.0549;raw_f=82.0940;spread=gespr@f048;covered_leads=24-54"
MIA,KMIA,2026-02-16,2026-02-14T00:00:00Z,53,gefs,82.1309,1.1520,"s3://noaa-gefs-pds/gefs.20260214/00/atmos/pgrb2sp25/{geavg,gespr}.t00z.pgrb2s.0p25.f{054,060,066,072,078}#statistic=max_t(geavg)+offset;offset_f=+0.0549;raw_f=82.0760;spread=gespr@f072;covered_leads=48-78"
MIA,KMIA,2026-02-16,2026-02-13T00:00:00Z,77,gefs,80.1329,1.9080,"s3://noaa-gefs-pds/gefs.20260213/00/atmos/pgrb2sp25/{geavg,gespr}.t00z.pgrb2s.0p25.f{078,084,090,096,102}#statistic=max_t(geavg)+offset;offset_f=+0.0549;raw_f=80.0780;spread=gespr@f096;covered_leads=72-102"
NY,KNYC,2026-02-16,2026-02-16T00:00:00Z,5,gefs,36.7874,0.9720,"s3://noaa-gefs-pds/gefs.20260216/00/atmos/pgrb2sp25/{geavg,gespr}.t00z.pgrb2s.0p25.f{006,012,018,024,030}#statistic=max_t(geavg)+offset;offset_f=+0.2514;raw_f=36.5360;spread=gespr@f024;covered_leads=0-30"
NY,KNYC,2026-02-16,2026-02-15T00:00:00Z,29,gefs,36.8774,1.4580,"s3://noaa-gefs-pds/gefs.20260215/00/atmos/pgrb2sp25/{geavg,gespr}.t00z.pgrb2s.0p25.f{030,036,042,048,054}#statistic=max_t(geavg)+offset;offset_f=+0.2514;raw_f=36.6260;spread=gespr@f048;covered_leads=24-54"
NY,KNYC,2026-02-16,2026-02-14T00:00:00Z,53,gefs,38.1734,3.4740,"s3://noaa-gefs-pds/gefs.20260214/00/atmos/pgrb2sp25/{geavg,gespr}.t00z.pgrb2s.0p25.f{054,060,066,072,078}#statistic=max_t(geavg)+offset;offset_f=+0.2514;raw_f=37.9220;spread=gespr@f072;covered_leads=48-78"
NY,KNYC,2026-02-16,2026-02-13T00:00:00Z,77,gefs,41.0354,2.9880,"s3://noaa-gefs-pds/gefs.20260213/00/atmos/pgrb2sp25/{geavg,gespr}.t00z.pgrb2s.0p25.f{078,084,090,096,102}#statistic=max_t(geavg)+offset;offset_f=+0.2514;raw_f=40.7840;spread=gespr@f096;covered_leads=72-102"
CHI,KMDW,2026-02-17,2026-02-17T00:00:00Z,6,gefs,53.8109,1.0080,"s3://noaa-gefs-pds/gefs.20260217/00/atmos/pgrb2sp25/{geavg,gespr}.t00z.pgrb2s.0p25.f{012,018,024,030}#statistic=max_t(geavg)+offset;offset_f=+0.0489;raw_f=53.7620;spread=gespr@f024;covered_leads=6-30"
CHI,KMDW,2026-02-17,2026-02-16T00:00:00Z,30,gefs,53.6669,0.9900,"s3://noaa-gefs-pds/gefs.20260216/00/atmos/pgrb2sp25/{geavg,gespr}.t00z.pgrb2s.0p25.f{036,042,048,054}#statistic=max_t(geavg)+offset;offset_f=+0.0489;raw_f=53.6180;spread=gespr@f048;covered_leads=30-54"
CHI,KMDW,2026-02-17,2026-02-15T00:00:00Z,54,gefs,52.0469,2.2680,"s3://noaa-gefs-pds/gefs.20260215/00/atmos/pgrb2sp25/{geavg,gespr}.t00z.pgrb2s.0p25.f{060,066,072,078}#statistic=max_t(geavg)+offset;offset_f=+0.0489;raw_f=51.9980;spread=gespr@f072;covered_leads=54-78"
CHI,KMDW,2026-02-17,2026-02-14T00:00:00Z,78,gefs,53.5589,2.3940,"s3://noaa-gefs-pds/gefs.20260214/00/atmos/pgrb2sp25/{geavg,gespr}.t00z.pgrb2s.0p25.f{084,090,096,102}#statistic=max_t(geavg)+offset;offset_f=+0.0489;raw_f=53.5100;spread=gespr@f096;covered_leads=78-102"
LAX,KLAX,2026-02-17,2026-02-17T00:00:00Z,8,gefs,57.4969,0.7020,"s3://noaa-gefs-pds/gefs.20260217/00/atmos/pgrb2sp25/{geavg,gespr}.t00z.pgrb2s.0p25.f{012,018,024,030,033}#statistic=max_t(geavg)+offset;offset_f=+0.0269;raw_f=57.4700;spread=gespr@f024;covered_leads=6-33"
LAX,KLAX,2026-02-17,2026-02-16T00:00:00Z,32,gefs,58.1269,0.9540,"s3://noaa-gefs-pds/gefs.20260216/00/atmos/pgrb2sp25/{geavg,gespr}.t00z.pgrb2s.0p25.f{036,042,048,054,057}#statistic=max_t(geavg)+offset;offset_f=+0.0269;raw_f=58.1000;spread=gespr@f048;covered_leads=30-57"
LAX,KLAX,2026-02-17,2026-02-15T00:00:00Z,56,gefs,57.6949,1.6920,"s3://noaa-gefs-pds/gefs.20260215/00/atmos/pgrb2sp25/{geavg,gespr}.t00z.pgrb2s.0p25.f{060,066,072,078,081}#statistic=max_t(geavg)+offset;offset_f=+0.0269;raw_f=57.6680;spread=gespr@f072;covered_leads=54-81"
LAX,KLAX,2026-02-17,2026-02-14T00:00:00Z,80,gefs,58.1629,1.3680,"s3://noaa-gefs-pds/gefs.20260214/00/atmos/pgrb2sp25/{geavg,gespr}.t00z.pgrb2s.0p25.f{084,090,096,102,105}#statistic=max_t(geavg)+offset;offset_f=+0.0269;raw_f=58.1360;spread=gespr@f096;covered_leads=78-105"
MIA,KMIA,2026-02-17,2026-02-17T00:00:00Z,5,gefs,77.4329,0.8820,"s3://noaa-gefs-pds/gefs.20260217/00/atmos/pgrb2sp25/{geavg,gespr}.t00z.pgrb2s.0p25.f{006,012,018,024,030}#statistic=max_t(geavg)+offset;offset_f=+0.0549;raw_f=77.3780;spread=gespr@f024;covered_leads=0-30"
MIA,KMIA,2026-02-17,2026-02-16T00:00:00Z,29,gefs,75.6329,1.6740,"s3://noaa-gefs-pds/gefs.20260216/00/atmos/pgrb2sp25/{geavg,gespr}.t00z.pgrb2s.0p25.f{030,036,042,048,054}#statistic=max_t(geavg)+offset;offset_f=+0.0549;raw_f=75.5780;spread=gespr@f048;covered_leads=24-54"
MIA,KMIA,2026-02-17,2026-02-15T00:00:00Z,53,gefs,76.3709,1.3680,"s3://noaa-gefs-pds/gefs.20260215/00/atmos/pgrb2sp25/{geavg,gespr}.t00z.pgrb2s.0p25.f{054,060,066,072,078}#statistic=max_t(geavg)+offset;offset_f=+0.0549;raw_f=76.3160;spread=gespr@f072;covered_leads=48-78"
MIA,KMIA,2026-02-17,2026-02-14T00:00:00Z,77,gefs,77.0549,1.4040,"s3://noaa-gefs-pds/gefs.20260214/00/atmos/pgrb2sp25/{geavg,gespr}.t00z.pgrb2s.0p25.f{078,084,090,096,102}#statistic=max_t(geavg)+offset;offset_f=+0.0549;raw_f=77.0000;spread=gespr@f096;covered_leads=72-102"
NY,KNYC,2026-02-17,2026-02-17T00:00:00Z,5,gefs,42.7634,0.9540,"s3://noaa-gefs-pds/gefs.20260217/00/atmos/pgrb2sp25/{geavg,gespr}.t00z.pgrb2s.0p25.f{006,012,018,024,030}#statistic=max_t(geavg)+offset;offset_f=+0.2514;raw_f=42.5120;spread=gespr@f024;covered_leads=0-30"
NY,KNYC,2026-02-17,2026-02-16T00:00:00Z,29,gefs,42.6014,2.0520,"s3://noaa-gefs-pds/gefs.20260216/00/atmos/pgrb2sp25/{geavg,gespr}.t00z.pgrb2s.0p25.f{030,036,042,048,054}#statistic=max_t(geavg)+offset;offset_f=+0.2514;raw_f=42.3500;spread=gespr@f048;covered_leads=24-54"
NY,KNYC,2026-02-17,2026-02-15T00:00:00Z,53,gefs,44.4374,3.6180,"s3://noaa-gefs-pds/gefs.20260215/00/atmos/pgrb2sp25/{geavg,gespr}.t00z.pgrb2s.0p25.f{054,060,066,072,078}#statistic=max_t(geavg)+offset;offset_f=+0.2514;raw_f=44.1860;spread=gespr@f072;covered_leads=48-78"
NY,KNYC,2026-02-17,2026-02-14T00:00:00Z,77,gefs,43.4474,4.3380,"s3://noaa-gefs-pds/gefs.20260214/00/atmos/pgrb2sp25/{geavg,gespr}.t00z.pgrb2s.0p25.f{078,084,090,096,102}#statistic=max_t(geavg)+offset;offset_f=+0.2514;raw_f=43.1960;spread=gespr@f096;covered_leads=72-102"
CHI,KMDW,2026-02-18,2026-02-18T00:00:00Z,6,gefs,62.1629,1.2960,"s3://noaa-gefs-pds/gefs.20260218/00/atmos/pgrb2sp25/{geavg,gespr}.t00z.pgrb2s.0p25.f{012,018,024,030}#statistic=max_t(geavg)+offset;offset_f=+0.0489;raw_f=62.1140;spread=gespr@f024;covered_leads=6-30"
CHI,KMDW,2026-02-18,2026-02-17T00:00:00Z,30,gefs,62.4329,1.5840,"s3://noaa-gefs-pds/gefs.20260217/00/atmos/pgrb2sp25/{geavg,gespr}.t00z.pgrb2s.0p25.f{036,042,048,054}#statistic=max_t(geavg)+offset;offset_f=+0.0489;raw_f=62.3840;spread=gespr@f048;covered_leads=30-54"
CHI,KMDW,2026-02-18,2026-02-16T00:00:00Z,54,gefs,62.6489,2.1060,"s3://noaa-gefs-pds/gefs.20260216/00/atmos/pgrb2sp25/{geavg,gespr}.t00z.pgrb2s.0p25.f{060,066,072,078}#statistic=max_t(geavg)+offset;offset_f=+0.0489;raw_f=62.6000;spread=gespr@f072;covered_leads=54-78"
CHI,KMDW,2026-02-18,2026-02-15T00:00:00Z,78,gefs,63.0989,3.3120,"s3://noaa-gefs-pds/gefs.20260215/00/atmos/pgrb2sp25/{geavg,gespr}.t00z.pgrb2s.0p25.f{084,090,096,102}#statistic=max_t(geavg)+offset;offset_f=+0.0489;raw_f=63.0500;spread=gespr@f096;covered_leads=78-102"
LAX,KLAX,2026-02-18,2026-02-18T00:00:00Z,8,gefs,56.0749,0.3240,"s3://noaa-gefs-pds/gefs.20260218/00/atmos/pgrb2sp25/{geavg,gespr}.t00z.pgrb2s.0p25.f{012,018,024,030,033}#statistic=max_t(geavg)+offset;offset_f=+0.0269;raw_f=56.0480;spread=gespr@f012;covered_leads=6-33"
LAX,KLAX,2026-02-18,2026-02-17T00:00:00Z,32,gefs,56.0209,0.6120,"s3://noaa-gefs-pds/gefs.20260217/00/atmos/pgrb2sp25/{geavg,gespr}.t00z.pgrb2s.0p25.f{036,042,048,054,057}#statistic=max_t(geavg)+offset;offset_f=+0.0269;raw_f=55.9940;spread=gespr@f036;covered_leads=30-57"
LAX,KLAX,2026-02-18,2026-02-16T00:00:00Z,56,gefs,55.8409,1.5660,"s3://noaa-gefs-pds/gefs.20260216/00/atmos/pgrb2sp25/{geavg,gespr}.t00z.pgrb2s.0p25.f{060,066,072,078,081}#statistic=max_t(geavg)+offset;offset_f=+0.0269;raw_f=55.8140;spread=gespr@f072;covered_leads=54-81"
LAX,KLAX,2026-02-18,2026-02-15T00:00:00Z,80,gefs,55.4809,1.6560,"s3://noaa-gefs-pds/gefs.20260215/00/atmos/pgrb2sp25/{geavg,gespr}.t00z.pgrb2s.0p25.f{084,090,096,102,105}#statistic=max_t(geavg)+offset;offset_f=+0.0269;raw_f=55.4540;spread=gespr@f096;covered_leads=78-105"
MIA,KMIA,2026-02-18,2026-02-18T00:00:00Z,5,gefs,77.6849,0.8640,"s3://noaa-gefs-pds/gefs.20260218/00/atmos/pgrb2sp25/{geavg,gespr}.t00z.pgrb2s.0p25.f{006,012,018,024,030}#statistic=max_t(geavg)+offset;offset_f=+0.0549;raw_f=77.6300;spread=gespr@f024;covered_leads=0-30"
MIA,KMIA,2026-02-18,2026-02-17T00:00:00Z,29,gefs,77.3609,1.1160,"s3://noaa-gefs-pds/gefs.20260217/00/atmos/pgrb2sp25/{geavg,gespr}.t00z.pgrb2s.0p25.f{030,036,042,048,054}#statistic=max_t(geavg)+offset;offset_f=+0.0549;raw_f=77.3060;spread=gespr@f048;covered_leads=24-54"
MIA,KMIA,2026-02-18,2026-02-16T00:00:00Z,53,gefs,77.5049,1.1880,"s3://noaa-gefs-pds/gefs.20260216/00/atmos/pgrb2sp25/{geavg,gespr}.t00z.pgrb2s.0p25.f{054,060,066,072,078}#statistic=max_t(geavg)+offset;offset_f=+0.0549;raw_f=77.4500;spread=gespr@f072;covered_leads=48-78"
MIA,KMIA,2026-02-18,2026-02-15T00:00:00Z,77,gefs,77.4149,1.3140,"s3://noaa-gefs-pds/gefs.20260215/00/atmos/pgrb2sp25/{geavg,gespr}.t00z.pgrb2s.0p25.f{078,084,090,096,102}#statistic=max_t(geavg)+offset;offset_f=+0.0549;raw_f=77.3600;spread=gespr@f096;covered_leads=72-102"
NY,KNYC,2026-02-18,2026-02-18T00:00:00Z,5,gefs,39.6494,0.7740,"s3://noaa-gefs-pds/gefs.20260218/00/atmos/pgrb2sp25/{geavg,gespr}.t00z.pgrb2s.0p25.f{006,012,018,024,030}#statistic=max_t(geavg)+offset;offset_f=+0.2514;raw_f=39.3980;spread=gespr@f018;covered_leads=0-30"
NY,KNYC,2026-02-18,2026-02-17T00:00:00Z,29,gefs,43.3934,3.4020,"s3://noaa-gefs-pds/gefs.20260217/00/atmos/pgrb2sp25/{geavg,gespr}.t00z.pgrb2s.0p25.f{030,036,042,048,054}#statistic=max_t(geavg)+offset;offset_f=+0.2514;raw_f=43.1420;spread=gespr@f054;covered_leads=24-54"
NY,KNYC,2026-02-18,2026-02-16T00:00:00Z,53,gefs,42.2234,4.9320,"s3://noaa-gefs-pds/gefs.20260216/00/atmos/pgrb2sp25/{geavg,gespr}.t00z.pgrb2s.0p25.f{054,060,066,072,078}#statistic=max_t(geavg)+offset;offset_f=+0.2514;raw_f=41.9720;spread=gespr@f078;covered_leads=48-78"
NY,KNYC,2026-02-18,2026-02-15T00:00:00Z,77,gefs,42.0974,5.2380,"s3://noaa-gefs-pds/gefs.20260215/00/atmos/pgrb2sp25/{geavg,gespr}.t00z.pgrb2s.0p25.f{078,084,090,096,102}#statistic=max_t(geavg)+offset;offset_f=+0.2514;raw_f=41.8460;spread=gespr@f096;covered_leads=72-102"
CHI,KMDW,2026-02-19,2026-02-19T00:00:00Z,6,gefs,53.1449,1.9980,"s3://noaa-gefs-pds/gefs.20260219/00/atmos/pgrb2sp25/{geavg,gespr}.t00z.pgrb2s.0p25.f{012,018,024,030}#statistic=max_t(geavg)+offset;offset_f=+0.0489;raw_f=53.0960;spread=gespr@f024;covered_leads=6-30"
CHI,KMDW,2026-02-19,2026-02-18T00:00:00Z,30,gefs,55.9709,3.0960,"s3://noaa-gefs-pds/gefs.20260218/00/atmos/pgrb2sp25/{geavg,gespr}.t00z.pgrb2s.0p25.f{036,042,048,054}#statistic=max_t(geavg)+offset;offset_f=+0.0489;raw_f=55.9220;spread=gespr@f048;covered_leads=30-54"
CHI,KMDW,2026-02-19,2026-02-17T00:00:00Z,54,gefs,55.0889,4.3560,"s3://noaa-gefs-pds/gefs.20260217/00/atmos/pgrb2sp25/{geavg,gespr}.t00z.pgrb2s.0p25.f{060,066,072,078}#statistic=max_t(geavg)+offset;offset_f=+0.0489;raw_f=55.0400;spread=gespr@f072;covered_leads=54-78"
CHI,KMDW,2026-02-19,2026-02-16T00:00:00Z,78,gefs,53.9369,4.2120,"s3://noaa-gefs-pds/gefs.20260216/00/atmos/pgrb2sp25/{geavg,gespr}.t00z.pgrb2s.0p25.f{084,090,096,102}#statistic=max_t(geavg)+offset;offset_f=+0.0489;raw_f=53.8880;spread=gespr@f096;covered_leads=78-102"
LAX,KLAX,2026-02-19,2026-02-19T00:00:00Z,8,gefs,57.2269,1.2600,"s3://noaa-gefs-pds/gefs.20260219/00/atmos/pgrb2sp25/{geavg,gespr}.t00z.pgrb2s.0p25.f{012,018,024,030,033}#statistic=max_t(geavg)+offset;offset_f=+0.0269;raw_f=57.2000;spread=gespr@f024;covered_leads=6-33"
LAX,KLAX,2026-02-19,2026-02-18T00:00:00Z,32,gefs,56.3809,1.5120,"s3://noaa-gefs-pds/gefs.20260218/00/atmos/pgrb2sp25/{geavg,gespr}.t00z.pgrb2s.0p25.f{036,042,048,054,057}#statistic=max_t(geavg)+offset;offset_f=+0.0269;raw_f=56.3540;spread=gespr@f048;covered_leads=30-57"
LAX,KLAX,2026-02-19,2026-02-17T00:00:00Z,56,gefs,55.0489,2.1780,"s3://noaa-gefs-pds/gefs.20260217/00/atmos/pgrb2sp25/{geavg,gespr}.t00z.pgrb2s.0p25.f{060,066,072,078,081}#statistic=max_t(geavg)+offset;offset_f=+0.0269;raw_f=55.0220;spread=gespr@f072;covered_leads=54-81"
LAX,KLAX,2026-02-19,2026-02-16T00:00:00Z,80,gefs,54.7969,2.6460,"s3://noaa-gefs-pds/gefs.20260216/00/atmos/pgrb2sp25/{geavg,gespr}.t00z.pgrb2s.0p25.f{084,090,096,102,105}#statistic=max_t(geavg)+offset;offset_f=+0.0269;raw_f=54.7700;spread=gespr@f096;covered_leads=78-105"
MIA,KMIA,2026-02-19,2026-02-19T00:00:00Z,5,gefs,79.5749,0.7380,"s3://noaa-gefs-pds/gefs.20260219/00/atmos/pgrb2sp25/{geavg,gespr}.t00z.pgrb2s.0p25.f{006,012,018,024,030}#statistic=max_t(geavg)+offset;offset_f=+0.0549;raw_f=79.5200;spread=gespr@f024;covered_leads=0-30"
MIA,KMIA,2026-02-19,2026-02-18T00:00:00Z,29,gefs,79.0709,1.0080,"s3://noaa-gefs-pds/gefs.20260218/00/atmos/pgrb2sp25/{geavg,gespr}.t00z.pgrb2s.0p25.f{030,036,042,048,054}#statistic=max_t(geavg)+offset;offset_f=+0.0549;raw_f=79.0160;spread=gespr@f048;covered_leads=24-54"
MIA,KMIA,2026-02-19,2026-02-17T00:00:00Z,53,gefs,79.6109,1.6020,"s3://noaa-gefs-pds/gefs.20260217/00/atmos/pgrb2sp25/{geavg,gespr}.t00z.pgrb2s.0p25.f{054,060,066,072,078}#statistic=max_t(geavg)+offset;offset_f=+0.0549;raw_f=79.5560;spread=gespr@f072;covered_leads=48-78"
MIA,KMIA,2026-02-19,2026-02-16T00:00:00Z,77,gefs,80.0969,1.7280,"s3://noaa-gefs-pds/gefs.20260216/00/atmos/pgrb2sp25/{geavg,gespr}.t00z.pgrb2s.0p25.f{078,084,090,096,102}#statistic=max_t(geavg)+offset;offset_f=+0.0549;raw_f=80.0420;spread=gespr@f096;covered_leads=72-102"
NY,KNYC,2026-02-19,2026-02-19T00:00:00Z,5,gefs,40.7294,1.1700,"s3://noaa-gefs-pds/gefs.20260219/00/atmos/pgrb2sp25/{geavg,gespr}.t00z.pgrb2s.0p25.f{006,012,018,024,030}#statistic=max_t(geavg)+offset;offset_f=+0.2514;raw_f=40.4780;spread=gespr@f024;covered_leads=0-30"
NY,KNYC,2026-02-19,2026-02-18T00:00:00Z,29,gefs,41.5574,1.2960,"s3://noaa-gefs-pds/gefs.20260218/00/atmos/pgrb2sp25/{geavg,gespr}.t00z.pgrb2s.0p25.f{030,036,042,048,054}#statistic=max_t(geavg)+offset;offset_f=+0.2514;raw_f=41.3060;spread=gespr@f048;covered_leads=24-54"
NY,KNYC,2026-02-19,2026-02-17T00:00:00Z,53,gefs,43.3934,3.4020,"s3://noaa-gefs-pds/gefs.20260217/00/atmos/pgrb2sp25/{geavg,gespr}.t00z.pgrb2s.0p25.f{054,060,066,072,078}#statistic=max_t(geavg)+offset;offset_f=+0.2514;raw_f=43.1420;spread=gespr@f054;covered_leads=48-78"
NY,KNYC,2026-02-19,2026-02-16T00:00:00Z,77,gefs,42.6194,4.2300,"s3://noaa-gefs-pds/gefs.20260216/00/atmos/pgrb2sp25/{geavg,gespr}.t00z.pgrb2s.0p25.f{078,084,090,096,102}#statistic=max_t(geavg)+offset;offset_f=+0.2514;raw_f=42.3680;spread=gespr@f096;covered_leads=72-102"
CHI,KMDW,2026-02-20,2026-02-20T00:00:00Z,6,gefs,49.1849,1.0620,"s3://noaa-gefs-pds/gefs.20260220/00/atmos/pgrb2sp25/{geavg,gespr}.t00z.pgrb2s.0p25.f{012,018,024,030}#statistic=max_t(geavg)+offset;offset_f=+0.0489;raw_f=49.1360;spread=gespr@f012;covered_leads=6-30"
CHI,KMDW,2026-02-20,2026-02-19T00:00:00Z,30,gefs,47.8709,2.4300,"s3://noaa-gefs-pds/gefs.20260219/00/atmos/pgrb2sp25/{geavg,gespr}.t00z.pgrb2s.0p25.f{036,042,048,054}#statistic=max_t(geavg)+offset;offset_f=+0.0489;raw_f=47.8220;spread=gespr@f036;covered_leads=30-54"
CHI,KMDW,2026-02-20,2026-02-18T00:00:00Z,54,gefs,48.1589,4.1760,"s3://noaa-gefs-pds/gefs.20260218/00/atmos/pgrb2sp25/{geavg,gespr}.t00z.pgrb2s.0p25.f{060,066,072,078}#statistic=max_t(geavg)+offset;offset_f=+0.0489;raw_f=48.1100;spread=gespr@f060;covered_leads=54-78"
CHI,KMDW,2026-02-20,2026-02-17T00:00:00Z,78,gefs,43.4789,5.1480,"s3://noaa-gefs-pds/gefs.20260217/00/atmos/pgrb2sp25/{geavg,gespr}.t00z.pgrb2s.0p25.f{084,090,096,102}#statistic=max_t(geavg)+offset;offset_f=+0.0489;raw_f=43.4300;spread=gespr@f084;covered_leads=78-102"
LAX,KLAX,2026-02-20,2026-02-20T00:00:00Z,8,gefs,57.1909,0.5760,"s3://noaa-gefs-pds/gefs.20260220/00/atmos/pgrb2sp25/{geavg,gespr}.t00z.pgrb2s.0p25.f{012,018,024,030,033}#statistic=max_t(geavg)+offset;offset_f=+0.0269;raw_f=57.1640;spread=gespr@f024;covered_leads=6-33"
LAX,KLAX,2026-02-20,2026-02-19T00:00:00Z,32,gefs,56.4529,1.0440,"s3://noaa-gefs-pds/gefs.20260219/00/atmos/pgrb2sp25/{geavg,gespr}.t00z.pgrb2s.0p25.f{036,042,048,054,057}#statistic=max_t(geavg)+offset;offset_f=+0.0269;raw_f=56.4260;spread=gespr@f048;covered_leads=30-57"
LAX,KLAX,2026-02-20,2026-02-18T00:00:00Z,56,gefs,55.9309,1.6200,"s3://noaa-gefs-pds/gefs.20260218/00/atmos/pgrb2sp25/{geavg,gespr}.t00z.pgrb2s.0p25.f{060,066,072,078,081}#statistic=max_t(geavg)+offset;offset_f=+0.0269;raw_f=55.9040;spread=gespr@f072;covered_leads=54-81"
LAX,KLAX,2026-02-20,2026-02-17T00:00:00Z,80,gefs,57.5689,1.8540,"s3://noaa-gefs-pds/gefs.20260217/00/atmos/pgrb2sp25/{geavg,gespr}.t00z.pgrb2s.0p25.f{084,090,096,102,105}#statistic=max_t(geavg)+offset;offset_f=+0.0269;raw_f=57.5420;spread=gespr@f096;covered_leads=78-105"
MIA,KMIA,2026-02-20,2026-02-20T00:00:00Z,5,gefs,80.0789,0.8100,"s3://noaa-gefs-pds/gefs.20260220/00/atmos/pgrb2sp25/{geavg,gespr}.t00z.pgrb2s.0p25.f{006,012,018,024,030}#statistic=max_t(geavg)+offset;offset_f=+0.0549;raw_f=80.0240;spread=gespr@f024;covered_leads=0-30"
MIA,KMIA,2026-02-20,2026-02-19T00:00:00Z,29,gefs,79.5389,0.9540,"s3://noaa-gefs-pds/gefs.20260219/00/atmos/pgrb2sp25/{geavg,gespr}.t00z.pgrb2s.0p25.f{030,036,042,048,054}#statistic=max_t(geavg)+offset;offset_f=+0.0549;raw_f=79.4840;spread=gespr@f048;covered_leads=24-54"
MIA,KMIA,2026-02-20,2026-02-18T00:00:00Z,53,gefs,79.9529,1.0620,"s3://noaa-gefs-pds/gefs.20260218/00/atmos/pgrb2sp25/{geavg,gespr}.t00z.pgrb2s.0p25.f{054,060,066,072,078}#statistic=max_t(geavg)+offset;offset_f=+0.0549;raw_f=79.8980;spread=gespr@f072;covered_leads=48-78"
MIA,KMIA,2026-02-20,2026-02-17T00:00:00Z,77,gefs,79.5389,1.0440,"s3://noaa-gefs-pds/gefs.20260217/00/atmos/pgrb2sp25/{geavg,gespr}.t00z.pgrb2s.0p25.f{078,084,090,096,102}#statistic=max_t(geavg)+offset;offset_f=+0.0549;raw_f=79.4840;spread=gespr@f096;covered_leads=72-102"
NY,KNYC,2026-02-20,2026-02-20T00:00:00Z,5,gefs,41.7734,0.9900,"s3://noaa-gefs-pds/gefs.20260220/00/atmos/pgrb2sp25/{geavg,gespr}.t00z.pgrb2s.0p25.f{006,012,018,024,030}#statistic=max_t(geavg)+offset;offset_f=+0.2514;raw_f=41.5220;spread=gespr@f030;covered_leads=0-30"
NY,KNYC,2026-02-20,2026-02-19T00:00:00Z,29,gefs,43.5554,2.1600,"s3://noaa-gefs-pds/gefs.20260219/00/atmos/pgrb2sp25/{geavg,gespr}.t00z.pgrb2s.0p25.f{030,036,042,048,054}#statistic=max_t(geavg)+offset;offset_f=+0.2514;raw_f=43.3040;spread=gespr@f054;covered_leads=24-54"
NY,KNYC,2026-02-20,2026-02-18T00:00:00Z,53,gefs,41.6654,2.0700,"s3://noaa-gefs-pds/gefs.20260218/00/atmos/pgrb2sp25/{geavg,gespr}.t00z.pgrb2s.0p25.f{054,060,066,072,078}#statistic=max_t(geavg)+offset;offset_f=+0.2514;raw_f=41.4140;spread=gespr@f072;covered_leads=48-78"
NY,KNYC,2026-02-20,2026-02-17T00:00:00Z,77,gefs,47.6234,6.7320,"s3://noaa-gefs-pds/gefs.20260217/00/atmos/pgrb2sp25/{geavg,gespr}.t00z.pgrb2s.0p25.f{078,084,090,096,102}#statistic=max_t(geavg)+offset;offset_f=+0.2514;raw_f=47.3720;spread=gespr@f096;covered_leads=72-102"
CHI,KMDW,2026-02-21,2026-02-21T00:00:00Z,6,gefs,34.2629,1.6020,"s3://noaa-gefs-pds/gefs.20260221/00/atmos/pgrb2sp25/{geavg,gespr}.t00z.pgrb2s.0p25.f{012,018,024,030}#statistic=max_t(geavg)+offset;offset_f=+0.0489;raw_f=34.2140;spread=gespr@f024;covered_leads=6-30"
CHI,KMDW,2026-02-21,2026-02-20T00:00:00Z,30,gefs,34.7129,2.4120,"s3://noaa-gefs-pds/gefs.20260220/00/atmos/pgrb2sp25/{geavg,gespr}.t00z.pgrb2s.0p25.f{036,042,048,054}#statistic=max_t(geavg)+offset;offset_f=+0.0489;raw_f=34.6640;spread=gespr@f048;covered_leads=30-54"
CHI,KMDW,2026-02-21,2026-02-19T00:00:00Z,54,gefs,36.0269,3.0600,"s3://noaa-gefs-pds/gefs.20260219/00/atmos/pgrb2sp25/{geavg,gespr}.t00z.pgrb2s.0p25.f{060,066,072,078}#statistic=max_t(geavg)+offset;offset_f=+0.0489;raw_f=35.9780;spread=gespr@f072;covered_leads=54-78"
CHI,KMDW,2026-02-21,2026-02-18T00:00:00Z,78,gefs,36.0089,3.4560,"s3://noaa-gefs-pds/gefs.20260218/00/atmos/pgrb2sp25/{geavg,gespr}.t00z.pgrb2s.0p25.f{084,090,096,102}#statistic=max_t(geavg)+offset;offset_f=+0.0489;raw_f=35.9600;spread=gespr@f096;covered_leads=78-102"
LAX,KLAX,2026-02-21,2026-02-21T00:00:00Z,8,gefs,64.9849,0.4680,"s3://noaa-gefs-pds/gefs.20260221/00/atmos/pgrb2sp25/{geavg,gespr}.t00z.pgrb2s.0p25.f{012,018,024,030,033}#statistic=max_t(geavg)+offset;offset_f=+0.0269;raw_f=64.9580;spread=gespr@f024;covered_leads=6-33"
LAX,KLAX,2026-02-21,2026-02-20T00:00:00Z,32,gefs,63.9229,1.1520,"s3://noaa-gefs-pds/gefs.20260220/00/atmos/pgrb2sp25/{geavg,gespr}.t00z.pgrb2s.0p25.f{036,042,048,054,057}#statistic=max_t(geavg)+offset;offset_f=+0.0269;raw_f=63.8960;spread=gespr@f048;covered_leads=30-57"
LAX,KLAX,2026-02-21,2026-02-19T00:00:00Z,56,gefs,61.4929,1.2600,"s3://noaa-gefs-pds/gefs.20260219/00/atmos/pgrb2sp25/{geavg,gespr}.t00z.pgrb2s.0p25.f{060,066,072,078,081}#statistic=max_t(geavg)+offset;offset_f=+0.0269;raw_f=61.4660;spread=gespr@f072;covered_leads=54-81"
LAX,KLAX,2026-02-21,2026-02-18T00:00:00Z,80,gefs,59.3149,2.1420,"s3://noaa-gefs-pds/gefs.20260218/00/atmos/pgrb2sp25/{geavg,gespr}.t00z.pgrb2s.0p25.f{084,090,096,102,105}#statistic=max_t(geavg)+offset;offset_f=+0.0269;raw_f=59.2880;spread=gespr@f096;covered_leads=78-105"
MIA,KMIA,2026-02-21,2026-02-21T00:00:00Z,5,gefs,81.5549,1.0080,"s3://noaa-gefs-pds/gefs.20260221/00/atmos/pgrb2sp25/{geavg,gespr}.t00z.pgrb2s.0p25.f{006,012,018,024,030}#statistic=max_t(geavg)+offset;offset_f=+0.0549;raw_f=81.5000;spread=gespr@f024;covered_leads=0-30"
MIA,KMIA,2026-02-21,2026-02-20T00:00:00Z,29,gefs,80.2409,1.0980,"s3://noaa-gefs-pds/gefs.20260220/00/atmos/pgrb2sp25/{geavg,gespr}.t00z.pgrb2s.0p25.f{030,036,042,048,054}#statistic=max_t(geavg)+offset;offset_f=+0.0549;raw_f=80.1860;spread=gespr@f048;covered_leads=24-54"
MIA,KMIA,2026-02-21,2026-02-19T00:00:00Z,53,gefs,81.1229,1.0080,"s3://noaa-gefs-pds/gefs.20260219/00/atmos/pgrb2sp25/{geavg,gespr}.t00z.pgrb2s.0p25.f{054,060,066,072,078}#statistic=max_t(geavg)+offset;offset_f=+0.0549;raw_f=81.0680;spread=gespr@f072;covered_leads=48-78"
MIA,KMIA,2026-02-21,2026-02-18T00:00:00Z,77,gefs,81.7169,1.4760,"s3://noaa-gefs-pds/gefs.20260218/00/atmos/pgrb2sp25/{geavg,gespr}.t00z.pgrb2s.0p25.f{078,084,090,096,102}#statistic=max_t(geavg)+offset;offset_f=+0.0549;raw_f=81.6620;spread=gespr@f096;covered_leads=72-102"
NY,KNYC,2026-02-21,2026-02-21T00:00:00Z,5,gefs,42.6374,0.7920,"s3://noaa-gefs-pds/gefs.20260221/00/atmos/pgrb2sp25/{geavg,gespr}.t00z.pgrb2s.0p25.f{006,012,018,024,030}#statistic=max_t(geavg)+offset;offset_f=+0.2514;raw_f=42.3860;spread=gespr@f024;covered_leads=0-30"
NY,KNYC,2026-02-21,2026-02-20T00:00:00Z,29,gefs,46.2734,1.5300,"s3://noaa-gefs-pds/gefs.20260220/00/atmos/pgrb2sp25/{geavg,gespr}.t00z.pgrb2s.0p25.f{030,036,042,048,054}#statistic=max_t(geavg)+offset;offset_f=+0.2514;raw_f=46.0220;spread=gespr@f048;covered_leads=24-54"
NY,KNYC,2026-02-21,2026-02-19T00:00:00Z,53,gefs,46.1834,2.4840,"s3://noaa-gefs-pds/gefs.20260219/00/atmos/pgrb2sp25/{geavg,gespr}.t00z.pgrb2s.0p25.f{054,060,066,072,078}#statistic=max_t(geavg)+offset;offset_f=+0.2514;raw_f=45.9320;spread=gespr@f066;covered_leads=48-78"
NY,KNYC,2026-02-21,2026-02-18T00:00:00Z,77,gefs,45.6434,3.5280,"s3://noaa-gefs-pds/gefs.20260218/00/atmos/pgrb2sp25/{geavg,gespr}.t00z.pgrb2s.0p25.f{078,084,090,096,102}#statistic=max_t(geavg)+offset;offset_f=+0.2514;raw_f=45.3920;spread=gespr@f096;covered_leads=72-102"
CHI,KMDW,2026-02-22,2026-02-22T00:00:00Z,6,gefs,26.9369,1.5480,"s3://noaa-gefs-pds/gefs.20260222/00/atmos/pgrb2sp25/{geavg,gespr}.t00z.pgrb2s.0p25.f{012,018,024,030}#statistic=max_t(geavg)+offset;offset_f=+0.0489;raw_f=26.8880;spread=gespr@f024;covered_leads=6-30"
CHI,KMDW,2026-02-22,2026-02-21T00:00:00Z,30,gefs,27.4589,2.1960,"s3://noaa-gefs-pds/gefs.20260221/00/atmos/pgrb2sp25/{geavg,gespr}.t00z.pgrb2s.0p25.f{036,042,048,054}#statistic=max_t(geavg)+offset;offset_f=+0.0489;raw_f=27.4100;spread=gespr@f048;covered_leads=30-54"
CHI,KMDW,2026-02-22,2026-02-20T00:00:00Z,54,gefs,29.6369,1.9260,"s3://noaa-gefs-pds/gefs.20260220/00/atmos/pgrb2sp25/{geavg,gespr}.t00z.pgrb2s.0p25.f{060,066,072,078}#statistic=max_t(geavg)+offset;offset_f=+0.0489;raw_f=29.5880;spread=gespr@f072;covered_leads=54-78"
CHI,KMDW,2026-02-22,2026-02-19T00:00:00Z,78,gefs,30.6089,2.8260,"s3://noaa-gefs-pds/gefs.20260219/00/atmos/pgrb2sp25/{geavg,gespr}.t00z.pgrb2s.0p25.f{084,090,096,102}#statistic=max_t(geavg)+offset;offset_f=+0.0489;raw_f=30.5600;spread=gespr@f096;covered_leads=78-102"
LAX,KLAX,2026-02-22,2026-02-22T00:00:00Z,8,gefs,69.7909,0.3240,"s3://noaa-gefs-pds/gefs.20260222/00/atmos/pgrb2sp25/{geavg,gespr}.t00z.pgrb2s.0p25.f{012,018,024,030,033}#statistic=max_t(geavg)+offset;offset_f=+0.0269;raw_f=69.7640;spread=gespr@f024;covered_leads=6-33"
LAX,KLAX,2026-02-22,2026-02-21T00:00:00Z,32,gefs,69.8809,0.6660,"s3://noaa-gefs-pds/gefs.20260221/00/atmos/pgrb2sp25/{geavg,gespr}.t00z.pgrb2s.0p25.f{036,042,048,054,057}#statistic=max_t(geavg)+offset;offset_f=+0.0269;raw_f=69.8540;spread=gespr@f048;covered_leads=30-57"
LAX,KLAX,2026-02-22,2026-02-20T00:00:00Z,56,gefs,68.8729,1.0440,"s3://noaa-gefs-pds/gefs.20260220/00/atmos/pgrb2sp25/{geavg,gespr}.t00z.pgrb2s.0p25.f{060,066,072,078,081}#statistic=max_t(geavg)+offset;offset_f=+0.0269;raw_f=68.8460;spread=gespr@f072;covered_leads=54-81"
LAX,KLAX,2026-02-22,2026-02-19T00:00:00Z,80,gefs,67.4149,1.7280,"s3://noaa-gefs-pds/gefs.20260219/00/atmos/pgrb2sp25/{geavg,gespr}.t00z.pgrb2s.0p25.f{084,090,096,102,105}#statistic=max_t(geavg)+offset;offset_f=+0.0269;raw_f=67.3880;spread=gespr@f096;covered_leads=78-105"
MIA,KMIA,2026-02-22,2026-02-22T00:00:00Z,5,gefs,84.8489,1.2060,"s3://noaa-gefs-pds/gefs.20260222/00/atmos/pgrb2sp25/{geavg,gespr}.t00z.pgrb2s.0p25.f{006,012,018,024,030}#statistic=max_t(geavg)+offset;offset_f=+0.0549;raw_f=84.7940;spread=gespr@f024;covered_leads=0-30"
MIA,KMIA,2026-02-22,2026-02-21T00:00:00Z,29,gefs,84.9929,0.9900,"s3://noaa-gefs-pds/gefs.20260221/00/atmos/pgrb2sp25/{geavg,gespr}.t00z.pgrb2s.0p25.f{030,036,042,048,054}#statistic=max_t(geavg)+offset;offset_f=+0.0549;raw_f=84.9380;spread=gespr@f048;covered_leads=24-54"
MIA,KMIA,2026-02-22,2026-02-20T00:00:00Z,53,gefs,84.9209,1.0980,"s3://noaa-gefs-pds/gefs.20260220/00/atmos/pgrb2sp25/{geavg,gespr}.t00z.pgrb2s.0p25.f{054,060,066,072,078}#statistic=max_t(geavg)+offset;offset_f=+0.0549;raw_f=84.8660;spread=gespr@f072;covered_leads=48-78"
MIA,KMIA,2026-02-22,2026-02-19T00:00:00Z,77,gefs,84.6689,1.6200,"s3://noaa-gefs-pds/gefs.20260219/00/atmos/pgrb2sp25/{geavg,gespr}.t00z.pgrb2s.0p25.f{078,084,090,096,102}#statistic=max_t(geavg)+offset;offset_f=+0.0549;raw_f=84.6140;spread=gespr@f096;covered_leads=72-102"
NY,KNYC,2026-02-22,2026-02-22T00:00:00Z,5,gefs,40.7114,0.4860,"s3://noaa-gefs-pds/gefs.20260222/00/atmos/pgrb2sp25/{geavg,gespr}.t00z.pgrb2s.0p25.f{006,012,018,024,030}#statistic=max_t(geavg)+offset;offset_f=+0.2514;raw_f=40.4600;spread=gespr@f006;covered_leads=0-30"
NY,KNYC,2026-02-22,2026-02-21T00:00:00Z,29,gefs,39.3614,0.8640,"s3://noaa-gefs-pds/gefs.20260221/00/atmos/pgrb2sp25/{geavg,gespr}.t00z.pgrb2s.0p25.f{030,036,042,048,054}#statistic=max_t(geavg)+offset;offset_f=+0.2514;raw_f=39.1100;spread=gespr@f030;covered_leads=24-54"
NY,KNYC,2026-02-22,2026-02-20T00:00:00Z,53,gefs,41.9534,1.8900,"s3://noaa-gefs-pds/gefs.20260220/00/atmos/pgrb2sp25/{geavg,gespr}.t00z.pgrb2s.0p25.f{054,060,066,072,078}#statistic=max_t(geavg)+offset;offset_f=+0.2514;raw_f=41.7020;spread=gespr@f054;covered_leads=48-78"
NY,KNYC,2026-02-22,2026-02-19T00:00:00Z,77,gefs,39.5414,4.1400,"s3://noaa-gefs-pds/gefs.20260219/00/atmos/pgrb2sp25/{geavg,gespr}.t00z.pgrb2s.0p25.f{078,084,090,096,102}#statistic=max_t(geavg)+offset;offset_f=+0.2514;raw_f=39.2900;spread=gespr@f078;covered_leads=72-102"
CHI,KMDW,2026-02-23,2026-02-23T00:00:00Z,6,gefs,26.6489,2.1960,"s3://noaa-gefs-pds/gefs.20260223/00/atmos/pgrb2sp25/{geavg,gespr}.t00z.pgrb2s.0p25.f{012,018,024,030}#statistic=max_t(geavg)+offset;offset_f=+0.0489;raw_f=26.6000;spread=gespr@f024;covered_leads=6-30"
CHI,KMDW,2026-02-23,2026-02-22T00:00:00Z,30,gefs,26.2709,3.3660,"s3://noaa-gefs-pds/gefs.20260222/00/atmos/pgrb2sp25/{geavg,gespr}.t00z.pgrb2s.0p25.f{036,042,048,054}#statistic=max_t(geavg)+offset;offset_f=+0.0489;raw_f=26.2220;spread=gespr@f048;covered_leads=30-54"
CHI,KMDW,2026-02-23,2026-02-21T00:00:00Z,54,gefs,26.5409,2.8980,"s3://noaa-gefs-pds/gefs.20260221/00/atmos/pgrb2sp25/{geavg,gespr}.t00z.pgrb2s.0p25.f{060,066,072,078}#statistic=max_t(geavg)+offset;offset_f=+0.0489;raw_f=26.4920;spread=gespr@f072;covered_leads=54-78"
CHI,KMDW,2026-02-23,2026-02-20T00:00:00Z,78,gefs,27.5849,1.6200,"s3://noaa-gefs-pds/gefs.20260220/00/atmos/pgrb2sp25/{geavg,gespr}.t00z.pgrb2s.0p25.f{084,090,096,102}#statistic=max_t(geavg)+offset;offset_f=+0.0489;raw_f=27.5360;spread=gespr@f096;covered_leads=78-102"
LAX,KLAX,2026-02-23,2026-02-23T00:00:00Z,8,gefs,74.1109,0.3780,"s3://noaa-gefs-pds/gefs.20260223/00/atmos/pgrb2sp25/{geavg,gespr}.t00z.pgrb2s.0p25.f{012,018,024,030,033}#statistic=max_t(geavg)+offset;offset_f=+0.0269;raw_f=74.0840;spread=gespr@f024;covered_leads=6-33"
LAX,KLAX,2026-02-23,2026-02-22T00:00:00Z,32,gefs,74.2369,0.5400,"s3://noaa-gefs-pds/gefs.20260222/00/atmos/pgrb2sp25/{geavg,gespr}.t00z.pgrb2s.0p25.f{036,042,048,054,057}#statistic=max_t(geavg)+offset;offset_f=+0.0269;raw_f=74.2100;spread=gespr@f048;covered_leads=30-57"
LAX,KLAX,2026-02-23,2026-02-21T00:00:00Z,56,gefs,73.4809,0.7200,"s3://noaa-gefs-pds/gefs.20260221/00/atmos/pgrb2sp25/{geavg,gespr}.t00z.pgrb2s.0p25.f{060,066,072,078,081}#statistic=max_t(geavg)+offset;offset_f=+0.0269;raw_f=73.4540;spread=gespr@f072;covered_leads=54-81"
LAX,KLAX,2026-02-23,2026-02-20T00:00:00Z,80,gefs,73.3549,1.0260,"s3://noaa-gefs-pds/gefs.20260220/00/atmos/pgrb2sp25/{geavg,gespr}.t00z.pgrb2s.0p25.f{084,090,096,102,105}#statistic=max_t(geavg)+offset;offset_f=+0.0269;raw_f=73.3280;spread=gespr@f096;covered_leads=78-105"
MIA,KMIA,2026-02-23,2026-02-23T00:00:00Z,5,gefs,75.2369,0.6120,"s3://noaa-gefs-pds/gefs.20260223/00/atmos/pgrb2sp25/{geavg,gespr}.t00z.pgrb2s.0p25.f{006,012,018,024,030}#statistic=max_t(geavg)+offset;offset_f=+0.0549;raw_f=75.1820;spread=gespr@f006;covered_leads=0-30"
MIA,KMIA,2026-02-23,2026-02-22T00:00:00Z,29,gefs,75.2909,3.0060,"s3://noaa-gefs-pds/gefs.20260222/00/atmos/pgrb2sp25/{geavg,gespr}.t00z.pgrb2s.0p25.f{030,036,042,048,054}#statistic=max_t(geavg)+offset;offset_f=+0.0549;raw_f=75.2360;spread=gespr@f030;covered_leads=24-54"
MIA,KMIA,2026-02-23,2026-02-21T00:00:00Z,53,gefs,76.2269,1.8720,"s3://noaa-gefs-pds/gefs.20260221/00/atmos/pgrb2sp25/{geavg,gespr}.t00z.pgrb2s.0p25.f{054,060,066,072,078}#statistic=max_t(geavg)+offset;offset_f=+0.0549;raw_f=76.1720;spread=gespr@f054;covered_leads=48-78"
MIA,KMIA,2026-02-23,2026-02-20T00:00:00Z,77,gefs,76.1009,2.1240,"s3://noaa-gefs-pds/gefs.20260220/00/atmos/pgrb2sp25/{geavg,gespr}.t00z.pgrb2s.0p25.f{078,084,090,096,102}#statistic=max_t(geavg)+offset;offset_f=+0.0549;raw_f=76.0460;spread=gespr@f078;covered_leads=72-102"
NY,KNYC,2026-02-23,2026-02-23T00:00:00Z,5,gefs,34.5554,0.5220,"s3://noaa-gefs-pds/gefs.20260223/00/atmos/pgrb2sp25/{geavg,gespr}.t00z.pgrb2s.0p25.f{006,012,018,024,030}#statistic=max_t(geavg)+offset;offset_f=+0.2514;raw_f=34.3040;spread=gespr@f024;covered_leads=0-30"
NY,KNYC,2026-02-23,2026-02-22T00:00:00Z,29,gefs,34.2674,0.7920,"s3://noaa-gefs-pds/gefs.20260222/00/atmos/pgrb2sp25/{geavg,gespr}.t00z.pgrb2s.0p25.f{030,036,042,048,054}#statistic=max_t(geavg)+offset;offset_f=+0.2514;raw_f=34.0160;spread=gespr@f048;covered_leads=24-54"
NY,KNYC,2026-02-23,2026-02-21T00:00:00Z,53,gefs,33.8354,0.7200,"s3://noaa-gefs-pds/gefs.20260221/00/atmos/pgrb2sp25/{geavg,gespr}.t00z.pgrb2s.0p25.f{054,060,066,072,078}#statistic=max_t(geavg)+offset;offset_f=+0.2514;raw_f=33.5840;spread=gespr@f072;covered_leads=48-78"
NY,KNYC,2026-02-23,2026-02-20T00:00:00Z,77,gefs,34.1594,1.8000,"s3://noaa-gefs-pds/gefs.20260220/00/atmos/pgrb2sp25/{geavg,gespr}.t00z.pgrb2s.0p25.f{078,084,090,096,102}#statistic=max_t(geavg)+offset;offset_f=+0.2514;raw_f=33.9080;spread=gespr@f096;covered_leads=72-102"
CHI,KMDW,2026-02-24,2026-02-24T00:00:00Z,6,gefs,38.6189,2.1600,"s3://noaa-gefs-pds/gefs.20260224/00/atmos/pgrb2sp25/{geavg,gespr}.t00z.pgrb2s.0p25.f{012,018,024,030}#statistic=max_t(geavg)+offset;offset_f=+0.0489;raw_f=38.5700;spread=gespr@f030;covered_leads=6-30"
CHI,KMDW,2026-02-24,2026-02-23T00:00:00Z,30,gefs,40.1669,1.7280,"s3://noaa-gefs-pds/gefs.20260223/00/atmos/pgrb2sp25/{geavg,gespr}.t00z.pgrb2s.0p25.f{036,042,048,054}#statistic=max_t(geavg)+offset;offset_f=+0.0489;raw_f=40.1180;spread=gespr@f048;covered_leads=30-54"
CHI,KMDW,2026-02-24,2026-02-22T00:00:00Z,54,gefs,39.6989,1.6200,"s3://noaa-gefs-pds/gefs.20260222/00/atmos/pgrb2sp25/{geavg,gespr}.t00z.pgrb2s.0p25.f{060,066,072,078}#statistic=max_t(geavg)+offset;offset_f=+0.0489;raw_f=39.6500;spread=gespr@f072;covered_leads=54-78"
CHI,KMDW,2026-02-24,2026-02-21T00:00:00Z,78,gefs,38.9789,2.3760,"s3://noaa-gefs-pds/gefs.20260221/00/atmos/pgrb2sp25/{geavg,gespr}.t00z.pgrb2s.0p25.f{084,090,096,102}#statistic=max_t(geavg)+offset;offset_f=+0.0489;raw_f=38.9300;spread=gespr@f096;covered_leads=78-102"
LAX,KLAX,2026-02-24,2026-02-24T00:00:00Z,8,gefs,72.7969,0.7200,"s3://noaa-gefs-pds/gefs.20260224/00/atmos/pgrb2sp25/{geavg,gespr}.t00z.pgrb2s.0p25.f{012,018,024,030,033}#statistic=max_t(geavg)+offset;offset_f=+0.0269;raw_f=72.7700;spread=gespr@f024;covered_leads=6-33"
LAX,KLAX,2026-02-24,2026-02-23T00:00:00Z,32,gefs,72.8869,1.0260,"s3://noaa-gefs-pds/gefs.20260223/00/atmos/pgrb2sp25/{geavg,gespr}.t00z.pgrb2s.0p25.f{036,042,048,054,057}#statistic=max_t(geavg)+offset;offset_f=+0.0269;raw_f=72.8600;spread=gespr@f048;covered_leads=30-57"
LAX,KLAX,2026-02-24,2026-02-22T00:00:00Z,56,gefs,73.5169,1.0800,"s3://noaa-gefs-pds/gefs.20260222/00/atmos/pgrb2sp25/{geavg,gespr}.t00z.pgrb2s.0p25.f{060,066,072,078,081}#statistic=max_t(geavg)+offset;offset_f=+0.0269;raw_f=73.4900;spread=gespr@f072;covered_leads=54-81"
LAX,KLAX,2026-02-24,2026-02-21T00:00:00Z,80,gefs,73.1569,1.5120,"s3://noaa-gefs-pds/gefs.20260221/00/atmos/pgrb2sp25/{geavg,gespr}.t00z.pgrb2s.0p25.f{084,090,096,102,105}#statistic=max_t(geavg)+offset;offset_f=+0.0269;raw_f=73.1300;spread=gespr@f096;covered_leads=78-105"
MIA,KMIA,2026-02-24,2026-02-24T00:00:00Z,5,gefs,64.0049,1.4400,"s3://noaa-gefs-pds/gefs.20260224/00/atmos/pgrb2sp25/{geavg,gespr}.t00z.pgrb2s.0p25.f{006,012,018,024,030}#statistic=max_t(geavg)+offset;offset_f=+0.0549;raw_f=63.9500;spread=gespr@f024;covered_leads=0-30"
MIA,KMIA,2026-02-24,2026-02-23T00:00:00Z,29,gefs,61.9169,3.3120,"s3://noaa-gefs-pds/gefs.20260223/00/atmos/pgrb2sp25/{geavg,gespr}.t00z.pgrb2s.0p25.f{030,036,042,048,054}#statistic=max_t(geavg)+offset;offset_f=+0.0549;raw_f=61.8620;spread=gespr@f048;covered_leads=24-54"
MIA,KMIA,2026-02-24,2026-02-22T00:00:00Z,53,gefs,62.2049,3.0600,"s3://noaa-gefs-pds/gefs.20260222/00/atmos/pgrb2sp25/{geavg,gespr}.t00z.pgrb2s.0p25.f{054,060,066,072,078}#statistic=max_t(geavg)+offset;offset_f=+0.0549;raw_f=62.1500;spread=gespr@f072;covered_leads=48-78"
MIA,KMIA,2026-02-24,2026-02-21T00:00:00Z,77,gefs,62.5469,3.1680,"s3://noaa-gefs-pds/gefs.20260221/00/atmos/pgrb2sp25/{geavg,gespr}.t00z.pgrb2s.0p25.f{078,084,090,096,102}#statistic=max_t(geavg)+offset;offset_f=+0.0549;raw_f=62.4920;spread=gespr@f096;covered_leads=72-102"
NY,KNYC,2026-02-24,2026-02-24T00:00:00Z,5,gefs,31.8194,0.6120,"s3://noaa-gefs-pds/gefs.20260224/00/atmos/pgrb2sp25/{geavg,gespr}.t00z.pgrb2s.0p25.f{006,012,018,024,030}#statistic=max_t(geavg)+offset;offset_f=+0.2514;raw_f=31.5680;spread=gespr@f006;covered_leads=0-30"
NY,KNYC,2026-02-24,2026-02-23T00:00:00Z,29,gefs,30.1634,0.8640,"s3://noaa-gefs-pds/gefs.20260223/00/atmos/pgrb2sp25/{geavg,gespr}.t00z.pgrb2s.0p25.f{030,036,042,048,054}#statistic=max_t(geavg)+offset;offset_f=+0.2514;raw_f=29.9120;spread=gespr@f030;covered_leads=24-54"
NY,KNYC,2026-02-24,2026-02-22T00:00:00Z,53,gefs,30.9194,1.1520,"s3://noaa-gefs-pds/gefs.20260222/00/atmos/pgrb2sp25/{geavg,gespr}.t00z.pgrb2s.0p25.f{054,060,066,072,078}#statistic=max_t(geavg)+offset;offset_f=+0.2514;raw_f=30.6680;spread=gespr@f054;covered_leads=48-78"
NY,KNYC,2026-02-24,2026-02-21T00:00:00Z,77,gefs,30.9014,1.1160,"s3://noaa-gefs-pds/gefs.20260221/00/atmos/pgrb2sp25/{geavg,gespr}.t00z.pgrb2s.0p25.f{078,084,090,096,102}#statistic=max_t(geavg)+offset;offset_f=+0.2514;raw_f=30.6500;spread=gespr@f078;covered_leads=72-102"
CHI,KMDW,2026-02-25,2026-02-25T00:00:00Z,6,gefs,32.1389,0.7200,"s3://noaa-gefs-pds/gefs.20260225/00/atmos/pgrb2sp25/{geavg,gespr}.t00z.pgrb2s.0p25.f{012,018,024,030}#statistic=max_t(geavg)+offset;offset_f=+0.0489;raw_f=32.0900;spread=gespr@f012;covered_leads=6-30"
CHI,KMDW,2026-02-25,2026-02-24T00:00:00Z,30,gefs,33.3989,1.6200,"s3://noaa-gefs-pds/gefs.20260224/00/atmos/pgrb2sp25/{geavg,gespr}.t00z.pgrb2s.0p25.f{036,042,048,054}#statistic=max_t(geavg)+offset;offset_f=+0.0489;raw_f=33.3500;spread=gespr@f036;covered_leads=30-54"
CHI,KMDW,2026-02-25,2026-02-23T00:00:00Z,54,gefs,31.5989,2.3400,"s3://noaa-gefs-pds/gefs.20260223/00/atmos/pgrb2sp25/{geavg,gespr}.t00z.pgrb2s.0p25.f{060,066,072,078}#statistic=max_t(geavg)+offset;offset_f=+0.0489;raw_f=31.5500;spread=gespr@f060;covered_leads=54-78"
CHI,KMDW,2026-02-25,2026-02-22T00:00:00Z,78,gefs,37.3589,5.6520,"s3://noaa-gefs-pds/gefs.20260222/00/atmos/pgrb2sp25/{geavg,gespr}.t00z.pgrb2s.0p25.f{084,090,096,102}#statistic=max_t(geavg)+offset;offset_f=+0.0489;raw_f=37.3100;spread=gespr@f096;covered_leads=78-102"
LAX,KLAX,2026-02-25,2026-02-25T00:00:00Z,8,gefs,72.0769,0.7200,"s3://noaa-gefs-pds/gefs.20260225/00/atmos/pgrb2sp25/{geavg,gespr}.t00z.pgrb2s.0p25.f{012,018,024,030,033}#statistic=max_t(geavg)+offset;offset_f=+0.0269;raw_f=72.0500;spread=gespr@f024;covered_leads=6-33"
LAX,KLAX,2026-02-25,2026-02-24T00:00:00Z,32,gefs,73.4989,1.0800,"s3://noaa-gefs-pds/gefs.20260224/00/atmos/pgrb2sp25/{geavg,gespr}.t00z.pgrb2s.0p25.f{036,042,048,054,057}#statistic=max_t(geavg)+offset;offset_f=+0.0269;raw_f=73.4720;spread=gespr@f048;covered_leads=30-57"
LAX,KLAX,2026-02-25,2026-02-23T00:00:00Z,56,gefs,73.1029,1.9620,"s3://noaa-gefs-pds/gefs.20260223/00/atmos/pgrb2sp25/{geavg,gespr}.t00z.pgrb2s.0p25.f{060,066,072,078,081}#statistic=max_t(geavg)+offset;offset_f=+0.0269;raw_f=73.0760;spread=gespr@f072;covered_leads=54-81"
LAX,KLAX,2026-02-25,2026-02-22T00:00:00Z,80,gefs,73.4089,2.0880,"s3://noaa-gefs-pds/gefs.20260222/00/atmos/pgrb2sp25/{geavg,gespr}.t00z.pgrb2s.0p25.f{084,090,096,102,105}#statistic=max_t(geavg)+offset;offset_f=+0.0269;raw_f=73.3820;spread=gespr@f096;covered_leads=78-105"
MIA,KMIA,2026-02-25,2026-02-25T00:00:00Z,5,gefs,71.7449,0.9000,"s3://noaa-gefs-pds/gefs.20260225/00/atmos/pgrb2sp25/{geavg,gespr}.t00z.pgrb2s.0p25.f{006,012,018,024,030}#statistic=max_t(geavg)+offset;offset_f=+0.0549;raw_f=71.6900;spread=gespr@f024;covered_leads=0-30"
MIA,KMIA,2026-02-25,2026-02-24T00:00:00Z,29,gefs,71.8169,1.0620,"s3://noaa-gefs-pds/gefs.20260224/00/atmos/pgrb2sp25/{geavg,gespr}.t00z.pgrb2s.0p25.f{030,036,042,048,054}#statistic=max_t(geavg)+offset;offset_f=+0.0549;raw_f=71.7620;spread=gespr@f048;covered_leads=24-54"
MIA,KMIA,2026-02-25,2026-02-23T00:00:00Z,53,gefs,71.3129,1.2960,"s3://noaa-gefs-pds/gefs.20260223/00/atmos/pgrb2sp25/{geavg,gespr}.t00z.pgrb2s.0p25.f{054,060,066,072,078}#statistic=max_t(geavg)+offset;offset_f=+0.0549;raw_f=71.2580;spread=gespr@f072;covered_leads=48-78"
MIA,KMIA,2026-02-25,2026-02-22T00:00:00Z,77,gefs,70.7729,1.4580,"s3://noaa-gefs-pds/gefs.20260222/00/atmos/pgrb2sp25/{geavg,gespr}.t00z.pgrb2s.0p25.f{078,084,090,096,102}#statistic=max_t(geavg)+offset;offset_f=+0.0549;raw_f=70.7180;spread=gespr@f096;covered_leads=72-102"
NY,KNYC,2026-02-25,2026-02-25T00:00:00Z,5,gefs,35.9414,0.7200,"s3://noaa-gefs-pds/gefs.20260225/00/atmos/pgrb2sp25/{geavg,gespr}.t00z.pgrb2s.0p25.f{006,012,018,024,030}#statistic=max_t(geavg)+offset;offset_f=+0.2514;raw_f=35.6900;spread=gespr@f030;covered_leads=0-30"
NY,KNYC,2026-02-25,2026-02-24T00:00:00Z,29,gefs,36.3734,0.8280,"s3://noaa-gefs-pds/gefs.20260224/00/atmos/pgrb2sp25/{geavg,gespr}.t00z.pgrb2s.0p25.f{030,036,042,048,054}#statistic=max_t(geavg)+offset;offset_f=+0.2514;raw_f=36.1220;spread=gespr@f048;covered_leads=24-54"
NY,KNYC,2026-02-25,2026-02-23T00:00:00Z,53,gefs,37.9034,2.4480,"s3://noaa-gefs-pds/gefs.20260223/00/atmos/pgrb2sp25/{geavg,gespr}.t00z.pgrb2s.0p25.f{054,060,066,072,078}#statistic=max_t(geavg)+offset;offset_f=+0.2514;raw_f=37.6520;spread=gespr@f072;covered_leads=48-78"
NY,KNYC,2026-02-25,2026-02-22T00:00:00Z,77,gefs,35.7434,1.3680,"s3://noaa-gefs-pds/gefs.20260222/00/atmos/pgrb2sp25/{geavg,gespr}.t00z.pgrb2s.0p25.f{078,084,090,096,102}#statistic=max_t(geavg)+offset;offset_f=+0.2514;raw_f=35.4920;spread=gespr@f096;covered_leads=72-102"
CHI,KMDW,2026-02-26,2026-02-26T00:00:00Z,6,gefs,41.3729,1.4760,"s3://noaa-gefs-pds/gefs.20260226/00/atmos/pgrb2sp25/{geavg,gespr}.t00z.pgrb2s.0p25.f{012,018,024,030}#statistic=max_t(geavg)+offset;offset_f=+0.0489;raw_f=41.3240;spread=gespr@f024;covered_leads=6-30"
CHI,KMDW,2026-02-26,2026-02-25T00:00:00Z,30,gefs,39.4109,2.6460,"s3://noaa-gefs-pds/gefs.20260225/00/atmos/pgrb2sp25/{geavg,gespr}.t00z.pgrb2s.0p25.f{036,042,048,054}#statistic=max_t(geavg)+offset;offset_f=+0.0489;raw_f=39.3620;spread=gespr@f048;covered_leads=30-54"
CHI,KMDW,2026-02-26,2026-02-24T00:00:00Z,54,gefs,35.5229,3.7620,"s3://noaa-gefs-pds/gefs.20260224/00/atmos/pgrb2sp25/{geavg,gespr}.t00z.pgrb2s.0p25.f{060,066,072,078}#statistic=max_t(geavg)+offset;offset_f=+0.0489;raw_f=35.4740;spread=gespr@f072;covered_leads=54-78"
CHI,KMDW,2026-02-26,2026-02-23T00:00:00Z,78,gefs,32.4269,4.0860,"s3://noaa-gefs-pds/gefs.20260223/00/atmos/pgrb2sp25/{geavg,gespr}.t00z.pgrb2s.0p25.f{084,090,096,102}#statistic=max_t(geavg)+offset;offset_f=+0.0489;raw_f=32.3780;spread=gespr@f096;covered_leads=78-102"
LAX,KLAX,2026-02-26,2026-02-26T00:00:00Z,8,gefs,79.1509,1.2960,"s3://noaa-gefs-pds/gefs.20260226/00/atmos/pgrb2sp25/{geavg,gespr}.t00z.pgrb2s.0p25.f{012,018,024,030,033}#statistic=max_t(geavg)+offset;offset_f=+0.0269;raw_f=79.1240;spread=gespr@f030;covered_leads=6-33"
LAX,KLAX,2026-02-26,2026-02-25T00:00:00Z,32,gefs,76.9369,1.2420,"s3://noaa-gefs-pds/gefs.20260225/00/atmos/pgrb2sp25/{geavg,gespr}.t00z.pgrb2s.0p25.f{036,042,048,054,057}#statistic=max_t(geavg)+offset;offset_f=+0.0269;raw_f=76.9100;spread=gespr@f048;covered_leads=30-57"
LAX,KLAX,2026-02-26,2026-02-24T00:00:00Z,56,gefs,77.7289,1.3680,"s3://noaa-gefs-pds/gefs.20260224/00/atmos/pgrb2sp25/{geavg,gespr}.t00z.pgrb2s.0p25.f{060,066,072,078,081}#statistic=max_t(geavg)+offset;offset_f=+0.0269;raw_f=77.7020;spread=gespr@f072;covered_leads=54-81"
LAX,KLAX,2026-02-26,2026-02-23T00:00:00Z,80,gefs,75.8209,2.0160,"s3://noaa-gefs-pds/gefs.20260223/00/atmos/pgrb2sp25/{geavg,gespr}.t00z.pgrb2s.0p25.f{084,090,096,102,105}#statistic=max_t(geavg)+offset;offset_f=+0.0269;raw_f=75.7940;spread=gespr@f096;covered_leads=78-105"
MIA,KMIA,2026-02-26,2026-02-26T00:00:00Z,5,gefs,75.9569,1.0080,"s3://noaa-gefs-pds/gefs.20260226/00/atmos/pgrb2sp25/{geavg,gespr}.t00z.pgrb2s.0p25.f{006,012,018,024,030}#statistic=max_t(geavg)+offset;offset_f=+0.0549;raw_f=75.9020;spread=gespr@f024;covered_leads=0-30"
MIA,KMIA,2026-02-26,2026-02-25T00:00:00Z,29,gefs,76.7489,0.7380,"s3://noaa-gefs-pds/gefs.20260225/00/atmos/pgrb2sp25/{geavg,gespr}.t00z.pgrb2s.0p25.f{030,036,042,048,054}#statistic=max_t(geavg)+offset;offset_f=+0.0549;raw_f=76.6940;spread=gespr@f048;covered_leads=24-54"
MIA,KMIA,2026-02-26,2026-02-24T00:00:00Z,53,gefs,76.7489,0.7740,"s3://noaa-gefs-pds/gefs.20260224/00/atmos/pgrb2sp25/{geavg,gespr}.t00z.pgrb2s.0p25.f{054,060,066,072,078}#statistic=max_t(geavg)+offset;offset_f=+0.0549;raw_f=76.6940;spread=gespr@f072;covered_leads=48-78"
MIA,KMIA,2026-02-26,2026-02-23T00:00:00Z,77,gefs,76.7309,1.2960,"s3://noaa-gefs-pds/gefs.20260223/00/atmos/pgrb2sp25/{geavg,gespr}.t00z.pgrb2s.0p25.f{078,084,090,096,102}#statistic=max_t(geavg)+offset;offset_f=+0.0549;raw_f=76.6760;spread=gespr@f096;covered_leads=72-102"
NY,KNYC,2026-02-26,2026-02-26T00:00:00Z,5,gefs,35.9414,0.5400,"s3://noaa-gefs-pds/gefs.20260226/00/atmos/pgrb2sp25/{geavg,gespr}.t00z.pgrb2s.0p25.f{006,012,018,024,030}#statistic=max_t(geavg)+offset;offset_f=+0.2514;raw_f=35.6900;spread=gespr@f006;covered_leads=0-30"
NY,KNYC,2026-02-26,2026-02-25T00:00:00Z,29,gefs,35.9414,0.7200,"s3://noaa-gefs-pds/gefs.20260225/00/atmos/pgrb2sp25/{geavg,gespr}.t00z.pgrb2s.0p25.f{030,036,042,048,054}#statistic=max_t(geavg)+offset;offset_f=+0.2514;raw_f=35.6900;spread=gespr@f030;covered_leads=24-54"
NY,KNYC,2026-02-26,2026-02-24T00:00:00Z,53,gefs,36.3014,0.9000,"s3://noaa-gefs-pds/gefs.20260224/00/atmos/pgrb2sp25/{geavg,gespr}.t00z.pgrb2s.0p25.f{054,060,066,072,078}#statistic=max_t(geavg)+offset;offset_f=+0.2514;raw_f=36.0500;spread=gespr@f054;covered_leads=48-78"
NY,KNYC,2026-02-26,2026-02-23T00:00:00Z,77,gefs,38.5694,8.2080,"s3://noaa-gefs-pds/gefs.20260223/00/atmos/pgrb2sp25/{geavg,gespr}.t00z.pgrb2s.0p25.f{078,084,090,096,102}#statistic=max_t(geavg)+offset;offset_f=+0.2514;raw_f=38.3180;spread=gespr@f102;covered_leads=72-102"
CHI,KMDW,2026-02-27,2026-02-27T00:00:00Z,6,gefs,57.8969,1.0080,"s3://noaa-gefs-pds/gefs.20260227/00/atmos/pgrb2sp25/{geavg,gespr}.t00z.pgrb2s.0p25.f{012,018,024,030}#statistic=max_t(geavg)+offset;offset_f=+0.0489;raw_f=57.8480;spread=gespr@f024;covered_leads=6-30"
CHI,KMDW,2026-02-27,2026-02-26T00:00:00Z,30,gefs,59.5709,0.8820,"s3://noaa-gefs-pds/gefs.20260226/00/atmos/pgrb2sp25/{geavg,gespr}.t00z.pgrb2s.0p25.f{036,042,048,054}#statistic=max_t(geavg)+offset;offset_f=+0.0489;raw_f=59.5220;spread=gespr@f048;covered_leads=30-54"
CHI,KMDW,2026-02-27,2026-02-25T00:00:00Z,54,gefs,58.2029,2.5020,"s3://noaa-gefs-pds/gefs.20260225/00/atmos/pgrb2sp25/{geavg,gespr}.t00z.pgrb2s.0p25.f{060,066,072,078}#statistic=max_t(geavg)+offset;offset_f=+0.0489;raw_f=58.1540;spread=gespr@f072;covered_leads=54-78"
CHI,KMDW,2026-02-27,2026-02-24T00:00:00Z,78,gefs,52.8209,5.2200,"s3://noaa-gefs-pds/gefs.20260224/00/atmos/pgrb2sp25/{geavg,gespr}.t00z.pgrb2s.0p25.f{084,090,096,102}#statistic=max_t(geavg)+offset;offset_f=+0.0489;raw_f=52.7720;spread=gespr@f096;covered_leads=78-102"
LAX,KLAX,2026-02-27,2026-02-27T00:00:00Z,8,gefs,83.3269,0.5580,"s3://noaa-gefs-pds/gefs.20260227/00/atmos/pgrb2sp25/{geavg,gespr}.t00z.pgrb2s.0p25.f{012,018,024,030,033}#statistic=max_t(geavg)+offset;offset_f=+0.0269;raw_f=83.3000;spread=gespr@f024;covered_leads=6-33"
LAX,KLAX,2026-02-27,2026-02-26T00:00:00Z,32,gefs,81.8869,0.6120,"s3://noaa-gefs-pds/gefs.20260226/00/atmos/pgrb2sp25/{geavg,gespr}.t00z.pgrb2s.0p25.f{036,042,048,054,057}#statistic=max_t(geavg)+offset;offset_f=+0.0269;raw_f=81.8600;spread=gespr@f048;covered_leads=30-57"
LAX,KLAX,2026-02-27,2026-02-25T00:00:00Z,56,gefs,80.6809,1.2240,"s3://noaa-gefs-pds/gefs.20260225/00/atmos/pgrb2sp25/{geavg,gespr}.t00z.pgrb2s.0p25.f{060,066,072,078,081}#statistic=max_t(geavg)+offset;offset_f=+0.0269;raw_f=80.6540;spread=gespr@f072;covered_leads=54-81"
LAX,KLAX,2026-02-27,2026-02-24T00:00:00Z,80,gefs,79.5649,1.5120,"s3://noaa-gefs-pds/gefs.20260224/00/atmos/pgrb2sp25/{geavg,gespr}.t00z.pgrb2s.0p25.f{084,090,096,102,105}#statistic=max_t(geavg)+offset;offset_f=+0.0269;raw_f=79.5380;spread=gespr@f096;covered_leads=78-105"
MIA,KMIA,2026-02-27,2026-02-27T00:00:00Z,5,gefs,80.9249,0.5580,"s3://noaa-gefs-pds/gefs.20260227/00/atmos/pgrb2sp25/{geavg,gespr}.t00z.pgrb2s.0p25.f{006,012,018,024,030}#statistic=max_t(geavg)+offset;offset_f=+0.0549;raw_f=80.8700;spread=gespr@f024;covered_leads=0-30"
MIA,KMIA,2026-02-27,2026-02-26T00:00:00Z,29,gefs,80.3309,0.9000,"s3://noaa-gefs-pds/gefs.20260226/00/atmos/pgrb2sp25/{geavg,gespr}.t00z.pgrb2s.0p25.f{030,036,042,048,054}#statistic=max_t(geavg)+offset;offset_f=+0.0549;raw_f=80.2760;spread=gespr@f048;covered_leads=24-54"
MIA,KMIA,2026-02-27,2026-02-25T00:00:00Z,53,gefs,80.6189,1.1160,"s3://noaa-gefs-pds/gefs.20260225/00/atmos/pgrb2sp25/{geavg,gespr}.t00z.pgrb2s.0p25.f{054,060,066,072,078}#statistic=max_t(geavg)+offset;offset_f=+0.0549;raw_f=80.5640;spread=gespr@f072;covered_leads=48-78"
MIA,KMIA,2026-02-27,2026-02-24T00:00:00Z,77,gefs,80.5469,1.1520,"s3://noaa-gefs-pds/gefs.20260224/00/atmos/pgrb2sp25/{geavg,gespr}.t00z.pgrb2s.0p25.f{078,084,090,096,102}#statistic=max_t(geavg)+offset;offset_f=+0.0549;raw_f=80.4920;spread=gespr@f096;covered_leads=72-102"
NY,KNYC,2026-02-27,2026-02-27T00:00:00Z,5,gefs,37.6154,0.8100,"s3://noaa-gefs-pds/gefs.20260227/00/atmos/pgrb2sp25/{geavg,gespr}.t00z.pgrb2s.0p25.f{006,012,018,024,030}#statistic=max_t(geavg)+offset;offset_f=+0.2514;raw_f=37.3640;spread=gespr@f024;covered_leads=0-30"
NY,KNYC,2026-02-27,2026-02-26T00:00:00Z,29,gefs,37.3454,2.4480,"s3://noaa-gefs-pds/gefs.20260226/00/atmos/pgrb2sp25/{geavg,gespr}.t00z.pgrb2s.0p25.f{030,036,042,048,054}#statistic=max_t(geavg)+offset;offset_f=+0.2514;raw_f=37.0940;spread=gespr@f048;covered_leads=24-54"
NY,KNYC,2026-02-27,2026-02-25T00:00:00Z,53,gefs,36.0314,2.9700,"s3://noaa-gefs-pds/gefs.20260225/00/atmos/pgrb2sp25/{geavg,gespr}.t00z.pgrb2s.0p25.f{054,060,066,072,078}#statistic=max_t(geavg)+offset;offset_f=+0.2514;raw_f=35.7800;spread=gespr@f072;covered_leads=48-78"
NY,KNYC,2026-02-27,2026-02-24T00:00:00Z,77,gefs,35.4914,2.6820,"s3://noaa-gefs-pds/gefs.20260224/00/atmos/pgrb2sp25/{geavg,gespr}.t00z.pgrb2s.0p25.f{078,084,090,096,102}#statistic=max_t(geavg)+offset;offset_f=+0.2514;raw_f=35.2400;spread=gespr@f096;covered_leads=72-102"
CHI,KMDW,2026-02-28,2026-02-28T00:00:00Z,6,gefs,44.6849,0.3600,"s3://noaa-gefs-pds/gefs.20260228/00/atmos/pgrb2sp25/{geavg,gespr}.t00z.pgrb2s.0p25.f{012,018,024,030}#statistic=max_t(geavg)+offset;offset_f=+0.0489;raw_f=44.6360;spread=gespr@f012;covered_leads=6-30"
CHI,KMDW,2026-02-28,2026-02-27T00:00:00Z,30,gefs,40.8149,1.3320,"s3://noaa-gefs-pds/gefs.20260227/00/atmos/pgrb2sp25/{geavg,gespr}.t00z.pgrb2s.0p25.f{036,042,048,054}#statistic=max_t(geavg)+offset;offset_f=+0.0489;raw_f=40.7660;spread=gespr@f036;covered_leads=30-54"
CHI,KMDW,2026-02-28,2026-02-26T00:00:00Z,54,gefs,41.8049,2.1600,"s3://noaa-gefs-pds/gefs.20260226/00/atmos/pgrb2sp25/{geavg,gespr}.t00z.pgrb2s.0p25.f{060,066,072,078}#statistic=max_t(geavg)+offset;offset_f=+0.0489;raw_f=41.7560;spread=gespr@f060;covered_leads=54-78"
CHI,KMDW,2026-02-28,2026-02-25T00:00:00Z,78,gefs,42.1469,4.1580,"s3://noaa-gefs-pds/gefs.20260225/00/atmos/pgrb2sp25/{geavg,gespr}.t00z.pgrb2s.0p25.f{084,090,096,102}#statistic=max_t(geavg)+offset;offset_f=+0.0489;raw_f=42.0980;spread=gespr@f084;covered_leads=78-102"
LAX,KLAX,2026-02-28,2026-02-28T00:00:00Z,8,gefs,79.2949,0.8640,"s3://noaa-gefs-pds/gefs.20260228/00/atmos/pgrb2sp25/{geavg,gespr}.t00z.pgrb2s.0p25.f{012,018,024,030,033}#statistic=max_t(geavg)+offset;offset_f=+0.0269;raw_f=79.2680;spread=gespr@f024;covered_leads=6-33"
LAX,KLAX,2026-02-28,2026-02-27T00:00:00Z,32,gefs,77.4409,1.1340,"s3://noaa-gefs-pds/gefs.20260227/00/atmos/pgrb2sp25/{geavg,gespr}.t00z.pgrb2s.0p25.f{036,042,048,054,057}#statistic=max_t(geavg)+offset;offset_f=+0.0269;raw_f=77.4140;spread=gespr@f048;covered_leads=30-57"
LAX,KLAX,2026-02-28,2026-02-26T00:00:00Z,56,gefs,75.9829,1.2960,"s3://noaa-gefs-pds/gefs.20260226/00/atmos/pgrb2sp25/{geavg,gespr}.t00z.pgrb2s.0p25.f{060,066,072,078,081}#statistic=max_t(geavg)+offset;offset_f=+0.0269;raw_f=75.9560;spread=gespr@f072;covered_leads=54-81"
LAX,KLAX,2026-02-28,2026-02-25T00:00:00Z,80,gefs,74.7229,1.0800,"s3://noaa-gefs-pds/gefs.20260225/00/atmos/pgrb2sp25/{geavg,gespr}.t00z.pgrb2s.0p25.f{084,090,096,102,105}#statistic=max_t(geavg)+offset;offset_f=+0.0269;raw_f=74.6960;spread=gespr@f096;covered_leads=78-105"
MIA,KMIA,2026-02-28,2026-02-28T00:00:00Z,5,gefs,83.3369,0.6300,"s3://noaa-gefs-pds/gefs.20260228/00/atmos/pgrb2sp25/{geavg,gespr}.t00z.pgrb2s.0p25.f{006,012,018,024,030}#statistic=max_t(geavg)+offset;offset_f=+0.0549;raw_f=83.2820;spread=gespr@f024;covered_leads=0-30"
MIA,KMIA,2026-02-28,2026-02-27T00:00:00Z,29,gefs,82.8149,0.8820,"s3://noaa-gefs-pds/gefs.20260227/00/atmos/pgrb2sp25/{geavg,gespr}.t00z.pgrb2s.0p25.f{030,036,042,048,054}#statistic=max_t(geavg)+offset;offset_f=+0.0549;raw_f=82.7600;spread=gespr@f048;covered_leads=24-54"
MIA,KMIA,2026-02-28,2026-02-26T00:00:00Z,53,gefs,81.0869,1.0440,"s3://noaa-gefs-pds/gefs.20260226/00/atmos/pgrb2sp25/{geavg,gespr}.t00z.pgrb2s.0p25.f{054,060,066,072,078}#statistic=max_t(geavg)+offset;offset_f=+0.0549;raw_f=81.0320;spread=gespr@f072;covered_leads=48-78"
MIA,KMIA,2026-02-28,2026-02-25T00:00:00Z,77,gefs,81.6269,1.2600,"s3://noaa-gefs-pds/gefs.20260225/00/atmos/pgrb2sp25/{geavg,gespr}.t00z.pgrb2s.0p25.f{078,084,090,096,102}#statistic=max_t(geavg)+offset;offset_f=+0.0549;raw_f=81.5720;spread=gespr@f096;covered_leads=72-102"
NY,KNYC,2026-02-28,2026-02-28T00:00:00Z,5,gefs,49.3154,0.4140,"s3://noaa-gefs-pds/gefs.20260228/00/atmos/pgrb2sp25/{geavg,gespr}.t00z.pgrb2s.0p25.f{006,012,018,024,030}#statistic=max_t(geavg)+offset;offset_f=+0.2514;raw_f=49.0640;spread=gespr@f024;covered_leads=0-30"
NY,KNYC,2026-02-28,2026-02-27T00:00:00Z,29,gefs,50.4134,1.4400,"s3://noaa-gefs-pds/gefs.20260227/00/atmos/pgrb2sp25/{geavg,gespr}.t00z.pgrb2s.0p25.f{030,036,042,048,054}#statistic=max_t(geavg)+offset;offset_f=+0.2514;raw_f=50.1620;spread=gespr@f048;covered_leads=24-54"
NY,KNYC,2026-02-28,2026-02-26T00:00:00Z,53,gefs,49.1894,3.3840,"s3://noaa-gefs-pds/gefs.20260226/00/atmos/pgrb2sp25/{geavg,gespr}.t00z.pgrb2s.0p25.f{054,060,066,072,078}#statistic=max_t(geavg)+offset;offset_f=+0.2514;raw_f=48.9380;spread=gespr@f072;covered_leads=48-78"
NY,KNYC,2026-02-28,2026-02-25T00:00:00Z,77,gefs,48.4694,5.2740,"s3://noaa-gefs-pds/gefs.20260225/00/atmos/pgrb2sp25/{geavg,gespr}.t00z.pgrb2s.0p25.f{078,084,090,096,102}#statistic=max_t(geavg)+offset;offset_f=+0.2514;raw_f=48.2180;spread=gespr@f096;covered_leads=72-102"
CHI,KMDW,2026-03-01,2026-03-01T00:00:00Z,6,gefs,31.1309,1.0800,"s3://noaa-gefs-pds/gefs.20260301/00/atmos/pgrb2sp25/{geavg,gespr}.t00z.pgrb2s.0p25.f{012,018,024,030}#statistic=max_t(geavg)+offset;offset_f=+0.0489;raw_f=31.0820;spread=gespr@f024;covered_leads=6-30"
CHI,KMDW,2026-03-01,2026-02-28T00:00:00Z,30,gefs,28.4849,2.4480,"s3://noaa-gefs-pds/gefs.20260228/00/atmos/pgrb2sp25/{geavg,gespr}.t00z.pgrb2s.0p25.f{036,042,048,054}#statistic=max_t(geavg)+offset;offset_f=+0.0489;raw_f=28.4360;spread=gespr@f048;covered_leads=30-54"
CHI,KMDW,2026-03-01,2026-02-27T00:00:00Z,54,gefs,27.9449,2.1060,"s3://noaa-gefs-pds/gefs.20260227/00/atmos/pgrb2sp25/{geavg,gespr}.t00z.pgrb2s.0p25.f{060,066,072,078}#statistic=max_t(geavg)+offset;offset_f=+0.0489;raw_f=27.8960;spread=gespr@f072;covered_leads=54-78"
CHI,KMDW,2026-03-01,2026-02-26T00:00:00Z,78,gefs,26.5229,2.8080,"s3://noaa-gefs-pds/gefs.20260226/00/atmos/pgrb2sp25/{geavg,gespr}.t00z.pgrb2s.0p25.f{084,090,096,102}#statistic=max_t(geavg)+offset;offset_f=+0.0489;raw_f=26.4740;spread=gespr@f084;covered_leads=78-102"
LAX,KLAX,2026-03-01,2026-03-01T00:00:00Z,8,gefs,75.7309,0.4320,"s3://noaa-gefs-pds/gefs.20260301/00/atmos/pgrb2sp25/{geavg,gespr}.t00z.pgrb2s.0p25.f{012,018,024,030,033}#statistic=max_t(geavg)+offset;offset_f=+0.0269;raw_f=75.7040;spread=gespr@f024;covered_leads=6-33"
LAX,KLAX,2026-03-01,2026-02-28T00:00:00Z,32,gefs,74.2369,0.9360,"s3://noaa-gefs-pds/gefs.20260228/00/atmos/pgrb2sp25/{geavg,gespr}.t00z.pgrb2s.0p25.f{036,042,048,054,057}#statistic=max_t(geavg)+offset;offset_f=+0.0269;raw_f=74.2100;spread=gespr@f048;covered_leads=30-57"
LAX,KLAX,2026-03-01,2026-02-27T00:00:00Z,56,gefs,73.1749,1.6740,"s3://noaa-gefs-pds/gefs.20260227/00/atmos/pgrb2sp25/{geavg,gespr}.t00z.pgrb2s.0p25.f{060,066,072,078,081}#statistic=max_t(geavg)+offset;offset_f=+0.0269;raw_f=73.1480;spread=gespr@f072;covered_leads=54-81"
LAX,KLAX,2026-03-01,2026-02-26T00:00:00Z,80,gefs,70.1329,1.4940,"s3://noaa-gefs-pds/gefs.20260226/00/atmos/pgrb2sp25/{geavg,gespr}.t00z.pgrb2s.0p25.f{084,090,096,102,105}#statistic=max_t(geavg)+offset;offset_f=+0.0269;raw_f=70.1060;spread=gespr@f096;covered_leads=78-105"
MIA,KMIA,2026-03-01,2026-03-01T00:00:00Z,5,gefs,80.7809,0.8280,"s3://noaa-gefs-pds/gefs.20260301/00/atmos/pgrb2sp25/{geavg,gespr}.t00z.pgrb2s.0p25.f{006,012,018,024,030}#statistic=max_t(geavg)+offset;offset_f=+0.0549;raw_f=80.7260;spread=gespr@f024;covered_leads=0-30"
MIA,KMIA,2026-03-01,2026-02-28T00:00:00Z,29,gefs,80.4029,1.1520,"s3://noaa-gefs-pds/gefs.20260228/00/atmos/pgrb2sp25/{geavg,gespr}.t00z.pgrb2s.0p25.f{030,036,042,048,054}#statistic=max_t(geavg)+offset;offset_f=+0.0549;raw_f=80.3480;spread=gespr@f042;covered_leads=24-54"
MIA,KMIA,2026-03-01,2026-02-27T00:00:00Z,53,gefs,81.0149,1.4940,"s3://noaa-gefs-pds/gefs.20260227/00/atmos/pgrb2sp25/{geavg,gespr}.t00z.pgrb2s.0p25.f{054,060,066,072,078}#statistic=max_t(geavg)+offset;offset_f=+0.0549;raw_f=80.9600;spread=gespr@f072;covered_leads=48-78"
MIA,KMIA,2026-03-01,2026-02-26T00:00:00Z,77,gefs,79.9529,1.3500,"s3://noaa-gefs-pds/gefs.20260226/00/atmos/pgrb2sp25/{geavg,gespr}.t00z.pgrb2s.0p25.f{078,084,090,096,102}#statistic=max_t(geavg)+offset;offset_f=+0.0549;raw_f=79.8980;spread=gespr@f096;covered_leads=72-102"
NY,KNYC,2026-03-01,2026-03-01T00:00:00Z,5,gefs,40.3874,0.2520,"s3://noaa-gefs-pds/gefs.20260301/00/atmos/pgrb2sp25/{geavg,gespr}.t00z.pgrb2s.0p25.f{006,012,018,024,030}#statistic=max_t(geavg)+offset;offset_f=+0.2514;raw_f=40.1360;spread=gespr@f006;covered_leads=0-30"
NY,KNYC,2026-03-01,2026-02-28T00:00:00Z,29,gefs,44.0414,0.4680,"s3://noaa-gefs-pds/gefs.20260228/00/atmos/pgrb2sp25/{geavg,gespr}.t00z.pgrb2s.0p25.f{030,036,042,048,054}#statistic=max_t(geavg)+offset;offset_f=+0.2514;raw_f=43.7900;spread=gespr@f030;covered_leads=24-54"
NY,KNYC,2026-03-01,2026-02-27T00:00:00Z,53,gefs,44.6354,0.9900,"s3://noaa-gefs-pds/gefs.20260227/00/atmos/pgrb2sp25/{geavg,gespr}.t00z.pgrb2s.0p25.f{054,060,066,072,078}#statistic=max_t(geavg)+offset;offset_f=+0.2514;raw_f=44.3840;spread=gespr@f054;covered_leads=48-78"
NY,KNYC,2026-03-01,2026-02-26T00:00:00Z,77,gefs,43.4114,2.6820,"s3://noaa-gefs-pds/gefs.20260226/00/atmos/pgrb2sp25/{geavg,gespr}.t00z.pgrb2s.0p25.f{078,084,090,096,102}#statistic=max_t(geavg)+offset;offset_f=+0.2514;raw_f=43.1600;spread=gespr@f078;covered_leads=72-102"
CHI,KMDW,2026-03-02,2026-03-02T00:00:00Z,6,gefs,41.3189,1.9080,"s3://noaa-gefs-pds/gefs.20260302/00/atmos/pgrb2sp25/{geavg,gespr}.t00z.pgrb2s.0p25.f{012,018,024,030}#statistic=max_t(geavg)+offset;offset_f=+0.0489;raw_f=41.2700;spread=gespr@f024;covered_leads=6-30"
CHI,KMDW,2026-03-02,2026-03-01T00:00:00Z,30,gefs,42.4349,2.1600,"s3://noaa-gefs-pds/gefs.20260301/00/atmos/pgrb2sp25/{geavg,gespr}.t00z.pgrb2s.0p25.f{036,042,048,054}#statistic=max_t(geavg)+offset;offset_f=+0.0489;raw_f=42.3860;spread=gespr@f048;covered_leads=30-54"
CHI,KMDW,2026-03-02,2026-02-28T00:00:00Z,54,gefs,38.9789,2.7000,"s3://noaa-gefs-pds/gefs.20260228/00/atmos/pgrb2sp25/{geavg,gespr}.t00z.pgrb2s.0p25.f{060,066,072,078}#statistic=max_t(geavg)+offset;offset_f=+0.0489;raw_f=38.9300;spread=gespr@f072;covered_leads=54-78"
CHI,KMDW,2026-03-02,2026-02-27T00:00:00Z,78,gefs,35.8649,2.5740,"s3://noaa-gefs-pds/gefs.20260227/00/atmos/pgrb2sp25/{geavg,gespr}.t00z.pgrb2s.0p25.f{084,090,096,102}#statistic=max_t(geavg)+offset;offset_f=+0.0489;raw_f=35.8160;spread=gespr@f096;covered_leads=78-102"
LAX,KLAX,2026-03-02,2026-03-02T00:00:00Z,8,gefs,68.8729,0.7920,"s3://noaa-gefs-pds/gefs.20260302/00/atmos/pgrb2sp25/{geavg,gespr}.t00z.pgrb2s.0p25.f{012,018,024,030,033}#statistic=max_t(geavg)+offset;offset_f=+0.0269;raw_f=68.8460;spread=gespr@f024;covered_leads=6-33"
LAX,KLAX,2026-03-02,2026-03-01T00:00:00Z,32,gefs,69.7009,0.7740,"s3://noaa-gefs-pds/gefs.20260301/00/atmos/pgrb2sp25/{geavg,gespr}.t00z.pgrb2s.0p25.f{036,042,048,054,057}#statistic=max_t(geavg)+offset;offset_f=+0.0269;raw_f=69.6740;spread=gespr@f048;covered_leads=30-57"
LAX,KLAX,2026-03-02,2026-02-28T00:00:00Z,56,gefs,68.3869,1.1700,"s3://noaa-gefs-pds/gefs.20260228/00/atmos/pgrb2sp25/{geavg,gespr}.t00z.pgrb2s.0p25.f{060,066,072,078,081}#statistic=max_t(geavg)+offset;offset_f=+0.0269;raw_f=68.3600;spread=gespr@f072;covered_leads=54-81"
LAX,KLAX,2026-03-02,2026-02-27T00:00:00Z,80,gefs,66.7669,0.7920,"s3://noaa-gefs-pds/gefs.20260227/00/atmos/pgrb2sp25/{geavg,gespr}.t00z.pgrb2s.0p25.f{084,090,096,102,105}#statistic=max_t(geavg)+offset;offset_f=+0.0269;raw_f=66.7400;spread=gespr@f096;covered_leads=78-105"
MIA,KMIA,2026-03-02,2026-03-02T00:00:00Z,5,gefs,78.1349,0.7560,"s3://noaa-gefs-pds/gefs.20260302/00/atmos/pgrb2sp25/{geavg,gespr}.t00z.pgrb2s.0p25.f{006,012,018,024,030}#statistic=max_t(geavg)+offset;offset_f=+0.0549;raw_f=78.0800;spread=gespr@f024;covered_leads=0-30"
MIA,KMIA,2026-03-02,2026-03-01T00:00:00Z,29,gefs,77.4149,0.9900,"s3://noaa-gefs-pds/gefs.20260301/00/atmos/pgrb2sp25/{geavg,gespr}.t00z.pgrb2s.0p25.f{030,036,042,048,054}#statistic=max_t(geavg)+offset;offset_f=+0.0549;raw_f=77.3600;spread=gespr@f048;covered_leads=24-54"
MIA,KMIA,2026-03-02,2026-02-28T00:00:00Z,53,gefs,77.7029,1.4400,"s3://noaa-gefs-pds/gefs.20260228/00/atmos/pgrb2sp25/{geavg,gespr}.t00z.pgrb2s.0p25.f{054,060,066,072,078}#statistic=max_t(geavg)+offset;offset_f=+0.0549;raw_f=77.6480;spread=gespr@f072;covered_leads=48-78"
MIA,KMIA,2026-03-02,2026-02-27T00:00:00Z,77,gefs,78.4589,1.4580,"s3://noaa-gefs-pds/gefs.20260227/00/atmos/pgrb2sp25/{geavg,gespr}.t00z.pgrb2s.0p25.f{078,084,090,096,102}#statistic=max_t(geavg)+offset;offset_f=+0.0549;raw_f=78.4040;spread=gespr@f096;covered_leads=72-102"
NY,KNYC,2026-03-02,2026-03-02T00:00:00Z,5,gefs,35.8154,0.7740,"s3://noaa-gefs-pds/gefs.20260302/00/atmos/pgrb2sp25/{geavg,gespr}.t00z.pgrb2s.0p25.f{006,012,018,024,030}#statistic=max_t(geavg)+offset;offset_f=+0.2514;raw_f=35.5640;spread=gespr@f006;covered_leads=0-30"
NY,KNYC,2026-03-02,2026-03-01T00:00:00Z,29,gefs,31.6214,1.8360,"s3://noaa-gefs-pds/gefs.20260301/00/atmos/pgrb2sp25/{geavg,gespr}.t00z.pgrb2s.0p25.f{030,036,042,048,054}#statistic=max_t(geavg)+offset;offset_f=+0.2514;raw_f=31.3700;spread=gespr@f030;covered_leads=24-54"
NY,KNYC,2026-03-02,2026-02-28T00:00:00Z,53,gefs,30.1454,1.7460,"s3://noaa-gefs-pds/gefs.20260228/00/atmos/pgrb2sp25/{geavg,gespr}.t00z.pgrb2s.0p25.f{054,060,066,072,078}#statistic=max_t(geavg)+offset;offset_f=+0.2514;raw_f=29.8940;spread=gespr@f072;covered_leads=48-78"
NY,KNYC,2026-03-02,2026-02-27T00:00:00Z,77,gefs,30.3794,3.1500,"s3://noaa-gefs-pds/gefs.20260227/00/atmos/pgrb2sp25/{geavg,gespr}.t00z.pgrb2s.0p25.f{078,084,090,096,102}#statistic=max_t(geavg)+offset;offset_f=+0.2514;raw_f=30.1280;spread=gespr@f078;covered_leads=72-102"
CHI,KMDW,2026-03-03,2026-03-03T00:00:00Z,6,gefs,42.1469,2.1600,"s3://noaa-gefs-pds/gefs.20260303/00/atmos/pgrb2sp25/{geavg,gespr}.t00z.pgrb2s.0p25.f{012,018,024,030}#statistic=max_t(geavg)+offset;offset_f=+0.0489;raw_f=42.0980;spread=gespr@f024;covered_leads=6-30"
CHI,KMDW,2026-03-03,2026-03-02T00:00:00Z,30,gefs,42.3809,3.2400,"s3://noaa-gefs-pds/gefs.20260302/00/atmos/pgrb2sp25/{geavg,gespr}.t00z.pgrb2s.0p25.f{036,042,048,054}#statistic=max_t(geavg)+offset;offset_f=+0.0489;raw_f=42.3320;spread=gespr@f048;covered_leads=30-54"
CHI,KMDW,2026-03-03,2026-03-01T00:00:00Z,54,gefs,41.1389,2.3040,"s3://noaa-gefs-pds/gefs.20260301/00/atmos/pgrb2sp25/{geavg,gespr}.t00z.pgrb2s.0p25.f{060,066,072,078}#statistic=max_t(geavg)+offset;offset_f=+0.0489;raw_f=41.0900;spread=gespr@f078;covered_leads=54-78"
CHI,KMDW,2026-03-03,2026-02-28T00:00:00Z,78,gefs,38.9969,3.6360,"s3://noaa-gefs-pds/gefs.20260228/00/atmos/pgrb2sp25/{geavg,gespr}.t00z.pgrb2s.0p25.f{084,090,096,102}#statistic=max_t(geavg)+offset;offset_f=+0.0489;raw_f=38.9480;spread=gespr@f096;covered_leads=78-102"
LAX,KLAX,2026-03-03,2026-03-03T00:00:00Z,8,gefs,69.0169,0.6660,"s3://noaa-gefs-pds/gefs.20260303/00/atmos/pgrb2sp25/{geavg,gespr}.t00z.pgrb2s.0p25.f{012,018,024,030,033}#statistic=max_t(geavg)+offset;offset_f=+0.0269;raw_f=68.9900;spread=gespr@f024;covered_leads=6-33"
LAX,KLAX,2026-03-03,2026-03-02T00:00:00Z,32,gefs,70.6549,1.0800,"s3://noaa-gefs-pds/gefs.20260302/00/atmos/pgrb2sp25/{geavg,gespr}.t00z.pgrb2s.0p25.f{036,042,048,054,057}#statistic=max_t(geavg)+offset;offset_f=+0.0269;raw_f=70.6280;spread=gespr@f048;covered_leads=30-57"
LAX,KLAX,2026-03-03,2026-03-01T00:00:00Z,56,gefs,69.2869,0.7380,"s3://noaa-gefs-pds/gefs.20260301/00/atmos/pgrb2sp25/{geavg,gespr}.t00z.pgrb2s.0p25.f{060,066,072,078,081}#statistic=max_t(geavg)+offset;offset_f=+0.0269;raw_f=69.2600;spread=gespr@f072;covered_leads=54-81"
LAX,KLAX,2026-03-03,2026-02-28T00:00:00Z,80,gefs,69.4669,1.5480,"s3://noaa-gefs-pds/gefs.20260228/00/atmos/pgrb2sp25/{geavg,gespr}.t00z.pgrb2s.0p25.f{084,090,096,102,105}#statistic=max_t(geavg)+offset;offset_f=+0.0269;raw_f=69.4400;spread=gespr@f096;covered_leads=78-105"
MIA,KMIA,2026-03-03,2026-03-03T00:00:00Z,5,gefs,78.8369,0.7920,"s3://noaa-gefs-pds/gefs.20260303/00/atmos/pgrb2sp25/{geavg,gespr}.t00z.pgrb2s.0p25.f{006,012,018,024,030}#statistic=max_t(geavg)+offset;offset_f=+0.0549;raw_f=78.7820;spread=gespr@f024;covered_leads=0-30"
MIA,KMIA,2026-03-03,2026-03-02T00:00:00Z,29,gefs,78.8009,0.6120,"s3://noaa-gefs-pds/gefs.20260302/00/atmos/pgrb2sp25/{geavg,gespr}.t00z.pgrb2s.0p25.f{030,036,042,048,054}#statistic=max_t(geavg)+offset;offset_f=+0.0549;raw_f=78.7460;spread=gespr@f048;covered_leads=24-54"
MIA,KMIA,2026-03-03,2026-03-01T00:00:00Z,53,gefs,78.5489,0.6300,"s3://noaa-gefs-pds/gefs.20260301/00/atmos/pgrb2sp25/{geavg,gespr}.t00z.pgrb2s.0p25.f{054,060,066,072,078}#statistic=max_t(geavg)+offset;offset_f=+0.0549;raw_f=78.4940;spread=gespr@f072;covered_leads=48-78"
MIA,KMIA,2026-03-03,2026-02-28T00:00:00Z,77,gefs,78.0629,1.0620,"s3://noaa-gefs-pds/gefs.20260228/00/atmos/pgrb2sp25/{geavg,gespr}.t00z.pgrb2s.0p25.f{078,084,090,096,102}#statistic=max_t(geavg)+offset;offset_f=+0.0549;raw_f=78.0080;spread=gespr@f096;covered_leads=72-102"
NY,KNYC,2026-03-03,2026-03-03T00:00:00Z,5,gefs,39.6314,1.2600,"s3://noaa-gefs-pds/gefs.20260303/00/atmos/pgrb2sp25/{geavg,gespr}.t00z.pgrb2s.0p25.f{006,012,018,024,030}#statistic=max_t(geavg)+offset;offset_f=+0.2514;raw_f=39.3800;spread=gespr@f030;covered_leads=0-30"
NY,KNYC,2026-03-03,2026-03-02T00:00:00Z,29,gefs,39.3254,1.4040,"s3://noaa-gefs-pds/gefs.20260302/00/atmos/pgrb2sp25/{geavg,gespr}.t00z.pgrb2s.0p25.f{030,036,042,048,054}#statistic=max_t(geavg)+offset;offset_f=+0.2514;raw_f=39.0740;spread=gespr@f054;covered_leads=24-54"
NY,KNYC,2026-03-03,2026-03-01T00:00:00Z,53,gefs,39.0734,2.8260,"s3://noaa-gefs-pds/gefs.20260301/00/atmos/pgrb2sp25/{geavg,gespr}.t00z.pgrb2s.0p25.f{054,060,066,072,078}#statistic=max_t(geavg)+offset;offset_f=+0.2514;raw_f=38.8220;spread=gespr@f078;covered_leads=48-78"
NY,KNYC,2026-03-03,2026-02-28T00:00:00Z,77,gefs,38.7854,3.6180,"s3://noaa-gefs-pds/gefs.20260228/00/atmos/pgrb2sp25/{geavg,gespr}.t00z.pgrb2s.0p25.f{078,084,090,096,102}#statistic=max_t(geavg)+offset;offset_f=+0.2514;raw_f=38.5340;spread=gespr@f102;covered_leads=72-102"
CHI,KMDW,2026-03-04,2026-03-04T00:00:00Z,6,gefs,48.9329,2.1600,"s3://noaa-gefs-pds/gefs.20260304/00/atmos/pgrb2sp25/{geavg,gespr}.t00z.pgrb2s.0p25.f{012,018,024,030}#statistic=max_t(geavg)+offset;offset_f=+0.0489;raw_f=48.8840;spread=gespr@f024;covered_leads=6-30"
CHI,KMDW,2026-03-04,2026-03-03T00:00:00Z,30,gefs,44.3969,2.7000,"s3://noaa-gefs-pds/gefs.20260303/00/atmos/pgrb2sp25/{geavg,gespr}.t00z.pgrb2s.0p25.f{036,042,048,054}#statistic=max_t(geavg)+offset;offset_f=+0.0489;raw_f=44.3480;spread=gespr@f048;covered_leads=30-54"
CHI,KMDW,2026-03-04,2026-03-02T00:00:00Z,54,gefs,48.1049,5.3280,"s3://noaa-gefs-pds/gefs.20260302/00/atmos/pgrb2sp25/{geavg,gespr}.t00z.pgrb2s.0p25.f{060,066,072,078}#statistic=max_t(geavg)+offset;offset_f=+0.0489;raw_f=48.0560;spread=gespr@f078;covered_leads=54-78"
CHI,KMDW,2026-03-04,2026-03-01T00:00:00Z,78,gefs,52.2809,7.3440,"s3://noaa-gefs-pds/gefs.20260301/00/atmos/pgrb2sp25/{geavg,gespr}.t00z.pgrb2s.0p25.f{084,090,096,102}#statistic=max_t(geavg)+offset;offset_f=+0.0489;raw_f=52.2320;spread=gespr@f096;covered_leads=78-102"
LAX,KLAX,2026-03-04,2026-03-04T00:00:00Z,8,gefs,67.8469,0.8280,"s3://noaa-gefs-pds/gefs.20260304/00/atmos/pgrb2sp25/{geavg,gespr}.t00z.pgrb2s.0p25.f{012,018,024,030,033}#statistic=max_t(geavg)+offset;offset_f=+0.0269;raw_f=67.8200;spread=gespr@f024;covered_leads=6-33"
LAX,KLAX,2026-03-04,2026-03-03T00:00:00Z,32,gefs,69.7189,1.2960,"s3://noaa-gefs-pds/gefs.20260303/00/atmos/pgrb2sp25/{geavg,gespr}.t00z.pgrb2s.0p25.f{036,042,048,054,057}#statistic=max_t(geavg)+offset;offset_f=+0.0269;raw_f=69.6920;spread=gespr@f048;covered_leads=30-57"
LAX,KLAX,2026-03-04,2026-03-02T00:00:00Z,56,gefs,71.0509,1.7640,"s3://noaa-gefs-pds/gefs.20260302/00/atmos/pgrb2sp25/{geavg,gespr}.t00z.pgrb2s.0p25.f{060,066,072,078,081}#statistic=max_t(geavg)+offset;offset_f=+0.0269;raw_f=71.0240;spread=gespr@f072;covered_leads=54-81"
LAX,KLAX,2026-03-04,2026-03-01T00:00:00Z,80,gefs,71.3389,1.5120,"s3://noaa-gefs-pds/gefs.20260301/00/atmos/pgrb2sp25/{geavg,gespr}.t00z.pgrb2s.0p25.f{084,090,096,102,105}#statistic=max_t(geavg)+offset;offset_f=+0.0269;raw_f=71.3120;spread=gespr@f096;covered_leads=78-105"
MIA,KMIA,2026-03-04,2026-03-04T00:00:00Z,5,gefs,79.6109,0.4860,"s3://noaa-gefs-pds/gefs.20260304/00/atmos/pgrb2sp25/{geavg,gespr}.t00z.pgrb2s.0p25.f{006,012,018,024,030}#statistic=max_t(geavg)+offset;offset_f=+0.0549;raw_f=79.5560;spread=gespr@f024;covered_leads=0-30"
MIA,KMIA,2026-03-04,2026-03-03T00:00:00Z,29,gefs,79.4669,0.4320,"s3://noaa-gefs-pds/gefs.20260303/00/atmos/pgrb2sp25/{geavg,gespr}.t00z.pgrb2s.0p25.f{030,036,042,048,054}#statistic=max_t(geavg)+offset;offset_f=+0.0549;raw_f=79.4120;spread=gespr@f048;covered_leads=24-54"
MIA,KMIA,2026-03-04,2026-03-02T00:00:00Z,53,gefs,79.2149,0.6300,"s3://noaa-gefs-pds/gefs.20260302/00/atmos/pgrb2sp25/{geavg,gespr}.t00z.pgrb2s.0p25.f{054,060,066,072,078}#statistic=max_t(geavg)+offset;offset_f=+0.0549;raw_f=79.1600;spread=gespr@f072;covered_leads=48-78"
MIA,KMIA,2026-03-04,2026-03-01T00:00:00Z,77,gefs,79.1249,0.8640,"s3://noaa-gefs-pds/gefs.20260301/00/atmos/pgrb2sp25/{geavg,gespr}.t00z.pgrb2s.0p25.f{078,084,090,096,102}#statistic=max_t(geavg)+offset;offset_f=+0.0549;raw_f=79.0700;spread=gespr@f096;covered_leads=72-102"
NY,KNYC,2026-03-04,2026-03-04T00:00:00Z,5,gefs,43.1774,1.3680,"s3://noaa-gefs-pds/gefs.20260304/00/atmos/pgrb2sp25/{geavg,gespr}.t00z.pgrb2s.0p25.f{006,012,018,024,030}#statistic=max_t(geavg)+offset;offset_f=+0.2514;raw_f=42.9260;spread=gespr@f024;covered_leads=0-30"
NY,KNYC,2026-03-04,2026-03-03T00:00:00Z,29,gefs,50.0894,1.7280,"s3://noaa-gefs-pds/gefs.20260303/00/atmos/pgrb2sp25/{geavg,gespr}.t00z.pgrb2s.0p25.f{030,036,042,048,054}#statistic=max_t(geavg)+offset;offset_f=+0.2514;raw_f=49.8380;spread=gespr@f048;covered_leads=24-54"
NY,KNYC,2026-03-04,2026-03-02T00:00:00Z,53,gefs,50.8274,3.8340,"s3://noaa-gefs-pds/gefs.20260302/00/atmos/pgrb2sp25/{geavg,gespr}.t00z.pgrb2s.0p25.f{054,060,066,072,078}#statistic=max_t(geavg)+offset;offset_f=+0.2514;raw_f=50.5760;spread=gespr@f072;covered_leads=48-78"
NY,KNYC,2026-03-04,2026-03-01T00:00:00Z,77,gefs,48.8474,4.3200,"s3://noaa-gefs-pds/gefs.20260301/00/atmos/pgrb2sp25/{geavg,gespr}.t00z.pgrb2s.0p25.f{078,084,090,096,102}#statistic=max_t(geavg)+offset;offset_f=+0.2514;raw_f=48.5960;spread=gespr@f096;covered_leads=72-102"
CHI,KMDW,2026-03-05,2026-03-05T00:00:00Z,6,gefs,49.3649,1.5480,"s3://noaa-gefs-pds/gefs.20260305/00/atmos/pgrb2sp25/{geavg,gespr}.t00z.pgrb2s.0p25.f{012,018,024,030}#statistic=max_t(geavg)+offset;offset_f=+0.0489;raw_f=49.3160;spread=gespr@f024;covered_leads=6-30"
CHI,KMDW,2026-03-05,2026-03-04T00:00:00Z,30,gefs,52.2089,4.0860,"s3://noaa-gefs-pds/gefs.20260304/00/atmos/pgrb2sp25/{geavg,gespr}.t00z.pgrb2s.0p25.f{036,042,048,054}#statistic=max_t(geavg)+offset;offset_f=+0.0489;raw_f=52.1600;spread=gespr@f048;covered_leads=30-54"
CHI,KMDW,2026-03-05,2026-03-03T00:00:00Z,54,gefs,49.3649,3.0420,"s3://noaa-gefs-pds/gefs.20260303/00/atmos/pgrb2sp25/{geavg,gespr}.t00z.pgrb2s.0p25.f{060,066,072,078}#statistic=max_t(geavg)+offset;offset_f=+0.0489;raw_f=49.3160;spread=gespr@f072;covered_leads=54-78"
CHI,KMDW,2026-03-05,2026-03-02T00:00:00Z,78,gefs,53.1269,6.7680,"s3://noaa-gefs-pds/gefs.20260302/00/atmos/pgrb2sp25/{geavg,gespr}.t00z.pgrb2s.0p25.f{084,090,096,102}#statistic=max_t(geavg)+offset;offset_f=+0.0489;raw_f=53.0780;spread=gespr@f096;covered_leads=78-102"
LAX,KLAX,2026-03-05,2026-03-05T00:00:00Z,8,gefs,70.3309,0.9180,"s3://noaa-gefs-pds/gefs.20260305/00/atmos/pgrb2sp25/{geavg,gespr}.t00z.pgrb2s.0p25.f{012,018,024,030,033}#statistic=max_t(geavg)+offset;offset_f=+0.0269;raw_f=70.3040;spread=gespr@f024;covered_leads=6-33"
LAX,KLAX,2026-03-05,2026-03-04T00:00:00Z,32,gefs,70.1869,1.4940,"s3://noaa-gefs-pds/gefs.20260304/00/atmos/pgrb2sp25/{geavg,gespr}.t00z.pgrb2s.0p25.f{036,042,048,054,057}#statistic=max_t(geavg)+offset;offset_f=+0.0269;raw_f=70.1600;spread=gespr@f048;covered_leads=30-57"
LAX,KLAX,2026-03-05,2026-03-03T00:00:00Z,56,gefs,70.0609,1.7640,"s3://noaa-gefs-pds/gefs.20260303/00/atmos/pgrb2sp25/{geavg,gespr}.t00z.pgrb2s.0p25.f{060,066,072,078,081}#statistic=max_t(geavg)+offset;offset_f=+0.0269;raw_f=70.0340;spread=gespr@f072;covered_leads=54-81"
LAX,KLAX,2026-03-05,2026-03-02T00:00:00Z,80,gefs,70.4029,2.5200,"s3://noaa-gefs-pds/gefs.20260302/00/atmos/pgrb2sp25/{geavg,gespr}.t00z.pgrb2s.0p25.f{084,090,096,102,105}#statistic=max_t(geavg)+offset;offset_f=+0.0269;raw_f=70.3760;spread=gespr@f096;covered_leads=78-105"
MIA,KMIA,2026-03-05,2026-03-05T00:00:00Z,5,gefs,79.6649,0.4320,"s3://noaa-gefs-pds/gefs.20260305/00/atmos/pgrb2sp25/{geavg,gespr}.t00z.pgrb2s.0p25.f{006,012,018,024,030}#statistic=max_t(geavg)+offset;offset_f=+0.0549;raw_f=79.6100;spread=gespr@f024;covered_leads=0-30"
MIA,KMIA,2026-03-05,2026-03-04T00:00:00Z,29,gefs,79.8449,0.5760,"s3://noaa-gefs-pds/gefs.20260304/00/atmos/pgrb2sp25/{geavg,gespr}.t00z.pgrb2s.0p25.f{030,036,042,048,054}#statistic=max_t(geavg)+offset;offset_f=+0.0549;raw_f=79.7900;spread=gespr@f048;covered_leads=24-54"
MIA,KMIA,2026-03-05,2026-03-03T00:00:00Z,53,gefs,79.8809,0.4320,"s3://noaa-gefs-pds/gefs.20260303/00/atmos/pgrb2sp25/{geavg,gespr}.t00z.pgrb2s.0p25.f{054,060,066,072,078}#statistic=max_t(geavg)+offset;offset_f=+0.0549;raw_f=79.8260;spread=gespr@f072;covered_leads=48-78"
MIA,KMIA,2026-03-05,2026-03-02T00:00:00Z,77,gefs,79.6469,0.5760,"s3://noaa-gefs-pds/gefs.20260302/00/atmos/pgrb2sp25/{geavg,gespr}.t00z.pgrb2s.0p25.f{078,084,090,096,102}#statistic=max_t(geavg)+offset;offset_f=+0.0549;raw_f=79.5920;spread=gespr@f096;covered_leads=72-102"
NY,KNYC,2026-03-05,2026-03-05T00:00:00Z,5,gefs,39.9914,0.6120,"s3://noaa-gefs-pds/gefs.20260305/00/atmos/pgrb2sp25/{geavg,gespr}.t00z.pgrb2s.0p25.f{006,012,018,024,030}#statistic=max_t(geavg)+offset;offset_f=+0.2514;raw_f=39.7400;spread=gespr@f030;covered_leads=0-30"
NY,KNYC,2026-03-05,2026-03-04T00:00:00Z,29,gefs,40.7474,1.8540,"s3://noaa-gefs-pds/gefs.20260304/00/atmos/pgrb2sp25/{geavg,gespr}.t00z.pgrb2s.0p25.f{030,036,042,048,054}#statistic=max_t(geavg)+offset;offset_f=+0.2514;raw_f=40.4960;spread=gespr@f048;covered_leads=24-54"
NY,KNYC,2026-03-05,2026-03-03T00:00:00Z,53,gefs,49.7474,5.0400,"s3://noaa-gefs-pds/gefs.20260303/00/atmos/pgrb2sp25/{geavg,gespr}.t00z.pgrb2s.0p25.f{054,060,066,072,078}#statistic=max_t(geavg)+offset;offset_f=+0.2514;raw_f=49.4960;spread=gespr@f072;covered_leads=48-78"
NY,KNYC,2026-03-05,2026-03-02T00:00:00Z,77,gefs,55.5254,7.5420,"s3://noaa-gefs-pds/gefs.20260302/00/atmos/pgrb2sp25/{geavg,gespr}.t00z.pgrb2s.0p25.f{078,084,090,096,102}#statistic=max_t(geavg)+offset;offset_f=+0.2514;raw_f=55.2740;spread=gespr@f096;covered_leads=72-102"
CHI,KMDW,2026-03-06,2026-03-06T00:00:00Z,6,gefs,64.3229,2.7900,"s3://noaa-gefs-pds/gefs.20260306/00/atmos/pgrb2sp25/{geavg,gespr}.t00z.pgrb2s.0p25.f{012,018,024,030}#statistic=max_t(geavg)+offset;offset_f=+0.0489;raw_f=64.2740;spread=gespr@f024;covered_leads=6-30"
CHI,KMDW,2026-03-06,2026-03-05T00:00:00Z,30,gefs,68.9669,2.5200,"s3://noaa-gefs-pds/gefs.20260305/00/atmos/pgrb2sp25/{geavg,gespr}.t00z.pgrb2s.0p25.f{036,042,048,054}#statistic=max_t(geavg)+offset;offset_f=+0.0489;raw_f=68.9180;spread=gespr@f048;covered_leads=30-54"
CHI,KMDW,2026-03-06,2026-03-04T00:00:00Z,54,gefs,70.0469,2.5200,"s3://noaa-gefs-pds/gefs.20260304/00/atmos/pgrb2sp25/{geavg,gespr}.t00z.pgrb2s.0p25.f{060,066,072,078}#statistic=max_t(geavg)+offset;offset_f=+0.0489;raw_f=69.9980;spread=gespr@f072;covered_leads=54-78"
CHI,KMDW,2026-03-06,2026-03-03T00:00:00Z,78,gefs,65.6189,3.7260,"s3://noaa-gefs-pds/gefs.20260303/00/atmos/pgrb2sp25/{geavg,gespr}.t00z.pgrb2s.0p25.f{084,090,096,102}#statistic=max_t(geavg)+offset;offset_f=+0.0489;raw_f=65.5700;spread=gespr@f096;covered_leads=78-102"
LAX,KLAX,2026-03-06,2026-03-06T00:00:00Z,8,gefs,70.9789,0.5400,"s3://noaa-gefs-pds/gefs.20260306/00/atmos/pgrb2sp25/{geavg,gespr}.t00z.pgrb2s.0p25.f{012,018,024,030,033}#statistic=max_t(geavg)+offset;offset_f=+0.0269;raw_f=70.9520;spread=gespr@f024;covered_leads=6-33"
LAX,KLAX,2026-03-06,2026-03-05T00:00:00Z,32,gefs,70.8709,0.7740,"s3://noaa-gefs-pds/gefs.20260305/00/atmos/pgrb2sp25/{geavg,gespr}.t00z.pgrb2s.0p25.f{036,042,048,054,057}#statistic=max_t(geavg)+offset;offset_f=+0.0269;raw_f=70.8440;spread=gespr@f048;covered_leads=30-57"
LAX,KLAX,2026-03-06,2026-03-04T00:00:00Z,56,gefs,70.9789,1.3320,"s3://noaa-gefs-pds/gefs.20260304/00/atmos/pgrb2sp25/{geavg,gespr}.t00z.pgrb2s.0p25.f{060,066,072,078,081}#statistic=max_t(geavg)+offset;offset_f=+0.0269;raw_f=70.9520;spread=gespr@f072;covered_leads=54-81"
LAX,KLAX,2026-03-06,2026-03-03T00:00:00Z,80,gefs,70.6009,1.7460,"s3://noaa-gefs-pds/gefs.20260303/00/atmos/pgrb2sp25/{geavg,gespr}.t00z.pgrb2s.0p25.f{084,090,096,102,105}#statistic=max_t(geavg)+offset;offset_f=+0.0269;raw_f=70.5740;spread=gespr@f096;covered_leads=78-105"
MIA,KMIA,2026-03-06,2026-03-06T00:00:00Z,5,gefs,80.3309,0.7020,"s3://noaa-gefs-pds/gefs.20260306/00/atmos/pgrb2sp25/{geavg,gespr}.t00z.pgrb2s.0p25.f{006,012,018,024,030}#statistic=max_t(geavg)+offset;offset_f=+0.0549;raw_f=80.2760;spread=gespr@f024;covered_leads=0-30"
MIA,KMIA,2026-03-06,2026-03-05T00:00:00Z,29,gefs,79.8089,0.6840,"s3://noaa-gefs-pds/gefs.20260305/00/atmos/pgrb2sp25/{geavg,gespr}.t00z.pgrb2s.0p25.f{030,036,042,048,054}#statistic=max_t(geavg)+offset;offset_f=+0.0549;raw_f=79.7540;spread=gespr@f048;covered_leads=24-54"
MIA,KMIA,2026-03-06,2026-03-04T00:00:00Z,53,gefs,79.7909,0.6840,"s3://noaa-gefs-pds/gefs.20260304/00/atmos/pgrb2sp25/{geavg,gespr}.t00z.pgrb2s.0p25.f{054,060,066,072,078}#statistic=max_t(geavg)+offset;offset_f=+0.0549;raw_f=79.7360;spread=gespr@f072;covered_leads=48-78"
MIA,KMIA,2026-03-06,2026-03-03T00:00:00Z,77,gefs,79.7909,0.5940,"s3://noaa-gefs-pds/gefs.20260303/00/atmos/pgrb2sp25/{geavg,gespr}.t00z.pgrb2s.0p25.f{078,084,090,096,102}#statistic=max_t(geavg)+offset;offset_f=+0.0549;raw_f=79.7360;spread=gespr@f096;covered_leads=72-102"
NY,KNYC,2026-03-06,2026-03-06T00:00:00Z,5,gefs,45.7514,1.4220,"s3://noaa-gefs-pds/gefs.20260306/00/atmos/pgrb2sp25/{geavg,gespr}.t00z.pgrb2s.0p25.f{006,012,018,024,030}#statistic=max_t(geavg)+offset;offset_f=+0.2514;raw_f=45.5000;spread=gespr@f024;covered_leads=0-30"
NY,KNYC,2026-03-06,2026-03-05T00:00:00Z,29,gefs,43.7714,2.2320,"s3://noaa-gefs-pds/gefs.20260305/00/atmos/pgrb2sp25/{geavg,gespr}.t00z.pgrb2s.0p25.f{030,036,042,048,054}#statistic=max_t(geavg)+offset;offset_f=+0.2514;raw_f=43.5200;spread=gespr@f048;covered_leads=24-54"
NY,KNYC,2026-03-06,2026-03-04T00:00:00Z,53,gefs,44.6174,3.2220,"s3://noaa-gefs-pds/gefs.20260304/00/atmos/pgrb2sp25/{geavg,gespr}.t00z.pgrb2s.0p25.f{054,060,066,072,078}#statistic=max_t(geavg)+offset;offset_f=+0.2514;raw_f=44.3660;spread=gespr@f072;covered_leads=48-78"
NY,KNYC,2026-03-06,2026-03-03T00:00:00Z,77,gefs,49.2794,6.3180,"s3://noaa-gefs-pds/gefs.20260303/00/atmos/pgrb2sp25/{geavg,gespr}.t00z.pgrb2s.0p25.f{078,084,090,096,102}#statistic=max_t(geavg)+offset;offset_f=+0.2514;raw_f=49.0280;spread=gespr@f090;covered_leads=72-102"
CHI,KMDW,2026-03-07,2026-03-07T00:00:00Z,6,gefs,63.7109,1.3320,"s3://noaa-gefs-pds/gefs.20260307/00/atmos/pgrb2sp25/{geavg,gespr}.t00z.pgrb2s.0p25.f{012,018,024,030}#statistic=max_t(geavg)+offset;offset_f=+0.0489;raw_f=63.6620;spread=gespr@f018;covered_leads=6-30"
CHI,KMDW,2026-03-07,2026-03-06T00:00:00Z,30,gefs,67.4909,2.3940,"s3://noaa-gefs-pds/gefs.20260306/00/atmos/pgrb2sp25/{geavg,gespr}.t00z.pgrb2s.0p25.f{036,042,048,054}#statistic=max_t(geavg)+offset;offset_f=+0.0489;raw_f=67.4420;spread=gespr@f042;covered_leads=30-54"
CHI,KMDW,2026-03-07,2026-03-05T00:00:00Z,54,gefs,64.3409,3.7800,"s3://noaa-gefs-pds/gefs.20260305/00/atmos/pgrb2sp25/{geavg,gespr}.t00z.pgrb2s.0p25.f{060,066,072,078}#statistic=max_t(geavg)+offset;offset_f=+0.0489;raw_f=64.2920;spread=gespr@f066;covered_leads=54-78"
CHI,KMDW,2026-03-07,2026-03-04T00:00:00Z,78,gefs,64.4669,1.3680,"s3://noaa-gefs-pds/gefs.20260304/00/atmos/pgrb2sp25/{geavg,gespr}.t00z.pgrb2s.0p25.f{084,090,096,102}#statistic=max_t(geavg)+offset;offset_f=+0.0489;raw_f=64.4180;spread=gespr@f084;covered_leads=78-102"
LAX,KLAX,2026-03-07,2026-03-07T00:00:00Z,8,gefs,72.5269,0.6480,"s3://noaa-gefs-pds/gefs.20260307/00/atmos/pgrb2sp25/{geavg,gespr}.t00z.pgrb2s.0p25.f{012,018,024,030,033}#statistic=max_t(geavg)+offset;offset_f=+0.0269;raw_f=72.5000;spread=gespr@f024;covered_leads=6-33"
LAX,KLAX,2026-03-07,2026-03-06T00:00:00Z,32,gefs,72.8869,0.9360,"s3://noaa-gefs-pds/gefs.20260306/00/atmos/pgrb2sp25/{geavg,gespr}.t00z.pgrb2s.0p25.f{036,042,048,054,057}#statistic=max_t(geavg)+offset;offset_f=+0.0269;raw_f=72.8600;spread=gespr@f048;covered_leads=30-57"
LAX,KLAX,2026-03-07,2026-03-05T00:00:00Z,56,gefs,72.8149,1.0080,"s3://noaa-gefs-pds/gefs.20260305/00/atmos/pgrb2sp25/{geavg,gespr}.t00z.pgrb2s.0p25.f{060,066,072,078,081}#statistic=max_t(geavg)+offset;offset_f=+0.0269;raw_f=72.7880;spread=gespr@f072;covered_leads=54-81"
LAX,KLAX,2026-03-07,2026-03-04T00:00:00Z,80,gefs,72.2929,1.6560,"s3://noaa-gefs-pds/gefs.20260304/00/atmos/pgrb2sp25/{geavg,gespr}.t00z.pgrb2s.0p25.f{084,090,096,102,105}#statistic=max_t(geavg)+offset;offset_f=+0.0269;raw_f=72.2660;spread=gespr@f096;covered_leads=78-105"
MIA,KMIA,2026-03-07,2026-03-07T00:00:00Z,5,gefs,79.9169,0.5400,"s3://noaa-gefs-pds/gefs.20260307/00/atmos/pgrb2sp25/{geavg,gespr}.t00z.pgrb2s.0p25.f{006,012,018,024,030}#statistic=max_t(geavg)+offset;offset_f=+0.0549;raw_f=79.8620;spread=gespr@f018;covered_leads=0-30"
MIA,KMIA,2026-03-07,2026-03-06T00:00:00Z,29,gefs,79.6109,0.7560,"s3://noaa-gefs-pds/gefs.20260306/00/atmos/pgrb2sp25/{geavg,gespr}.t00z.pgrb2s.0p25.f{030,036,042,048,054}#statistic=max_t(geavg)+offset;offset_f=+0.0549;raw_f=79.5560;spread=gespr@f048;covered_leads=24-54"
MIA,KMIA,2026-03-07,2026-03-05T00:00:00Z,53,gefs,79.4669,0.5400,"s3://noaa-gefs-pds/gefs.20260305/00/atmos/pgrb2sp25/{geavg,gespr}.t00z.pgrb2s.0p25.f{054,060,066,072,078}#statistic=max_t(geavg)+offset;offset_f=+0.0549;raw_f=79.4120;spread=gespr@f072;covered_leads=48-78"
MIA,KMIA,2026-03-07,2026-03-04T00:00:00Z,77,gefs,79.5749,0.6300,"s3://noaa-gefs-pds/gefs.20260304/00/atmos/pgrb2sp25/{geavg,gespr}.t00z.pgrb2s.0p25.f{078,084,090,096,102}#statistic=max_t(geavg)+offset;offset_f=+0.0549;raw_f=79.5200;spread=gespr@f096;covered_leads=72-102"
NY,KNYC,2026-03-07,2026-03-07T00:00:00Z,5,gefs,54.9494,1.9980,"s3://noaa-gefs-pds/gefs.20260307/00/atmos/pgrb2sp25/{geavg,gespr}.t00z.pgrb2s.0p25.f{006,012,018,024,030}#statistic=max_t(geavg)+offset;offset_f=+0.2514;raw_f=54.6980;spread=gespr@f030;covered_leads=0-30"
NY,KNYC,2026-03-07,2026-03-06T00:00:00Z,29,gefs,55.5614,2.1240,"s3://noaa-gefs-pds/gefs.20260306/00/atmos/pgrb2sp25/{geavg,gespr}.t00z.pgrb2s.0p25.f{030,036,042,048,054}#statistic=max_t(geavg)+offset;offset_f=+0.2514;raw_f=55.3100;spread=gespr@f054;covered_leads=24-54"
NY,KNYC,2026-03-07,2026-03-05T00:00:00Z,53,gefs,56.4794,2.1960,"s3://noaa-gefs-pds/gefs.20260305/00/atmos/pgrb2sp25/{geavg,gespr}.t00z.pgrb2s.0p25.f{054,060,066,072,078}#statistic=max_t(geavg)+offset;offset_f=+0.2514;raw_f=56.2280;spread=gespr@f078;covered_leads=48-78"
NY,KNYC,2026-03-07,2026-03-04T00:00:00Z,77,gefs,59.0354,3.5280,"s3://noaa-gefs-pds/gefs.20260304/00/atmos/pgrb2sp25/{geavg,gespr}.t00z.pgrb2s.0p25.f{078,084,090,096,102}#statistic=max_t(geavg)+offset;offset_f=+0.2514;raw_f=58.7840;spread=gespr@f102;covered_leads=72-102"
CHI,KMDW,2026-03-08,2026-03-08T00:00:00Z,6,gefs,58.8509,1.4220,"s3://noaa-gefs-pds/gefs.20260308/00/atmos/pgrb2sp25/{geavg,gespr}.t00z.pgrb2s.0p25.f{012,018,024,030}#statistic=max_t(geavg)+offset;offset_f=+0.0489;raw_f=58.8020;spread=gespr@f024;covered_leads=6-30"
CHI,KMDW,2026-03-08,2026-03-07T00:00:00Z,30,gefs,59.4809,1.6020,"s3://noaa-gefs-pds/gefs.20260307/00/atmos/pgrb2sp25/{geavg,gespr}.t00z.pgrb2s.0p25.f{036,042,048,054}#statistic=max_t(geavg)+offset;offset_f=+0.0489;raw_f=59.4320;spread=gespr@f048;covered_leads=30-54"
CHI,KMDW,2026-03-08,2026-03-06T00:00:00Z,54,gefs,58.7069,1.9080,"s3://noaa-gefs-pds/gefs.20260306/00/atmos/pgrb2sp25/{geavg,gespr}.t00z.pgrb2s.0p25.f{060,066,072,078}#statistic=max_t(geavg)+offset;offset_f=+0.0489;raw_f=58.6580;spread=gespr@f072;covered_leads=54-78"
CHI,KMDW,2026-03-08,2026-03-05T00:00:00Z,78,gefs,58.0409,1.9260,"s3://noaa-gefs-pds/gefs.20260305/00/atmos/pgrb2sp25/{geavg,gespr}.t00z.pgrb2s.0p25.f{084,090,096,102}#statistic=max_t(geavg)+offset;offset_f=+0.0489;raw_f=57.9920;spread=gespr@f096;covered_leads=78-102"
LAX,KLAX,2026-03-08,2026-03-08T00:00:00Z,8,gefs,79.5289,0.5220,"s3://noaa-gefs-pds/gefs.20260308/00/atmos/pgrb2sp25/{geavg,gespr}.t00z.pgrb2s.0p25.f{012,018,024,030,033}#statistic=max_t(geavg)+offset;offset_f=+0.0269;raw_f=79.5020;spread=gespr@f024;covered_leads=6-33"
LAX,KLAX,2026-03-08,2026-03-07T00:00:00Z,32,gefs,78.9349,0.7920,"s3://noaa-gefs-pds/gefs.20260307/00/atmos/pgrb2sp25/{geavg,gespr}.t00z.pgrb2s.0p25.f{036,042,048,054,057}#statistic=max_t(geavg)+offset;offset_f=+0.0269;raw_f=78.9080;spread=gespr@f048;covered_leads=30-57"
LAX,KLAX,2026-03-08,2026-03-06T00:00:00Z,56,gefs,77.6569,1.2780,"s3://noaa-gefs-pds/gefs.20260306/00/atmos/pgrb2sp25/{geavg,gespr}.t00z.pgrb2s.0p25.f{060,066,072,078,081}#statistic=max_t(geavg)+offset;offset_f=+0.0269;raw_f=77.6300;spread=gespr@f072;covered_leads=54-81"
LAX,KLAX,2026-03-08,2026-03-05T00:00:00Z,80,gefs,77.4589,1.4400,"s3://noaa-gefs-pds/gefs.20260305/00/atmos/pgrb2sp25/{geavg,gespr}.t00z.pgrb2s.0p25.f{084,090,096,102,105}#statistic=max_t(geavg)+offset;offset_f=+0.0269;raw_f=77.4320;spread=gespr@f096;covered_leads=78-105"
MIA,KMIA,2026-03-08,2026-03-08T00:00:00Z,5,gefs,80.7449,0.4860,"s3://noaa-gefs-pds/gefs.20260308/00/atmos/pgrb2sp25/{geavg,gespr}.t00z.pgrb2s.0p25.f{006,012,018,024,030}#statistic=max_t(geavg)+offset;offset_f=+0.0549;raw_f=80.6900;spread=gespr@f024;covered_leads=0-30"
MIA,KMIA,2026-03-08,2026-03-07T00:00:00Z,29,gefs,80.4389,0.5760,"s3://noaa-gefs-pds/gefs.20260307/00/atmos/pgrb2sp25/{geavg,gespr}.t00z.pgrb2s.0p25.f{030,036,042,048,054}#statistic=max_t(geavg)+offset;offset_f=+0.0549;raw_f=80.3840;spread=gespr@f048;covered_leads=24-54"
MIA,KMIA,2026-03-08,2026-03-06T00:00:00Z,53,gefs,80.3129,0.5760,"s3://noaa-gefs-pds/gefs.20260306/00/atmos/pgrb2sp25/{geavg,gespr}.t00z.pgrb2s.0p25.f{054,060,066,072,078}#statistic=max_t(geavg)+offset;offset_f=+0.0549;raw_f=80.2580;spread=gespr@f072;covered_leads=48-78"
MIA,KMIA,2026-03-08,2026-03-05T00:00:00Z,77,gefs,79.6289,0.8100,"s3://noaa-gefs-pds/gefs.20260305/00/atmos/pgrb2sp25/{geavg,gespr}.t00z.pgrb2s.0p25.f{078,084,090,096,102}#statistic=max_t(geavg)+offset;offset_f=+0.0549;raw_f=79.5740;spread=gespr@f096;covered_leads=72-102"
NY,KNYC,2026-03-08,2026-03-08T00:00:00Z,5,gefs,64.8674,1.9980,"s3://noaa-gefs-pds/gefs.20260308/00/atmos/pgrb2sp25/{geavg,gespr}.t00z.pgrb2s.0p25.f{006,012,018,024,030}#statistic=max_t(geavg)+offset;offset_f=+0.2514;raw_f=64.6160;spread=gespr@f024;covered_leads=0-30"
NY,KNYC,2026-03-08,2026-03-07T00:00:00Z,29,gefs,63.2114,2.5020,"s3://noaa-gefs-pds/gefs.20260307/00/atmos/pgrb2sp25/{geavg,gespr}.t00z.pgrb2s.0p25.f{030,036,042,048,054}#statistic=max_t(geavg)+offset;offset_f=+0.2514;raw_f=62.9600;spread=gespr@f042;covered_leads=24-54"
NY,KNYC,2026-03-08,2026-03-06T00:00:00Z,53,gefs,64.0754,4.2120,"s3://noaa-gefs-pds/gefs.20260306/00/atmos/pgrb2sp25/{geavg,gespr}.t00z.pgrb2s.0p25.f{054,060,066,072,078}#statistic=max_t(geavg)+offset;offset_f=+0.2514;raw_f=63.8240;spread=gespr@f066;covered_leads=48-78"
NY,KNYC,2026-03-08,2026-03-05T00:00:00Z,77,gefs,57.7934,4.4280,"s3://noaa-gefs-pds/gefs.20260305/00/atmos/pgrb2sp25/{geavg,gespr}.t00z.pgrb2s.0p25.f{078,084,090,096,102}#statistic=max_t(geavg)+offset;offset_f=+0.2514;raw_f=57.5420;spread=gespr@f096;covered_leads=72-102"
CHI,KMDW,2026-03-09,2026-03-09T00:00:00Z,5,gefs,65.7269,1.3680,"s3://noaa-gefs-pds/gefs.20260309/00/atmos/pgrb2sp25/{geavg,gespr}.t00z.pgrb2s.0p25.f{006,012,018,024,030}#statistic=max_t(geavg)+offset;offset_f=+0.0489;raw_f=65.6780;spread=gespr@f024;covered_leads=0-30"
CHI,KMDW,2026-03-09,2026-03-08T00:00:00Z,29,gefs,66.8429,2.0160,"s3://noaa-gefs-pds/gefs.20260308/00/atmos/pgrb2sp25/{geavg,gespr}.t00z.pgrb2s.0p25.f{030,036,042,048,054}#statistic=max_t(geavg)+offset;offset_f=+0.0489;raw_f=66.7940;spread=gespr@f048;covered_leads=24-54"
CHI,KMDW,2026-03-09,2026-03-07T00:00:00Z,53,gefs,66.6269,1.5480,"s3://noaa-gefs-pds/gefs.20260307/00/atmos/pgrb2sp25/{geavg,gespr}.t00z.pgrb2s.0p25.f{054,060,066,072,078}#statistic=max_t(geavg)+offset;offset_f=+0.0489;raw_f=66.5780;spread=gespr@f072;covered_leads=48-78"
CHI,KMDW,2026-03-09,2026-03-06T00:00:00Z,77,gefs,63.6209,2.6820,"s3://noaa-gefs-pds/gefs.20260306/00/atmos/pgrb2sp25/{geavg,gespr}.t00z.pgrb2s.0p25.f{078,084,090,096,102}#statistic=max_t(geavg)+offset;offset_f=+0.0489;raw_f=63.5720;spread=gespr@f096;covered_leads=72-102"
LAX,KLAX,2026-03-09,2026-03-09T00:00:00Z,7,gefs,70.0789,0.7020,"s3://noaa-gefs-pds/gefs.20260309/00/atmos/pgrb2sp25/{geavg,gespr}.t00z.pgrb2s.0p25.f{012,018,024,030,033}#statistic=max_t(geavg)+offset;offset_f=+0.0269;raw_f=70.0520;spread=gespr@f012;covered_leads=6-33"
LAX,KLAX,2026-03-09,2026-03-08T00:00:00Z,31,gefs,68.7829,1.7640,"s3://noaa-gefs-pds/gefs.20260308/00/atmos/pgrb2sp25/{geavg,gespr}.t00z.pgrb2s.0p25.f{036,042,048,054,057}#statistic=max_t(geavg)+offset;offset_f=+0.0269;raw_f=68.7560;spread=gespr@f036;covered_leads=30-57"
LAX,KLAX,2026-03-09,2026-03-07T00:00:00Z,55,gefs,68.0809,2.0880,"s3://noaa-gefs-pds/gefs.20260307/00/atmos/pgrb2sp25/{geavg,gespr}.t00z.pgrb2s.0p25.f{060,066,072,078,081}#statistic=max_t(geavg)+offset;offset_f=+0.0269;raw_f=68.0540;spread=gespr@f060;covered_leads=54-81"
LAX,KLAX,2026-03-09,2026-03-06T00:00:00Z,79,gefs,73.3549,3.2220,"s3://noaa-gefs-pds/gefs.20260306/00/atmos/pgrb2sp25/{geavg,gespr}.t00z.pgrb2s.0p25.f{084,090,096,102,105}#statistic=max_t(geavg)+offset;offset_f=+0.0269;raw_f=73.3280;spread=gespr@f096;covered_leads=78-105"
MIA,KMIA,2026-03-09,2026-03-09T00:00:00Z,4,gefs,81.8069,0.9720,"s3://noaa-gefs-pds/gefs.20260309/00/atmos/pgrb2sp25/{geavg,gespr}.t00z.pgrb2s.0p25.f{006,012,018,024,030}#statistic=max_t(geavg)+offset;offset_f=+0.0549;raw_f=81.7520;spread=gespr@f024;covered_leads=0-30"
MIA,KMIA,2026-03-09,2026-03-08T00:00:00Z,28,gefs,81.3569,0.9000,"s3://noaa-gefs-pds/gefs.20260308/00/atmos/pgrb2sp25/{geavg,gespr}.t00z.pgrb2s.0p25.f{030,036,042,048,054}#statistic=max_t(geavg)+offset;offset_f=+0.0549;raw_f=81.3020;spread=gespr@f048;covered_leads=24-54"
MIA,KMIA,2026-03-09,2026-03-07T00:00:00Z,52,gefs,80.7089,0.7920,"s3://noaa-gefs-pds/gefs.20260307/00/atmos/pgrb2sp25/{geavg,gespr}.t00z.pgrb2s.0p25.f{054,060,066,072,078}#statistic=max_t(geavg)+offset;offset_f=+0.0549;raw_f=80.6540;spread=gespr@f072;covered_leads=48-78"
MIA,KMIA,2026-03-09,2026-03-06T00:00:00Z,76,gefs,80.4569,0.7020,"s3://noaa-gefs-pds/gefs.20260306/00/atmos/pgrb2sp25/{geavg,gespr}.t00z.pgrb2s.0p25.f{078,084,090,096,102}#statistic=max_t(geavg)+offset;offset_f=+0.0549;raw_f=80.4020;spread=gespr@f096;covered_leads=72-102"
NY,KNYC,2026-03-09,2026-03-09T00:00:00Z,4,gefs,66.0374,0.7920,"s3://noaa-gefs-pds/gefs.20260309/00/atmos/pgrb2sp25/{geavg,gespr}.t00z.pgrb2s.0p25.f{006,012,018,024,030}#statistic=max_t(geavg)+offset;offset_f=+0.2514;raw_f=65.7860;spread=gespr@f024;covered_leads=0-30"
NY,KNYC,2026-03-09,2026-03-08T00:00:00Z,28,gefs,65.2094,1.3140,"s3://noaa-gefs-pds/gefs.20260308/00/atmos/pgrb2sp25/{geavg,gespr}.t00z.pgrb2s.0p25.f{030,036,042,048,054}#statistic=max_t(geavg)+offset;offset_f=+0.2514;raw_f=64.9580;spread=gespr@f048;covered_leads=24-54"
NY,KNYC,2026-03-09,2026-03-07T00:00:00Z,52,gefs,64.4174,1.4760,"s3://noaa-gefs-pds/gefs.20260307/00/atmos/pgrb2sp25/{geavg,gespr}.t00z.pgrb2s.0p25.f{054,060,066,072,078}#statistic=max_t(geavg)+offset;offset_f=+0.2514;raw_f=64.1660;spread=gespr@f072;covered_leads=48-78"
NY,KNYC,2026-03-09,2026-03-06T00:00:00Z,76,gefs,63.8234,1.7100,"s3://noaa-gefs-pds/gefs.20260306/00/atmos/pgrb2sp25/{geavg,gespr}.t00z.pgrb2s.0p25.f{078,084,090,096,102}#statistic=max_t(geavg)+offset;offset_f=+0.2514;raw_f=63.5720;spread=gespr@f096;covered_leads=72-102"
CHI,KMDW,2026-03-10,2026-03-10T00:00:00Z,5,gefs,62.8109,0.3420,"s3://noaa-gefs-pds/gefs.20260310/00/atmos/pgrb2sp25/{geavg,gespr}.t00z.pgrb2s.0p25.f{006,012,018,024,030}#statistic=max_t(geavg)+offset;offset_f=+0.0489;raw_f=62.7620;spread=gespr@f006;covered_leads=0-30"
CHI,KMDW,2026-03-10,2026-03-09T00:00:00Z,29,gefs,61.8389,1.2960,"s3://noaa-gefs-pds/gefs.20260309/00/atmos/pgrb2sp25/{geavg,gespr}.t00z.pgrb2s.0p25.f{030,036,042,048,054}#statistic=max_t(geavg)+offset;offset_f=+0.0489;raw_f=61.7900;spread=gespr@f030;covered_leads=24-54"
CHI,KMDW,2026-03-10,2026-03-08T00:00:00Z,53,gefs,62.8289,1.3500,"s3://noaa-gefs-pds/gefs.20260308/00/atmos/pgrb2sp25/{geavg,gespr}.t00z.pgrb2s.0p25.f{054,060,066,072,078}#statistic=max_t(geavg)+offset;offset_f=+0.0489;raw_f=62.7800;spread=gespr@f054;covered_leads=48-78"
CHI,KMDW,2026-03-10,2026-03-07T00:00:00Z,77,gefs,62.4869,1.1520,"s3://noaa-gefs-pds/gefs.20260307/00/atmos/pgrb2sp25/{geavg,gespr}.t00z.pgrb2s.0p25.f{078,084,090,096,102}#statistic=max_t(geavg)+offset;offset_f=+0.0489;raw_f=62.4380;spread=gespr@f078;covered_leads=72-102"
LAX,KLAX,2026-03-10,2026-03-10T00:00:00Z,7,gefs,64.3549,0.9720,"s3://noaa-gefs-pds/gefs.20260310/00/atmos/pgrb2sp25/{geavg,gespr}.t00z.pgrb2s.0p25.f{012,018,024,030,033}#statistic=max_t(geavg)+offset;offset_f=+0.0269;raw_f=64.3280;spread=gespr@f024;covered_leads=6-33"
LAX,KLAX,2026-03-10,2026-03-09T00:00:00Z,31,gefs,64.7689,0.8100,"s3://noaa-gefs-pds/gefs.20260309/00/atmos/pgrb2sp25/{geavg,gespr}.t00z.pgrb2s.0p25.f{036,042,048,054,057}#statistic=max_t(geavg)+offset;offset_f=+0.0269;raw_f=64.7420;spread=gespr@f048;covered_leads=30-57"
LAX,KLAX,2026-03-10,2026-03-08T00:00:00Z,55,gefs,63.8329,1.3320,"s3://noaa-gefs-pds/gefs.20260308/00/atmos/pgrb2sp25/{geavg,gespr}.t00z.pgrb2s.0p25.f{060,066,072,078,081}#statistic=max_t(geavg)+offset;offset_f=+0.0269;raw_f=63.8060;spread=gespr@f072;covered_leads=54-81"
LAX,KLAX,2026-03-10,2026-03-07T00:00:00Z,79,gefs,64.0309,1.4580,"s3://noaa-gefs-pds/gefs.20260307/00/atmos/pgrb2sp25/{geavg,gespr}.t00z.pgrb2s.0p25.f{084,090,096,102,105}#statistic=max_t(geavg)+offset;offset_f=+0.0269;raw_f=64.0040;spread=gespr@f096;covered_leads=78-105"
MIA,KMIA,2026-03-10,2026-03-10T00:00:00Z,4,gefs,80.9069,0.6840,"s3://noaa-gefs-pds/gefs.20260310/00/atmos/pgrb2sp25/{geavg,gespr}.t00z.pgrb2s.0p25.f{006,012,018,024,030}#statistic=max_t(geavg)+offset;offset_f=+0.0549;raw_f=80.8520;spread=gespr@f024;covered_leads=0-30"
MIA,KMIA,2026-03-10,2026-03-09T00:00:00Z,28,gefs,80.7269,0.9360,"s3://noaa-gefs-pds/gefs.20260309/00/atmos/pgrb2sp25/{geavg,gespr}.t00z.pgrb2s.0p25.f{030,036,042,048,054}#statistic=max_t(geavg)+offset;offset_f=+0.0549;raw_f=80.6720;spread=gespr@f048;covered_leads=24-54"
MIA,KMIA,2026-03-10,2026-03-08T00:00:00Z,52,gefs,80.6909,0.8820,"s3://noaa-gefs-pds/gefs.20260308/00/atmos/pgrb2sp25/{geavg,gespr}.t00z.pgrb2s.0p25.f{054,060,066,072,078}#statistic=max_t(geavg)+offset;offset_f=+0.0549;raw_f=80.6360;spread=gespr@f072;covered_leads=48-78"
MIA,KMIA,2026-03-10,2026-03-07T00:00:00Z,76,gefs,79.9349,0.8280,"s3://noaa-gefs-pds/gefs.20260307/00/atmos/pgrb2sp25/{geavg,gespr}.t00z.pgrb2s.0p25.f{078,084,090,096,102}#statistic=max_t(geavg)+offset;offset_f=+0.0549;raw_f=79.8800;spread=gespr@f096;covered_leads=72-102"
NY,KNYC,2026-03-10,2026-03-10T00:00:00Z,4,gefs,72.3914,0.6660,"s3://noaa-gefs-pds/gefs.20260310/00/atmos/pgrb2sp25/{geavg,gespr}.t00z.pgrb2s.0p25.f{006,012,018,024,030}#statistic=max_t(geavg)+offset;offset_f=+0.2514;raw_f=72.1400;spread=gespr@f024;covered_leads=0-30"
NY,KNYC,2026-03-10,2026-03-09T00:00:00Z,28,gefs,70.9874,1.2060,"s3://noaa-gefs-pds/gefs.20260309/00/atmos/pgrb2sp25/{geavg,gespr}.t00z.pgrb2s.0p25.f{030,036,042,048,054}#statistic=max_t(geavg)+offset;offset_f=+0.2514;raw_f=70.7360;spread=gespr@f048;covered_leads=24-54"
NY,KNYC,2026-03-10,2026-03-08T00:00:00Z,52,gefs,69.8534,1.9800,"s3://noaa-gefs-pds/gefs.20260308/00/atmos/pgrb2sp25/{geavg,gespr}.t00z.pgrb2s.0p25.f{054,060,066,072,078}#statistic=max_t(geavg)+offset;offset_f=+0.2514;raw_f=69.6020;spread=gespr@f072;covered_leads=48-78"
NY,KNYC,2026-03-10,2026-03-07T00:00:00Z,76,gefs,68.7554,1.7820,"s3://noaa-gefs-pds/gefs.20260307/00/atmos/pgrb2sp25/{geavg,gespr}.t00z.pgrb2s.0p25.f{078,084,090,096,102}#statistic=max_t(geavg)+offset;offset_f=+0.2514;raw_f=68.5040;spread=gespr@f096;covered_leads=72-102"
CHI,KMDW,2026-03-11,2026-03-11T00:00:00Z,5,gefs,57.5369,3.8340,"s3://noaa-gefs-pds/gefs.20260311/00/atmos/pgrb2sp25/{geavg,gespr}.t00z.pgrb2s.0p25.f{006,012,018,024,030}#statistic=max_t(geavg)+offset;offset_f=+0.0489;raw_f=57.4880;spread=gespr@f006;covered_leads=0-30"
CHI,KMDW,2026-03-11,2026-03-10T00:00:00Z,29,gefs,62.6489,4.2480,"s3://noaa-gefs-pds/gefs.20260310/00/atmos/pgrb2sp25/{geavg,gespr}.t00z.pgrb2s.0p25.f{030,036,042,048,054}#statistic=max_t(geavg)+offset;offset_f=+0.0489;raw_f=62.6000;spread=gespr@f030;covered_leads=24-54"
CHI,KMDW,2026-03-11,2026-03-09T00:00:00Z,53,gefs,55.9349,7.1640,"s3://noaa-gefs-pds/gefs.20260309/00/atmos/pgrb2sp25/{geavg,gespr}.t00z.pgrb2s.0p25.f{054,060,066,072,078}#statistic=max_t(geavg)+offset;offset_f=+0.0489;raw_f=55.8860;spread=gespr@f054;covered_leads=48-78"
CHI,KMDW,2026-03-11,2026-03-08T00:00:00Z,77,gefs,58.2929,6.8940,"s3://noaa-gefs-pds/gefs.20260308/00/atmos/pgrb2sp25/{geavg,gespr}.t00z.pgrb2s.0p25.f{078,084,090,096,102}#statistic=max_t(geavg)+offset;offset_f=+0.0489;raw_f=58.2440;spread=gespr@f078;covered_leads=72-102"
LAX,KLAX,2026-03-11,2026-03-11T00:00:00Z,7,gefs,71.9509,0.9360,"s3://noaa-gefs-pds/gefs.20260311/00/atmos/pgrb2sp25/{geavg,gespr}.t00z.pgrb2s.0p25.f{012,018,024,030,033}#statistic=max_t(geavg)+offset;offset_f=+0.0269;raw_f=71.9240;spread=gespr@f030;covered_leads=6-33"
LAX,KLAX,2026-03-11,2026-03-10T00:00:00Z,31,gefs,71.2669,1.0080,"s3://noaa-gefs-pds/gefs.20260310/00/atmos/pgrb2sp25/{geavg,gespr}.t00z.pgrb2s.0p25.f{036,042,048,054,057}#statistic=max_t(geavg)+offset;offset_f=+0.0269;raw_f=71.2400;spread=gespr@f054;covered_leads=30-57"
LAX,KLAX,2026-03-11,2026-03-09T00:00:00Z,55,gefs,71.4289,1.0980,"s3://noaa-gefs-pds/gefs.20260309/00/atmos/pgrb2sp25/{geavg,gespr}.t00z.pgrb2s.0p25.f{060,066,072,078,081}#statistic=max_t(geavg)+offset;offset_f=+0.0269;raw_f=71.4020;spread=gespr@f078;covered_leads=54-81"
LAX,KLAX,2026-03-11,2026-03-08T00:00:00Z,79,gefs,71.7889,2.7900,"s3://noaa-gefs-pds/gefs.20260308/00/atmos/pgrb2sp25/{geavg,gespr}.t00z.pgrb2s.0p25.f{084,090,096,102,105}#statistic=max_t(geavg)+offset;offset_f=+0.0269;raw_f=71.7620;spread=gespr@f102;covered_leads=78-105"
MIA,KMIA,2026-03-11,2026-03-11T00:00:00Z,4,gefs,81.0689,0.8820,"s3://noaa-gefs-pds/gefs.20260311/00/atmos/pgrb2sp25/{geavg,gespr}.t00z.pgrb2s.0p25.f{006,012,018,024,030}#statistic=max_t(geavg)+offset;offset_f=+0.0549;raw_f=81.0140;spread=gespr@f024;covered_leads=0-30"
MIA,KMIA,2026-03-11,2026-03-10T00:00:00Z,28,gefs,80.7809,0.8100,"s3://noaa-gefs-pds/gefs.20260310/00/atmos/pgrb2sp25/{geavg,gespr}.t00z.pgrb2s.0p25.f{030,036,042,048,054}#statistic=max_t(geavg)+offset;offset_f=+0.0549;raw_f=80.7260;spread=gespr@f048;covered_leads=24-54"
MIA,KMIA,2026-03-11,2026-03-09T00:00:00Z,52,gefs,80.4569,0.8280,"s3://noaa-gefs-pds/gefs.20260309/00/atmos/pgrb2sp25/{geavg,gespr}.t00z.pgrb2s.0p25.f{054,060,066,072,078}#statistic=max_t(geavg)+offset;offset_f=+0.0549;raw_f=80.4020;spread=gespr@f072;covered_leads=48-78"
MIA,KMIA,2026-03-11,2026-03-08T00:00:00Z,76,gefs,79.9709,0.9720,"s3://noaa-gefs-pds/gefs.20260308/00/atmos/pgrb2sp25/{geavg,gespr}.t00z.pgrb2s.0p25.f{078,084,090,096,102}#statistic=max_t(geavg)+offset;offset_f=+0.0549;raw_f=79.9160;spread=gespr@f096;covered_leads=72-102"
NY,KNYC,2026-03-11,2026-03-11T00:00:00Z,4,gefs,69.8354,3.2940,"s3://noaa-gefs-pds/gefs.20260311/00/atmos/pgrb2sp25/{geavg,gespr}.t00z.pgrb2s.0p25.f{006,012,018,024,030}#statistic=max_t(geavg)+offset;offset_f=+0.2514;raw_f=69.5840;spread=gespr@f024;covered_leads=0-30"
NY,KNYC,2026-03-11,2026-03-10T00:00:00Z,28,gefs,69.7454,2.5380,"s3://noaa-gefs-pds/gefs.20260310/00/atmos/pgrb2sp25/{geavg,gespr}.t00z.pgrb2s.0p25.f{030,036,042,048,054}#statistic=max_t(geavg)+offset;offset_f=+0.2514;raw_f=69.4940;spread=gespr@f048;covered_leads=24-54"
NY,KNYC,2026-03-11,2026-03-09T00:00:00Z,52,gefs,69.2594,3.3840,"s3://noaa-gefs-pds/gefs.20260309/00/atmos/pgrb2sp25/{geavg,gespr}.t00z.pgrb2s.0p25.f{054,060,066,072,078}#statistic=max_t(geavg)+offset;offset_f=+0.2514;raw_f=69.0080;spread=gespr@f072;covered_leads=48-78"
NY,KNYC,2026-03-11,2026-03-08T00:00:00Z,76,gefs,66.5774,4.7880,"s3://noaa-gefs-pds/gefs.20260308/00/atmos/pgrb2sp25/{geavg,gespr}.t00z.pgrb2s.0p25.f{078,084,090,096,102}#statistic=max_t(geavg)+offset;offset_f=+0.2514;raw_f=66.3260;spread=gespr@f096;covered_leads=72-102"
CHI,KMDW,2026-03-12,2026-03-12T00:00:00Z,5,gefs,45.9809,1.4400,"s3://noaa-gefs-pds/gefs.20260312/00/atmos/pgrb2sp25/{geavg,gespr}.t00z.pgrb2s.0p25.f{006,012,018,024,030}#statistic=max_t(geavg)+offset;offset_f=+0.0489;raw_f=45.9320;spread=gespr@f024;covered_leads=0-30"
CHI,KMDW,2026-03-12,2026-03-11T00:00:00Z,29,gefs,45.9809,1.9980,"s3://noaa-gefs-pds/gefs.20260311/00/atmos/pgrb2sp25/{geavg,gespr}.t00z.pgrb2s.0p25.f{030,036,042,048,054}#statistic=max_t(geavg)+offset;offset_f=+0.0489;raw_f=45.9320;spread=gespr@f048;covered_leads=24-54"
CHI,KMDW,2026-03-12,2026-03-10T00:00:00Z,53,gefs,47.5109,2.8080,"s3://noaa-gefs-pds/gefs.20260310/00/atmos/pgrb2sp25/{geavg,gespr}.t00z.pgrb2s.0p25.f{054,060,066,072,078}#statistic=max_t(geavg)+offset;offset_f=+0.0489;raw_f=47.4620;spread=gespr@f072;covered_leads=48-78"
CHI,KMDW,2026-03-12,2026-03-09T00:00:00Z,77,gefs,46.3049,3.1500,"s3://noaa-gefs-pds/gefs.20260309/00/atmos/pgrb2sp25/{geavg,gespr}.t00z.pgrb2s.0p25.f{078,084,090,096,102}#statistic=max_t(geavg)+offset;offset_f=+0.0489;raw_f=46.2560;spread=gespr@f096;covered_leads=72-102"
LAX,KLAX,2026-03-12,2026-03-12T00:00:00Z,7,gefs,84.5869,0.3600,"s3://noaa-gefs-pds/gefs.20260312/00/atmos/pgrb2sp25/{geavg,gespr}.t00z.pgrb2s.0p25.f{012,018,024,030,033}#statistic=max_t(geavg)+offset;offset_f=+0.0269;raw_f=84.5600;spread=gespr@f024;covered_leads=6-33"
LAX,KLAX,2026-03-12,2026-03-11T00:00:00Z,31,gefs,83.8489,0.7020,"s3://noaa-gefs-pds/gefs.20260311/00/atmos/pgrb2sp25/{geavg,gespr}.t00z.pgrb2s.0p25.f{036,042,048,054,057}#statistic=max_t(geavg)+offset;offset_f=+0.0269;raw_f=83.8220;spread=gespr@f048;covered_leads=30-57"
LAX,KLAX,2026-03-12,2026-03-10T00:00:00Z,55,gefs,83.6509,0.6300,"s3://noaa-gefs-pds/gefs.20260310/00/atmos/pgrb2sp25/{geavg,gespr}.t00z.pgrb2s.0p25.f{060,066,072,078,081}#statistic=max_t(geavg)+offset;offset_f=+0.0269;raw_f=83.6240;spread=gespr@f072;covered_leads=54-81"
LAX,KLAX,2026-03-12,2026-03-09T00:00:00Z,79,gefs,83.1829,1.0260,"s3://noaa-gefs-pds/gefs.20260309/00/atmos/pgrb2sp25/{geavg,gespr}.t00z.pgrb2s.0p25.f{084,090,096,102,105}#statistic=max_t(geavg)+offset;offset_f=+0.0269;raw_f=83.1560;spread=gespr@f096;covered_leads=78-105"
MIA,KMIA,2026-03-12,2026-03-12T00:00:00Z,4,gefs,82.5989,0.5940,"s3://noaa-gefs-pds/gefs.20260312/00/atmos/pgrb2sp25/{geavg,gespr}.t00z.pgrb2s.0p25.f{006,012,018,024,030}#statistic=max_t(geavg)+offset;offset_f=+0.0549;raw_f=82.5440;spread=gespr@f024;covered_leads=0-30"
MIA,KMIA,2026-03-12,2026-03-11T00:00:00Z,28,gefs,82.7969,1.4040,"s3://noaa-gefs-pds/gefs.20260311/00/atmos/pgrb2sp25/{geavg,gespr}.t00z.pgrb2s.0p25.f{030,036,042,048,054}#statistic=max_t(geavg)+offset;offset_f=+0.0549;raw_f=82.7420;spread=gespr@f048;covered_leads=24-54"
MIA,KMIA,2026-03-12,2026-03-10T00:00:00Z,52,gefs,82.0229,1.4400,"s3://noaa-gefs-pds/gefs.20260310/00/atmos/pgrb2sp25/{geavg,gespr}.t00z.pgrb2s.0p25.f{054,060,066,072,078}#statistic=max_t(geavg)+offset;offset_f=+0.0549;raw_f=81.9680;spread=gespr@f072;covered_leads=48-78"
MIA,KMIA,2026-03-12,2026-03-09T00:00:00Z,76,gefs,81.1949,1.5120,"s3://noaa-gefs-pds/gefs.20260309/00/atmos/pgrb2sp25/{geavg,gespr}.t00z.pgrb2s.0p25.f{078,084,090,096,102}#statistic=max_t(geavg)+offset;offset_f=+0.0549;raw_f=81.1400;spread=gespr@f096;covered_leads=72-102"
NY,KNYC,2026-03-12,2026-03-12T00:00:00Z,4,gefs,67.3154,1.8180,"s3://noaa-gefs-pds/gefs.20260312/00/atmos/pgrb2sp25/{geavg,gespr}.t00z.pgrb2s.0p25.f{006,012,018,024,030}#statistic=max_t(geavg)+offset;offset_f=+0.2514;raw_f=67.0640;spread=gespr@f012;covered_leads=0-30"
NY,KNYC,2026-03-12,2026-03-11T00:00:00Z,28,gefs,67.5854,2.3760,"s3://noaa-gefs-pds/gefs.20260311/00/atmos/pgrb2sp25/{geavg,gespr}.t00z.pgrb2s.0p25.f{030,036,042,048,054}#statistic=max_t(geavg)+offset;offset_f=+0.2514;raw_f=67.3340;spread=gespr@f030;covered_leads=24-54"
NY,KNYC,2026-03-12,2026-03-10T00:00:00Z,52,gefs,67.4774,3.3120,"s3://noaa-gefs-pds/gefs.20260310/00/atmos/pgrb2sp25/{geavg,gespr}.t00z.pgrb2s.0p25.f{054,060,066,072,078}#statistic=max_t(geavg)+offset;offset_f=+0.2514;raw_f=67.2260;spread=gespr@f054;covered_leads=48-78"
NY,KNYC,2026-03-12,2026-03-09T00:00:00Z,76,gefs,67.1534,2.6460,"s3://noaa-gefs-pds/gefs.20260309/00/atmos/pgrb2sp25/{geavg,gespr}.t00z.pgrb2s.0p25.f{078,084,090,096,102}#statistic=max_t(geavg)+offset;offset_f=+0.2514;raw_f=66.9020;spread=gespr@f078;covered_leads=72-102"
CHI,KMDW,2026-03-13,2026-03-13T00:00:00Z,5,gefs,47.0429,1.5120,"s3://noaa-gefs-pds/gefs.20260313/00/atmos/pgrb2sp25/{geavg,gespr}.t00z.pgrb2s.0p25.f{006,012,018,024,030}#statistic=max_t(geavg)+offset;offset_f=+0.0489;raw_f=46.9940;spread=gespr@f024;covered_leads=0-30"
CHI,KMDW,2026-03-13,2026-03-12T00:00:00Z,29,gefs,48.0689,1.7820,"s3://noaa-gefs-pds/gefs.20260312/00/atmos/pgrb2sp25/{geavg,gespr}.t00z.pgrb2s.0p25.f{030,036,042,048,054}#statistic=max_t(geavg)+offset;offset_f=+0.0489;raw_f=48.0200;spread=gespr@f036;covered_leads=24-54"
CHI,KMDW,2026-03-13,2026-03-11T00:00:00Z,53,gefs,48.5549,2.2320,"s3://noaa-gefs-pds/gefs.20260311/00/atmos/pgrb2sp25/{geavg,gespr}.t00z.pgrb2s.0p25.f{054,060,066,072,078}#statistic=max_t(geavg)+offset;offset_f=+0.0489;raw_f=48.5060;spread=gespr@f060;covered_leads=48-78"
CHI,KMDW,2026-03-13,2026-03-10T00:00:00Z,77,gefs,48.6809,2.1420,"s3://noaa-gefs-pds/gefs.20260310/00/atmos/pgrb2sp25/{geavg,gespr}.t00z.pgrb2s.0p25.f{078,084,090,096,102}#statistic=max_t(geavg)+offset;offset_f=+0.0489;raw_f=48.6320;spread=gespr@f084;covered_leads=72-102"
LAX,KLAX,2026-03-13,2026-03-13T00:00:00Z,7,gefs,82.5349,0.3960,"s3://noaa-gefs-pds/gefs.20260313/00/atmos/pgrb2sp25/{geavg,gespr}.t00z.pgrb2s.0p25.f{012,018,024,030,033}#statistic=max_t(geavg)+offset;offset_f=+0.0269;raw_f=82.5080;spread=gespr@f024;covered_leads=6-33"
LAX,KLAX,2026-03-13,2026-03-12T00:00:00Z,31,gefs,82.1749,0.6120,"s3://noaa-gefs-pds/gefs.20260312/00/atmos/pgrb2sp25/{geavg,gespr}.t00z.pgrb2s.0p25.f{036,042,048,054,057}#statistic=max_t(geavg)+offset;offset_f=+0.0269;raw_f=82.1480;spread=gespr@f048;covered_leads=30-57"
LAX,KLAX,2026-03-13,2026-03-11T00:00:00Z,55,gefs,81.1309,1.0620,"s3://noaa-gefs-pds/gefs.20260311/00/atmos/pgrb2sp25/{geavg,gespr}.t00z.pgrb2s.0p25.f{060,066,072,078,081}#statistic=max_t(geavg)+offset;offset_f=+0.0269;raw_f=81.1040;spread=gespr@f072;covered_leads=54-81"
LAX,KLAX,2026-03-13,2026-03-10T00:00:00Z,79,gefs,82.6609,0.7920,"s3://noaa-gefs-pds/gefs.20260310/00/atmos/pgrb2sp25/{geavg,gespr}.t00z.pgrb2s.0p25.f{084,090,096,102,105}#statistic=max_t(geavg)+offset;offset_f=+0.0269;raw_f=82.6340;spread=gespr@f096;covered_leads=78-105"
MIA,KMIA,2026-03-13,2026-03-13T00:00:00Z,4,gefs,81.3749,0.7560,"s3://noaa-gefs-pds/gefs.20260313/00/atmos/pgrb2sp25/{geavg,gespr}.t00z.pgrb2s.0p25.f{006,012,018,024,030}#statistic=max_t(geavg)+offset;offset_f=+0.0549;raw_f=81.3200;spread=gespr@f024;covered_leads=0-30"
MIA,KMIA,2026-03-13,2026-03-12T00:00:00Z,28,gefs,81.6809,1.0980,"s3://noaa-gefs-pds/gefs.20260312/00/atmos/pgrb2sp25/{geavg,gespr}.t00z.pgrb2s.0p25.f{030,036,042,048,054}#statistic=max_t(geavg)+offset;offset_f=+0.0549;raw_f=81.6260;spread=gespr@f048;covered_leads=24-54"
MIA,KMIA,2026-03-13,2026-03-11T00:00:00Z,52,gefs,81.6989,1.1700,"s3://noaa-gefs-pds/gefs.20260311/00/atmos/pgrb2sp25/{geavg,gespr}.t00z.pgrb2s.0p25.f{054,060,066,072,078}#statistic=max_t(geavg)+offset;offset_f=+0.0549;raw_f=81.6440;spread=gespr@f072;covered_leads=48-78"
MIA,KMIA,2026-03-13,2026-03-10T00:00:00Z,76,gefs,81.1409,1.6380,"s3://noaa-gefs-pds/gefs.20260310/00/atmos/pgrb2sp25/{geavg,gespr}.t00z.pgrb2s.0p25.f{078,084,090,096,102}#statistic=max_t(geavg)+offset;offset_f=+0.0549;raw_f=81.0860;spread=gespr@f096;covered_leads=72-102"
NY,KNYC,2026-03-13,2026-03-13T00:00:00Z,4,gefs,46.6514,1.6200,"s3://noaa-gefs-pds/gefs.20260313/00/atmos/pgrb2sp25/{geavg,gespr}.t00z.pgrb2s.0p25.f{006,012,018,024,030}#statistic=max_t(geavg)+offset;offset_f=+0.2514;raw_f=46.4000;spread=gespr@f030;covered_leads=0-30"
NY,KNYC,2026-03-13,2026-03-12T00:00:00Z,28,gefs,48.6494,1.2240,"s3://noaa-gefs-pds/gefs.20260312/00/atmos/pgrb2sp25/{geavg,gespr}.t00z.pgrb2s.0p25.f{030,036,042,048,054}#statistic=max_t(geavg)+offset;offset_f=+0.2514;raw_f=48.3980;spread=gespr@f054;covered_leads=24-54"
NY,KNYC,2026-03-13,2026-03-11T00:00:00Z,52,gefs,49.0094,1.9260,"s3://noaa-gefs-pds/gefs.20260311/00/atmos/pgrb2sp25/{geavg,gespr}.t00z.pgrb2s.0p25.f{054,060,066,072,078}#statistic=max_t(geavg)+offset;offset_f=+0.2514;raw_f=48.7580;spread=gespr@f078;covered_leads=48-78"
NY,KNYC,2026-03-13,2026-03-10T00:00:00Z,76,gefs,48.8114,2.8620,"s3://noaa-gefs-pds/gefs.20260310/00/atmos/pgrb2sp25/{geavg,gespr}.t00z.pgrb2s.0p25.f{078,084,090,096,102}#statistic=max_t(geavg)+offset;offset_f=+0.2514;raw_f=48.5600;spread=gespr@f102;covered_leads=72-102"
CHI,KMDW,2026-03-14,2026-03-14T00:00:00Z,5,gefs,43.1909,0.9540,"s3://noaa-gefs-pds/gefs.20260314/00/atmos/pgrb2sp25/{geavg,gespr}.t00z.pgrb2s.0p25.f{006,012,018,024,030}#statistic=max_t(geavg)+offset;offset_f=+0.0489;raw_f=43.1420;spread=gespr@f006;covered_leads=0-30"
CHI,KMDW,2026-03-14,2026-03-13T00:00:00Z,29,gefs,42.3629,2.1420,"s3://noaa-gefs-pds/gefs.20260313/00/atmos/pgrb2sp25/{geavg,gespr}.t00z.pgrb2s.0p25.f{030,036,042,048,054}#statistic=max_t(geavg)+offset;offset_f=+0.0489;raw_f=42.3140;spread=gespr@f030;covered_leads=24-54"
CHI,KMDW,2026-03-14,2026-03-12T00:00:00Z,53,gefs,42.6689,2.4840,"s3://noaa-gefs-pds/gefs.20260312/00/atmos/pgrb2sp25/{geavg,gespr}.t00z.pgrb2s.0p25.f{054,060,066,072,078}#statistic=max_t(geavg)+offset;offset_f=+0.0489;raw_f=42.6200;spread=gespr@f054;covered_leads=48-78"
CHI,KMDW,2026-03-14,2026-03-11T00:00:00Z,77,gefs,41.1569,2.4840,"s3://noaa-gefs-pds/gefs.20260311/00/atmos/pgrb2sp25/{geavg,gespr}.t00z.pgrb2s.0p25.f{078,084,090,096,102}#statistic=max_t(geavg)+offset;offset_f=+0.0489;raw_f=41.1080;spread=gespr@f078;covered_leads=72-102"
LAX,KLAX,2026-03-14,2026-03-14T00:00:00Z,7,gefs,75.4969,0.5400,"s3://noaa-gefs-pds/gefs.20260314/00/atmos/pgrb2sp25/{geavg,gespr}.t00z.pgrb2s.0p25.f{012,018,024,030,033}#statistic=max_t(geavg)+offset;offset_f=+0.0269;raw_f=75.4700;spread=gespr@f024;covered_leads=6-33"
LAX,KLAX,2026-03-14,2026-03-13T00:00:00Z,31,gefs,75.4429,0.7200,"s3://noaa-gefs-pds/gefs.20260313/00/atmos/pgrb2sp25/{geavg,gespr}.t00z.pgrb2s.0p25.f{036,042,048,054,057}#statistic=max_t(geavg)+offset;offset_f=+0.0269;raw_f=75.4160;spread=gespr@f048;covered_leads=30-57"
LAX,KLAX,2026-03-14,2026-03-12T00:00:00Z,55,gefs,75.4969,1.2420,"s3://noaa-gefs-pds/gefs.20260312/00/atmos/pgrb2sp25/{geavg,gespr}.t00z.pgrb2s.0p25.f{060,066,072,078,081}#statistic=max_t(geavg)+offset;offset_f=+0.0269;raw_f=75.4700;spread=gespr@f072;covered_leads=54-81"
LAX,KLAX,2026-03-14,2026-03-11T00:00:00Z,79,gefs,74.7769,1.2600,"s3://noaa-gefs-pds/gefs.20260311/00/atmos/pgrb2sp25/{geavg,gespr}.t00z.pgrb2s.0p25.f{084,090,096,102,105}#statistic=max_t(geavg)+offset;offset_f=+0.0269;raw_f=74.7500;spread=gespr@f096;covered_leads=78-105"
MIA,KMIA,2026-03-14,2026-03-14T00:00:00Z,4,gefs,82.5449,0.5400,"s3://noaa-gefs-pds/gefs.20260314/00/atmos/pgrb2sp25/{geavg,gespr}.t00z.pgrb2s.0p25.f{006,012,018,024,030}#statistic=max_t(geavg)+offset;offset_f=+0.0549;raw_f=82.4900;spread=gespr@f024;covered_leads=0-30"
MIA,KMIA,2026-03-14,2026-03-13T00:00:00Z,28,gefs,81.7889,0.7560,"s3://noaa-gefs-pds/gefs.20260313/00/atmos/pgrb2sp25/{geavg,gespr}.t00z.pgrb2s.0p25.f{030,036,042,048,054}#statistic=max_t(geavg)+offset;offset_f=+0.0549;raw_f=81.7340;spread=gespr@f048;covered_leads=24-54"
MIA,KMIA,2026-03-14,2026-03-12T00:00:00Z,52,gefs,81.4649,0.9000,"s3://noaa-gefs-pds/gefs.20260312/00/atmos/pgrb2sp25/{geavg,gespr}.t00z.pgrb2s.0p25.f{054,060,066,072,078}#statistic=max_t(geavg)+offset;offset_f=+0.0549;raw_f=81.4100;spread=gespr@f066;covered_leads=48-78"
MIA,KMIA,2026-03-14,2026-03-11T00:00:00Z,76,gefs,80.9249,1.4400,"s3://noaa-gefs-pds/gefs.20260311/00/atmos/pgrb2sp25/{geavg,gespr}.t00z.pgrb2s.0p25.f{078,084,090,096,102}#statistic=max_t(geavg)+offset;offset_f=+0.0549;raw_f=80.8700;spread=gespr@f096;covered_leads=72-102"
NY,KNYC,2026-03-14,2026-03-14T00:00:00Z,4,gefs,49.4414,1.9800,"s3://noaa-gefs-pds/gefs.20260314/00/atmos/pgrb2sp25/{geavg,gespr}.t00z.pgrb2s.0p25.f{006,012,018,024,030}#statistic=max_t(geavg)+offset;offset_f=+0.2514;raw_f=49.1900;spread=gespr@f024;covered_leads=0-30"
NY,KNYC,2026-03-14,2026-03-13T00:00:00Z,28,gefs,47.9834,2.5920,"s3://noaa-gefs-pds/gefs.20260313/00/atmos/pgrb2sp25/{geavg,gespr}.t00z.pgrb2s.0p25.f{030,036,042,048,054}#statistic=max_t(geavg)+offset;offset_f=+0.2514;raw_f=47.7320;spread=gespr@f048;covered_leads=24-54"
NY,KNYC,2026-03-14,2026-03-12T00:00:00Z,52,gefs,48.6494,1.2240,"s3://noaa-gefs-pds/gefs.20260312/00/atmos/pgrb2sp25/{geavg,gespr}.t00z.pgrb2s.0p25.f{054,060,066,072,078}#statistic=max_t(geavg)+offset;offset_f=+0.2514;raw_f=48.3980;spread=gespr@f054;covered_leads=48-78"
NY,KNYC,2026-03-14,2026-03-11T00:00:00Z,76,gefs,49.0094,1.9260,"s3://noaa-gefs-pds/gefs.20260311/00/atmos/pgrb2sp25/{geavg,gespr}.t00z.pgrb2s.0p25.f{078,084,090,096,102}#statistic=max_t(geavg)+offset;offset_f=+0.2514;raw_f=48.7580;spread=gespr@f078;covered_leads=72-102"
CHI,KMDW,2026-03-15,2026-03-15T00:00:00Z,5,gefs,59.3189,1.8000,"s3://noaa-gefs-pds/gefs.20260315/00/atmos/pgrb2sp25/{geavg,gespr}.t00z.pgrb2s.0p25.f{006,012,018,024,030}#statistic=max_t(geavg)+offset;offset_f=+0.0489;raw_f=59.2700;spread=gespr@f024;covered_leads=0-30"
CHI,KMDW,2026-03-15,2026-03-14T00:00:00Z,29,gefs,60.9389,2.3400,"s3://noaa-gefs-pds/gefs.20260314/00/atmos/pgrb2sp25/{geavg,gespr}.t00z.pgrb2s.0p25.f{030,036,042,048,054}#statistic=max_t(geavg)+offset;offset_f=+0.0489;raw_f=60.8900;spread=gespr@f048;covered_leads=24-54"
CHI,KMDW,2026-03-15,2026-03-13T00:00:00Z,53,gefs,61.1189,2.7000,"s3://noaa-gefs-pds/gefs.20260313/00/atmos/pgrb2sp25/{geavg,gespr}.t00z.pgrb2s.0p25.f{054,060,066,072,078}#statistic=max_t(geavg)+offset;offset_f=+0.0489;raw_f=61.0700;spread=gespr@f072;covered_leads=48-78"
CHI,KMDW,2026-03-15,2026-03-12T00:00:00Z,77,gefs,56.0789,6.6600,"s3://noaa-gefs-pds/gefs.20260312/00/atmos/pgrb2sp25/{geavg,gespr}.t00z.pgrb2s.0p25.f{078,084,090,096,102}#statistic=max_t(geavg)+offset;offset_f=+0.0489;raw_f=56.0300;spread=gespr@f096;covered_leads=72-102"
LAX,KLAX,2026-03-15,2026-03-15T00:00:00Z,7,gefs,75.4969,0.7200,"s3://noaa-gefs-pds/gefs.20260315/00/atmos/pgrb2sp25/{geavg,gespr}.t00z.pgrb2s.0p25.f{012,018,024,030,033}#statistic=max_t(geavg)+offset;offset_f=+0.0269;raw_f=75.4700;spread=gespr@f024;covered_leads=6-33"
LAX,KLAX,2026-03-15,2026-03-14T00:00:00Z,31,gefs,75.8569,1.0800,"s3://noaa-gefs-pds/gefs.20260314/00/atmos/pgrb2sp25/{geavg,gespr}.t00z.pgrb2s.0p25.f{036,042,048,054,057}#statistic=max_t(geavg)+offset;offset_f=+0.0269;raw_f=75.8300;spread=gespr@f048;covered_leads=30-57"
LAX,KLAX,2026-03-15,2026-03-13T00:00:00Z,55,gefs,77.1169,1.6200,"s3://noaa-gefs-pds/gefs.20260313/00/atmos/pgrb2sp25/{geavg,gespr}.t00z.pgrb2s.0p25.f{060,066,072,078,081}#statistic=max_t(geavg)+offset;offset_f=+0.0269;raw_f=77.0900;spread=gespr@f072;covered_leads=54-81"
LAX,KLAX,2026-03-15,2026-03-12T00:00:00Z,79,gefs,76.9369,1.8000,"s3://noaa-gefs-pds/gefs.20260312/00/atmos/pgrb2sp25/{geavg,gespr}.t00z.pgrb2s.0p25.f{084,090,096,102,105}#statistic=max_t(geavg)+offset;offset_f=+0.0269;raw_f=76.9100;spread=gespr@f096;covered_leads=78-105"
MIA,KMIA,2026-03-15,2026-03-15T00:00:00Z,4,gefs,80.5649,0.5400,"s3://noaa-gefs-pds/gefs.20260315/00/atmos/pgrb2sp25/{geavg,gespr}.t00z.pgrb2s.0p25.f{006,012,018,024,030}#statistic=max_t(geavg)+offset;offset_f=+0.0549;raw_f=80.5100;spread=gespr@f018;covered_leads=0-30"
MIA,KMIA,2026-03-15,2026-03-14T00:00:00Z,28,gefs,80.2049,1.0800,"s3://noaa-gefs-pds/gefs.20260314/00/atmos/pgrb2sp25/{geavg,gespr}.t00z.pgrb2s.0p25.f{030,036,042,048,054}#statistic=max_t(geavg)+offset;offset_f=+0.0549;raw_f=80.1500;spread=gespr@f042;covered_leads=24-54"
MIA,KMIA,2026-03-15,2026-03-13T00:00:00Z,52,gefs,80.7449,1.0800,"s3://noaa-gefs-pds/gefs.20260313/00/atmos/pgrb2sp25/{geavg,gespr}.t00z.pgrb2s.0p25.f{054,060,066,072,078}#statistic=max_t(geavg)+offset;offset_f=+0.0549;raw_f=80.6900;spread=gespr@f066;covered_leads=48-78"
MIA,KMIA,2026-03-15,2026-03-12T00:00:00Z,76,gefs,80.0249,1.4400,"s3://noaa-gefs-pds/gefs.20260312/00/atmos/pgrb2sp25/{geavg,gespr}.t00z.pgrb2s.0p25.f{078,084,090,096,102}#statistic=max_t(geavg)+offset;offset_f=+0.0549;raw_f=79.9700;spread=gespr@f090;covered_leads=72-102"
NY,KNYC,2026-03-15,2026-03-15T00:00:00Z,4,gefs,48.6854,1.3500,"s3://noaa-gefs-pds/gefs.20260315/00/atmos/pgrb2sp25/{geavg,gespr}.t00z.pgrb2s.0p25.f{006,012,018,024,030}#statistic=max_t(geavg)+offset;offset_f=+0.2514;raw_f=48.4340;spread=gespr@f030;covered_leads=0-30"
NY,KNYC,2026-03-15,2026-03-14T00:00:00Z,28,gefs,48.0014,1.6200,"s3://noaa-gefs-pds/gefs.20260314/00/atmos/pgrb2sp25/{geavg,gespr}.t00z.pgrb2s.0p25.f{030,036,042,048,054}#statistic=max_t(geavg)+offset;offset_f=+0.2514;raw_f=47.7500;spread=gespr@f054;covered_leads=24-54"
NY,KNYC,2026-03-15,2026-03-13T00:00:00Z,52,gefs,47.4614,1.9800,"s3://noaa-gefs-pds/gefs.20260313/00/atmos/pgrb2sp25/{geavg,gespr}.t00z.pgrb2s.0p25.f{054,060,066,072,078}#statistic=max_t(geavg)+offset;offset_f=+0.2514;raw_f=47.2100;spread=gespr@f078;covered_leads=48-78"
NY,KNYC,2026-03-15,2026-03-12T00:00:00Z,76,gefs,47.4614,2.7000,"s3://noaa-gefs-pds/gefs.20260312/00/atmos/pgrb2sp25/{geavg,gespr}.t00z.pgrb2s.0p25.f{078,084,090,096,102}#statistic=max_t(geavg)+offset;offset_f=+0.2514;raw_f=47.2100;spread=gespr@f102;covered_leads=72-102"
CHI,KMDW,2026-03-16,2026-03-16T00:00:00Z,5,gefs,42.4529,2.2320,"s3://noaa-gefs-pds/gefs.20260316/00/atmos/pgrb2sp25/{geavg,gespr}.t00z.pgrb2s.0p25.f{006,012,018,024,030}#statistic=max_t(geavg)+offset;offset_f=+0.0489;raw_f=42.4040;spread=gespr@f006;covered_leads=0-30"
CHI,KMDW,2026-03-16,2026-03-15T00:00:00Z,29,gefs,57.4469,1.4220,"s3://noaa-gefs-pds/gefs.20260315/00/atmos/pgrb2sp25/{geavg,gespr}.t00z.pgrb2s.0p25.f{030,036,042,048,054}#statistic=max_t(geavg)+offset;offset_f=+0.0489;raw_f=57.3980;spread=gespr@f030;covered_leads=24-54"
CHI,KMDW,2026-03-16,2026-03-14T00:00:00Z,53,gefs,53.7389,5.4000,"s3://noaa-gefs-pds/gefs.20260314/00/atmos/pgrb2sp25/{geavg,gespr}.t00z.pgrb2s.0p25.f{054,060,066,072,078}#statistic=max_t(geavg)+offset;offset_f=+0.0489;raw_f=53.6900;spread=gespr@f054;covered_leads=48-78"
CHI,KMDW,2026-03-16,2026-03-13T00:00:00Z,77,gefs,57.5189,6.1200,"s3://noaa-gefs-pds/gefs.20260313/00/atmos/pgrb2sp25/{geavg,gespr}.t00z.pgrb2s.0p25.f{078,084,090,096,102}#statistic=max_t(geavg)+offset;offset_f=+0.0489;raw_f=57.4700;spread=gespr@f078;covered_leads=72-102"
LAX,KLAX,2026-03-16,2026-03-16T00:00:00Z,7,gefs,80.1769,0.9000,"s3://noaa-gefs-pds/gefs.20260316/00/atmos/pgrb2sp25/{geavg,gespr}.t00z.pgrb2s.0p25.f{012,018,024,030,033}#statistic=max_t(geavg)+offset;offset_f=+0.0269;raw_f=80.1500;spread=gespr@f024;covered_leads=6-33"
LAX,KLAX,2026-03-16,2026-03-15T00:00:00Z,31,gefs,81.4369,1.2600,"s3://noaa-gefs-pds/gefs.20260315/00/atmos/pgrb2sp25/{geavg,gespr}.t00z.pgrb2s.0p25.f{036,042,048,054,057}#statistic=max_t(geavg)+offset;offset_f=+0.0269;raw_f=81.4100;spread=gespr@f048;covered_leads=30-57"
LAX,KLAX,2026-03-16,2026-03-14T00:00:00Z,55,gefs,82.3369,1.8000,"s3://noaa-gefs-pds/gefs.20260314/00/atmos/pgrb2sp25/{geavg,gespr}.t00z.pgrb2s.0p25.f{060,066,072,078,081}#statistic=max_t(geavg)+offset;offset_f=+0.0269;raw_f=82.3100;spread=gespr@f072;covered_leads=54-81"
LAX,KLAX,2026-03-16,2026-03-13T00:00:00Z,79,gefs,82.5169,1.6200,"s3://noaa-gefs-pds/gefs.20260313/00/atmos/pgrb2sp25/{geavg,gespr}.t00z.pgrb2s.0p25.f{084,090,096,102,105}#statistic=max_t(geavg)+offset;offset_f=+0.0269;raw_f=82.4900;spread=gespr@f096;covered_leads=78-105"
MIA,KMIA,2026-03-16,2026-03-16T00:00:00Z,4,gefs,83.6249,1.0800,"s3://noaa-gefs-pds/gefs.20260316/00/atmos/pgrb2sp25/{geavg,gespr}.t00z.pgrb2s.0p25.f{006,012,018,024,030}#statistic=max_t(geavg)+offset;offset_f=+0.0549;raw_f=83.5700;spread=gespr@f024;covered_leads=0-30"
MIA,KMIA,2026-03-16,2026-03-15T00:00:00Z,28,gefs,84.5249,1.0800,"s3://noaa-gefs-pds/gefs.20260315/00/atmos/pgrb2sp25/{geavg,gespr}.t00z.pgrb2s.0p25.f{030,036,042,048,054}#statistic=max_t(geavg)+offset;offset_f=+0.0549;raw_f=84.4700;spread=gespr@f048;covered_leads=24-54"
MIA,KMIA,2026-03-16,2026-03-14T00:00:00Z,52,gefs,83.9849,1.0800,"s3://noaa-gefs-pds/gefs.20260314/00/atmos/pgrb2sp25/{geavg,gespr}.t00z.pgrb2s.0p25.f{054,060,066,072,078}#statistic=max_t(geavg)+offset;offset_f=+0.0549;raw_f=83.9300;spread=gespr@f072;covered_leads=48-78"
MIA,KMIA,2026-03-16,2026-03-13T00:00:00Z,76,gefs,83.2649,1.4400,"s3://noaa-gefs-pds/gefs.20260313/00/atmos/pgrb2sp25/{geavg,gespr}.t00z.pgrb2s.0p25.f{078,084,090,096,102}#statistic=max_t(geavg)+offset;offset_f=+0.0549;raw_f=83.2100;spread=gespr@f096;covered_leads=72-102"
NY,KNYC,2026-03-16,2026-03-16T00:00:00Z,4,gefs,61.5014,1.9800,"s3://noaa-gefs-pds/gefs.20260316/00/atmos/pgrb2sp25/{geavg,gespr}.t00z.pgrb2s.0p25.f{006,012,018,024,030}#statistic=max_t(geavg)+offset;offset_f=+0.2514;raw_f=61.2500;spread=gespr@f024;covered_leads=0-30"
NY,KNYC,2026-03-16,2026-03-15T00:00:00Z,28,gefs,60.2414,1.0800,"s3://noaa-gefs-pds/gefs.20260315/00/atmos/pgrb2sp25/{geavg,gespr}.t00z.pgrb2s.0p25.f{030,036,042,048,054}#statistic=max_t(geavg)+offset;offset_f=+0.2514;raw_f=59.9900;spread=gespr@f048;covered_leads=24-54"
NY,KNYC,2026-03-16,2026-03-14T00:00:00Z,52,gefs,61.8614,2.3400,"s3://noaa-gefs-pds/gefs.20260314/00/atmos/pgrb2sp25/{geavg,gespr}.t00z.pgrb2s.0p25.f{054,060,066,072,078}#statistic=max_t(geavg)+offset;offset_f=+0.2514;raw_f=61.6100;spread=gespr@f072;covered_leads=48-78"
NY,KNYC,2026-03-16,2026-03-13T00:00:00Z,76,gefs,61.1414,2.8800,"s3://noaa-gefs-pds/gefs.20260313/00/atmos/pgrb2sp25/{geavg,gespr}.t00z.pgrb2s.0p25.f{078,084,090,096,102}#statistic=max_t(geavg)+offset;offset_f=+0.2514;raw_f=60.8900;spread=gespr@f096;covered_leads=72-102"
CHI,KMDW,2026-03-17,2026-03-17T00:00:00Z,5,gefs,24.2189,0.7200,"s3://noaa-gefs-pds/gefs.20260317/00/atmos/pgrb2sp25/{geavg,gespr}.t00z.pgrb2s.0p25.f{006,012,018,024,030}#statistic=max_t(geavg)+offset;offset_f=+0.0489;raw_f=24.1700;spread=gespr@f006;covered_leads=0-30"
CHI,KMDW,2026-03-17,2026-03-16T00:00:00Z,29,gefs,22.7789,1.6200,"s3://noaa-gefs-pds/gefs.20260316/00/atmos/pgrb2sp25/{geavg,gespr}.t00z.pgrb2s.0p25.f{030,036,042,048,054}#statistic=max_t(geavg)+offset;offset_f=+0.0489;raw_f=22.7300;spread=gespr@f054;covered_leads=24-54"
CHI,KMDW,2026-03-17,2026-03-15T00:00:00Z,53,gefs,25.7849,2.9520,"s3://noaa-gefs-pds/gefs.20260315/00/atmos/pgrb2sp25/{geavg,gespr}.t00z.pgrb2s.0p25.f{054,060,066,072,078}#statistic=max_t(geavg)+offset;offset_f=+0.0489;raw_f=25.7360;spread=gespr@f078;covered_leads=48-78"
CHI,KMDW,2026-03-17,2026-03-14T00:00:00Z,77,gefs,28.8989,2.7000,"s3://noaa-gefs-pds/gefs.20260314/00/atmos/pgrb2sp25/{geavg,gespr}.t00z.pgrb2s.0p25.f{078,084,090,096,102}#statistic=max_t(geavg)+offset;offset_f=+0.0489;raw_f=28.8500;spread=gespr@f102;covered_leads=72-102"
LAX,KLAX,2026-03-17,2026-03-17T00:00:00Z,7,gefs,86.8369,0.7200,"s3://noaa-gefs-pds/gefs.20260317/00/atmos/pgrb2sp25/{geavg,gespr}.t00z.pgrb2s.0p25.f{012,018,024,030,033}#statistic=max_t(geavg)+offset;offset_f=+0.0269;raw_f=86.8100;spread=gespr@f024;covered_leads=6-33"
LAX,KLAX,2026-03-17,2026-03-16T00:00:00Z,31,gefs,83.4169,1.4400,"s3://noaa-gefs-pds/gefs.20260316/00/atmos/pgrb2sp25/{geavg,gespr}.t00z.pgrb2s.0p25.f{036,042,048,054,057}#statistic=max_t(geavg)+offset;offset_f=+0.0269;raw_f=83.3900;spread=gespr@f048;covered_leads=30-57"
LAX,KLAX,2026-03-17,2026-03-15T00:00:00Z,55,gefs,82.6969,1.8000,"s3://noaa-gefs-pds/gefs.20260315/00/atmos/pgrb2sp25/{geavg,gespr}.t00z.pgrb2s.0p25.f{060,066,072,078,081}#statistic=max_t(geavg)+offset;offset_f=+0.0269;raw_f=82.6700;spread=gespr@f072;covered_leads=54-81"
LAX,KLAX,2026-03-17,2026-03-14T00:00:00Z,79,gefs,83.2369,1.8000,"s3://noaa-gefs-pds/gefs.20260314/00/atmos/pgrb2sp25/{geavg,gespr}.t00z.pgrb2s.0p25.f{084,090,096,102,105}#statistic=max_t(geavg)+offset;offset_f=+0.0269;raw_f=83.2100;spread=gespr@f096;covered_leads=78-105"
MIA,KMIA,2026-03-17,2026-03-17T00:00:00Z,4,gefs,80.7449,0.1800,"s3://noaa-gefs-pds/gefs.20260317/00/atmos/pgrb2sp25/{geavg,gespr}.t00z.pgrb2s.0p25.f{006,012,018,024,030}#statistic=max_t(geavg)+offset;offset_f=+0.0549;raw_f=80.6900;spread=gespr@f006;covered_leads=0-30"
MIA,KMIA,2026-03-17,2026-03-16T00:00:00Z,28,gefs,80.3849,0.5400,"s3://noaa-gefs-pds/gefs.20260316/00/atmos/pgrb2sp25/{geavg,gespr}.t00z.pgrb2s.0p25.f{030,036,042,048,054}#statistic=max_t(geavg)+offset;offset_f=+0.0549;raw_f=80.3300;spread=gespr@f030;covered_leads=24-54"
MIA,KMIA,2026-03-17,2026-03-15T00:00:00Z,52,gefs,80.5649,0.7200,"s3://noaa-gefs-pds/gefs.20260315/00/atmos/pgrb2sp25/{geavg,gespr}.t00z.pgrb2s.0p25.f{054,060,066,072,078}#statistic=max_t(geavg)+offset;offset_f=+0.0549;raw_f=80.5100;spread=gespr@f054;covered_leads=48-78"
MIA,KMIA,2026-03-17,2026-03-14T00:00:00Z,76,gefs,79.8449,0.9000,"s3://noaa-gefs-pds/gefs.20260314/00/atmos/pgrb2sp25/{geavg,gespr}.t00z.pgrb2s.0p25.f{078,084,090,096,102}#statistic=max_t(geavg)+offset;offset_f=+0.0549;raw_f=79.7900;spread=gespr@f078;covered_leads=72-102"
NY,KNYC,2026-03-17,2026-03-17T00:00:00Z,4,gefs,58.6214,1.2600,"s3://noaa-gefs-pds/gefs.20260317/00/atmos/pgrb2sp25/{geavg,gespr}.t00z.pgrb2s.0p25.f{006,012,018,024,030}#statistic=max_t(geavg)+offset;offset_f=+0.2514;raw_f=58.3700;spread=gespr@f006;covered_leads=0-30"
NY,KNYC,2026-03-17,2026-03-16T00:00:00Z,28,gefs,61.1414,1.2600,"s3://noaa-gefs-pds/gefs.20260316/00/atmos/pgrb2sp25/{geavg,gespr}.t00z.pgrb2s.0p25.f{030,036,042,048,054}#statistic=max_t(geavg)+offset;offset_f=+0.2514;raw_f=60.8900;spread=gespr@f030;covered_leads=24-54"
NY,KNYC,2026-03-17,2026-03-15T00:00:00Z,52,gefs,59.3414,3.6000,"s3://noaa-gefs-pds/gefs.20260315/00/atmos/pgrb2sp25/{geavg,gespr}.t00z.pgrb2s.0p25.f{054,060,066,072,078}#statistic=max_t(geavg)+offset;offset_f=+0.2514;raw_f=59.0900;spread=gespr@f054;covered_leads=48-78"
NY,KNYC,2026-03-17,2026-03-14T00:00:00Z,76,gefs,57.9014,3.2400,"s3://noaa-gefs-pds/gefs.20260314/00/atmos/pgrb2sp25/{geavg,gespr}.t00z.pgrb2s.0p25.f{078,084,090,096,102}#statistic=max_t(geavg)+offset;offset_f=+0.2514;raw_f=57.6500;spread=gespr@f078;covered_leads=72-102"
CHI,KMDW,2026-03-18,2026-03-18T00:00:00Z,5,gefs,40.9589,1.4400,"s3://noaa-gefs-pds/gefs.20260318/00/atmos/pgrb2sp25/{geavg,gespr}.t00z.pgrb2s.0p25.f{006,012,018,024,030}#statistic=max_t(geavg)+offset;offset_f=+0.0489;raw_f=40.9100;spread=gespr@f024;covered_leads=0-30"
CHI,KMDW,2026-03-18,2026-03-17T00:00:00Z,29,gefs,39.6989,2.3400,"s3://noaa-gefs-pds/gefs.20260317/00/atmos/pgrb2sp25/{geavg,gespr}.t00z.pgrb2s.0p25.f{030,036,042,048,054}#statistic=max_t(geavg)+offset;offset_f=+0.0489;raw_f=39.6500;spread=gespr@f048;covered_leads=24-54"
CHI,KMDW,2026-03-18,2026-03-16T00:00:00Z,53,gefs,37.5389,1.9800,"s3://noaa-gefs-pds/gefs.20260316/00/atmos/pgrb2sp25/{geavg,gespr}.t00z.pgrb2s.0p25.f{054,060,066,072,078}#statistic=max_t(geavg)+offset;offset_f=+0.0489;raw_f=37.4900;spread=gespr@f072;covered_leads=48-78"
CHI,KMDW,2026-03-18,2026-03-15T00:00:00Z,77,gefs,42.0389,3.9600,"s3://noaa-gefs-pds/gefs.20260315/00/atmos/pgrb2sp25/{geavg,gespr}.t00z.pgrb2s.0p25.f{078,084,090,096,102}#statistic=max_t(geavg)+offset;offset_f=+0.0489;raw_f=41.9900;spread=gespr@f096;covered_leads=72-102"
LAX,KLAX,2026-03-18,2026-03-18T00:00:00Z,7,gefs,83.5969,0.7200,"s3://noaa-gefs-pds/gefs.20260318/00/atmos/pgrb2sp25/{geavg,gespr}.t00z.pgrb2s.0p25.f{012,018,024,030,033}#statistic=max_t(geavg)+offset;offset_f=+0.0269;raw_f=83.5700;spread=gespr@f024;covered_leads=6-33"
LAX,KLAX,2026-03-18,2026-03-17T00:00:00Z,31,gefs,83.7769,1.4400,"s3://noaa-gefs-pds/gefs.20260317/00/atmos/pgrb2sp25/{geavg,gespr}.t00z.pgrb2s.0p25.f{036,042,048,054,057}#statistic=max_t(geavg)+offset;offset_f=+0.0269;raw_f=83.7500;spread=gespr@f048;covered_leads=30-57"
LAX,KLAX,2026-03-18,2026-03-16T00:00:00Z,55,gefs,82.1569,1.2600,"s3://noaa-gefs-pds/gefs.20260316/00/atmos/pgrb2sp25/{geavg,gespr}.t00z.pgrb2s.0p25.f{060,066,072,078,081}#statistic=max_t(geavg)+offset;offset_f=+0.0269;raw_f=82.1300;spread=gespr@f072;covered_leads=54-81"
LAX,KLAX,2026-03-18,2026-03-15T00:00:00Z,79,gefs,81.7969,1.6200,"s3://noaa-gefs-pds/gefs.20260315/00/atmos/pgrb2sp25/{geavg,gespr}.t00z.pgrb2s.0p25.f{084,090,096,102,105}#statistic=max_t(geavg)+offset;offset_f=+0.0269;raw_f=81.7700;spread=gespr@f096;covered_leads=78-105"
MIA,KMIA,2026-03-18,2026-03-18T00:00:00Z,4,gefs,69.9449,2.5200,"s3://noaa-gefs-pds/gefs.20260318/00/atmos/pgrb2sp25/{geavg,gespr}.t00z.pgrb2s.0p25.f{006,012,018,024,030}#statistic=max_t(geavg)+offset;offset_f=+0.0549;raw_f=69.8900;spread=gespr@f024;covered_leads=0-30"
MIA,KMIA,2026-03-18,2026-03-17T00:00:00Z,28,gefs,71.7449,2.5200,"s3://noaa-gefs-pds/gefs.20260317/00/atmos/pgrb2sp25/{geavg,gespr}.t00z.pgrb2s.0p25.f{030,036,042,048,054}#statistic=max_t(geavg)+offset;offset_f=+0.0549;raw_f=71.6900;spread=gespr@f042;covered_leads=24-54"
MIA,KMIA,2026-03-18,2026-03-16T00:00:00Z,52,gefs,71.9249,2.5200,"s3://noaa-gefs-pds/gefs.20260316/00/atmos/pgrb2sp25/{geavg,gespr}.t00z.pgrb2s.0p25.f{054,060,066,072,078}#statistic=max_t(geavg)+offset;offset_f=+0.0549;raw_f=71.8700;spread=gespr@f066;covered_leads=48-78"
MIA,KMIA,2026-03-18,2026-03-15T00:00:00Z,76,gefs,71.2049,2.3400,"s3://noaa-gefs-pds/gefs.20260315/00/atmos/pgrb2sp25/{geavg,gespr}.t00z.pgrb2s.0p25.f{078,084,090,096,102}#statistic=max_t(geavg)+offset;offset_f=+0.0549;raw_f=71.1500;spread=gespr@f090;covered_leads=72-102"
NY,KNYC,2026-03-18,2026-03-18T00:00:00Z,4,gefs,36.6614,0.7200,"s3://noaa-gefs-pds/gefs.20260318/00/atmos/pgrb2sp25/{geavg,gespr}.t00z.pgrb2s.0p25.f{006,012,018,024,030}#statistic=max_t(geavg)+offset;offset_f=+0.2514;raw_f=36.4100;spread=gespr@f006;covered_leads=0-30"
NY,KNYC,2026-03-18,2026-03-17T00:00:00Z,28,gefs,37.7414,3.2400,"s3://noaa-gefs-pds/gefs.20260317/00/atmos/pgrb2sp25/{geavg,gespr}.t00z.pgrb2s.0p25.f{030,036,042,048,054}#statistic=max_t(geavg)+offset;offset_f=+0.2514;raw_f=37.4900;spread=gespr@f048;covered_leads=24-54"
NY,KNYC,2026-03-18,2026-03-16T00:00:00Z,52,gefs,37.5614,3.0600,"s3://noaa-gefs-pds/gefs.20260316/00/atmos/pgrb2sp25/{geavg,gespr}.t00z.pgrb2s.0p25.f{054,060,066,072,078}#statistic=max_t(geavg)+offset;offset_f=+0.2514;raw_f=37.3100;spread=gespr@f072;covered_leads=48-78"
NY,KNYC,2026-03-18,2026-03-15T00:00:00Z,76,gefs,39.1814,3.6000,"s3://noaa-gefs-pds/gefs.20260315/00/atmos/pgrb2sp25/{geavg,gespr}.t00z.pgrb2s.0p25.f{078,084,090,096,102}#statistic=max_t(geavg)+offset;offset_f=+0.2514;raw_f=38.9300;spread=gespr@f096;covered_leads=72-102"
CHI,KMDW,2026-03-19,2026-03-19T00:00:00Z,5,gefs,55.1789,1.9800,"s3://noaa-gefs-pds/gefs.20260319/00/atmos/pgrb2sp25/{geavg,gespr}.t00z.pgrb2s.0p25.f{006,012,018,024,030}#statistic=max_t(geavg)+offset;offset_f=+0.0489;raw_f=55.1300;spread=gespr@f024;covered_leads=0-30"
CHI,KMDW,2026-03-19,2026-03-18T00:00:00Z,29,gefs,50.8589,2.7000,"s3://noaa-gefs-pds/gefs.20260318/00/atmos/pgrb2sp25/{geavg,gespr}.t00z.pgrb2s.0p25.f{030,036,042,048,054}#statistic=max_t(geavg)+offset;offset_f=+0.0489;raw_f=50.8100;spread=gespr@f048;covered_leads=24-54"
CHI,KMDW,2026-03-19,2026-03-17T00:00:00Z,53,gefs,49.4189,5.7600,"s3://noaa-gefs-pds/gefs.20260317/00/atmos/pgrb2sp25/{geavg,gespr}.t00z.pgrb2s.0p25.f{054,060,066,072,078}#statistic=max_t(geavg)+offset;offset_f=+0.0489;raw_f=49.3700;spread=gespr@f072;covered_leads=48-78"
CHI,KMDW,2026-03-19,2026-03-16T00:00:00Z,77,gefs,45.2789,3.7800,"s3://noaa-gefs-pds/gefs.20260316/00/atmos/pgrb2sp25/{geavg,gespr}.t00z.pgrb2s.0p25.f{078,084,090,096,102}#statistic=max_t(geavg)+offset;offset_f=+0.0489;raw_f=45.2300;spread=gespr@f096;covered_leads=72-102"
LAX,KLAX,2026-03-19,2026-03-19T00:00:00Z,7,gefs,84.6769,0.5400,"s3://noaa-gefs-pds/gefs.20260319/00/atmos/pgrb2sp25/{geavg,gespr}.t00z.pgrb2s.0p25.f{012,018,024,030,033}#statistic=max_t(geavg)+offset;offset_f=+0.0269;raw_f=84.6500;spread=gespr@f024;covered_leads=6-33"
LAX,KLAX,2026-03-19,2026-03-18T00:00:00Z,31,gefs,84.4969,1.0800,"s3://noaa-gefs-pds/gefs.20260318/00/atmos/pgrb2sp25/{geavg,gespr}.t00z.pgrb2s.0p25.f{036,042,048,054,057}#statistic=max_t(geavg)+offset;offset_f=+0.0269;raw_f=84.4700;spread=gespr@f048;covered_leads=30-57"
LAX,KLAX,2026-03-19,2026-03-17T00:00:00Z,55,gefs,83.7769,1.2600,"s3://noaa-gefs-pds/gefs.20260317/00/atmos/pgrb2sp25/{geavg,gespr}.t00z.pgrb2s.0p25.f{060,066,072,078,081}#statistic=max_t(geavg)+offset;offset_f=+0.0269;raw_f=83.7500;spread=gespr@f072;covered_leads=54-81"
LAX,KLAX,2026-03-19,2026-03-16T00:00:00Z,79,gefs,82.1569,1.0800,"s3://noaa-gefs-pds/gefs.20260316/00/atmos/pgrb2sp25/{geavg,gespr}.t00z.pgrb2s.0p25.f{084,090,096,102,105}#statistic=max_t(geavg)+offset;offset_f=+0.0269;raw_f=82.1300;spread=gespr@f096;covered_leads=78-105"
MIA,KMIA,2026-03-19,2026-03-19T00:00:00Z,4,gefs,73.3649,1.0800,"s3://noaa-gefs-pds/gefs.20260319/00/atmos/pgrb2sp25/{geavg,gespr}.t00z.pgrb2s.0p25.f{006,012,018,024,030}#statistic=max_t(geavg)+offset;offset_f=+0.0549;raw_f=73.3100;spread=gespr@f024;covered_leads=0-30"
MIA,KMIA,2026-03-19,2026-03-18T00:00:00Z,28,gefs,74.0849,2.3400,"s3://noaa-gefs-pds/gefs.20260318/00/atmos/pgrb2sp25/{geavg,gespr}.t00z.pgrb2s.0p25.f{030,036,042,048,054}#statistic=max_t(geavg)+offset;offset_f=+0.0549;raw_f=74.0300;spread=gespr@f048;covered_leads=24-54"
MIA,KMIA,2026-03-19,2026-03-17T00:00:00Z,52,gefs,73.3649,2.1600,"s3://noaa-gefs-pds/gefs.20260317/00/atmos/pgrb2sp25/{geavg,gespr}.t00z.pgrb2s.0p25.f{054,060,066,072,078}#statistic=max_t(geavg)+offset;offset_f=+0.0549;raw_f=73.3100;spread=gespr@f072;covered_leads=48-78"
MIA,KMIA,2026-03-19,2026-03-16T00:00:00Z,76,gefs,72.6449,1.9800,"s3://noaa-gefs-pds/gefs.20260316/00/atmos/pgrb2sp25/{geavg,gespr}.t00z.pgrb2s.0p25.f{078,084,090,096,102}#statistic=max_t(geavg)+offset;offset_f=+0.0549;raw_f=72.5900;spread=gespr@f096;covered_leads=72-102"
NY,KNYC,2026-03-19,2026-03-19T00:00:00Z,4,gefs,44.9414,1.0800,"s3://noaa-gefs-pds/gefs.20260319/00/atmos/pgrb2sp25/{geavg,gespr}.t00z.pgrb2s.0p25.f{006,012,018,024,030}#statistic=max_t(geavg)+offset;offset_f=+0.2514;raw_f=44.6900;spread=gespr@f024;covered_leads=0-30"
NY,KNYC,2026-03-19,2026-03-18T00:00:00Z,28,gefs,43.5014,1.8000,"s3://noaa-gefs-pds/gefs.20260318/00/atmos/pgrb2sp25/{geavg,gespr}.t00z.pgrb2s.0p25.f{030,036,042,048,054}#statistic=max_t(geavg)+offset;offset_f=+0.2514;raw_f=43.2500;spread=gespr@f048;covered_leads=24-54"
NY,KNYC,2026-03-19,2026-03-17T00:00:00Z,52,gefs,44.7614,2.5200,"s3://noaa-gefs-pds/gefs.20260317/00/atmos/pgrb2sp25/{geavg,gespr}.t00z.pgrb2s.0p25.f{054,060,066,072,078}#statistic=max_t(geavg)+offset;offset_f=+0.2514;raw_f=44.5100;spread=gespr@f072;covered_leads=48-78"
NY,KNYC,2026-03-19,2026-03-16T00:00:00Z,76,gefs,46.5614,1.9800,"s3://noaa-gefs-pds/gefs.20260316/00/atmos/pgrb2sp25/{geavg,gespr}.t00z.pgrb2s.0p25.f{078,084,090,096,102}#statistic=max_t(geavg)+offset;offset_f=+0.2514;raw_f=46.3100;spread=gespr@f096;covered_leads=72-102"
CHI,KMDW,2026-03-20,2026-03-20T00:00:00Z,5,gefs,64.5389,1.6200,"s3://noaa-gefs-pds/gefs.20260320/00/atmos/pgrb2sp25/{geavg,gespr}.t00z.pgrb2s.0p25.f{006,012,018,024,030}#statistic=max_t(geavg)+offset;offset_f=+0.0489;raw_f=64.4900;spread=gespr@f024;covered_leads=0-30"
CHI,KMDW,2026-03-20,2026-03-19T00:00:00Z,29,gefs,62.7389,3.7800,"s3://noaa-gefs-pds/gefs.20260319/00/atmos/pgrb2sp25/{geavg,gespr}.t00z.pgrb2s.0p25.f{030,036,042,048,054}#statistic=max_t(geavg)+offset;offset_f=+0.0489;raw_f=62.6900;spread=gespr@f048;covered_leads=24-54"
CHI,KMDW,2026-03-20,2026-03-18T00:00:00Z,53,gefs,64.1789,3.7800,"s3://noaa-gefs-pds/gefs.20260318/00/atmos/pgrb2sp25/{geavg,gespr}.t00z.pgrb2s.0p25.f{054,060,066,072,078}#statistic=max_t(geavg)+offset;offset_f=+0.0489;raw_f=64.1300;spread=gespr@f072;covered_leads=48-78"
CHI,KMDW,2026-03-20,2026-03-17T00:00:00Z,77,gefs,52.2989,6.6600,"s3://noaa-gefs-pds/gefs.20260317/00/atmos/pgrb2sp25/{geavg,gespr}.t00z.pgrb2s.0p25.f{078,084,090,096,102}#statistic=max_t(geavg)+offset;offset_f=+0.0489;raw_f=52.2500;spread=gespr@f096;covered_leads=72-102"
LAX,KLAX,2026-03-20,2026-03-20T00:00:00Z,7,gefs,84.1369,0.5400,"s3://noaa-gefs-pds/gefs.20260320/00/atmos/pgrb2sp25/{geavg,gespr}.t00z.pgrb2s.0p25.f{012,018,024,030,033}#statistic=max_t(geavg)+offset;offset_f=+0.0269;raw_f=84.1100;spread=gespr@f024;covered_leads=6-33"
LAX,KLAX,2026-03-20,2026-03-19T00:00:00Z,31,gefs,84.3169,1.2600,"s3://noaa-gefs-pds/gefs.20260319/00/atmos/pgrb2sp25/{geavg,gespr}.t00z.pgrb2s.0p25.f{036,042,048,054,057}#statistic=max_t(geavg)+offset;offset_f=+0.0269;raw_f=84.2900;spread=gespr@f048;covered_leads=30-57"
LAX,KLAX,2026-03-20,2026-03-18T00:00:00Z,55,gefs,83.7769,1.2600,"s3://noaa-gefs-pds/gefs.20260318/00/atmos/pgrb2sp25/{geavg,gespr}.t00z.pgrb2s.0p25.f{060,066,072,078,081}#statistic=max_t(geavg)+offset;offset_f=+0.0269;raw_f=83.7500;spread=gespr@f072;covered_leads=54-81"
LAX,KLAX,2026-03-20,2026-03-17T00:00:00Z,79,gefs,83.4169,1.6200,"s3://noaa-gefs-pds/gefs.20260317/00/atmos/pgrb2sp25/{geavg,gespr}.t00z.pgrb2s.0p25.f{084,090,096,102,105}#statistic=max_t(geavg)+offset;offset_f=+0.0269;raw_f=83.3900;spread=gespr@f096;covered_leads=78-105"
MIA,KMIA,2026-03-20,2026-03-20T00:00:00Z,4,gefs,74.2649,0.7200,"s3://noaa-gefs-pds/gefs.20260320/00/atmos/pgrb2sp25/{geavg,gespr}.t00z.pgrb2s.0p25.f{006,012,018,024,030}#statistic=max_t(geavg)+offset;offset_f=+0.0549;raw_f=74.2100;spread=gespr@f024;covered_leads=0-30"
MIA,KMIA,2026-03-20,2026-03-19T00:00:00Z,28,gefs,74.2649,1.6200,"s3://noaa-gefs-pds/gefs.20260319/00/atmos/pgrb2sp25/{geavg,gespr}.t00z.pgrb2s.0p25.f{030,036,042,048,054}#statistic=max_t(geavg)+offset;offset_f=+0.0549;raw_f=74.2100;spread=gespr@f048;covered_leads=24-54"
MIA,KMIA,2026-03-20,2026-03-18T00:00:00Z,52,gefs,73.9049,2.5200,"s3://noaa-gefs-pds/gefs.20260318/00/atmos/pgrb2sp25/{geavg,gespr}.t00z.pgrb2s.0p25.f{054,060,066,072,078}#statistic=max_t(geavg)+offset;offset_f=+0.0549;raw_f=73.8500;spread=gespr@f072;covered_leads=48-78"
MIA,KMIA,2026-03-20,2026-03-17T00:00:00Z,76,gefs,73.7249,3.0600,"s3://noaa-gefs-pds/gefs.20260317/00/atmos/pgrb2sp25/{geavg,gespr}.t00z.pgrb2s.0p25.f{078,084,090,096,102}#statistic=max_t(geavg)+offset;offset_f=+0.0549;raw_f=73.6700;spread=gespr@f096;covered_leads=72-102"
NY,KNYC,2026-03-20,2026-03-20T00:00:00Z,4,gefs,57.9014,1.4400,"s3://noaa-gefs-pds/gefs.20260320/00/atmos/pgrb2sp25/{geavg,gespr}.t00z.pgrb2s.0p25.f{006,012,018,024,030}#statistic=max_t(geavg)+offset;offset_f=+0.2514;raw_f=57.6500;spread=gespr@f024;covered_leads=0-30"
NY,KNYC,2026-03-20,2026-03-19T00:00:00Z,28,gefs,54.3014,2.5200,"s3://noaa-gefs-pds/gefs.20260319/00/atmos/pgrb2sp25/{geavg,gespr}.t00z.pgrb2s.0p25.f{030,036,042,048,054}#statistic=max_t(geavg)+offset;offset_f=+0.2514;raw_f=54.0500;spread=gespr@f048;covered_leads=24-54"
NY,KNYC,2026-03-20,2026-03-18T00:00:00Z,52,gefs,52.8614,2.7000,"s3://noaa-gefs-pds/gefs.20260318/00/atmos/pgrb2sp25/{geavg,gespr}.t00z.pgrb2s.0p25.f{054,060,066,072,078}#statistic=max_t(geavg)+offset;offset_f=+0.2514;raw_f=52.6100;spread=gespr@f072;covered_leads=48-78"
NY,KNYC,2026-03-20,2026-03-17T00:00:00Z,76,gefs,51.6014,3.7800,"s3://noaa-gefs-pds/gefs.20260317/00/atmos/pgrb2sp25/{geavg,gespr}.t00z.pgrb2s.0p25.f{078,084,090,096,102}#statistic=max_t(geavg)+offset;offset_f=+0.2514;raw_f=51.3500;spread=gespr@f096;covered_leads=72-102"
CHI,KMDW,2026-03-21,2026-03-21T00:00:00Z,5,gefs,69.9389,1.8000,"s3://noaa-gefs-pds/gefs.20260321/00/atmos/pgrb2sp25/{geavg,gespr}.t00z.pgrb2s.0p25.f{006,012,018,024,030}#statistic=max_t(geavg)+offset;offset_f=+0.0489;raw_f=69.8900;spread=gespr@f024;covered_leads=0-30"
CHI,KMDW,2026-03-21,2026-03-20T00:00:00Z,29,gefs,63.4589,2.8800,"s3://noaa-gefs-pds/gefs.20260320/00/atmos/pgrb2sp25/{geavg,gespr}.t00z.pgrb2s.0p25.f{030,036,042,048,054}#statistic=max_t(geavg)+offset;offset_f=+0.0489;raw_f=63.4100;spread=gespr@f048;covered_leads=24-54"
CHI,KMDW,2026-03-21,2026-03-19T00:00:00Z,53,gefs,57.6989,6.8400,"s3://noaa-gefs-pds/gefs.20260319/00/atmos/pgrb2sp25/{geavg,gespr}.t00z.pgrb2s.0p25.f{054,060,066,072,078}#statistic=max_t(geavg)+offset;offset_f=+0.0489;raw_f=57.6500;spread=gespr@f072;covered_leads=48-78"
CHI,KMDW,2026-03-21,2026-03-18T00:00:00Z,77,gefs,56.4389,5.5800,"s3://noaa-gefs-pds/gefs.20260318/00/atmos/pgrb2sp25/{geavg,gespr}.t00z.pgrb2s.0p25.f{078,084,090,096,102}#statistic=max_t(geavg)+offset;offset_f=+0.0489;raw_f=56.3900;spread=gespr@f078;covered_leads=72-102"
LAX,KLAX,2026-03-21,2026-03-21T00:00:00Z,7,gefs,78.9169,0.3600,"s3://noaa-gefs-pds/gefs.20260321/00/atmos/pgrb2sp25/{geavg,gespr}.t00z.pgrb2s.0p25.f{012,018,024,030,033}#statistic=max_t(geavg)+offset;offset_f=+0.0269;raw_f=78.8900;spread=gespr@f024;covered_leads=6-33"
LAX,KLAX,2026-03-21,2026-03-20T00:00:00Z,31,gefs,78.5569,1.0800,"s3://noaa-gefs-pds/gefs.20260320/00/atmos/pgrb2sp25/{geavg,gespr}.t00z.pgrb2s.0p25.f{036,042,048,054,057}#statistic=max_t(geavg)+offset;offset_f=+0.0269;raw_f=78.5300;spread=gespr@f048;covered_leads=30-57"
LAX,KLAX,2026-03-21,2026-03-19T00:00:00Z,55,gefs,78.1969,1.2600,"s3://noaa-gefs-pds/gefs.20260319/00/atmos/pgrb2sp25/{geavg,gespr}.t00z.pgrb2s.0p25.f{060,066,072,078,081}#statistic=max_t(geavg)+offset;offset_f=+0.0269;raw_f=78.1700;spread=gespr@f072;covered_leads=54-81"
LAX,KLAX,2026-03-21,2026-03-18T00:00:00Z,79,gefs,77.2969,1.0800,"s3://noaa-gefs-pds/gefs.20260318/00/atmos/pgrb2sp25/{geavg,gespr}.t00z.pgrb2s.0p25.f{084,090,096,102,105}#statistic=max_t(geavg)+offset;offset_f=+0.0269;raw_f=77.2700;spread=gespr@f096;covered_leads=78-105"
MIA,KMIA,2026-03-21,2026-03-21T00:00:00Z,4,gefs,77.5049,1.2600,"s3://noaa-gefs-pds/gefs.20260321/00/atmos/pgrb2sp25/{geavg,gespr}.t00z.pgrb2s.0p25.f{006,012,018,024,030}#statistic=max_t(geavg)+offset;offset_f=+0.0549;raw_f=77.4500;spread=gespr@f024;covered_leads=0-30"
MIA,KMIA,2026-03-21,2026-03-20T00:00:00Z,28,gefs,76.6049,1.6200,"s3://noaa-gefs-pds/gefs.20260320/00/atmos/pgrb2sp25/{geavg,gespr}.t00z.pgrb2s.0p25.f{030,036,042,048,054}#statistic=max_t(geavg)+offset;offset_f=+0.0549;raw_f=76.5500;spread=gespr@f048;covered_leads=24-54"
MIA,KMIA,2026-03-21,2026-03-19T00:00:00Z,52,gefs,76.4249,1.4400,"s3://noaa-gefs-pds/gefs.20260319/00/atmos/pgrb2sp25/{geavg,gespr}.t00z.pgrb2s.0p25.f{054,060,066,072,078}#statistic=max_t(geavg)+offset;offset_f=+0.0549;raw_f=76.3700;spread=gespr@f072;covered_leads=48-78"
MIA,KMIA,2026-03-21,2026-03-18T00:00:00Z,76,gefs,75.7049,2.3400,"s3://noaa-gefs-pds/gefs.20260318/00/atmos/pgrb2sp25/{geavg,gespr}.t00z.pgrb2s.0p25.f{078,084,090,096,102}#statistic=max_t(geavg)+offset;offset_f=+0.0549;raw_f=75.6500;spread=gespr@f096;covered_leads=72-102"
NY,KNYC,2026-03-21,2026-03-21T00:00:00Z,4,gefs,57.3614,2.5200,"s3://noaa-gefs-pds/gefs.20260321/00/atmos/pgrb2sp25/{geavg,gespr}.t00z.pgrb2s.0p25.f{006,012,018,024,030}#statistic=max_t(geavg)+offset;offset_f=+0.2514;raw_f=57.1100;spread=gespr@f024;covered_leads=0-30"
NY,KNYC,2026-03-21,2026-03-20T00:00:00Z,28,gefs,55.7414,2.7000,"s3://noaa-gefs-pds/gefs.20260320/00/atmos/pgrb2sp25/{geavg,gespr}.t00z.pgrb2s.0p25.f{030,036,042,048,054}#statistic=max_t(geavg)+offset;offset_f=+0.2514;raw_f=55.4900;spread=gespr@f048;covered_leads=24-54"
NY,KNYC,2026-03-21,2026-03-19T00:00:00Z,52,gefs,57.0014,3.6000,"s3://noaa-gefs-pds/gefs.20260319/00/atmos/pgrb2sp25/{geavg,gespr}.t00z.pgrb2s.0p25.f{054,060,066,072,078}#statistic=max_t(geavg)+offset;offset_f=+0.2514;raw_f=56.7500;spread=gespr@f072;covered_leads=48-78"
NY,KNYC,2026-03-21,2026-03-18T00:00:00Z,76,gefs,56.8214,4.8600,"s3://noaa-gefs-pds/gefs.20260318/00/atmos/pgrb2sp25/{geavg,gespr}.t00z.pgrb2s.0p25.f{078,084,090,096,102}#statistic=max_t(geavg)+offset;offset_f=+0.2514;raw_f=56.5700;spread=gespr@f096;covered_leads=72-102"
CHI,KMDW,2026-03-22,2026-03-22T00:00:00Z,5,gefs,69.0389,0.5400,"s3://noaa-gefs-pds/gefs.20260322/00/atmos/pgrb2sp25/{geavg,gespr}.t00z.pgrb2s.0p25.f{006,012,018,024,030}#statistic=max_t(geavg)+offset;offset_f=+0.0489;raw_f=68.9900;spread=gespr@f006;covered_leads=0-30"
CHI,KMDW,2026-03-22,2026-03-21T00:00:00Z,29,gefs,66.3209,1.1340,"s3://noaa-gefs-pds/gefs.20260321/00/atmos/pgrb2sp25/{geavg,gespr}.t00z.pgrb2s.0p25.f{030,036,042,048,054}#statistic=max_t(geavg)+offset;offset_f=+0.0489;raw_f=66.2720;spread=gespr@f030;covered_leads=24-54"
CHI,KMDW,2026-03-22,2026-03-20T00:00:00Z,53,gefs,61.1189,2.5200,"s3://noaa-gefs-pds/gefs.20260320/00/atmos/pgrb2sp25/{geavg,gespr}.t00z.pgrb2s.0p25.f{054,060,066,072,078}#statistic=max_t(geavg)+offset;offset_f=+0.0489;raw_f=61.0700;spread=gespr@f054;covered_leads=48-78"
CHI,KMDW,2026-03-22,2026-03-19T00:00:00Z,77,gefs,68.8589,6.4800,"s3://noaa-gefs-pds/gefs.20260319/00/atmos/pgrb2sp25/{geavg,gespr}.t00z.pgrb2s.0p25.f{078,084,090,096,102}#statistic=max_t(geavg)+offset;offset_f=+0.0489;raw_f=68.8100;spread=gespr@f090;covered_leads=72-102"
LAX,KLAX,2026-03-22,2026-03-22T00:00:00Z,7,gefs,76.0369,0.5400,"s3://noaa-gefs-pds/gefs.20260322/00/atmos/pgrb2sp25/{geavg,gespr}.t00z.pgrb2s.0p25.f{012,018,024,030,033}#statistic=max_t(geavg)+offset;offset_f=+0.0269;raw_f=76.0100;spread=gespr@f024;covered_leads=6-33"
LAX,KLAX,2026-03-22,2026-03-21T00:00:00Z,31,gefs,76.3969,0.9000,"s3://noaa-gefs-pds/gefs.20260321/00/atmos/pgrb2sp25/{geavg,gespr}.t00z.pgrb2s.0p25.f{036,042,048,054,057}#statistic=max_t(geavg)+offset;offset_f=+0.0269;raw_f=76.3700;spread=gespr@f048;covered_leads=30-57"
LAX,KLAX,2026-03-22,2026-03-20T00:00:00Z,55,gefs,76.2169,1.4400,"s3://noaa-gefs-pds/gefs.20260320/00/atmos/pgrb2sp25/{geavg,gespr}.t00z.pgrb2s.0p25.f{060,066,072,078,081}#statistic=max_t(geavg)+offset;offset_f=+0.0269;raw_f=76.1900;spread=gespr@f072;covered_leads=54-81"
LAX,KLAX,2026-03-22,2026-03-19T00:00:00Z,79,gefs,76.7569,1.2600,"s3://noaa-gefs-pds/gefs.20260319/00/atmos/pgrb2sp25/{geavg,gespr}.t00z.pgrb2s.0p25.f{084,090,096,102,105}#statistic=max_t(geavg)+offset;offset_f=+0.0269;raw_f=76.7300;spread=gespr@f096;covered_leads=78-105"
MIA,KMIA,2026-03-22,2026-03-22T00:00:00Z,4,gefs,79.1249,0.9000,"s3://noaa-gefs-pds/gefs.20260322/00/atmos/pgrb2sp25/{geavg,gespr}.t00z.pgrb2s.0p25.f{006,012,018,024,030}#statistic=max_t(geavg)+offset;offset_f=+0.0549;raw_f=79.0700;spread=gespr@f024;covered_leads=0-30"
MIA,KMIA,2026-03-22,2026-03-21T00:00:00Z,28,gefs,78.7649,0.9000,"s3://noaa-gefs-pds/gefs.20260321/00/atmos/pgrb2sp25/{geavg,gespr}.t00z.pgrb2s.0p25.f{030,036,042,048,054}#statistic=max_t(geavg)+offset;offset_f=+0.0549;raw_f=78.7100;spread=gespr@f048;covered_leads=24-54"
MIA,KMIA,2026-03-22,2026-03-20T00:00:00Z,52,gefs,78.7649,1.4400,"s3://noaa-gefs-pds/gefs.20260320/00/atmos/pgrb2sp25/{geavg,gespr}.t00z.pgrb2s.0p25.f{054,060,066,072,078}#statistic=max_t(geavg)+offset;offset_f=+0.0549;raw_f=78.7100;spread=gespr@f072;covered_leads=48-78"
MIA,KMIA,2026-03-22,2026-03-19T00:00:00Z,76,gefs,78.2249,1.2600,"s3://noaa-gefs-pds/gefs.20260319/00/atmos/pgrb2sp25/{geavg,gespr}.t00z.pgrb2s.0p25.f{078,084,090,096,102}#statistic=max_t(geavg)+offset;offset_f=+0.0549;raw_f=78.1700;spread=gespr@f096;covered_leads=72-102"
NY,KNYC,2026-03-22,2026-03-22T00:00:00Z,4,gefs,64.5614,1.9800,"s3://noaa-gefs-pds/gefs.20260322/00/atmos/pgrb2sp25/{geavg,gespr}.t00z.pgrb2s.0p25.f{006,012,018,024,030}#statistic=max_t(geavg)+offset;offset_f=+0.2514;raw_f=64.3100;spread=gespr@f024;covered_leads=0-30"
NY,KNYC,2026-03-22,2026-03-21T00:00:00Z,28,gefs,64.0214,3.0600,"s3://noaa-gefs-pds/gefs.20260321/00/atmos/pgrb2sp25/{geavg,gespr}.t00z.pgrb2s.0p25.f{030,036,042,048,054}#statistic=max_t(geavg)+offset;offset_f=+0.2514;raw_f=63.7700;spread=gespr@f048;covered_leads=24-54"
NY,KNYC,2026-03-22,2026-03-20T00:00:00Z,52,gefs,60.9614,6.3000,"s3://noaa-gefs-pds/gefs.20260320/00/atmos/pgrb2sp25/{geavg,gespr}.t00z.pgrb2s.0p25.f{054,060,066,072,078}#statistic=max_t(geavg)+offset;offset_f=+0.2514;raw_f=60.7100;spread=gespr@f072;covered_leads=48-78"
NY,KNYC,2026-03-22,2026-03-19T00:00:00Z,76,gefs,54.4814,7.0200,"s3://noaa-gefs-pds/gefs.20260319/00/atmos/pgrb2sp25/{geavg,gespr}.t00z.pgrb2s.0p25.f{078,084,090,096,102}#statistic=max_t(geavg)+offset;offset_f=+0.2514;raw_f=54.2300;spread=gespr@f096;covered_leads=72-102"
CHI,KMDW,2026-03-23,2026-03-23T00:00:00Z,5,gefs,40.0589,1.9800,"s3://noaa-gefs-pds/gefs.20260323/00/atmos/pgrb2sp25/{geavg,gespr}.t00z.pgrb2s.0p25.f{006,012,018,024,030}#statistic=max_t(geavg)+offset;offset_f=+0.0489;raw_f=40.0100;spread=gespr@f024;covered_leads=0-30"
CHI,KMDW,2026-03-23,2026-03-22T00:00:00Z,29,gefs,40.4189,3.2400,"s3://noaa-gefs-pds/gefs.20260322/00/atmos/pgrb2sp25/{geavg,gespr}.t00z.pgrb2s.0p25.f{030,036,042,048,054}#statistic=max_t(geavg)+offset;offset_f=+0.0489;raw_f=40.3700;spread=gespr@f048;covered_leads=24-54"
CHI,KMDW,2026-03-23,2026-03-21T00:00:00Z,53,gefs,42.5789,2.3400,"s3://noaa-gefs-pds/gefs.20260321/00/atmos/pgrb2sp25/{geavg,gespr}.t00z.pgrb2s.0p25.f{054,060,066,072,078}#statistic=max_t(geavg)+offset;offset_f=+0.0489;raw_f=42.5300;spread=gespr@f072;covered_leads=48-78"
CHI,KMDW,2026-03-23,2026-03-20T00:00:00Z,77,gefs,40.7789,2.5200,"s3://noaa-gefs-pds/gefs.20260320/00/atmos/pgrb2sp25/{geavg,gespr}.t00z.pgrb2s.0p25.f{078,084,090,096,102}#statistic=max_t(geavg)+offset;offset_f=+0.0489;raw_f=40.7300;spread=gespr@f096;covered_leads=72-102"
LAX,KLAX,2026-03-23,2026-03-23T00:00:00Z,7,gefs,76.5769,0.7200,"s3://noaa-gefs-pds/gefs.20260323/00/atmos/pgrb2sp25/{geavg,gespr}.t00z.pgrb2s.0p25.f{012,018,024,030,033}#statistic=max_t(geavg)+offset;offset_f=+0.0269;raw_f=76.5500;spread=gespr@f024;covered_leads=6-33"
LAX,KLAX,2026-03-23,2026-03-22T00:00:00Z,31,gefs,77.6569,0.9000,"s3://noaa-gefs-pds/gefs.20260322/00/atmos/pgrb2sp25/{geavg,gespr}.t00z.pgrb2s.0p25.f{036,042,048,054,057}#statistic=max_t(geavg)+offset;offset_f=+0.0269;raw_f=77.6300;spread=gespr@f048;covered_leads=30-57"
LAX,KLAX,2026-03-23,2026-03-21T00:00:00Z,55,gefs,77.1169,1.6200,"s3://noaa-gefs-pds/gefs.20260321/00/atmos/pgrb2sp25/{geavg,gespr}.t00z.pgrb2s.0p25.f{060,066,072,078,081}#statistic=max_t(geavg)+offset;offset_f=+0.0269;raw_f=77.0900;spread=gespr@f072;covered_leads=54-81"
LAX,KLAX,2026-03-23,2026-03-20T00:00:00Z,79,gefs,76.0369,1.8000,"s3://noaa-gefs-pds/gefs.20260320/00/atmos/pgrb2sp25/{geavg,gespr}.t00z.pgrb2s.0p25.f{084,090,096,102,105}#statistic=max_t(geavg)+offset;offset_f=+0.0269;raw_f=76.0100;spread=gespr@f096;covered_leads=78-105"
MIA,KMIA,2026-03-23,2026-03-23T00:00:00Z,4,gefs,79.8449,1.0800,"s3://noaa-gefs-pds/gefs.20260323/00/atmos/pgrb2sp25/{geavg,gespr}.t00z.pgrb2s.0p25.f{006,012,018,024,030}#statistic=max_t(geavg)+offset;offset_f=+0.0549;raw_f=79.7900;spread=gespr@f024;covered_leads=0-30"
MIA,KMIA,2026-03-23,2026-03-22T00:00:00Z,28,gefs,80.0249,0.9000,"s3://noaa-gefs-pds/gefs.20260322/00/atmos/pgrb2sp25/{geavg,gespr}.t00z.pgrb2s.0p25.f{030,036,042,048,054}#statistic=max_t(geavg)+offset;offset_f=+0.0549;raw_f=79.9700;spread=gespr@f048;covered_leads=24-54"
MIA,KMIA,2026-03-23,2026-03-21T00:00:00Z,52,gefs,79.6649,1.2600,"s3://noaa-gefs-pds/gefs.20260321/00/atmos/pgrb2sp25/{geavg,gespr}.t00z.pgrb2s.0p25.f{054,060,066,072,078}#statistic=max_t(geavg)+offset;offset_f=+0.0549;raw_f=79.6100;spread=gespr@f072;covered_leads=48-78"
MIA,KMIA,2026-03-23,2026-03-20T00:00:00Z,76,gefs,79.8449,1.4400,"s3://noaa-gefs-pds/gefs.20260320/00/atmos/pgrb2sp25/{geavg,gespr}.t00z.pgrb2s.0p25.f{078,084,090,096,102}#statistic=max_t(geavg)+offset;offset_f=+0.0549;raw_f=79.7900;spread=gespr@f096;covered_leads=72-102"
NY,KNYC,2026-03-23,2026-03-23T00:00:00Z,4,gefs,55.5614,0.7200,"s3://noaa-gefs-pds/gefs.20260323/00/atmos/pgrb2sp25/{geavg,gespr}.t00z.pgrb2s.0p25.f{006,012,018,024,030}#statistic=max_t(geavg)+offset;offset_f=+0.2514;raw_f=55.3100;spread=gespr@f006;covered_leads=0-30"
NY,KNYC,2026-03-23,2026-03-22T00:00:00Z,28,gefs,60.6014,2.5200,"s3://noaa-gefs-pds/gefs.20260322/00/atmos/pgrb2sp25/{geavg,gespr}.t00z.pgrb2s.0p25.f{030,036,042,048,054}#statistic=max_t(geavg)+offset;offset_f=+0.2514;raw_f=60.3500;spread=gespr@f030;covered_leads=24-54"
NY,KNYC,2026-03-23,2026-03-21T00:00:00Z,52,gefs,59.6834,3.3120,"s3://noaa-gefs-pds/gefs.20260321/00/atmos/pgrb2sp25/{geavg,gespr}.t00z.pgrb2s.0p25.f{054,060,066,072,078}#statistic=max_t(geavg)+offset;offset_f=+0.2514;raw_f=59.4320;spread=gespr@f054;covered_leads=48-78"
NY,KNYC,2026-03-23,2026-03-20T00:00:00Z,76,gefs,56.8214,5.5800,"s3://noaa-gefs-pds/gefs.20260320/00/atmos/pgrb2sp25/{geavg,gespr}.t00z.pgrb2s.0p25.f{078,084,090,096,102}#statistic=max_t(geavg)+offset;offset_f=+0.2514;raw_f=56.5700;spread=gespr@f078;covered_leads=72-102"
CHI,KMDW,2026-03-24,2026-03-24T00:00:00Z,5,gefs,49.5989,1.8000,"s3://noaa-gefs-pds/gefs.20260324/00/atmos/pgrb2sp25/{geavg,gespr}.t00z.pgrb2s.0p25.f{006,012,018,024,030}#statistic=max_t(geavg)+offset;offset_f=+0.0489;raw_f=49.5500;spread=gespr@f024;covered_leads=0-30"
CHI,KMDW,2026-03-24,2026-03-23T00:00:00Z,29,gefs,50.3189,1.9800,"s3://noaa-gefs-pds/gefs.20260323/00/atmos/pgrb2sp25/{geavg,gespr}.t00z.pgrb2s.0p25.f{030,036,042,048,054}#statistic=max_t(geavg)+offset;offset_f=+0.0489;raw_f=50.2700;spread=gespr@f048;covered_leads=24-54"
CHI,KMDW,2026-03-24,2026-03-22T00:00:00Z,53,gefs,51.7589,3.4200,"s3://noaa-gefs-pds/gefs.20260322/00/atmos/pgrb2sp25/{geavg,gespr}.t00z.pgrb2s.0p25.f{054,060,066,072,078}#statistic=max_t(geavg)+offset;offset_f=+0.0489;raw_f=51.7100;spread=gespr@f072;covered_leads=48-78"
CHI,KMDW,2026-03-24,2026-03-21T00:00:00Z,77,gefs,55.3589,3.0600,"s3://noaa-gefs-pds/gefs.20260321/00/atmos/pgrb2sp25/{geavg,gespr}.t00z.pgrb2s.0p25.f{078,084,090,096,102}#statistic=max_t(geavg)+offset;offset_f=+0.0489;raw_f=55.3100;spread=gespr@f096;covered_leads=72-102"
LAX,KLAX,2026-03-24,2026-03-24T00:00:00Z,7,gefs,75.8569,0.5400,"s3://noaa-gefs-pds/gefs.20260324/00/atmos/pgrb2sp25/{geavg,gespr}.t00z.pgrb2s.0p25.f{012,018,024,030,033}#statistic=max_t(geavg)+offset;offset_f=+0.0269;raw_f=75.8300;spread=gespr@f024;covered_leads=6-33"
LAX,KLAX,2026-03-24,2026-03-23T00:00:00Z,31,gefs,78.0169,0.7200,"s3://noaa-gefs-pds/gefs.20260323/00/atmos/pgrb2sp25/{geavg,gespr}.t00z.pgrb2s.0p25.f{036,042,048,054,057}#statistic=max_t(geavg)+offset;offset_f=+0.0269;raw_f=77.9900;spread=gespr@f048;covered_leads=30-57"
LAX,KLAX,2026-03-24,2026-03-22T00:00:00Z,55,gefs,78.3769,1.0800,"s3://noaa-gefs-pds/gefs.20260322/00/atmos/pgrb2sp25/{geavg,gespr}.t00z.pgrb2s.0p25.f{060,066,072,078,081}#statistic=max_t(geavg)+offset;offset_f=+0.0269;raw_f=78.3500;spread=gespr@f072;covered_leads=54-81"
LAX,KLAX,2026-03-24,2026-03-21T00:00:00Z,79,gefs,79.0969,1.4400,"s3://noaa-gefs-pds/gefs.20260321/00/atmos/pgrb2sp25/{geavg,gespr}.t00z.pgrb2s.0p25.f{084,090,096,102,105}#statistic=max_t(geavg)+offset;offset_f=+0.0269;raw_f=79.0700;spread=gespr@f096;covered_leads=78-105"
MIA,KMIA,2026-03-24,2026-03-24T00:00:00Z,4,gefs,80.7449,0.9000,"s3://noaa-gefs-pds/gefs.20260324/00/atmos/pgrb2sp25/{geavg,gespr}.t00z.pgrb2s.0p25.f{006,012,018,024,030}#statistic=max_t(geavg)+offset;offset_f=+0.0549;raw_f=80.6900;spread=gespr@f024;covered_leads=0-30"
MIA,KMIA,2026-03-24,2026-03-23T00:00:00Z,28,gefs,80.2049,1.0800,"s3://noaa-gefs-pds/gefs.20260323/00/atmos/pgrb2sp25/{geavg,gespr}.t00z.pgrb2s.0p25.f{030,036,042,048,054}#statistic=max_t(geavg)+offset;offset_f=+0.0549;raw_f=80.1500;spread=gespr@f048;covered_leads=24-54"
MIA,KMIA,2026-03-24,2026-03-22T00:00:00Z,52,gefs,80.3849,1.0800,"s3://noaa-gefs-pds/gefs.20260322/00/atmos/pgrb2sp25/{geavg,gespr}.t00z.pgrb2s.0p25.f{054,060,066,072,078}#statistic=max_t(geavg)+offset;offset_f=+0.0549;raw_f=80.3300;spread=gespr@f072;covered_leads=48-78"
MIA,KMIA,2026-03-24,2026-03-21T00:00:00Z,76,gefs,80.0249,1.2600,"s3://noaa-gefs-pds/gefs.20260321/00/atmos/pgrb2sp25/{geavg,gespr}.t00z.pgrb2s.0p25.f{078,084,090,096,102}#statistic=max_t(geavg)+offset;offset_f=+0.0549;raw_f=79.9700;spread=gespr@f096;covered_leads=72-102"
NY,KNYC,2026-03-24,2026-03-24T00:00:00Z,4,gefs,48.1814,1.6200,"s3://noaa-gefs-pds/gefs.20260324/00/atmos/pgrb2sp25/{geavg,gespr}.t00z.pgrb2s.0p25.f{006,012,018,024,030}#statistic=max_t(geavg)+offset;offset_f=+0.2514;raw_f=47.9300;spread=gespr@f024;covered_leads=0-30"
NY,KNYC,2026-03-24,2026-03-23T00:00:00Z,28,gefs,49.0814,1.9800,"s3://noaa-gefs-pds/gefs.20260323/00/atmos/pgrb2sp25/{geavg,gespr}.t00z.pgrb2s.0p25.f{030,036,042,048,054}#statistic=max_t(geavg)+offset;offset_f=+0.2514;raw_f=48.8300;spread=gespr@f048;covered_leads=24-54"
NY,KNYC,2026-03-24,2026-03-22T00:00:00Z,52,gefs,48.0014,2.1600,"s3://noaa-gefs-pds/gefs.20260322/00/atmos/pgrb2sp25/{geavg,gespr}.t00z.pgrb2s.0p25.f{054,060,066,072,078}#statistic=max_t(geavg)+offset;offset_f=+0.2514;raw_f=47.7500;spread=gespr@f072;covered_leads=48-78"
NY,KNYC,2026-03-24,2026-03-21T00:00:00Z,76,gefs,47.8214,2.5200,"s3://noaa-gefs-pds/gefs.20260321/00/atmos/pgrb2sp25/{geavg,gespr}.t00z.pgrb2s.0p25.f{078,084,090,096,102}#statistic=max_t(geavg)+offset;offset_f=+0.2514;raw_f=47.5700;spread=gespr@f096;covered_leads=72-102"
CHI,KMDW,2026-03-25,2026-03-25T00:00:00Z,5,gefs,62.9189,1.2600,"s3://noaa-gefs-pds/gefs.20260325/00/atmos/pgrb2sp25/{geavg,gespr}.t00z.pgrb2s.0p25.f{006,012,018,024,030}#statistic=max_t(geavg)+offset;offset_f=+0.0489;raw_f=62.8700;spread=gespr@f024;covered_leads=0-30"
CHI,KMDW,2026-03-25,2026-03-24T00:00:00Z,29,gefs,60.3989,3.7800,"s3://noaa-gefs-pds/gefs.20260324/00/atmos/pgrb2sp25/{geavg,gespr}.t00z.pgrb2s.0p25.f{030,036,042,048,054}#statistic=max_t(geavg)+offset;offset_f=+0.0489;raw_f=60.3500;spread=gespr@f048;covered_leads=24-54"
CHI,KMDW,2026-03-25,2026-03-23T00:00:00Z,53,gefs,61.1189,2.3400,"s3://noaa-gefs-pds/gefs.20260323/00/atmos/pgrb2sp25/{geavg,gespr}.t00z.pgrb2s.0p25.f{054,060,066,072,078}#statistic=max_t(geavg)+offset;offset_f=+0.0489;raw_f=61.0700;spread=gespr@f072;covered_leads=48-78"
CHI,KMDW,2026-03-25,2026-03-22T00:00:00Z,77,gefs,59.1389,3.6000,"s3://noaa-gefs-pds/gefs.20260322/00/atmos/pgrb2sp25/{geavg,gespr}.t00z.pgrb2s.0p25.f{078,084,090,096,102}#statistic=max_t(geavg)+offset;offset_f=+0.0489;raw_f=59.0900;spread=gespr@f096;covered_leads=72-102"
LAX,KLAX,2026-03-25,2026-03-25T00:00:00Z,7,gefs,74.5969,0.5400,"s3://noaa-gefs-pds/gefs.20260325/00/atmos/pgrb2sp25/{geavg,gespr}.t00z.pgrb2s.0p25.f{012,018,024,030,033}#statistic=max_t(geavg)+offset;offset_f=+0.0269;raw_f=74.5700;spread=gespr@f024;covered_leads=6-33"
LAX,KLAX,2026-03-25,2026-03-24T00:00:00Z,31,gefs,76.7569,0.7200,"s3://noaa-gefs-pds/gefs.20260324/00/atmos/pgrb2sp25/{geavg,gespr}.t00z.pgrb2s.0p25.f{036,042,048,054,057}#statistic=max_t(geavg)+offset;offset_f=+0.0269;raw_f=76.7300;spread=gespr@f048;covered_leads=30-57"
LAX,KLAX,2026-03-25,2026-03-23T00:00:00Z,55,gefs,77.1169,0.7200,"s3://noaa-gefs-pds/gefs.20260323/00/atmos/pgrb2sp25/{geavg,gespr}.t00z.pgrb2s.0p25.f{060,066,072,078,081}#statistic=max_t(geavg)+offset;offset_f=+0.0269;raw_f=77.0900;spread=gespr@f072;covered_leads=54-81"
LAX,KLAX,2026-03-25,2026-03-22T00:00:00Z,79,gefs,78.3769,1.4400,"s3://noaa-gefs-pds/gefs.20260322/00/atmos/pgrb2sp25/{geavg,gespr}.t00z.pgrb2s.0p25.f{084,090,096,102,105}#statistic=max_t(geavg)+offset;offset_f=+0.0269;raw_f=78.3500;spread=gespr@f096;covered_leads=78-105"
MIA,KMIA,2026-03-25,2026-03-25T00:00:00Z,4,gefs,79.8449,0.9000,"s3://noaa-gefs-pds/gefs.20260325/00/atmos/pgrb2sp25/{geavg,gespr}.t00z.pgrb2s.0p25.f{006,012,018,024,030}#statistic=max_t(geavg)+offset;offset_f=+0.0549;raw_f=79.7900;spread=gespr@f024;covered_leads=0-30"
MIA,KMIA,2026-03-25,2026-03-24T00:00:00Z,28,gefs,80.0249,0.9000,"s3://noaa-gefs-pds/gefs.20260324/00/atmos/pgrb2sp25/{geavg,gespr}.t00z.pgrb2s.0p25.f{030,036,042,048,054}#statistic=max_t(geavg)+offset;offset_f=+0.0549;raw_f=79.9700;spread=gespr@f048;covered_leads=24-54"
MIA,KMIA,2026-03-25,2026-03-23T00:00:00Z,52,gefs,78.5849,1.2600,"s3://noaa-gefs-pds/gefs.20260323/00/atmos/pgrb2sp25/{geavg,gespr}.t00z.pgrb2s.0p25.f{054,060,066,072,078}#statistic=max_t(geavg)+offset;offset_f=+0.0549;raw_f=78.5300;spread=gespr@f066;covered_leads=48-78"
MIA,KMIA,2026-03-25,2026-03-22T00:00:00Z,76,gefs,79.1249,1.0800,"s3://noaa-gefs-pds/gefs.20260322/00/atmos/pgrb2sp25/{geavg,gespr}.t00z.pgrb2s.0p25.f{078,084,090,096,102}#statistic=max_t(geavg)+offset;offset_f=+0.0549;raw_f=79.0700;spread=gespr@f096;covered_leads=72-102"
NY,KNYC,2026-03-25,2026-03-25T00:00:00Z,4,gefs,52.1414,1.4400,"s3://noaa-gefs-pds/gefs.20260325/00/atmos/pgrb2sp25/{geavg,gespr}.t00z.pgrb2s.0p25.f{006,012,018,024,030}#statistic=max_t(geavg)+offset;offset_f=+0.2514;raw_f=51.8900;spread=gespr@f024;covered_leads=0-30"
NY,KNYC,2026-03-25,2026-03-24T00:00:00Z,28,gefs,52.6814,1.9800,"s3://noaa-gefs-pds/gefs.20260324/00/atmos/pgrb2sp25/{geavg,gespr}.t00z.pgrb2s.0p25.f{030,036,042,048,054}#statistic=max_t(geavg)+offset;offset_f=+0.2514;raw_f=52.4300;spread=gespr@f048;covered_leads=24-54"
NY,KNYC,2026-03-25,2026-03-23T00:00:00Z,52,gefs,53.5814,2.5200,"s3://noaa-gefs-pds/gefs.20260323/00/atmos/pgrb2sp25/{geavg,gespr}.t00z.pgrb2s.0p25.f{054,060,066,072,078}#statistic=max_t(geavg)+offset;offset_f=+0.2514;raw_f=53.3300;spread=gespr@f072;covered_leads=48-78"
NY,KNYC,2026-03-25,2026-03-22T00:00:00Z,76,gefs,55.2014,2.3400,"s3://noaa-gefs-pds/gefs.20260322/00/atmos/pgrb2sp25/{geavg,gespr}.t00z.pgrb2s.0p25.f{078,084,090,096,102}#statistic=max_t(geavg)+offset;offset_f=+0.2514;raw_f=54.9500;spread=gespr@f096;covered_leads=72-102"
CHI,KMDW,2026-03-26,2026-03-26T00:00:00Z,5,gefs,69.0389,3.4200,"s3://noaa-gefs-pds/gefs.20260326/00/atmos/pgrb2sp25/{geavg,gespr}.t00z.pgrb2s.0p25.f{006,012,018,024,030}#statistic=max_t(geavg)+offset;offset_f=+0.0489;raw_f=68.9900;spread=gespr@f018;covered_leads=0-30"
CHI,KMDW,2026-03-26,2026-03-25T00:00:00Z,29,gefs,71.1989,3.9600,"s3://noaa-gefs-pds/gefs.20260325/00/atmos/pgrb2sp25/{geavg,gespr}.t00z.pgrb2s.0p25.f{030,036,042,048,054}#statistic=max_t(geavg)+offset;offset_f=+0.0489;raw_f=71.1500;spread=gespr@f048;covered_leads=24-54"
CHI,KMDW,2026-03-26,2026-03-24T00:00:00Z,53,gefs,73.5389,3.2400,"s3://noaa-gefs-pds/gefs.20260324/00/atmos/pgrb2sp25/{geavg,gespr}.t00z.pgrb2s.0p25.f{054,060,066,072,078}#statistic=max_t(geavg)+offset;offset_f=+0.0489;raw_f=73.4900;spread=gespr@f072;covered_leads=48-78"
CHI,KMDW,2026-03-26,2026-03-23T00:00:00Z,77,gefs,69.5789,5.4000,"s3://noaa-gefs-pds/gefs.20260323/00/atmos/pgrb2sp25/{geavg,gespr}.t00z.pgrb2s.0p25.f{078,084,090,096,102}#statistic=max_t(geavg)+offset;offset_f=+0.0489;raw_f=69.5300;spread=gespr@f096;covered_leads=72-102"
LAX,KLAX,2026-03-26,2026-03-26T00:00:00Z,7,gefs,77.6569,1.2600,"s3://noaa-gefs-pds/gefs.20260326/00/atmos/pgrb2sp25/{geavg,gespr}.t00z.pgrb2s.0p25.f{012,018,024,030,033}#statistic=max_t(geavg)+offset;offset_f=+0.0269;raw_f=77.6300;spread=gespr@f024;covered_leads=6-33"
LAX,KLAX,2026-03-26,2026-03-25T00:00:00Z,31,gefs,78.9169,1.4400,"s3://noaa-gefs-pds/gefs.20260325/00/atmos/pgrb2sp25/{geavg,gespr}.t00z.pgrb2s.0p25.f{036,042,048,054,057}#statistic=max_t(geavg)+offset;offset_f=+0.0269;raw_f=78.8900;spread=gespr@f048;covered_leads=30-57"
LAX,KLAX,2026-03-26,2026-03-24T00:00:00Z,55,gefs,77.6569,1.2600,"s3://noaa-gefs-pds/gefs.20260324/00/atmos/pgrb2sp25/{geavg,gespr}.t00z.pgrb2s.0p25.f{060,066,072,078,081}#statistic=max_t(geavg)+offset;offset_f=+0.0269;raw_f=77.6300;spread=gespr@f072;covered_leads=54-81"
LAX,KLAX,2026-03-26,2026-03-23T00:00:00Z,79,gefs,77.4769,1.4400,"s3://noaa-gefs-pds/gefs.20260323/00/atmos/pgrb2sp25/{geavg,gespr}.t00z.pgrb2s.0p25.f{084,090,096,102,105}#statistic=max_t(geavg)+offset;offset_f=+0.0269;raw_f=77.4500;spread=gespr@f096;covered_leads=78-105"
MIA,KMIA,2026-03-26,2026-03-26T00:00:00Z,4,gefs,79.6649,0.7200,"s3://noaa-gefs-pds/gefs.20260326/00/atmos/pgrb2sp25/{geavg,gespr}.t00z.pgrb2s.0p25.f{006,012,018,024,030}#statistic=max_t(geavg)+offset;offset_f=+0.0549;raw_f=79.6100;spread=gespr@f018;covered_leads=0-30"
MIA,KMIA,2026-03-26,2026-03-25T00:00:00Z,28,gefs,79.3049,0.5400,"s3://noaa-gefs-pds/gefs.20260325/00/atmos/pgrb2sp25/{geavg,gespr}.t00z.pgrb2s.0p25.f{030,036,042,048,054}#statistic=max_t(geavg)+offset;offset_f=+0.0549;raw_f=79.2500;spread=gespr@f048;covered_leads=24-54"
MIA,KMIA,2026-03-26,2026-03-24T00:00:00Z,52,gefs,78.7649,1.0800,"s3://noaa-gefs-pds/gefs.20260324/00/atmos/pgrb2sp25/{geavg,gespr}.t00z.pgrb2s.0p25.f{054,060,066,072,078}#statistic=max_t(geavg)+offset;offset_f=+0.0549;raw_f=78.7100;spread=gespr@f072;covered_leads=48-78"
MIA,KMIA,2026-03-26,2026-03-23T00:00:00Z,76,gefs,78.5849,1.0800,"s3://noaa-gefs-pds/gefs.20260323/00/atmos/pgrb2sp25/{geavg,gespr}.t00z.pgrb2s.0p25.f{078,084,090,096,102}#statistic=max_t(geavg)+offset;offset_f=+0.0549;raw_f=78.5300;spread=gespr@f096;covered_leads=72-102"
NY,KNYC,2026-03-26,2026-03-26T00:00:00Z,4,gefs,70.6814,1.2600,"s3://noaa-gefs-pds/gefs.20260326/00/atmos/pgrb2sp25/{geavg,gespr}.t00z.pgrb2s.0p25.f{006,012,018,024,030}#statistic=max_t(geavg)+offset;offset_f=+0.2514;raw_f=70.4300;spread=gespr@f024;covered_leads=0-30"
NY,KNYC,2026-03-26,2026-03-25T00:00:00Z,28,gefs,65.6414,3.4200,"s3://noaa-gefs-pds/gefs.20260325/00/atmos/pgrb2sp25/{geavg,gespr}.t00z.pgrb2s.0p25.f{030,036,042,048,054}#statistic=max_t(geavg)+offset;offset_f=+0.2514;raw_f=65.3900;spread=gespr@f048;covered_leads=24-54"
NY,KNYC,2026-03-26,2026-03-24T00:00:00Z,52,gefs,63.4814,2.8800,"s3://noaa-gefs-pds/gefs.20260324/00/atmos/pgrb2sp25/{geavg,gespr}.t00z.pgrb2s.0p25.f{054,060,066,072,078}#statistic=max_t(geavg)+offset;offset_f=+0.2514;raw_f=63.2300;spread=gespr@f072;covered_leads=48-78"
NY,KNYC,2026-03-26,2026-03-23T00:00:00Z,76,gefs,63.6614,4.3200,"s3://noaa-gefs-pds/gefs.20260323/00/atmos/pgrb2sp25/{geavg,gespr}.t00z.pgrb2s.0p25.f{078,084,090,096,102}#statistic=max_t(geavg)+offset;offset_f=+0.2514;raw_f=63.4100;spread=gespr@f096;covered_leads=72-102"
CHI,KMDW,2026-03-27,2026-03-27T00:00:00Z,5,gefs,43.4789,2.3400,"s3://noaa-gefs-pds/gefs.20260327/00/atmos/pgrb2sp25/{geavg,gespr}.t00z.pgrb2s.0p25.f{006,012,018,024,030}#statistic=max_t(geavg)+offset;offset_f=+0.0489;raw_f=43.4300;spread=gespr@f024;covered_leads=0-30"
CHI,KMDW,2026-03-27,2026-03-26T00:00:00Z,29,gefs,44.0189,1.8000,"s3://noaa-gefs-pds/gefs.20260326/00/atmos/pgrb2sp25/{geavg,gespr}.t00z.pgrb2s.0p25.f{030,036,042,048,054}#statistic=max_t(geavg)+offset;offset_f=+0.0489;raw_f=43.9700;spread=gespr@f030;covered_leads=24-54"
CHI,KMDW,2026-03-27,2026-03-25T00:00:00Z,53,gefs,48.1589,2.5200,"s3://noaa-gefs-pds/gefs.20260325/00/atmos/pgrb2sp25/{geavg,gespr}.t00z.pgrb2s.0p25.f{054,060,066,072,078}#statistic=max_t(geavg)+offset;offset_f=+0.0489;raw_f=48.1100;spread=gespr@f054;covered_leads=48-78"
CHI,KMDW,2026-03-27,2026-03-24T00:00:00Z,77,gefs,58.0589,7.0200,"s3://noaa-gefs-pds/gefs.20260324/00/atmos/pgrb2sp25/{geavg,gespr}.t00z.pgrb2s.0p25.f{078,084,090,096,102}#statistic=max_t(geavg)+offset;offset_f=+0.0489;raw_f=58.0100;spread=gespr@f078;covered_leads=72-102"
LAX,KLAX,2026-03-27,2026-03-27T00:00:00Z,7,gefs,76.0369,0.5400,"s3://noaa-gefs-pds/gefs.20260327/00/atmos/pgrb2sp25/{geavg,gespr}.t00z.pgrb2s.0p25.f{012,018,024,030,033}#statistic=max_t(geavg)+offset;offset_f=+0.0269;raw_f=76.0100;spread=gespr@f024;covered_leads=6-33"
LAX,KLAX,2026-03-27,2026-03-26T00:00:00Z,31,gefs,75.9829,1.0260,"s3://noaa-gefs-pds/gefs.20260326/00/atmos/pgrb2sp25/{geavg,gespr}.t00z.pgrb2s.0p25.f{036,042,048,054,057}#statistic=max_t(geavg)+offset;offset_f=+0.0269;raw_f=75.9560;spread=gespr@f048;covered_leads=30-57"
LAX,KLAX,2026-03-27,2026-03-25T00:00:00Z,55,gefs,76.0369,1.6200,"s3://noaa-gefs-pds/gefs.20260325/00/atmos/pgrb2sp25/{geavg,gespr}.t00z.pgrb2s.0p25.f{060,066,072,078,081}#statistic=max_t(geavg)+offset;offset_f=+0.0269;raw_f=76.0100;spread=gespr@f072;covered_leads=54-81"
LAX,KLAX,2026-03-27,2026-03-24T00:00:00Z,79,gefs,77.2969,2.1600,"s3://noaa-gefs-pds/gefs.20260324/00/atmos/pgrb2sp25/{geavg,gespr}.t00z.pgrb2s.0p25.f{084,090,096,102,105}#statistic=max_t(geavg)+offset;offset_f=+0.0269;raw_f=77.2700;spread=gespr@f096;covered_leads=78-105"
MIA,KMIA,2026-03-27,2026-03-27T00:00:00Z,4,gefs,79.8449,0.9000,"s3://noaa-gefs-pds/gefs.20260327/00/atmos/pgrb2sp25/{geavg,gespr}.t00z.pgrb2s.0p25.f{006,012,018,024,030}#statistic=max_t(geavg)+offset;offset_f=+0.0549;raw_f=79.7900;spread=gespr@f018;covered_leads=0-30"
MIA,KMIA,2026-03-27,2026-03-26T00:00:00Z,28,gefs,79.8629,1.0620,"s3://noaa-gefs-pds/gefs.20260326/00/atmos/pgrb2sp25/{geavg,gespr}.t00z.pgrb2s.0p25.f{030,036,042,048,054}#statistic=max_t(geavg)+offset;offset_f=+0.0549;raw_f=79.8080;spread=gespr@f048;covered_leads=24-54"
MIA,KMIA,2026-03-27,2026-03-25T00:00:00Z,52,gefs,80.2049,0.9000,"s3://noaa-gefs-pds/gefs.20260325/00/atmos/pgrb2sp25/{geavg,gespr}.t00z.pgrb2s.0p25.f{054,060,066,072,078}#statistic=max_t(geavg)+offset;offset_f=+0.0549;raw_f=80.1500;spread=gespr@f072;covered_leads=48-78"
MIA,KMIA,2026-03-27,2026-03-24T00:00:00Z,76,gefs,79.3049,0.9000,"s3://noaa-gefs-pds/gefs.20260324/00/atmos/pgrb2sp25/{geavg,gespr}.t00z.pgrb2s.0p25.f{078,084,090,096,102}#statistic=max_t(geavg)+offset;offset_f=+0.0549;raw_f=79.2500;spread=gespr@f096;covered_leads=72-102"
NY,KNYC,2026-03-27,2026-03-27T00:00:00Z,4,gefs,68.3414,0.7200,"s3://noaa-gefs-pds/gefs.20260327/00/atmos/pgrb2sp25/{geavg,gespr}.t00z.pgrb2s.0p25.f{006,012,018,024,030}#statistic=max_t(geavg)+offset;offset_f=+0.2514;raw_f=68.0900;spread=gespr@f006;covered_leads=0-30"
NY,KNYC,2026-03-27,2026-03-26T00:00:00Z,28,gefs,68.5214,1.0800,"s3://noaa-gefs-pds/gefs.20260326/00/atmos/pgrb2sp25/{geavg,gespr}.t00z.pgrb2s.0p25.f{030,036,042,048,054}#statistic=max_t(geavg)+offset;offset_f=+0.2514;raw_f=68.2700;spread=gespr@f030;covered_leads=24-54"
NY,KNYC,2026-03-27,2026-03-25T00:00:00Z,52,gefs,62.2214,2.7000,"s3://noaa-gefs-pds/gefs.20260325/00/atmos/pgrb2sp25/{geavg,gespr}.t00z.pgrb2s.0p25.f{054,060,066,072,078}#statistic=max_t(geavg)+offset;offset_f=+0.2514;raw_f=61.9700;spread=gespr@f054;covered_leads=48-78"
NY,KNYC,2026-03-27,2026-03-24T00:00:00Z,76,gefs,60.9614,2.5200,"s3://noaa-gefs-pds/gefs.20260324/00/atmos/pgrb2sp25/{geavg,gespr}.t00z.pgrb2s.0p25.f{078,084,090,096,102}#statistic=max_t(geavg)+offset;offset_f=+0.2514;raw_f=60.7100;spread=gespr@f078;covered_leads=72-102"
CHI,KMDW,2026-03-28,2026-03-28T00:00:00Z,5,gefs,47.6189,2.7000,"s3://noaa-gefs-pds/gefs.20260328/00/atmos/pgrb2sp25/{geavg,gespr}.t00z.pgrb2s.0p25.f{006,012,018,024,030}#statistic=max_t(geavg)+offset;offset_f=+0.0489;raw_f=47.5700;spread=gespr@f024;covered_leads=0-30"
CHI,KMDW,2026-03-28,2026-03-27T00:00:00Z,29,gefs,47.4029,3.4740,"s3://noaa-gefs-pds/gefs.20260327/00/atmos/pgrb2sp25/{geavg,gespr}.t00z.pgrb2s.0p25.f{030,036,042,048,054}#statistic=max_t(geavg)+offset;offset_f=+0.0489;raw_f=47.3540;spread=gespr@f048;covered_leads=24-54"
CHI,KMDW,2026-03-28,2026-03-26T00:00:00Z,53,gefs,46.8449,3.6180,"s3://noaa-gefs-pds/gefs.20260326/00/atmos/pgrb2sp25/{geavg,gespr}.t00z.pgrb2s.0p25.f{054,060,066,072,078}#statistic=max_t(geavg)+offset;offset_f=+0.0489;raw_f=46.7960;spread=gespr@f072;covered_leads=48-78"
CHI,KMDW,2026-03-28,2026-03-25T00:00:00Z,77,gefs,48.8789,2.8800,"s3://noaa-gefs-pds/gefs.20260325/00/atmos/pgrb2sp25/{geavg,gespr}.t00z.pgrb2s.0p25.f{078,084,090,096,102}#statistic=max_t(geavg)+offset;offset_f=+0.0489;raw_f=48.8300;spread=gespr@f096;covered_leads=72-102"
LAX,KLAX,2026-03-28,2026-03-28T00:00:00Z,7,gefs,76.9369,0.9000,"s3://noaa-gefs-pds/gefs.20260328/00/atmos/pgrb2sp25/{geavg,gespr}.t00z.pgrb2s.0p25.f{012,018,024,030,033}#statistic=max_t(geavg)+offset;offset_f=+0.0269;raw_f=76.9100;spread=gespr@f024;covered_leads=6-33"
LAX,KLAX,2026-03-28,2026-03-27T00:00:00Z,31,gefs,77.9809,1.2600,"s3://noaa-gefs-pds/gefs.20260327/00/atmos/pgrb2sp25/{geavg,gespr}.t00z.pgrb2s.0p25.f{036,042,048,054,057}#statistic=max_t(geavg)+offset;offset_f=+0.0269;raw_f=77.9540;spread=gespr@f048;covered_leads=30-57"
LAX,KLAX,2026-03-28,2026-03-26T00:00:00Z,55,gefs,79.0789,2.0520,"s3://noaa-gefs-pds/gefs.20260326/00/atmos/pgrb2sp25/{geavg,gespr}.t00z.pgrb2s.0p25.f{060,066,072,078,081}#statistic=max_t(geavg)+offset;offset_f=+0.0269;raw_f=79.0520;spread=gespr@f072;covered_leads=54-81"
LAX,KLAX,2026-03-28,2026-03-25T00:00:00Z,79,gefs,77.6569,2.7000,"s3://noaa-gefs-pds/gefs.20260325/00/atmos/pgrb2sp25/{geavg,gespr}.t00z.pgrb2s.0p25.f{084,090,096,102,105}#statistic=max_t(geavg)+offset;offset_f=+0.0269;raw_f=77.6300;spread=gespr@f096;covered_leads=78-105"
MIA,KMIA,2026-03-28,2026-03-28T00:00:00Z,4,gefs,82.1849,0.9000,"s3://noaa-gefs-pds/gefs.20260328/00/atmos/pgrb2sp25/{geavg,gespr}.t00z.pgrb2s.0p25.f{006,012,018,024,030}#statistic=max_t(geavg)+offset;offset_f=+0.0549;raw_f=82.1300;spread=gespr@f024;covered_leads=0-30"
MIA,KMIA,2026-03-28,2026-03-27T00:00:00Z,28,gefs,80.9069,0.7380,"s3://noaa-gefs-pds/gefs.20260327/00/atmos/pgrb2sp25/{geavg,gespr}.t00z.pgrb2s.0p25.f{030,036,042,048,054}#statistic=max_t(geavg)+offset;offset_f=+0.0549;raw_f=80.8520;spread=gespr@f048;covered_leads=24-54"
MIA,KMIA,2026-03-28,2026-03-26T00:00:00Z,52,gefs,80.9249,1.0800,"s3://noaa-gefs-pds/gefs.20260326/00/atmos/pgrb2sp25/{geavg,gespr}.t00z.pgrb2s.0p25.f{054,060,066,072,078}#statistic=max_t(geavg)+offset;offset_f=+0.0549;raw_f=80.8700;spread=gespr@f066;covered_leads=48-78"
MIA,KMIA,2026-03-28,2026-03-25T00:00:00Z,76,gefs,80.2049,0.9000,"s3://noaa-gefs-pds/gefs.20260325/00/atmos/pgrb2sp25/{geavg,gespr}.t00z.pgrb2s.0p25.f{078,084,090,096,102}#statistic=max_t(geavg)+offset;offset_f=+0.0549;raw_f=80.1500;spread=gespr@f090;covered_leads=72-102"
NY,KNYC,2026-03-28,2026-03-28T00:00:00Z,4,gefs,46.2374,1.1520,"s3://noaa-gefs-pds/gefs.20260328/00/atmos/pgrb2sp25/{geavg,gespr}.t00z.pgrb2s.0p25.f{006,012,018,024,030}#statistic=max_t(geavg)+offset;offset_f=+0.2514;raw_f=45.9860;spread=gespr@f006;covered_leads=0-30"
NY,KNYC,2026-03-28,2026-03-27T00:00:00Z,28,gefs,46.2014,2.7000,"s3://noaa-gefs-pds/gefs.20260327/00/atmos/pgrb2sp25/{geavg,gespr}.t00z.pgrb2s.0p25.f{030,036,042,048,054}#statistic=max_t(geavg)+offset;offset_f=+0.2514;raw_f=45.9500;spread=gespr@f030;covered_leads=24-54"
NY,KNYC,2026-03-28,2026-03-26T00:00:00Z,52,gefs,45.3014,3.2400,"s3://noaa-gefs-pds/gefs.20260326/00/atmos/pgrb2sp25/{geavg,gespr}.t00z.pgrb2s.0p25.f{054,060,066,072,078}#statistic=max_t(geavg)+offset;offset_f=+0.2514;raw_f=45.0500;spread=gespr@f054;covered_leads=48-78"
NY,KNYC,2026-03-28,2026-03-25T00:00:00Z,76,gefs,45.3914,2.9700,"s3://noaa-gefs-pds/gefs.20260325/00/atmos/pgrb2sp25/{geavg,gespr}.t00z.pgrb2s.0p25.f{078,084,090,096,102}#statistic=max_t(geavg)+offset;offset_f=+0.2514;raw_f=45.1400;spread=gespr@f078;covered_leads=72-102"
CHI,KMDW,2026-03-29,2026-03-29T00:00:00Z,5,gefs,59.3009,1.8900,"s3://noaa-gefs-pds/gefs.20260329/00/atmos/pgrb2sp25/{geavg,gespr}.t00z.pgrb2s.0p25.f{006,012,018,024,030}#statistic=max_t(geavg)+offset;offset_f=+0.0489;raw_f=59.2520;spread=gespr@f024;covered_leads=0-30"
CHI,KMDW,2026-03-29,2026-03-28T00:00:00Z,29,gefs,57.9869,4.8060,"s3://noaa-gefs-pds/gefs.20260328/00/atmos/pgrb2sp25/{geavg,gespr}.t00z.pgrb2s.0p25.f{030,036,042,048,054}#statistic=max_t(geavg)+offset;offset_f=+0.0489;raw_f=57.9380;spread=gespr@f048;covered_leads=24-54"
CHI,KMDW,2026-03-29,2026-03-27T00:00:00Z,53,gefs,59.4989,3.2400,"s3://noaa-gefs-pds/gefs.20260327/00/atmos/pgrb2sp25/{geavg,gespr}.t00z.pgrb2s.0p25.f{054,060,066,072,078}#statistic=max_t(geavg)+offset;offset_f=+0.0489;raw_f=59.4500;spread=gespr@f072;covered_leads=48-78"
CHI,KMDW,2026-03-29,2026-03-26T00:00:00Z,77,gefs,56.0609,3.7620,"s3://noaa-gefs-pds/gefs.20260326/00/atmos/pgrb2sp25/{geavg,gespr}.t00z.pgrb2s.0p25.f{078,084,090,096,102}#statistic=max_t(geavg)+offset;offset_f=+0.0489;raw_f=56.0120;spread=gespr@f096;covered_leads=72-102"
LAX,KLAX,2026-03-29,2026-03-29T00:00:00Z,7,gefs,78.0169,1.0440,"s3://noaa-gefs-pds/gefs.20260329/00/atmos/pgrb2sp25/{geavg,gespr}.t00z.pgrb2s.0p25.f{012,018,024,030,033}#statistic=max_t(geavg)+offset;offset_f=+0.0269;raw_f=77.9900;spread=gespr@f024;covered_leads=6-33"
LAX,KLAX,2026-03-29,2026-03-28T00:00:00Z,31,gefs,77.6749,1.3680,"s3://noaa-gefs-pds/gefs.20260328/00/atmos/pgrb2sp25/{geavg,gespr}.t00z.pgrb2s.0p25.f{036,042,048,054,057}#statistic=max_t(geavg)+offset;offset_f=+0.0269;raw_f=77.6480;spread=gespr@f048;covered_leads=30-57"
LAX,KLAX,2026-03-29,2026-03-27T00:00:00Z,55,gefs,78.3769,2.3400,"s3://noaa-gefs-pds/gefs.20260327/00/atmos/pgrb2sp25/{geavg,gespr}.t00z.pgrb2s.0p25.f{060,066,072,078,081}#statistic=max_t(geavg)+offset;offset_f=+0.0269;raw_f=78.3500;spread=gespr@f072;covered_leads=54-81"
LAX,KLAX,2026-03-29,2026-03-26T00:00:00Z,79,gefs,78.0169,1.8360,"s3://noaa-gefs-pds/gefs.20260326/00/atmos/pgrb2sp25/{geavg,gespr}.t00z.pgrb2s.0p25.f{084,090,096,102,105}#statistic=max_t(geavg)+offset;offset_f=+0.0269;raw_f=77.9900;spread=gespr@f096;covered_leads=78-105"
MIA,KMIA,2026-03-29,2026-03-29T00:00:00Z,4,gefs,78.8369,0.6480,"s3://noaa-gefs-pds/gefs.20260329/00/atmos/pgrb2sp25/{geavg,gespr}.t00z.pgrb2s.0p25.f{006,012,018,024,030}#statistic=max_t(geavg)+offset;offset_f=+0.0549;raw_f=78.7820;spread=gespr@f024;covered_leads=0-30"
MIA,KMIA,2026-03-29,2026-03-28T00:00:00Z,28,gefs,78.5129,1.4220,"s3://noaa-gefs-pds/gefs.20260328/00/atmos/pgrb2sp25/{geavg,gespr}.t00z.pgrb2s.0p25.f{030,036,042,048,054}#statistic=max_t(geavg)+offset;offset_f=+0.0549;raw_f=78.4580;spread=gespr@f048;covered_leads=24-54"
MIA,KMIA,2026-03-29,2026-03-27T00:00:00Z,52,gefs,78.4049,1.2600,"s3://noaa-gefs-pds/gefs.20260327/00/atmos/pgrb2sp25/{geavg,gespr}.t00z.pgrb2s.0p25.f{054,060,066,072,078}#statistic=max_t(geavg)+offset;offset_f=+0.0549;raw_f=78.3500;spread=gespr@f072;covered_leads=48-78"
MIA,KMIA,2026-03-29,2026-03-26T00:00:00Z,76,gefs,78.0449,1.8000,"s3://noaa-gefs-pds/gefs.20260326/00/atmos/pgrb2sp25/{geavg,gespr}.t00z.pgrb2s.0p25.f{078,084,090,096,102}#statistic=max_t(geavg)+offset;offset_f=+0.0549;raw_f=77.9900;spread=gespr@f090;covered_leads=72-102"
NY,KNYC,2026-03-29,2026-03-29T00:00:00Z,4,gefs,54.9674,1.0800,"s3://noaa-gefs-pds/gefs.20260329/00/atmos/pgrb2sp25/{geavg,gespr}.t00z.pgrb2s.0p25.f{006,012,018,024,030}#statistic=max_t(geavg)+offset;offset_f=+0.2514;raw_f=54.7160;spread=gespr@f024;covered_leads=0-30"
NY,KNYC,2026-03-29,2026-03-28T00:00:00Z,28,gefs,53.0234,2.3220,"s3://noaa-gefs-pds/gefs.20260328/00/atmos/pgrb2sp25/{geavg,gespr}.t00z.pgrb2s.0p25.f{030,036,042,048,054}#statistic=max_t(geavg)+offset;offset_f=+0.2514;raw_f=52.7720;spread=gespr@f048;covered_leads=24-54"
NY,KNYC,2026-03-29,2026-03-27T00:00:00Z,52,gefs,53.9414,2.7000,"s3://noaa-gefs-pds/gefs.20260327/00/atmos/pgrb2sp25/{geavg,gespr}.t00z.pgrb2s.0p25.f{054,060,066,072,078}#statistic=max_t(geavg)+offset;offset_f=+0.2514;raw_f=53.6900;spread=gespr@f072;covered_leads=48-78"
NY,KNYC,2026-03-29,2026-03-26T00:00:00Z,76,gefs,50.6834,3.1860,"s3://noaa-gefs-pds/gefs.20260326/00/atmos/pgrb2sp25/{geavg,gespr}.t00z.pgrb2s.0p25.f{078,084,090,096,102}#statistic=max_t(geavg)+offset;offset_f=+0.2514;raw_f=50.4320;spread=gespr@f096;covered_leads=72-102"
CHI,KMDW,2026-03-30,2026-03-30T00:00:00Z,5,gefs,70.2449,2.0340,"s3://noaa-gefs-pds/gefs.20260330/00/atmos/pgrb2sp25/{geavg,gespr}.t00z.pgrb2s.0p25.f{006,012,018,024,030}#statistic=max_t(geavg)+offset;offset_f=+0.0489;raw_f=70.1960;spread=gespr@f024;covered_leads=0-30"
CHI,KMDW,2026-03-30,2026-03-29T00:00:00Z,29,gefs,68.3909,2.3580,"s3://noaa-gefs-pds/gefs.20260329/00/atmos/pgrb2sp25/{geavg,gespr}.t00z.pgrb2s.0p25.f{030,036,042,048,054}#statistic=max_t(geavg)+offset;offset_f=+0.0489;raw_f=68.3420;spread=gespr@f048;covered_leads=24-54"
CHI,KMDW,2026-03-30,2026-03-28T00:00:00Z,53,gefs,69.5609,3.4920,"s3://noaa-gefs-pds/gefs.20260328/00/atmos/pgrb2sp25/{geavg,gespr}.t00z.pgrb2s.0p25.f{054,060,066,072,078}#statistic=max_t(geavg)+offset;offset_f=+0.0489;raw_f=69.5120;spread=gespr@f072;covered_leads=48-78"
CHI,KMDW,2026-03-30,2026-03-27T00:00:00Z,77,gefs,68.5529,3.1860,"s3://noaa-gefs-pds/gefs.20260327/00/atmos/pgrb2sp25/{geavg,gespr}.t00z.pgrb2s.0p25.f{078,084,090,096,102}#statistic=max_t(geavg)+offset;offset_f=+0.0489;raw_f=68.5040;spread=gespr@f096;covered_leads=72-102"
LAX,KLAX,2026-03-30,2026-03-30T00:00:00Z,7,gefs,72.4369,0.7200,"s3://noaa-gefs-pds/gefs.20260330/00/atmos/pgrb2sp25/{geavg,gespr}.t00z.pgrb2s.0p25.f{012,018,024,030,033}#statistic=max_t(geavg)+offset;offset_f=+0.0269;raw_f=72.4100;spread=gespr@f024;covered_leads=6-33"
LAX,KLAX,2026-03-30,2026-03-29T00:00:00Z,31,gefs,72.6349,0.7020,"s3://noaa-gefs-pds/gefs.20260329/00/atmos/pgrb2sp25/{geavg,gespr}.t00z.pgrb2s.0p25.f{036,042,048,054,057}#statistic=max_t(geavg)+offset;offset_f=+0.0269;raw_f=72.6080;spread=gespr@f048;covered_leads=30-57"
LAX,KLAX,2026-03-30,2026-03-28T00:00:00Z,55,gefs,72.1849,1.0080,"s3://noaa-gefs-pds/gefs.20260328/00/atmos/pgrb2sp25/{geavg,gespr}.t00z.pgrb2s.0p25.f{060,066,072,078,081}#statistic=max_t(geavg)+offset;offset_f=+0.0269;raw_f=72.1580;spread=gespr@f072;covered_leads=54-81"
LAX,KLAX,2026-03-30,2026-03-27T00:00:00Z,79,gefs,71.9329,1.5660,"s3://noaa-gefs-pds/gefs.20260327/00/atmos/pgrb2sp25/{geavg,gespr}.t00z.pgrb2s.0p25.f{084,090,096,102,105}#statistic=max_t(geavg)+offset;offset_f=+0.0269;raw_f=71.9060;spread=gespr@f096;covered_leads=78-105"
MIA,KMIA,2026-03-30,2026-03-30T00:00:00Z,4,gefs,78.7109,0.8280,"s3://noaa-gefs-pds/gefs.20260330/00/atmos/pgrb2sp25/{geavg,gespr}.t00z.pgrb2s.0p25.f{006,012,018,024,030}#statistic=max_t(geavg)+offset;offset_f=+0.0549;raw_f=78.6560;spread=gespr@f024;covered_leads=0-30"
MIA,KMIA,2026-03-30,2026-03-29T00:00:00Z,28,gefs,78.7649,1.0260,"s3://noaa-gefs-pds/gefs.20260329/00/atmos/pgrb2sp25/{geavg,gespr}.t00z.pgrb2s.0p25.f{030,036,042,048,054}#statistic=max_t(geavg)+offset;offset_f=+0.0549;raw_f=78.7100;spread=gespr@f048;covered_leads=24-54"
MIA,KMIA,2026-03-30,2026-03-28T00:00:00Z,52,gefs,78.7649,0.9900,"s3://noaa-gefs-pds/gefs.20260328/00/atmos/pgrb2sp25/{geavg,gespr}.t00z.pgrb2s.0p25.f{054,060,066,072,078}#statistic=max_t(geavg)+offset;offset_f=+0.0549;raw_f=78.7100;spread=gespr@f072;covered_leads=48-78"
MIA,KMIA,2026-03-30,2026-03-27T00:00:00Z,76,gefs,78.3149,1.3860,"s3://noaa-gefs-pds/gefs.20260327/00/atmos/pgrb2sp25/{geavg,gespr}.t00z.pgrb2s.0p25.f{078,084,090,096,102}#statistic=max_t(geavg)+offset;offset_f=+0.0549;raw_f=78.2600;spread=gespr@f096;covered_leads=72-102"
NY,KNYC,2026-03-30,2026-03-30T00:00:00Z,4,gefs,64.9574,2.3400,"s3://noaa-gefs-pds/gefs.20260330/00/atmos/pgrb2sp25/{geavg,gespr}.t00z.pgrb2s.0p25.f{006,012,018,024,030}#statistic=max_t(geavg)+offset;offset_f=+0.2514;raw_f=64.7060;spread=gespr@f024;covered_leads=0-30"
NY,KNYC,2026-03-30,2026-03-29T00:00:00Z,28,gefs,59.5394,3.3660,"s3://noaa-gefs-pds/gefs.20260329/00/atmos/pgrb2sp25/{geavg,gespr}.t00z.pgrb2s.0p25.f{030,036,042,048,054}#statistic=max_t(geavg)+offset;offset_f=+0.2514;raw_f=59.2880;spread=gespr@f048;covered_leads=24-54"
NY,KNYC,2026-03-30,2026-03-28T00:00:00Z,52,gefs,58.4414,4.6800,"s3://noaa-gefs-pds/gefs.20260328/00/atmos/pgrb2sp25/{geavg,gespr}.t00z.pgrb2s.0p25.f{054,060,066,072,078}#statistic=max_t(geavg)+offset;offset_f=+0.2514;raw_f=58.1900;spread=gespr@f066;covered_leads=48-78"
NY,KNYC,2026-03-30,2026-03-27T00:00:00Z,76,gefs,58.5854,5.5260,"s3://noaa-gefs-pds/gefs.20260327/00/atmos/pgrb2sp25/{geavg,gespr}.t00z.pgrb2s.0p25.f{078,084,090,096,102}#statistic=max_t(geavg)+offset;offset_f=+0.2514;raw_f=58.3340;spread=gespr@f096;covered_leads=72-102"
CHI,KMDW,2026-03-31,2026-03-31T00:00:00Z,5,gefs,72.8369,0.3780,"s3://noaa-gefs-pds/gefs.20260331/00/atmos/pgrb2sp25/{geavg,gespr}.t00z.pgrb2s.0p25.f{006,012,018,024,030}#statistic=max_t(geavg)+offset;offset_f=+0.0489;raw_f=72.7880;spread=gespr@f006;covered_leads=0-30"
CHI,KMDW,2026-03-31,2026-03-30T00:00:00Z,29,gefs,71.5769,2.9340,"s3://noaa-gefs-pds/gefs.20260330/00/atmos/pgrb2sp25/{geavg,gespr}.t00z.pgrb2s.0p25.f{030,036,042,048,054}#statistic=max_t(geavg)+offset;offset_f=+0.0489;raw_f=71.5280;spread=gespr@f048;covered_leads=24-54"
CHI,KMDW,2026-03-31,2026-03-29T00:00:00Z,53,gefs,73.7369,3.0060,"s3://noaa-gefs-pds/gefs.20260329/00/atmos/pgrb2sp25/{geavg,gespr}.t00z.pgrb2s.0p25.f{054,060,066,072,078}#statistic=max_t(geavg)+offset;offset_f=+0.0489;raw_f=73.6880;spread=gespr@f072;covered_leads=48-78"
CHI,KMDW,2026-03-31,2026-03-28T00:00:00Z,77,gefs,69.2009,3.9420,"s3://noaa-gefs-pds/gefs.20260328/00/atmos/pgrb2sp25/{geavg,gespr}.t00z.pgrb2s.0p25.f{078,084,090,096,102}#statistic=max_t(geavg)+offset;offset_f=+0.0489;raw_f=69.1520;spread=gespr@f090;covered_leads=72-102"
LAX,KLAX,2026-03-31,2026-03-31T00:00:00Z,7,gefs,68.3509,1.3680,"s3://noaa-gefs-pds/gefs.20260331/00/atmos/pgrb2sp25/{geavg,gespr}.t00z.pgrb2s.0p25.f{012,018,024,030,033}#statistic=max_t(geavg)+offset;offset_f=+0.0269;raw_f=68.3240;spread=gespr@f024;covered_leads=6-33"
LAX,KLAX,2026-03-31,2026-03-30T00:00:00Z,31,gefs,69.3769,1.2420,"s3://noaa-gefs-pds/gefs.20260330/00/atmos/pgrb2sp25/{geavg,gespr}.t00z.pgrb2s.0p25.f{036,042,048,054,057}#statistic=max_t(geavg)+offset;offset_f=+0.0269;raw_f=69.3500;spread=gespr@f048;covered_leads=30-57"
LAX,KLAX,2026-03-31,2026-03-29T00:00:00Z,55,gefs,71.0689,1.5480,"s3://noaa-gefs-pds/gefs.20260329/00/atmos/pgrb2sp25/{geavg,gespr}.t00z.pgrb2s.0p25.f{060,066,072,078,081}#statistic=max_t(geavg)+offset;offset_f=+0.0269;raw_f=71.0420;spread=gespr@f072;covered_leads=54-81"
LAX,KLAX,2026-03-31,2026-03-28T00:00:00Z,79,gefs,71.5549,0.7560,"s3://noaa-gefs-pds/gefs.20260328/00/atmos/pgrb2sp25/{geavg,gespr}.t00z.pgrb2s.0p25.f{084,090,096,102,105}#statistic=max_t(geavg)+offset;offset_f=+0.0269;raw_f=71.5280;spread=gespr@f096;covered_leads=78-105"
MIA,KMIA,2026-03-31,2026-03-31T00:00:00Z,4,gefs,78.1349,0.7560,"s3://noaa-gefs-pds/gefs.20260331/00/atmos/pgrb2sp25/{geavg,gespr}.t00z.pgrb2s.0p25.f{006,012,018,024,030}#statistic=max_t(geavg)+offset;offset_f=+0.0549;raw_f=78.0800;spread=gespr@f018;covered_leads=0-30"
MIA,KMIA,2026-03-31,2026-03-30T00:00:00Z,28,gefs,78.5129,1.0620,"s3://noaa-gefs-pds/gefs.20260330/00/atmos/pgrb2sp25/{geavg,gespr}.t00z.pgrb2s.0p25.f{030,036,042,048,054}#statistic=max_t(geavg)+offset;offset_f=+0.0549;raw_f=78.4580;spread=gespr@f042;covered_leads=24-54"
MIA,KMIA,2026-03-31,2026-03-29T00:00:00Z,52,gefs,78.2609,1.4040,"s3://noaa-gefs-pds/gefs.20260329/00/atmos/pgrb2sp25/{geavg,gespr}.t00z.pgrb2s.0p25.f{054,060,066,072,078}#statistic=max_t(geavg)+offset;offset_f=+0.0549;raw_f=78.2060;spread=gespr@f066;covered_leads=48-78"
MIA,KMIA,2026-03-31,2026-03-28T00:00:00Z,76,gefs,78.8189,1.4400,"s3://noaa-gefs-pds/gefs.20260328/00/atmos/pgrb2sp25/{geavg,gespr}.t00z.pgrb2s.0p25.f{078,084,090,096,102}#statistic=max_t(geavg)+offset;offset_f=+0.0549;raw_f=78.7640;spread=gespr@f096;covered_leads=72-102"
NY,KNYC,2026-03-31,2026-03-31T00:00:00Z,4,gefs,74.0474,0.9720,"s3://noaa-gefs-pds/gefs.20260331/00/atmos/pgrb2sp25/{geavg,gespr}.t00z.pgrb2s.0p25.f{006,012,018,024,030}#statistic=max_t(geavg)+offset;offset_f=+0.2514;raw_f=73.7960;spread=gespr@f024;covered_leads=0-30"
NY,KNYC,2026-03-31,2026-03-30T00:00:00Z,28,gefs,73.6514,1.7820,"s3://noaa-gefs-pds/gefs.20260330/00/atmos/pgrb2sp25/{geavg,gespr}.t00z.pgrb2s.0p25.f{030,036,042,048,054}#statistic=max_t(geavg)+offset;offset_f=+0.2514;raw_f=73.4000;spread=gespr@f048;covered_leads=24-54"
NY,KNYC,2026-03-31,2026-03-29T00:00:00Z,52,gefs,71.7074,3.9060,"s3://noaa-gefs-pds/gefs.20260329/00/atmos/pgrb2sp25/{geavg,gespr}.t00z.pgrb2s.0p25.f{054,060,066,072,078}#statistic=max_t(geavg)+offset;offset_f=+0.2514;raw_f=71.4560;spread=gespr@f072;covered_leads=48-78"
NY,KNYC,2026-03-31,2026-03-28T00:00:00Z,76,gefs,73.1834,1.7460,"s3://noaa-gefs-pds/gefs.20260328/00/atmos/pgrb2sp25/{geavg,gespr}.t00z.pgrb2s.0p25.f{078,084,090,096,102}#statistic=max_t(geavg)+offset;offset_f=+0.2514;raw_f=72.9320;spread=gespr@f096;covered_leads=72-102"
CHI,KMDW,2026-04-01,2026-04-01T00:00:00Z,5,gefs,46.3769,0.6300,"s3://noaa-gefs-pds/gefs.20260401/00/atmos/pgrb2sp25/{geavg,gespr}.t00z.pgrb2s.0p25.f{006,012,018,024,030}#statistic=max_t(geavg)+offset;offset_f=+0.0489;raw_f=46.3280;spread=gespr@f006;covered_leads=0-30"
CHI,KMDW,2026-04-01,2026-03-31T00:00:00Z,29,gefs,53.7389,3.9600,"s3://noaa-gefs-pds/gefs.20260331/00/atmos/pgrb2sp25/{geavg,gespr}.t00z.pgrb2s.0p25.f{030,036,042,048,054}#statistic=max_t(geavg)+offset;offset_f=+0.0489;raw_f=53.6900;spread=gespr@f030;covered_leads=24-54"
CHI,KMDW,2026-04-01,2026-03-30T00:00:00Z,53,gefs,67.4189,4.6800,"s3://noaa-gefs-pds/gefs.20260330/00/atmos/pgrb2sp25/{geavg,gespr}.t00z.pgrb2s.0p25.f{054,060,066,072,078}#statistic=max_t(geavg)+offset;offset_f=+0.0489;raw_f=67.3700;spread=gespr@f054;covered_leads=48-78"
CHI,KMDW,2026-04-01,2026-03-29T00:00:00Z,77,gefs,68.1389,4.1400,"s3://noaa-gefs-pds/gefs.20260329/00/atmos/pgrb2sp25/{geavg,gespr}.t00z.pgrb2s.0p25.f{078,084,090,096,102}#statistic=max_t(geavg)+offset;offset_f=+0.0489;raw_f=68.0900;spread=gespr@f078;covered_leads=72-102"
LAX,KLAX,2026-04-01,2026-04-01T00:00:00Z,7,gefs,66.7129,0.5400,"s3://noaa-gefs-pds/gefs.20260401/00/atmos/pgrb2sp25/{geavg,gespr}.t00z.pgrb2s.0p25.f{012,018,024,030,033}#statistic=max_t(geavg)+offset;offset_f=+0.0269;raw_f=66.6860;spread=gespr@f024;covered_leads=6-33"
LAX,KLAX,2026-04-01,2026-03-31T00:00:00Z,31,gefs,66.8929,0.9360,"s3://noaa-gefs-pds/gefs.20260331/00/atmos/pgrb2sp25/{geavg,gespr}.t00z.pgrb2s.0p25.f{036,042,048,054,057}#statistic=max_t(geavg)+offset;offset_f=+0.0269;raw_f=66.8660;spread=gespr@f048;covered_leads=30-57"
LAX,KLAX,2026-04-01,2026-03-30T00:00:00Z,55,gefs,68.1169,1.0800,"s3://noaa-gefs-pds/gefs.20260330/00/atmos/pgrb2sp25/{geavg,gespr}.t00z.pgrb2s.0p25.f{060,066,072,078,081}#statistic=max_t(geavg)+offset;offset_f=+0.0269;raw_f=68.0900;spread=gespr@f072;covered_leads=54-81"
LAX,KLAX,2026-04-01,2026-03-29T00:00:00Z,79,gefs,70.1869,1.8720,"s3://noaa-gefs-pds/gefs.20260329/00/atmos/pgrb2sp25/{geavg,gespr}.t00z.pgrb2s.0p25.f{084,090,096,102,105}#statistic=max_t(geavg)+offset;offset_f=+0.0269;raw_f=70.1600;spread=gespr@f096;covered_leads=78-105"
MIA,KMIA,2026-04-01,2026-04-01T00:00:00Z,4,gefs,77.5229,0.7380,"s3://noaa-gefs-pds/gefs.20260401/00/atmos/pgrb2sp25/{geavg,gespr}.t00z.pgrb2s.0p25.f{006,012,018,024,030}#statistic=max_t(geavg)+offset;offset_f=+0.0549;raw_f=77.4680;spread=gespr@f024;covered_leads=0-30"
MIA,KMIA,2026-04-01,2026-03-31T00:00:00Z,28,gefs,77.7389,1.1340,"s3://noaa-gefs-pds/gefs.20260331/00/atmos/pgrb2sp25/{geavg,gespr}.t00z.pgrb2s.0p25.f{030,036,042,048,054}#statistic=max_t(geavg)+offset;offset_f=+0.0549;raw_f=77.6840;spread=gespr@f048;covered_leads=24-54"
MIA,KMIA,2026-04-01,2026-03-30T00:00:00Z,52,gefs,78.9449,1.0800,"s3://noaa-gefs-pds/gefs.20260330/00/atmos/pgrb2sp25/{geavg,gespr}.t00z.pgrb2s.0p25.f{054,060,066,072,078}#statistic=max_t(geavg)+offset;offset_f=+0.0549;raw_f=78.8900;spread=gespr@f072;covered_leads=48-78"
MIA,KMIA,2026-04-01,2026-03-29T00:00:00Z,76,gefs,78.4229,1.0260,"s3://noaa-gefs-pds/gefs.20260329/00/atmos/pgrb2sp25/{geavg,gespr}.t00z.pgrb2s.0p25.f{078,084,090,096,102}#statistic=max_t(geavg)+offset;offset_f=+0.0549;raw_f=78.3680;spread=gespr@f096;covered_leads=72-102"
NY,KNYC,2026-04-01,2026-04-01T00:00:00Z,4,gefs,73.5974,2.1960,"s3://noaa-gefs-pds/gefs.20260401/00/atmos/pgrb2sp25/{geavg,gespr}.t00z.pgrb2s.0p25.f{006,012,018,024,030}#statistic=max_t(geavg)+offset;offset_f=+0.2514;raw_f=73.3460;spread=gespr@f024;covered_leads=0-30"
NY,KNYC,2026-04-01,2026-03-31T00:00:00Z,28,gefs,75.7394,2.7000,"s3://noaa-gefs-pds/gefs.20260331/00/atmos/pgrb2sp25/{geavg,gespr}.t00z.pgrb2s.0p25.f{030,036,042,048,054}#statistic=max_t(geavg)+offset;offset_f=+0.2514;raw_f=75.4880;spread=gespr@f048;covered_leads=24-54"
NY,KNYC,2026-04-01,2026-03-30T00:00:00Z,52,gefs,78.6014,2.7000,"s3://noaa-gefs-pds/gefs.20260330/00/atmos/pgrb2sp25/{geavg,gespr}.t00z.pgrb2s.0p25.f{054,060,066,072,078}#statistic=max_t(geavg)+offset;offset_f=+0.2514;raw_f=78.3500;spread=gespr@f072;covered_leads=48-78"
NY,KNYC,2026-04-01,2026-03-29T00:00:00Z,76,gefs,78.6734,1.3680,"s3://noaa-gefs-pds/gefs.20260329/00/atmos/pgrb2sp25/{geavg,gespr}.t00z.pgrb2s.0p25.f{078,084,090,096,102}#statistic=max_t(geavg)+offset;offset_f=+0.2514;raw_f=78.4220;spread=gespr@f096;covered_leads=72-102"
CHI,KMDW,2026-04-02,2026-04-02T00:00:00Z,5,gefs,67.8689,1.4400,"s3://noaa-gefs-pds/gefs.20260402/00/atmos/pgrb2sp25/{geavg,gespr}.t00z.pgrb2s.0p25.f{006,012,018,024,030}#statistic=max_t(geavg)+offset;offset_f=+0.0489;raw_f=67.8200;spread=gespr@f024;covered_leads=0-30"
CHI,KMDW,2026-04-02,2026-04-01T00:00:00Z,29,gefs,69.8309,1.6560,"s3://noaa-gefs-pds/gefs.20260401/00/atmos/pgrb2sp25/{geavg,gespr}.t00z.pgrb2s.0p25.f{030,036,042,048,054}#statistic=max_t(geavg)+offset;offset_f=+0.0489;raw_f=69.7820;spread=gespr@f048;covered_leads=24-54"
CHI,KMDW,2026-04-02,2026-03-31T00:00:00Z,53,gefs,71.2169,2.3760,"s3://noaa-gefs-pds/gefs.20260331/00/atmos/pgrb2sp25/{geavg,gespr}.t00z.pgrb2s.0p25.f{054,060,066,072,078}#statistic=max_t(geavg)+offset;offset_f=+0.0489;raw_f=71.1680;spread=gespr@f072;covered_leads=48-78"
CHI,KMDW,2026-04-02,2026-03-30T00:00:00Z,77,gefs,63.2789,8.2800,"s3://noaa-gefs-pds/gefs.20260330/00/atmos/pgrb2sp25/{geavg,gespr}.t00z.pgrb2s.0p25.f{078,084,090,096,102}#statistic=max_t(geavg)+offset;offset_f=+0.0489;raw_f=63.2300;spread=gespr@f096;covered_leads=72-102"
LAX,KLAX,2026-04-02,2026-04-02T00:00:00Z,7,gefs,68.6569,0.7380,"s3://noaa-gefs-pds/gefs.20260402/00/atmos/pgrb2sp25/{geavg,gespr}.t00z.pgrb2s.0p25.f{012,018,024,030,033}#statistic=max_t(geavg)+offset;offset_f=+0.0269;raw_f=68.6300;spread=gespr@f024;covered_leads=6-33"
LAX,KLAX,2026-04-02,2026-04-01T00:00:00Z,31,gefs,67.8289,0.9720,"s3://noaa-gefs-pds/gefs.20260401/00/atmos/pgrb2sp25/{geavg,gespr}.t00z.pgrb2s.0p25.f{036,042,048,054,057}#statistic=max_t(geavg)+offset;offset_f=+0.0269;raw_f=67.8020;spread=gespr@f048;covered_leads=30-57"
LAX,KLAX,2026-04-02,2026-03-31T00:00:00Z,55,gefs,66.6409,1.3320,"s3://noaa-gefs-pds/gefs.20260331/00/atmos/pgrb2sp25/{geavg,gespr}.t00z.pgrb2s.0p25.f{060,066,072,078,081}#statistic=max_t(geavg)+offset;offset_f=+0.0269;raw_f=66.6140;spread=gespr@f072;covered_leads=54-81"
LAX,KLAX,2026-04-02,2026-03-30T00:00:00Z,79,gefs,68.2969,1.6200,"s3://noaa-gefs-pds/gefs.20260330/00/atmos/pgrb2sp25/{geavg,gespr}.t00z.pgrb2s.0p25.f{084,090,096,102,105}#statistic=max_t(geavg)+offset;offset_f=+0.0269;raw_f=68.2700;spread=gespr@f096;covered_leads=78-105"
MIA,KMIA,2026-04-02,2026-04-02T00:00:00Z,4,gefs,79.3769,0.5400,"s3://noaa-gefs-pds/gefs.20260402/00/atmos/pgrb2sp25/{geavg,gespr}.t00z.pgrb2s.0p25.f{006,012,018,024,030}#statistic=max_t(geavg)+offset;offset_f=+0.0549;raw_f=79.3220;spread=gespr@f024;covered_leads=0-30"
MIA,KMIA,2026-04-02,2026-04-01T00:00:00Z,28,gefs,78.9629,0.5220,"s3://noaa-gefs-pds/gefs.20260401/00/atmos/pgrb2sp25/{geavg,gespr}.t00z.pgrb2s.0p25.f{030,036,042,048,054}#statistic=max_t(geavg)+offset;offset_f=+0.0549;raw_f=78.9080;spread=gespr@f048;covered_leads=24-54"
MIA,KMIA,2026-04-02,2026-03-31T00:00:00Z,52,gefs,79.0889,0.7740,"s3://noaa-gefs-pds/gefs.20260331/00/atmos/pgrb2sp25/{geavg,gespr}.t00z.pgrb2s.0p25.f{054,060,066,072,078}#statistic=max_t(geavg)+offset;offset_f=+0.0549;raw_f=79.0340;spread=gespr@f072;covered_leads=48-78"
MIA,KMIA,2026-04-02,2026-03-30T00:00:00Z,76,gefs,79.4849,0.7200,"s3://noaa-gefs-pds/gefs.20260330/00/atmos/pgrb2sp25/{geavg,gespr}.t00z.pgrb2s.0p25.f{078,084,090,096,102}#statistic=max_t(geavg)+offset;offset_f=+0.0549;raw_f=79.4300;spread=gespr@f096;covered_leads=72-102"
NY,KNYC,2026-04-02,2026-04-02T00:00:00Z,4,gefs,61.5374,1.2960,"s3://noaa-gefs-pds/gefs.20260402/00/atmos/pgrb2sp25/{geavg,gespr}.t00z.pgrb2s.0p25.f{006,012,018,024,030}#statistic=max_t(geavg)+offset;offset_f=+0.2514;raw_f=61.2860;spread=gespr@f006;covered_leads=0-30"
NY,KNYC,2026-04-02,2026-04-01T00:00:00Z,28,gefs,64.2014,2.1240,"s3://noaa-gefs-pds/gefs.20260401/00/atmos/pgrb2sp25/{geavg,gespr}.t00z.pgrb2s.0p25.f{030,036,042,048,054}#statistic=max_t(geavg)+offset;offset_f=+0.2514;raw_f=63.9500;spread=gespr@f030;covered_leads=24-54"
NY,KNYC,2026-04-02,2026-03-31T00:00:00Z,52,gefs,67.0274,2.2500,"s3://noaa-gefs-pds/gefs.20260331/00/atmos/pgrb2sp25/{geavg,gespr}.t00z.pgrb2s.0p25.f{054,060,066,072,078}#statistic=max_t(geavg)+offset;offset_f=+0.2514;raw_f=66.7760;spread=gespr@f054;covered_leads=48-78"
NY,KNYC,2026-04-02,2026-03-30T00:00:00Z,76,gefs,70.3214,4.3200,"s3://noaa-gefs-pds/gefs.20260330/00/atmos/pgrb2sp25/{geavg,gespr}.t00z.pgrb2s.0p25.f{078,084,090,096,102}#statistic=max_t(geavg)+offset;offset_f=+0.2514;raw_f=70.0700;spread=gespr@f078;covered_leads=72-102"
CHI,KMDW,2026-04-03,2026-04-03T00:00:00Z,5,gefs,65.5829,0.5940,"s3://noaa-gefs-pds/gefs.20260403/00/atmos/pgrb2sp25/{geavg,gespr}.t00z.pgrb2s.0p25.f{006,012,018,024,030}#statistic=max_t(geavg)+offset;offset_f=+0.0489;raw_f=65.5340;spread=gespr@f006;covered_leads=0-30"
CHI,KMDW,2026-04-03,2026-04-02T00:00:00Z,29,gefs,65.6189,1.1520,"s3://noaa-gefs-pds/gefs.20260402/00/atmos/pgrb2sp25/{geavg,gespr}.t00z.pgrb2s.0p25.f{030,036,042,048,054}#statistic=max_t(geavg)+offset;offset_f=+0.0489;raw_f=65.5700;spread=gespr@f030;covered_leads=24-54"
CHI,KMDW,2026-04-03,2026-04-01T00:00:00Z,53,gefs,67.0229,1.2060,"s3://noaa-gefs-pds/gefs.20260401/00/atmos/pgrb2sp25/{geavg,gespr}.t00z.pgrb2s.0p25.f{054,060,066,072,078}#statistic=max_t(geavg)+offset;offset_f=+0.0489;raw_f=66.9740;spread=gespr@f054;covered_leads=48-78"
CHI,KMDW,2026-04-03,2026-03-31T00:00:00Z,77,gefs,67.0409,4.0680,"s3://noaa-gefs-pds/gefs.20260331/00/atmos/pgrb2sp25/{geavg,gespr}.t00z.pgrb2s.0p25.f{078,084,090,096,102}#statistic=max_t(geavg)+offset;offset_f=+0.0489;raw_f=66.9920;spread=gespr@f078;covered_leads=72-102"
LAX,KLAX,2026-04-03,2026-04-03T00:00:00Z,7,gefs,77.4949,0.8100,"s3://noaa-gefs-pds/gefs.20260403/00/atmos/pgrb2sp25/{geavg,gespr}.t00z.pgrb2s.0p25.f{012,018,024,030,033}#statistic=max_t(geavg)+offset;offset_f=+0.0269;raw_f=77.4680;spread=gespr@f030;covered_leads=6-33"
LAX,KLAX,2026-04-03,2026-04-02T00:00:00Z,31,gefs,76.6129,1.4580,"s3://noaa-gefs-pds/gefs.20260402/00/atmos/pgrb2sp25/{geavg,gespr}.t00z.pgrb2s.0p25.f{036,042,048,054,057}#statistic=max_t(geavg)+offset;offset_f=+0.0269;raw_f=76.5860;spread=gespr@f054;covered_leads=30-57"
LAX,KLAX,2026-04-03,2026-04-01T00:00:00Z,55,gefs,74.1109,1.5120,"s3://noaa-gefs-pds/gefs.20260401/00/atmos/pgrb2sp25/{geavg,gespr}.t00z.pgrb2s.0p25.f{060,066,072,078,081}#statistic=max_t(geavg)+offset;offset_f=+0.0269;raw_f=74.0840;spread=gespr@f072;covered_leads=54-81"
LAX,KLAX,2026-04-03,2026-03-31T00:00:00Z,79,gefs,73.6069,1.9080,"s3://noaa-gefs-pds/gefs.20260331/00/atmos/pgrb2sp25/{geavg,gespr}.t00z.pgrb2s.0p25.f{084,090,096,102,105}#statistic=max_t(geavg)+offset;offset_f=+0.0269;raw_f=73.5800;spread=gespr@f096;covered_leads=78-105"
MIA,KMIA,2026-04-03,2026-04-03T00:00:00Z,4,gefs,79.8269,0.5400,"s3://noaa-gefs-pds/gefs.20260403/00/atmos/pgrb2sp25/{geavg,gespr}.t00z.pgrb2s.0p25.f{006,012,018,024,030}#statistic=max_t(geavg)+offset;offset_f=+0.0549;raw_f=79.7720;spread=gespr@f024;covered_leads=0-30"
MIA,KMIA,2026-04-03,2026-04-02T00:00:00Z,28,gefs,79.5749,0.6120,"s3://noaa-gefs-pds/gefs.20260402/00/atmos/pgrb2sp25/{geavg,gespr}.t00z.pgrb2s.0p25.f{030,036,042,048,054}#statistic=max_t(geavg)+offset;offset_f=+0.0549;raw_f=79.5200;spread=gespr@f048;covered_leads=24-54"
MIA,KMIA,2026-04-03,2026-04-01T00:00:00Z,52,gefs,79.3589,0.6660,"s3://noaa-gefs-pds/gefs.20260401/00/atmos/pgrb2sp25/{geavg,gespr}.t00z.pgrb2s.0p25.f{054,060,066,072,078}#statistic=max_t(geavg)+offset;offset_f=+0.0549;raw_f=79.3040;spread=gespr@f072;covered_leads=48-78"
MIA,KMIA,2026-04-03,2026-03-31T00:00:00Z,76,gefs,79.7369,0.9540,"s3://noaa-gefs-pds/gefs.20260331/00/atmos/pgrb2sp25/{geavg,gespr}.t00z.pgrb2s.0p25.f{078,084,090,096,102}#statistic=max_t(geavg)+offset;offset_f=+0.0549;raw_f=79.6820;spread=gespr@f096;covered_leads=72-102"
NY,KNYC,2026-04-03,2026-04-03T00:00:00Z,4,gefs,73.8134,1.1160,"s3://noaa-gefs-pds/gefs.20260403/00/atmos/pgrb2sp25/{geavg,gespr}.t00z.pgrb2s.0p25.f{006,012,018,024,030}#statistic=max_t(geavg)+offset;offset_f=+0.2514;raw_f=73.5620;spread=gespr@f024;covered_leads=0-30"
NY,KNYC,2026-04-03,2026-04-02T00:00:00Z,28,gefs,74.4074,2.7180,"s3://noaa-gefs-pds/gefs.20260402/00/atmos/pgrb2sp25/{geavg,gespr}.t00z.pgrb2s.0p25.f{030,036,042,048,054}#statistic=max_t(geavg)+offset;offset_f=+0.2514;raw_f=74.1560;spread=gespr@f048;covered_leads=24-54"
NY,KNYC,2026-04-03,2026-04-01T00:00:00Z,52,gefs,71.1314,4.9500,"s3://noaa-gefs-pds/gefs.20260401/00/atmos/pgrb2sp25/{geavg,gespr}.t00z.pgrb2s.0p25.f{054,060,066,072,078}#statistic=max_t(geavg)+offset;offset_f=+0.2514;raw_f=70.8800;spread=gespr@f072;covered_leads=48-78"
NY,KNYC,2026-04-03,2026-03-31T00:00:00Z,76,gefs,75.7034,3.7980,"s3://noaa-gefs-pds/gefs.20260331/00/atmos/pgrb2sp25/{geavg,gespr}.t00z.pgrb2s.0p25.f{078,084,090,096,102}#statistic=max_t(geavg)+offset;offset_f=+0.2514;raw_f=75.4520;spread=gespr@f096;covered_leads=72-102"
CHI,KMDW,2026-04-04,2026-04-04T00:00:00Z,5,gefs,61.8749,0.9360,"s3://noaa-gefs-pds/gefs.20260404/00/atmos/pgrb2sp25/{geavg,gespr}.t00z.pgrb2s.0p25.f{006,012,018,024,030}#statistic=max_t(geavg)+offset;offset_f=+0.0489;raw_f=61.8260;spread=gespr@f018;covered_leads=0-30"
CHI,KMDW,2026-04-04,2026-04-03T00:00:00Z,29,gefs,61.8389,1.6200,"s3://noaa-gefs-pds/gefs.20260403/00/atmos/pgrb2sp25/{geavg,gespr}.t00z.pgrb2s.0p25.f{030,036,042,048,054}#statistic=max_t(geavg)+offset;offset_f=+0.0489;raw_f=61.7900;spread=gespr@f042;covered_leads=24-54"
CHI,KMDW,2026-04-04,2026-04-02T00:00:00Z,53,gefs,62.3789,2.1600,"s3://noaa-gefs-pds/gefs.20260402/00/atmos/pgrb2sp25/{geavg,gespr}.t00z.pgrb2s.0p25.f{054,060,066,072,078}#statistic=max_t(geavg)+offset;offset_f=+0.0489;raw_f=62.3300;spread=gespr@f066;covered_leads=48-78"
CHI,KMDW,2026-04-04,2026-04-01T00:00:00Z,77,gefs,63.8189,2.8800,"s3://noaa-gefs-pds/gefs.20260401/00/atmos/pgrb2sp25/{geavg,gespr}.t00z.pgrb2s.0p25.f{078,084,090,096,102}#statistic=max_t(geavg)+offset;offset_f=+0.0489;raw_f=63.7700;spread=gespr@f084;covered_leads=72-102"
LAX,KLAX,2026-04-04,2026-04-04T00:00:00Z,7,gefs,80.7349,0.4140,"s3://noaa-gefs-pds/gefs.20260404/00/atmos/pgrb2sp25/{geavg,gespr}.t00z.pgrb2s.0p25.f{012,018,024,030,033}#statistic=max_t(geavg)+offset;offset_f=+0.0269;raw_f=80.7080;spread=gespr@f024;covered_leads=6-33"
LAX,KLAX,2026-04-04,2026-04-03T00:00:00Z,31,gefs,79.1149,1.1520,"s3://noaa-gefs-pds/gefs.20260403/00/atmos/pgrb2sp25/{geavg,gespr}.t00z.pgrb2s.0p25.f{036,042,048,054,057}#statistic=max_t(geavg)+offset;offset_f=+0.0269;raw_f=79.0880;spread=gespr@f048;covered_leads=30-57"
LAX,KLAX,2026-04-04,2026-04-02T00:00:00Z,55,gefs,78.8989,2.1240,"s3://noaa-gefs-pds/gefs.20260402/00/atmos/pgrb2sp25/{geavg,gespr}.t00z.pgrb2s.0p25.f{060,066,072,078,081}#statistic=max_t(geavg)+offset;offset_f=+0.0269;raw_f=78.8720;spread=gespr@f072;covered_leads=54-81"
LAX,KLAX,2026-04-04,2026-04-01T00:00:00Z,79,gefs,73.3369,3.1680,"s3://noaa-gefs-pds/gefs.20260401/00/atmos/pgrb2sp25/{geavg,gespr}.t00z.pgrb2s.0p25.f{084,090,096,102,105}#statistic=max_t(geavg)+offset;offset_f=+0.0269;raw_f=73.3100;spread=gespr@f096;covered_leads=78-105"
MIA,KMIA,2026-04-04,2026-04-04T00:00:00Z,4,gefs,79.8269,0.4500,"s3://noaa-gefs-pds/gefs.20260404/00/atmos/pgrb2sp25/{geavg,gespr}.t00z.pgrb2s.0p25.f{006,012,018,024,030}#statistic=max_t(geavg)+offset;offset_f=+0.0549;raw_f=79.7720;spread=gespr@f024;covered_leads=0-30"
MIA,KMIA,2026-04-04,2026-04-03T00:00:00Z,28,gefs,79.2689,0.8280,"s3://noaa-gefs-pds/gefs.20260403/00/atmos/pgrb2sp25/{geavg,gespr}.t00z.pgrb2s.0p25.f{030,036,042,048,054}#statistic=max_t(geavg)+offset;offset_f=+0.0549;raw_f=79.2140;spread=gespr@f048;covered_leads=24-54"
MIA,KMIA,2026-04-04,2026-04-02T00:00:00Z,52,gefs,79.4309,0.8460,"s3://noaa-gefs-pds/gefs.20260402/00/atmos/pgrb2sp25/{geavg,gespr}.t00z.pgrb2s.0p25.f{054,060,066,072,078}#statistic=max_t(geavg)+offset;offset_f=+0.0549;raw_f=79.3760;spread=gespr@f072;covered_leads=48-78"
MIA,KMIA,2026-04-04,2026-04-01T00:00:00Z,76,gefs,79.2149,1.0440,"s3://noaa-gefs-pds/gefs.20260401/00/atmos/pgrb2sp25/{geavg,gespr}.t00z.pgrb2s.0p25.f{078,084,090,096,102}#statistic=max_t(geavg)+offset;offset_f=+0.0549;raw_f=79.1600;spread=gespr@f096;covered_leads=72-102"
NY,KNYC,2026-04-04,2026-04-04T00:00:00Z,4,gefs,68.4134,1.8900,"s3://noaa-gefs-pds/gefs.20260404/00/atmos/pgrb2sp25/{geavg,gespr}.t00z.pgrb2s.0p25.f{006,012,018,024,030}#statistic=max_t(geavg)+offset;offset_f=+0.2514;raw_f=68.1620;spread=gespr@f018;covered_leads=0-30"
NY,KNYC,2026-04-04,2026-04-03T00:00:00Z,28,gefs,70.1414,2.8800,"s3://noaa-gefs-pds/gefs.20260403/00/atmos/pgrb2sp25/{geavg,gespr}.t00z.pgrb2s.0p25.f{030,036,042,048,054}#statistic=max_t(geavg)+offset;offset_f=+0.2514;raw_f=69.8900;spread=gespr@f042;covered_leads=24-54"
NY,KNYC,2026-04-04,2026-04-02T00:00:00Z,52,gefs,69.7994,1.9620,"s3://noaa-gefs-pds/gefs.20260402/00/atmos/pgrb2sp25/{geavg,gespr}.t00z.pgrb2s.0p25.f{054,060,066,072,078}#statistic=max_t(geavg)+offset;offset_f=+0.2514;raw_f=69.5480;spread=gespr@f054;covered_leads=48-78"
NY,KNYC,2026-04-04,2026-04-01T00:00:00Z,76,gefs,76.2074,4.2120,"s3://noaa-gefs-pds/gefs.20260401/00/atmos/pgrb2sp25/{geavg,gespr}.t00z.pgrb2s.0p25.f{078,084,090,096,102}#statistic=max_t(geavg)+offset;offset_f=+0.2514;raw_f=75.9560;spread=gespr@f096;covered_leads=72-102"
CHI,KMDW,2026-04-05,2026-04-05T00:00:00Z,5,gefs,51.3089,1.8000,"s3://noaa-gefs-pds/gefs.20260405/00/atmos/pgrb2sp25/{geavg,gespr}.t00z.pgrb2s.0p25.f{006,012,018,024,030}#statistic=max_t(geavg)+offset;offset_f=+0.0489;raw_f=51.2600;spread=gespr@f024;covered_leads=0-30"
CHI,KMDW,2026-04-05,2026-04-04T00:00:00Z,29,gefs,50.9849,1.8000,"s3://noaa-gefs-pds/gefs.20260404/00/atmos/pgrb2sp25/{geavg,gespr}.t00z.pgrb2s.0p25.f{030,036,042,048,054}#statistic=max_t(geavg)+offset;offset_f=+0.0489;raw_f=50.9360;spread=gespr@f048;covered_leads=24-54"
CHI,KMDW,2026-04-05,2026-04-03T00:00:00Z,53,gefs,49.9589,2.7000,"s3://noaa-gefs-pds/gefs.20260403/00/atmos/pgrb2sp25/{geavg,gespr}.t00z.pgrb2s.0p25.f{054,060,066,072,078}#statistic=max_t(geavg)+offset;offset_f=+0.0489;raw_f=49.9100;spread=gespr@f072;covered_leads=48-78"
CHI,KMDW,2026-04-05,2026-04-02T00:00:00Z,77,gefs,49.9589,3.6000,"s3://noaa-gefs-pds/gefs.20260402/00/atmos/pgrb2sp25/{geavg,gespr}.t00z.pgrb2s.0p25.f{078,084,090,096,102}#statistic=max_t(geavg)+offset;offset_f=+0.0489;raw_f=49.9100;spread=gespr@f078;covered_leads=72-102"
LAX,KLAX,2026-04-05,2026-04-05T00:00:00Z,7,gefs,78.3589,0.7200,"s3://noaa-gefs-pds/gefs.20260405/00/atmos/pgrb2sp25/{geavg,gespr}.t00z.pgrb2s.0p25.f{012,018,024,030,033}#statistic=max_t(geavg)+offset;offset_f=+0.0269;raw_f=78.3320;spread=gespr@f024;covered_leads=6-33"
LAX,KLAX,2026-04-05,2026-04-04T00:00:00Z,31,gefs,79.6009,1.0980,"s3://noaa-gefs-pds/gefs.20260404/00/atmos/pgrb2sp25/{geavg,gespr}.t00z.pgrb2s.0p25.f{036,042,048,054,057}#statistic=max_t(geavg)+offset;offset_f=+0.0269;raw_f=79.5740;spread=gespr@f048;covered_leads=30-57"
LAX,KLAX,2026-04-05,2026-04-03T00:00:00Z,55,gefs,75.4969,2.7000,"s3://noaa-gefs-pds/gefs.20260403/00/atmos/pgrb2sp25/{geavg,gespr}.t00z.pgrb2s.0p25.f{060,066,072,078,081}#statistic=max_t(geavg)+offset;offset_f=+0.0269;raw_f=75.4700;spread=gespr@f072;covered_leads=54-81"
LAX,KLAX,2026-04-05,2026-04-02T00:00:00Z,79,gefs,74.2369,3.0600,"s3://noaa-gefs-pds/gefs.20260402/00/atmos/pgrb2sp25/{geavg,gespr}.t00z.pgrb2s.0p25.f{084,090,096,102,105}#statistic=max_t(geavg)+offset;offset_f=+0.0269;raw_f=74.2100;spread=gespr@f096;covered_leads=78-105"
MIA,KMIA,2026-04-05,2026-04-05T00:00:00Z,4,gefs,79.9889,0.3780,"s3://noaa-gefs-pds/gefs.20260405/00/atmos/pgrb2sp25/{geavg,gespr}.t00z.pgrb2s.0p25.f{006,012,018,024,030}#statistic=max_t(geavg)+offset;offset_f=+0.0549;raw_f=79.9340;spread=gespr@f024;covered_leads=0-30"
MIA,KMIA,2026-04-05,2026-04-04T00:00:00Z,28,gefs,79.7909,0.7560,"s3://noaa-gefs-pds/gefs.20260404/00/atmos/pgrb2sp25/{geavg,gespr}.t00z.pgrb2s.0p25.f{030,036,042,048,054}#statistic=max_t(geavg)+offset;offset_f=+0.0549;raw_f=79.7360;spread=gespr@f048;covered_leads=24-54"
MIA,KMIA,2026-04-05,2026-04-03T00:00:00Z,52,gefs,79.6649,1.0800,"s3://noaa-gefs-pds/gefs.20260403/00/atmos/pgrb2sp25/{geavg,gespr}.t00z.pgrb2s.0p25.f{054,060,066,072,078}#statistic=max_t(geavg)+offset;offset_f=+0.0549;raw_f=79.6100;spread=gespr@f072;covered_leads=48-78"
MIA,KMIA,2026-04-05,2026-04-02T00:00:00Z,76,gefs,80.2049,0.9000,"s3://noaa-gefs-pds/gefs.20260402/00/atmos/pgrb2sp25/{geavg,gespr}.t00z.pgrb2s.0p25.f{078,084,090,096,102}#statistic=max_t(geavg)+offset;offset_f=+0.0549;raw_f=80.1500;spread=gespr@f096;covered_leads=72-102"
NY,KNYC,2026-04-05,2026-04-05T00:00:00Z,4,gefs,64.9214,2.5200,"s3://noaa-gefs-pds/gefs.20260405/00/atmos/pgrb2sp25/{geavg,gespr}.t00z.pgrb2s.0p25.f{006,012,018,024,030}#statistic=max_t(geavg)+offset;offset_f=+0.2514;raw_f=64.6700;spread=gespr@f018;covered_leads=0-30"
NY,KNYC,2026-04-05,2026-04-04T00:00:00Z,28,gefs,66.3614,2.3400,"s3://noaa-gefs-pds/gefs.20260404/00/atmos/pgrb2sp25/{geavg,gespr}.t00z.pgrb2s.0p25.f{030,036,042,048,054}#statistic=max_t(geavg)+offset;offset_f=+0.2514;raw_f=66.1100;spread=gespr@f042;covered_leads=24-54"
NY,KNYC,2026-04-05,2026-04-03T00:00:00Z,52,gefs,66.5414,2.8800,"s3://noaa-gefs-pds/gefs.20260403/00/atmos/pgrb2sp25/{geavg,gespr}.t00z.pgrb2s.0p25.f{054,060,066,072,078}#statistic=max_t(geavg)+offset;offset_f=+0.2514;raw_f=66.2900;spread=gespr@f066;covered_leads=48-78"
NY,KNYC,2026-04-05,2026-04-02T00:00:00Z,76,gefs,66.9014,3.4200,"s3://noaa-gefs-pds/gefs.20260402/00/atmos/pgrb2sp25/{geavg,gespr}.t00z.pgrb2s.0p25.f{078,084,090,096,102}#statistic=max_t(geavg)+offset;offset_f=+0.2514;raw_f=66.6500;spread=gespr@f090;covered_leads=72-102"
CHI,KMDW,2026-04-06,2026-04-06T00:00:00Z,5,gefs,49.5989,0.7200,"s3://noaa-gefs-pds/gefs.20260406/00/atmos/pgrb2sp25/{geavg,gespr}.t00z.pgrb2s.0p25.f{006,012,018,024,030}#statistic=max_t(geavg)+offset;offset_f=+0.0489;raw_f=49.5500;spread=gespr@f006;covered_leads=0-30"
CHI,KMDW,2026-04-06,2026-04-05T00:00:00Z,29,gefs,49.4189,1.8000,"s3://noaa-gefs-pds/gefs.20260405/00/atmos/pgrb2sp25/{geavg,gespr}.t00z.pgrb2s.0p25.f{030,036,042,048,054}#statistic=max_t(geavg)+offset;offset_f=+0.0489;raw_f=49.3700;spread=gespr@f048;covered_leads=24-54"
CHI,KMDW,2026-04-06,2026-04-04T00:00:00Z,53,gefs,49.0589,1.8000,"s3://noaa-gefs-pds/gefs.20260404/00/atmos/pgrb2sp25/{geavg,gespr}.t00z.pgrb2s.0p25.f{054,060,066,072,078}#statistic=max_t(geavg)+offset;offset_f=+0.0489;raw_f=49.0100;spread=gespr@f054;covered_leads=48-78"
CHI,KMDW,2026-04-06,2026-04-03T00:00:00Z,77,gefs,48.8789,2.5200,"s3://noaa-gefs-pds/gefs.20260403/00/atmos/pgrb2sp25/{geavg,gespr}.t00z.pgrb2s.0p25.f{078,084,090,096,102}#statistic=max_t(geavg)+offset;offset_f=+0.0489;raw_f=48.8300;spread=gespr@f096;covered_leads=72-102"
LAX,KLAX,2026-04-06,2026-04-06T00:00:00Z,7,gefs,72.4909,0.7020,"s3://noaa-gefs-pds/gefs.20260406/00/atmos/pgrb2sp25/{geavg,gespr}.t00z.pgrb2s.0p25.f{012,018,024,030,033}#statistic=max_t(geavg)+offset;offset_f=+0.0269;raw_f=72.4640;spread=gespr@f024;covered_leads=6-33"
LAX,KLAX,2026-04-06,2026-04-05T00:00:00Z,31,gefs,72.7969,0.9000,"s3://noaa-gefs-pds/gefs.20260405/00/atmos/pgrb2sp25/{geavg,gespr}.t00z.pgrb2s.0p25.f{036,042,048,054,057}#statistic=max_t(geavg)+offset;offset_f=+0.0269;raw_f=72.7700;spread=gespr@f048;covered_leads=30-57"
LAX,KLAX,2026-04-06,2026-04-04T00:00:00Z,55,gefs,74.0209,1.6020,"s3://noaa-gefs-pds/gefs.20260404/00/atmos/pgrb2sp25/{geavg,gespr}.t00z.pgrb2s.0p25.f{060,066,072,078,081}#statistic=max_t(geavg)+offset;offset_f=+0.0269;raw_f=73.9940;spread=gespr@f072;covered_leads=54-81"
LAX,KLAX,2026-04-06,2026-04-03T00:00:00Z,79,gefs,71.8969,2.8800,"s3://noaa-gefs-pds/gefs.20260403/00/atmos/pgrb2sp25/{geavg,gespr}.t00z.pgrb2s.0p25.f{084,090,096,102,105}#statistic=max_t(geavg)+offset;offset_f=+0.0269;raw_f=71.8700;spread=gespr@f096;covered_leads=78-105"
MIA,KMIA,2026-04-06,2026-04-06T00:00:00Z,4,gefs,80.8889,0.8460,"s3://noaa-gefs-pds/gefs.20260406/00/atmos/pgrb2sp25/{geavg,gespr}.t00z.pgrb2s.0p25.f{006,012,018,024,030}#statistic=max_t(geavg)+offset;offset_f=+0.0549;raw_f=80.8340;spread=gespr@f024;covered_leads=0-30"
MIA,KMIA,2026-04-06,2026-04-05T00:00:00Z,28,gefs,80.7449,0.7200,"s3://noaa-gefs-pds/gefs.20260405/00/atmos/pgrb2sp25/{geavg,gespr}.t00z.pgrb2s.0p25.f{030,036,042,048,054}#statistic=max_t(geavg)+offset;offset_f=+0.0549;raw_f=80.6900;spread=gespr@f048;covered_leads=24-54"
MIA,KMIA,2026-04-06,2026-04-04T00:00:00Z,52,gefs,81.1949,0.9180,"s3://noaa-gefs-pds/gefs.20260404/00/atmos/pgrb2sp25/{geavg,gespr}.t00z.pgrb2s.0p25.f{054,060,066,072,078}#statistic=max_t(geavg)+offset;offset_f=+0.0549;raw_f=81.1400;spread=gespr@f072;covered_leads=48-78"
MIA,KMIA,2026-04-06,2026-04-03T00:00:00Z,76,gefs,80.9249,1.0800,"s3://noaa-gefs-pds/gefs.20260403/00/atmos/pgrb2sp25/{geavg,gespr}.t00z.pgrb2s.0p25.f{078,084,090,096,102}#statistic=max_t(geavg)+offset;offset_f=+0.0549;raw_f=80.8700;spread=gespr@f096;covered_leads=72-102"
NY,KNYC,2026-04-06,2026-04-06T00:00:00Z,4,gefs,54.3734,1.6740,"s3://noaa-gefs-pds/gefs.20260406/00/atmos/pgrb2sp25/{geavg,gespr}.t00z.pgrb2s.0p25.f{006,012,018,024,030}#statistic=max_t(geavg)+offset;offset_f=+0.2514;raw_f=54.1220;spread=gespr@f024;covered_leads=0-30"
NY,KNYC,2026-04-06,2026-04-05T00:00:00Z,28,gefs,55.2014,1.9800,"s3://noaa-gefs-pds/gefs.20260405/00/atmos/pgrb2sp25/{geavg,gespr}.t00z.pgrb2s.0p25.f{030,036,042,048,054}#statistic=max_t(geavg)+offset;offset_f=+0.2514;raw_f=54.9500;spread=gespr@f030;covered_leads=24-54"
NY,KNYC,2026-04-06,2026-04-04T00:00:00Z,52,gefs,57.0014,2.3400,"s3://noaa-gefs-pds/gefs.20260404/00/atmos/pgrb2sp25/{geavg,gespr}.t00z.pgrb2s.0p25.f{054,060,066,072,078}#statistic=max_t(geavg)+offset;offset_f=+0.2514;raw_f=56.7500;spread=gespr@f054;covered_leads=48-78"
NY,KNYC,2026-04-06,2026-04-03T00:00:00Z,76,gefs,57.3614,2.5200,"s3://noaa-gefs-pds/gefs.20260403/00/atmos/pgrb2sp25/{geavg,gespr}.t00z.pgrb2s.0p25.f{078,084,090,096,102}#statistic=max_t(geavg)+offset;offset_f=+0.2514;raw_f=57.1100;spread=gespr@f078;covered_leads=72-102"
CHI,KMDW,2026-04-07,2026-04-07T00:00:00Z,5,gefs,47.7989,0.9000,"s3://noaa-gefs-pds/gefs.20260407/00/atmos/pgrb2sp25/{geavg,gespr}.t00z.pgrb2s.0p25.f{006,012,018,024,030}#statistic=max_t(geavg)+offset;offset_f=+0.0489;raw_f=47.7500;spread=gespr@f006;covered_leads=0-30"
CHI,KMDW,2026-04-07,2026-04-06T00:00:00Z,29,gefs,44.3789,3.0600,"s3://noaa-gefs-pds/gefs.20260406/00/atmos/pgrb2sp25/{geavg,gespr}.t00z.pgrb2s.0p25.f{030,036,042,048,054}#statistic=max_t(geavg)+offset;offset_f=+0.0489;raw_f=44.3300;spread=gespr@f030;covered_leads=24-54"
CHI,KMDW,2026-04-07,2026-04-05T00:00:00Z,53,gefs,45.0989,2.7000,"s3://noaa-gefs-pds/gefs.20260405/00/atmos/pgrb2sp25/{geavg,gespr}.t00z.pgrb2s.0p25.f{054,060,066,072,078}#statistic=max_t(geavg)+offset;offset_f=+0.0489;raw_f=45.0500;spread=gespr@f054;covered_leads=48-78"
CHI,KMDW,2026-04-07,2026-04-04T00:00:00Z,77,gefs,42.7589,3.9600,"s3://noaa-gefs-pds/gefs.20260404/00/atmos/pgrb2sp25/{geavg,gespr}.t00z.pgrb2s.0p25.f{078,084,090,096,102}#statistic=max_t(geavg)+offset;offset_f=+0.0489;raw_f=42.7100;spread=gespr@f078;covered_leads=72-102"
LAX,KLAX,2026-04-07,2026-04-07T00:00:00Z,7,gefs,72.7789,0.5580,"s3://noaa-gefs-pds/gefs.20260407/00/atmos/pgrb2sp25/{geavg,gespr}.t00z.pgrb2s.0p25.f{012,018,024,030,033}#statistic=max_t(geavg)+offset;offset_f=+0.0269;raw_f=72.7520;spread=gespr@f024;covered_leads=6-33"
LAX,KLAX,2026-04-07,2026-04-06T00:00:00Z,31,gefs,71.7349,0.6840,"s3://noaa-gefs-pds/gefs.20260406/00/atmos/pgrb2sp25/{geavg,gespr}.t00z.pgrb2s.0p25.f{036,042,048,054,057}#statistic=max_t(geavg)+offset;offset_f=+0.0269;raw_f=71.7080;spread=gespr@f048;covered_leads=30-57"
LAX,KLAX,2026-04-07,2026-04-05T00:00:00Z,55,gefs,71.8969,0.9000,"s3://noaa-gefs-pds/gefs.20260405/00/atmos/pgrb2sp25/{geavg,gespr}.t00z.pgrb2s.0p25.f{060,066,072,078,081}#statistic=max_t(geavg)+offset;offset_f=+0.0269;raw_f=71.8700;spread=gespr@f072;covered_leads=54-81"
LAX,KLAX,2026-04-07,2026-04-04T00:00:00Z,79,gefs,72.1489,1.2060,"s3://noaa-gefs-pds/gefs.20260404/00/atmos/pgrb2sp25/{geavg,gespr}.t00z.pgrb2s.0p25.f{084,090,096,102,105}#statistic=max_t(geavg)+offset;offset_f=+0.0269;raw_f=72.1220;spread=gespr@f096;covered_leads=78-105"
MIA,KMIA,2026-04-07,2026-04-07T00:00:00Z,4,gefs,83.4269,0.8640,"s3://noaa-gefs-pds/gefs.20260407/00/atmos/pgrb2sp25/{geavg,gespr}.t00z.pgrb2s.0p25.f{006,012,018,024,030}#statistic=max_t(geavg)+offset;offset_f=+0.0549;raw_f=83.3720;spread=gespr@f024;covered_leads=0-30"
MIA,KMIA,2026-04-07,2026-04-06T00:00:00Z,28,gefs,81.5909,1.0260,"s3://noaa-gefs-pds/gefs.20260406/00/atmos/pgrb2sp25/{geavg,gespr}.t00z.pgrb2s.0p25.f{030,036,042,048,054}#statistic=max_t(geavg)+offset;offset_f=+0.0549;raw_f=81.5360;spread=gespr@f048;covered_leads=24-54"
MIA,KMIA,2026-04-07,2026-04-05T00:00:00Z,52,gefs,79.6649,1.4400,"s3://noaa-gefs-pds/gefs.20260405/00/atmos/pgrb2sp25/{geavg,gespr}.t00z.pgrb2s.0p25.f{054,060,066,072,078}#statistic=max_t(geavg)+offset;offset_f=+0.0549;raw_f=79.6100;spread=gespr@f066;covered_leads=48-78"
MIA,KMIA,2026-04-07,2026-04-04T00:00:00Z,76,gefs,80.3849,1.4400,"s3://noaa-gefs-pds/gefs.20260404/00/atmos/pgrb2sp25/{geavg,gespr}.t00z.pgrb2s.0p25.f{078,084,090,096,102}#statistic=max_t(geavg)+offset;offset_f=+0.0549;raw_f=80.3300;spread=gespr@f090;covered_leads=72-102"
NY,KNYC,2026-04-07,2026-04-07T00:00:00Z,4,gefs,51.6014,1.8000,"s3://noaa-gefs-pds/gefs.20260407/00/atmos/pgrb2sp25/{geavg,gespr}.t00z.pgrb2s.0p25.f{006,012,018,024,030}#statistic=max_t(geavg)+offset;offset_f=+0.2514;raw_f=51.3500;spread=gespr@f018;covered_leads=0-30"
NY,KNYC,2026-04-07,2026-04-06T00:00:00Z,28,gefs,52.3574,2.1960,"s3://noaa-gefs-pds/gefs.20260406/00/atmos/pgrb2sp25/{geavg,gespr}.t00z.pgrb2s.0p25.f{030,036,042,048,054}#statistic=max_t(geavg)+offset;offset_f=+0.2514;raw_f=52.1060;spread=gespr@f048;covered_leads=24-54"
NY,KNYC,2026-04-07,2026-04-05T00:00:00Z,52,gefs,50.7014,3.4200,"s3://noaa-gefs-pds/gefs.20260405/00/atmos/pgrb2sp25/{geavg,gespr}.t00z.pgrb2s.0p25.f{054,060,066,072,078}#statistic=max_t(geavg)+offset;offset_f=+0.2514;raw_f=50.4500;spread=gespr@f072;covered_leads=48-78"
NY,KNYC,2026-04-07,2026-04-04T00:00:00Z,76,gefs,51.6014,1.8000,"s3://noaa-gefs-pds/gefs.20260404/00/atmos/pgrb2sp25/{geavg,gespr}.t00z.pgrb2s.0p25.f{078,084,090,096,102}#statistic=max_t(geavg)+offset;offset_f=+0.2514;raw_f=51.3500;spread=gespr@f078;covered_leads=72-102"
CHI,KMDW,2026-04-08,2026-04-08T00:00:00Z,5,gefs,62.7209,1.4940,"s3://noaa-gefs-pds/gefs.20260408/00/atmos/pgrb2sp25/{geavg,gespr}.t00z.pgrb2s.0p25.f{006,012,018,024,030}#statistic=max_t(geavg)+offset;offset_f=+0.0489;raw_f=62.6720;spread=gespr@f024;covered_leads=0-30"
CHI,KMDW,2026-04-08,2026-04-07T00:00:00Z,29,gefs,61.9109,2.2320,"s3://noaa-gefs-pds/gefs.20260407/00/atmos/pgrb2sp25/{geavg,gespr}.t00z.pgrb2s.0p25.f{030,036,042,048,054}#statistic=max_t(geavg)+offset;offset_f=+0.0489;raw_f=61.8620;spread=gespr@f048;covered_leads=24-54"
CHI,KMDW,2026-04-08,2026-04-06T00:00:00Z,53,gefs,62.1629,2.4120,"s3://noaa-gefs-pds/gefs.20260406/00/atmos/pgrb2sp25/{geavg,gespr}.t00z.pgrb2s.0p25.f{054,060,066,072,078}#statistic=max_t(geavg)+offset;offset_f=+0.0489;raw_f=62.1140;spread=gespr@f072;covered_leads=48-78"
CHI,KMDW,2026-04-08,2026-04-05T00:00:00Z,77,gefs,64.1969,2.3940,"s3://noaa-gefs-pds/gefs.20260405/00/atmos/pgrb2sp25/{geavg,gespr}.t00z.pgrb2s.0p25.f{078,084,090,096,102}#statistic=max_t(geavg)+offset;offset_f=+0.0489;raw_f=64.1480;spread=gespr@f096;covered_leads=72-102"
LAX,KLAX,2026-04-08,2026-04-08T00:00:00Z,7,gefs,73.7509,0.5400,"s3://noaa-gefs-pds/gefs.20260408/00/atmos/pgrb2sp25/{geavg,gespr}.t00z.pgrb2s.0p25.f{012,018,024,030,033}#statistic=max_t(geavg)+offset;offset_f=+0.0269;raw_f=73.7240;spread=gespr@f024;covered_leads=6-33"
LAX,KLAX,2026-04-08,2026-04-07T00:00:00Z,31,gefs,74.7589,1.0800,"s3://noaa-gefs-pds/gefs.20260407/00/atmos/pgrb2sp25/{geavg,gespr}.t00z.pgrb2s.0p25.f{036,042,048,054,057}#statistic=max_t(geavg)+offset;offset_f=+0.0269;raw_f=74.7320;spread=gespr@f048;covered_leads=30-57"
LAX,KLAX,2026-04-08,2026-04-06T00:00:00Z,55,gefs,74.3989,1.4040,"s3://noaa-gefs-pds/gefs.20260406/00/atmos/pgrb2sp25/{geavg,gespr}.t00z.pgrb2s.0p25.f{060,066,072,078,081}#statistic=max_t(geavg)+offset;offset_f=+0.0269;raw_f=74.3720;spread=gespr@f072;covered_leads=54-81"
LAX,KLAX,2026-04-08,2026-04-05T00:00:00Z,79,gefs,74.4709,1.6560,"s3://noaa-gefs-pds/gefs.20260405/00/atmos/pgrb2sp25/{geavg,gespr}.t00z.pgrb2s.0p25.f{084,090,096,102,105}#statistic=max_t(geavg)+offset;offset_f=+0.0269;raw_f=74.4440;spread=gespr@f096;covered_leads=78-105"
MIA,KMIA,2026-04-08,2026-04-08T00:00:00Z,4,gefs,77.8649,1.9800,"s3://noaa-gefs-pds/gefs.20260408/00/atmos/pgrb2sp25/{geavg,gespr}.t00z.pgrb2s.0p25.f{006,012,018,024,030}#statistic=max_t(geavg)+offset;offset_f=+0.0549;raw_f=77.8100;spread=gespr@f018;covered_leads=0-30"
MIA,KMIA,2026-04-08,2026-04-07T00:00:00Z,28,gefs,81.4469,2.2860,"s3://noaa-gefs-pds/gefs.20260407/00/atmos/pgrb2sp25/{geavg,gespr}.t00z.pgrb2s.0p25.f{030,036,042,048,054}#statistic=max_t(geavg)+offset;offset_f=+0.0549;raw_f=81.3920;spread=gespr@f048;covered_leads=24-54"
MIA,KMIA,2026-04-08,2026-04-06T00:00:00Z,52,gefs,80.2409,2.2500,"s3://noaa-gefs-pds/gefs.20260406/00/atmos/pgrb2sp25/{geavg,gespr}.t00z.pgrb2s.0p25.f{054,060,066,072,078}#statistic=max_t(geavg)+offset;offset_f=+0.0549;raw_f=80.1860;spread=gespr@f072;covered_leads=48-78"
MIA,KMIA,2026-04-08,2026-04-05T00:00:00Z,76,gefs,78.9269,2.3400,"s3://noaa-gefs-pds/gefs.20260405/00/atmos/pgrb2sp25/{geavg,gespr}.t00z.pgrb2s.0p25.f{078,084,090,096,102}#statistic=max_t(geavg)+offset;offset_f=+0.0549;raw_f=78.8720;spread=gespr@f096;covered_leads=72-102"
NY,KNYC,2026-04-08,2026-04-08T00:00:00Z,4,gefs,49.8554,2.9700,"s3://noaa-gefs-pds/gefs.20260408/00/atmos/pgrb2sp25/{geavg,gespr}.t00z.pgrb2s.0p25.f{006,012,018,024,030}#statistic=max_t(geavg)+offset;offset_f=+0.2514;raw_f=49.6040;spread=gespr@f024;covered_leads=0-30"
NY,KNYC,2026-04-08,2026-04-07T00:00:00Z,28,gefs,50.1794,2.7900,"s3://noaa-gefs-pds/gefs.20260407/00/atmos/pgrb2sp25/{geavg,gespr}.t00z.pgrb2s.0p25.f{030,036,042,048,054}#statistic=max_t(geavg)+offset;offset_f=+0.2514;raw_f=49.9280;spread=gespr@f048;covered_leads=24-54"
NY,KNYC,2026-04-08,2026-04-06T00:00:00Z,52,gefs,49.5134,2.3220,"s3://noaa-gefs-pds/gefs.20260406/00/atmos/pgrb2sp25/{geavg,gespr}.t00z.pgrb2s.0p25.f{054,060,066,072,078}#statistic=max_t(geavg)+offset;offset_f=+0.2514;raw_f=49.2620;spread=gespr@f072;covered_leads=48-78"
NY,KNYC,2026-04-08,2026-04-05T00:00:00Z,76,gefs,49.3694,2.9160,"s3://noaa-gefs-pds/gefs.20260405/00/atmos/pgrb2sp25/{geavg,gespr}.t00z.pgrb2s.0p25.f{078,084,090,096,102}#statistic=max_t(geavg)+offset;offset_f=+0.2514;raw_f=49.1180;spread=gespr@f096;covered_leads=72-102"
CHI,KMDW,2026-04-09,2026-04-09T00:00:00Z,5,gefs,66.4829,2.3040,"s3://noaa-gefs-pds/gefs.20260409/00/atmos/pgrb2sp25/{geavg,gespr}.t00z.pgrb2s.0p25.f{006,012,018,024,030}#statistic=max_t(geavg)+offset;offset_f=+0.0489;raw_f=66.4340;spread=gespr@f024;covered_leads=0-30"
CHI,KMDW,2026-04-09,2026-04-08T00:00:00Z,29,gefs,65.2949,3.0600,"s3://noaa-gefs-pds/gefs.20260408/00/atmos/pgrb2sp25/{geavg,gespr}.t00z.pgrb2s.0p25.f{030,036,042,048,054}#statistic=max_t(geavg)+offset;offset_f=+0.0489;raw_f=65.2460;spread=gespr@f048;covered_leads=24-54"
CHI,KMDW,2026-04-09,2026-04-07T00:00:00Z,53,gefs,64.6289,3.0060,"s3://noaa-gefs-pds/gefs.20260407/00/atmos/pgrb2sp25/{geavg,gespr}.t00z.pgrb2s.0p25.f{054,060,066,072,078}#statistic=max_t(geavg)+offset;offset_f=+0.0489;raw_f=64.5800;spread=gespr@f072;covered_leads=48-78"
CHI,KMDW,2026-04-09,2026-04-06T00:00:00Z,77,gefs,63.8189,3.9420,"s3://noaa-gefs-pds/gefs.20260406/00/atmos/pgrb2sp25/{geavg,gespr}.t00z.pgrb2s.0p25.f{078,084,090,096,102}#statistic=max_t(geavg)+offset;offset_f=+0.0489;raw_f=63.7700;spread=gespr@f096;covered_leads=72-102"
LAX,KLAX,2026-04-09,2026-04-09T00:00:00Z,7,gefs,71.7349,0.4320,"s3://noaa-gefs-pds/gefs.20260409/00/atmos/pgrb2sp25/{geavg,gespr}.t00z.pgrb2s.0p25.f{012,018,024,030,033}#statistic=max_t(geavg)+offset;offset_f=+0.0269;raw_f=71.7080;spread=gespr@f024;covered_leads=6-33"
LAX,KLAX,2026-04-09,2026-04-08T00:00:00Z,31,gefs,72.1849,0.6480,"s3://noaa-gefs-pds/gefs.20260408/00/atmos/pgrb2sp25/{geavg,gespr}.t00z.pgrb2s.0p25.f{036,042,048,054,057}#statistic=max_t(geavg)+offset;offset_f=+0.0269;raw_f=72.1580;spread=gespr@f048;covered_leads=30-57"
LAX,KLAX,2026-04-09,2026-04-07T00:00:00Z,55,gefs,71.8969,0.7560,"s3://noaa-gefs-pds/gefs.20260407/00/atmos/pgrb2sp25/{geavg,gespr}.t00z.pgrb2s.0p25.f{060,066,072,078,081}#statistic=max_t(geavg)+offset;offset_f=+0.0269;raw_f=71.8700;spread=gespr@f072;covered_leads=54-81"
LAX,KLAX,2026-04-09,2026-04-06T00:00:00Z,79,gefs,70.9609,1.2060,"s3://noaa-gefs-pds/gefs.20260406/00/atmos/pgrb2sp25/{geavg,gespr}.t00z.pgrb2s.0p25.f{084,090,096,102,105}#statistic=max_t(geavg)+offset;offset_f=+0.0269;raw_f=70.9340;spread=gespr@f096;covered_leads=78-105"
MIA,KMIA,2026-04-09,2026-04-09T00:00:00Z,4,gefs,77.9009,1.6200,"s3://noaa-gefs-pds/gefs.20260409/00/atmos/pgrb2sp25/{geavg,gespr}.t00z.pgrb2s.0p25.f{006,012,018,024,030}#statistic=max_t(geavg)+offset;offset_f=+0.0549;raw_f=77.8460;spread=gespr@f024;covered_leads=0-30"
MIA,KMIA,2026-04-09,2026-04-08T00:00:00Z,28,gefs,77.9369,2.1420,"s3://noaa-gefs-pds/gefs.20260408/00/atmos/pgrb2sp25/{geavg,gespr}.t00z.pgrb2s.0p25.f{030,036,042,048,054}#statistic=max_t(geavg)+offset;offset_f=+0.0549;raw_f=77.8820;spread=gespr@f048;covered_leads=24-54"
MIA,KMIA,2026-04-09,2026-04-07T00:00:00Z,52,gefs,79.9709,2.5020,"s3://noaa-gefs-pds/gefs.20260407/00/atmos/pgrb2sp25/{geavg,gespr}.t00z.pgrb2s.0p25.f{054,060,066,072,078}#statistic=max_t(geavg)+offset;offset_f=+0.0549;raw_f=79.9160;spread=gespr@f072;covered_leads=48-78"
MIA,KMIA,2026-04-09,2026-04-06T00:00:00Z,76,gefs,82.1489,2.1240,"s3://noaa-gefs-pds/gefs.20260406/00/atmos/pgrb2sp25/{geavg,gespr}.t00z.pgrb2s.0p25.f{078,084,090,096,102}#statistic=max_t(geavg)+offset;offset_f=+0.0549;raw_f=82.0940;spread=gespr@f096;covered_leads=72-102"
NY,KNYC,2026-04-09,2026-04-09T00:00:00Z,4,gefs,51.1874,1.4580,"s3://noaa-gefs-pds/gefs.20260409/00/atmos/pgrb2sp25/{geavg,gespr}.t00z.pgrb2s.0p25.f{006,012,018,024,030}#statistic=max_t(geavg)+offset;offset_f=+0.2514;raw_f=50.9360;spread=gespr@f024;covered_leads=0-30"
NY,KNYC,2026-04-09,2026-04-08T00:00:00Z,28,gefs,50.8814,1.6920,"s3://noaa-gefs-pds/gefs.20260408/00/atmos/pgrb2sp25/{geavg,gespr}.t00z.pgrb2s.0p25.f{030,036,042,048,054}#statistic=max_t(geavg)+offset;offset_f=+0.2514;raw_f=50.6300;spread=gespr@f048;covered_leads=24-54"
NY,KNYC,2026-04-09,2026-04-07T00:00:00Z,52,gefs,51.3134,1.1520,"s3://noaa-gefs-pds/gefs.20260407/00/atmos/pgrb2sp25/{geavg,gespr}.t00z.pgrb2s.0p25.f{054,060,066,072,078}#statistic=max_t(geavg)+offset;offset_f=+0.2514;raw_f=51.0620;spread=gespr@f072;covered_leads=48-78"
NY,KNYC,2026-04-09,2026-04-06T00:00:00Z,76,gefs,52.3394,1.4220,"s3://noaa-gefs-pds/gefs.20260406/00/atmos/pgrb2sp25/{geavg,gespr}.t00z.pgrb2s.0p25.f{078,084,090,096,102}#statistic=max_t(geavg)+offset;offset_f=+0.2514;raw_f=52.0880;spread=gespr@f096;covered_leads=72-102"
CHI,KMDW,2026-04-10,2026-04-10T00:00:00Z,5,gefs,61.4789,0.6840,"s3://noaa-gefs-pds/gefs.20260410/00/atmos/pgrb2sp25/{geavg,gespr}.t00z.pgrb2s.0p25.f{006,012,018,024,030}#statistic=max_t(geavg)+offset;offset_f=+0.0489;raw_f=61.4300;spread=gespr@f006;covered_leads=0-30"
CHI,KMDW,2026-04-10,2026-04-09T00:00:00Z,29,gefs,60.0389,2.5200,"s3://noaa-gefs-pds/gefs.20260409/00/atmos/pgrb2sp25/{geavg,gespr}.t00z.pgrb2s.0p25.f{030,036,042,048,054}#statistic=max_t(geavg)+offset;offset_f=+0.0489;raw_f=59.9900;spread=gespr@f030;covered_leads=24-54"
CHI,KMDW,2026-04-10,2026-04-08T00:00:00Z,53,gefs,59.3189,2.8800,"s3://noaa-gefs-pds/gefs.20260408/00/atmos/pgrb2sp25/{geavg,gespr}.t00z.pgrb2s.0p25.f{054,060,066,072,078}#statistic=max_t(geavg)+offset;offset_f=+0.0489;raw_f=59.2700;spread=gespr@f054;covered_leads=48-78"
CHI,KMDW,2026-04-10,2026-04-07T00:00:00Z,77,gefs,59.3189,3.4200,"s3://noaa-gefs-pds/gefs.20260407/00/atmos/pgrb2sp25/{geavg,gespr}.t00z.pgrb2s.0p25.f{078,084,090,096,102}#statistic=max_t(geavg)+offset;offset_f=+0.0489;raw_f=59.2700;spread=gespr@f078;covered_leads=72-102"
LAX,KLAX,2026-04-10,2026-04-10T00:00:00Z,7,gefs,67.6309,0.5040,"s3://noaa-gefs-pds/gefs.20260410/00/atmos/pgrb2sp25/{geavg,gespr}.t00z.pgrb2s.0p25.f{012,018,024,030,033}#statistic=max_t(geavg)+offset;offset_f=+0.0269;raw_f=67.6040;spread=gespr@f024;covered_leads=6-33"
LAX,KLAX,2026-04-10,2026-04-09T00:00:00Z,31,gefs,67.4329,0.5580,"s3://noaa-gefs-pds/gefs.20260409/00/atmos/pgrb2sp25/{geavg,gespr}.t00z.pgrb2s.0p25.f{036,042,048,054,057}#statistic=max_t(geavg)+offset;offset_f=+0.0269;raw_f=67.4060;spread=gespr@f048;covered_leads=30-57"
LAX,KLAX,2026-04-10,2026-04-08T00:00:00Z,55,gefs,67.4869,0.7020,"s3://noaa-gefs-pds/gefs.20260408/00/atmos/pgrb2sp25/{geavg,gespr}.t00z.pgrb2s.0p25.f{060,066,072,078,081}#statistic=max_t(geavg)+offset;offset_f=+0.0269;raw_f=67.4600;spread=gespr@f072;covered_leads=54-81"
LAX,KLAX,2026-04-10,2026-04-07T00:00:00Z,79,gefs,67.2889,1.0800,"s3://noaa-gefs-pds/gefs.20260407/00/atmos/pgrb2sp25/{geavg,gespr}.t00z.pgrb2s.0p25.f{084,090,096,102,105}#statistic=max_t(geavg)+offset;offset_f=+0.0269;raw_f=67.2620;spread=gespr@f096;covered_leads=78-105"
MIA,KMIA,2026-04-10,2026-04-10T00:00:00Z,4,gefs,78.0989,1.1340,"s3://noaa-gefs-pds/gefs.20260410/00/atmos/pgrb2sp25/{geavg,gespr}.t00z.pgrb2s.0p25.f{006,012,018,024,030}#statistic=max_t(geavg)+offset;offset_f=+0.0549;raw_f=78.0440;spread=gespr@f024;covered_leads=0-30"
MIA,KMIA,2026-04-10,2026-04-09T00:00:00Z,28,gefs,78.5489,1.1880,"s3://noaa-gefs-pds/gefs.20260409/00/atmos/pgrb2sp25/{geavg,gespr}.t00z.pgrb2s.0p25.f{030,036,042,048,054}#statistic=max_t(geavg)+offset;offset_f=+0.0549;raw_f=78.4940;spread=gespr@f048;covered_leads=24-54"
MIA,KMIA,2026-04-10,2026-04-08T00:00:00Z,52,gefs,77.4509,1.6920,"s3://noaa-gefs-pds/gefs.20260408/00/atmos/pgrb2sp25/{geavg,gespr}.t00z.pgrb2s.0p25.f{054,060,066,072,078}#statistic=max_t(geavg)+offset;offset_f=+0.0549;raw_f=77.3960;spread=gespr@f072;covered_leads=48-78"
MIA,KMIA,2026-04-10,2026-04-07T00:00:00Z,76,gefs,78.8909,1.6560,"s3://noaa-gefs-pds/gefs.20260407/00/atmos/pgrb2sp25/{geavg,gespr}.t00z.pgrb2s.0p25.f{078,084,090,096,102}#statistic=max_t(geavg)+offset;offset_f=+0.0549;raw_f=78.8360;spread=gespr@f096;covered_leads=72-102"
NY,KNYC,2026-04-10,2026-04-10T00:00:00Z,4,gefs,64.8134,0.9900,"s3://noaa-gefs-pds/gefs.20260410/00/atmos/pgrb2sp25/{geavg,gespr}.t00z.pgrb2s.0p25.f{006,012,018,024,030}#statistic=max_t(geavg)+offset;offset_f=+0.2514;raw_f=64.5620;spread=gespr@f024;covered_leads=0-30"
NY,KNYC,2026-04-10,2026-04-09T00:00:00Z,28,gefs,64.7774,1.2420,"s3://noaa-gefs-pds/gefs.20260409/00/atmos/pgrb2sp25/{geavg,gespr}.t00z.pgrb2s.0p25.f{030,036,042,048,054}#statistic=max_t(geavg)+offset;offset_f=+0.2514;raw_f=64.5260;spread=gespr@f048;covered_leads=24-54"
NY,KNYC,2026-04-10,2026-04-08T00:00:00Z,52,gefs,65.9114,2.2140,"s3://noaa-gefs-pds/gefs.20260408/00/atmos/pgrb2sp25/{geavg,gespr}.t00z.pgrb2s.0p25.f{054,060,066,072,078}#statistic=max_t(geavg)+offset;offset_f=+0.2514;raw_f=65.6600;spread=gespr@f072;covered_leads=48-78"
NY,KNYC,2026-04-10,2026-04-07T00:00:00Z,76,gefs,64.2734,3.2040,"s3://noaa-gefs-pds/gefs.20260407/00/atmos/pgrb2sp25/{geavg,gespr}.t00z.pgrb2s.0p25.f{078,084,090,096,102}#statistic=max_t(geavg)+offset;offset_f=+0.2514;raw_f=64.0220;spread=gespr@f096;covered_leads=72-102"
CHI,KMDW,2026-04-11,2026-04-11T00:00:00Z,5,gefs,57.8969,1.0620,"s3://noaa-gefs-pds/gefs.20260411/00/atmos/pgrb2sp25/{geavg,gespr}.t00z.pgrb2s.0p25.f{006,012,018,024,030}#statistic=max_t(geavg)+offset;offset_f=+0.0489;raw_f=57.8480;spread=gespr@f024;covered_leads=0-30"
CHI,KMDW,2026-04-11,2026-04-10T00:00:00Z,29,gefs,55.3769,2.7540,"s3://noaa-gefs-pds/gefs.20260410/00/atmos/pgrb2sp25/{geavg,gespr}.t00z.pgrb2s.0p25.f{030,036,042,048,054}#statistic=max_t(geavg)+offset;offset_f=+0.0489;raw_f=55.3280;spread=gespr@f048;covered_leads=24-54"
CHI,KMDW,2026-04-11,2026-04-09T00:00:00Z,53,gefs,58.5449,2.4300,"s3://noaa-gefs-pds/gefs.20260409/00/atmos/pgrb2sp25/{geavg,gespr}.t00z.pgrb2s.0p25.f{054,060,066,072,078}#statistic=max_t(geavg)+offset;offset_f=+0.0489;raw_f=58.4960;spread=gespr@f072;covered_leads=48-78"
CHI,KMDW,2026-04-11,2026-04-08T00:00:00Z,77,gefs,57.3029,3.2760,"s3://noaa-gefs-pds/gefs.20260408/00/atmos/pgrb2sp25/{geavg,gespr}.t00z.pgrb2s.0p25.f{078,084,090,096,102}#statistic=max_t(geavg)+offset;offset_f=+0.0489;raw_f=57.2540;spread=gespr@f096;covered_leads=72-102"
LAX,KLAX,2026-04-11,2026-04-11T00:00:00Z,7,gefs,65.3269,0.6840,"s3://noaa-gefs-pds/gefs.20260411/00/atmos/pgrb2sp25/{geavg,gespr}.t00z.pgrb2s.0p25.f{012,018,024,030,033}#statistic=max_t(geavg)+offset;offset_f=+0.0269;raw_f=65.3000;spread=gespr@f024;covered_leads=6-33"
LAX,KLAX,2026-04-11,2026-04-10T00:00:00Z,31,gefs,64.8589,0.9360,"s3://noaa-gefs-pds/gefs.20260410/00/atmos/pgrb2sp25/{geavg,gespr}.t00z.pgrb2s.0p25.f{036,042,048,054,057}#statistic=max_t(geavg)+offset;offset_f=+0.0269;raw_f=64.8320;spread=gespr@f048;covered_leads=30-57"
LAX,KLAX,2026-04-11,2026-04-09T00:00:00Z,55,gefs,64.2289,1.0440,"s3://noaa-gefs-pds/gefs.20260409/00/atmos/pgrb2sp25/{geavg,gespr}.t00z.pgrb2s.0p25.f{060,066,072,078,081}#statistic=max_t(geavg)+offset;offset_f=+0.0269;raw_f=64.2020;spread=gespr@f072;covered_leads=54-81"
LAX,KLAX,2026-04-11,2026-04-08T00:00:00Z,79,gefs,63.9229,1.1700,"s3://noaa-gefs-pds/gefs.20260408/00/atmos/pgrb2sp25/{geavg,gespr}.t00z.pgrb2s.0p25.f{084,090,096,102,105}#statistic=max_t(geavg)+offset;offset_f=+0.0269;raw_f=63.8960;spread=gespr@f096;covered_leads=78-105"
MIA,KMIA,2026-04-11,2026-04-11T00:00:00Z,4,gefs,76.8389,1.0800,"s3://noaa-gefs-pds/gefs.20260411/00/atmos/pgrb2sp25/{geavg,gespr}.t00z.pgrb2s.0p25.f{006,012,018,024,030}#statistic=max_t(geavg)+offset;offset_f=+0.0549;raw_f=76.7840;spread=gespr@f024;covered_leads=0-30"
MIA,KMIA,2026-04-11,2026-04-10T00:00:00Z,28,gefs,76.5149,1.2240,"s3://noaa-gefs-pds/gefs.20260410/00/atmos/pgrb2sp25/{geavg,gespr}.t00z.pgrb2s.0p25.f{030,036,042,048,054}#statistic=max_t(geavg)+offset;offset_f=+0.0549;raw_f=76.4600;spread=gespr@f048;covered_leads=24-54"
MIA,KMIA,2026-04-11,2026-04-09T00:00:00Z,52,gefs,77.7569,1.5120,"s3://noaa-gefs-pds/gefs.20260409/00/atmos/pgrb2sp25/{geavg,gespr}.t00z.pgrb2s.0p25.f{054,060,066,072,078}#statistic=max_t(geavg)+offset;offset_f=+0.0549;raw_f=77.7020;spread=gespr@f072;covered_leads=48-78"
MIA,KMIA,2026-04-11,2026-04-08T00:00:00Z,76,gefs,76.8569,1.8360,"s3://noaa-gefs-pds/gefs.20260408/00/atmos/pgrb2sp25/{geavg,gespr}.t00z.pgrb2s.0p25.f{078,084,090,096,102}#statistic=max_t(geavg)+offset;offset_f=+0.0549;raw_f=76.8020;spread=gespr@f096;covered_leads=72-102"
NY,KNYC,2026-04-11,2026-04-11T00:00:00Z,4,gefs,60.0614,2.0160,"s3://noaa-gefs-pds/gefs.20260411/00/atmos/pgrb2sp25/{geavg,gespr}.t00z.pgrb2s.0p25.f{006,012,018,024,030}#statistic=max_t(geavg)+offset;offset_f=+0.2514;raw_f=59.8100;spread=gespr@f024;covered_leads=0-30"
NY,KNYC,2026-04-11,2026-04-10T00:00:00Z,28,gefs,60.4934,2.2860,"s3://noaa-gefs-pds/gefs.20260410/00/atmos/pgrb2sp25/{geavg,gespr}.t00z.pgrb2s.0p25.f{030,036,042,048,054}#statistic=max_t(geavg)+offset;offset_f=+0.2514;raw_f=60.2420;spread=gespr@f048;covered_leads=24-54"
NY,KNYC,2026-04-11,2026-04-09T00:00:00Z,52,gefs,61.3754,2.6820,"s3://noaa-gefs-pds/gefs.20260409/00/atmos/pgrb2sp25/{geavg,gespr}.t00z.pgrb2s.0p25.f{054,060,066,072,078}#statistic=max_t(geavg)+offset;offset_f=+0.2514;raw_f=61.1240;spread=gespr@f072;covered_leads=48-78"
NY,KNYC,2026-04-11,2026-04-08T00:00:00Z,76,gefs,62.1314,3.3300,"s3://noaa-gefs-pds/gefs.20260408/00/atmos/pgrb2sp25/{geavg,gespr}.t00z.pgrb2s.0p25.f{078,084,090,096,102}#statistic=max_t(geavg)+offset;offset_f=+0.2514;raw_f=61.8800;spread=gespr@f096;covered_leads=72-102"
CHI,KMDW,2026-04-12,2026-04-12T00:00:00Z,5,gefs,75.3209,0.8460,"s3://noaa-gefs-pds/gefs.20260412/00/atmos/pgrb2sp25/{geavg,gespr}.t00z.pgrb2s.0p25.f{006,012,018,024,030}#statistic=max_t(geavg)+offset;offset_f=+0.0489;raw_f=75.2720;spread=gespr@f024;covered_leads=0-30"
CHI,KMDW,2026-04-12,2026-04-11T00:00:00Z,29,gefs,73.6469,1.7100,"s3://noaa-gefs-pds/gefs.20260411/00/atmos/pgrb2sp25/{geavg,gespr}.t00z.pgrb2s.0p25.f{030,036,042,048,054}#statistic=max_t(geavg)+offset;offset_f=+0.0489;raw_f=73.5980;spread=gespr@f048;covered_leads=24-54"
CHI,KMDW,2026-04-12,2026-04-10T00:00:00Z,53,gefs,74.5469,1.7460,"s3://noaa-gefs-pds/gefs.20260410/00/atmos/pgrb2sp25/{geavg,gespr}.t00z.pgrb2s.0p25.f{054,060,066,072,078}#statistic=max_t(geavg)+offset;offset_f=+0.0489;raw_f=74.4980;spread=gespr@f072;covered_leads=48-78"
CHI,KMDW,2026-04-12,2026-04-09T00:00:00Z,77,gefs,72.8549,3.0600,"s3://noaa-gefs-pds/gefs.20260409/00/atmos/pgrb2sp25/{geavg,gespr}.t00z.pgrb2s.0p25.f{078,084,090,096,102}#statistic=max_t(geavg)+offset;offset_f=+0.0489;raw_f=72.8060;spread=gespr@f096;covered_leads=72-102"
LAX,KLAX,2026-04-12,2026-04-12T00:00:00Z,7,gefs,63.8329,0.7380,"s3://noaa-gefs-pds/gefs.20260412/00/atmos/pgrb2sp25/{geavg,gespr}.t00z.pgrb2s.0p25.f{012,018,024,030,033}#statistic=max_t(geavg)+offset;offset_f=+0.0269;raw_f=63.8060;spread=gespr@f024;covered_leads=6-33"
LAX,KLAX,2026-04-12,2026-04-11T00:00:00Z,31,gefs,63.8869,0.7920,"s3://noaa-gefs-pds/gefs.20260411/00/atmos/pgrb2sp25/{geavg,gespr}.t00z.pgrb2s.0p25.f{036,042,048,054,057}#statistic=max_t(geavg)+offset;offset_f=+0.0269;raw_f=63.8600;spread=gespr@f048;covered_leads=30-57"
LAX,KLAX,2026-04-12,2026-04-10T00:00:00Z,55,gefs,62.7709,1.0440,"s3://noaa-gefs-pds/gefs.20260410/00/atmos/pgrb2sp25/{geavg,gespr}.t00z.pgrb2s.0p25.f{060,066,072,078,081}#statistic=max_t(geavg)+offset;offset_f=+0.0269;raw_f=62.7440;spread=gespr@f072;covered_leads=54-81"
LAX,KLAX,2026-04-12,2026-04-09T00:00:00Z,79,gefs,61.7629,0.9360,"s3://noaa-gefs-pds/gefs.20260409/00/atmos/pgrb2sp25/{geavg,gespr}.t00z.pgrb2s.0p25.f{084,090,096,102,105}#statistic=max_t(geavg)+offset;offset_f=+0.0269;raw_f=61.7360;spread=gespr@f096;covered_leads=78-105"
MIA,KMIA,2026-04-12,2026-04-12T00:00:00Z,4,gefs,77.5229,1.0260,"s3://noaa-gefs-pds/gefs.20260412/00/atmos/pgrb2sp25/{geavg,gespr}.t00z.pgrb2s.0p25.f{006,012,018,024,030}#statistic=max_t(geavg)+offset;offset_f=+0.0549;raw_f=77.4680;spread=gespr@f024;covered_leads=0-30"
MIA,KMIA,2026-04-12,2026-04-11T00:00:00Z,28,gefs,77.6849,1.1340,"s3://noaa-gefs-pds/gefs.20260411/00/atmos/pgrb2sp25/{geavg,gespr}.t00z.pgrb2s.0p25.f{030,036,042,048,054}#statistic=max_t(geavg)+offset;offset_f=+0.0549;raw_f=77.6300;spread=gespr@f048;covered_leads=24-54"
MIA,KMIA,2026-04-12,2026-04-10T00:00:00Z,52,gefs,77.7389,1.1520,"s3://noaa-gefs-pds/gefs.20260410/00/atmos/pgrb2sp25/{geavg,gespr}.t00z.pgrb2s.0p25.f{054,060,066,072,078}#statistic=max_t(geavg)+offset;offset_f=+0.0549;raw_f=77.6840;spread=gespr@f072;covered_leads=48-78"
MIA,KMIA,2026-04-12,2026-04-09T00:00:00Z,76,gefs,77.5589,1.3140,"s3://noaa-gefs-pds/gefs.20260409/00/atmos/pgrb2sp25/{geavg,gespr}.t00z.pgrb2s.0p25.f{078,084,090,096,102}#statistic=max_t(geavg)+offset;offset_f=+0.0549;raw_f=77.5040;spread=gespr@f096;covered_leads=72-102"
NY,KNYC,2026-04-12,2026-04-12T00:00:00Z,4,gefs,57.0914,0.7740,"s3://noaa-gefs-pds/gefs.20260412/00/atmos/pgrb2sp25/{geavg,gespr}.t00z.pgrb2s.0p25.f{006,012,018,024,030}#statistic=max_t(geavg)+offset;offset_f=+0.2514;raw_f=56.8400;spread=gespr@f006;covered_leads=0-30"
NY,KNYC,2026-04-12,2026-04-11T00:00:00Z,28,gefs,55.0214,1.6200,"s3://noaa-gefs-pds/gefs.20260411/00/atmos/pgrb2sp25/{geavg,gespr}.t00z.pgrb2s.0p25.f{030,036,042,048,054}#statistic=max_t(geavg)+offset;offset_f=+0.2514;raw_f=54.7700;spread=gespr@f042;covered_leads=24-54"
NY,KNYC,2026-04-12,2026-04-10T00:00:00Z,52,gefs,55.4354,2.1240,"s3://noaa-gefs-pds/gefs.20260410/00/atmos/pgrb2sp25/{geavg,gespr}.t00z.pgrb2s.0p25.f{054,060,066,072,078}#statistic=max_t(geavg)+offset;offset_f=+0.2514;raw_f=55.1840;spread=gespr@f066;covered_leads=48-78"
NY,KNYC,2026-04-12,2026-04-09T00:00:00Z,76,gefs,57.8654,2.8800,"s3://noaa-gefs-pds/gefs.20260409/00/atmos/pgrb2sp25/{geavg,gespr}.t00z.pgrb2s.0p25.f{078,084,090,096,102}#statistic=max_t(geavg)+offset;offset_f=+0.2514;raw_f=57.6140;spread=gespr@f096;covered_leads=72-102"
CHI,KMDW,2026-04-13,2026-04-13T00:00:00Z,5,gefs,72.4049,2.3400,"s3://noaa-gefs-pds/gefs.20260413/00/atmos/pgrb2sp25/{geavg,gespr}.t00z.pgrb2s.0p25.f{006,012,018,024,030}#statistic=max_t(geavg)+offset;offset_f=+0.0489;raw_f=72.3560;spread=gespr@f024;covered_leads=0-30"
CHI,KMDW,2026-04-13,2026-04-12T00:00:00Z,29,gefs,73.5749,2.5560,"s3://noaa-gefs-pds/gefs.20260412/00/atmos/pgrb2sp25/{geavg,gespr}.t00z.pgrb2s.0p25.f{030,036,042,048,054}#statistic=max_t(geavg)+offset;offset_f=+0.0489;raw_f=73.5260;spread=gespr@f048;covered_leads=24-54"
CHI,KMDW,2026-04-13,2026-04-11T00:00:00Z,53,gefs,73.2509,2.5740,"s3://noaa-gefs-pds/gefs.20260411/00/atmos/pgrb2sp25/{geavg,gespr}.t00z.pgrb2s.0p25.f{054,060,066,072,078}#statistic=max_t(geavg)+offset;offset_f=+0.0489;raw_f=73.2020;spread=gespr@f072;covered_leads=48-78"
CHI,KMDW,2026-04-13,2026-04-10T00:00:00Z,77,gefs,73.0169,2.2140,"s3://noaa-gefs-pds/gefs.20260410/00/atmos/pgrb2sp25/{geavg,gespr}.t00z.pgrb2s.0p25.f{078,084,090,096,102}#statistic=max_t(geavg)+offset;offset_f=+0.0489;raw_f=72.9680;spread=gespr@f096;covered_leads=72-102"
LAX,KLAX,2026-04-13,2026-04-13T00:00:00Z,7,gefs,63.3469,0.5040,"s3://noaa-gefs-pds/gefs.20260413/00/atmos/pgrb2sp25/{geavg,gespr}.t00z.pgrb2s.0p25.f{012,018,024,030,033}#statistic=max_t(geavg)+offset;offset_f=+0.0269;raw_f=63.3200;spread=gespr@f024;covered_leads=6-33"
LAX,KLAX,2026-04-13,2026-04-12T00:00:00Z,31,gefs,63.2389,0.8460,"s3://noaa-gefs-pds/gefs.20260412/00/atmos/pgrb2sp25/{geavg,gespr}.t00z.pgrb2s.0p25.f{036,042,048,054,057}#statistic=max_t(geavg)+offset;offset_f=+0.0269;raw_f=63.2120;spread=gespr@f048;covered_leads=30-57"
LAX,KLAX,2026-04-13,2026-04-11T00:00:00Z,55,gefs,63.0949,0.9900,"s3://noaa-gefs-pds/gefs.20260411/00/atmos/pgrb2sp25/{geavg,gespr}.t00z.pgrb2s.0p25.f{060,066,072,078,081}#statistic=max_t(geavg)+offset;offset_f=+0.0269;raw_f=63.0680;spread=gespr@f072;covered_leads=54-81"
LAX,KLAX,2026-04-13,2026-04-10T00:00:00Z,79,gefs,63.0229,1.0080,"s3://noaa-gefs-pds/gefs.20260410/00/atmos/pgrb2sp25/{geavg,gespr}.t00z.pgrb2s.0p25.f{084,090,096,102,105}#statistic=max_t(geavg)+offset;offset_f=+0.0269;raw_f=62.9960;spread=gespr@f096;covered_leads=78-105"
MIA,KMIA,2026-04-13,2026-04-13T00:00:00Z,4,gefs,77.7749,0.8460,"s3://noaa-gefs-pds/gefs.20260413/00/atmos/pgrb2sp25/{geavg,gespr}.t00z.pgrb2s.0p25.f{006,012,018,024,030}#statistic=max_t(geavg)+offset;offset_f=+0.0549;raw_f=77.7200;spread=gespr@f024;covered_leads=0-30"
MIA,KMIA,2026-04-13,2026-04-12T00:00:00Z,28,gefs,77.3069,1.0440,"s3://noaa-gefs-pds/gefs.20260412/00/atmos/pgrb2sp25/{geavg,gespr}.t00z.pgrb2s.0p25.f{030,036,042,048,054}#statistic=max_t(geavg)+offset;offset_f=+0.0549;raw_f=77.2520;spread=gespr@f048;covered_leads=24-54"
MIA,KMIA,2026-04-13,2026-04-11T00:00:00Z,52,gefs,77.3429,1.3860,"s3://noaa-gefs-pds/gefs.20260411/00/atmos/pgrb2sp25/{geavg,gespr}.t00z.pgrb2s.0p25.f{054,060,066,072,078}#statistic=max_t(geavg)+offset;offset_f=+0.0549;raw_f=77.2880;spread=gespr@f072;covered_leads=48-78"
MIA,KMIA,2026-04-13,2026-04-10T00:00:00Z,76,gefs,77.3249,0.9900,"s3://noaa-gefs-pds/gefs.20260410/00/atmos/pgrb2sp25/{geavg,gespr}.t00z.pgrb2s.0p25.f{078,084,090,096,102}#statistic=max_t(geavg)+offset;offset_f=+0.0549;raw_f=77.2700;spread=gespr@f096;covered_leads=72-102"
NY,KNYC,2026-04-13,2026-04-13T00:00:00Z,4,gefs,78.0794,1.2600,"s3://noaa-gefs-pds/gefs.20260413/00/atmos/pgrb2sp25/{geavg,gespr}.t00z.pgrb2s.0p25.f{006,012,018,024,030}#statistic=max_t(geavg)+offset;offset_f=+0.2514;raw_f=77.8280;spread=gespr@f024;covered_leads=0-30"
NY,KNYC,2026-04-13,2026-04-12T00:00:00Z,28,gefs,73.2194,3.5640,"s3://noaa-gefs-pds/gefs.20260412/00/atmos/pgrb2sp25/{geavg,gespr}.t00z.pgrb2s.0p25.f{030,036,042,048,054}#statistic=max_t(geavg)+offset;offset_f=+0.2514;raw_f=72.9680;spread=gespr@f048;covered_leads=24-54"
NY,KNYC,2026-04-13,2026-04-11T00:00:00Z,52,gefs,71.8874,4.5360,"s3://noaa-gefs-pds/gefs.20260411/00/atmos/pgrb2sp25/{geavg,gespr}.t00z.pgrb2s.0p25.f{054,060,066,072,078}#statistic=max_t(geavg)+offset;offset_f=+0.2514;raw_f=71.6360;spread=gespr@f072;covered_leads=48-78"
NY,KNYC,2026-04-13,2026-04-10T00:00:00Z,76,gefs,73.2734,3.3480,"s3://noaa-gefs-pds/gefs.20260410/00/atmos/pgrb2sp25/{geavg,gespr}.t00z.pgrb2s.0p25.f{078,084,090,096,102}#statistic=max_t(geavg)+offset;offset_f=+0.2514;raw_f=73.0220;spread=gespr@f096;covered_leads=72-102"
CHI,KMDW,2026-04-14,2026-04-14T00:00:00Z,5,gefs,74.8889,2.2320,"s3://noaa-gefs-pds/gefs.20260414/00/atmos/pgrb2sp25/{geavg,gespr}.t00z.pgrb2s.0p25.f{006,012,018,024,030}#statistic=max_t(geavg)+offset;offset_f=+0.0489;raw_f=74.8400;spread=gespr@f024;covered_leads=0-30"
CHI,KMDW,2026-04-14,2026-04-13T00:00:00Z,29,gefs,78.6689,2.2500,"s3://noaa-gefs-pds/gefs.20260413/00/atmos/pgrb2sp25/{geavg,gespr}.t00z.pgrb2s.0p25.f{030,036,042,048,054}#statistic=max_t(geavg)+offset;offset_f=+0.0489;raw_f=78.6200;spread=gespr@f048;covered_leads=24-54"
CHI,KMDW,2026-04-14,2026-04-12T00:00:00Z,53,gefs,76.8149,2.9160,"s3://noaa-gefs-pds/gefs.20260412/00/atmos/pgrb2sp25/{geavg,gespr}.t00z.pgrb2s.0p25.f{054,060,066,072,078}#statistic=max_t(geavg)+offset;offset_f=+0.0489;raw_f=76.7660;spread=gespr@f072;covered_leads=48-78"
CHI,KMDW,2026-04-14,2026-04-11T00:00:00Z,77,gefs,76.8149,2.8440,"s3://noaa-gefs-pds/gefs.20260411/00/atmos/pgrb2sp25/{geavg,gespr}.t00z.pgrb2s.0p25.f{078,084,090,096,102}#statistic=max_t(geavg)+offset;offset_f=+0.0489;raw_f=76.7660;spread=gespr@f096;covered_leads=72-102"
LAX,KLAX,2026-04-14,2026-04-14T00:00:00Z,7,gefs,68.0089,0.8820,"s3://noaa-gefs-pds/gefs.20260414/00/atmos/pgrb2sp25/{geavg,gespr}.t00z.pgrb2s.0p25.f{012,018,024,030,033}#statistic=max_t(geavg)+offset;offset_f=+0.0269;raw_f=67.9820;spread=gespr@f024;covered_leads=6-33"
LAX,KLAX,2026-04-14,2026-04-13T00:00:00Z,31,gefs,68.1169,0.7920,"s3://noaa-gefs-pds/gefs.20260413/00/atmos/pgrb2sp25/{geavg,gespr}.t00z.pgrb2s.0p25.f{036,042,048,054,057}#statistic=max_t(geavg)+offset;offset_f=+0.0269;raw_f=68.0900;spread=gespr@f048;covered_leads=30-57"
LAX,KLAX,2026-04-14,2026-04-12T00:00:00Z,55,gefs,67.1269,0.9720,"s3://noaa-gefs-pds/gefs.20260412/00/atmos/pgrb2sp25/{geavg,gespr}.t00z.pgrb2s.0p25.f{060,066,072,078,081}#statistic=max_t(geavg)+offset;offset_f=+0.0269;raw_f=67.1000;spread=gespr@f072;covered_leads=54-81"
LAX,KLAX,2026-04-14,2026-04-11T00:00:00Z,79,gefs,67.0549,1.0260,"s3://noaa-gefs-pds/gefs.20260411/00/atmos/pgrb2sp25/{geavg,gespr}.t00z.pgrb2s.0p25.f{084,090,096,102,105}#statistic=max_t(geavg)+offset;offset_f=+0.0269;raw_f=67.0280;spread=gespr@f096;covered_leads=78-105"
MIA,KMIA,2026-04-14,2026-04-14T00:00:00Z,4,gefs,78.0989,1.0260,"s3://noaa-gefs-pds/gefs.20260414/00/atmos/pgrb2sp25/{geavg,gespr}.t00z.pgrb2s.0p25.f{006,012,018,024,030}#statistic=max_t(geavg)+offset;offset_f=+0.0549;raw_f=78.0440;spread=gespr@f024;covered_leads=0-30"
MIA,KMIA,2026-04-14,2026-04-13T00:00:00Z,28,gefs,78.5489,0.9900,"s3://noaa-gefs-pds/gefs.20260413/00/atmos/pgrb2sp25/{geavg,gespr}.t00z.pgrb2s.0p25.f{030,036,042,048,054}#statistic=max_t(geavg)+offset;offset_f=+0.0549;raw_f=78.4940;spread=gespr@f042;covered_leads=24-54"
MIA,KMIA,2026-04-14,2026-04-12T00:00:00Z,52,gefs,77.6849,1.2600,"s3://noaa-gefs-pds/gefs.20260412/00/atmos/pgrb2sp25/{geavg,gespr}.t00z.pgrb2s.0p25.f{054,060,066,072,078}#statistic=max_t(geavg)+offset;offset_f=+0.0549;raw_f=77.6300;spread=gespr@f072;covered_leads=48-78"
MIA,KMIA,2026-04-14,2026-04-11T00:00:00Z,76,gefs,78.2249,1.0440,"s3://noaa-gefs-pds/gefs.20260411/00/atmos/pgrb2sp25/{geavg,gespr}.t00z.pgrb2s.0p25.f{078,084,090,096,102}#statistic=max_t(geavg)+offset;offset_f=+0.0549;raw_f=78.1700;spread=gespr@f096;covered_leads=72-102"
NY,KNYC,2026-04-14,2026-04-14T00:00:00Z,4,gefs,82.3094,1.5480,"s3://noaa-gefs-pds/gefs.20260414/00/atmos/pgrb2sp25/{geavg,gespr}.t00z.pgrb2s.0p25.f{006,012,018,024,030}#statistic=max_t(geavg)+offset;offset_f=+0.2514;raw_f=82.0580;spread=gespr@f024;covered_leads=0-30"
NY,KNYC,2026-04-14,2026-04-13T00:00:00Z,28,gefs,81.1034,1.4940,"s3://noaa-gefs-pds/gefs.20260413/00/atmos/pgrb2sp25/{geavg,gespr}.t00z.pgrb2s.0p25.f{030,036,042,048,054}#statistic=max_t(geavg)+offset;offset_f=+0.2514;raw_f=80.8520;spread=gespr@f048;covered_leads=24-54"
NY,KNYC,2026-04-14,2026-04-12T00:00:00Z,52,gefs,80.4914,1.9800,"s3://noaa-gefs-pds/gefs.20260412/00/atmos/pgrb2sp25/{geavg,gespr}.t00z.pgrb2s.0p25.f{054,060,066,072,078}#statistic=max_t(geavg)+offset;offset_f=+0.2514;raw_f=80.2400;spread=gespr@f072;covered_leads=48-78"
NY,KNYC,2026-04-14,2026-04-11T00:00:00Z,76,gefs,80.0954,1.9260,"s3://noaa-gefs-pds/gefs.20260411/00/atmos/pgrb2sp25/{geavg,gespr}.t00z.pgrb2s.0p25.f{078,084,090,096,102}#statistic=max_t(geavg)+offset;offset_f=+0.2514;raw_f=79.8440;spread=gespr@f096;covered_leads=72-102"
CHI,KMDW,2026-04-15,2026-04-15T00:00:00Z,5,gefs,75.3389,0.5580,"s3://noaa-gefs-pds/gefs.20260415/00/atmos/pgrb2sp25/{geavg,gespr}.t00z.pgrb2s.0p25.f{006,012,018,024,030}#statistic=max_t(geavg)+offset;offset_f=+0.0489;raw_f=75.2900;spread=gespr@f006;covered_leads=0-30"
CHI,KMDW,2026-04-15,2026-04-14T00:00:00Z,29,gefs,72.5849,1.0080,"s3://noaa-gefs-pds/gefs.20260414/00/atmos/pgrb2sp25/{geavg,gespr}.t00z.pgrb2s.0p25.f{030,036,042,048,054}#statistic=max_t(geavg)+offset;offset_f=+0.0489;raw_f=72.5360;spread=gespr@f030;covered_leads=24-54"
CHI,KMDW,2026-04-15,2026-04-13T00:00:00Z,53,gefs,75.1409,1.8180,"s3://noaa-gefs-pds/gefs.20260413/00/atmos/pgrb2sp25/{geavg,gespr}.t00z.pgrb2s.0p25.f{054,060,066,072,078}#statistic=max_t(geavg)+offset;offset_f=+0.0489;raw_f=75.0920;spread=gespr@f054;covered_leads=48-78"
CHI,KMDW,2026-04-15,2026-04-12T00:00:00Z,77,gefs,73.5749,2.4840,"s3://noaa-gefs-pds/gefs.20260412/00/atmos/pgrb2sp25/{geavg,gespr}.t00z.pgrb2s.0p25.f{078,084,090,096,102}#statistic=max_t(geavg)+offset;offset_f=+0.0489;raw_f=73.5260;spread=gespr@f078;covered_leads=72-102"
LAX,KLAX,2026-04-15,2026-04-15T00:00:00Z,7,gefs,68.8009,0.7920,"s3://noaa-gefs-pds/gefs.20260415/00/atmos/pgrb2sp25/{geavg,gespr}.t00z.pgrb2s.0p25.f{012,018,024,030,033}#statistic=max_t(geavg)+offset;offset_f=+0.0269;raw_f=68.7740;spread=gespr@f024;covered_leads=6-33"
LAX,KLAX,2026-04-15,2026-04-14T00:00:00Z,31,gefs,68.7649,0.7740,"s3://noaa-gefs-pds/gefs.20260414/00/atmos/pgrb2sp25/{geavg,gespr}.t00z.pgrb2s.0p25.f{036,042,048,054,057}#statistic=max_t(geavg)+offset;offset_f=+0.0269;raw_f=68.7380;spread=gespr@f048;covered_leads=30-57"
LAX,KLAX,2026-04-15,2026-04-13T00:00:00Z,55,gefs,67.0549,1.1340,"s3://noaa-gefs-pds/gefs.20260413/00/atmos/pgrb2sp25/{geavg,gespr}.t00z.pgrb2s.0p25.f{060,066,072,078,081}#statistic=max_t(geavg)+offset;offset_f=+0.0269;raw_f=67.0280;spread=gespr@f072;covered_leads=54-81"
LAX,KLAX,2026-04-15,2026-04-12T00:00:00Z,79,gefs,67.0909,1.2600,"s3://noaa-gefs-pds/gefs.20260412/00/atmos/pgrb2sp25/{geavg,gespr}.t00z.pgrb2s.0p25.f{084,090,096,102,105}#statistic=max_t(geavg)+offset;offset_f=+0.0269;raw_f=67.0640;spread=gespr@f096;covered_leads=78-105"
MIA,KMIA,2026-04-15,2026-04-15T00:00:00Z,4,gefs,77.4149,0.9000,"s3://noaa-gefs-pds/gefs.20260415/00/atmos/pgrb2sp25/{geavg,gespr}.t00z.pgrb2s.0p25.f{006,012,018,024,030}#statistic=max_t(geavg)+offset;offset_f=+0.0549;raw_f=77.3600;spread=gespr@f024;covered_leads=0-30"
MIA,KMIA,2026-04-15,2026-04-14T00:00:00Z,28,gefs,77.7389,1.0080,"s3://noaa-gefs-pds/gefs.20260414/00/atmos/pgrb2sp25/{geavg,gespr}.t00z.pgrb2s.0p25.f{030,036,042,048,054}#statistic=max_t(geavg)+offset;offset_f=+0.0549;raw_f=77.6840;spread=gespr@f048;covered_leads=24-54"
MIA,KMIA,2026-04-15,2026-04-13T00:00:00Z,52,gefs,78.4769,1.1520,"s3://noaa-gefs-pds/gefs.20260413/00/atmos/pgrb2sp25/{geavg,gespr}.t00z.pgrb2s.0p25.f{054,060,066,072,078}#statistic=max_t(geavg)+offset;offset_f=+0.0549;raw_f=78.4220;spread=gespr@f072;covered_leads=48-78"
MIA,KMIA,2026-04-15,2026-04-12T00:00:00Z,76,gefs,78.0629,1.4940,"s3://noaa-gefs-pds/gefs.20260412/00/atmos/pgrb2sp25/{geavg,gespr}.t00z.pgrb2s.0p25.f{078,084,090,096,102}#statistic=max_t(geavg)+offset;offset_f=+0.0549;raw_f=78.0080;spread=gespr@f096;covered_leads=72-102"
NY,KNYC,2026-04-15,2026-04-15T00:00:00Z,4,gefs,86.0174,1.4400,"s3://noaa-gefs-pds/gefs.20260415/00/atmos/pgrb2sp25/{geavg,gespr}.t00z.pgrb2s.0p25.f{006,012,018,024,030}#statistic=max_t(geavg)+offset;offset_f=+0.2514;raw_f=85.7660;spread=gespr@f024;covered_leads=0-30"
NY,KNYC,2026-04-15,2026-04-14T00:00:00Z,28,gefs,85.5674,1.4580,"s3://noaa-gefs-pds/gefs.20260414/00/atmos/pgrb2sp25/{geavg,gespr}.t00z.pgrb2s.0p25.f{030,036,042,048,054}#statistic=max_t(geavg)+offset;offset_f=+0.2514;raw_f=85.3160;spread=gespr@f048;covered_leads=24-54"
NY,KNYC,2026-04-15,2026-04-13T00:00:00Z,52,gefs,83.9474,1.7640,"s3://noaa-gefs-pds/gefs.20260413/00/atmos/pgrb2sp25/{geavg,gespr}.t00z.pgrb2s.0p25.f{054,060,066,072,078}#statistic=max_t(geavg)+offset;offset_f=+0.2514;raw_f=83.6960;spread=gespr@f072;covered_leads=48-78"
NY,KNYC,2026-04-15,2026-04-12T00:00:00Z,76,gefs,83.8394,2.5380,"s3://noaa-gefs-pds/gefs.20260412/00/atmos/pgrb2sp25/{geavg,gespr}.t00z.pgrb2s.0p25.f{078,084,090,096,102}#statistic=max_t(geavg)+offset;offset_f=+0.2514;raw_f=83.5880;spread=gespr@f096;covered_leads=72-102"
CHI,KMDW,2026-04-16,2026-04-16T00:00:00Z,5,gefs,70.8389,2.0160,"s3://noaa-gefs-pds/gefs.20260416/00/atmos/pgrb2sp25/{geavg,gespr}.t00z.pgrb2s.0p25.f{006,012,018,024,030}#statistic=max_t(geavg)+offset;offset_f=+0.0489;raw_f=70.7900;spread=gespr@f024;covered_leads=0-30"
CHI,KMDW,2026-04-16,2026-04-15T00:00:00Z,29,gefs,70.1009,3.7080,"s3://noaa-gefs-pds/gefs.20260415/00/atmos/pgrb2sp25/{geavg,gespr}.t00z.pgrb2s.0p25.f{030,036,042,048,054}#statistic=max_t(geavg)+offset;offset_f=+0.0489;raw_f=70.0520;spread=gespr@f048;covered_leads=24-54"
CHI,KMDW,2026-04-16,2026-04-14T00:00:00Z,53,gefs,71.9369,4.1580,"s3://noaa-gefs-pds/gefs.20260414/00/atmos/pgrb2sp25/{geavg,gespr}.t00z.pgrb2s.0p25.f{054,060,066,072,078}#statistic=max_t(geavg)+offset;offset_f=+0.0489;raw_f=71.8880;spread=gespr@f072;covered_leads=48-78"
CHI,KMDW,2026-04-16,2026-04-13T00:00:00Z,77,gefs,72.2789,3.6000,"s3://noaa-gefs-pds/gefs.20260413/00/atmos/pgrb2sp25/{geavg,gespr}.t00z.pgrb2s.0p25.f{078,084,090,096,102}#statistic=max_t(geavg)+offset;offset_f=+0.0489;raw_f=72.2300;spread=gespr@f096;covered_leads=72-102"
LAX,KLAX,2026-04-16,2026-04-16T00:00:00Z,7,gefs,67.4869,0.4860,"s3://noaa-gefs-pds/gefs.20260416/00/atmos/pgrb2sp25/{geavg,gespr}.t00z.pgrb2s.0p25.f{012,018,024,030,033}#statistic=max_t(geavg)+offset;offset_f=+0.0269;raw_f=67.4600;spread=gespr@f024;covered_leads=6-33"
LAX,KLAX,2026-04-16,2026-04-15T00:00:00Z,31,gefs,68.3329,0.7200,"s3://noaa-gefs-pds/gefs.20260415/00/atmos/pgrb2sp25/{geavg,gespr}.t00z.pgrb2s.0p25.f{036,042,048,054,057}#statistic=max_t(geavg)+offset;offset_f=+0.0269;raw_f=68.3060;spread=gespr@f048;covered_leads=30-57"
LAX,KLAX,2026-04-16,2026-04-14T00:00:00Z,55,gefs,67.9909,0.9900,"s3://noaa-gefs-pds/gefs.20260414/00/atmos/pgrb2sp25/{geavg,gespr}.t00z.pgrb2s.0p25.f{060,066,072,078,081}#statistic=max_t(geavg)+offset;offset_f=+0.0269;raw_f=67.9640;spread=gespr@f072;covered_leads=54-81"
LAX,KLAX,2026-04-16,2026-04-13T00:00:00Z,79,gefs,67.3969,1.6200,"s3://noaa-gefs-pds/gefs.20260413/00/atmos/pgrb2sp25/{geavg,gespr}.t00z.pgrb2s.0p25.f{084,090,096,102,105}#statistic=max_t(geavg)+offset;offset_f=+0.0269;raw_f=67.3700;spread=gespr@f096;covered_leads=78-105"
MIA,KMIA,2026-04-16,2026-04-16T00:00:00Z,4,gefs,79.7549,0.6660,"s3://noaa-gefs-pds/gefs.20260416/00/atmos/pgrb2sp25/{geavg,gespr}.t00z.pgrb2s.0p25.f{006,012,018,024,030}#statistic=max_t(geavg)+offset;offset_f=+0.0549;raw_f=79.7000;spread=gespr@f024;covered_leads=0-30"
MIA,KMIA,2026-04-16,2026-04-15T00:00:00Z,28,gefs,79.3589,0.9900,"s3://noaa-gefs-pds/gefs.20260415/00/atmos/pgrb2sp25/{geavg,gespr}.t00z.pgrb2s.0p25.f{030,036,042,048,054}#statistic=max_t(geavg)+offset;offset_f=+0.0549;raw_f=79.3040;spread=gespr@f048;covered_leads=24-54"
MIA,KMIA,2026-04-16,2026-04-14T00:00:00Z,52,gefs,79.4129,0.8460,"s3://noaa-gefs-pds/gefs.20260414/00/atmos/pgrb2sp25/{geavg,gespr}.t00z.pgrb2s.0p25.f{054,060,066,072,078}#statistic=max_t(geavg)+offset;offset_f=+0.0549;raw_f=79.3580;spread=gespr@f072;covered_leads=48-78"
MIA,KMIA,2026-04-16,2026-04-13T00:00:00Z,76,gefs,80.7449,1.2600,"s3://noaa-gefs-pds/gefs.20260413/00/atmos/pgrb2sp25/{geavg,gespr}.t00z.pgrb2s.0p25.f{078,084,090,096,102}#statistic=max_t(geavg)+offset;offset_f=+0.0549;raw_f=80.6900;spread=gespr@f096;covered_leads=72-102"
NY,KNYC,2026-04-16,2026-04-16T00:00:00Z,4,gefs,86.4854,1.0620,"s3://noaa-gefs-pds/gefs.20260416/00/atmos/pgrb2sp25/{geavg,gespr}.t00z.pgrb2s.0p25.f{006,012,018,024,030}#statistic=max_t(geavg)+offset;offset_f=+0.2514;raw_f=86.2340;spread=gespr@f024;covered_leads=0-30"
NY,KNYC,2026-04-16,2026-04-15T00:00:00Z,28,gefs,85.7474,1.8540,"s3://noaa-gefs-pds/gefs.20260415/00/atmos/pgrb2sp25/{geavg,gespr}.t00z.pgrb2s.0p25.f{030,036,042,048,054}#statistic=max_t(geavg)+offset;offset_f=+0.2514;raw_f=85.4960;spread=gespr@f048;covered_leads=24-54"
NY,KNYC,2026-04-16,2026-04-14T00:00:00Z,52,gefs,84.8474,1.4940,"s3://noaa-gefs-pds/gefs.20260414/00/atmos/pgrb2sp25/{geavg,gespr}.t00z.pgrb2s.0p25.f{054,060,066,072,078}#statistic=max_t(geavg)+offset;offset_f=+0.2514;raw_f=84.5960;spread=gespr@f072;covered_leads=48-78"
NY,KNYC,2026-04-16,2026-04-13T00:00:00Z,76,gefs,83.1014,4.6800,"s3://noaa-gefs-pds/gefs.20260413/00/atmos/pgrb2sp25/{geavg,gespr}.t00z.pgrb2s.0p25.f{078,084,090,096,102}#statistic=max_t(geavg)+offset;offset_f=+0.2514;raw_f=82.8500;spread=gespr@f096;covered_leads=72-102"
CHI,KMDW,2026-04-17,2026-04-17T00:00:00Z,5,gefs,77.8229,0.8100,"s3://noaa-gefs-pds/gefs.20260417/00/atmos/pgrb2sp25/{geavg,gespr}.t00z.pgrb2s.0p25.f{006,012,018,024,030}#statistic=max_t(geavg)+offset;offset_f=+0.0489;raw_f=77.7740;spread=gespr@f024;covered_leads=0-30"
CHI,KMDW,2026-04-17,2026-04-16T00:00:00Z,29,gefs,78.0569,1.3500,"s3://noaa-gefs-pds/gefs.20260416/00/atmos/pgrb2sp25/{geavg,gespr}.t00z.pgrb2s.0p25.f{030,036,042,048,054}#statistic=max_t(geavg)+offset;offset_f=+0.0489;raw_f=78.0080;spread=gespr@f048;covered_leads=24-54"
CHI,KMDW,2026-04-17,2026-04-15T00:00:00Z,53,gefs,77.3189,1.6200,"s3://noaa-gefs-pds/gefs.20260415/00/atmos/pgrb2sp25/{geavg,gespr}.t00z.pgrb2s.0p25.f{054,060,066,072,078}#statistic=max_t(geavg)+offset;offset_f=+0.0489;raw_f=77.2700;spread=gespr@f072;covered_leads=48-78"
CHI,KMDW,2026-04-17,2026-04-14T00:00:00Z,77,gefs,78.0389,2.7000,"s3://noaa-gefs-pds/gefs.20260414/00/atmos/pgrb2sp25/{geavg,gespr}.t00z.pgrb2s.0p25.f{078,084,090,096,102}#statistic=max_t(geavg)+offset;offset_f=+0.0489;raw_f=77.9900;spread=gespr@f096;covered_leads=72-102"
LAX,KLAX,2026-04-17,2026-04-17T00:00:00Z,7,gefs,73.2829,0.4500,"s3://noaa-gefs-pds/gefs.20260417/00/atmos/pgrb2sp25/{geavg,gespr}.t00z.pgrb2s.0p25.f{012,018,024,030,033}#statistic=max_t(geavg)+offset;offset_f=+0.0269;raw_f=73.2560;spread=gespr@f024;covered_leads=6-33"
LAX,KLAX,2026-04-17,2026-04-16T00:00:00Z,31,gefs,72.8329,0.7200,"s3://noaa-gefs-pds/gefs.20260416/00/atmos/pgrb2sp25/{geavg,gespr}.t00z.pgrb2s.0p25.f{036,042,048,054,057}#statistic=max_t(geavg)+offset;offset_f=+0.0269;raw_f=72.8060;spread=gespr@f048;covered_leads=30-57"
LAX,KLAX,2026-04-17,2026-04-15T00:00:00Z,55,gefs,73.1569,1.2600,"s3://noaa-gefs-pds/gefs.20260415/00/atmos/pgrb2sp25/{geavg,gespr}.t00z.pgrb2s.0p25.f{060,066,072,078,081}#statistic=max_t(geavg)+offset;offset_f=+0.0269;raw_f=73.1300;spread=gespr@f072;covered_leads=54-81"
LAX,KLAX,2026-04-17,2026-04-14T00:00:00Z,79,gefs,71.8969,1.4400,"s3://noaa-gefs-pds/gefs.20260414/00/atmos/pgrb2sp25/{geavg,gespr}.t00z.pgrb2s.0p25.f{084,090,096,102,105}#statistic=max_t(geavg)+offset;offset_f=+0.0269;raw_f=71.8700;spread=gespr@f096;covered_leads=78-105"
MIA,KMIA,2026-04-17,2026-04-17T00:00:00Z,4,gefs,82.3649,0.5940,"s3://noaa-gefs-pds/gefs.20260417/00/atmos/pgrb2sp25/{geavg,gespr}.t00z.pgrb2s.0p25.f{006,012,018,024,030}#statistic=max_t(geavg)+offset;offset_f=+0.0549;raw_f=82.3100;spread=gespr@f024;covered_leads=0-30"
MIA,KMIA,2026-04-17,2026-04-16T00:00:00Z,28,gefs,81.8249,0.7200,"s3://noaa-gefs-pds/gefs.20260416/00/atmos/pgrb2sp25/{geavg,gespr}.t00z.pgrb2s.0p25.f{030,036,042,048,054}#statistic=max_t(geavg)+offset;offset_f=+0.0549;raw_f=81.7700;spread=gespr@f042;covered_leads=24-54"
MIA,KMIA,2026-04-17,2026-04-15T00:00:00Z,52,gefs,81.4649,1.0800,"s3://noaa-gefs-pds/gefs.20260415/00/atmos/pgrb2sp25/{geavg,gespr}.t00z.pgrb2s.0p25.f{054,060,066,072,078}#statistic=max_t(geavg)+offset;offset_f=+0.0549;raw_f=81.4100;spread=gespr@f072;covered_leads=48-78"
MIA,KMIA,2026-04-17,2026-04-14T00:00:00Z,76,gefs,81.8249,1.2600,"s3://noaa-gefs-pds/gefs.20260414/00/atmos/pgrb2sp25/{geavg,gespr}.t00z.pgrb2s.0p25.f{078,084,090,096,102}#statistic=max_t(geavg)+offset;offset_f=+0.0549;raw_f=81.7700;spread=gespr@f096;covered_leads=72-102"
NY,KNYC,2026-04-17,2026-04-17T00:00:00Z,4,gefs,77.8274,1.9260,"s3://noaa-gefs-pds/gefs.20260417/00/atmos/pgrb2sp25/{geavg,gespr}.t00z.pgrb2s.0p25.f{006,012,018,024,030}#statistic=max_t(geavg)+offset;offset_f=+0.2514;raw_f=77.5760;spread=gespr@f024;covered_leads=0-30"
NY,KNYC,2026-04-17,2026-04-16T00:00:00Z,28,gefs,80.2214,1.0800,"s3://noaa-gefs-pds/gefs.20260416/00/atmos/pgrb2sp25/{geavg,gespr}.t00z.pgrb2s.0p25.f{030,036,042,048,054}#statistic=max_t(geavg)+offset;offset_f=+0.2514;raw_f=79.9700;spread=gespr@f030;covered_leads=24-54"
NY,KNYC,2026-04-17,2026-04-15T00:00:00Z,52,gefs,79.3214,1.4400,"s3://noaa-gefs-pds/gefs.20260415/00/atmos/pgrb2sp25/{geavg,gespr}.t00z.pgrb2s.0p25.f{054,060,066,072,078}#statistic=max_t(geavg)+offset;offset_f=+0.2514;raw_f=79.0700;spread=gespr@f054;covered_leads=48-78"
NY,KNYC,2026-04-17,2026-04-14T00:00:00Z,76,gefs,78.4214,1.4400,"s3://noaa-gefs-pds/gefs.20260414/00/atmos/pgrb2sp25/{geavg,gespr}.t00z.pgrb2s.0p25.f{078,084,090,096,102}#statistic=max_t(geavg)+offset;offset_f=+0.2514;raw_f=78.1700;spread=gespr@f078;covered_leads=72-102"
CHI,KMDW,2026-04-18,2026-04-18T00:00:00Z,5,gefs,74.0789,0.5400,"s3://noaa-gefs-pds/gefs.20260418/00/atmos/pgrb2sp25/{geavg,gespr}.t00z.pgrb2s.0p25.f{006,012,018,024,030}#statistic=max_t(geavg)+offset;offset_f=+0.0489;raw_f=74.0300;spread=gespr@f006;covered_leads=0-30"
CHI,KMDW,2026-04-18,2026-04-17T00:00:00Z,29,gefs,73.8989,0.9000,"s3://noaa-gefs-pds/gefs.20260417/00/atmos/pgrb2sp25/{geavg,gespr}.t00z.pgrb2s.0p25.f{030,036,042,048,054}#statistic=max_t(geavg)+offset;offset_f=+0.0489;raw_f=73.8500;spread=gespr@f030;covered_leads=24-54"
CHI,KMDW,2026-04-18,2026-04-16T00:00:00Z,53,gefs,74.0789,1.6200,"s3://noaa-gefs-pds/gefs.20260416/00/atmos/pgrb2sp25/{geavg,gespr}.t00z.pgrb2s.0p25.f{054,060,066,072,078}#statistic=max_t(geavg)+offset;offset_f=+0.0489;raw_f=74.0300;spread=gespr@f054;covered_leads=48-78"
CHI,KMDW,2026-04-18,2026-04-15T00:00:00Z,77,gefs,73.8989,1.4400,"s3://noaa-gefs-pds/gefs.20260415/00/atmos/pgrb2sp25/{geavg,gespr}.t00z.pgrb2s.0p25.f{078,084,090,096,102}#statistic=max_t(geavg)+offset;offset_f=+0.0489;raw_f=73.8500;spread=gespr@f078;covered_leads=72-102"
LAX,KLAX,2026-04-18,2026-04-18T00:00:00Z,7,gefs,74.6869,0.5580,"s3://noaa-gefs-pds/gefs.20260418/00/atmos/pgrb2sp25/{geavg,gespr}.t00z.pgrb2s.0p25.f{012,018,024,030,033}#statistic=max_t(geavg)+offset;offset_f=+0.0269;raw_f=74.6600;spread=gespr@f024;covered_leads=6-33"
LAX,KLAX,2026-04-18,2026-04-17T00:00:00Z,31,gefs,75.4069,1.1340,"s3://noaa-gefs-pds/gefs.20260417/00/atmos/pgrb2sp25/{geavg,gespr}.t00z.pgrb2s.0p25.f{036,042,048,054,057}#statistic=max_t(geavg)+offset;offset_f=+0.0269;raw_f=75.3800;spread=gespr@f048;covered_leads=30-57"
LAX,KLAX,2026-04-18,2026-04-16T00:00:00Z,55,gefs,74.3449,1.0800,"s3://noaa-gefs-pds/gefs.20260416/00/atmos/pgrb2sp25/{geavg,gespr}.t00z.pgrb2s.0p25.f{060,066,072,078,081}#statistic=max_t(geavg)+offset;offset_f=+0.0269;raw_f=74.3180;spread=gespr@f072;covered_leads=54-81"
LAX,KLAX,2026-04-18,2026-04-15T00:00:00Z,79,gefs,74.2369,1.2600,"s3://noaa-gefs-pds/gefs.20260415/00/atmos/pgrb2sp25/{geavg,gespr}.t00z.pgrb2s.0p25.f{084,090,096,102,105}#statistic=max_t(geavg)+offset;offset_f=+0.0269;raw_f=74.2100;spread=gespr@f096;covered_leads=78-105"
MIA,KMIA,2026-04-18,2026-04-18T00:00:00Z,4,gefs,82.4729,0.9540,"s3://noaa-gefs-pds/gefs.20260418/00/atmos/pgrb2sp25/{geavg,gespr}.t00z.pgrb2s.0p25.f{006,012,018,024,030}#statistic=max_t(geavg)+offset;offset_f=+0.0549;raw_f=82.4180;spread=gespr@f024;covered_leads=0-30"
MIA,KMIA,2026-04-18,2026-04-17T00:00:00Z,28,gefs,82.5089,0.8820,"s3://noaa-gefs-pds/gefs.20260417/00/atmos/pgrb2sp25/{geavg,gespr}.t00z.pgrb2s.0p25.f{030,036,042,048,054}#statistic=max_t(geavg)+offset;offset_f=+0.0549;raw_f=82.4540;spread=gespr@f048;covered_leads=24-54"
MIA,KMIA,2026-04-18,2026-04-16T00:00:00Z,52,gefs,82.1849,1.0080,"s3://noaa-gefs-pds/gefs.20260416/00/atmos/pgrb2sp25/{geavg,gespr}.t00z.pgrb2s.0p25.f{054,060,066,072,078}#statistic=max_t(geavg)+offset;offset_f=+0.0549;raw_f=82.1300;spread=gespr@f072;covered_leads=48-78"
MIA,KMIA,2026-04-18,2026-04-15T00:00:00Z,76,gefs,82.0049,1.2600,"s3://noaa-gefs-pds/gefs.20260415/00/atmos/pgrb2sp25/{geavg,gespr}.t00z.pgrb2s.0p25.f{078,084,090,096,102}#statistic=max_t(geavg)+offset;offset_f=+0.0549;raw_f=81.9500;spread=gespr@f096;covered_leads=72-102"
NY,KNYC,2026-04-18,2026-04-18T00:00:00Z,4,gefs,71.4014,0.9000,"s3://noaa-gefs-pds/gefs.20260418/00/atmos/pgrb2sp25/{geavg,gespr}.t00z.pgrb2s.0p25.f{006,012,018,024,030}#statistic=max_t(geavg)+offset;offset_f=+0.2514;raw_f=71.1500;spread=gespr@f006;covered_leads=0-30"
NY,KNYC,2026-04-18,2026-04-17T00:00:00Z,28,gefs,69.9614,2.1600,"s3://noaa-gefs-pds/gefs.20260417/00/atmos/pgrb2sp25/{geavg,gespr}.t00z.pgrb2s.0p25.f{030,036,042,048,054}#statistic=max_t(geavg)+offset;offset_f=+0.2514;raw_f=69.7100;spread=gespr@f030;covered_leads=24-54"
NY,KNYC,2026-04-18,2026-04-16T00:00:00Z,52,gefs,70.6814,2.8800,"s3://noaa-gefs-pds/gefs.20260416/00/atmos/pgrb2sp25/{geavg,gespr}.t00z.pgrb2s.0p25.f{054,060,066,072,078}#statistic=max_t(geavg)+offset;offset_f=+0.2514;raw_f=70.4300;spread=gespr@f054;covered_leads=48-78"
NY,KNYC,2026-04-18,2026-04-15T00:00:00Z,76,gefs,70.8614,3.7800,"s3://noaa-gefs-pds/gefs.20260415/00/atmos/pgrb2sp25/{geavg,gespr}.t00z.pgrb2s.0p25.f{078,084,090,096,102}#statistic=max_t(geavg)+offset;offset_f=+0.2514;raw_f=70.6100;spread=gespr@f078;covered_leads=72-102"
CHI,KMDW,2026-04-19,2026-04-19T00:00:00Z,5,gefs,49.6349,1.0980,"s3://noaa-gefs-pds/gefs.20260419/00/atmos/pgrb2sp25/{geavg,gespr}.t00z.pgrb2s.0p25.f{006,012,018,024,030}#statistic=max_t(geavg)+offset;offset_f=+0.0489;raw_f=49.5860;spread=gespr@f024;covered_leads=0-30"
CHI,KMDW,2026-04-19,2026-04-18T00:00:00Z,29,gefs,50.5889,1.6740,"s3://noaa-gefs-pds/gefs.20260418/00/atmos/pgrb2sp25/{geavg,gespr}.t00z.pgrb2s.0p25.f{030,036,042,048,054}#statistic=max_t(geavg)+offset;offset_f=+0.0489;raw_f=50.5400;spread=gespr@f048;covered_leads=24-54"
CHI,KMDW,2026-04-19,2026-04-17T00:00:00Z,53,gefs,53.0549,2.7180,"s3://noaa-gefs-pds/gefs.20260417/00/atmos/pgrb2sp25/{geavg,gespr}.t00z.pgrb2s.0p25.f{054,060,066,072,078}#statistic=max_t(geavg)+offset;offset_f=+0.0489;raw_f=53.0060;spread=gespr@f072;covered_leads=48-78"
CHI,KMDW,2026-04-19,2026-04-16T00:00:00Z,77,gefs,48.8609,2.4660,"s3://noaa-gefs-pds/gefs.20260416/00/atmos/pgrb2sp25/{geavg,gespr}.t00z.pgrb2s.0p25.f{078,084,090,096,102}#statistic=max_t(geavg)+offset;offset_f=+0.0489;raw_f=48.8120;spread=gespr@f096;covered_leads=72-102"
LAX,KLAX,2026-04-19,2026-04-19T00:00:00Z,7,gefs,72.1669,0.4860,"s3://noaa-gefs-pds/gefs.20260419/00/atmos/pgrb2sp25/{geavg,gespr}.t00z.pgrb2s.0p25.f{012,018,024,030,033}#statistic=max_t(geavg)+offset;offset_f=+0.0269;raw_f=72.1400;spread=gespr@f024;covered_leads=6-33"
LAX,KLAX,2026-04-19,2026-04-18T00:00:00Z,31,gefs,71.8789,1.1160,"s3://noaa-gefs-pds/gefs.20260418/00/atmos/pgrb2sp25/{geavg,gespr}.t00z.pgrb2s.0p25.f{036,042,048,054,057}#statistic=max_t(geavg)+offset;offset_f=+0.0269;raw_f=71.8520;spread=gespr@f048;covered_leads=30-57"
LAX,KLAX,2026-04-19,2026-04-17T00:00:00Z,55,gefs,72.2749,1.1880,"s3://noaa-gefs-pds/gefs.20260417/00/atmos/pgrb2sp25/{geavg,gespr}.t00z.pgrb2s.0p25.f{060,066,072,078,081}#statistic=max_t(geavg)+offset;offset_f=+0.0269;raw_f=72.2480;spread=gespr@f072;covered_leads=54-81"
LAX,KLAX,2026-04-19,2026-04-16T00:00:00Z,79,gefs,70.5469,1.4940,"s3://noaa-gefs-pds/gefs.20260416/00/atmos/pgrb2sp25/{geavg,gespr}.t00z.pgrb2s.0p25.f{084,090,096,102,105}#statistic=max_t(geavg)+offset;offset_f=+0.0269;raw_f=70.5200;spread=gespr@f096;covered_leads=78-105"
MIA,KMIA,2026-04-19,2026-04-19T00:00:00Z,4,gefs,83.8049,0.5760,"s3://noaa-gefs-pds/gefs.20260419/00/atmos/pgrb2sp25/{geavg,gespr}.t00z.pgrb2s.0p25.f{006,012,018,024,030}#statistic=max_t(geavg)+offset;offset_f=+0.0549;raw_f=83.7500;spread=gespr@f024;covered_leads=0-30"
MIA,KMIA,2026-04-19,2026-04-18T00:00:00Z,28,gefs,83.6069,0.9360,"s3://noaa-gefs-pds/gefs.20260418/00/atmos/pgrb2sp25/{geavg,gespr}.t00z.pgrb2s.0p25.f{030,036,042,048,054}#statistic=max_t(geavg)+offset;offset_f=+0.0549;raw_f=83.5520;spread=gespr@f048;covered_leads=24-54"
MIA,KMIA,2026-04-19,2026-04-17T00:00:00Z,52,gefs,83.3549,0.9180,"s3://noaa-gefs-pds/gefs.20260417/00/atmos/pgrb2sp25/{geavg,gespr}.t00z.pgrb2s.0p25.f{054,060,066,072,078}#statistic=max_t(geavg)+offset;offset_f=+0.0549;raw_f=83.3000;spread=gespr@f072;covered_leads=48-78"
MIA,KMIA,2026-04-19,2026-04-16T00:00:00Z,76,gefs,83.4809,1.3320,"s3://noaa-gefs-pds/gefs.20260416/00/atmos/pgrb2sp25/{geavg,gespr}.t00z.pgrb2s.0p25.f{078,084,090,096,102}#statistic=max_t(geavg)+offset;offset_f=+0.0549;raw_f=83.4260;spread=gespr@f096;covered_leads=72-102"
NY,KNYC,2026-04-19,2026-04-19T00:00:00Z,4,gefs,57.0374,0.9000,"s3://noaa-gefs-pds/gefs.20260419/00/atmos/pgrb2sp25/{geavg,gespr}.t00z.pgrb2s.0p25.f{006,012,018,024,030}#statistic=max_t(geavg)+offset;offset_f=+0.2514;raw_f=56.7860;spread=gespr@f018;covered_leads=0-30"
NY,KNYC,2026-04-19,2026-04-18T00:00:00Z,28,gefs,59.4134,2.7360,"s3://noaa-gefs-pds/gefs.20260418/00/atmos/pgrb2sp25/{geavg,gespr}.t00z.pgrb2s.0p25.f{030,036,042,048,054}#statistic=max_t(geavg)+offset;offset_f=+0.2514;raw_f=59.1620;spread=gespr@f042;covered_leads=24-54"
NY,KNYC,2026-04-19,2026-04-17T00:00:00Z,52,gefs,56.8214,3.6000,"s3://noaa-gefs-pds/gefs.20260417/00/atmos/pgrb2sp25/{geavg,gespr}.t00z.pgrb2s.0p25.f{054,060,066,072,078}#statistic=max_t(geavg)+offset;offset_f=+0.2514;raw_f=56.5700;spread=gespr@f066;covered_leads=48-78"
NY,KNYC,2026-04-19,2026-04-16T00:00:00Z,76,gefs,59.9354,5.0760,"s3://noaa-gefs-pds/gefs.20260416/00/atmos/pgrb2sp25/{geavg,gespr}.t00z.pgrb2s.0p25.f{078,084,090,096,102}#statistic=max_t(geavg)+offset;offset_f=+0.2514;raw_f=59.6840;spread=gespr@f090;covered_leads=72-102"
CHI,KMDW,2026-04-20,2026-04-20T00:00:00Z,5,gefs,54.8189,1.8000,"s3://noaa-gefs-pds/gefs.20260420/00/atmos/pgrb2sp25/{geavg,gespr}.t00z.pgrb2s.0p25.f{006,012,018,024,030}#statistic=max_t(geavg)+offset;offset_f=+0.0489;raw_f=54.7700;spread=gespr@f024;covered_leads=0-30"
CHI,KMDW,2026-04-20,2026-04-19T00:00:00Z,29,gefs,52.5509,3.0780,"s3://noaa-gefs-pds/gefs.20260419/00/atmos/pgrb2sp25/{geavg,gespr}.t00z.pgrb2s.0p25.f{030,036,042,048,054}#statistic=max_t(geavg)+offset;offset_f=+0.0489;raw_f=52.5020;spread=gespr@f048;covered_leads=24-54"
CHI,KMDW,2026-04-20,2026-04-18T00:00:00Z,53,gefs,54.4589,2.5200,"s3://noaa-gefs-pds/gefs.20260418/00/atmos/pgrb2sp25/{geavg,gespr}.t00z.pgrb2s.0p25.f{054,060,066,072,078}#statistic=max_t(geavg)+offset;offset_f=+0.0489;raw_f=54.4100;spread=gespr@f072;covered_leads=48-78"
CHI,KMDW,2026-04-20,2026-04-17T00:00:00Z,77,gefs,55.3589,3.5640,"s3://noaa-gefs-pds/gefs.20260417/00/atmos/pgrb2sp25/{geavg,gespr}.t00z.pgrb2s.0p25.f{078,084,090,096,102}#statistic=max_t(geavg)+offset;offset_f=+0.0489;raw_f=55.3100;spread=gespr@f096;covered_leads=72-102"
LAX,KLAX,2026-04-20,2026-04-20T00:00:00Z,7,gefs,67.9369,0.3600,"s3://noaa-gefs-pds/gefs.20260420/00/atmos/pgrb2sp25/{geavg,gespr}.t00z.pgrb2s.0p25.f{012,018,024,030,033}#statistic=max_t(geavg)+offset;offset_f=+0.0269;raw_f=67.9100;spread=gespr@f024;covered_leads=6-33"
LAX,KLAX,2026-04-20,2026-04-19T00:00:00Z,31,gefs,67.9909,0.7380,"s3://noaa-gefs-pds/gefs.20260419/00/atmos/pgrb2sp25/{geavg,gespr}.t00z.pgrb2s.0p25.f{036,042,048,054,057}#statistic=max_t(geavg)+offset;offset_f=+0.0269;raw_f=67.9640;spread=gespr@f048;covered_leads=30-57"
LAX,KLAX,2026-04-20,2026-04-18T00:00:00Z,55,gefs,68.2969,0.9000,"s3://noaa-gefs-pds/gefs.20260418/00/atmos/pgrb2sp25/{geavg,gespr}.t00z.pgrb2s.0p25.f{060,066,072,078,081}#statistic=max_t(geavg)+offset;offset_f=+0.0269;raw_f=68.2700;spread=gespr@f072;covered_leads=54-81"
LAX,KLAX,2026-04-20,2026-04-17T00:00:00Z,79,gefs,68.1529,1.3860,"s3://noaa-gefs-pds/gefs.20260417/00/atmos/pgrb2sp25/{geavg,gespr}.t00z.pgrb2s.0p25.f{084,090,096,102,105}#statistic=max_t(geavg)+offset;offset_f=+0.0269;raw_f=68.1260;spread=gespr@f096;covered_leads=78-105"
MIA,KMIA,2026-04-20,2026-04-20T00:00:00Z,4,gefs,82.9049,1.0800,"s3://noaa-gefs-pds/gefs.20260420/00/atmos/pgrb2sp25/{geavg,gespr}.t00z.pgrb2s.0p25.f{006,012,018,024,030}#statistic=max_t(geavg)+offset;offset_f=+0.0549;raw_f=82.8500;spread=gespr@f018;covered_leads=0-30"
MIA,KMIA,2026-04-20,2026-04-19T00:00:00Z,28,gefs,81.6449,1.8000,"s3://noaa-gefs-pds/gefs.20260419/00/atmos/pgrb2sp25/{geavg,gespr}.t00z.pgrb2s.0p25.f{030,036,042,048,054}#statistic=max_t(geavg)+offset;offset_f=+0.0549;raw_f=81.5900;spread=gespr@f042;covered_leads=24-54"
MIA,KMIA,2026-04-20,2026-04-18T00:00:00Z,52,gefs,82.7249,1.4400,"s3://noaa-gefs-pds/gefs.20260418/00/atmos/pgrb2sp25/{geavg,gespr}.t00z.pgrb2s.0p25.f{054,060,066,072,078}#statistic=max_t(geavg)+offset;offset_f=+0.0549;raw_f=82.6700;spread=gespr@f066;covered_leads=48-78"
MIA,KMIA,2026-04-20,2026-04-17T00:00:00Z,76,gefs,82.9049,1.2600,"s3://noaa-gefs-pds/gefs.20260417/00/atmos/pgrb2sp25/{geavg,gespr}.t00z.pgrb2s.0p25.f{078,084,090,096,102}#statistic=max_t(geavg)+offset;offset_f=+0.0549;raw_f=82.8500;spread=gespr@f090;covered_leads=72-102"
NY,KNYC,2026-04-20,2026-04-20T00:00:00Z,4,gefs,51.7814,1.8000,"s3://noaa-gefs-pds/gefs.20260420/00/atmos/pgrb2sp25/{geavg,gespr}.t00z.pgrb2s.0p25.f{006,012,018,024,030}#statistic=max_t(geavg)+offset;offset_f=+0.2514;raw_f=51.5300;spread=gespr@f024;covered_leads=0-30"
NY,KNYC,2026-04-20,2026-04-19T00:00:00Z,28,gefs,51.4754,1.8720,"s3://noaa-gefs-pds/gefs.20260419/00/atmos/pgrb2sp25/{geavg,gespr}.t00z.pgrb2s.0p25.f{030,036,042,048,054}#statistic=max_t(geavg)+offset;offset_f=+0.2514;raw_f=51.2240;spread=gespr@f048;covered_leads=24-54"
NY,KNYC,2026-04-20,2026-04-18T00:00:00Z,52,gefs,53.5814,1.6200,"s3://noaa-gefs-pds/gefs.20260418/00/atmos/pgrb2sp25/{geavg,gespr}.t00z.pgrb2s.0p25.f{054,060,066,072,078}#statistic=max_t(geavg)+offset;offset_f=+0.2514;raw_f=53.3300;spread=gespr@f054;covered_leads=48-78"
NY,KNYC,2026-04-20,2026-04-17T00:00:00Z,76,gefs,53.5454,2.3400,"s3://noaa-gefs-pds/gefs.20260417/00/atmos/pgrb2sp25/{geavg,gespr}.t00z.pgrb2s.0p25.f{078,084,090,096,102}#statistic=max_t(geavg)+offset;offset_f=+0.2514;raw_f=53.2940;spread=gespr@f096;covered_leads=72-102"
CHI,KMDW,2026-04-21,2026-04-21T00:00:00Z,5,gefs,69.4349,1.4940,"s3://noaa-gefs-pds/gefs.20260421/00/atmos/pgrb2sp25/{geavg,gespr}.t00z.pgrb2s.0p25.f{006,012,018,024,030}#statistic=max_t(geavg)+offset;offset_f=+0.0489;raw_f=69.3860;spread=gespr@f024;covered_leads=0-30"
CHI,KMDW,2026-04-21,2026-04-20T00:00:00Z,29,gefs,68.6429,2.1780,"s3://noaa-gefs-pds/gefs.20260420/00/atmos/pgrb2sp25/{geavg,gespr}.t00z.pgrb2s.0p25.f{030,036,042,048,054}#statistic=max_t(geavg)+offset;offset_f=+0.0489;raw_f=68.5940;spread=gespr@f048;covered_leads=24-54"
CHI,KMDW,2026-04-21,2026-04-19T00:00:00Z,53,gefs,67.5089,1.9800,"s3://noaa-gefs-pds/gefs.20260419/00/atmos/pgrb2sp25/{geavg,gespr}.t00z.pgrb2s.0p25.f{054,060,066,072,078}#statistic=max_t(geavg)+offset;offset_f=+0.0489;raw_f=67.4600;spread=gespr@f072;covered_leads=48-78"
CHI,KMDW,2026-04-21,2026-04-18T00:00:00Z,77,gefs,66.6089,2.6460,"s3://noaa-gefs-pds/gefs.20260418/00/atmos/pgrb2sp25/{geavg,gespr}.t00z.pgrb2s.0p25.f{078,084,090,096,102}#statistic=max_t(geavg)+offset;offset_f=+0.0489;raw_f=66.5600;spread=gespr@f096;covered_leads=72-102"
LAX,KLAX,2026-04-21,2026-04-21T00:00:00Z,7,gefs,65.3809,0.6120,"s3://noaa-gefs-pds/gefs.20260421/00/atmos/pgrb2sp25/{geavg,gespr}.t00z.pgrb2s.0p25.f{012,018,024,030,033}#statistic=max_t(geavg)+offset;offset_f=+0.0269;raw_f=65.3540;spread=gespr@f024;covered_leads=6-33"
LAX,KLAX,2026-04-21,2026-04-20T00:00:00Z,31,gefs,65.1649,1.1700,"s3://noaa-gefs-pds/gefs.20260420/00/atmos/pgrb2sp25/{geavg,gespr}.t00z.pgrb2s.0p25.f{036,042,048,054,057}#statistic=max_t(geavg)+offset;offset_f=+0.0269;raw_f=65.1380;spread=gespr@f048;covered_leads=30-57"
LAX,KLAX,2026-04-21,2026-04-19T00:00:00Z,55,gefs,65.0569,1.2420,"s3://noaa-gefs-pds/gefs.20260419/00/atmos/pgrb2sp25/{geavg,gespr}.t00z.pgrb2s.0p25.f{060,066,072,078,081}#statistic=max_t(geavg)+offset;offset_f=+0.0269;raw_f=65.0300;spread=gespr@f072;covered_leads=54-81"
LAX,KLAX,2026-04-21,2026-04-18T00:00:00Z,79,gefs,65.6509,1.5300,"s3://noaa-gefs-pds/gefs.20260418/00/atmos/pgrb2sp25/{geavg,gespr}.t00z.pgrb2s.0p25.f{084,090,096,102,105}#statistic=max_t(geavg)+offset;offset_f=+0.0269;raw_f=65.6240;spread=gespr@f096;covered_leads=78-105"
MIA,KMIA,2026-04-21,2026-04-21T00:00:00Z,4,gefs,76.4249,1.0800,"s3://noaa-gefs-pds/gefs.20260421/00/atmos/pgrb2sp25/{geavg,gespr}.t00z.pgrb2s.0p25.f{006,012,018,024,030}#statistic=max_t(geavg)+offset;offset_f=+0.0549;raw_f=76.3700;spread=gespr@f018;covered_leads=0-30"
MIA,KMIA,2026-04-21,2026-04-20T00:00:00Z,28,gefs,76.6049,1.2600,"s3://noaa-gefs-pds/gefs.20260420/00/atmos/pgrb2sp25/{geavg,gespr}.t00z.pgrb2s.0p25.f{030,036,042,048,054}#statistic=max_t(geavg)+offset;offset_f=+0.0549;raw_f=76.5500;spread=gespr@f030;covered_leads=24-54"
MIA,KMIA,2026-04-21,2026-04-19T00:00:00Z,52,gefs,75.3809,1.2960,"s3://noaa-gefs-pds/gefs.20260419/00/atmos/pgrb2sp25/{geavg,gespr}.t00z.pgrb2s.0p25.f{054,060,066,072,078}#statistic=max_t(geavg)+offset;offset_f=+0.0549;raw_f=75.3260;spread=gespr@f072;covered_leads=48-78"
MIA,KMIA,2026-04-21,2026-04-18T00:00:00Z,76,gefs,76.2449,1.2600,"s3://noaa-gefs-pds/gefs.20260418/00/atmos/pgrb2sp25/{geavg,gespr}.t00z.pgrb2s.0p25.f{078,084,090,096,102}#statistic=max_t(geavg)+offset;offset_f=+0.0549;raw_f=76.1900;spread=gespr@f090;covered_leads=72-102"
NY,KNYC,2026-04-21,2026-04-21T00:00:00Z,4,gefs,53.5814,2.2500,"s3://noaa-gefs-pds/gefs.20260421/00/atmos/pgrb2sp25/{geavg,gespr}.t00z.pgrb2s.0p25.f{006,012,018,024,030}#statistic=max_t(geavg)+offset;offset_f=+0.2514;raw_f=53.3300;spread=gespr@f024;covered_leads=0-30"
NY,KNYC,2026-04-21,2026-04-20T00:00:00Z,28,gefs,53.4914,2.8620,"s3://noaa-gefs-pds/gefs.20260420/00/atmos/pgrb2sp25/{geavg,gespr}.t00z.pgrb2s.0p25.f{030,036,042,048,054}#statistic=max_t(geavg)+offset;offset_f=+0.2514;raw_f=53.2400;spread=gespr@f048;covered_leads=24-54"
NY,KNYC,2026-04-21,2026-04-19T00:00:00Z,52,gefs,54.8774,3.7260,"s3://noaa-gefs-pds/gefs.20260419/00/atmos/pgrb2sp25/{geavg,gespr}.t00z.pgrb2s.0p25.f{054,060,066,072,078}#statistic=max_t(geavg)+offset;offset_f=+0.2514;raw_f=54.6260;spread=gespr@f072;covered_leads=48-78"
NY,KNYC,2026-04-21,2026-04-18T00:00:00Z,76,gefs,56.1554,3.3840,"s3://noaa-gefs-pds/gefs.20260418/00/atmos/pgrb2sp25/{geavg,gespr}.t00z.pgrb2s.0p25.f{078,084,090,096,102}#statistic=max_t(geavg)+offset;offset_f=+0.2514;raw_f=55.9040;spread=gespr@f096;covered_leads=72-102"
CHI,KMDW,2026-04-22,2026-04-22T00:00:00Z,5,gefs,67.4909,0.3960,"s3://noaa-gefs-pds/gefs.20260422/00/atmos/pgrb2sp25/{geavg,gespr}.t00z.pgrb2s.0p25.f{006,012,018,024,030}#statistic=max_t(geavg)+offset;offset_f=+0.0489;raw_f=67.4420;spread=gespr@f006;covered_leads=0-30"
CHI,KMDW,2026-04-22,2026-04-21T00:00:00Z,29,gefs,71.0909,3.4200,"s3://noaa-gefs-pds/gefs.20260421/00/atmos/pgrb2sp25/{geavg,gespr}.t00z.pgrb2s.0p25.f{030,036,042,048,054}#statistic=max_t(geavg)+offset;offset_f=+0.0489;raw_f=71.0420;spread=gespr@f048;covered_leads=24-54"
CHI,KMDW,2026-04-22,2026-04-20T00:00:00Z,53,gefs,67.9589,3.6000,"s3://noaa-gefs-pds/gefs.20260420/00/atmos/pgrb2sp25/{geavg,gespr}.t00z.pgrb2s.0p25.f{054,060,066,072,078}#statistic=max_t(geavg)+offset;offset_f=+0.0489;raw_f=67.9100;spread=gespr@f072;covered_leads=48-78"
CHI,KMDW,2026-04-22,2026-04-19T00:00:00Z,77,gefs,66.1229,6.5880,"s3://noaa-gefs-pds/gefs.20260419/00/atmos/pgrb2sp25/{geavg,gespr}.t00z.pgrb2s.0p25.f{078,084,090,096,102}#statistic=max_t(geavg)+offset;offset_f=+0.0489;raw_f=66.0740;spread=gespr@f096;covered_leads=72-102"
LAX,KLAX,2026-04-22,2026-04-22T00:00:00Z,7,gefs,65.8489,0.7200,"s3://noaa-gefs-pds/gefs.20260422/00/atmos/pgrb2sp25/{geavg,gespr}.t00z.pgrb2s.0p25.f{012,018,024,030,033}#statistic=max_t(geavg)+offset;offset_f=+0.0269;raw_f=65.8220;spread=gespr@f024;covered_leads=6-33"
LAX,KLAX,2026-04-22,2026-04-21T00:00:00Z,31,gefs,66.4249,0.6300,"s3://noaa-gefs-pds/gefs.20260421/00/atmos/pgrb2sp25/{geavg,gespr}.t00z.pgrb2s.0p25.f{036,042,048,054,057}#statistic=max_t(geavg)+offset;offset_f=+0.0269;raw_f=66.3980;spread=gespr@f048;covered_leads=30-57"
LAX,KLAX,2026-04-22,2026-04-20T00:00:00Z,55,gefs,66.3169,1.4400,"s3://noaa-gefs-pds/gefs.20260420/00/atmos/pgrb2sp25/{geavg,gespr}.t00z.pgrb2s.0p25.f{060,066,072,078,081}#statistic=max_t(geavg)+offset;offset_f=+0.0269;raw_f=66.2900;spread=gespr@f072;covered_leads=54-81"
LAX,KLAX,2026-04-22,2026-04-19T00:00:00Z,79,gefs,65.3449,1.2060,"s3://noaa-gefs-pds/gefs.20260419/00/atmos/pgrb2sp25/{geavg,gespr}.t00z.pgrb2s.0p25.f{084,090,096,102,105}#statistic=max_t(geavg)+offset;offset_f=+0.0269;raw_f=65.3180;spread=gespr@f096;covered_leads=78-105"
MIA,KMIA,2026-04-22,2026-04-22T00:00:00Z,4,gefs,75.4169,1.0620,"s3://noaa-gefs-pds/gefs.20260422/00/atmos/pgrb2sp25/{geavg,gespr}.t00z.pgrb2s.0p25.f{006,012,018,024,030}#statistic=max_t(geavg)+offset;offset_f=+0.0549;raw_f=75.3620;spread=gespr@f024;covered_leads=0-30"
MIA,KMIA,2026-04-22,2026-04-21T00:00:00Z,28,gefs,75.5969,1.7280,"s3://noaa-gefs-pds/gefs.20260421/00/atmos/pgrb2sp25/{geavg,gespr}.t00z.pgrb2s.0p25.f{030,036,042,048,054}#statistic=max_t(geavg)+offset;offset_f=+0.0549;raw_f=75.5420;spread=gespr@f048;covered_leads=24-54"
MIA,KMIA,2026-04-22,2026-04-20T00:00:00Z,52,gefs,74.8049,2.8800,"s3://noaa-gefs-pds/gefs.20260420/00/atmos/pgrb2sp25/{geavg,gespr}.t00z.pgrb2s.0p25.f{054,060,066,072,078}#statistic=max_t(geavg)+offset;offset_f=+0.0549;raw_f=74.7500;spread=gespr@f072;covered_leads=48-78"
MIA,KMIA,2026-04-22,2026-04-19T00:00:00Z,76,gefs,74.7509,1.8000,"s3://noaa-gefs-pds/gefs.20260419/00/atmos/pgrb2sp25/{geavg,gespr}.t00z.pgrb2s.0p25.f{078,084,090,096,102}#statistic=max_t(geavg)+offset;offset_f=+0.0549;raw_f=74.6960;spread=gespr@f096;covered_leads=72-102"
NY,KNYC,2026-04-22,2026-04-22T00:00:00Z,4,gefs,53.8514,2.9340,"s3://noaa-gefs-pds/gefs.20260422/00/atmos/pgrb2sp25/{geavg,gespr}.t00z.pgrb2s.0p25.f{006,012,018,024,030}#statistic=max_t(geavg)+offset;offset_f=+0.2514;raw_f=53.6000;spread=gespr@f024;covered_leads=0-30"
NY,KNYC,2026-04-22,2026-04-21T00:00:00Z,28,gefs,57.8294,5.7420,"s3://noaa-gefs-pds/gefs.20260421/00/atmos/pgrb2sp25/{geavg,gespr}.t00z.pgrb2s.0p25.f{030,036,042,048,054}#statistic=max_t(geavg)+offset;offset_f=+0.2514;raw_f=57.5780;spread=gespr@f048;covered_leads=24-54"
NY,KNYC,2026-04-22,2026-04-20T00:00:00Z,52,gefs,61.6814,5.4000,"s3://noaa-gefs-pds/gefs.20260420/00/atmos/pgrb2sp25/{geavg,gespr}.t00z.pgrb2s.0p25.f{054,060,066,072,078}#statistic=max_t(geavg)+offset;offset_f=+0.2514;raw_f=61.4300;spread=gespr@f072;covered_leads=48-78"
NY,KNYC,2026-04-22,2026-04-19T00:00:00Z,76,gefs,64.8674,4.1760,"s3://noaa-gefs-pds/gefs.20260419/00/atmos/pgrb2sp25/{geavg,gespr}.t00z.pgrb2s.0p25.f{078,084,090,096,102}#statistic=max_t(geavg)+offset;offset_f=+0.2514;raw_f=64.6160;spread=gespr@f096;covered_leads=72-102"
CHI,KMDW,2026-04-23,2026-04-23T00:00:00Z,5,gefs,76.4549,1.4220,"s3://noaa-gefs-pds/gefs.20260423/00/atmos/pgrb2sp25/{geavg,gespr}.t00z.pgrb2s.0p25.f{006,012,018,024,030}#statistic=max_t(geavg)+offset;offset_f=+0.0489;raw_f=76.4060;spread=gespr@f024;covered_leads=0-30"
CHI,KMDW,2026-04-23,2026-04-22T00:00:00Z,29,gefs,75.9869,1.5480,"s3://noaa-gefs-pds/gefs.20260422/00/atmos/pgrb2sp25/{geavg,gespr}.t00z.pgrb2s.0p25.f{030,036,042,048,054}#statistic=max_t(geavg)+offset;offset_f=+0.0489;raw_f=75.9380;spread=gespr@f048;covered_leads=24-54"
CHI,KMDW,2026-04-23,2026-04-21T00:00:00Z,53,gefs,75.7349,1.8000,"s3://noaa-gefs-pds/gefs.20260421/00/atmos/pgrb2sp25/{geavg,gespr}.t00z.pgrb2s.0p25.f{054,060,066,072,078}#statistic=max_t(geavg)+offset;offset_f=+0.0489;raw_f=75.6860;spread=gespr@f072;covered_leads=48-78"
CHI,KMDW,2026-04-23,2026-04-20T00:00:00Z,77,gefs,74.7989,1.6200,"s3://noaa-gefs-pds/gefs.20260420/00/atmos/pgrb2sp25/{geavg,gespr}.t00z.pgrb2s.0p25.f{078,084,090,096,102}#statistic=max_t(geavg)+offset;offset_f=+0.0489;raw_f=74.7500;spread=gespr@f096;covered_leads=72-102"
LAX,KLAX,2026-04-23,2026-04-23T00:00:00Z,7,gefs,71.6269,0.7560,"s3://noaa-gefs-pds/gefs.20260423/00/atmos/pgrb2sp25/{geavg,gespr}.t00z.pgrb2s.0p25.f{012,018,024,030,033}#statistic=max_t(geavg)+offset;offset_f=+0.0269;raw_f=71.6000;spread=gespr@f024;covered_leads=6-33"
LAX,KLAX,2026-04-23,2026-04-22T00:00:00Z,31,gefs,70.7989,0.7740,"s3://noaa-gefs-pds/gefs.20260422/00/atmos/pgrb2sp25/{geavg,gespr}.t00z.pgrb2s.0p25.f{036,042,048,054,057}#statistic=max_t(geavg)+offset;offset_f=+0.0269;raw_f=70.7720;spread=gespr@f048;covered_leads=30-57"
LAX,KLAX,2026-04-23,2026-04-21T00:00:00Z,55,gefs,69.9169,0.8820,"s3://noaa-gefs-pds/gefs.20260421/00/atmos/pgrb2sp25/{geavg,gespr}.t00z.pgrb2s.0p25.f{060,066,072,078,081}#statistic=max_t(geavg)+offset;offset_f=+0.0269;raw_f=69.8900;spread=gespr@f072;covered_leads=54-81"
LAX,KLAX,2026-04-23,2026-04-20T00:00:00Z,79,gefs,68.4769,1.2600,"s3://noaa-gefs-pds/gefs.20260420/00/atmos/pgrb2sp25/{geavg,gespr}.t00z.pgrb2s.0p25.f{084,090,096,102,105}#statistic=max_t(geavg)+offset;offset_f=+0.0269;raw_f=68.4500;spread=gespr@f096;covered_leads=78-105"
MIA,KMIA,2026-04-23,2026-04-23T00:00:00Z,4,gefs,76.4249,1.0800,"s3://noaa-gefs-pds/gefs.20260423/00/atmos/pgrb2sp25/{geavg,gespr}.t00z.pgrb2s.0p25.f{006,012,018,024,030}#statistic=max_t(geavg)+offset;offset_f=+0.0549;raw_f=76.3700;spread=gespr@f018;covered_leads=0-30"
MIA,KMIA,2026-04-23,2026-04-22T00:00:00Z,28,gefs,76.6769,1.2780,"s3://noaa-gefs-pds/gefs.20260422/00/atmos/pgrb2sp25/{geavg,gespr}.t00z.pgrb2s.0p25.f{030,036,042,048,054}#statistic=max_t(geavg)+offset;offset_f=+0.0549;raw_f=76.6220;spread=gespr@f048;covered_leads=24-54"
MIA,KMIA,2026-04-23,2026-04-21T00:00:00Z,52,gefs,76.8569,1.9620,"s3://noaa-gefs-pds/gefs.20260421/00/atmos/pgrb2sp25/{geavg,gespr}.t00z.pgrb2s.0p25.f{054,060,066,072,078}#statistic=max_t(geavg)+offset;offset_f=+0.0549;raw_f=76.8020;spread=gespr@f072;covered_leads=48-78"
MIA,KMIA,2026-04-23,2026-04-20T00:00:00Z,76,gefs,76.2449,2.1600,"s3://noaa-gefs-pds/gefs.20260420/00/atmos/pgrb2sp25/{geavg,gespr}.t00z.pgrb2s.0p25.f{078,084,090,096,102}#statistic=max_t(geavg)+offset;offset_f=+0.0549;raw_f=76.1900;spread=gespr@f096;covered_leads=72-102"
NY,KNYC,2026-04-23,2026-04-23T00:00:00Z,4,gefs,70.1774,1.8360,"s3://noaa-gefs-pds/gefs.20260423/00/atmos/pgrb2sp25/{geavg,gespr}.t00z.pgrb2s.0p25.f{006,012,018,024,030}#statistic=max_t(geavg)+offset;offset_f=+0.2514;raw_f=69.9260;spread=gespr@f024;covered_leads=0-30"
NY,KNYC,2026-04-23,2026-04-22T00:00:00Z,28,gefs,69.4934,2.3040,"s3://noaa-gefs-pds/gefs.20260422/00/atmos/pgrb2sp25/{geavg,gespr}.t00z.pgrb2s.0p25.f{030,036,042,048,054}#statistic=max_t(geavg)+offset;offset_f=+0.2514;raw_f=69.2420;spread=gespr@f048;covered_leads=24-54"
NY,KNYC,2026-04-23,2026-04-21T00:00:00Z,52,gefs,66.5774,3.5820,"s3://noaa-gefs-pds/gefs.20260421/00/atmos/pgrb2sp25/{geavg,gespr}.t00z.pgrb2s.0p25.f{054,060,066,072,078}#statistic=max_t(geavg)+offset;offset_f=+0.2514;raw_f=66.3260;spread=gespr@f072;covered_leads=48-78"
NY,KNYC,2026-04-23,2026-04-20T00:00:00Z,76,gefs,68.1614,3.9600,"s3://noaa-gefs-pds/gefs.20260420/00/atmos/pgrb2sp25/{geavg,gespr}.t00z.pgrb2s.0p25.f{078,084,090,096,102}#statistic=max_t(geavg)+offset;offset_f=+0.2514;raw_f=67.9100;spread=gespr@f096;covered_leads=72-102"
CHI,KMDW,2026-04-24,2026-04-24T00:00:00Z,5,gefs,73.7189,0.3600,"s3://noaa-gefs-pds/gefs.20260424/00/atmos/pgrb2sp25/{geavg,gespr}.t00z.pgrb2s.0p25.f{006,012,018,024,030}#statistic=max_t(geavg)+offset;offset_f=+0.0489;raw_f=73.6700;spread=gespr@f006;covered_leads=0-30"
CHI,KMDW,2026-04-24,2026-04-23T00:00:00Z,29,gefs,72.0989,0.9000,"s3://noaa-gefs-pds/gefs.20260423/00/atmos/pgrb2sp25/{geavg,gespr}.t00z.pgrb2s.0p25.f{030,036,042,048,054}#statistic=max_t(geavg)+offset;offset_f=+0.0489;raw_f=72.0500;spread=gespr@f030;covered_leads=24-54"
CHI,KMDW,2026-04-24,2026-04-22T00:00:00Z,53,gefs,71.5589,1.2600,"s3://noaa-gefs-pds/gefs.20260422/00/atmos/pgrb2sp25/{geavg,gespr}.t00z.pgrb2s.0p25.f{054,060,066,072,078}#statistic=max_t(geavg)+offset;offset_f=+0.0489;raw_f=71.5100;spread=gespr@f054;covered_leads=48-78"
CHI,KMDW,2026-04-24,2026-04-21T00:00:00Z,77,gefs,72.6389,2.8800,"s3://noaa-gefs-pds/gefs.20260421/00/atmos/pgrb2sp25/{geavg,gespr}.t00z.pgrb2s.0p25.f{078,084,090,096,102}#statistic=max_t(geavg)+offset;offset_f=+0.0489;raw_f=72.5900;spread=gespr@f096;covered_leads=72-102"
LAX,KLAX,2026-04-24,2026-04-24T00:00:00Z,7,gefs,69.1969,0.9000,"s3://noaa-gefs-pds/gefs.20260424/00/atmos/pgrb2sp25/{geavg,gespr}.t00z.pgrb2s.0p25.f{012,018,024,030,033}#statistic=max_t(geavg)+offset;offset_f=+0.0269;raw_f=69.1700;spread=gespr@f024;covered_leads=6-33"
LAX,KLAX,2026-04-24,2026-04-23T00:00:00Z,31,gefs,69.7369,0.9000,"s3://noaa-gefs-pds/gefs.20260423/00/atmos/pgrb2sp25/{geavg,gespr}.t00z.pgrb2s.0p25.f{036,042,048,054,057}#statistic=max_t(geavg)+offset;offset_f=+0.0269;raw_f=69.7100;spread=gespr@f048;covered_leads=30-57"
LAX,KLAX,2026-04-24,2026-04-22T00:00:00Z,55,gefs,69.0169,1.0800,"s3://noaa-gefs-pds/gefs.20260422/00/atmos/pgrb2sp25/{geavg,gespr}.t00z.pgrb2s.0p25.f{060,066,072,078,081}#statistic=max_t(geavg)+offset;offset_f=+0.0269;raw_f=68.9900;spread=gespr@f072;covered_leads=54-81"
LAX,KLAX,2026-04-24,2026-04-21T00:00:00Z,79,gefs,67.7569,2.1600,"s3://noaa-gefs-pds/gefs.20260421/00/atmos/pgrb2sp25/{geavg,gespr}.t00z.pgrb2s.0p25.f{084,090,096,102,105}#statistic=max_t(geavg)+offset;offset_f=+0.0269;raw_f=67.7300;spread=gespr@f096;covered_leads=78-105"
MIA,KMIA,2026-04-24,2026-04-24T00:00:00Z,4,gefs,77.1449,1.4400,"s3://noaa-gefs-pds/gefs.20260424/00/atmos/pgrb2sp25/{geavg,gespr}.t00z.pgrb2s.0p25.f{006,012,018,024,030}#statistic=max_t(geavg)+offset;offset_f=+0.0549;raw_f=77.0900;spread=gespr@f024;covered_leads=0-30"
MIA,KMIA,2026-04-24,2026-04-23T00:00:00Z,28,gefs,78.2249,1.6200,"s3://noaa-gefs-pds/gefs.20260423/00/atmos/pgrb2sp25/{geavg,gespr}.t00z.pgrb2s.0p25.f{030,036,042,048,054}#statistic=max_t(geavg)+offset;offset_f=+0.0549;raw_f=78.1700;spread=gespr@f048;covered_leads=24-54"
MIA,KMIA,2026-04-24,2026-04-22T00:00:00Z,52,gefs,78.2249,2.3400,"s3://noaa-gefs-pds/gefs.20260422/00/atmos/pgrb2sp25/{geavg,gespr}.t00z.pgrb2s.0p25.f{054,060,066,072,078}#statistic=max_t(geavg)+offset;offset_f=+0.0549;raw_f=78.1700;spread=gespr@f072;covered_leads=48-78"
MIA,KMIA,2026-04-24,2026-04-21T00:00:00Z,76,gefs,78.7649,1.6200,"s3://noaa-gefs-pds/gefs.20260421/00/atmos/pgrb2sp25/{geavg,gespr}.t00z.pgrb2s.0p25.f{078,084,090,096,102}#statistic=max_t(geavg)+offset;offset_f=+0.0549;raw_f=78.7100;spread=gespr@f096;covered_leads=72-102"
NY,KNYC,2026-04-24,2026-04-24T00:00:00Z,4,gefs,69.0614,2.1600,"s3://noaa-gefs-pds/gefs.20260424/00/atmos/pgrb2sp25/{geavg,gespr}.t00z.pgrb2s.0p25.f{006,012,018,024,030}#statistic=max_t(geavg)+offset;offset_f=+0.2514;raw_f=68.8100;spread=gespr@f024;covered_leads=0-30"
NY,KNYC,2026-04-24,2026-04-23T00:00:00Z,28,gefs,66.0014,2.8800,"s3://noaa-gefs-pds/gefs.20260423/00/atmos/pgrb2sp25/{geavg,gespr}.t00z.pgrb2s.0p25.f{030,036,042,048,054}#statistic=max_t(geavg)+offset;offset_f=+0.2514;raw_f=65.7500;spread=gespr@f048;covered_leads=24-54"
NY,KNYC,2026-04-24,2026-04-22T00:00:00Z,52,gefs,63.1214,2.3400,"s3://noaa-gefs-pds/gefs.20260422/00/atmos/pgrb2sp25/{geavg,gespr}.t00z.pgrb2s.0p25.f{054,060,066,072,078}#statistic=max_t(geavg)+offset;offset_f=+0.2514;raw_f=62.8700;spread=gespr@f054;covered_leads=48-78"
NY,KNYC,2026-04-24,2026-04-21T00:00:00Z,76,gefs,60.4214,4.8600,"s3://noaa-gefs-pds/gefs.20260421/00/atmos/pgrb2sp25/{geavg,gespr}.t00z.pgrb2s.0p25.f{078,084,090,096,102}#statistic=max_t(geavg)+offset;offset_f=+0.2514;raw_f=60.1700;spread=gespr@f096;covered_leads=72-102"
CHI,KMDW,2026-04-25,2026-04-25T00:00:00Z,5,gefs,65.4389,0.5400,"s3://noaa-gefs-pds/gefs.20260425/00/atmos/pgrb2sp25/{geavg,gespr}.t00z.pgrb2s.0p25.f{006,012,018,024,030}#statistic=max_t(geavg)+offset;offset_f=+0.0489;raw_f=65.3900;spread=gespr@f006;covered_leads=0-30"
CHI,KMDW,2026-04-25,2026-04-24T00:00:00Z,29,gefs,66.3389,2.3400,"s3://noaa-gefs-pds/gefs.20260424/00/atmos/pgrb2sp25/{geavg,gespr}.t00z.pgrb2s.0p25.f{030,036,042,048,054}#statistic=max_t(geavg)+offset;offset_f=+0.0489;raw_f=66.2900;spread=gespr@f030;covered_leads=24-54"
CHI,KMDW,2026-04-25,2026-04-23T00:00:00Z,53,gefs,65.6189,3.0600,"s3://noaa-gefs-pds/gefs.20260423/00/atmos/pgrb2sp25/{geavg,gespr}.t00z.pgrb2s.0p25.f{054,060,066,072,078}#statistic=max_t(geavg)+offset;offset_f=+0.0489;raw_f=65.5700;spread=gespr@f054;covered_leads=48-78"
CHI,KMDW,2026-04-25,2026-04-22T00:00:00Z,77,gefs,64.5389,4.1400,"s3://noaa-gefs-pds/gefs.20260422/00/atmos/pgrb2sp25/{geavg,gespr}.t00z.pgrb2s.0p25.f{078,084,090,096,102}#statistic=max_t(geavg)+offset;offset_f=+0.0489;raw_f=64.4900;spread=gespr@f078;covered_leads=72-102"
LAX,KLAX,2026-04-25,2026-04-25T00:00:00Z,7,gefs,60.7369,1.0800,"s3://noaa-gefs-pds/gefs.20260425/00/atmos/pgrb2sp25/{geavg,gespr}.t00z.pgrb2s.0p25.f{012,018,024,030,033}#statistic=max_t(geavg)+offset;offset_f=+0.0269;raw_f=60.7100;spread=gespr@f024;covered_leads=6-33"
LAX,KLAX,2026-04-25,2026-04-24T00:00:00Z,31,gefs,60.9169,1.0800,"s3://noaa-gefs-pds/gefs.20260424/00/atmos/pgrb2sp25/{geavg,gespr}.t00z.pgrb2s.0p25.f{036,042,048,054,057}#statistic=max_t(geavg)+offset;offset_f=+0.0269;raw_f=60.8900;spread=gespr@f048;covered_leads=30-57"
LAX,KLAX,2026-04-25,2026-04-23T00:00:00Z,55,gefs,60.1969,1.2600,"s3://noaa-gefs-pds/gefs.20260423/00/atmos/pgrb2sp25/{geavg,gespr}.t00z.pgrb2s.0p25.f{060,066,072,078,081}#statistic=max_t(geavg)+offset;offset_f=+0.0269;raw_f=60.1700;spread=gespr@f072;covered_leads=54-81"
LAX,KLAX,2026-04-25,2026-04-22T00:00:00Z,79,gefs,61.2769,1.2600,"s3://noaa-gefs-pds/gefs.20260422/00/atmos/pgrb2sp25/{geavg,gespr}.t00z.pgrb2s.0p25.f{084,090,096,102,105}#statistic=max_t(geavg)+offset;offset_f=+0.0269;raw_f=61.2500;spread=gespr@f096;covered_leads=78-105"
MIA,KMIA,2026-04-25,2026-04-25T00:00:00Z,4,gefs,82.0049,0.5400,"s3://noaa-gefs-pds/gefs.20260425/00/atmos/pgrb2sp25/{geavg,gespr}.t00z.pgrb2s.0p25.f{006,012,018,024,030}#statistic=max_t(geavg)+offset;offset_f=+0.0549;raw_f=81.9500;spread=gespr@f024;covered_leads=0-30"
MIA,KMIA,2026-04-25,2026-04-24T00:00:00Z,28,gefs,80.5649,0.9000,"s3://noaa-gefs-pds/gefs.20260424/00/atmos/pgrb2sp25/{geavg,gespr}.t00z.pgrb2s.0p25.f{030,036,042,048,054}#statistic=max_t(geavg)+offset;offset_f=+0.0549;raw_f=80.5100;spread=gespr@f048;covered_leads=24-54"
MIA,KMIA,2026-04-25,2026-04-23T00:00:00Z,52,gefs,80.7449,1.0800,"s3://noaa-gefs-pds/gefs.20260423/00/atmos/pgrb2sp25/{geavg,gespr}.t00z.pgrb2s.0p25.f{054,060,066,072,078}#statistic=max_t(geavg)+offset;offset_f=+0.0549;raw_f=80.6900;spread=gespr@f072;covered_leads=48-78"
MIA,KMIA,2026-04-25,2026-04-22T00:00:00Z,76,gefs,81.1049,1.2600,"s3://noaa-gefs-pds/gefs.20260422/00/atmos/pgrb2sp25/{geavg,gespr}.t00z.pgrb2s.0p25.f{078,084,090,096,102}#statistic=max_t(geavg)+offset;offset_f=+0.0549;raw_f=81.0500;spread=gespr@f096;covered_leads=72-102"
NY,KNYC,2026-04-25,2026-04-25T00:00:00Z,4,gefs,54.4814,0.7200,"s3://noaa-gefs-pds/gefs.20260425/00/atmos/pgrb2sp25/{geavg,gespr}.t00z.pgrb2s.0p25.f{006,012,018,024,030}#statistic=max_t(geavg)+offset;offset_f=+0.2514;raw_f=54.2300;spread=gespr@f006;covered_leads=0-30"
NY,KNYC,2026-04-25,2026-04-24T00:00:00Z,28,gefs,57.0014,1.4400,"s3://noaa-gefs-pds/gefs.20260424/00/atmos/pgrb2sp25/{geavg,gespr}.t00z.pgrb2s.0p25.f{030,036,042,048,054}#statistic=max_t(geavg)+offset;offset_f=+0.2514;raw_f=56.7500;spread=gespr@f030;covered_leads=24-54"
NY,KNYC,2026-04-25,2026-04-23T00:00:00Z,52,gefs,56.8214,3.0600,"s3://noaa-gefs-pds/gefs.20260423/00/atmos/pgrb2sp25/{geavg,gespr}.t00z.pgrb2s.0p25.f{054,060,066,072,078}#statistic=max_t(geavg)+offset;offset_f=+0.2514;raw_f=56.5700;spread=gespr@f054;covered_leads=48-78"
NY,KNYC,2026-04-25,2026-04-22T00:00:00Z,76,gefs,55.0214,2.8800,"s3://noaa-gefs-pds/gefs.20260422/00/atmos/pgrb2sp25/{geavg,gespr}.t00z.pgrb2s.0p25.f{078,084,090,096,102}#statistic=max_t(geavg)+offset;offset_f=+0.2514;raw_f=54.7700;spread=gespr@f078;covered_leads=72-102"
CHI,KMDW,2026-04-26,2026-04-26T00:00:00Z,5,gefs,64.3589,1.8000,"s3://noaa-gefs-pds/gefs.20260426/00/atmos/pgrb2sp25/{geavg,gespr}.t00z.pgrb2s.0p25.f{006,012,018,024,030}#statistic=max_t(geavg)+offset;offset_f=+0.0489;raw_f=64.3100;spread=gespr@f024;covered_leads=0-30"
CHI,KMDW,2026-04-26,2026-04-25T00:00:00Z,29,gefs,65.2589,2.7000,"s3://noaa-gefs-pds/gefs.20260425/00/atmos/pgrb2sp25/{geavg,gespr}.t00z.pgrb2s.0p25.f{030,036,042,048,054}#statistic=max_t(geavg)+offset;offset_f=+0.0489;raw_f=65.2100;spread=gespr@f048;covered_leads=24-54"
CHI,KMDW,2026-04-26,2026-04-24T00:00:00Z,53,gefs,63.0989,2.8800,"s3://noaa-gefs-pds/gefs.20260424/00/atmos/pgrb2sp25/{geavg,gespr}.t00z.pgrb2s.0p25.f{054,060,066,072,078}#statistic=max_t(geavg)+offset;offset_f=+0.0489;raw_f=63.0500;spread=gespr@f072;covered_leads=48-78"
CHI,KMDW,2026-04-26,2026-04-23T00:00:00Z,77,gefs,66.5189,5.0400,"s3://noaa-gefs-pds/gefs.20260423/00/atmos/pgrb2sp25/{geavg,gespr}.t00z.pgrb2s.0p25.f{078,084,090,096,102}#statistic=max_t(geavg)+offset;offset_f=+0.0489;raw_f=66.4700;spread=gespr@f096;covered_leads=72-102"
LAX,KLAX,2026-04-26,2026-04-26T00:00:00Z,7,gefs,62.3569,0.7200,"s3://noaa-gefs-pds/gefs.20260426/00/atmos/pgrb2sp25/{geavg,gespr}.t00z.pgrb2s.0p25.f{012,018,024,030,033}#statistic=max_t(geavg)+offset;offset_f=+0.0269;raw_f=62.3300;spread=gespr@f024;covered_leads=6-33"
LAX,KLAX,2026-04-26,2026-04-25T00:00:00Z,31,gefs,61.9969,1.4400,"s3://noaa-gefs-pds/gefs.20260425/00/atmos/pgrb2sp25/{geavg,gespr}.t00z.pgrb2s.0p25.f{036,042,048,054,057}#statistic=max_t(geavg)+offset;offset_f=+0.0269;raw_f=61.9700;spread=gespr@f048;covered_leads=30-57"
LAX,KLAX,2026-04-26,2026-04-24T00:00:00Z,55,gefs,62.7169,0.9000,"s3://noaa-gefs-pds/gefs.20260424/00/atmos/pgrb2sp25/{geavg,gespr}.t00z.pgrb2s.0p25.f{060,066,072,078,081}#statistic=max_t(geavg)+offset;offset_f=+0.0269;raw_f=62.6900;spread=gespr@f072;covered_leads=54-81"
LAX,KLAX,2026-04-26,2026-04-23T00:00:00Z,79,gefs,62.5369,1.4400,"s3://noaa-gefs-pds/gefs.20260423/00/atmos/pgrb2sp25/{geavg,gespr}.t00z.pgrb2s.0p25.f{084,090,096,102,105}#statistic=max_t(geavg)+offset;offset_f=+0.0269;raw_f=62.5100;spread=gespr@f096;covered_leads=78-105"
MIA,KMIA,2026-04-26,2026-04-26T00:00:00Z,4,gefs,83.0849,0.7200,"s3://noaa-gefs-pds/gefs.20260426/00/atmos/pgrb2sp25/{geavg,gespr}.t00z.pgrb2s.0p25.f{006,012,018,024,030}#statistic=max_t(geavg)+offset;offset_f=+0.0549;raw_f=83.0300;spread=gespr@f024;covered_leads=0-30"
MIA,KMIA,2026-04-26,2026-04-25T00:00:00Z,28,gefs,83.2649,0.9000,"s3://noaa-gefs-pds/gefs.20260425/00/atmos/pgrb2sp25/{geavg,gespr}.t00z.pgrb2s.0p25.f{030,036,042,048,054}#statistic=max_t(geavg)+offset;offset_f=+0.0549;raw_f=83.2100;spread=gespr@f048;covered_leads=24-54"
MIA,KMIA,2026-04-26,2026-04-24T00:00:00Z,52,gefs,83.6249,1.6200,"s3://noaa-gefs-pds/gefs.20260424/00/atmos/pgrb2sp25/{geavg,gespr}.t00z.pgrb2s.0p25.f{054,060,066,072,078}#statistic=max_t(geavg)+offset;offset_f=+0.0549;raw_f=83.5700;spread=gespr@f072;covered_leads=48-78"
MIA,KMIA,2026-04-26,2026-04-23T00:00:00Z,76,gefs,82.7249,1.2600,"s3://noaa-gefs-pds/gefs.20260423/00/atmos/pgrb2sp25/{geavg,gespr}.t00z.pgrb2s.0p25.f{078,084,090,096,102}#statistic=max_t(geavg)+offset;offset_f=+0.0549;raw_f=82.6700;spread=gespr@f096;covered_leads=72-102"
NY,KNYC,2026-04-26,2026-04-26T00:00:00Z,4,gefs,57.5414,2.5200,"s3://noaa-gefs-pds/gefs.20260426/00/atmos/pgrb2sp25/{geavg,gespr}.t00z.pgrb2s.0p25.f{006,012,018,024,030}#statistic=max_t(geavg)+offset;offset_f=+0.2514;raw_f=57.2900;spread=gespr@f024;covered_leads=0-30"
NY,KNYC,2026-04-26,2026-04-25T00:00:00Z,28,gefs,55.9214,4.6800,"s3://noaa-gefs-pds/gefs.20260425/00/atmos/pgrb2sp25/{geavg,gespr}.t00z.pgrb2s.0p25.f{030,036,042,048,054}#statistic=max_t(geavg)+offset;offset_f=+0.2514;raw_f=55.6700;spread=gespr@f048;covered_leads=24-54"
NY,KNYC,2026-04-26,2026-04-24T00:00:00Z,52,gefs,55.2014,5.2200,"s3://noaa-gefs-pds/gefs.20260424/00/atmos/pgrb2sp25/{geavg,gespr}.t00z.pgrb2s.0p25.f{054,060,066,072,078}#statistic=max_t(geavg)+offset;offset_f=+0.2514;raw_f=54.9500;spread=gespr@f072;covered_leads=48-78"
NY,KNYC,2026-04-26,2026-04-23T00:00:00Z,76,gefs,58.2614,4.1400,"s3://noaa-gefs-pds/gefs.20260423/00/atmos/pgrb2sp25/{geavg,gespr}.t00z.pgrb2s.0p25.f{078,084,090,096,102}#statistic=max_t(geavg)+offset;offset_f=+0.2514;raw_f=58.0100;spread=gespr@f096;covered_leads=72-102"
CHI,KMDW,2026-04-27,2026-04-27T00:00:00Z,5,gefs,69.7589,2.5200,"s3://noaa-gefs-pds/gefs.20260427/00/atmos/pgrb2sp25/{geavg,gespr}.t00z.pgrb2s.0p25.f{006,012,018,024,030}#statistic=max_t(geavg)+offset;offset_f=+0.0489;raw_f=69.7100;spread=gespr@f024;covered_leads=0-30"
CHI,KMDW,2026-04-27,2026-04-26T00:00:00Z,29,gefs,71.1989,2.7000,"s3://noaa-gefs-pds/gefs.20260426/00/atmos/pgrb2sp25/{geavg,gespr}.t00z.pgrb2s.0p25.f{030,036,042,048,054}#statistic=max_t(geavg)+offset;offset_f=+0.0489;raw_f=71.1500;spread=gespr@f048;covered_leads=24-54"
CHI,KMDW,2026-04-27,2026-04-25T00:00:00Z,53,gefs,71.5589,2.1600,"s3://noaa-gefs-pds/gefs.20260425/00/atmos/pgrb2sp25/{geavg,gespr}.t00z.pgrb2s.0p25.f{054,060,066,072,078}#statistic=max_t(geavg)+offset;offset_f=+0.0489;raw_f=71.5100;spread=gespr@f072;covered_leads=48-78"
CHI,KMDW,2026-04-27,2026-04-24T00:00:00Z,77,gefs,70.8389,2.7000,"s3://noaa-gefs-pds/gefs.20260424/00/atmos/pgrb2sp25/{geavg,gespr}.t00z.pgrb2s.0p25.f{078,084,090,096,102}#statistic=max_t(geavg)+offset;offset_f=+0.0489;raw_f=70.7900;spread=gespr@f096;covered_leads=72-102"
LAX,KLAX,2026-04-27,2026-04-27T00:00:00Z,7,gefs,62.7169,0.7200,"s3://noaa-gefs-pds/gefs.20260427/00/atmos/pgrb2sp25/{geavg,gespr}.t00z.pgrb2s.0p25.f{012,018,024,030,033}#statistic=max_t(geavg)+offset;offset_f=+0.0269;raw_f=62.6900;spread=gespr@f024;covered_leads=6-33"
LAX,KLAX,2026-04-27,2026-04-26T00:00:00Z,31,gefs,62.3569,1.2600,"s3://noaa-gefs-pds/gefs.20260426/00/atmos/pgrb2sp25/{geavg,gespr}.t00z.pgrb2s.0p25.f{036,042,048,054,057}#statistic=max_t(geavg)+offset;offset_f=+0.0269;raw_f=62.3300;spread=gespr@f048;covered_leads=30-57"
LAX,KLAX,2026-04-27,2026-04-25T00:00:00Z,55,gefs,63.2569,1.4400,"s3://noaa-gefs-pds/gefs.20260425/00/atmos/pgrb2sp25/{geavg,gespr}.t00z.pgrb2s.0p25.f{060,066,072,078,081}#statistic=max_t(geavg)+offset;offset_f=+0.0269;raw_f=63.2300;spread=gespr@f072;covered_leads=54-81"
LAX,KLAX,2026-04-27,2026-04-24T00:00:00Z,79,gefs,63.6169,1.6200,"s3://noaa-gefs-pds/gefs.20260424/00/atmos/pgrb2sp25/{geavg,gespr}.t00z.pgrb2s.0p25.f{084,090,096,102,105}#statistic=max_t(geavg)+offset;offset_f=+0.0269;raw_f=63.5900;spread=gespr@f096;covered_leads=78-105"
MIA,KMIA,2026-04-27,2026-04-27T00:00:00Z,4,gefs,84.3449,0.5400,"s3://noaa-gefs-pds/gefs.20260427/00/atmos/pgrb2sp25/{geavg,gespr}.t00z.pgrb2s.0p25.f{006,012,018,024,030}#statistic=max_t(geavg)+offset;offset_f=+0.0549;raw_f=84.2900;spread=gespr@f024;covered_leads=0-30"
MIA,KMIA,2026-04-27,2026-04-26T00:00:00Z,28,gefs,83.9849,0.7200,"s3://noaa-gefs-pds/gefs.20260426/00/atmos/pgrb2sp25/{geavg,gespr}.t00z.pgrb2s.0p25.f{030,036,042,048,054}#statistic=max_t(geavg)+offset;offset_f=+0.0549;raw_f=83.9300;spread=gespr@f042;covered_leads=24-54"
MIA,KMIA,2026-04-27,2026-04-25T00:00:00Z,52,gefs,83.9849,1.2600,"s3://noaa-gefs-pds/gefs.20260425/00/atmos/pgrb2sp25/{geavg,gespr}.t00z.pgrb2s.0p25.f{054,060,066,072,078}#statistic=max_t(geavg)+offset;offset_f=+0.0549;raw_f=83.9300;spread=gespr@f072;covered_leads=48-78"
MIA,KMIA,2026-04-27,2026-04-24T00:00:00Z,76,gefs,84.7049,1.9800,"s3://noaa-gefs-pds/gefs.20260424/00/atmos/pgrb2sp25/{geavg,gespr}.t00z.pgrb2s.0p25.f{078,084,090,096,102}#statistic=max_t(geavg)+offset;offset_f=+0.0549;raw_f=84.6500;spread=gespr@f096;covered_leads=72-102"
NY,KNYC,2026-04-27,2026-04-27T00:00:00Z,4,gefs,66.9014,1.8000,"s3://noaa-gefs-pds/gefs.20260427/00/atmos/pgrb2sp25/{geavg,gespr}.t00z.pgrb2s.0p25.f{006,012,018,024,030}#statistic=max_t(geavg)+offset;offset_f=+0.2514;raw_f=66.6500;spread=gespr@f024;covered_leads=0-30"
NY,KNYC,2026-04-27,2026-04-26T00:00:00Z,28,gefs,65.1014,1.4400,"s3://noaa-gefs-pds/gefs.20260426/00/atmos/pgrb2sp25/{geavg,gespr}.t00z.pgrb2s.0p25.f{030,036,042,048,054}#statistic=max_t(geavg)+offset;offset_f=+0.2514;raw_f=64.8500;spread=gespr@f048;covered_leads=24-54"
NY,KNYC,2026-04-27,2026-04-25T00:00:00Z,52,gefs,63.6614,2.8800,"s3://noaa-gefs-pds/gefs.20260425/00/atmos/pgrb2sp25/{geavg,gespr}.t00z.pgrb2s.0p25.f{054,060,066,072,078}#statistic=max_t(geavg)+offset;offset_f=+0.2514;raw_f=63.4100;spread=gespr@f072;covered_leads=48-78"
NY,KNYC,2026-04-27,2026-04-24T00:00:00Z,76,gefs,61.6814,3.6000,"s3://noaa-gefs-pds/gefs.20260424/00/atmos/pgrb2sp25/{geavg,gespr}.t00z.pgrb2s.0p25.f{078,084,090,096,102}#statistic=max_t(geavg)+offset;offset_f=+0.2514;raw_f=61.4300;spread=gespr@f096;covered_leads=72-102"
CHI,KMDW,2026-04-28,2026-04-28T00:00:00Z,5,gefs,63.4589,0.5400,"s3://noaa-gefs-pds/gefs.20260428/00/atmos/pgrb2sp25/{geavg,gespr}.t00z.pgrb2s.0p25.f{006,012,018,024,030}#statistic=max_t(geavg)+offset;offset_f=+0.0489;raw_f=63.4100;spread=gespr@f006;covered_leads=0-30"
CHI,KMDW,2026-04-28,2026-04-27T00:00:00Z,29,gefs,68.1389,1.6200,"s3://noaa-gefs-pds/gefs.20260427/00/atmos/pgrb2sp25/{geavg,gespr}.t00z.pgrb2s.0p25.f{030,036,042,048,054}#statistic=max_t(geavg)+offset;offset_f=+0.0489;raw_f=68.0900;spread=gespr@f030;covered_leads=24-54"
CHI,KMDW,2026-04-28,2026-04-26T00:00:00Z,53,gefs,68.4989,1.8000,"s3://noaa-gefs-pds/gefs.20260426/00/atmos/pgrb2sp25/{geavg,gespr}.t00z.pgrb2s.0p25.f{054,060,066,072,078}#statistic=max_t(geavg)+offset;offset_f=+0.0489;raw_f=68.4500;spread=gespr@f054;covered_leads=48-78"
CHI,KMDW,2026-04-28,2026-04-25T00:00:00Z,77,gefs,68.8589,2.5200,"s3://noaa-gefs-pds/gefs.20260425/00/atmos/pgrb2sp25/{geavg,gespr}.t00z.pgrb2s.0p25.f{078,084,090,096,102}#statistic=max_t(geavg)+offset;offset_f=+0.0489;raw_f=68.8100;spread=gespr@f078;covered_leads=72-102"
LAX,KLAX,2026-04-28,2026-04-28T00:00:00Z,7,gefs,66.6769,0.9000,"s3://noaa-gefs-pds/gefs.20260428/00/atmos/pgrb2sp25/{geavg,gespr}.t00z.pgrb2s.0p25.f{012,018,024,030,033}#statistic=max_t(geavg)+offset;offset_f=+0.0269;raw_f=66.6500;spread=gespr@f024;covered_leads=6-33"
LAX,KLAX,2026-04-28,2026-04-27T00:00:00Z,31,gefs,65.9569,1.0800,"s3://noaa-gefs-pds/gefs.20260427/00/atmos/pgrb2sp25/{geavg,gespr}.t00z.pgrb2s.0p25.f{036,042,048,054,057}#statistic=max_t(geavg)+offset;offset_f=+0.0269;raw_f=65.9300;spread=gespr@f048;covered_leads=30-57"
LAX,KLAX,2026-04-28,2026-04-26T00:00:00Z,55,gefs,66.8569,1.2600,"s3://noaa-gefs-pds/gefs.20260426/00/atmos/pgrb2sp25/{geavg,gespr}.t00z.pgrb2s.0p25.f{060,066,072,078,081}#statistic=max_t(geavg)+offset;offset_f=+0.0269;raw_f=66.8300;spread=gespr@f072;covered_leads=54-81"
LAX,KLAX,2026-04-28,2026-04-25T00:00:00Z,79,gefs,67.3969,2.3400,"s3://noaa-gefs-pds/gefs.20260425/00/atmos/pgrb2sp25/{geavg,gespr}.t00z.pgrb2s.0p25.f{084,090,096,102,105}#statistic=max_t(geavg)+offset;offset_f=+0.0269;raw_f=67.3700;spread=gespr@f096;covered_leads=78-105"
MIA,KMIA,2026-04-28,2026-04-28T00:00:00Z,4,gefs,82.7249,0.7200,"s3://noaa-gefs-pds/gefs.20260428/00/atmos/pgrb2sp25/{geavg,gespr}.t00z.pgrb2s.0p25.f{006,012,018,024,030}#statistic=max_t(geavg)+offset;offset_f=+0.0549;raw_f=82.6700;spread=gespr@f024;covered_leads=0-30"
MIA,KMIA,2026-04-28,2026-04-27T00:00:00Z,28,gefs,82.1849,0.9000,"s3://noaa-gefs-pds/gefs.20260427/00/atmos/pgrb2sp25/{geavg,gespr}.t00z.pgrb2s.0p25.f{030,036,042,048,054}#statistic=max_t(geavg)+offset;offset_f=+0.0549;raw_f=82.1300;spread=gespr@f042;covered_leads=24-54"
MIA,KMIA,2026-04-28,2026-04-26T00:00:00Z,52,gefs,81.6449,1.2600,"s3://noaa-gefs-pds/gefs.20260426/00/atmos/pgrb2sp25/{geavg,gespr}.t00z.pgrb2s.0p25.f{054,060,066,072,078}#statistic=max_t(geavg)+offset;offset_f=+0.0549;raw_f=81.5900;spread=gespr@f072;covered_leads=48-78"
MIA,KMIA,2026-04-28,2026-04-25T00:00:00Z,76,gefs,82.1849,1.6200,"s3://noaa-gefs-pds/gefs.20260425/00/atmos/pgrb2sp25/{geavg,gespr}.t00z.pgrb2s.0p25.f{078,084,090,096,102}#statistic=max_t(geavg)+offset;offset_f=+0.0549;raw_f=82.1300;spread=gespr@f096;covered_leads=72-102"
NY,KNYC,2026-04-28,2026-04-28T00:00:00Z,4,gefs,64.5614,1.4400,"s3://noaa-gefs-pds/gefs.20260428/00/atmos/pgrb2sp25/{geavg,gespr}.t00z.pgrb2s.0p25.f{006,012,018,024,030}#statistic=max_t(geavg)+offset;offset_f=+0.2514;raw_f=64.3100;spread=gespr@f024;covered_leads=0-30"
NY,KNYC,2026-04-28,2026-04-27T00:00:00Z,28,gefs,64.9214,1.6200,"s3://noaa-gefs-pds/gefs.20260427/00/atmos/pgrb2sp25/{geavg,gespr}.t00z.pgrb2s.0p25.f{030,036,042,048,054}#statistic=max_t(geavg)+offset;offset_f=+0.2514;raw_f=64.6700;spread=gespr@f042;covered_leads=24-54"
NY,KNYC,2026-04-28,2026-04-26T00:00:00Z,52,gefs,62.0414,3.2400,"s3://noaa-gefs-pds/gefs.20260426/00/atmos/pgrb2sp25/{geavg,gespr}.t00z.pgrb2s.0p25.f{054,060,066,072,078}#statistic=max_t(geavg)+offset;offset_f=+0.2514;raw_f=61.7900;spread=gespr@f072;covered_leads=48-78"
NY,KNYC,2026-04-28,2026-04-25T00:00:00Z,76,gefs,59.1614,2.8800,"s3://noaa-gefs-pds/gefs.20260425/00/atmos/pgrb2sp25/{geavg,gespr}.t00z.pgrb2s.0p25.f{078,084,090,096,102}#statistic=max_t(geavg)+offset;offset_f=+0.2514;raw_f=58.9100;spread=gespr@f090;covered_leads=72-102"
CHI,KMDW,2026-04-29,2026-04-29T00:00:00Z,5,gefs,59.3189,0.5400,"s3://noaa-gefs-pds/gefs.20260429/00/atmos/pgrb2sp25/{geavg,gespr}.t00z.pgrb2s.0p25.f{006,012,018,024,030}#statistic=max_t(geavg)+offset;offset_f=+0.0489;raw_f=59.2700;spread=gespr@f006;covered_leads=0-30"
CHI,KMDW,2026-04-29,2026-04-28T00:00:00Z,29,gefs,59.1389,1.2600,"s3://noaa-gefs-pds/gefs.20260428/00/atmos/pgrb2sp25/{geavg,gespr}.t00z.pgrb2s.0p25.f{030,036,042,048,054}#statistic=max_t(geavg)+offset;offset_f=+0.0489;raw_f=59.0900;spread=gespr@f030;covered_leads=24-54"
CHI,KMDW,2026-04-29,2026-04-27T00:00:00Z,53,gefs,59.1389,1.6200,"s3://noaa-gefs-pds/gefs.20260427/00/atmos/pgrb2sp25/{geavg,gespr}.t00z.pgrb2s.0p25.f{054,060,066,072,078}#statistic=max_t(geavg)+offset;offset_f=+0.0489;raw_f=59.0900;spread=gespr@f054;covered_leads=48-78"
CHI,KMDW,2026-04-29,2026-04-26T00:00:00Z,77,gefs,58.7789,2.3400,"s3://noaa-gefs-pds/gefs.20260426/00/atmos/pgrb2sp25/{geavg,gespr}.t00z.pgrb2s.0p25.f{078,084,090,096,102}#statistic=max_t(geavg)+offset;offset_f=+0.0489;raw_f=58.7300;spread=gespr@f078;covered_leads=72-102"
LAX,KLAX,2026-04-29,2026-04-29T00:00:00Z,7,gefs,69.3769,0.7200,"s3://noaa-gefs-pds/gefs.20260429/00/atmos/pgrb2sp25/{geavg,gespr}.t00z.pgrb2s.0p25.f{012,018,024,030,033}#statistic=max_t(geavg)+offset;offset_f=+0.0269;raw_f=69.3500;spread=gespr@f024;covered_leads=6-33"
LAX,KLAX,2026-04-29,2026-04-28T00:00:00Z,31,gefs,68.4769,1.4400,"s3://noaa-gefs-pds/gefs.20260428/00/atmos/pgrb2sp25/{geavg,gespr}.t00z.pgrb2s.0p25.f{036,042,048,054,057}#statistic=max_t(geavg)+offset;offset_f=+0.0269;raw_f=68.4500;spread=gespr@f048;covered_leads=30-57"
LAX,KLAX,2026-04-29,2026-04-27T00:00:00Z,55,gefs,67.3969,1.8000,"s3://noaa-gefs-pds/gefs.20260427/00/atmos/pgrb2sp25/{geavg,gespr}.t00z.pgrb2s.0p25.f{060,066,072,078,081}#statistic=max_t(geavg)+offset;offset_f=+0.0269;raw_f=67.3700;spread=gespr@f072;covered_leads=54-81"
LAX,KLAX,2026-04-29,2026-04-26T00:00:00Z,79,gefs,68.6569,2.1600,"s3://noaa-gefs-pds/gefs.20260426/00/atmos/pgrb2sp25/{geavg,gespr}.t00z.pgrb2s.0p25.f{084,090,096,102,105}#statistic=max_t(geavg)+offset;offset_f=+0.0269;raw_f=68.6300;spread=gespr@f096;covered_leads=78-105"
MIA,KMIA,2026-04-29,2026-04-29T00:00:00Z,4,gefs,83.9849,1.4400,"s3://noaa-gefs-pds/gefs.20260429/00/atmos/pgrb2sp25/{geavg,gespr}.t00z.pgrb2s.0p25.f{006,012,018,024,030}#statistic=max_t(geavg)+offset;offset_f=+0.0549;raw_f=83.9300;spread=gespr@f024;covered_leads=0-30"
MIA,KMIA,2026-04-29,2026-04-28T00:00:00Z,28,gefs,83.2649,1.4400,"s3://noaa-gefs-pds/gefs.20260428/00/atmos/pgrb2sp25/{geavg,gespr}.t00z.pgrb2s.0p25.f{030,036,042,048,054}#statistic=max_t(geavg)+offset;offset_f=+0.0549;raw_f=83.2100;spread=gespr@f048;covered_leads=24-54"
MIA,KMIA,2026-04-29,2026-04-27T00:00:00Z,52,gefs,82.1849,1.6200,"s3://noaa-gefs-pds/gefs.20260427/00/atmos/pgrb2sp25/{geavg,gespr}.t00z.pgrb2s.0p25.f{054,060,066,072,078}#statistic=max_t(geavg)+offset;offset_f=+0.0549;raw_f=82.1300;spread=gespr@f072;covered_leads=48-78"
MIA,KMIA,2026-04-29,2026-04-26T00:00:00Z,76,gefs,81.6449,1.6200,"s3://noaa-gefs-pds/gefs.20260426/00/atmos/pgrb2sp25/{geavg,gespr}.t00z.pgrb2s.0p25.f{078,084,090,096,102}#statistic=max_t(geavg)+offset;offset_f=+0.0549;raw_f=81.5900;spread=gespr@f096;covered_leads=72-102"
NY,KNYC,2026-04-29,2026-04-29T00:00:00Z,4,gefs,60.7814,1.4400,"s3://noaa-gefs-pds/gefs.20260429/00/atmos/pgrb2sp25/{geavg,gespr}.t00z.pgrb2s.0p25.f{006,012,018,024,030}#statistic=max_t(geavg)+offset;offset_f=+0.2514;raw_f=60.5300;spread=gespr@f018;covered_leads=0-30"
NY,KNYC,2026-04-29,2026-04-28T00:00:00Z,28,gefs,60.4214,3.0600,"s3://noaa-gefs-pds/gefs.20260428/00/atmos/pgrb2sp25/{geavg,gespr}.t00z.pgrb2s.0p25.f{030,036,042,048,054}#statistic=max_t(geavg)+offset;offset_f=+0.2514;raw_f=60.1700;spread=gespr@f042;covered_leads=24-54"
NY,KNYC,2026-04-29,2026-04-27T00:00:00Z,52,gefs,60.4214,2.7000,"s3://noaa-gefs-pds/gefs.20260427/00/atmos/pgrb2sp25/{geavg,gespr}.t00z.pgrb2s.0p25.f{054,060,066,072,078}#statistic=max_t(geavg)+offset;offset_f=+0.2514;raw_f=60.1700;spread=gespr@f066;covered_leads=48-78"
NY,KNYC,2026-04-29,2026-04-26T00:00:00Z,76,gefs,59.8814,3.0600,"s3://noaa-gefs-pds/gefs.20260426/00/atmos/pgrb2sp25/{geavg,gespr}.t00z.pgrb2s.0p25.f{078,084,090,096,102}#statistic=max_t(geavg)+offset;offset_f=+0.2514;raw_f=59.6300;spread=gespr@f090;covered_leads=72-102"
CHI,KMDW,2026-04-30,2026-04-30T00:00:00Z,5,gefs,53.9189,1.0800,"s3://noaa-gefs-pds/gefs.20260430/00/atmos/pgrb2sp25/{geavg,gespr}.t00z.pgrb2s.0p25.f{006,012,018,024,030}#statistic=max_t(geavg)+offset;offset_f=+0.0489;raw_f=53.8700;spread=gespr@f018;covered_leads=0-30"
CHI,KMDW,2026-04-30,2026-04-29T00:00:00Z,29,gefs,55.5389,2.1600,"s3://noaa-gefs-pds/gefs.20260429/00/atmos/pgrb2sp25/{geavg,gespr}.t00z.pgrb2s.0p25.f{030,036,042,048,054}#statistic=max_t(geavg)+offset;offset_f=+0.0489;raw_f=55.4900;spread=gespr@f048;covered_leads=24-54"
CHI,KMDW,2026-04-30,2026-04-28T00:00:00Z,53,gefs,57.1589,2.7000,"s3://noaa-gefs-pds/gefs.20260428/00/atmos/pgrb2sp25/{geavg,gespr}.t00z.pgrb2s.0p25.f{054,060,066,072,078}#statistic=max_t(geavg)+offset;offset_f=+0.0489;raw_f=57.1100;spread=gespr@f072;covered_leads=48-78"
CHI,KMDW,2026-04-30,2026-04-27T00:00:00Z,77,gefs,56.2589,3.6000,"s3://noaa-gefs-pds/gefs.20260427/00/atmos/pgrb2sp25/{geavg,gespr}.t00z.pgrb2s.0p25.f{078,084,090,096,102}#statistic=max_t(geavg)+offset;offset_f=+0.0489;raw_f=56.2100;spread=gespr@f096;covered_leads=72-102"
LAX,KLAX,2026-04-30,2026-04-30T00:00:00Z,7,gefs,69.3769,0.9000,"s3://noaa-gefs-pds/gefs.20260430/00/atmos/pgrb2sp25/{geavg,gespr}.t00z.pgrb2s.0p25.f{012,018,024,030,033}#statistic=max_t(geavg)+offset;offset_f=+0.0269;raw_f=69.3500;spread=gespr@f024;covered_leads=6-33"
LAX,KLAX,2026-04-30,2026-04-29T00:00:00Z,31,gefs,69.7369,0.9000,"s3://noaa-gefs-pds/gefs.20260429/00/atmos/pgrb2sp25/{geavg,gespr}.t00z.pgrb2s.0p25.f{036,042,048,054,057}#statistic=max_t(geavg)+offset;offset_f=+0.0269;raw_f=69.7100;spread=gespr@f048;covered_leads=30-57"
LAX,KLAX,2026-04-30,2026-04-28T00:00:00Z,55,gefs,70.0969,1.0800,"s3://noaa-gefs-pds/gefs.20260428/00/atmos/pgrb2sp25/{geavg,gespr}.t00z.pgrb2s.0p25.f{060,066,072,078,081}#statistic=max_t(geavg)+offset;offset_f=+0.0269;raw_f=70.0700;spread=gespr@f072;covered_leads=54-81"
LAX,KLAX,2026-04-30,2026-04-27T00:00:00Z,79,gefs,68.4769,1.9800,"s3://noaa-gefs-pds/gefs.20260427/00/atmos/pgrb2sp25/{geavg,gespr}.t00z.pgrb2s.0p25.f{084,090,096,102,105}#statistic=max_t(geavg)+offset;offset_f=+0.0269;raw_f=68.4500;spread=gespr@f096;covered_leads=78-105"
MIA,KMIA,2026-04-30,2026-04-30T00:00:00Z,4,gefs,84.7049,1.2600,"s3://noaa-gefs-pds/gefs.20260430/00/atmos/pgrb2sp25/{geavg,gespr}.t00z.pgrb2s.0p25.f{006,012,018,024,030}#statistic=max_t(geavg)+offset;offset_f=+0.0549;raw_f=84.6500;spread=gespr@f024;covered_leads=0-30"
MIA,KMIA,2026-04-30,2026-04-29T00:00:00Z,28,gefs,85.6049,1.2600,"s3://noaa-gefs-pds/gefs.20260429/00/atmos/pgrb2sp25/{geavg,gespr}.t00z.pgrb2s.0p25.f{030,036,042,048,054}#statistic=max_t(geavg)+offset;offset_f=+0.0549;raw_f=85.5500;spread=gespr@f048;covered_leads=24-54"
MIA,KMIA,2026-04-30,2026-04-28T00:00:00Z,52,gefs,85.4249,1.6200,"s3://noaa-gefs-pds/gefs.20260428/00/atmos/pgrb2sp25/{geavg,gespr}.t00z.pgrb2s.0p25.f{054,060,066,072,078}#statistic=max_t(geavg)+offset;offset_f=+0.0549;raw_f=85.3700;spread=gespr@f072;covered_leads=48-78"
MIA,KMIA,2026-04-30,2026-04-27T00:00:00Z,76,gefs,84.7049,1.4400,"s3://noaa-gefs-pds/gefs.20260427/00/atmos/pgrb2sp25/{geavg,gespr}.t00z.pgrb2s.0p25.f{078,084,090,096,102}#statistic=max_t(geavg)+offset;offset_f=+0.0549;raw_f=84.6500;spread=gespr@f096;covered_leads=72-102"
NY,KNYC,2026-04-30,2026-04-30T00:00:00Z,4,gefs,64.2014,1.8000,"s3://noaa-gefs-pds/gefs.20260430/00/atmos/pgrb2sp25/{geavg,gespr}.t00z.pgrb2s.0p25.f{006,012,018,024,030}#statistic=max_t(geavg)+offset;offset_f=+0.2514;raw_f=63.9500;spread=gespr@f024;covered_leads=0-30"
NY,KNYC,2026-04-30,2026-04-29T00:00:00Z,28,gefs,65.4614,2.7000,"s3://noaa-gefs-pds/gefs.20260429/00/atmos/pgrb2sp25/{geavg,gespr}.t00z.pgrb2s.0p25.f{030,036,042,048,054}#statistic=max_t(geavg)+offset;offset_f=+0.2514;raw_f=65.2100;spread=gespr@f048;covered_leads=24-54"
NY,KNYC,2026-04-30,2026-04-28T00:00:00Z,52,gefs,60.7814,3.9600,"s3://noaa-gefs-pds/gefs.20260428/00/atmos/pgrb2sp25/{geavg,gespr}.t00z.pgrb2s.0p25.f{054,060,066,072,078}#statistic=max_t(geavg)+offset;offset_f=+0.2514;raw_f=60.5300;spread=gespr@f072;covered_leads=48-78"
NY,KNYC,2026-04-30,2026-04-27T00:00:00Z,76,gefs,60.2414,4.1400,"s3://noaa-gefs-pds/gefs.20260427/00/atmos/pgrb2sp25/{geavg,gespr}.t00z.pgrb2s.0p25.f{078,084,090,096,102}#statistic=max_t(geavg)+offset;offset_f=+0.2514;raw_f=59.9900;spread=gespr@f096;covered_leads=72-102"
CHI,KMDW,2026-05-01,2026-05-01T00:00:00Z,5,gefs,47.7989,1.0800,"s3://noaa-gefs-pds/gefs.20260501/00/atmos/pgrb2sp25/{geavg,gespr}.t00z.pgrb2s.0p25.f{006,012,018,024,030}#statistic=max_t(geavg)+offset;offset_f=+0.0489;raw_f=47.7500;spread=gespr@f024;covered_leads=0-30"
CHI,KMDW,2026-05-01,2026-04-30T00:00:00Z,29,gefs,50.1389,1.4400,"s3://noaa-gefs-pds/gefs.20260430/00/atmos/pgrb2sp25/{geavg,gespr}.t00z.pgrb2s.0p25.f{030,036,042,048,054}#statistic=max_t(geavg)+offset;offset_f=+0.0489;raw_f=50.0900;spread=gespr@f042;covered_leads=24-54"
CHI,KMDW,2026-05-01,2026-04-29T00:00:00Z,53,gefs,51.7589,2.3400,"s3://noaa-gefs-pds/gefs.20260429/00/atmos/pgrb2sp25/{geavg,gespr}.t00z.pgrb2s.0p25.f{054,060,066,072,078}#statistic=max_t(geavg)+offset;offset_f=+0.0489;raw_f=51.7100;spread=gespr@f054;covered_leads=48-78"
CHI,KMDW,2026-05-01,2026-04-28T00:00:00Z,77,gefs,51.3989,3.2400,"s3://noaa-gefs-pds/gefs.20260428/00/atmos/pgrb2sp25/{geavg,gespr}.t00z.pgrb2s.0p25.f{078,084,090,096,102}#statistic=max_t(geavg)+offset;offset_f=+0.0489;raw_f=51.3500;spread=gespr@f078;covered_leads=72-102"
LAX,KLAX,2026-05-01,2026-05-01T00:00:00Z,7,gefs,71.1769,0.9000,"s3://noaa-gefs-pds/gefs.20260501/00/atmos/pgrb2sp25/{geavg,gespr}.t00z.pgrb2s.0p25.f{012,018,024,030,033}#statistic=max_t(geavg)+offset;offset_f=+0.0269;raw_f=71.1500;spread=gespr@f024;covered_leads=6-33"
LAX,KLAX,2026-05-01,2026-04-30T00:00:00Z,31,gefs,71.7169,1.4400,"s3://noaa-gefs-pds/gefs.20260430/00/atmos/pgrb2sp25/{geavg,gespr}.t00z.pgrb2s.0p25.f{036,042,048,054,057}#statistic=max_t(geavg)+offset;offset_f=+0.0269;raw_f=71.6900;spread=gespr@f048;covered_leads=30-57"
LAX,KLAX,2026-05-01,2026-04-29T00:00:00Z,55,gefs,71.3569,1.2600,"s3://noaa-gefs-pds/gefs.20260429/00/atmos/pgrb2sp25/{geavg,gespr}.t00z.pgrb2s.0p25.f{060,066,072,078,081}#statistic=max_t(geavg)+offset;offset_f=+0.0269;raw_f=71.3300;spread=gespr@f072;covered_leads=54-81"
LAX,KLAX,2026-05-01,2026-04-28T00:00:00Z,79,gefs,72.9769,1.9800,"s3://noaa-gefs-pds/gefs.20260428/00/atmos/pgrb2sp25/{geavg,gespr}.t00z.pgrb2s.0p25.f{084,090,096,102,105}#statistic=max_t(geavg)+offset;offset_f=+0.0269;raw_f=72.9500;spread=gespr@f096;covered_leads=78-105"
MIA,KMIA,2026-05-01,2026-05-01T00:00:00Z,4,gefs,87.4049,1.0800,"s3://noaa-gefs-pds/gefs.20260501/00/atmos/pgrb2sp25/{geavg,gespr}.t00z.pgrb2s.0p25.f{006,012,018,024,030}#statistic=max_t(geavg)+offset;offset_f=+0.0549;raw_f=87.3500;spread=gespr@f024;covered_leads=0-30"
MIA,KMIA,2026-05-01,2026-04-30T00:00:00Z,28,gefs,85.4249,1.4400,"s3://noaa-gefs-pds/gefs.20260430/00/atmos/pgrb2sp25/{geavg,gespr}.t00z.pgrb2s.0p25.f{030,036,042,048,054}#statistic=max_t(geavg)+offset;offset_f=+0.0549;raw_f=85.3700;spread=gespr@f048;covered_leads=24-54"
MIA,KMIA,2026-05-01,2026-04-29T00:00:00Z,52,gefs,85.0649,1.4400,"s3://noaa-gefs-pds/gefs.20260429/00/atmos/pgrb2sp25/{geavg,gespr}.t00z.pgrb2s.0p25.f{054,060,066,072,078}#statistic=max_t(geavg)+offset;offset_f=+0.0549;raw_f=85.0100;spread=gespr@f072;covered_leads=48-78"
MIA,KMIA,2026-05-01,2026-04-28T00:00:00Z,76,gefs,84.1649,1.2600,"s3://noaa-gefs-pds/gefs.20260428/00/atmos/pgrb2sp25/{geavg,gespr}.t00z.pgrb2s.0p25.f{078,084,090,096,102}#statistic=max_t(geavg)+offset;offset_f=+0.0549;raw_f=84.1100;spread=gespr@f096;covered_leads=72-102"
NY,KNYC,2026-05-01,2026-05-01T00:00:00Z,4,gefs,65.4614,1.9800,"s3://noaa-gefs-pds/gefs.20260501/00/atmos/pgrb2sp25/{geavg,gespr}.t00z.pgrb2s.0p25.f{006,012,018,024,030}#statistic=max_t(geavg)+offset;offset_f=+0.2514;raw_f=65.2100;spread=gespr@f024;covered_leads=0-30"
NY,KNYC,2026-05-01,2026-04-30T00:00:00Z,28,gefs,64.2014,1.6200,"s3://noaa-gefs-pds/gefs.20260430/00/atmos/pgrb2sp25/{geavg,gespr}.t00z.pgrb2s.0p25.f{030,036,042,048,054}#statistic=max_t(geavg)+offset;offset_f=+0.2514;raw_f=63.9500;spread=gespr@f048;covered_leads=24-54"
NY,KNYC,2026-05-01,2026-04-29T00:00:00Z,52,gefs,62.5814,2.3400,"s3://noaa-gefs-pds/gefs.20260429/00/atmos/pgrb2sp25/{geavg,gespr}.t00z.pgrb2s.0p25.f{054,060,066,072,078}#statistic=max_t(geavg)+offset;offset_f=+0.2514;raw_f=62.3300;spread=gespr@f072;covered_leads=48-78"
NY,KNYC,2026-05-01,2026-04-28T00:00:00Z,76,gefs,61.3214,2.7000,"s3://noaa-gefs-pds/gefs.20260428/00/atmos/pgrb2sp25/{geavg,gespr}.t00z.pgrb2s.0p25.f{078,084,090,096,102}#statistic=max_t(geavg)+offset;offset_f=+0.2514;raw_f=61.0700;spread=gespr@f096;covered_leads=72-102"
CHI,KMDW,2026-05-02,2026-05-02T00:00:00Z,5,gefs,53.9189,1.0800,"s3://noaa-gefs-pds/gefs.20260502/00/atmos/pgrb2sp25/{geavg,gespr}.t00z.pgrb2s.0p25.f{006,012,018,024,030}#statistic=max_t(geavg)+offset;offset_f=+0.0489;raw_f=53.8700;spread=gespr@f024;covered_leads=0-30"
CHI,KMDW,2026-05-02,2026-05-01T00:00:00Z,29,gefs,51.2189,1.8000,"s3://noaa-gefs-pds/gefs.20260501/00/atmos/pgrb2sp25/{geavg,gespr}.t00z.pgrb2s.0p25.f{030,036,042,048,054}#statistic=max_t(geavg)+offset;offset_f=+0.0489;raw_f=51.1700;spread=gespr@f048;covered_leads=24-54"
CHI,KMDW,2026-05-02,2026-04-30T00:00:00Z,53,gefs,49.9589,2.1600,"s3://noaa-gefs-pds/gefs.20260430/00/atmos/pgrb2sp25/{geavg,gespr}.t00z.pgrb2s.0p25.f{054,060,066,072,078}#statistic=max_t(geavg)+offset;offset_f=+0.0489;raw_f=49.9100;spread=gespr@f072;covered_leads=48-78"
CHI,KMDW,2026-05-02,2026-04-29T00:00:00Z,77,gefs,51.2189,2.5200,"s3://noaa-gefs-pds/gefs.20260429/00/atmos/pgrb2sp25/{geavg,gespr}.t00z.pgrb2s.0p25.f{078,084,090,096,102}#statistic=max_t(geavg)+offset;offset_f=+0.0489;raw_f=51.1700;spread=gespr@f096;covered_leads=72-102"
LAX,KLAX,2026-05-02,2026-05-02T00:00:00Z,7,gefs,69.5569,0.7200,"s3://noaa-gefs-pds/gefs.20260502/00/atmos/pgrb2sp25/{geavg,gespr}.t00z.pgrb2s.0p25.f{012,018,024,030,033}#statistic=max_t(geavg)+offset;offset_f=+0.0269;raw_f=69.5300;spread=gespr@f024;covered_leads=6-33"
LAX,KLAX,2026-05-02,2026-05-01T00:00:00Z,31,gefs,69.7369,1.6200,"s3://noaa-gefs-pds/gefs.20260501/00/atmos/pgrb2sp25/{geavg,gespr}.t00z.pgrb2s.0p25.f{036,042,048,054,057}#statistic=max_t(geavg)+offset;offset_f=+0.0269;raw_f=69.7100;spread=gespr@f048;covered_leads=30-57"
LAX,KLAX,2026-05-02,2026-04-30T00:00:00Z,55,gefs,69.7369,2.1600,"s3://noaa-gefs-pds/gefs.20260430/00/atmos/pgrb2sp25/{geavg,gespr}.t00z.pgrb2s.0p25.f{060,066,072,078,081}#statistic=max_t(geavg)+offset;offset_f=+0.0269;raw_f=69.7100;spread=gespr@f072;covered_leads=54-81"
LAX,KLAX,2026-05-02,2026-04-29T00:00:00Z,79,gefs,69.3769,2.5200,"s3://noaa-gefs-pds/gefs.20260429/00/atmos/pgrb2sp25/{geavg,gespr}.t00z.pgrb2s.0p25.f{084,090,096,102,105}#statistic=max_t(geavg)+offset;offset_f=+0.0269;raw_f=69.3500;spread=gespr@f096;covered_leads=78-105"
MIA,KMIA,2026-05-02,2026-05-02T00:00:00Z,4,gefs,89.7449,1.0800,"s3://noaa-gefs-pds/gefs.20260502/00/atmos/pgrb2sp25/{geavg,gespr}.t00z.pgrb2s.0p25.f{006,012,018,024,030}#statistic=max_t(geavg)+offset;offset_f=+0.0549;raw_f=89.6900;spread=gespr@f024;covered_leads=0-30"
MIA,KMIA,2026-05-02,2026-05-01T00:00:00Z,28,gefs,88.6649,1.0800,"s3://noaa-gefs-pds/gefs.20260501/00/atmos/pgrb2sp25/{geavg,gespr}.t00z.pgrb2s.0p25.f{030,036,042,048,054}#statistic=max_t(geavg)+offset;offset_f=+0.0549;raw_f=88.6100;spread=gespr@f048;covered_leads=24-54"
MIA,KMIA,2026-05-02,2026-04-30T00:00:00Z,52,gefs,87.2249,1.4400,"s3://noaa-gefs-pds/gefs.20260430/00/atmos/pgrb2sp25/{geavg,gespr}.t00z.pgrb2s.0p25.f{054,060,066,072,078}#statistic=max_t(geavg)+offset;offset_f=+0.0549;raw_f=87.1700;spread=gespr@f072;covered_leads=48-78"
MIA,KMIA,2026-05-02,2026-04-29T00:00:00Z,76,gefs,87.2249,1.8000,"s3://noaa-gefs-pds/gefs.20260429/00/atmos/pgrb2sp25/{geavg,gespr}.t00z.pgrb2s.0p25.f{078,084,090,096,102}#statistic=max_t(geavg)+offset;offset_f=+0.0549;raw_f=87.1700;spread=gespr@f096;covered_leads=72-102"
NY,KNYC,2026-05-02,2026-05-02T00:00:00Z,4,gefs,59.5214,1.6200,"s3://noaa-gefs-pds/gefs.20260502/00/atmos/pgrb2sp25/{geavg,gespr}.t00z.pgrb2s.0p25.f{006,012,018,024,030}#statistic=max_t(geavg)+offset;offset_f=+0.2514;raw_f=59.2700;spread=gespr@f024;covered_leads=0-30"
NY,KNYC,2026-05-02,2026-05-01T00:00:00Z,28,gefs,60.7814,2.8800,"s3://noaa-gefs-pds/gefs.20260501/00/atmos/pgrb2sp25/{geavg,gespr}.t00z.pgrb2s.0p25.f{030,036,042,048,054}#statistic=max_t(geavg)+offset;offset_f=+0.2514;raw_f=60.5300;spread=gespr@f048;covered_leads=24-54"
NY,KNYC,2026-05-02,2026-04-30T00:00:00Z,52,gefs,60.2414,3.2400,"s3://noaa-gefs-pds/gefs.20260430/00/atmos/pgrb2sp25/{geavg,gespr}.t00z.pgrb2s.0p25.f{054,060,066,072,078}#statistic=max_t(geavg)+offset;offset_f=+0.2514;raw_f=59.9900;spread=gespr@f066;covered_leads=48-78"
NY,KNYC,2026-05-02,2026-04-29T00:00:00Z,76,gefs,59.5214,2.3400,"s3://noaa-gefs-pds/gefs.20260429/00/atmos/pgrb2sp25/{geavg,gespr}.t00z.pgrb2s.0p25.f{078,084,090,096,102}#statistic=max_t(geavg)+offset;offset_f=+0.2514;raw_f=59.2700;spread=gespr@f090;covered_leads=72-102"
CHI,KMDW,2026-05-03,2026-05-03T00:00:00Z,5,gefs,63.6389,1.4400,"s3://noaa-gefs-pds/gefs.20260503/00/atmos/pgrb2sp25/{geavg,gespr}.t00z.pgrb2s.0p25.f{006,012,018,024,030}#statistic=max_t(geavg)+offset;offset_f=+0.0489;raw_f=63.5900;spread=gespr@f024;covered_leads=0-30"
CHI,KMDW,2026-05-03,2026-05-02T00:00:00Z,29,gefs,61.4789,1.9800,"s3://noaa-gefs-pds/gefs.20260502/00/atmos/pgrb2sp25/{geavg,gespr}.t00z.pgrb2s.0p25.f{030,036,042,048,054}#statistic=max_t(geavg)+offset;offset_f=+0.0489;raw_f=61.4300;spread=gespr@f048;covered_leads=24-54"
CHI,KMDW,2026-05-03,2026-05-01T00:00:00Z,53,gefs,62.3789,3.0600,"s3://noaa-gefs-pds/gefs.20260501/00/atmos/pgrb2sp25/{geavg,gespr}.t00z.pgrb2s.0p25.f{054,060,066,072,078}#statistic=max_t(geavg)+offset;offset_f=+0.0489;raw_f=62.3300;spread=gespr@f072;covered_leads=48-78"
CHI,KMDW,2026-05-03,2026-04-30T00:00:00Z,77,gefs,60.0389,3.2400,"s3://noaa-gefs-pds/gefs.20260430/00/atmos/pgrb2sp25/{geavg,gespr}.t00z.pgrb2s.0p25.f{078,084,090,096,102}#statistic=max_t(geavg)+offset;offset_f=+0.0489;raw_f=59.9900;spread=gespr@f096;covered_leads=72-102"
LAX,KLAX,2026-05-03,2026-05-03T00:00:00Z,7,gefs,63.4369,0.7200,"s3://noaa-gefs-pds/gefs.20260503/00/atmos/pgrb2sp25/{geavg,gespr}.t00z.pgrb2s.0p25.f{012,018,024,030,033}#statistic=max_t(geavg)+offset;offset_f=+0.0269;raw_f=63.4100;spread=gespr@f024;covered_leads=6-33"
LAX,KLAX,2026-05-03,2026-05-02T00:00:00Z,31,gefs,64.3369,1.6200,"s3://noaa-gefs-pds/gefs.20260502/00/atmos/pgrb2sp25/{geavg,gespr}.t00z.pgrb2s.0p25.f{036,042,048,054,057}#statistic=max_t(geavg)+offset;offset_f=+0.0269;raw_f=64.3100;spread=gespr@f048;covered_leads=30-57"
LAX,KLAX,2026-05-03,2026-05-01T00:00:00Z,55,gefs,64.1569,2.1600,"s3://noaa-gefs-pds/gefs.20260501/00/atmos/pgrb2sp25/{geavg,gespr}.t00z.pgrb2s.0p25.f{060,066,072,078,081}#statistic=max_t(geavg)+offset;offset_f=+0.0269;raw_f=64.1300;spread=gespr@f072;covered_leads=54-81"
LAX,KLAX,2026-05-03,2026-04-30T00:00:00Z,79,gefs,63.9769,1.9800,"s3://noaa-gefs-pds/gefs.20260430/00/atmos/pgrb2sp25/{geavg,gespr}.t00z.pgrb2s.0p25.f{084,090,096,102,105}#statistic=max_t(geavg)+offset;offset_f=+0.0269;raw_f=63.9500;spread=gespr@f096;covered_leads=78-105"
MIA,KMIA,2026-05-03,2026-05-03T00:00:00Z,4,gefs,85.0649,0.3600,"s3://noaa-gefs-pds/gefs.20260503/00/atmos/pgrb2sp25/{geavg,gespr}.t00z.pgrb2s.0p25.f{006,012,018,024,030}#statistic=max_t(geavg)+offset;offset_f=+0.0549;raw_f=85.0100;spread=gespr@f006;covered_leads=0-30"
MIA,KMIA,2026-05-03,2026-05-02T00:00:00Z,28,gefs,84.7049,0.7200,"s3://noaa-gefs-pds/gefs.20260502/00/atmos/pgrb2sp25/{geavg,gespr}.t00z.pgrb2s.0p25.f{030,036,042,048,054}#statistic=max_t(geavg)+offset;offset_f=+0.0549;raw_f=84.6500;spread=gespr@f030;covered_leads=24-54"
MIA,KMIA,2026-05-03,2026-05-01T00:00:00Z,52,gefs,84.8849,0.9000,"s3://noaa-gefs-pds/gefs.20260501/00/atmos/pgrb2sp25/{geavg,gespr}.t00z.pgrb2s.0p25.f{054,060,066,072,078}#statistic=max_t(geavg)+offset;offset_f=+0.0549;raw_f=84.8300;spread=gespr@f054;covered_leads=48-78"
MIA,KMIA,2026-05-03,2026-04-30T00:00:00Z,76,gefs,85.6049,2.5200,"s3://noaa-gefs-pds/gefs.20260430/00/atmos/pgrb2sp25/{geavg,gespr}.t00z.pgrb2s.0p25.f{078,084,090,096,102}#statistic=max_t(geavg)+offset;offset_f=+0.0549;raw_f=85.5500;spread=gespr@f096;covered_leads=72-102"
NY,KNYC,2026-05-03,2026-05-03T00:00:00Z,4,gefs,59.1614,1.6200,"s3://noaa-gefs-pds/gefs.20260503/00/atmos/pgrb2sp25/{geavg,gespr}.t00z.pgrb2s.0p25.f{006,012,018,024,030}#statistic=max_t(geavg)+offset;offset_f=+0.2514;raw_f=58.9100;spread=gespr@f024;covered_leads=0-30"
NY,KNYC,2026-05-03,2026-05-02T00:00:00Z,28,gefs,60.2414,1.9800,"s3://noaa-gefs-pds/gefs.20260502/00/atmos/pgrb2sp25/{geavg,gespr}.t00z.pgrb2s.0p25.f{030,036,042,048,054}#statistic=max_t(geavg)+offset;offset_f=+0.2514;raw_f=59.9900;spread=gespr@f048;covered_leads=24-54"
NY,KNYC,2026-05-03,2026-05-01T00:00:00Z,52,gefs,60.2414,1.9800,"s3://noaa-gefs-pds/gefs.20260501/00/atmos/pgrb2sp25/{geavg,gespr}.t00z.pgrb2s.0p25.f{054,060,066,072,078}#statistic=max_t(geavg)+offset;offset_f=+0.2514;raw_f=59.9900;spread=gespr@f072;covered_leads=48-78"
NY,KNYC,2026-05-03,2026-04-30T00:00:00Z,76,gefs,60.9614,1.9800,"s3://noaa-gefs-pds/gefs.20260430/00/atmos/pgrb2sp25/{geavg,gespr}.t00z.pgrb2s.0p25.f{078,084,090,096,102}#statistic=max_t(geavg)+offset;offset_f=+0.2514;raw_f=60.7100;spread=gespr@f096;covered_leads=72-102"
CHI,KMDW,2026-05-04,2026-05-04T00:00:00Z,5,gefs,75.5189,0.9000,"s3://noaa-gefs-pds/gefs.20260504/00/atmos/pgrb2sp25/{geavg,gespr}.t00z.pgrb2s.0p25.f{006,012,018,024,030}#statistic=max_t(geavg)+offset;offset_f=+0.0489;raw_f=75.4700;spread=gespr@f024;covered_leads=0-30"
CHI,KMDW,2026-05-04,2026-05-03T00:00:00Z,29,gefs,72.9989,1.8000,"s3://noaa-gefs-pds/gefs.20260503/00/atmos/pgrb2sp25/{geavg,gespr}.t00z.pgrb2s.0p25.f{030,036,042,048,054}#statistic=max_t(geavg)+offset;offset_f=+0.0489;raw_f=72.9500;spread=gespr@f048;covered_leads=24-54"
CHI,KMDW,2026-05-04,2026-05-02T00:00:00Z,53,gefs,72.6389,1.6200,"s3://noaa-gefs-pds/gefs.20260502/00/atmos/pgrb2sp25/{geavg,gespr}.t00z.pgrb2s.0p25.f{054,060,066,072,078}#statistic=max_t(geavg)+offset;offset_f=+0.0489;raw_f=72.5900;spread=gespr@f072;covered_leads=48-78"
CHI,KMDW,2026-05-04,2026-05-01T00:00:00Z,77,gefs,72.0989,1.8000,"s3://noaa-gefs-pds/gefs.20260501/00/atmos/pgrb2sp25/{geavg,gespr}.t00z.pgrb2s.0p25.f{078,084,090,096,102}#statistic=max_t(geavg)+offset;offset_f=+0.0489;raw_f=72.0500;spread=gespr@f096;covered_leads=72-102"
LAX,KLAX,2026-05-04,2026-05-04T00:00:00Z,7,gefs,63.7969,0.3600,"s3://noaa-gefs-pds/gefs.20260504/00/atmos/pgrb2sp25/{geavg,gespr}.t00z.pgrb2s.0p25.f{012,018,024,030,033}#statistic=max_t(geavg)+offset;offset_f=+0.0269;raw_f=63.7700;spread=gespr@f024;covered_leads=6-33"
LAX,KLAX,2026-05-04,2026-05-03T00:00:00Z,31,gefs,63.0769,0.9000,"s3://noaa-gefs-pds/gefs.20260503/00/atmos/pgrb2sp25/{geavg,gespr}.t00z.pgrb2s.0p25.f{036,042,048,054,057}#statistic=max_t(geavg)+offset;offset_f=+0.0269;raw_f=63.0500;spread=gespr@f048;covered_leads=30-57"
LAX,KLAX,2026-05-04,2026-05-02T00:00:00Z,55,gefs,62.3569,1.2600,"s3://noaa-gefs-pds/gefs.20260502/00/atmos/pgrb2sp25/{geavg,gespr}.t00z.pgrb2s.0p25.f{060,066,072,078,081}#statistic=max_t(geavg)+offset;offset_f=+0.0269;raw_f=62.3300;spread=gespr@f072;covered_leads=54-81"
LAX,KLAX,2026-05-04,2026-05-01T00:00:00Z,79,gefs,62.7169,1.2600,"s3://noaa-gefs-pds/gefs.20260501/00/atmos/pgrb2sp25/{geavg,gespr}.t00z.pgrb2s.0p25.f{084,090,096,102,105}#statistic=max_t(geavg)+offset;offset_f=+0.0269;raw_f=62.6900;spread=gespr@f096;covered_leads=78-105"
MIA,KMIA,2026-05-04,2026-05-04T00:00:00Z,4,gefs,81.6449,1.6200,"s3://noaa-gefs-pds/gefs.20260504/00/atmos/pgrb2sp25/{geavg,gespr}.t00z.pgrb2s.0p25.f{006,012,018,024,030}#statistic=max_t(geavg)+offset;offset_f=+0.0549;raw_f=81.5900;spread=gespr@f018;covered_leads=0-30"
MIA,KMIA,2026-05-04,2026-05-03T00:00:00Z,28,gefs,80.7449,2.1600,"s3://noaa-gefs-pds/gefs.20260503/00/atmos/pgrb2sp25/{geavg,gespr}.t00z.pgrb2s.0p25.f{030,036,042,048,054}#statistic=max_t(geavg)+offset;offset_f=+0.0549;raw_f=80.6900;spread=gespr@f042;covered_leads=24-54"
MIA,KMIA,2026-05-04,2026-05-02T00:00:00Z,52,gefs,81.6449,1.8000,"s3://noaa-gefs-pds/gefs.20260502/00/atmos/pgrb2sp25/{geavg,gespr}.t00z.pgrb2s.0p25.f{054,060,066,072,078}#statistic=max_t(geavg)+offset;offset_f=+0.0549;raw_f=81.5900;spread=gespr@f066;covered_leads=48-78"
MIA,KMIA,2026-05-04,2026-05-01T00:00:00Z,76,gefs,81.4649,2.3400,"s3://noaa-gefs-pds/gefs.20260501/00/atmos/pgrb2sp25/{geavg,gespr}.t00z.pgrb2s.0p25.f{078,084,090,096,102}#statistic=max_t(geavg)+offset;offset_f=+0.0549;raw_f=81.4100;spread=gespr@f090;covered_leads=72-102"
NY,KNYC,2026-05-04,2026-05-04T00:00:00Z,4,gefs,70.6814,1.0800,"s3://noaa-gefs-pds/gefs.20260504/00/atmos/pgrb2sp25/{geavg,gespr}.t00z.pgrb2s.0p25.f{006,012,018,024,030}#statistic=max_t(geavg)+offset;offset_f=+0.2514;raw_f=70.4300;spread=gespr@f024;covered_leads=0-30"
NY,KNYC,2026-05-04,2026-05-03T00:00:00Z,28,gefs,71.2214,1.6200,"s3://noaa-gefs-pds/gefs.20260503/00/atmos/pgrb2sp25/{geavg,gespr}.t00z.pgrb2s.0p25.f{030,036,042,048,054}#statistic=max_t(geavg)+offset;offset_f=+0.2514;raw_f=70.9700;spread=gespr@f048;covered_leads=24-54"
NY,KNYC,2026-05-04,2026-05-02T00:00:00Z,52,gefs,69.9614,1.6200,"s3://noaa-gefs-pds/gefs.20260502/00/atmos/pgrb2sp25/{geavg,gespr}.t00z.pgrb2s.0p25.f{054,060,066,072,078}#statistic=max_t(geavg)+offset;offset_f=+0.2514;raw_f=69.7100;spread=gespr@f072;covered_leads=48-78"
NY,KNYC,2026-05-04,2026-05-01T00:00:00Z,76,gefs,69.7814,2.3400,"s3://noaa-gefs-pds/gefs.20260501/00/atmos/pgrb2sp25/{geavg,gespr}.t00z.pgrb2s.0p25.f{078,084,090,096,102}#statistic=max_t(geavg)+offset;offset_f=+0.2514;raw_f=69.5300;spread=gespr@f096;covered_leads=72-102"
CHI,KMDW,2026-05-05,2026-05-05T00:00:00Z,5,gefs,66.7349,1.0620,"s3://noaa-gefs-pds/gefs.20260505/00/atmos/pgrb2sp25/{geavg,gespr}.t00z.pgrb2s.0p25.f{006,012,018,024,030}#statistic=max_t(geavg)+offset;offset_f=+0.0489;raw_f=66.6860;spread=gespr@f006;covered_leads=0-30"
CHI,KMDW,2026-05-05,2026-05-04T00:00:00Z,29,gefs,71.3789,0.7200,"s3://noaa-gefs-pds/gefs.20260504/00/atmos/pgrb2sp25/{geavg,gespr}.t00z.pgrb2s.0p25.f{030,036,042,048,054}#statistic=max_t(geavg)+offset;offset_f=+0.0489;raw_f=71.3300;spread=gespr@f030;covered_leads=24-54"
CHI,KMDW,2026-05-05,2026-05-03T00:00:00Z,53,gefs,69.3989,1.4400,"s3://noaa-gefs-pds/gefs.20260503/00/atmos/pgrb2sp25/{geavg,gespr}.t00z.pgrb2s.0p25.f{054,060,066,072,078}#statistic=max_t(geavg)+offset;offset_f=+0.0489;raw_f=69.3500;spread=gespr@f054;covered_leads=48-78"
CHI,KMDW,2026-05-05,2026-05-02T00:00:00Z,77,gefs,68.6789,1.9800,"s3://noaa-gefs-pds/gefs.20260502/00/atmos/pgrb2sp25/{geavg,gespr}.t00z.pgrb2s.0p25.f{078,084,090,096,102}#statistic=max_t(geavg)+offset;offset_f=+0.0489;raw_f=68.6300;spread=gespr@f078;covered_leads=72-102"
LAX,KLAX,2026-05-05,2026-05-05T00:00:00Z,7,gefs,64.3369,0.3600,"s3://noaa-gefs-pds/gefs.20260505/00/atmos/pgrb2sp25/{geavg,gespr}.t00z.pgrb2s.0p25.f{012,018,024,030,033}#statistic=max_t(geavg)+offset;offset_f=+0.0269;raw_f=64.3100;spread=gespr@f024;covered_leads=6-33"
LAX,KLAX,2026-05-05,2026-05-04T00:00:00Z,31,gefs,64.1569,0.5400,"s3://noaa-gefs-pds/gefs.20260504/00/atmos/pgrb2sp25/{geavg,gespr}.t00z.pgrb2s.0p25.f{036,042,048,054,057}#statistic=max_t(geavg)+offset;offset_f=+0.0269;raw_f=64.1300;spread=gespr@f048;covered_leads=30-57"
LAX,KLAX,2026-05-05,2026-05-03T00:00:00Z,55,gefs,63.6169,0.9000,"s3://noaa-gefs-pds/gefs.20260503/00/atmos/pgrb2sp25/{geavg,gespr}.t00z.pgrb2s.0p25.f{060,066,072,078,081}#statistic=max_t(geavg)+offset;offset_f=+0.0269;raw_f=63.5900;spread=gespr@f072;covered_leads=54-81"
LAX,KLAX,2026-05-05,2026-05-02T00:00:00Z,79,gefs,63.4369,1.2600,"s3://noaa-gefs-pds/gefs.20260502/00/atmos/pgrb2sp25/{geavg,gespr}.t00z.pgrb2s.0p25.f{084,090,096,102,105}#statistic=max_t(geavg)+offset;offset_f=+0.0269;raw_f=63.4100;spread=gespr@f096;covered_leads=78-105"
MIA,KMIA,2026-05-05,2026-05-05T00:00:00Z,4,gefs,85.9649,1.2600,"s3://noaa-gefs-pds/gefs.20260505/00/atmos/pgrb2sp25/{geavg,gespr}.t00z.pgrb2s.0p25.f{006,012,018,024,030}#statistic=max_t(geavg)+offset;offset_f=+0.0549;raw_f=85.9100;spread=gespr@f024;covered_leads=0-30"
MIA,KMIA,2026-05-05,2026-05-04T00:00:00Z,28,gefs,84.1649,2.7000,"s3://noaa-gefs-pds/gefs.20260504/00/atmos/pgrb2sp25/{geavg,gespr}.t00z.pgrb2s.0p25.f{030,036,042,048,054}#statistic=max_t(geavg)+offset;offset_f=+0.0549;raw_f=84.1100;spread=gespr@f048;covered_leads=24-54"
MIA,KMIA,2026-05-05,2026-05-03T00:00:00Z,52,gefs,83.9849,1.8000,"s3://noaa-gefs-pds/gefs.20260503/00/atmos/pgrb2sp25/{geavg,gespr}.t00z.pgrb2s.0p25.f{054,060,066,072,078}#statistic=max_t(geavg)+offset;offset_f=+0.0549;raw_f=83.9300;spread=gespr@f072;covered_leads=48-78"
MIA,KMIA,2026-05-05,2026-05-02T00:00:00Z,76,gefs,83.0849,1.6200,"s3://noaa-gefs-pds/gefs.20260502/00/atmos/pgrb2sp25/{geavg,gespr}.t00z.pgrb2s.0p25.f{078,084,090,096,102}#statistic=max_t(geavg)+offset;offset_f=+0.0549;raw_f=83.0300;spread=gespr@f096;covered_leads=72-102"
NY,KNYC,2026-05-05,2026-05-05T00:00:00Z,4,gefs,81.3014,0.9000,"s3://noaa-gefs-pds/gefs.20260505/00/atmos/pgrb2sp25/{geavg,gespr}.t00z.pgrb2s.0p25.f{006,012,018,024,030}#statistic=max_t(geavg)+offset;offset_f=+0.2514;raw_f=81.0500;spread=gespr@f024;covered_leads=0-30"
NY,KNYC,2026-05-05,2026-05-04T00:00:00Z,28,gefs,80.7614,1.2600,"s3://noaa-gefs-pds/gefs.20260504/00/atmos/pgrb2sp25/{geavg,gespr}.t00z.pgrb2s.0p25.f{030,036,042,048,054}#statistic=max_t(geavg)+offset;offset_f=+0.2514;raw_f=80.5100;spread=gespr@f048;covered_leads=24-54"
NY,KNYC,2026-05-05,2026-05-03T00:00:00Z,52,gefs,80.4014,1.2600,"s3://noaa-gefs-pds/gefs.20260503/00/atmos/pgrb2sp25/{geavg,gespr}.t00z.pgrb2s.0p25.f{054,060,066,072,078}#statistic=max_t(geavg)+offset;offset_f=+0.2514;raw_f=80.1500;spread=gespr@f072;covered_leads=48-78"
NY,KNYC,2026-05-05,2026-05-02T00:00:00Z,76,gefs,80.2214,2.1600,"s3://noaa-gefs-pds/gefs.20260502/00/atmos/pgrb2sp25/{geavg,gespr}.t00z.pgrb2s.0p25.f{078,084,090,096,102}#statistic=max_t(geavg)+offset;offset_f=+0.2514;raw_f=79.9700;spread=gespr@f096;covered_leads=72-102"
CHI,KMDW,2026-05-06,2026-05-06T00:00:00Z,5,gefs,55.1789,1.2600,"s3://noaa-gefs-pds/gefs.20260506/00/atmos/pgrb2sp25/{geavg,gespr}.t00z.pgrb2s.0p25.f{006,012,018,024,030}#statistic=max_t(geavg)+offset;offset_f=+0.0489;raw_f=55.1300;spread=gespr@f024;covered_leads=0-30"
CHI,KMDW,2026-05-06,2026-05-05T00:00:00Z,29,gefs,56.0789,2.3400,"s3://noaa-gefs-pds/gefs.20260505/00/atmos/pgrb2sp25/{geavg,gespr}.t00z.pgrb2s.0p25.f{030,036,042,048,054}#statistic=max_t(geavg)+offset;offset_f=+0.0489;raw_f=56.0300;spread=gespr@f048;covered_leads=24-54"
CHI,KMDW,2026-05-06,2026-05-04T00:00:00Z,53,gefs,56.3314,2.9995,"s3://noaa-gefs-pds/gefs.20260504/00/atmos/pgrb2sp25/{geavg,gespr}.t00z.pgrb2s.0p25.f{054,060,066,072,078}#statistic=max_t(geavg)+offset;offset_f=+0.0489;raw_f=56.2825;spread=gespr@f072;covered_leads=48-78"
CHI,KMDW,2026-05-06,2026-05-03T00:00:00Z,77,gefs,55.7189,3.0600,"s3://noaa-gefs-pds/gefs.20260503/00/atmos/pgrb2sp25/{geavg,gespr}.t00z.pgrb2s.0p25.f{078,084,090,096,102}#statistic=max_t(geavg)+offset;offset_f=+0.0489;raw_f=55.6700;spread=gespr@f096;covered_leads=72-102"
LAX,KLAX,2026-05-06,2026-05-06T00:00:00Z,7,gefs,68.6569,0.7200,"s3://noaa-gefs-pds/gefs.20260506/00/atmos/pgrb2sp25/{geavg,gespr}.t00z.pgrb2s.0p25.f{012,018,024,030,033}#statistic=max_t(geavg)+offset;offset_f=+0.0269;raw_f=68.6300;spread=gespr@f024;covered_leads=6-33"
LAX,KLAX,2026-05-06,2026-05-05T00:00:00Z,31,gefs,67.7569,1.0800,"s3://noaa-gefs-pds/gefs.20260505/00/atmos/pgrb2sp25/{geavg,gespr}.t00z.pgrb2s.0p25.f{036,042,048,054,057}#statistic=max_t(geavg)+offset;offset_f=+0.0269;raw_f=67.7300;spread=gespr@f048;covered_leads=30-57"
LAX,KLAX,2026-05-06,2026-05-04T00:00:00Z,55,gefs,67.8294,1.1995,"s3://noaa-gefs-pds/gefs.20260504/00/atmos/pgrb2sp25/{geavg,gespr}.t00z.pgrb2s.0p25.f{060,066,072,078,081}#statistic=max_t(geavg)+offset;offset_f=+0.0269;raw_f=67.8025;spread=gespr@f072;covered_leads=54-81"
LAX,KLAX,2026-05-06,2026-05-03T00:00:00Z,79,gefs,68.1169,1.0800,"s3://noaa-gefs-pds/gefs.20260503/00/atmos/pgrb2sp25/{geavg,gespr}.t00z.pgrb2s.0p25.f{084,090,096,102,105}#statistic=max_t(geavg)+offset;offset_f=+0.0269;raw_f=68.0900;spread=gespr@f096;covered_leads=78-105"
MIA,KMIA,2026-05-06,2026-05-06T00:00:00Z,4,gefs,84.8849,0.9000,"s3://noaa-gefs-pds/gefs.20260506/00/atmos/pgrb2sp25/{geavg,gespr}.t00z.pgrb2s.0p25.f{006,012,018,024,030}#statistic=max_t(geavg)+offset;offset_f=+0.0549;raw_f=84.8300;spread=gespr@f024;covered_leads=0-30"
MIA,KMIA,2026-05-06,2026-05-05T00:00:00Z,28,gefs,86.1449,1.4400,"s3://noaa-gefs-pds/gefs.20260505/00/atmos/pgrb2sp25/{geavg,gespr}.t00z.pgrb2s.0p25.f{030,036,042,048,054}#statistic=max_t(geavg)+offset;offset_f=+0.0549;raw_f=86.0900;spread=gespr@f048;covered_leads=24-54"
MIA,KMIA,2026-05-06,2026-05-04T00:00:00Z,52,gefs,85.8574,1.9195,"s3://noaa-gefs-pds/gefs.20260504/00/atmos/pgrb2sp25/{geavg,gespr}.t00z.pgrb2s.0p25.f{054,060,066,072,078}#statistic=max_t(geavg)+offset;offset_f=+0.0549;raw_f=85.8025;spread=gespr@f072;covered_leads=48-78"
MIA,KMIA,2026-05-06,2026-05-03T00:00:00Z,76,gefs,86.5049,1.6200,"s3://noaa-gefs-pds/gefs.20260503/00/atmos/pgrb2sp25/{geavg,gespr}.t00z.pgrb2s.0p25.f{078,084,090,096,102}#statistic=max_t(geavg)+offset;offset_f=+0.0549;raw_f=86.4500;spread=gespr@f096;covered_leads=72-102"
NY,KNYC,2026-05-06,2026-05-06T00:00:00Z,4,gefs,73.0574,0.4320,"s3://noaa-gefs-pds/gefs.20260506/00/atmos/pgrb2sp25/{geavg,gespr}.t00z.pgrb2s.0p25.f{006,012,018,024,030}#statistic=max_t(geavg)+offset;offset_f=+0.2514;raw_f=72.8060;spread=gespr@f006;covered_leads=0-30"
NY,KNYC,2026-05-06,2026-05-05T00:00:00Z,28,gefs,73.7414,0.9180,"s3://noaa-gefs-pds/gefs.20260505/00/atmos/pgrb2sp25/{geavg,gespr}.t00z.pgrb2s.0p25.f{030,036,042,048,054}#statistic=max_t(geavg)+offset;offset_f=+0.2514;raw_f=73.4900;spread=gespr@f030;covered_leads=24-54"
NY,KNYC,2026-05-06,2026-05-04T00:00:00Z,52,gefs,72.6614,1.8000,"s3://noaa-gefs-pds/gefs.20260504/00/atmos/pgrb2sp25/{geavg,gespr}.t00z.pgrb2s.0p25.f{054,060,066,072,078}#statistic=max_t(geavg)+offset;offset_f=+0.2514;raw_f=72.4100;spread=gespr@f054;covered_leads=48-78"
NY,KNYC,2026-05-06,2026-05-03T00:00:00Z,76,gefs,73.2014,1.4400,"s3://noaa-gefs-pds/gefs.20260503/00/atmos/pgrb2sp25/{geavg,gespr}.t00z.pgrb2s.0p25.f{078,084,090,096,102}#statistic=max_t(geavg)+offset;offset_f=+0.2514;raw_f=72.9500;spread=gespr@f078;covered_leads=72-102"
CHI,KMDW,2026-05-07,2026-05-07T00:00:00Z,5,gefs,58.5989,1.2600,"s3://noaa-gefs-pds/gefs.20260507/00/atmos/pgrb2sp25/{geavg,gespr}.t00z.pgrb2s.0p25.f{006,012,018,024,030}#statistic=max_t(geavg)+offset;offset_f=+0.0489;raw_f=58.5500;spread=gespr@f024;covered_leads=0-30"
CHI,KMDW,2026-05-07,2026-05-06T00:00:00Z,29,gefs,58.4189,1.8000,"s3://noaa-gefs-pds/gefs.20260506/00/atmos/pgrb2sp25/{geavg,gespr}.t00z.pgrb2s.0p25.f{030,036,042,048,054}#statistic=max_t(geavg)+offset;offset_f=+0.0489;raw_f=58.3700;spread=gespr@f048;covered_leads=24-54"
CHI,KMDW,2026-05-07,2026-05-05T00:00:00Z,53,gefs,59.4989,1.2600,"s3://noaa-gefs-pds/gefs.20260505/00/atmos/pgrb2sp25/{geavg,gespr}.t00z.pgrb2s.0p25.f{054,060,066,072,078}#statistic=max_t(geavg)+offset;offset_f=+0.0489;raw_f=59.4500;spread=gespr@f072;covered_leads=48-78"
CHI,KMDW,2026-05-07,2026-05-04T00:00:00Z,77,gefs,58.5989,1.9800,"s3://noaa-gefs-pds/gefs.20260504/00/atmos/pgrb2sp25/{geavg,gespr}.t00z.pgrb2s.0p25.f{078,084,090,096,102}#statistic=max_t(geavg)+offset;offset_f=+0.0489;raw_f=58.5500;spread=gespr@f096;covered_leads=72-102"
LAX,KLAX,2026-05-07,2026-05-07T00:00:00Z,7,gefs,71.8969,1.0800,"s3://noaa-gefs-pds/gefs.20260507/00/atmos/pgrb2sp25/{geavg,gespr}.t00z.pgrb2s.0p25.f{012,018,024,030,033}#statistic=max_t(geavg)+offset;offset_f=+0.0269;raw_f=71.8700;spread=gespr@f024;covered_leads=6-33"
LAX,KLAX,2026-05-07,2026-05-06T00:00:00Z,31,gefs,72.7969,1.6200,"s3://noaa-gefs-pds/gefs.20260506/00/atmos/pgrb2sp25/{geavg,gespr}.t00z.pgrb2s.0p25.f{036,042,048,054,057}#statistic=max_t(geavg)+offset;offset_f=+0.0269;raw_f=72.7700;spread=gespr@f048;covered_leads=30-57"
LAX,KLAX,2026-05-07,2026-05-05T00:00:00Z,55,gefs,71.3569,1.2600,"s3://noaa-gefs-pds/gefs.20260505/00/atmos/pgrb2sp25/{geavg,gespr}.t00z.pgrb2s.0p25.f{060,066,072,078,081}#statistic=max_t(geavg)+offset;offset_f=+0.0269;raw_f=71.3300;spread=gespr@f072;covered_leads=54-81"
LAX,KLAX,2026-05-07,2026-05-04T00:00:00Z,79,gefs,71.8969,1.6200,"s3://noaa-gefs-pds/gefs.20260504/00/atmos/pgrb2sp25/{geavg,gespr}.t00z.pgrb2s.0p25.f{084,090,096,102,105}#statistic=max_t(geavg)+offset;offset_f=+0.0269;raw_f=71.8700;spread=gespr@f096;covered_leads=78-105"
MIA,KMIA,2026-05-07,2026-05-07T00:00:00Z,4,gefs,88.8449,1.0800,"s3://noaa-gefs-pds/gefs.20260507/00/atmos/pgrb2sp25/{geavg,gespr}.t00z.pgrb2s.0p25.f{006,012,018,024,030}#statistic=max_t(geavg)+offset;offset_f=+0.0549;raw_f=88.7900;spread=gespr@f024;covered_leads=0-30"
MIA,KMIA,2026-05-07,2026-05-06T00:00:00Z,28,gefs,87.9449,1.2600,"s3://noaa-gefs-pds/gefs.20260506/00/atmos/pgrb2sp25/{geavg,gespr}.t00z.pgrb2s.0p25.f{030,036,042,048,054}#statistic=max_t(geavg)+offset;offset_f=+0.0549;raw_f=87.8900;spread=gespr@f048;covered_leads=24-54"
MIA,KMIA,2026-05-07,2026-05-05T00:00:00Z,52,gefs,87.4049,0.9000,"s3://noaa-gefs-pds/gefs.20260505/00/atmos/pgrb2sp25/{geavg,gespr}.t00z.pgrb2s.0p25.f{054,060,066,072,078}#statistic=max_t(geavg)+offset;offset_f=+0.0549;raw_f=87.3500;spread=gespr@f072;covered_leads=48-78"
MIA,KMIA,2026-05-07,2026-05-04T00:00:00Z,76,gefs,88.1249,1.6200,"s3://noaa-gefs-pds/gefs.20260504/00/atmos/pgrb2sp25/{geavg,gespr}.t00z.pgrb2s.0p25.f{078,084,090,096,102}#statistic=max_t(geavg)+offset;offset_f=+0.0549;raw_f=88.0700;spread=gespr@f096;covered_leads=72-102"
NY,KNYC,2026-05-07,2026-05-07T00:00:00Z,4,gefs,66.1814,2.3400,"s3://noaa-gefs-pds/gefs.20260507/00/atmos/pgrb2sp25/{geavg,gespr}.t00z.pgrb2s.0p25.f{006,012,018,024,030}#statistic=max_t(geavg)+offset;offset_f=+0.2514;raw_f=65.9300;spread=gespr@f024;covered_leads=0-30"
NY,KNYC,2026-05-07,2026-05-06T00:00:00Z,28,gefs,66.5414,3.0600,"s3://noaa-gefs-pds/gefs.20260506/00/atmos/pgrb2sp25/{geavg,gespr}.t00z.pgrb2s.0p25.f{030,036,042,048,054}#statistic=max_t(geavg)+offset;offset_f=+0.2514;raw_f=66.2900;spread=gespr@f048;covered_leads=24-54"
NY,KNYC,2026-05-07,2026-05-05T00:00:00Z,52,gefs,65.6414,3.9600,"s3://noaa-gefs-pds/gefs.20260505/00/atmos/pgrb2sp25/{geavg,gespr}.t00z.pgrb2s.0p25.f{054,060,066,072,078}#statistic=max_t(geavg)+offset;offset_f=+0.2514;raw_f=65.3900;spread=gespr@f072;covered_leads=48-78"
NY,KNYC,2026-05-07,2026-05-04T00:00:00Z,76,gefs,64.0214,5.5800,"s3://noaa-gefs-pds/gefs.20260504/00/atmos/pgrb2sp25/{geavg,gespr}.t00z.pgrb2s.0p25.f{078,084,090,096,102}#statistic=max_t(geavg)+offset;offset_f=+0.2514;raw_f=63.7700;spread=gespr@f096;covered_leads=72-102"
CHI,KMDW,2026-05-08,2026-05-08T00:00:00Z,5,gefs,61.4789,3.2400,"s3://noaa-gefs-pds/gefs.20260508/00/atmos/pgrb2sp25/{geavg,gespr}.t00z.pgrb2s.0p25.f{006,012,018,024,030}#statistic=max_t(geavg)+offset;offset_f=+0.0489;raw_f=61.4300;spread=gespr@f024;covered_leads=0-30"
CHI,KMDW,2026-05-08,2026-05-07T00:00:00Z,29,gefs,61.4789,3.7800,"s3://noaa-gefs-pds/gefs.20260507/00/atmos/pgrb2sp25/{geavg,gespr}.t00z.pgrb2s.0p25.f{030,036,042,048,054}#statistic=max_t(geavg)+offset;offset_f=+0.0489;raw_f=61.4300;spread=gespr@f048;covered_leads=24-54"
CHI,KMDW,2026-05-08,2026-05-06T00:00:00Z,53,gefs,59.1389,3.6000,"s3://noaa-gefs-pds/gefs.20260506/00/atmos/pgrb2sp25/{geavg,gespr}.t00z.pgrb2s.0p25.f{054,060,066,072,078}#statistic=max_t(geavg)+offset;offset_f=+0.0489;raw_f=59.0900;spread=gespr@f066;covered_leads=48-78"
CHI,KMDW,2026-05-08,2026-05-05T00:00:00Z,77,gefs,62.0189,5.0400,"s3://noaa-gefs-pds/gefs.20260505/00/atmos/pgrb2sp25/{geavg,gespr}.t00z.pgrb2s.0p25.f{078,084,090,096,102}#statistic=max_t(geavg)+offset;offset_f=+0.0489;raw_f=61.9700;spread=gespr@f096;covered_leads=72-102"
LAX,KLAX,2026-05-08,2026-05-08T00:00:00Z,7,gefs,71.8969,0.5400,"s3://noaa-gefs-pds/gefs.20260508/00/atmos/pgrb2sp25/{geavg,gespr}.t00z.pgrb2s.0p25.f{012,018,024,030,033}#statistic=max_t(geavg)+offset;offset_f=+0.0269;raw_f=71.8700;spread=gespr@f024;covered_leads=6-33"
LAX,KLAX,2026-05-08,2026-05-07T00:00:00Z,31,gefs,72.9769,1.4400,"s3://noaa-gefs-pds/gefs.20260507/00/atmos/pgrb2sp25/{geavg,gespr}.t00z.pgrb2s.0p25.f{036,042,048,054,057}#statistic=max_t(geavg)+offset;offset_f=+0.0269;raw_f=72.9500;spread=gespr@f048;covered_leads=30-57"
LAX,KLAX,2026-05-08,2026-05-06T00:00:00Z,55,gefs,72.9769,1.6200,"s3://noaa-gefs-pds/gefs.20260506/00/atmos/pgrb2sp25/{geavg,gespr}.t00z.pgrb2s.0p25.f{060,066,072,078,081}#statistic=max_t(geavg)+offset;offset_f=+0.0269;raw_f=72.9500;spread=gespr@f072;covered_leads=54-81"
LAX,KLAX,2026-05-08,2026-05-05T00:00:00Z,79,gefs,73.8769,1.9800,"s3://noaa-gefs-pds/gefs.20260505/00/atmos/pgrb2sp25/{geavg,gespr}.t00z.pgrb2s.0p25.f{084,090,096,102,105}#statistic=max_t(geavg)+offset;offset_f=+0.0269;raw_f=73.8500;spread=gespr@f096;covered_leads=78-105"
MIA,KMIA,2026-05-08,2026-05-08T00:00:00Z,4,gefs,89.3849,0.7200,"s3://noaa-gefs-pds/gefs.20260508/00/atmos/pgrb2sp25/{geavg,gespr}.t00z.pgrb2s.0p25.f{006,012,018,024,030}#statistic=max_t(geavg)+offset;offset_f=+0.0549;raw_f=89.3300;spread=gespr@f024;covered_leads=0-30"
MIA,KMIA,2026-05-08,2026-05-07T00:00:00Z,28,gefs,88.3049,1.0800,"s3://noaa-gefs-pds/gefs.20260507/00/atmos/pgrb2sp25/{geavg,gespr}.t00z.pgrb2s.0p25.f{030,036,042,048,054}#statistic=max_t(geavg)+offset;offset_f=+0.0549;raw_f=88.2500;spread=gespr@f048;covered_leads=24-54"
MIA,KMIA,2026-05-08,2026-05-06T00:00:00Z,52,gefs,88.1249,1.4400,"s3://noaa-gefs-pds/gefs.20260506/00/atmos/pgrb2sp25/{geavg,gespr}.t00z.pgrb2s.0p25.f{054,060,066,072,078}#statistic=max_t(geavg)+offset;offset_f=+0.0549;raw_f=88.0700;spread=gespr@f072;covered_leads=48-78"
MIA,KMIA,2026-05-08,2026-05-05T00:00:00Z,76,gefs,88.1249,1.4400,"s3://noaa-gefs-pds/gefs.20260505/00/atmos/pgrb2sp25/{geavg,gespr}.t00z.pgrb2s.0p25.f{078,084,090,096,102}#statistic=max_t(geavg)+offset;offset_f=+0.0549;raw_f=88.0700;spread=gespr@f096;covered_leads=72-102"
NY,KNYC,2026-05-08,2026-05-08T00:00:00Z,4,gefs,63.6614,1.6200,"s3://noaa-gefs-pds/gefs.20260508/00/atmos/pgrb2sp25/{geavg,gespr}.t00z.pgrb2s.0p25.f{006,012,018,024,030}#statistic=max_t(geavg)+offset;offset_f=+0.2514;raw_f=63.4100;spread=gespr@f024;covered_leads=0-30"
NY,KNYC,2026-05-08,2026-05-07T00:00:00Z,28,gefs,63.8414,1.6200,"s3://noaa-gefs-pds/gefs.20260507/00/atmos/pgrb2sp25/{geavg,gespr}.t00z.pgrb2s.0p25.f{030,036,042,048,054}#statistic=max_t(geavg)+offset;offset_f=+0.2514;raw_f=63.5900;spread=gespr@f048;covered_leads=24-54"
NY,KNYC,2026-05-08,2026-05-06T00:00:00Z,52,gefs,65.2814,2.5200,"s3://noaa-gefs-pds/gefs.20260506/00/atmos/pgrb2sp25/{geavg,gespr}.t00z.pgrb2s.0p25.f{054,060,066,072,078}#statistic=max_t(geavg)+offset;offset_f=+0.2514;raw_f=65.0300;spread=gespr@f072;covered_leads=48-78"
NY,KNYC,2026-05-08,2026-05-05T00:00:00Z,76,gefs,67.6214,2.3400,"s3://noaa-gefs-pds/gefs.20260505/00/atmos/pgrb2sp25/{geavg,gespr}.t00z.pgrb2s.0p25.f{078,084,090,096,102}#statistic=max_t(geavg)+offset;offset_f=+0.2514;raw_f=67.3700;spread=gespr@f096;covered_leads=72-102"
CHI,KMDW,2026-05-09,2026-05-09T00:00:00Z,5,gefs,70.4789,1.4400,"s3://noaa-gefs-pds/gefs.20260509/00/atmos/pgrb2sp25/{geavg,gespr}.t00z.pgrb2s.0p25.f{006,012,018,024,030}#statistic=max_t(geavg)+offset;offset_f=+0.0489;raw_f=70.4300;spread=gespr@f024;covered_leads=0-30"
CHI,KMDW,2026-05-09,2026-05-08T00:00:00Z,29,gefs,69.2189,2.8800,"s3://noaa-gefs-pds/gefs.20260508/00/atmos/pgrb2sp25/{geavg,gespr}.t00z.pgrb2s.0p25.f{030,036,042,048,054}#statistic=max_t(geavg)+offset;offset_f=+0.0489;raw_f=69.1700;spread=gespr@f048;covered_leads=24-54"
CHI,KMDW,2026-05-09,2026-05-07T00:00:00Z,53,gefs,70.4789,3.2400,"s3://noaa-gefs-pds/gefs.20260507/00/atmos/pgrb2sp25/{geavg,gespr}.t00z.pgrb2s.0p25.f{054,060,066,072,078}#statistic=max_t(geavg)+offset;offset_f=+0.0489;raw_f=70.4300;spread=gespr@f072;covered_leads=48-78"
CHI,KMDW,2026-05-09,2026-05-06T00:00:00Z,77,gefs,69.2189,2.5200,"s3://noaa-gefs-pds/gefs.20260506/00/atmos/pgrb2sp25/{geavg,gespr}.t00z.pgrb2s.0p25.f{078,084,090,096,102}#statistic=max_t(geavg)+offset;offset_f=+0.0489;raw_f=69.1700;spread=gespr@f096;covered_leads=72-102"
LAX,KLAX,2026-05-09,2026-05-09T00:00:00Z,7,gefs,72.9769,0.7200,"s3://noaa-gefs-pds/gefs.20260509/00/atmos/pgrb2sp25/{geavg,gespr}.t00z.pgrb2s.0p25.f{012,018,024,030,033}#statistic=max_t(geavg)+offset;offset_f=+0.0269;raw_f=72.9500;spread=gespr@f024;covered_leads=6-33"
LAX,KLAX,2026-05-09,2026-05-08T00:00:00Z,31,gefs,74.9569,1.0800,"s3://noaa-gefs-pds/gefs.20260508/00/atmos/pgrb2sp25/{geavg,gespr}.t00z.pgrb2s.0p25.f{036,042,048,054,057}#statistic=max_t(geavg)+offset;offset_f=+0.0269;raw_f=74.9300;spread=gespr@f048;covered_leads=30-57"
LAX,KLAX,2026-05-09,2026-05-07T00:00:00Z,55,gefs,76.0369,1.6200,"s3://noaa-gefs-pds/gefs.20260507/00/atmos/pgrb2sp25/{geavg,gespr}.t00z.pgrb2s.0p25.f{060,066,072,078,081}#statistic=max_t(geavg)+offset;offset_f=+0.0269;raw_f=76.0100;spread=gespr@f072;covered_leads=54-81"
LAX,KLAX,2026-05-09,2026-05-06T00:00:00Z,79,gefs,73.8769,1.8000,"s3://noaa-gefs-pds/gefs.20260506/00/atmos/pgrb2sp25/{geavg,gespr}.t00z.pgrb2s.0p25.f{084,090,096,102,105}#statistic=max_t(geavg)+offset;offset_f=+0.0269;raw_f=73.8500;spread=gespr@f096;covered_leads=78-105"
MIA,KMIA,2026-05-09,2026-05-09T00:00:00Z,4,gefs,87.2249,0.7200,"s3://noaa-gefs-pds/gefs.20260509/00/atmos/pgrb2sp25/{geavg,gespr}.t00z.pgrb2s.0p25.f{006,012,018,024,030}#statistic=max_t(geavg)+offset;offset_f=+0.0549;raw_f=87.1700;spread=gespr@f024;covered_leads=0-30"
MIA,KMIA,2026-05-09,2026-05-08T00:00:00Z,28,gefs,87.5849,0.9000,"s3://noaa-gefs-pds/gefs.20260508/00/atmos/pgrb2sp25/{geavg,gespr}.t00z.pgrb2s.0p25.f{030,036,042,048,054}#statistic=max_t(geavg)+offset;offset_f=+0.0549;raw_f=87.5300;spread=gespr@f048;covered_leads=24-54"
MIA,KMIA,2026-05-09,2026-05-07T00:00:00Z,52,gefs,87.0449,0.9000,"s3://noaa-gefs-pds/gefs.20260507/00/atmos/pgrb2sp25/{geavg,gespr}.t00z.pgrb2s.0p25.f{054,060,066,072,078}#statistic=max_t(geavg)+offset;offset_f=+0.0549;raw_f=86.9900;spread=gespr@f072;covered_leads=48-78"
MIA,KMIA,2026-05-09,2026-05-06T00:00:00Z,76,gefs,87.0449,1.0800,"s3://noaa-gefs-pds/gefs.20260506/00/atmos/pgrb2sp25/{geavg,gespr}.t00z.pgrb2s.0p25.f{078,084,090,096,102}#statistic=max_t(geavg)+offset;offset_f=+0.0549;raw_f=86.9900;spread=gespr@f090;covered_leads=72-102"
NY,KNYC,2026-05-09,2026-05-09T00:00:00Z,4,gefs,65.2814,2.1600,"s3://noaa-gefs-pds/gefs.20260509/00/atmos/pgrb2sp25/{geavg,gespr}.t00z.pgrb2s.0p25.f{006,012,018,024,030}#statistic=max_t(geavg)+offset;offset_f=+0.2514;raw_f=65.0300;spread=gespr@f018;covered_leads=0-30"
NY,KNYC,2026-05-09,2026-05-08T00:00:00Z,28,gefs,62.7614,2.7000,"s3://noaa-gefs-pds/gefs.20260508/00/atmos/pgrb2sp25/{geavg,gespr}.t00z.pgrb2s.0p25.f{030,036,042,048,054}#statistic=max_t(geavg)+offset;offset_f=+0.2514;raw_f=62.5100;spread=gespr@f042;covered_leads=24-54"
NY,KNYC,2026-05-09,2026-05-07T00:00:00Z,52,gefs,64.0214,3.6000,"s3://noaa-gefs-pds/gefs.20260507/00/atmos/pgrb2sp25/{geavg,gespr}.t00z.pgrb2s.0p25.f{054,060,066,072,078}#statistic=max_t(geavg)+offset;offset_f=+0.2514;raw_f=63.7700;spread=gespr@f072;covered_leads=48-78"
NY,KNYC,2026-05-09,2026-05-06T00:00:00Z,76,gefs,65.2814,3.9600,"s3://noaa-gefs-pds/gefs.20260506/00/atmos/pgrb2sp25/{geavg,gespr}.t00z.pgrb2s.0p25.f{078,084,090,096,102}#statistic=max_t(geavg)+offset;offset_f=+0.2514;raw_f=65.0300;spread=gespr@f096;covered_leads=72-102"
CHI,KMDW,2026-05-10,2026-05-10T00:00:00Z,5,gefs,63.9989,0.7200,"s3://noaa-gefs-pds/gefs.20260510/00/atmos/pgrb2sp25/{geavg,gespr}.t00z.pgrb2s.0p25.f{006,012,018,024,030}#statistic=max_t(geavg)+offset;offset_f=+0.0489;raw_f=63.9500;spread=gespr@f006;covered_leads=0-30"
CHI,KMDW,2026-05-10,2026-05-09T00:00:00Z,29,gefs,63.2789,1.8000,"s3://noaa-gefs-pds/gefs.20260509/00/atmos/pgrb2sp25/{geavg,gespr}.t00z.pgrb2s.0p25.f{030,036,042,048,054}#statistic=max_t(geavg)+offset;offset_f=+0.0489;raw_f=63.2300;spread=gespr@f030;covered_leads=24-54"
CHI,KMDW,2026-05-10,2026-05-08T00:00:00Z,53,gefs,62.0189,2.7000,"s3://noaa-gefs-pds/gefs.20260508/00/atmos/pgrb2sp25/{geavg,gespr}.t00z.pgrb2s.0p25.f{054,060,066,072,078}#statistic=max_t(geavg)+offset;offset_f=+0.0489;raw_f=61.9700;spread=gespr@f054;covered_leads=48-78"
CHI,KMDW,2026-05-10,2026-05-07T00:00:00Z,77,gefs,62.1989,4.1400,"s3://noaa-gefs-pds/gefs.20260507/00/atmos/pgrb2sp25/{geavg,gespr}.t00z.pgrb2s.0p25.f{078,084,090,096,102}#statistic=max_t(geavg)+offset;offset_f=+0.0489;raw_f=62.1500;spread=gespr@f078;covered_leads=72-102"
LAX,KLAX,2026-05-10,2026-05-10T00:00:00Z,7,gefs,72.6268,1.1297,"s3://noaa-gefs-pds/gefs.20260510/00/atmos/pgrb2sp25/{geavg,gespr}.t00z.pgrb2s.0p25.f{012,018,024,030,033}#statistic=max_t(geavg)+offset;offset_f=+0.0269;raw_f=72.5999;spread=gespr@f024;covered_leads=6-33"
LAX,KLAX,2026-05-10,2026-05-09T00:00:00Z,31,gefs,76.7569,1.2600,"s3://noaa-gefs-pds/gefs.20260509/00/atmos/pgrb2sp25/{geavg,gespr}.t00z.pgrb2s.0p25.f{036,042,048,054,057}#statistic=max_t(geavg)+offset;offset_f=+0.0269;raw_f=76.7300;spread=gespr@f048;covered_leads=30-57"
LAX,KLAX,2026-05-10,2026-05-08T00:00:00Z,55,gefs,77.4769,1.6200,"s3://noaa-gefs-pds/gefs.20260508/00/atmos/pgrb2sp25/{geavg,gespr}.t00z.pgrb2s.0p25.f{060,066,072,078,081}#statistic=max_t(geavg)+offset;offset_f=+0.0269;raw_f=77.4500;spread=gespr@f072;covered_leads=54-81"
LAX,KLAX,2026-05-10,2026-05-07T00:00:00Z,79,gefs,77.8369,1.9800,"s3://noaa-gefs-pds/gefs.20260507/00/atmos/pgrb2sp25/{geavg,gespr}.t00z.pgrb2s.0p25.f{084,090,096,102,105}#statistic=max_t(geavg)+offset;offset_f=+0.0269;raw_f=77.8100;spread=gespr@f096;covered_leads=78-105"
MIA,KMIA,2026-05-10,2026-05-10T00:00:00Z,4,gefs,87.7748,0.7697,"s3://noaa-gefs-pds/gefs.20260510/00/atmos/pgrb2sp25/{geavg,gespr}.t00z.pgrb2s.0p25.f{006,012,018,024,030}#statistic=max_t(geavg)+offset;offset_f=+0.0549;raw_f=87.7199;spread=gespr@f024;covered_leads=0-30"
MIA,KMIA,2026-05-10,2026-05-09T00:00:00Z,28,gefs,86.8649,0.9000,"s3://noaa-gefs-pds/gefs.20260509/00/atmos/pgrb2sp25/{geavg,gespr}.t00z.pgrb2s.0p25.f{030,036,042,048,054}#statistic=max_t(geavg)+offset;offset_f=+0.0549;raw_f=86.8100;spread=gespr@f048;covered_leads=24-54"
MIA,KMIA,2026-05-10,2026-05-08T00:00:00Z,52,gefs,86.8649,1.2600,"s3://noaa-gefs-pds/gefs.20260508/00/atmos/pgrb2sp25/{geavg,gespr}.t00z.pgrb2s.0p25.f{054,060,066,072,078}#statistic=max_t(geavg)+offset;offset_f=+0.0549;raw_f=86.8100;spread=gespr@f072;covered_leads=48-78"
MIA,KMIA,2026-05-10,2026-05-07T00:00:00Z,76,gefs,86.8649,1.4400,"s3://noaa-gefs-pds/gefs.20260507/00/atmos/pgrb2sp25/{geavg,gespr}.t00z.pgrb2s.0p25.f{078,084,090,096,102}#statistic=max_t(geavg)+offset;offset_f=+0.0549;raw_f=86.8100;spread=gespr@f096;covered_leads=72-102"
NY,KNYC,2026-05-10,2026-05-10T00:00:00Z,4,gefs,77.1713,1.1297,"s3://noaa-gefs-pds/gefs.20260510/00/atmos/pgrb2sp25/{geavg,gespr}.t00z.pgrb2s.0p25.f{006,012,018,024,030}#statistic=max_t(geavg)+offset;offset_f=+0.2514;raw_f=76.9199;spread=gespr@f024;covered_leads=0-30"
NY,KNYC,2026-05-10,2026-05-09T00:00:00Z,28,gefs,76.2614,1.8000,"s3://noaa-gefs-pds/gefs.20260509/00/atmos/pgrb2sp25/{geavg,gespr}.t00z.pgrb2s.0p25.f{030,036,042,048,054}#statistic=max_t(geavg)+offset;offset_f=+0.2514;raw_f=76.0100;spread=gespr@f048;covered_leads=24-54"
NY,KNYC,2026-05-10,2026-05-08T00:00:00Z,52,gefs,75.7214,2.1600,"s3://noaa-gefs-pds/gefs.20260508/00/atmos/pgrb2sp25/{geavg,gespr}.t00z.pgrb2s.0p25.f{054,060,066,072,078}#statistic=max_t(geavg)+offset;offset_f=+0.2514;raw_f=75.4700;spread=gespr@f072;covered_leads=48-78"
NY,KNYC,2026-05-10,2026-05-07T00:00:00Z,76,gefs,72.6614,3.9600,"s3://noaa-gefs-pds/gefs.20260507/00/atmos/pgrb2sp25/{geavg,gespr}.t00z.pgrb2s.0p25.f{078,084,090,096,102}#statistic=max_t(geavg)+offset;offset_f=+0.2514;raw_f=72.4100;spread=gespr@f096;covered_leads=72-102"
CHI,KMDW,2026-05-11,2026-05-11T00:00:00Z,5,gefs,58.8689,0.3060,"s3://noaa-gefs-pds/gefs.20260511/00/atmos/pgrb2sp25/{geavg,gespr}.t00z.pgrb2s.0p25.f{006,012,018,024,030}#statistic=max_t(geavg)+offset;offset_f=+0.0489;raw_f=58.8200;spread=gespr@f006;covered_leads=0-30"
CHI,KMDW,2026-05-11,2026-05-10T00:00:00Z,29,gefs,58.2389,1.2600,"s3://noaa-gefs-pds/gefs.20260510/00/atmos/pgrb2sp25/{geavg,gespr}.t00z.pgrb2s.0p25.f{030,036,042,048,054}#statistic=max_t(geavg)+offset;offset_f=+0.0489;raw_f=58.1900;spread=gespr@f030;covered_leads=24-54"
CHI,KMDW,2026-05-11,2026-05-09T00:00:00Z,53,gefs,56.7989,2.3400,"s3://noaa-gefs-pds/gefs.20260509/00/atmos/pgrb2sp25/{geavg,gespr}.t00z.pgrb2s.0p25.f{054,060,066,072,078}#statistic=max_t(geavg)+offset;offset_f=+0.0489;raw_f=56.7500;spread=gespr@f072;covered_leads=48-78"
CHI,KMDW,2026-05-11,2026-05-08T00:00:00Z,77,gefs,56.7989,3.7800,"s3://noaa-gefs-pds/gefs.20260508/00/atmos/pgrb2sp25/{geavg,gespr}.t00z.pgrb2s.0p25.f{078,084,090,096,102}#statistic=max_t(geavg)+offset;offset_f=+0.0489;raw_f=56.7500;spread=gespr@f096;covered_leads=72-102"
LAX,KLAX,2026-05-11,2026-05-11T00:00:00Z,7,gefs,76.3969,1.2600,"s3://noaa-gefs-pds/gefs.20260511/00/atmos/pgrb2sp25/{geavg,gespr}.t00z.pgrb2s.0p25.f{012,018,024,030,033}#statistic=max_t(geavg)+offset;offset_f=+0.0269;raw_f=76.3700;spread=gespr@f024;covered_leads=6-33"
LAX,KLAX,2026-05-11,2026-05-10T00:00:00Z,31,gefs,78.7369,1.6200,"s3://noaa-gefs-pds/gefs.20260510/00/atmos/pgrb2sp25/{geavg,gespr}.t00z.pgrb2s.0p25.f{036,042,048,054,057}#statistic=max_t(geavg)+offset;offset_f=+0.0269;raw_f=78.7100;spread=gespr@f048;covered_leads=30-57"
LAX,KLAX,2026-05-11,2026-05-09T00:00:00Z,55,gefs,80.7169,2.1600,"s3://noaa-gefs-pds/gefs.20260509/00/atmos/pgrb2sp25/{geavg,gespr}.t00z.pgrb2s.0p25.f{060,066,072,078,081}#statistic=max_t(geavg)+offset;offset_f=+0.0269;raw_f=80.6900;spread=gespr@f072;covered_leads=54-81"
LAX,KLAX,2026-05-11,2026-05-08T00:00:00Z,79,gefs,80.3569,2.7000,"s3://noaa-gefs-pds/gefs.20260508/00/atmos/pgrb2sp25/{geavg,gespr}.t00z.pgrb2s.0p25.f{084,090,096,102,105}#statistic=max_t(geavg)+offset;offset_f=+0.0269;raw_f=80.3300;spread=gespr@f096;covered_leads=78-105"
MIA,KMIA,2026-05-11,2026-05-11T00:00:00Z,4,gefs,87.4049,0.7200,"s3://noaa-gefs-pds/gefs.20260511/00/atmos/pgrb2sp25/{geavg,gespr}.t00z.pgrb2s.0p25.f{006,012,018,024,030}#statistic=max_t(geavg)+offset;offset_f=+0.0549;raw_f=87.3500;spread=gespr@f024;covered_leads=0-30"
MIA,KMIA,2026-05-11,2026-05-10T00:00:00Z,28,gefs,86.3249,0.9000,"s3://noaa-gefs-pds/gefs.20260510/00/atmos/pgrb2sp25/{geavg,gespr}.t00z.pgrb2s.0p25.f{030,036,042,048,054}#statistic=max_t(geavg)+offset;offset_f=+0.0549;raw_f=86.2700;spread=gespr@f042;covered_leads=24-54"
MIA,KMIA,2026-05-11,2026-05-09T00:00:00Z,52,gefs,86.6849,1.0800,"s3://noaa-gefs-pds/gefs.20260509/00/atmos/pgrb2sp25/{geavg,gespr}.t00z.pgrb2s.0p25.f{054,060,066,072,078}#statistic=max_t(geavg)+offset;offset_f=+0.0549;raw_f=86.6300;spread=gespr@f072;covered_leads=48-78"
MIA,KMIA,2026-05-11,2026-05-08T00:00:00Z,76,gefs,87.5849,1.4400,"s3://noaa-gefs-pds/gefs.20260508/00/atmos/pgrb2sp25/{geavg,gespr}.t00z.pgrb2s.0p25.f{078,084,090,096,102}#statistic=max_t(geavg)+offset;offset_f=+0.0549;raw_f=87.5300;spread=gespr@f096;covered_leads=72-102"
NY,KNYC,2026-05-11,2026-05-11T00:00:00Z,4,gefs,64.5614,2.3400,"s3://noaa-gefs-pds/gefs.20260511/00/atmos/pgrb2sp25/{geavg,gespr}.t00z.pgrb2s.0p25.f{006,012,018,024,030}#statistic=max_t(geavg)+offset;offset_f=+0.2514;raw_f=64.3100;spread=gespr@f024;covered_leads=0-30"
NY,KNYC,2026-05-11,2026-05-10T00:00:00Z,28,gefs,67.8014,3.0600,"s3://noaa-gefs-pds/gefs.20260510/00/atmos/pgrb2sp25/{geavg,gespr}.t00z.pgrb2s.0p25.f{030,036,042,048,054}#statistic=max_t(geavg)+offset;offset_f=+0.2514;raw_f=67.5500;spread=gespr@f030;covered_leads=24-54"
NY,KNYC,2026-05-11,2026-05-09T00:00:00Z,52,gefs,67.6214,2.7000,"s3://noaa-gefs-pds/gefs.20260509/00/atmos/pgrb2sp25/{geavg,gespr}.t00z.pgrb2s.0p25.f{054,060,066,072,078}#statistic=max_t(geavg)+offset;offset_f=+0.2514;raw_f=67.3700;spread=gespr@f054;covered_leads=48-78"
NY,KNYC,2026-05-11,2026-05-08T00:00:00Z,76,gefs,67.9814,2.5200,"s3://noaa-gefs-pds/gefs.20260508/00/atmos/pgrb2sp25/{geavg,gespr}.t00z.pgrb2s.0p25.f{078,084,090,096,102}#statistic=max_t(geavg)+offset;offset_f=+0.2514;raw_f=67.7300;spread=gespr@f078;covered_leads=72-102"
CHI,KMDW,2026-05-12,2026-05-12T00:00:00Z,5,gefs,73.5389,1.6200,"s3://noaa-gefs-pds/gefs.20260512/00/atmos/pgrb2sp25/{geavg,gespr}.t00z.pgrb2s.0p25.f{006,012,018,024,030}#statistic=max_t(geavg)+offset;offset_f=+0.0489;raw_f=73.4900;spread=gespr@f024;covered_leads=0-30"
CHI,KMDW,2026-05-12,2026-05-11T00:00:00Z,29,gefs,71.5589,3.4200,"s3://noaa-gefs-pds/gefs.20260511/00/atmos/pgrb2sp25/{geavg,gespr}.t00z.pgrb2s.0p25.f{030,036,042,048,054}#statistic=max_t(geavg)+offset;offset_f=+0.0489;raw_f=71.5100;spread=gespr@f048;covered_leads=24-54"
CHI,KMDW,2026-05-12,2026-05-10T00:00:00Z,53,gefs,70.2989,2.5200,"s3://noaa-gefs-pds/gefs.20260510/00/atmos/pgrb2sp25/{geavg,gespr}.t00z.pgrb2s.0p25.f{054,060,066,072,078}#statistic=max_t(geavg)+offset;offset_f=+0.0489;raw_f=70.2500;spread=gespr@f072;covered_leads=48-78"
CHI,KMDW,2026-05-12,2026-05-09T00:00:00Z,77,gefs,66.1589,4.1400,"s3://noaa-gefs-pds/gefs.20260509/00/atmos/pgrb2sp25/{geavg,gespr}.t00z.pgrb2s.0p25.f{078,084,090,096,102}#statistic=max_t(geavg)+offset;offset_f=+0.0489;raw_f=66.1100;spread=gespr@f096;covered_leads=72-102"
LAX,KLAX,2026-05-12,2026-05-12T00:00:00Z,7,gefs,69.3769,0.7200,"s3://noaa-gefs-pds/gefs.20260512/00/atmos/pgrb2sp25/{geavg,gespr}.t00z.pgrb2s.0p25.f{012,018,024,030,033}#statistic=max_t(geavg)+offset;offset_f=+0.0269;raw_f=69.3500;spread=gespr@f024;covered_leads=6-33"
LAX,KLAX,2026-05-12,2026-05-11T00:00:00Z,31,gefs,70.6369,1.0800,"s3://noaa-gefs-pds/gefs.20260511/00/atmos/pgrb2sp25/{geavg,gespr}.t00z.pgrb2s.0p25.f{036,042,048,054,057}#statistic=max_t(geavg)+offset;offset_f=+0.0269;raw_f=70.6100;spread=gespr@f048;covered_leads=30-57"
LAX,KLAX,2026-05-12,2026-05-10T00:00:00Z,55,gefs,72.7969,1.2600,"s3://noaa-gefs-pds/gefs.20260510/00/atmos/pgrb2sp25/{geavg,gespr}.t00z.pgrb2s.0p25.f{060,066,072,078,081}#statistic=max_t(geavg)+offset;offset_f=+0.0269;raw_f=72.7700;spread=gespr@f072;covered_leads=54-81"
LAX,KLAX,2026-05-12,2026-05-09T00:00:00Z,79,gefs,74.2369,1.4400,"s3://noaa-gefs-pds/gefs.20260509/00/atmos/pgrb2sp25/{geavg,gespr}.t00z.pgrb2s.0p25.f{084,090,096,102,105}#statistic=max_t(geavg)+offset;offset_f=+0.0269;raw_f=74.2100;spread=gespr@f096;covered_leads=78-105"
MIA,KMIA,2026-05-12,2026-05-12T00:00:00Z,4,gefs,87.0449,0.7200,"s3://noaa-gefs-pds/gefs.20260512/00/atmos/pgrb2sp25/{geavg,gespr}.t00z.pgrb2s.0p25.f{006,012,018,024,030}#statistic=max_t(geavg)+offset;offset_f=+0.0549;raw_f=86.9900;spread=gespr@f024;covered_leads=0-30"
MIA,KMIA,2026-05-12,2026-05-11T00:00:00Z,28,gefs,87.0449,1.0800,"s3://noaa-gefs-pds/gefs.20260511/00/atmos/pgrb2sp25/{geavg,gespr}.t00z.pgrb2s.0p25.f{030,036,042,048,054}#statistic=max_t(geavg)+offset;offset_f=+0.0549;raw_f=86.9900;spread=gespr@f042;covered_leads=24-54"
MIA,KMIA,2026-05-12,2026-05-10T00:00:00Z,52,gefs,87.4049,1.8000,"s3://noaa-gefs-pds/gefs.20260510/00/atmos/pgrb2sp25/{geavg,gespr}.t00z.pgrb2s.0p25.f{054,060,066,072,078}#statistic=max_t(geavg)+offset;offset_f=+0.0549;raw_f=87.3500;spread=gespr@f072;covered_leads=48-78"
MIA,KMIA,2026-05-12,2026-05-09T00:00:00Z,76,gefs,88.3049,1.8000,"s3://noaa-gefs-pds/gefs.20260509/00/atmos/pgrb2sp25/{geavg,gespr}.t00z.pgrb2s.0p25.f{078,084,090,096,102}#statistic=max_t(geavg)+offset;offset_f=+0.0549;raw_f=88.2500;spread=gespr@f096;covered_leads=72-102"
NY,KNYC,2026-05-12,2026-05-12T00:00:00Z,4,gefs,66.7214,1.9800,"s3://noaa-gefs-pds/gefs.20260512/00/atmos/pgrb2sp25/{geavg,gespr}.t00z.pgrb2s.0p25.f{006,012,018,024,030}#statistic=max_t(geavg)+offset;offset_f=+0.2514;raw_f=66.4700;spread=gespr@f024;covered_leads=0-30"
NY,KNYC,2026-05-12,2026-05-11T00:00:00Z,28,gefs,67.8014,1.9800,"s3://noaa-gefs-pds/gefs.20260511/00/atmos/pgrb2sp25/{geavg,gespr}.t00z.pgrb2s.0p25.f{030,036,042,048,054}#statistic=max_t(geavg)+offset;offset_f=+0.2514;raw_f=67.5500;spread=gespr@f048;covered_leads=24-54"
NY,KNYC,2026-05-12,2026-05-10T00:00:00Z,52,gefs,68.3414,2.8800,"s3://noaa-gefs-pds/gefs.20260510/00/atmos/pgrb2sp25/{geavg,gespr}.t00z.pgrb2s.0p25.f{054,060,066,072,078}#statistic=max_t(geavg)+offset;offset_f=+0.2514;raw_f=68.0900;spread=gespr@f072;covered_leads=48-78"
NY,KNYC,2026-05-12,2026-05-09T00:00:00Z,76,gefs,67.4414,2.3400,"s3://noaa-gefs-pds/gefs.20260509/00/atmos/pgrb2sp25/{geavg,gespr}.t00z.pgrb2s.0p25.f{078,084,090,096,102}#statistic=max_t(geavg)+offset;offset_f=+0.2514;raw_f=67.1900;spread=gespr@f096;covered_leads=72-102"
CHI,KMDW,2026-05-13,2026-05-13T00:00:00Z,5,gefs,65.2589,0.5400,"s3://noaa-gefs-pds/gefs.20260513/00/atmos/pgrb2sp25/{geavg,gespr}.t00z.pgrb2s.0p25.f{006,012,018,024,030}#statistic=max_t(geavg)+offset;offset_f=+0.0489;raw_f=65.2100;spread=gespr@f006;covered_leads=0-30"
CHI,KMDW,2026-05-13,2026-05-12T00:00:00Z,29,gefs,68.8589,1.0800,"s3://noaa-gefs-pds/gefs.20260512/00/atmos/pgrb2sp25/{geavg,gespr}.t00z.pgrb2s.0p25.f{030,036,042,048,054}#statistic=max_t(geavg)+offset;offset_f=+0.0489;raw_f=68.8100;spread=gespr@f030;covered_leads=24-54"
CHI,KMDW,2026-05-13,2026-05-11T00:00:00Z,53,gefs,67.4189,1.9800,"s3://noaa-gefs-pds/gefs.20260511/00/atmos/pgrb2sp25/{geavg,gespr}.t00z.pgrb2s.0p25.f{054,060,066,072,078}#statistic=max_t(geavg)+offset;offset_f=+0.0489;raw_f=67.3700;spread=gespr@f054;covered_leads=48-78"
CHI,KMDW,2026-05-13,2026-05-10T00:00:00Z,77,gefs,66.1589,1.9800,"s3://noaa-gefs-pds/gefs.20260510/00/atmos/pgrb2sp25/{geavg,gespr}.t00z.pgrb2s.0p25.f{078,084,090,096,102}#statistic=max_t(geavg)+offset;offset_f=+0.0489;raw_f=66.1100;spread=gespr@f078;covered_leads=72-102"
LAX,KLAX,2026-05-13,2026-05-13T00:00:00Z,7,gefs,66.3169,0.7200,"s3://noaa-gefs-pds/gefs.20260513/00/atmos/pgrb2sp25/{geavg,gespr}.t00z.pgrb2s.0p25.f{012,018,024,030,033}#statistic=max_t(geavg)+offset;offset_f=+0.0269;raw_f=66.2900;spread=gespr@f024;covered_leads=6-33"
LAX,KLAX,2026-05-13,2026-05-12T00:00:00Z,31,gefs,66.1369,0.9000,"s3://noaa-gefs-pds/gefs.20260512/00/atmos/pgrb2sp25/{geavg,gespr}.t00z.pgrb2s.0p25.f{036,042,048,054,057}#statistic=max_t(geavg)+offset;offset_f=+0.0269;raw_f=66.1100;spread=gespr@f048;covered_leads=30-57"
LAX,KLAX,2026-05-13,2026-05-11T00:00:00Z,55,gefs,67.3969,1.6200,"s3://noaa-gefs-pds/gefs.20260511/00/atmos/pgrb2sp25/{geavg,gespr}.t00z.pgrb2s.0p25.f{060,066,072,078,081}#statistic=max_t(geavg)+offset;offset_f=+0.0269;raw_f=67.3700;spread=gespr@f072;covered_leads=54-81"
LAX,KLAX,2026-05-13,2026-05-10T00:00:00Z,79,gefs,70.6369,2.1600,"s3://noaa-gefs-pds/gefs.20260510/00/atmos/pgrb2sp25/{geavg,gespr}.t00z.pgrb2s.0p25.f{084,090,096,102,105}#statistic=max_t(geavg)+offset;offset_f=+0.0269;raw_f=70.6100;spread=gespr@f096;covered_leads=78-105"
MIA,KMIA,2026-05-13,2026-05-13T00:00:00Z,4,gefs,90.2849,0.7200,"s3://noaa-gefs-pds/gefs.20260513/00/atmos/pgrb2sp25/{geavg,gespr}.t00z.pgrb2s.0p25.f{006,012,018,024,030}#statistic=max_t(geavg)+offset;offset_f=+0.0549;raw_f=90.2300;spread=gespr@f024;covered_leads=0-30"
MIA,KMIA,2026-05-13,2026-05-12T00:00:00Z,28,gefs,90.1049,0.9000,"s3://noaa-gefs-pds/gefs.20260512/00/atmos/pgrb2sp25/{geavg,gespr}.t00z.pgrb2s.0p25.f{030,036,042,048,054}#statistic=max_t(geavg)+offset;offset_f=+0.0549;raw_f=90.0500;spread=gespr@f048;covered_leads=24-54"
MIA,KMIA,2026-05-13,2026-05-11T00:00:00Z,52,gefs,86.1449,1.2600,"s3://noaa-gefs-pds/gefs.20260511/00/atmos/pgrb2sp25/{geavg,gespr}.t00z.pgrb2s.0p25.f{054,060,066,072,078}#statistic=max_t(geavg)+offset;offset_f=+0.0549;raw_f=86.0900;spread=gespr@f072;covered_leads=48-78"
MIA,KMIA,2026-05-13,2026-05-10T00:00:00Z,76,gefs,86.8649,1.4400,"s3://noaa-gefs-pds/gefs.20260510/00/atmos/pgrb2sp25/{geavg,gespr}.t00z.pgrb2s.0p25.f{078,084,090,096,102}#statistic=max_t(geavg)+offset;offset_f=+0.0549;raw_f=86.8100;spread=gespr@f096;covered_leads=72-102"
NY,KNYC,2026-05-13,2026-05-13T00:00:00Z,4,gefs,72.1214,1.2600,"s3://noaa-gefs-pds/gefs.20260513/00/atmos/pgrb2sp25/{geavg,gespr}.t00z.pgrb2s.0p25.f{006,012,018,024,030}#statistic=max_t(geavg)+offset;offset_f=+0.2514;raw_f=71.8700;spread=gespr@f018;covered_leads=0-30"
NY,KNYC,2026-05-13,2026-05-12T00:00:00Z,28,gefs,70.8614,1.6200,"s3://noaa-gefs-pds/gefs.20260512/00/atmos/pgrb2sp25/{geavg,gespr}.t00z.pgrb2s.0p25.f{030,036,042,048,054}#statistic=max_t(geavg)+offset;offset_f=+0.2514;raw_f=70.6100;spread=gespr@f048;covered_leads=24-54"
NY,KNYC,2026-05-13,2026-05-11T00:00:00Z,52,gefs,66.3614,3.6000,"s3://noaa-gefs-pds/gefs.20260511/00/atmos/pgrb2sp25/{geavg,gespr}.t00z.pgrb2s.0p25.f{054,060,066,072,078}#statistic=max_t(geavg)+offset;offset_f=+0.2514;raw_f=66.1100;spread=gespr@f072;covered_leads=48-78"
NY,KNYC,2026-05-13,2026-05-10T00:00:00Z,76,gefs,61.8614,3.6000,"s3://noaa-gefs-pds/gefs.20260510/00/atmos/pgrb2sp25/{geavg,gespr}.t00z.pgrb2s.0p25.f{078,084,090,096,102}#statistic=max_t(geavg)+offset;offset_f=+0.2514;raw_f=61.6100;spread=gespr@f090;covered_leads=72-102"
CHI,KMDW,2026-05-14,2026-05-14T00:00:00Z,5,gefs,66.8789,1.8000,"s3://noaa-gefs-pds/gefs.20260514/00/atmos/pgrb2sp25/{geavg,gespr}.t00z.pgrb2s.0p25.f{006,012,018,024,030}#statistic=max_t(geavg)+offset;offset_f=+0.0489;raw_f=66.8300;spread=gespr@f024;covered_leads=0-30"
CHI,KMDW,2026-05-14,2026-05-13T00:00:00Z,29,gefs,65.0789,2.2680,"s3://noaa-gefs-pds/gefs.20260513/00/atmos/pgrb2sp25/{geavg,gespr}.t00z.pgrb2s.0p25.f{030,036,042,048,054}#statistic=max_t(geavg)+offset;offset_f=+0.0489;raw_f=65.0300;spread=gespr@f048;covered_leads=24-54"
CHI,KMDW,2026-05-14,2026-05-12T00:00:00Z,53,gefs,62.4509,2.6460,"s3://noaa-gefs-pds/gefs.20260512/00/atmos/pgrb2sp25/{geavg,gespr}.t00z.pgrb2s.0p25.f{054,060,066,072,078}#statistic=max_t(geavg)+offset;offset_f=+0.0489;raw_f=62.4020;spread=gespr@f072;covered_leads=48-78"
CHI,KMDW,2026-05-14,2026-05-11T00:00:00Z,77,gefs,59.6789,2.8800,"s3://noaa-gefs-pds/gefs.20260511/00/atmos/pgrb2sp25/{geavg,gespr}.t00z.pgrb2s.0p25.f{078,084,090,096,102}#statistic=max_t(geavg)+offset;offset_f=+0.0489;raw_f=59.6300;spread=gespr@f096;covered_leads=72-102"
LAX,KLAX,2026-05-14,2026-05-14T00:00:00Z,7,gefs,69.1249,0.4860,"s3://noaa-gefs-pds/gefs.20260514/00/atmos/pgrb2sp25/{geavg,gespr}.t00z.pgrb2s.0p25.f{012,018,024,030,033}#statistic=max_t(geavg)+offset;offset_f=+0.0269;raw_f=69.0980;spread=gespr@f024;covered_leads=6-33"
LAX,KLAX,2026-05-14,2026-05-13T00:00:00Z,31,gefs,68.9089,0.7200,"s3://noaa-gefs-pds/gefs.20260513/00/atmos/pgrb2sp25/{geavg,gespr}.t00z.pgrb2s.0p25.f{036,042,048,054,057}#statistic=max_t(geavg)+offset;offset_f=+0.0269;raw_f=68.8820;spread=gespr@f048;covered_leads=30-57"
LAX,KLAX,2026-05-14,2026-05-12T00:00:00Z,55,gefs,69.5749,0.9720,"s3://noaa-gefs-pds/gefs.20260512/00/atmos/pgrb2sp25/{geavg,gespr}.t00z.pgrb2s.0p25.f{060,066,072,078,081}#statistic=max_t(geavg)+offset;offset_f=+0.0269;raw_f=69.5480;spread=gespr@f072;covered_leads=54-81"
LAX,KLAX,2026-05-14,2026-05-11T00:00:00Z,79,gefs,69.1969,2.1600,"s3://noaa-gefs-pds/gefs.20260511/00/atmos/pgrb2sp25/{geavg,gespr}.t00z.pgrb2s.0p25.f{084,090,096,102,105}#statistic=max_t(geavg)+offset;offset_f=+0.0269;raw_f=69.1700;spread=gespr@f096;covered_leads=78-105"
MIA,KMIA,2026-05-14,2026-05-14T00:00:00Z,4,gefs,90.3389,1.8720,"s3://noaa-gefs-pds/gefs.20260514/00/atmos/pgrb2sp25/{geavg,gespr}.t00z.pgrb2s.0p25.f{006,012,018,024,030}#statistic=max_t(geavg)+offset;offset_f=+0.0549;raw_f=90.2840;spread=gespr@f024;covered_leads=0-30"
MIA,KMIA,2026-05-14,2026-05-13T00:00:00Z,28,gefs,89.7269,1.8180,"s3://noaa-gefs-pds/gefs.20260513/00/atmos/pgrb2sp25/{geavg,gespr}.t00z.pgrb2s.0p25.f{030,036,042,048,054}#statistic=max_t(geavg)+offset;offset_f=+0.0549;raw_f=89.6720;spread=gespr@f048;covered_leads=24-54"
MIA,KMIA,2026-05-14,2026-05-12T00:00:00Z,52,gefs,89.0969,1.9440,"s3://noaa-gefs-pds/gefs.20260512/00/atmos/pgrb2sp25/{geavg,gespr}.t00z.pgrb2s.0p25.f{054,060,066,072,078}#statistic=max_t(geavg)+offset;offset_f=+0.0549;raw_f=89.0420;spread=gespr@f072;covered_leads=48-78"
MIA,KMIA,2026-05-14,2026-05-11T00:00:00Z,76,gefs,89.0249,1.6200,"s3://noaa-gefs-pds/gefs.20260511/00/atmos/pgrb2sp25/{geavg,gespr}.t00z.pgrb2s.0p25.f{078,084,090,096,102}#statistic=max_t(geavg)+offset;offset_f=+0.0549;raw_f=88.9700;spread=gespr@f096;covered_leads=72-102"
NY,KNYC,2026-05-14,2026-05-14T00:00:00Z,4,gefs,63.8234,3.4380,"s3://noaa-gefs-pds/gefs.20260514/00/atmos/pgrb2sp25/{geavg,gespr}.t00z.pgrb2s.0p25.f{006,012,018,024,030}#statistic=max_t(geavg)+offset;offset_f=+0.2514;raw_f=63.5720;spread=gespr@f024;covered_leads=0-30"
NY,KNYC,2026-05-14,2026-05-13T00:00:00Z,28,gefs,67.8374,3.2040,"s3://noaa-gefs-pds/gefs.20260513/00/atmos/pgrb2sp25/{geavg,gespr}.t00z.pgrb2s.0p25.f{030,036,042,048,054}#statistic=max_t(geavg)+offset;offset_f=+0.2514;raw_f=67.5860;spread=gespr@f048;covered_leads=24-54"
NY,KNYC,2026-05-14,2026-05-12T00:00:00Z,52,gefs,66.6494,3.6540,"s3://noaa-gefs-pds/gefs.20260512/00/atmos/pgrb2sp25/{geavg,gespr}.t00z.pgrb2s.0p25.f{054,060,066,072,078}#statistic=max_t(geavg)+offset;offset_f=+0.2514;raw_f=66.3980;spread=gespr@f072;covered_leads=48-78"
NY,KNYC,2026-05-14,2026-05-11T00:00:00Z,76,gefs,66.3614,3.9600,"s3://noaa-gefs-pds/gefs.20260511/00/atmos/pgrb2sp25/{geavg,gespr}.t00z.pgrb2s.0p25.f{078,084,090,096,102}#statistic=max_t(geavg)+offset;offset_f=+0.2514;raw_f=66.1100;spread=gespr@f096;covered_leads=72-102"
CHI,KMDW,2026-05-15,2026-05-15T00:00:00Z,5,gefs,70.4069,2.0160,"s3://noaa-gefs-pds/gefs.20260515/00/atmos/pgrb2sp25/{geavg,gespr}.t00z.pgrb2s.0p25.f{006,012,018,024,030}#statistic=max_t(geavg)+offset;offset_f=+0.0489;raw_f=70.3580;spread=gespr@f024;covered_leads=0-30"
CHI,KMDW,2026-05-15,2026-05-14T00:00:00Z,29,gefs,68.5889,3.1320,"s3://noaa-gefs-pds/gefs.20260514/00/atmos/pgrb2sp25/{geavg,gespr}.t00z.pgrb2s.0p25.f{030,036,042,048,054}#statistic=max_t(geavg)+offset;offset_f=+0.0489;raw_f=68.5400;spread=gespr@f048;covered_leads=24-54"
CHI,KMDW,2026-05-15,2026-05-13T00:00:00Z,53,gefs,69.6149,4.4280,"s3://noaa-gefs-pds/gefs.20260513/00/atmos/pgrb2sp25/{geavg,gespr}.t00z.pgrb2s.0p25.f{054,060,066,072,078}#statistic=max_t(geavg)+offset;offset_f=+0.0489;raw_f=69.5660;spread=gespr@f072;covered_leads=48-78"
CHI,KMDW,2026-05-15,2026-05-12T00:00:00Z,77,gefs,70.9829,5.5080,"s3://noaa-gefs-pds/gefs.20260512/00/atmos/pgrb2sp25/{geavg,gespr}.t00z.pgrb2s.0p25.f{078,084,090,096,102}#statistic=max_t(geavg)+offset;offset_f=+0.0489;raw_f=70.9340;spread=gespr@f096;covered_leads=72-102"
LAX,KLAX,2026-05-15,2026-05-15T00:00:00Z,7,gefs,68.0269,0.7740,"s3://noaa-gefs-pds/gefs.20260515/00/atmos/pgrb2sp25/{geavg,gespr}.t00z.pgrb2s.0p25.f{012,018,024,030,033}#statistic=max_t(geavg)+offset;offset_f=+0.0269;raw_f=68.0000;spread=gespr@f024;covered_leads=6-33"
LAX,KLAX,2026-05-15,2026-05-14T00:00:00Z,31,gefs,69.6649,1.1340,"s3://noaa-gefs-pds/gefs.20260514/00/atmos/pgrb2sp25/{geavg,gespr}.t00z.pgrb2s.0p25.f{036,042,048,054,057}#statistic=max_t(geavg)+offset;offset_f=+0.0269;raw_f=69.6380;spread=gespr@f048;covered_leads=30-57"
LAX,KLAX,2026-05-15,2026-05-13T00:00:00Z,55,gefs,68.6569,2.0880,"s3://noaa-gefs-pds/gefs.20260513/00/atmos/pgrb2sp25/{geavg,gespr}.t00z.pgrb2s.0p25.f{060,066,072,078,081}#statistic=max_t(geavg)+offset;offset_f=+0.0269;raw_f=68.6300;spread=gespr@f072;covered_leads=54-81"
LAX,KLAX,2026-05-15,2026-05-12T00:00:00Z,79,gefs,69.8809,2.2680,"s3://noaa-gefs-pds/gefs.20260512/00/atmos/pgrb2sp25/{geavg,gespr}.t00z.pgrb2s.0p25.f{084,090,096,102,105}#statistic=max_t(geavg)+offset;offset_f=+0.0269;raw_f=69.8540;spread=gespr@f096;covered_leads=78-105"
MIA,KMIA,2026-05-15,2026-05-15T00:00:00Z,4,gefs,87.8009,1.0260,"s3://noaa-gefs-pds/gefs.20260515/00/atmos/pgrb2sp25/{geavg,gespr}.t00z.pgrb2s.0p25.f{006,012,018,024,030}#statistic=max_t(geavg)+offset;offset_f=+0.0549;raw_f=87.7460;spread=gespr@f024;covered_leads=0-30"
MIA,KMIA,2026-05-15,2026-05-14T00:00:00Z,28,gefs,87.0449,1.6740,"s3://noaa-gefs-pds/gefs.20260514/00/atmos/pgrb2sp25/{geavg,gespr}.t00z.pgrb2s.0p25.f{030,036,042,048,054}#statistic=max_t(geavg)+offset;offset_f=+0.0549;raw_f=86.9900;spread=gespr@f048;covered_leads=24-54"
MIA,KMIA,2026-05-15,2026-05-13T00:00:00Z,52,gefs,87.4589,1.9440,"s3://noaa-gefs-pds/gefs.20260513/00/atmos/pgrb2sp25/{geavg,gespr}.t00z.pgrb2s.0p25.f{054,060,066,072,078}#statistic=max_t(geavg)+offset;offset_f=+0.0549;raw_f=87.4040;spread=gespr@f072;covered_leads=48-78"
MIA,KMIA,2026-05-15,2026-05-12T00:00:00Z,76,gefs,86.1269,2.3940,"s3://noaa-gefs-pds/gefs.20260512/00/atmos/pgrb2sp25/{geavg,gespr}.t00z.pgrb2s.0p25.f{078,084,090,096,102}#statistic=max_t(geavg)+offset;offset_f=+0.0549;raw_f=86.0720;spread=gespr@f096;covered_leads=72-102"
NY,KNYC,2026-05-15,2026-05-15T00:00:00Z,4,gefs,68.4854,1.3140,"s3://noaa-gefs-pds/gefs.20260515/00/atmos/pgrb2sp25/{geavg,gespr}.t00z.pgrb2s.0p25.f{006,012,018,024,030}#statistic=max_t(geavg)+offset;offset_f=+0.2514;raw_f=68.2340;spread=gespr@f024;covered_leads=0-30"
NY,KNYC,2026-05-15,2026-05-14T00:00:00Z,28,gefs,66.9194,2.6100,"s3://noaa-gefs-pds/gefs.20260514/00/atmos/pgrb2sp25/{geavg,gespr}.t00z.pgrb2s.0p25.f{030,036,042,048,054}#statistic=max_t(geavg)+offset;offset_f=+0.2514;raw_f=66.6680;spread=gespr@f048;covered_leads=24-54"
NY,KNYC,2026-05-15,2026-05-13T00:00:00Z,52,gefs,68.4674,2.9520,"s3://noaa-gefs-pds/gefs.20260513/00/atmos/pgrb2sp25/{geavg,gespr}.t00z.pgrb2s.0p25.f{054,060,066,072,078}#statistic=max_t(geavg)+offset;offset_f=+0.2514;raw_f=68.2160;spread=gespr@f072;covered_leads=48-78"
NY,KNYC,2026-05-15,2026-05-12T00:00:00Z,76,gefs,69.4034,3.4560,"s3://noaa-gefs-pds/gefs.20260512/00/atmos/pgrb2sp25/{geavg,gespr}.t00z.pgrb2s.0p25.f{078,084,090,096,102}#statistic=max_t(geavg)+offset;offset_f=+0.2514;raw_f=69.1520;spread=gespr@f096;covered_leads=72-102"
CHI,KMDW,2026-05-16,2026-05-16T00:00:00Z,5,gefs,82.7549,1.7640,"s3://noaa-gefs-pds/gefs.20260516/00/atmos/pgrb2sp25/{geavg,gespr}.t00z.pgrb2s.0p25.f{006,012,018,024,030}#statistic=max_t(geavg)+offset;offset_f=+0.0489;raw_f=82.7060;spread=gespr@f024;covered_leads=0-30"
CHI,KMDW,2026-05-16,2026-05-15T00:00:00Z,29,gefs,78.2189,3.6000,"s3://noaa-gefs-pds/gefs.20260515/00/atmos/pgrb2sp25/{geavg,gespr}.t00z.pgrb2s.0p25.f{030,036,042,048,054}#statistic=max_t(geavg)+offset;offset_f=+0.0489;raw_f=78.1700;spread=gespr@f048;covered_leads=24-54"
CHI,KMDW,2026-05-16,2026-05-14T00:00:00Z,53,gefs,79.8389,3.2400,"s3://noaa-gefs-pds/gefs.20260514/00/atmos/pgrb2sp25/{geavg,gespr}.t00z.pgrb2s.0p25.f{054,060,066,072,078}#statistic=max_t(geavg)+offset;offset_f=+0.0489;raw_f=79.7900;spread=gespr@f072;covered_leads=48-78"
CHI,KMDW,2026-05-16,2026-05-13T00:00:00Z,77,gefs,80.0189,3.7800,"s3://noaa-gefs-pds/gefs.20260513/00/atmos/pgrb2sp25/{geavg,gespr}.t00z.pgrb2s.0p25.f{078,084,090,096,102}#statistic=max_t(geavg)+offset;offset_f=+0.0489;raw_f=79.9700;spread=gespr@f096;covered_leads=72-102"
LAX,KLAX,2026-05-16,2026-05-16T00:00:00Z,7,gefs,67.4689,0.8460,"s3://noaa-gefs-pds/gefs.20260516/00/atmos/pgrb2sp25/{geavg,gespr}.t00z.pgrb2s.0p25.f{012,018,024,030,033}#statistic=max_t(geavg)+offset;offset_f=+0.0269;raw_f=67.4420;spread=gespr@f024;covered_leads=6-33"
LAX,KLAX,2026-05-16,2026-05-15T00:00:00Z,31,gefs,68.6569,1.2600,"s3://noaa-gefs-pds/gefs.20260515/00/atmos/pgrb2sp25/{geavg,gespr}.t00z.pgrb2s.0p25.f{036,042,048,054,057}#statistic=max_t(geavg)+offset;offset_f=+0.0269;raw_f=68.6300;spread=gespr@f048;covered_leads=30-57"
LAX,KLAX,2026-05-16,2026-05-14T00:00:00Z,55,gefs,69.5569,0.9000,"s3://noaa-gefs-pds/gefs.20260514/00/atmos/pgrb2sp25/{geavg,gespr}.t00z.pgrb2s.0p25.f{060,066,072,078,081}#statistic=max_t(geavg)+offset;offset_f=+0.0269;raw_f=69.5300;spread=gespr@f072;covered_leads=54-81"
LAX,KLAX,2026-05-16,2026-05-13T00:00:00Z,79,gefs,70.2769,1.4400,"s3://noaa-gefs-pds/gefs.20260513/00/atmos/pgrb2sp25/{geavg,gespr}.t00z.pgrb2s.0p25.f{084,090,096,102,105}#statistic=max_t(geavg)+offset;offset_f=+0.0269;raw_f=70.2500;spread=gespr@f096;covered_leads=78-105"
MIA,KMIA,2026-05-16,2026-05-16T00:00:00Z,4,gefs,85.9649,0.7200,"s3://noaa-gefs-pds/gefs.20260516/00/atmos/pgrb2sp25/{geavg,gespr}.t00z.pgrb2s.0p25.f{006,012,018,024,030}#statistic=max_t(geavg)+offset;offset_f=+0.0549;raw_f=85.9100;spread=gespr@f018;covered_leads=0-30"
MIA,KMIA,2026-05-16,2026-05-15T00:00:00Z,28,gefs,86.1449,1.0800,"s3://noaa-gefs-pds/gefs.20260515/00/atmos/pgrb2sp25/{geavg,gespr}.t00z.pgrb2s.0p25.f{030,036,042,048,054}#statistic=max_t(geavg)+offset;offset_f=+0.0549;raw_f=86.0900;spread=gespr@f048;covered_leads=24-54"
MIA,KMIA,2026-05-16,2026-05-14T00:00:00Z,52,gefs,85.7849,1.6200,"s3://noaa-gefs-pds/gefs.20260514/00/atmos/pgrb2sp25/{geavg,gespr}.t00z.pgrb2s.0p25.f{054,060,066,072,078}#statistic=max_t(geavg)+offset;offset_f=+0.0549;raw_f=85.7300;spread=gespr@f066;covered_leads=48-78"
MIA,KMIA,2026-05-16,2026-05-13T00:00:00Z,76,gefs,86.8649,1.6200,"s3://noaa-gefs-pds/gefs.20260513/00/atmos/pgrb2sp25/{geavg,gespr}.t00z.pgrb2s.0p25.f{078,084,090,096,102}#statistic=max_t(geavg)+offset;offset_f=+0.0549;raw_f=86.8100;spread=gespr@f096;covered_leads=72-102"
NY,KNYC,2026-05-16,2026-05-16T00:00:00Z,4,gefs,79.4114,1.2600,"s3://noaa-gefs-pds/gefs.20260516/00/atmos/pgrb2sp25/{geavg,gespr}.t00z.pgrb2s.0p25.f{006,012,018,024,030}#statistic=max_t(geavg)+offset;offset_f=+0.2514;raw_f=79.1600;spread=gespr@f024;covered_leads=0-30"
NY,KNYC,2026-05-16,2026-05-15T00:00:00Z,28,gefs,78.7814,1.2600,"s3://noaa-gefs-pds/gefs.20260515/00/atmos/pgrb2sp25/{geavg,gespr}.t00z.pgrb2s.0p25.f{030,036,042,048,054}#statistic=max_t(geavg)+offset;offset_f=+0.2514;raw_f=78.5300;spread=gespr@f048;covered_leads=24-54"
NY,KNYC,2026-05-16,2026-05-14T00:00:00Z,52,gefs,77.7014,1.8000,"s3://noaa-gefs-pds/gefs.20260514/00/atmos/pgrb2sp25/{geavg,gespr}.t00z.pgrb2s.0p25.f{054,060,066,072,078}#statistic=max_t(geavg)+offset;offset_f=+0.2514;raw_f=77.4500;spread=gespr@f072;covered_leads=48-78"
NY,KNYC,2026-05-16,2026-05-13T00:00:00Z,76,gefs,78.4214,3.0600,"s3://noaa-gefs-pds/gefs.20260513/00/atmos/pgrb2sp25/{geavg,gespr}.t00z.pgrb2s.0p25.f{078,084,090,096,102}#statistic=max_t(geavg)+offset;offset_f=+0.2514;raw_f=78.1700;spread=gespr@f096;covered_leads=72-102"
CHI,KMDW,2026-05-17,2026-05-17T00:00:00Z,5,gefs,82.1789,1.8000,"s3://noaa-gefs-pds/gefs.20260517/00/atmos/pgrb2sp25/{geavg,gespr}.t00z.pgrb2s.0p25.f{006,012,018,024,030}#statistic=max_t(geavg)+offset;offset_f=+0.0489;raw_f=82.1300;spread=gespr@f024;covered_leads=0-30"
CHI,KMDW,2026-05-17,2026-05-16T00:00:00Z,29,gefs,82.1789,2.3400,"s3://noaa-gefs-pds/gefs.20260516/00/atmos/pgrb2sp25/{geavg,gespr}.t00z.pgrb2s.0p25.f{030,036,042,048,054}#statistic=max_t(geavg)+offset;offset_f=+0.0489;raw_f=82.1300;spread=gespr@f048;covered_leads=24-54"
CHI,KMDW,2026-05-17,2026-05-15T00:00:00Z,53,gefs,80.5589,3.7800,"s3://noaa-gefs-pds/gefs.20260515/00/atmos/pgrb2sp25/{geavg,gespr}.t00z.pgrb2s.0p25.f{054,060,066,072,078}#statistic=max_t(geavg)+offset;offset_f=+0.0489;raw_f=80.5100;spread=gespr@f072;covered_leads=48-78"
CHI,KMDW,2026-05-17,2026-05-14T00:00:00Z,77,gefs,80.7389,5.0400,"s3://noaa-gefs-pds/gefs.20260514/00/atmos/pgrb2sp25/{geavg,gespr}.t00z.pgrb2s.0p25.f{078,084,090,096,102}#statistic=max_t(geavg)+offset;offset_f=+0.0489;raw_f=80.6900;spread=gespr@f096;covered_leads=72-102"
LAX,KLAX,2026-05-17,2026-05-17T00:00:00Z,7,gefs,67.5769,0.9000,"s3://noaa-gefs-pds/gefs.20260517/00/atmos/pgrb2sp25/{geavg,gespr}.t00z.pgrb2s.0p25.f{012,018,024,030,033}#statistic=max_t(geavg)+offset;offset_f=+0.0269;raw_f=67.5500;spread=gespr@f024;covered_leads=6-33"
LAX,KLAX,2026-05-17,2026-05-16T00:00:00Z,31,gefs,68.4769,0.9000,"s3://noaa-gefs-pds/gefs.20260516/00/atmos/pgrb2sp25/{geavg,gespr}.t00z.pgrb2s.0p25.f{036,042,048,054,057}#statistic=max_t(geavg)+offset;offset_f=+0.0269;raw_f=68.4500;spread=gespr@f048;covered_leads=30-57"
LAX,KLAX,2026-05-17,2026-05-15T00:00:00Z,55,gefs,69.3769,1.0800,"s3://noaa-gefs-pds/gefs.20260515/00/atmos/pgrb2sp25/{geavg,gespr}.t00z.pgrb2s.0p25.f{060,066,072,078,081}#statistic=max_t(geavg)+offset;offset_f=+0.0269;raw_f=69.3500;spread=gespr@f072;covered_leads=54-81"
LAX,KLAX,2026-05-17,2026-05-14T00:00:00Z,79,gefs,69.9169,1.4400,"s3://noaa-gefs-pds/gefs.20260514/00/atmos/pgrb2sp25/{geavg,gespr}.t00z.pgrb2s.0p25.f{084,090,096,102,105}#statistic=max_t(geavg)+offset;offset_f=+0.0269;raw_f=69.8900;spread=gespr@f096;covered_leads=78-105"
MIA,KMIA,2026-05-17,2026-05-17T00:00:00Z,4,gefs,84.8849,0.7200,"s3://noaa-gefs-pds/gefs.20260517/00/atmos/pgrb2sp25/{geavg,gespr}.t00z.pgrb2s.0p25.f{006,012,018,024,030}#statistic=max_t(geavg)+offset;offset_f=+0.0549;raw_f=84.8300;spread=gespr@f024;covered_leads=0-30"
MIA,KMIA,2026-05-17,2026-05-16T00:00:00Z,28,gefs,85.2449,0.7200,"s3://noaa-gefs-pds/gefs.20260516/00/atmos/pgrb2sp25/{geavg,gespr}.t00z.pgrb2s.0p25.f{030,036,042,048,054}#statistic=max_t(geavg)+offset;offset_f=+0.0549;raw_f=85.1900;spread=gespr@f048;covered_leads=24-54"
MIA,KMIA,2026-05-17,2026-05-15T00:00:00Z,52,gefs,85.4249,0.9000,"s3://noaa-gefs-pds/gefs.20260515/00/atmos/pgrb2sp25/{geavg,gespr}.t00z.pgrb2s.0p25.f{054,060,066,072,078}#statistic=max_t(geavg)+offset;offset_f=+0.0549;raw_f=85.3700;spread=gespr@f072;covered_leads=48-78"
MIA,KMIA,2026-05-17,2026-05-14T00:00:00Z,76,gefs,85.0649,1.2600,"s3://noaa-gefs-pds/gefs.20260514/00/atmos/pgrb2sp25/{geavg,gespr}.t00z.pgrb2s.0p25.f{078,084,090,096,102}#statistic=max_t(geavg)+offset;offset_f=+0.0549;raw_f=85.0100;spread=gespr@f096;covered_leads=72-102"
NY,KNYC,2026-05-17,2026-05-17T00:00:00Z,4,gefs,87.6014,1.8000,"s3://noaa-gefs-pds/gefs.20260517/00/atmos/pgrb2sp25/{geavg,gespr}.t00z.pgrb2s.0p25.f{006,012,018,024,030}#statistic=max_t(geavg)+offset;offset_f=+0.2514;raw_f=87.3500;spread=gespr@f024;covered_leads=0-30"
NY,KNYC,2026-05-17,2026-05-16T00:00:00Z,28,gefs,87.2414,1.6200,"s3://noaa-gefs-pds/gefs.20260516/00/atmos/pgrb2sp25/{geavg,gespr}.t00z.pgrb2s.0p25.f{030,036,042,048,054}#statistic=max_t(geavg)+offset;offset_f=+0.2514;raw_f=86.9900;spread=gespr@f048;covered_leads=24-54"
NY,KNYC,2026-05-17,2026-05-15T00:00:00Z,52,gefs,83.2814,3.9600,"s3://noaa-gefs-pds/gefs.20260515/00/atmos/pgrb2sp25/{geavg,gespr}.t00z.pgrb2s.0p25.f{054,060,066,072,078}#statistic=max_t(geavg)+offset;offset_f=+0.2514;raw_f=83.0300;spread=gespr@f072;covered_leads=48-78"
NY,KNYC,2026-05-17,2026-05-14T00:00:00Z,76,gefs,85.8014,3.0600,"s3://noaa-gefs-pds/gefs.20260514/00/atmos/pgrb2sp25/{geavg,gespr}.t00z.pgrb2s.0p25.f{078,084,090,096,102}#statistic=max_t(geavg)+offset;offset_f=+0.2514;raw_f=85.5500;spread=gespr@f096;covered_leads=72-102"
CHI,KMDW,2026-05-18,2026-05-18T00:00:00Z,5,gefs,81.5489,2.1240,"s3://noaa-gefs-pds/gefs.20260518/00/atmos/pgrb2sp25/{geavg,gespr}.t00z.pgrb2s.0p25.f{006,012,018,024,030}#statistic=max_t(geavg)+offset;offset_f=+0.0489;raw_f=81.5000;spread=gespr@f024;covered_leads=0-30"
CHI,KMDW,2026-05-18,2026-05-17T00:00:00Z,29,gefs,80.9189,1.8000,"s3://noaa-gefs-pds/gefs.20260517/00/atmos/pgrb2sp25/{geavg,gespr}.t00z.pgrb2s.0p25.f{030,036,042,048,054}#statistic=max_t(geavg)+offset;offset_f=+0.0489;raw_f=80.8700;spread=gespr@f048;covered_leads=24-54"
CHI,KMDW,2026-05-18,2026-05-16T00:00:00Z,53,gefs,81.6389,2.5200,"s3://noaa-gefs-pds/gefs.20260516/00/atmos/pgrb2sp25/{geavg,gespr}.t00z.pgrb2s.0p25.f{054,060,066,072,078}#statistic=max_t(geavg)+offset;offset_f=+0.0489;raw_f=81.5900;spread=gespr@f072;covered_leads=48-78"
CHI,KMDW,2026-05-18,2026-05-15T00:00:00Z,77,gefs,83.6189,1.8000,"s3://noaa-gefs-pds/gefs.20260515/00/atmos/pgrb2sp25/{geavg,gespr}.t00z.pgrb2s.0p25.f{078,084,090,096,102}#statistic=max_t(geavg)+offset;offset_f=+0.0489;raw_f=83.5700;spread=gespr@f096;covered_leads=72-102"
LAX,KLAX,2026-05-18,2026-05-18T00:00:00Z,7,gefs,71.2669,1.0620,"s3://noaa-gefs-pds/gefs.20260518/00/atmos/pgrb2sp25/{geavg,gespr}.t00z.pgrb2s.0p25.f{012,018,024,030,033}#statistic=max_t(geavg)+offset;offset_f=+0.0269;raw_f=71.2400;spread=gespr@f024;covered_leads=6-33"
LAX,KLAX,2026-05-18,2026-05-17T00:00:00Z,31,gefs,70.8169,1.8000,"s3://noaa-gefs-pds/gefs.20260517/00/atmos/pgrb2sp25/{geavg,gespr}.t00z.pgrb2s.0p25.f{036,042,048,054,057}#statistic=max_t(geavg)+offset;offset_f=+0.0269;raw_f=70.7900;spread=gespr@f048;covered_leads=30-57"
LAX,KLAX,2026-05-18,2026-05-16T00:00:00Z,55,gefs,69.9169,1.4400,"s3://noaa-gefs-pds/gefs.20260516/00/atmos/pgrb2sp25/{geavg,gespr}.t00z.pgrb2s.0p25.f{060,066,072,078,081}#statistic=max_t(geavg)+offset;offset_f=+0.0269;raw_f=69.8900;spread=gespr@f072;covered_leads=54-81"
LAX,KLAX,2026-05-18,2026-05-15T00:00:00Z,79,gefs,71.5369,2.1600,"s3://noaa-gefs-pds/gefs.20260515/00/atmos/pgrb2sp25/{geavg,gespr}.t00z.pgrb2s.0p25.f{084,090,096,102,105}#statistic=max_t(geavg)+offset;offset_f=+0.0269;raw_f=71.5100;spread=gespr@f096;covered_leads=78-105"
MIA,KMIA,2026-05-18,2026-05-18T00:00:00Z,4,gefs,84.3449,0.5400,"s3://noaa-gefs-pds/gefs.20260518/00/atmos/pgrb2sp25/{geavg,gespr}.t00z.pgrb2s.0p25.f{006,012,018,024,030}#statistic=max_t(geavg)+offset;offset_f=+0.0549;raw_f=84.2900;spread=gespr@f018;covered_leads=0-30"
MIA,KMIA,2026-05-18,2026-05-17T00:00:00Z,28,gefs,84.8849,0.7200,"s3://noaa-gefs-pds/gefs.20260517/00/atmos/pgrb2sp25/{geavg,gespr}.t00z.pgrb2s.0p25.f{030,036,042,048,054}#statistic=max_t(geavg)+offset;offset_f=+0.0549;raw_f=84.8300;spread=gespr@f048;covered_leads=24-54"
MIA,KMIA,2026-05-18,2026-05-16T00:00:00Z,52,gefs,84.8849,0.7200,"s3://noaa-gefs-pds/gefs.20260516/00/atmos/pgrb2sp25/{geavg,gespr}.t00z.pgrb2s.0p25.f{054,060,066,072,078}#statistic=max_t(geavg)+offset;offset_f=+0.0549;raw_f=84.8300;spread=gespr@f072;covered_leads=48-78"
MIA,KMIA,2026-05-18,2026-05-15T00:00:00Z,76,gefs,85.2449,0.5400,"s3://noaa-gefs-pds/gefs.20260515/00/atmos/pgrb2sp25/{geavg,gespr}.t00z.pgrb2s.0p25.f{078,084,090,096,102}#statistic=max_t(geavg)+offset;offset_f=+0.0549;raw_f=85.1900;spread=gespr@f096;covered_leads=72-102"
NY,KNYC,2026-05-18,2026-05-18T00:00:00Z,4,gefs,86.5394,2.0520,"s3://noaa-gefs-pds/gefs.20260518/00/atmos/pgrb2sp25/{geavg,gespr}.t00z.pgrb2s.0p25.f{006,012,018,024,030}#statistic=max_t(geavg)+offset;offset_f=+0.2514;raw_f=86.2880;spread=gespr@f024;covered_leads=0-30"
NY,KNYC,2026-05-18,2026-05-17T00:00:00Z,28,gefs,83.2814,3.9600,"s3://noaa-gefs-pds/gefs.20260517/00/atmos/pgrb2sp25/{geavg,gespr}.t00z.pgrb2s.0p25.f{030,036,042,048,054}#statistic=max_t(geavg)+offset;offset_f=+0.2514;raw_f=83.0300;spread=gespr@f042;covered_leads=24-54"
NY,KNYC,2026-05-18,2026-05-16T00:00:00Z,52,gefs,82.7414,5.4000,"s3://noaa-gefs-pds/gefs.20260516/00/atmos/pgrb2sp25/{geavg,gespr}.t00z.pgrb2s.0p25.f{054,060,066,072,078}#statistic=max_t(geavg)+offset;offset_f=+0.2514;raw_f=82.4900;spread=gespr@f072;covered_leads=48-78"
NY,KNYC,2026-05-18,2026-05-15T00:00:00Z,76,gefs,77.5214,4.6800,"s3://noaa-gefs-pds/gefs.20260515/00/atmos/pgrb2sp25/{geavg,gespr}.t00z.pgrb2s.0p25.f{078,084,090,096,102}#statistic=max_t(geavg)+offset;offset_f=+0.2514;raw_f=77.2700;spread=gespr@f090;covered_leads=72-102"
CHI,KMDW,2026-05-19,2026-05-19T00:00:00Z,5,gefs,78.3989,1.8000,"s3://noaa-gefs-pds/gefs.20260519/00/atmos/pgrb2sp25/{geavg,gespr}.t00z.pgrb2s.0p25.f{006,012,018,024,030}#statistic=max_t(geavg)+offset;offset_f=+0.0489;raw_f=78.3500;spread=gespr@f018;covered_leads=0-30"
CHI,KMDW,2026-05-19,2026-05-18T00:00:00Z,29,gefs,78.5789,2.3400,"s3://noaa-gefs-pds/gefs.20260518/00/atmos/pgrb2sp25/{geavg,gespr}.t00z.pgrb2s.0p25.f{030,036,042,048,054}#statistic=max_t(geavg)+offset;offset_f=+0.0489;raw_f=78.5300;spread=gespr@f042;covered_leads=24-54"
CHI,KMDW,2026-05-19,2026-05-17T00:00:00Z,53,gefs,77.4989,1.6200,"s3://noaa-gefs-pds/gefs.20260517/00/atmos/pgrb2sp25/{geavg,gespr}.t00z.pgrb2s.0p25.f{054,060,066,072,078}#statistic=max_t(geavg)+offset;offset_f=+0.0489;raw_f=77.4500;spread=gespr@f054;covered_leads=48-78"
CHI,KMDW,2026-05-19,2026-05-16T00:00:00Z,77,gefs,78.3989,4.3200,"s3://noaa-gefs-pds/gefs.20260516/00/atmos/pgrb2sp25/{geavg,gespr}.t00z.pgrb2s.0p25.f{078,084,090,096,102}#statistic=max_t(geavg)+offset;offset_f=+0.0489;raw_f=78.3500;spread=gespr@f096;covered_leads=72-102"
LAX,KLAX,2026-05-19,2026-05-19T00:00:00Z,7,gefs,77.2969,1.0800,"s3://noaa-gefs-pds/gefs.20260519/00/atmos/pgrb2sp25/{geavg,gespr}.t00z.pgrb2s.0p25.f{012,018,024,030,033}#statistic=max_t(geavg)+offset;offset_f=+0.0269;raw_f=77.2700;spread=gespr@f024;covered_leads=6-33"
LAX,KLAX,2026-05-19,2026-05-18T00:00:00Z,31,gefs,73.8769,1.6200,"s3://noaa-gefs-pds/gefs.20260518/00/atmos/pgrb2sp25/{geavg,gespr}.t00z.pgrb2s.0p25.f{036,042,048,054,057}#statistic=max_t(geavg)+offset;offset_f=+0.0269;raw_f=73.8500;spread=gespr@f048;covered_leads=30-57"
LAX,KLAX,2026-05-19,2026-05-17T00:00:00Z,55,gefs,72.0769,2.1600,"s3://noaa-gefs-pds/gefs.20260517/00/atmos/pgrb2sp25/{geavg,gespr}.t00z.pgrb2s.0p25.f{060,066,072,078,081}#statistic=max_t(geavg)+offset;offset_f=+0.0269;raw_f=72.0500;spread=gespr@f072;covered_leads=54-81"
LAX,KLAX,2026-05-19,2026-05-16T00:00:00Z,79,gefs,72.0769,1.8000,"s3://noaa-gefs-pds/gefs.20260516/00/atmos/pgrb2sp25/{geavg,gespr}.t00z.pgrb2s.0p25.f{084,090,096,102,105}#statistic=max_t(geavg)+offset;offset_f=+0.0269;raw_f=72.0500;spread=gespr@f096;covered_leads=78-105"
MIA,KMIA,2026-05-19,2026-05-19T00:00:00Z,4,gefs,83.9849,0.5400,"s3://noaa-gefs-pds/gefs.20260519/00/atmos/pgrb2sp25/{geavg,gespr}.t00z.pgrb2s.0p25.f{006,012,018,024,030}#statistic=max_t(geavg)+offset;offset_f=+0.0549;raw_f=83.9300;spread=gespr@f018;covered_leads=0-30"
MIA,KMIA,2026-05-19,2026-05-18T00:00:00Z,28,gefs,84.5249,0.5400,"s3://noaa-gefs-pds/gefs.20260518/00/atmos/pgrb2sp25/{geavg,gespr}.t00z.pgrb2s.0p25.f{030,036,042,048,054}#statistic=max_t(geavg)+offset;offset_f=+0.0549;raw_f=84.4700;spread=gespr@f048;covered_leads=24-54"
MIA,KMIA,2026-05-19,2026-05-17T00:00:00Z,52,gefs,84.8849,0.7200,"s3://noaa-gefs-pds/gefs.20260517/00/atmos/pgrb2sp25/{geavg,gespr}.t00z.pgrb2s.0p25.f{054,060,066,072,078}#statistic=max_t(geavg)+offset;offset_f=+0.0549;raw_f=84.8300;spread=gespr@f066;covered_leads=48-78"
MIA,KMIA,2026-05-19,2026-05-16T00:00:00Z,76,gefs,84.8849,0.9000,"s3://noaa-gefs-pds/gefs.20260516/00/atmos/pgrb2sp25/{geavg,gespr}.t00z.pgrb2s.0p25.f{078,084,090,096,102}#statistic=max_t(geavg)+offset;offset_f=+0.0549;raw_f=84.8300;spread=gespr@f096;covered_leads=72-102"
NY,KNYC,2026-05-19,2026-05-19T00:00:00Z,4,gefs,94.0814,1.4400,"s3://noaa-gefs-pds/gefs.20260519/00/atmos/pgrb2sp25/{geavg,gespr}.t00z.pgrb2s.0p25.f{006,012,018,024,030}#statistic=max_t(geavg)+offset;offset_f=+0.2514;raw_f=93.8300;spread=gespr@f024;covered_leads=0-30"
NY,KNYC,2026-05-19,2026-05-18T00:00:00Z,28,gefs,93.3614,1.2600,"s3://noaa-gefs-pds/gefs.20260518/00/atmos/pgrb2sp25/{geavg,gespr}.t00z.pgrb2s.0p25.f{030,036,042,048,054}#statistic=max_t(geavg)+offset;offset_f=+0.2514;raw_f=93.1100;spread=gespr@f048;covered_leads=24-54"
NY,KNYC,2026-05-19,2026-05-17T00:00:00Z,52,gefs,92.8214,1.6200,"s3://noaa-gefs-pds/gefs.20260517/00/atmos/pgrb2sp25/{geavg,gespr}.t00z.pgrb2s.0p25.f{054,060,066,072,078}#statistic=max_t(geavg)+offset;offset_f=+0.2514;raw_f=92.5700;spread=gespr@f072;covered_leads=48-78"
NY,KNYC,2026-05-19,2026-05-16T00:00:00Z,76,gefs,91.5614,3.4200,"s3://noaa-gefs-pds/gefs.20260516/00/atmos/pgrb2sp25/{geavg,gespr}.t00z.pgrb2s.0p25.f{078,084,090,096,102}#statistic=max_t(geavg)+offset;offset_f=+0.2514;raw_f=91.3100;spread=gespr@f096;covered_leads=72-102"
CHI,KMDW,2026-05-20,2026-05-20T00:00:00Z,5,gefs,67.2389,0.7200,"s3://noaa-gefs-pds/gefs.20260520/00/atmos/pgrb2sp25/{geavg,gespr}.t00z.pgrb2s.0p25.f{006,012,018,024,030}#statistic=max_t(geavg)+offset;offset_f=+0.0489;raw_f=67.1900;spread=gespr@f006;covered_leads=0-30"
CHI,KMDW,2026-05-20,2026-05-19T00:00:00Z,29,gefs,68.3189,2.7000,"s3://noaa-gefs-pds/gefs.20260519/00/atmos/pgrb2sp25/{geavg,gespr}.t00z.pgrb2s.0p25.f{030,036,042,048,054}#statistic=max_t(geavg)+offset;offset_f=+0.0489;raw_f=68.2700;spread=gespr@f030;covered_leads=24-54"
CHI,KMDW,2026-05-20,2026-05-18T00:00:00Z,53,gefs,68.6789,3.9600,"s3://noaa-gefs-pds/gefs.20260518/00/atmos/pgrb2sp25/{geavg,gespr}.t00z.pgrb2s.0p25.f{054,060,066,072,078}#statistic=max_t(geavg)+offset;offset_f=+0.0489;raw_f=68.6300;spread=gespr@f054;covered_leads=48-78"
CHI,KMDW,2026-05-20,2026-05-17T00:00:00Z,77,gefs,67.9589,4.3200,"s3://noaa-gefs-pds/gefs.20260517/00/atmos/pgrb2sp25/{geavg,gespr}.t00z.pgrb2s.0p25.f{078,084,090,096,102}#statistic=max_t(geavg)+offset;offset_f=+0.0489;raw_f=67.9100;spread=gespr@f078;covered_leads=72-102"
LAX,KLAX,2026-05-20,2026-05-20T00:00:00Z,7,gefs,79.2769,0.7200,"s3://noaa-gefs-pds/gefs.20260520/00/atmos/pgrb2sp25/{geavg,gespr}.t00z.pgrb2s.0p25.f{012,018,024,030,033}#statistic=max_t(geavg)+offset;offset_f=+0.0269;raw_f=79.2500;spread=gespr@f024;covered_leads=6-33"
LAX,KLAX,2026-05-20,2026-05-19T00:00:00Z,31,gefs,78.1969,1.6200,"s3://noaa-gefs-pds/gefs.20260519/00/atmos/pgrb2sp25/{geavg,gespr}.t00z.pgrb2s.0p25.f{036,042,048,054,057}#statistic=max_t(geavg)+offset;offset_f=+0.0269;raw_f=78.1700;spread=gespr@f048;covered_leads=30-57"
LAX,KLAX,2026-05-20,2026-05-18T00:00:00Z,55,gefs,74.9569,2.1600,"s3://noaa-gefs-pds/gefs.20260518/00/atmos/pgrb2sp25/{geavg,gespr}.t00z.pgrb2s.0p25.f{060,066,072,078,081}#statistic=max_t(geavg)+offset;offset_f=+0.0269;raw_f=74.9300;spread=gespr@f072;covered_leads=54-81"
LAX,KLAX,2026-05-20,2026-05-17T00:00:00Z,79,gefs,72.6169,2.7000,"s3://noaa-gefs-pds/gefs.20260517/00/atmos/pgrb2sp25/{geavg,gespr}.t00z.pgrb2s.0p25.f{084,090,096,102,105}#statistic=max_t(geavg)+offset;offset_f=+0.0269;raw_f=72.5900;spread=gespr@f096;covered_leads=78-105"
MIA,KMIA,2026-05-20,2026-05-20T00:00:00Z,4,gefs,84.7049,0.7200,"s3://noaa-gefs-pds/gefs.20260520/00/atmos/pgrb2sp25/{geavg,gespr}.t00z.pgrb2s.0p25.f{006,012,018,024,030}#statistic=max_t(geavg)+offset;offset_f=+0.0549;raw_f=84.6500;spread=gespr@f024;covered_leads=0-30"
MIA,KMIA,2026-05-20,2026-05-19T00:00:00Z,28,gefs,84.7049,0.5400,"s3://noaa-gefs-pds/gefs.20260519/00/atmos/pgrb2sp25/{geavg,gespr}.t00z.pgrb2s.0p25.f{030,036,042,048,054}#statistic=max_t(geavg)+offset;offset_f=+0.0549;raw_f=84.6500;spread=gespr@f042;covered_leads=24-54"
MIA,KMIA,2026-05-20,2026-05-18T00:00:00Z,52,gefs,84.8849,0.7200,"s3://noaa-gefs-pds/gefs.20260518/00/atmos/pgrb2sp25/{geavg,gespr}.t00z.pgrb2s.0p25.f{054,060,066,072,078}#statistic=max_t(geavg)+offset;offset_f=+0.0549;raw_f=84.8300;spread=gespr@f072;covered_leads=48-78"
MIA,KMIA,2026-05-20,2026-05-17T00:00:00Z,76,gefs,85.0649,0.9000,"s3://noaa-gefs-pds/gefs.20260517/00/atmos/pgrb2sp25/{geavg,gespr}.t00z.pgrb2s.0p25.f{078,084,090,096,102}#statistic=max_t(geavg)+offset;offset_f=+0.0549;raw_f=85.0100;spread=gespr@f096;covered_leads=72-102"
NY,KNYC,2026-05-20,2026-05-20T00:00:00Z,4,gefs,91.9214,1.8000,"s3://noaa-gefs-pds/gefs.20260520/00/atmos/pgrb2sp25/{geavg,gespr}.t00z.pgrb2s.0p25.f{006,012,018,024,030}#statistic=max_t(geavg)+offset;offset_f=+0.2514;raw_f=91.6700;spread=gespr@f024;covered_leads=0-30"
NY,KNYC,2026-05-20,2026-05-19T00:00:00Z,28,gefs,92.2814,1.9800,"s3://noaa-gefs-pds/gefs.20260519/00/atmos/pgrb2sp25/{geavg,gespr}.t00z.pgrb2s.0p25.f{030,036,042,048,054}#statistic=max_t(geavg)+offset;offset_f=+0.2514;raw_f=92.0300;spread=gespr@f048;covered_leads=24-54"
NY,KNYC,2026-05-20,2026-05-18T00:00:00Z,52,gefs,91.7414,2.3400,"s3://noaa-gefs-pds/gefs.20260518/00/atmos/pgrb2sp25/{geavg,gespr}.t00z.pgrb2s.0p25.f{054,060,066,072,078}#statistic=max_t(geavg)+offset;offset_f=+0.2514;raw_f=91.4900;spread=gespr@f072;covered_leads=48-78"
NY,KNYC,2026-05-20,2026-05-17T00:00:00Z,76,gefs,87.9614,3.0600,"s3://noaa-gefs-pds/gefs.20260517/00/atmos/pgrb2sp25/{geavg,gespr}.t00z.pgrb2s.0p25.f{078,084,090,096,102}#statistic=max_t(geavg)+offset;offset_f=+0.2514;raw_f=87.7100;spread=gespr@f090;covered_leads=72-102"
CHI,KMDW,2026-05-21,2026-05-21T00:00:00Z,5,gefs,59.6789,1.0800,"s3://noaa-gefs-pds/gefs.20260521/00/atmos/pgrb2sp25/{geavg,gespr}.t00z.pgrb2s.0p25.f{006,012,018,024,030}#statistic=max_t(geavg)+offset;offset_f=+0.0489;raw_f=59.6300;spread=gespr@f024;covered_leads=0-30"
CHI,KMDW,2026-05-21,2026-05-20T00:00:00Z,29,gefs,60.2189,2.3400,"s3://noaa-gefs-pds/gefs.20260520/00/atmos/pgrb2sp25/{geavg,gespr}.t00z.pgrb2s.0p25.f{030,036,042,048,054}#statistic=max_t(geavg)+offset;offset_f=+0.0489;raw_f=60.1700;spread=gespr@f048;covered_leads=24-54"
CHI,KMDW,2026-05-21,2026-05-19T00:00:00Z,53,gefs,60.9389,3.2400,"s3://noaa-gefs-pds/gefs.20260519/00/atmos/pgrb2sp25/{geavg,gespr}.t00z.pgrb2s.0p25.f{054,060,066,072,078}#statistic=max_t(geavg)+offset;offset_f=+0.0489;raw_f=60.8900;spread=gespr@f072;covered_leads=48-78"
CHI,KMDW,2026-05-21,2026-05-18T00:00:00Z,77,gefs,61.1189,3.7800,"s3://noaa-gefs-pds/gefs.20260518/00/atmos/pgrb2sp25/{geavg,gespr}.t00z.pgrb2s.0p25.f{078,084,090,096,102}#statistic=max_t(geavg)+offset;offset_f=+0.0489;raw_f=61.0700;spread=gespr@f096;covered_leads=72-102"
LAX,KLAX,2026-05-21,2026-05-21T00:00:00Z,7,gefs,75.8569,0.9000,"s3://noaa-gefs-pds/gefs.20260521/00/atmos/pgrb2sp25/{geavg,gespr}.t00z.pgrb2s.0p25.f{012,018,024,030,033}#statistic=max_t(geavg)+offset;offset_f=+0.0269;raw_f=75.8300;spread=gespr@f024;covered_leads=6-33"
LAX,KLAX,2026-05-21,2026-05-20T00:00:00Z,31,gefs,76.3969,1.8000,"s3://noaa-gefs-pds/gefs.20260520/00/atmos/pgrb2sp25/{geavg,gespr}.t00z.pgrb2s.0p25.f{036,042,048,054,057}#statistic=max_t(geavg)+offset;offset_f=+0.0269;raw_f=76.3700;spread=gespr@f048;covered_leads=30-57"
LAX,KLAX,2026-05-21,2026-05-19T00:00:00Z,55,gefs,74.2369,2.1600,"s3://noaa-gefs-pds/gefs.20260519/00/atmos/pgrb2sp25/{geavg,gespr}.t00z.pgrb2s.0p25.f{060,066,072,078,081}#statistic=max_t(geavg)+offset;offset_f=+0.0269;raw_f=74.2100;spread=gespr@f072;covered_leads=54-81"
LAX,KLAX,2026-05-21,2026-05-18T00:00:00Z,79,gefs,73.1569,2.1600,"s3://noaa-gefs-pds/gefs.20260518/00/atmos/pgrb2sp25/{geavg,gespr}.t00z.pgrb2s.0p25.f{084,090,096,102,105}#statistic=max_t(geavg)+offset;offset_f=+0.0269;raw_f=73.1300;spread=gespr@f096;covered_leads=78-105"
MIA,KMIA,2026-05-21,2026-05-21T00:00:00Z,4,gefs,85.4249,0.7200,"s3://noaa-gefs-pds/gefs.20260521/00/atmos/pgrb2sp25/{geavg,gespr}.t00z.pgrb2s.0p25.f{006,012,018,024,030}#statistic=max_t(geavg)+offset;offset_f=+0.0549;raw_f=85.3700;spread=gespr@f024;covered_leads=0-30"
MIA,KMIA,2026-05-21,2026-05-20T00:00:00Z,28,gefs,85.6049,0.7200,"s3://noaa-gefs-pds/gefs.20260520/00/atmos/pgrb2sp25/{geavg,gespr}.t00z.pgrb2s.0p25.f{030,036,042,048,054}#statistic=max_t(geavg)+offset;offset_f=+0.0549;raw_f=85.5500;spread=gespr@f048;covered_leads=24-54"
MIA,KMIA,2026-05-21,2026-05-19T00:00:00Z,52,gefs,85.2449,0.7200,"s3://noaa-gefs-pds/gefs.20260519/00/atmos/pgrb2sp25/{geavg,gespr}.t00z.pgrb2s.0p25.f{054,060,066,072,078}#statistic=max_t(geavg)+offset;offset_f=+0.0549;raw_f=85.1900;spread=gespr@f072;covered_leads=48-78"
MIA,KMIA,2026-05-21,2026-05-18T00:00:00Z,76,gefs,84.8849,1.0800,"s3://noaa-gefs-pds/gefs.20260518/00/atmos/pgrb2sp25/{geavg,gespr}.t00z.pgrb2s.0p25.f{078,084,090,096,102}#statistic=max_t(geavg)+offset;offset_f=+0.0549;raw_f=84.8300;spread=gespr@f096;covered_leads=72-102"
NY,KNYC,2026-05-21,2026-05-21T00:00:00Z,4,gefs,74.1014,0.9000,"s3://noaa-gefs-pds/gefs.20260521/00/atmos/pgrb2sp25/{geavg,gespr}.t00z.pgrb2s.0p25.f{006,012,018,024,030}#statistic=max_t(geavg)+offset;offset_f=+0.2514;raw_f=73.8500;spread=gespr@f006;covered_leads=0-30"
NY,KNYC,2026-05-21,2026-05-20T00:00:00Z,28,gefs,75.5414,2.1600,"s3://noaa-gefs-pds/gefs.20260520/00/atmos/pgrb2sp25/{geavg,gespr}.t00z.pgrb2s.0p25.f{030,036,042,048,054}#statistic=max_t(geavg)+offset;offset_f=+0.2514;raw_f=75.2900;spread=gespr@f030;covered_leads=24-54"
NY,KNYC,2026-05-21,2026-05-19T00:00:00Z,52,gefs,75.7214,2.8800,"s3://noaa-gefs-pds/gefs.20260519/00/atmos/pgrb2sp25/{geavg,gespr}.t00z.pgrb2s.0p25.f{054,060,066,072,078}#statistic=max_t(geavg)+offset;offset_f=+0.2514;raw_f=75.4700;spread=gespr@f054;covered_leads=48-78"
NY,KNYC,2026-05-21,2026-05-18T00:00:00Z,76,gefs,76.9814,5.4000,"s3://noaa-gefs-pds/gefs.20260518/00/atmos/pgrb2sp25/{geavg,gespr}.t00z.pgrb2s.0p25.f{078,084,090,096,102}#statistic=max_t(geavg)+offset;offset_f=+0.2514;raw_f=76.7300;spread=gespr@f078;covered_leads=72-102"
CHI,KMDW,2026-05-22,2026-05-22T00:00:00Z,5,gefs,65.2589,1.4400,"s3://noaa-gefs-pds/gefs.20260522/00/atmos/pgrb2sp25/{geavg,gespr}.t00z.pgrb2s.0p25.f{006,012,018,024,030}#statistic=max_t(geavg)+offset;offset_f=+0.0489;raw_f=65.2100;spread=gespr@f024;covered_leads=0-30"
CHI,KMDW,2026-05-22,2026-05-21T00:00:00Z,29,gefs,63.0989,2.3400,"s3://noaa-gefs-pds/gefs.20260521/00/atmos/pgrb2sp25/{geavg,gespr}.t00z.pgrb2s.0p25.f{030,036,042,048,054}#statistic=max_t(geavg)+offset;offset_f=+0.0489;raw_f=63.0500;spread=gespr@f048;covered_leads=24-54"
CHI,KMDW,2026-05-22,2026-05-20T00:00:00Z,53,gefs,60.9389,4.1400,"s3://noaa-gefs-pds/gefs.20260520/00/atmos/pgrb2sp25/{geavg,gespr}.t00z.pgrb2s.0p25.f{054,060,066,072,078}#statistic=max_t(geavg)+offset;offset_f=+0.0489;raw_f=60.8900;spread=gespr@f072;covered_leads=48-78"
CHI,KMDW,2026-05-22,2026-05-19T00:00:00Z,77,gefs,57.1589,2.1600,"s3://noaa-gefs-pds/gefs.20260519/00/atmos/pgrb2sp25/{geavg,gespr}.t00z.pgrb2s.0p25.f{078,084,090,096,102}#statistic=max_t(geavg)+offset;offset_f=+0.0489;raw_f=57.1100;spread=gespr@f078;covered_leads=72-102"
LAX,KLAX,2026-05-22,2026-05-22T00:00:00Z,7,gefs,67.9369,0.7200,"s3://noaa-gefs-pds/gefs.20260522/00/atmos/pgrb2sp25/{geavg,gespr}.t00z.pgrb2s.0p25.f{012,018,024,030,033}#statistic=max_t(geavg)+offset;offset_f=+0.0269;raw_f=67.9100;spread=gespr@f024;covered_leads=6-33"
LAX,KLAX,2026-05-22,2026-05-21T00:00:00Z,31,gefs,70.4569,1.0800,"s3://noaa-gefs-pds/gefs.20260521/00/atmos/pgrb2sp25/{geavg,gespr}.t00z.pgrb2s.0p25.f{036,042,048,054,057}#statistic=max_t(geavg)+offset;offset_f=+0.0269;raw_f=70.4300;spread=gespr@f048;covered_leads=30-57"
LAX,KLAX,2026-05-22,2026-05-20T00:00:00Z,55,gefs,72.0769,1.6200,"s3://noaa-gefs-pds/gefs.20260520/00/atmos/pgrb2sp25/{geavg,gespr}.t00z.pgrb2s.0p25.f{060,066,072,078,081}#statistic=max_t(geavg)+offset;offset_f=+0.0269;raw_f=72.0500;spread=gespr@f072;covered_leads=54-81"
LAX,KLAX,2026-05-22,2026-05-19T00:00:00Z,79,gefs,70.9969,2.5200,"s3://noaa-gefs-pds/gefs.20260519/00/atmos/pgrb2sp25/{geavg,gespr}.t00z.pgrb2s.0p25.f{084,090,096,102,105}#statistic=max_t(geavg)+offset;offset_f=+0.0269;raw_f=70.9700;spread=gespr@f096;covered_leads=78-105"
MIA,KMIA,2026-05-22,2026-05-22T00:00:00Z,4,gefs,85.6049,0.7200,"s3://noaa-gefs-pds/gefs.20260522/00/atmos/pgrb2sp25/{geavg,gespr}.t00z.pgrb2s.0p25.f{006,012,018,024,030}#statistic=max_t(geavg)+offset;offset_f=+0.0549;raw_f=85.5500;spread=gespr@f024;covered_leads=0-30"
MIA,KMIA,2026-05-22,2026-05-21T00:00:00Z,28,gefs,85.2449,0.7200,"s3://noaa-gefs-pds/gefs.20260521/00/atmos/pgrb2sp25/{geavg,gespr}.t00z.pgrb2s.0p25.f{030,036,042,048,054}#statistic=max_t(geavg)+offset;offset_f=+0.0549;raw_f=85.1900;spread=gespr@f048;covered_leads=24-54"
MIA,KMIA,2026-05-22,2026-05-20T00:00:00Z,52,gefs,85.7849,0.9000,"s3://noaa-gefs-pds/gefs.20260520/00/atmos/pgrb2sp25/{geavg,gespr}.t00z.pgrb2s.0p25.f{054,060,066,072,078}#statistic=max_t(geavg)+offset;offset_f=+0.0549;raw_f=85.7300;spread=gespr@f072;covered_leads=48-78"
MIA,KMIA,2026-05-22,2026-05-19T00:00:00Z,76,gefs,85.4249,0.9000,"s3://noaa-gefs-pds/gefs.20260519/00/atmos/pgrb2sp25/{geavg,gespr}.t00z.pgrb2s.0p25.f{078,084,090,096,102}#statistic=max_t(geavg)+offset;offset_f=+0.0549;raw_f=85.3700;spread=gespr@f096;covered_leads=72-102"
NY,KNYC,2026-05-22,2026-05-22T00:00:00Z,4,gefs,66.9014,2.3400,"s3://noaa-gefs-pds/gefs.20260522/00/atmos/pgrb2sp25/{geavg,gespr}.t00z.pgrb2s.0p25.f{006,012,018,024,030}#statistic=max_t(geavg)+offset;offset_f=+0.2514;raw_f=66.6500;spread=gespr@f018;covered_leads=0-30"
NY,KNYC,2026-05-22,2026-05-21T00:00:00Z,28,gefs,63.3014,4.8600,"s3://noaa-gefs-pds/gefs.20260521/00/atmos/pgrb2sp25/{geavg,gespr}.t00z.pgrb2s.0p25.f{030,036,042,048,054}#statistic=max_t(geavg)+offset;offset_f=+0.2514;raw_f=63.0500;spread=gespr@f042;covered_leads=24-54"
NY,KNYC,2026-05-22,2026-05-20T00:00:00Z,52,gefs,66.7214,3.7800,"s3://noaa-gefs-pds/gefs.20260520/00/atmos/pgrb2sp25/{geavg,gespr}.t00z.pgrb2s.0p25.f{054,060,066,072,078}#statistic=max_t(geavg)+offset;offset_f=+0.2514;raw_f=66.4700;spread=gespr@f066;covered_leads=48-78"
NY,KNYC,2026-05-22,2026-05-19T00:00:00Z,76,gefs,62.2214,4.5000,"s3://noaa-gefs-pds/gefs.20260519/00/atmos/pgrb2sp25/{geavg,gespr}.t00z.pgrb2s.0p25.f{078,084,090,096,102}#statistic=max_t(geavg)+offset;offset_f=+0.2514;raw_f=61.9700;spread=gespr@f078;covered_leads=72-102"
CHI,KMDW,2026-05-23,2026-05-23T00:00:00Z,5,gefs,70.1909,2.4120,"s3://noaa-gefs-pds/gefs.20260523/00/atmos/pgrb2sp25/{geavg,gespr}.t00z.pgrb2s.0p25.f{006,012,018,024,030}#statistic=max_t(geavg)+offset;offset_f=+0.0489;raw_f=70.1420;spread=gespr@f024;covered_leads=0-30"
CHI,KMDW,2026-05-23,2026-05-22T00:00:00Z,29,gefs,66.1589,4.3200,"s3://noaa-gefs-pds/gefs.20260522/00/atmos/pgrb2sp25/{geavg,gespr}.t00z.pgrb2s.0p25.f{030,036,042,048,054}#statistic=max_t(geavg)+offset;offset_f=+0.0489;raw_f=66.1100;spread=gespr@f048;covered_leads=24-54"
CHI,KMDW,2026-05-23,2026-05-21T00:00:00Z,53,gefs,68.4989,5.2200,"s3://noaa-gefs-pds/gefs.20260521/00/atmos/pgrb2sp25/{geavg,gespr}.t00z.pgrb2s.0p25.f{054,060,066,072,078}#statistic=max_t(geavg)+offset;offset_f=+0.0489;raw_f=68.4500;spread=gespr@f072;covered_leads=48-78"
CHI,KMDW,2026-05-23,2026-05-20T00:00:00Z,77,gefs,67.7789,6.8400,"s3://noaa-gefs-pds/gefs.20260520/00/atmos/pgrb2sp25/{geavg,gespr}.t00z.pgrb2s.0p25.f{078,084,090,096,102}#statistic=max_t(geavg)+offset;offset_f=+0.0489;raw_f=67.7300;spread=gespr@f096;covered_leads=72-102"
LAX,KLAX,2026-05-23,2026-05-23T00:00:00Z,7,gefs,68.8189,0.5400,"s3://noaa-gefs-pds/gefs.20260523/00/atmos/pgrb2sp25/{geavg,gespr}.t00z.pgrb2s.0p25.f{012,018,024,030,033}#statistic=max_t(geavg)+offset;offset_f=+0.0269;raw_f=68.7920;spread=gespr@f024;covered_leads=6-33"
LAX,KLAX,2026-05-23,2026-05-22T00:00:00Z,31,gefs,68.4769,0.7200,"s3://noaa-gefs-pds/gefs.20260522/00/atmos/pgrb2sp25/{geavg,gespr}.t00z.pgrb2s.0p25.f{036,042,048,054,057}#statistic=max_t(geavg)+offset;offset_f=+0.0269;raw_f=68.4500;spread=gespr@f048;covered_leads=30-57"
LAX,KLAX,2026-05-23,2026-05-21T00:00:00Z,55,gefs,70.0969,1.4400,"s3://noaa-gefs-pds/gefs.20260521/00/atmos/pgrb2sp25/{geavg,gespr}.t00z.pgrb2s.0p25.f{060,066,072,078,081}#statistic=max_t(geavg)+offset;offset_f=+0.0269;raw_f=70.0700;spread=gespr@f072;covered_leads=54-81"
LAX,KLAX,2026-05-23,2026-05-20T00:00:00Z,79,gefs,71.1769,1.8000,"s3://noaa-gefs-pds/gefs.20260520/00/atmos/pgrb2sp25/{geavg,gespr}.t00z.pgrb2s.0p25.f{084,090,096,102,105}#statistic=max_t(geavg)+offset;offset_f=+0.0269;raw_f=71.1500;spread=gespr@f096;covered_leads=78-105"
MIA,KMIA,2026-05-23,2026-05-23T00:00:00Z,4,gefs,85.8029,0.5040,"s3://noaa-gefs-pds/gefs.20260523/00/atmos/pgrb2sp25/{geavg,gespr}.t00z.pgrb2s.0p25.f{006,012,018,024,030}#statistic=max_t(geavg)+offset;offset_f=+0.0549;raw_f=85.7480;spread=gespr@f024;covered_leads=0-30"
MIA,KMIA,2026-05-23,2026-05-22T00:00:00Z,28,gefs,85.7849,0.5400,"s3://noaa-gefs-pds/gefs.20260522/00/atmos/pgrb2sp25/{geavg,gespr}.t00z.pgrb2s.0p25.f{030,036,042,048,054}#statistic=max_t(geavg)+offset;offset_f=+0.0549;raw_f=85.7300;spread=gespr@f048;covered_leads=24-54"
MIA,KMIA,2026-05-23,2026-05-21T00:00:00Z,52,gefs,85.6049,0.9000,"s3://noaa-gefs-pds/gefs.20260521/00/atmos/pgrb2sp25/{geavg,gespr}.t00z.pgrb2s.0p25.f{054,060,066,072,078}#statistic=max_t(geavg)+offset;offset_f=+0.0549;raw_f=85.5500;spread=gespr@f072;covered_leads=48-78"
MIA,KMIA,2026-05-23,2026-05-20T00:00:00Z,76,gefs,85.9649,1.4400,"s3://noaa-gefs-pds/gefs.20260520/00/atmos/pgrb2sp25/{geavg,gespr}.t00z.pgrb2s.0p25.f{078,084,090,096,102}#statistic=max_t(geavg)+offset;offset_f=+0.0549;raw_f=85.9100;spread=gespr@f096;covered_leads=72-102"
NY,KNYC,2026-05-23,2026-05-23T00:00:00Z,4,gefs,60.7814,0.3600,"s3://noaa-gefs-pds/gefs.20260523/00/atmos/pgrb2sp25/{geavg,gespr}.t00z.pgrb2s.0p25.f{006,012,018,024,030}#statistic=max_t(geavg)+offset;offset_f=+0.2514;raw_f=60.5300;spread=gespr@f006;covered_leads=0-30"
NY,KNYC,2026-05-23,2026-05-22T00:00:00Z,28,gefs,59.7014,1.2600,"s3://noaa-gefs-pds/gefs.20260522/00/atmos/pgrb2sp25/{geavg,gespr}.t00z.pgrb2s.0p25.f{030,036,042,048,054}#statistic=max_t(geavg)+offset;offset_f=+0.2514;raw_f=59.4500;spread=gespr@f030;covered_leads=24-54"
NY,KNYC,2026-05-23,2026-05-21T00:00:00Z,52,gefs,58.2614,2.7000,"s3://noaa-gefs-pds/gefs.20260521/00/atmos/pgrb2sp25/{geavg,gespr}.t00z.pgrb2s.0p25.f{054,060,066,072,078}#statistic=max_t(geavg)+offset;offset_f=+0.2514;raw_f=58.0100;spread=gespr@f054;covered_leads=48-78"
NY,KNYC,2026-05-23,2026-05-20T00:00:00Z,76,gefs,59.7014,2.8800,"s3://noaa-gefs-pds/gefs.20260520/00/atmos/pgrb2sp25/{geavg,gespr}.t00z.pgrb2s.0p25.f{078,084,090,096,102}#statistic=max_t(geavg)+offset;offset_f=+0.2514;raw_f=59.4500;spread=gespr@f078;covered_leads=72-102"
CHI,KMDW,2026-05-24,2026-05-24T00:00:00Z,5,gefs,72.6389,3.2400,"s3://noaa-gefs-pds/gefs.20260524/00/atmos/pgrb2sp25/{geavg,gespr}.t00z.pgrb2s.0p25.f{006,012,018,024,030}#statistic=max_t(geavg)+offset;offset_f=+0.0489;raw_f=72.5900;spread=gespr@f024;covered_leads=0-30"
CHI,KMDW,2026-05-24,2026-05-23T00:00:00Z,29,gefs,76.2389,2.8800,"s3://noaa-gefs-pds/gefs.20260523/00/atmos/pgrb2sp25/{geavg,gespr}.t00z.pgrb2s.0p25.f{030,036,042,048,054}#statistic=max_t(geavg)+offset;offset_f=+0.0489;raw_f=76.1900;spread=gespr@f048;covered_leads=24-54"
CHI,KMDW,2026-05-24,2026-05-22T00:00:00Z,53,gefs,71.7389,5.2200,"s3://noaa-gefs-pds/gefs.20260522/00/atmos/pgrb2sp25/{geavg,gespr}.t00z.pgrb2s.0p25.f{054,060,066,072,078}#statistic=max_t(geavg)+offset;offset_f=+0.0489;raw_f=71.6900;spread=gespr@f072;covered_leads=48-78"
CHI,KMDW,2026-05-24,2026-05-21T00:00:00Z,77,gefs,74.0789,4.3200,"s3://noaa-gefs-pds/gefs.20260521/00/atmos/pgrb2sp25/{geavg,gespr}.t00z.pgrb2s.0p25.f{078,084,090,096,102}#statistic=max_t(geavg)+offset;offset_f=+0.0489;raw_f=74.0300;spread=gespr@f096;covered_leads=72-102"
LAX,KLAX,2026-05-24,2026-05-24T00:00:00Z,7,gefs,66.8569,0.3600,"s3://noaa-gefs-pds/gefs.20260524/00/atmos/pgrb2sp25/{geavg,gespr}.t00z.pgrb2s.0p25.f{012,018,024,030,033}#statistic=max_t(geavg)+offset;offset_f=+0.0269;raw_f=66.8300;spread=gespr@f024;covered_leads=6-33"
LAX,KLAX,2026-05-24,2026-05-23T00:00:00Z,31,gefs,67.3969,0.7200,"s3://noaa-gefs-pds/gefs.20260523/00/atmos/pgrb2sp25/{geavg,gespr}.t00z.pgrb2s.0p25.f{036,042,048,054,057}#statistic=max_t(geavg)+offset;offset_f=+0.0269;raw_f=67.3700;spread=gespr@f048;covered_leads=30-57"
LAX,KLAX,2026-05-24,2026-05-22T00:00:00Z,55,gefs,68.2969,1.0800,"s3://noaa-gefs-pds/gefs.20260522/00/atmos/pgrb2sp25/{geavg,gespr}.t00z.pgrb2s.0p25.f{060,066,072,078,081}#statistic=max_t(geavg)+offset;offset_f=+0.0269;raw_f=68.2700;spread=gespr@f072;covered_leads=54-81"
LAX,KLAX,2026-05-24,2026-05-21T00:00:00Z,79,gefs,69.5569,1.4400,"s3://noaa-gefs-pds/gefs.20260521/00/atmos/pgrb2sp25/{geavg,gespr}.t00z.pgrb2s.0p25.f{084,090,096,102,105}#statistic=max_t(geavg)+offset;offset_f=+0.0269;raw_f=69.5300;spread=gespr@f096;covered_leads=78-105"
MIA,KMIA,2026-05-24,2026-05-24T00:00:00Z,4,gefs,85.2449,0.3600,"s3://noaa-gefs-pds/gefs.20260524/00/atmos/pgrb2sp25/{geavg,gespr}.t00z.pgrb2s.0p25.f{006,012,018,024,030}#statistic=max_t(geavg)+offset;offset_f=+0.0549;raw_f=85.1900;spread=gespr@f018;covered_leads=0-30"
MIA,KMIA,2026-05-24,2026-05-23T00:00:00Z,28,gefs,84.8849,0.5400,"s3://noaa-gefs-pds/gefs.20260523/00/atmos/pgrb2sp25/{geavg,gespr}.t00z.pgrb2s.0p25.f{030,036,042,048,054}#statistic=max_t(geavg)+offset;offset_f=+0.0549;raw_f=84.8300;spread=gespr@f048;covered_leads=24-54"
MIA,KMIA,2026-05-24,2026-05-22T00:00:00Z,52,gefs,85.4249,0.7200,"s3://noaa-gefs-pds/gefs.20260522/00/atmos/pgrb2sp25/{geavg,gespr}.t00z.pgrb2s.0p25.f{054,060,066,072,078}#statistic=max_t(geavg)+offset;offset_f=+0.0549;raw_f=85.3700;spread=gespr@f072;covered_leads=48-78"
MIA,KMIA,2026-05-24,2026-05-21T00:00:00Z,76,gefs,85.0649,0.7200,"s3://noaa-gefs-pds/gefs.20260521/00/atmos/pgrb2sp25/{geavg,gespr}.t00z.pgrb2s.0p25.f{078,084,090,096,102}#statistic=max_t(geavg)+offset;offset_f=+0.0549;raw_f=85.0100;spread=gespr@f096;covered_leads=72-102"
NY,KNYC,2026-05-24,2026-05-24T00:00:00Z,4,gefs,58.8014,1.4400,"s3://noaa-gefs-pds/gefs.20260524/00/atmos/pgrb2sp25/{geavg,gespr}.t00z.pgrb2s.0p25.f{006,012,018,024,030}#statistic=max_t(geavg)+offset;offset_f=+0.2514;raw_f=58.5500;spread=gespr@f024;covered_leads=0-30"
NY,KNYC,2026-05-24,2026-05-23T00:00:00Z,28,gefs,59.3414,1.8000,"s3://noaa-gefs-pds/gefs.20260523/00/atmos/pgrb2sp25/{geavg,gespr}.t00z.pgrb2s.0p25.f{030,036,042,048,054}#statistic=max_t(geavg)+offset;offset_f=+0.2514;raw_f=59.0900;spread=gespr@f054;covered_leads=24-54"
NY,KNYC,2026-05-24,2026-05-22T00:00:00Z,52,gefs,60.7814,3.7800,"s3://noaa-gefs-pds/gefs.20260522/00/atmos/pgrb2sp25/{geavg,gespr}.t00z.pgrb2s.0p25.f{054,060,066,072,078}#statistic=max_t(geavg)+offset;offset_f=+0.2514;raw_f=60.5300;spread=gespr@f072;covered_leads=48-78"
NY,KNYC,2026-05-24,2026-05-21T00:00:00Z,76,gefs,58.9814,3.7800,"s3://noaa-gefs-pds/gefs.20260521/00/atmos/pgrb2sp25/{geavg,gespr}.t00z.pgrb2s.0p25.f{078,084,090,096,102}#statistic=max_t(geavg)+offset;offset_f=+0.2514;raw_f=58.7300;spread=gespr@f096;covered_leads=72-102"
CHI,KMDW,2026-05-25,2026-05-25T00:00:00Z,5,gefs,80.9189,1.4400,"s3://noaa-gefs-pds/gefs.20260525/00/atmos/pgrb2sp25/{geavg,gespr}.t00z.pgrb2s.0p25.f{006,012,018,024,030}#statistic=max_t(geavg)+offset;offset_f=+0.0489;raw_f=80.8700;spread=gespr@f024;covered_leads=0-30"
CHI,KMDW,2026-05-25,2026-05-24T00:00:00Z,29,gefs,79.8389,2.5200,"s3://noaa-gefs-pds/gefs.20260524/00/atmos/pgrb2sp25/{geavg,gespr}.t00z.pgrb2s.0p25.f{030,036,042,048,054}#statistic=max_t(geavg)+offset;offset_f=+0.0489;raw_f=79.7900;spread=gespr@f048;covered_leads=24-54"
CHI,KMDW,2026-05-25,2026-05-23T00:00:00Z,53,gefs,81.4589,2.3400,"s3://noaa-gefs-pds/gefs.20260523/00/atmos/pgrb2sp25/{geavg,gespr}.t00z.pgrb2s.0p25.f{054,060,066,072,078}#statistic=max_t(geavg)+offset;offset_f=+0.0489;raw_f=81.4100;spread=gespr@f072;covered_leads=48-78"
CHI,KMDW,2026-05-25,2026-05-22T00:00:00Z,77,gefs,77.1389,5.0400,"s3://noaa-gefs-pds/gefs.20260522/00/atmos/pgrb2sp25/{geavg,gespr}.t00z.pgrb2s.0p25.f{078,084,090,096,102}#statistic=max_t(geavg)+offset;offset_f=+0.0489;raw_f=77.0900;spread=gespr@f096;covered_leads=72-102"
LAX,KLAX,2026-05-25,2026-05-25T00:00:00Z,7,gefs,66.3169,0.7200,"s3://noaa-gefs-pds/gefs.20260525/00/atmos/pgrb2sp25/{geavg,gespr}.t00z.pgrb2s.0p25.f{012,018,024,030,033}#statistic=max_t(geavg)+offset;offset_f=+0.0269;raw_f=66.2900;spread=gespr@f024;covered_leads=6-33"
LAX,KLAX,2026-05-25,2026-05-24T00:00:00Z,31,gefs,63.9769,1.2600,"s3://noaa-gefs-pds/gefs.20260524/00/atmos/pgrb2sp25/{geavg,gespr}.t00z.pgrb2s.0p25.f{036,042,048,054,057}#statistic=max_t(geavg)+offset;offset_f=+0.0269;raw_f=63.9500;spread=gespr@f048;covered_leads=30-57"
LAX,KLAX,2026-05-25,2026-05-23T00:00:00Z,55,gefs,64.6969,1.2600,"s3://noaa-gefs-pds/gefs.20260523/00/atmos/pgrb2sp25/{geavg,gespr}.t00z.pgrb2s.0p25.f{060,066,072,078,081}#statistic=max_t(geavg)+offset;offset_f=+0.0269;raw_f=64.6700;spread=gespr@f072;covered_leads=54-81"
LAX,KLAX,2026-05-25,2026-05-22T00:00:00Z,79,gefs,65.4169,1.6200,"s3://noaa-gefs-pds/gefs.20260522/00/atmos/pgrb2sp25/{geavg,gespr}.t00z.pgrb2s.0p25.f{084,090,096,102,105}#statistic=max_t(geavg)+offset;offset_f=+0.0269;raw_f=65.3900;spread=gespr@f096;covered_leads=78-105"
MIA,KMIA,2026-05-25,2026-05-25T00:00:00Z,4,gefs,85.9649,0.5400,"s3://noaa-gefs-pds/gefs.20260525/00/atmos/pgrb2sp25/{geavg,gespr}.t00z.pgrb2s.0p25.f{006,012,018,024,030}#statistic=max_t(geavg)+offset;offset_f=+0.0549;raw_f=85.9100;spread=gespr@f024;covered_leads=0-30"
MIA,KMIA,2026-05-25,2026-05-24T00:00:00Z,28,gefs,85.6049,0.5400,"s3://noaa-gefs-pds/gefs.20260524/00/atmos/pgrb2sp25/{geavg,gespr}.t00z.pgrb2s.0p25.f{030,036,042,048,054}#statistic=max_t(geavg)+offset;offset_f=+0.0549;raw_f=85.5500;spread=gespr@f048;covered_leads=24-54"
MIA,KMIA,2026-05-25,2026-05-23T00:00:00Z,52,gefs,85.2449,0.7200,"s3://noaa-gefs-pds/gefs.20260523/00/atmos/pgrb2sp25/{geavg,gespr}.t00z.pgrb2s.0p25.f{054,060,066,072,078}#statistic=max_t(geavg)+offset;offset_f=+0.0549;raw_f=85.1900;spread=gespr@f072;covered_leads=48-78"
MIA,KMIA,2026-05-25,2026-05-22T00:00:00Z,76,gefs,85.2449,0.9000,"s3://noaa-gefs-pds/gefs.20260522/00/atmos/pgrb2sp25/{geavg,gespr}.t00z.pgrb2s.0p25.f{078,084,090,096,102}#statistic=max_t(geavg)+offset;offset_f=+0.0549;raw_f=85.1900;spread=gespr@f096;covered_leads=72-102"
NY,KNYC,2026-05-25,2026-05-25T00:00:00Z,4,gefs,74.4614,1.8000,"s3://noaa-gefs-pds/gefs.20260525/00/atmos/pgrb2sp25/{geavg,gespr}.t00z.pgrb2s.0p25.f{006,012,018,024,030}#statistic=max_t(geavg)+offset;offset_f=+0.2514;raw_f=74.2100;spread=gespr@f024;covered_leads=0-30"
NY,KNYC,2026-05-25,2026-05-24T00:00:00Z,28,gefs,72.6614,4.6800,"s3://noaa-gefs-pds/gefs.20260524/00/atmos/pgrb2sp25/{geavg,gespr}.t00z.pgrb2s.0p25.f{030,036,042,048,054}#statistic=max_t(geavg)+offset;offset_f=+0.2514;raw_f=72.4100;spread=gespr@f048;covered_leads=24-54"
NY,KNYC,2026-05-25,2026-05-23T00:00:00Z,52,gefs,73.5614,5.9400,"s3://noaa-gefs-pds/gefs.20260523/00/atmos/pgrb2sp25/{geavg,gespr}.t00z.pgrb2s.0p25.f{054,060,066,072,078}#statistic=max_t(geavg)+offset;offset_f=+0.2514;raw_f=73.3100;spread=gespr@f072;covered_leads=48-78"
NY,KNYC,2026-05-25,2026-05-22T00:00:00Z,76,gefs,72.1214,5.9400,"s3://noaa-gefs-pds/gefs.20260522/00/atmos/pgrb2sp25/{geavg,gespr}.t00z.pgrb2s.0p25.f{078,084,090,096,102}#statistic=max_t(geavg)+offset;offset_f=+0.2514;raw_f=71.8700;spread=gespr@f096;covered_leads=72-102"
CHI,KMDW,2026-05-26,2026-05-26T00:00:00Z,5,gefs,82.5389,1.2600,"s3://noaa-gefs-pds/gefs.20260526/00/atmos/pgrb2sp25/{geavg,gespr}.t00z.pgrb2s.0p25.f{006,012,018,024,030}#statistic=max_t(geavg)+offset;offset_f=+0.0489;raw_f=82.4900;spread=gespr@f024;covered_leads=0-30"
CHI,KMDW,2026-05-26,2026-05-25T00:00:00Z,29,gefs,83.0789,1.9800,"s3://noaa-gefs-pds/gefs.20260525/00/atmos/pgrb2sp25/{geavg,gespr}.t00z.pgrb2s.0p25.f{030,036,042,048,054}#statistic=max_t(geavg)+offset;offset_f=+0.0489;raw_f=83.0300;spread=gespr@f048;covered_leads=24-54"
CHI,KMDW,2026-05-26,2026-05-24T00:00:00Z,53,gefs,83.2589,2.8800,"s3://noaa-gefs-pds/gefs.20260524/00/atmos/pgrb2sp25/{geavg,gespr}.t00z.pgrb2s.0p25.f{054,060,066,072,078}#statistic=max_t(geavg)+offset;offset_f=+0.0489;raw_f=83.2100;spread=gespr@f072;covered_leads=48-78"
CHI,KMDW,2026-05-26,2026-05-23T00:00:00Z,77,gefs,81.4589,3.7800,"s3://noaa-gefs-pds/gefs.20260523/00/atmos/pgrb2sp25/{geavg,gespr}.t00z.pgrb2s.0p25.f{078,084,090,096,102}#statistic=max_t(geavg)+offset;offset_f=+0.0489;raw_f=81.4100;spread=gespr@f096;covered_leads=72-102"
LAX,KLAX,2026-05-26,2026-05-26T00:00:00Z,7,gefs,63.7969,1.0800,"s3://noaa-gefs-pds/gefs.20260526/00/atmos/pgrb2sp25/{geavg,gespr}.t00z.pgrb2s.0p25.f{012,018,024,030,033}#statistic=max_t(geavg)+offset;offset_f=+0.0269;raw_f=63.7700;spread=gespr@f024;covered_leads=6-33"
LAX,KLAX,2026-05-26,2026-05-25T00:00:00Z,31,gefs,62.7169,1.0800,"s3://noaa-gefs-pds/gefs.20260525/00/atmos/pgrb2sp25/{geavg,gespr}.t00z.pgrb2s.0p25.f{036,042,048,054,057}#statistic=max_t(geavg)+offset;offset_f=+0.0269;raw_f=62.6900;spread=gespr@f048;covered_leads=30-57"
LAX,KLAX,2026-05-26,2026-05-24T00:00:00Z,55,gefs,61.8169,1.0800,"s3://noaa-gefs-pds/gefs.20260524/00/atmos/pgrb2sp25/{geavg,gespr}.t00z.pgrb2s.0p25.f{060,066,072,078,081}#statistic=max_t(geavg)+offset;offset_f=+0.0269;raw_f=61.7900;spread=gespr@f072;covered_leads=54-81"
LAX,KLAX,2026-05-26,2026-05-23T00:00:00Z,79,gefs,63.0769,1.6200,"s3://noaa-gefs-pds/gefs.20260523/00/atmos/pgrb2sp25/{geavg,gespr}.t00z.pgrb2s.0p25.f{084,090,096,102,105}#statistic=max_t(geavg)+offset;offset_f=+0.0269;raw_f=63.0500;spread=gespr@f096;covered_leads=78-105"
MIA,KMIA,2026-05-26,2026-05-26T00:00:00Z,4,gefs,85.9649,0.5400,"s3://noaa-gefs-pds/gefs.20260526/00/atmos/pgrb2sp25/{geavg,gespr}.t00z.pgrb2s.0p25.f{006,012,018,024,030}#statistic=max_t(geavg)+offset;offset_f=+0.0549;raw_f=85.9100;spread=gespr@f024;covered_leads=0-30"
MIA,KMIA,2026-05-26,2026-05-25T00:00:00Z,28,gefs,85.9649,0.7200,"s3://noaa-gefs-pds/gefs.20260525/00/atmos/pgrb2sp25/{geavg,gespr}.t00z.pgrb2s.0p25.f{030,036,042,048,054}#statistic=max_t(geavg)+offset;offset_f=+0.0549;raw_f=85.9100;spread=gespr@f048;covered_leads=24-54"
MIA,KMIA,2026-05-26,2026-05-24T00:00:00Z,52,gefs,85.6049,0.5400,"s3://noaa-gefs-pds/gefs.20260524/00/atmos/pgrb2sp25/{geavg,gespr}.t00z.pgrb2s.0p25.f{054,060,066,072,078}#statistic=max_t(geavg)+offset;offset_f=+0.0549;raw_f=85.5500;spread=gespr@f072;covered_leads=48-78"
MIA,KMIA,2026-05-26,2026-05-23T00:00:00Z,76,gefs,85.4249,0.7200,"s3://noaa-gefs-pds/gefs.20260523/00/atmos/pgrb2sp25/{geavg,gespr}.t00z.pgrb2s.0p25.f{078,084,090,096,102}#statistic=max_t(geavg)+offset;offset_f=+0.0549;raw_f=85.3700;spread=gespr@f096;covered_leads=72-102"
NY,KNYC,2026-05-26,2026-05-26T00:00:00Z,4,gefs,80.5814,1.6200,"s3://noaa-gefs-pds/gefs.20260526/00/atmos/pgrb2sp25/{geavg,gespr}.t00z.pgrb2s.0p25.f{006,012,018,024,030}#statistic=max_t(geavg)+offset;offset_f=+0.2514;raw_f=80.3300;spread=gespr@f024;covered_leads=0-30"
NY,KNYC,2026-05-26,2026-05-25T00:00:00Z,28,gefs,80.2214,2.5200,"s3://noaa-gefs-pds/gefs.20260525/00/atmos/pgrb2sp25/{geavg,gespr}.t00z.pgrb2s.0p25.f{030,036,042,048,054}#statistic=max_t(geavg)+offset;offset_f=+0.2514;raw_f=79.9700;spread=gespr@f048;covered_leads=24-54"
NY,KNYC,2026-05-26,2026-05-24T00:00:00Z,52,gefs,79.5014,3.4200,"s3://noaa-gefs-pds/gefs.20260524/00/atmos/pgrb2sp25/{geavg,gespr}.t00z.pgrb2s.0p25.f{054,060,066,072,078}#statistic=max_t(geavg)+offset;offset_f=+0.2514;raw_f=79.2500;spread=gespr@f072;covered_leads=48-78"
NY,KNYC,2026-05-26,2026-05-23T00:00:00Z,76,gefs,78.6014,7.3800,"s3://noaa-gefs-pds/gefs.20260523/00/atmos/pgrb2sp25/{geavg,gespr}.t00z.pgrb2s.0p25.f{078,084,090,096,102}#statistic=max_t(geavg)+offset;offset_f=+0.2514;raw_f=78.3500;spread=gespr@f096;covered_leads=72-102"
CHI,KMDW,2026-05-27,2026-05-27T00:00:00Z,5,gefs,82.3589,2.1600,"s3://noaa-gefs-pds/gefs.20260527/00/atmos/pgrb2sp25/{geavg,gespr}.t00z.pgrb2s.0p25.f{006,012,018,024,030}#statistic=max_t(geavg)+offset;offset_f=+0.0489;raw_f=82.3100;spread=gespr@f024;covered_leads=0-30"
CHI,KMDW,2026-05-27,2026-05-26T00:00:00Z,29,gefs,82.4489,3.0780,"s3://noaa-gefs-pds/gefs.20260526/00/atmos/pgrb2sp25/{geavg,gespr}.t00z.pgrb2s.0p25.f{030,036,042,048,054}#statistic=max_t(geavg)+offset;offset_f=+0.0489;raw_f=82.4000;spread=gespr@f048;covered_leads=24-54"
CHI,KMDW,2026-05-27,2026-05-25T00:00:00Z,53,gefs,82.2869,4.7340,"s3://noaa-gefs-pds/gefs.20260525/00/atmos/pgrb2sp25/{geavg,gespr}.t00z.pgrb2s.0p25.f{054,060,066,072,078}#statistic=max_t(geavg)+offset;offset_f=+0.0489;raw_f=82.2380;spread=gespr@f072;covered_leads=48-78"
CHI,KMDW,2026-05-27,2026-05-24T00:00:00Z,77,gefs,80.3789,3.9600,"s3://noaa-gefs-pds/gefs.20260524/00/atmos/pgrb2sp25/{geavg,gespr}.t00z.pgrb2s.0p25.f{078,084,090,096,102}#statistic=max_t(geavg)+offset;offset_f=+0.0489;raw_f=80.3300;spread=gespr@f096;covered_leads=72-102"
LAX,KLAX,2026-05-27,2026-05-27T00:00:00Z,7,gefs,63.6169,1.0800,"s3://noaa-gefs-pds/gefs.20260527/00/atmos/pgrb2sp25/{geavg,gespr}.t00z.pgrb2s.0p25.f{012,018,024,030,033}#statistic=max_t(geavg)+offset;offset_f=+0.0269;raw_f=63.5900;spread=gespr@f024;covered_leads=6-33"
LAX,KLAX,2026-05-27,2026-05-26T00:00:00Z,31,gefs,63.0589,1.2960,"s3://noaa-gefs-pds/gefs.20260526/00/atmos/pgrb2sp25/{geavg,gespr}.t00z.pgrb2s.0p25.f{036,042,048,054,057}#statistic=max_t(geavg)+offset;offset_f=+0.0269;raw_f=63.0320;spread=gespr@f048;covered_leads=30-57"
LAX,KLAX,2026-05-27,2026-05-25T00:00:00Z,55,gefs,63.6529,1.3680,"s3://noaa-gefs-pds/gefs.20260525/00/atmos/pgrb2sp25/{geavg,gespr}.t00z.pgrb2s.0p25.f{060,066,072,078,081}#statistic=max_t(geavg)+offset;offset_f=+0.0269;raw_f=63.6260;spread=gespr@f072;covered_leads=54-81"
LAX,KLAX,2026-05-27,2026-05-24T00:00:00Z,79,gefs,65.0569,2.1600,"s3://noaa-gefs-pds/gefs.20260524/00/atmos/pgrb2sp25/{geavg,gespr}.t00z.pgrb2s.0p25.f{084,090,096,102,105}#statistic=max_t(geavg)+offset;offset_f=+0.0269;raw_f=65.0300;spread=gespr@f096;covered_leads=78-105"
MIA,KMIA,2026-05-27,2026-05-27T00:00:00Z,4,gefs,85.7849,0.7200,"s3://noaa-gefs-pds/gefs.20260527/00/atmos/pgrb2sp25/{geavg,gespr}.t00z.pgrb2s.0p25.f{006,012,018,024,030}#statistic=max_t(geavg)+offset;offset_f=+0.0549;raw_f=85.7300;spread=gespr@f024;covered_leads=0-30"
MIA,KMIA,2026-05-27,2026-05-26T00:00:00Z,28,gefs,85.7309,0.5040,"s3://noaa-gefs-pds/gefs.20260526/00/atmos/pgrb2sp25/{geavg,gespr}.t00z.pgrb2s.0p25.f{030,036,042,048,054}#statistic=max_t(geavg)+offset;offset_f=+0.0549;raw_f=85.6760;spread=gespr@f048;covered_leads=24-54"
MIA,KMIA,2026-05-27,2026-05-25T00:00:00Z,52,gefs,85.2269,1.0800,"s3://noaa-gefs-pds/gefs.20260525/00/atmos/pgrb2sp25/{geavg,gespr}.t00z.pgrb2s.0p25.f{054,060,066,072,078}#statistic=max_t(geavg)+offset;offset_f=+0.0549;raw_f=85.1720;spread=gespr@f072;covered_leads=48-78"
MIA,KMIA,2026-05-27,2026-05-24T00:00:00Z,76,gefs,83.6249,1.2600,"s3://noaa-gefs-pds/gefs.20260524/00/atmos/pgrb2sp25/{geavg,gespr}.t00z.pgrb2s.0p25.f{078,084,090,096,102}#statistic=max_t(geavg)+offset;offset_f=+0.0549;raw_f=83.5700;spread=gespr@f090;covered_leads=72-102"
NY,KNYC,2026-05-27,2026-05-27T00:00:00Z,4,gefs,84.3614,2.8800,"s3://noaa-gefs-pds/gefs.20260527/00/atmos/pgrb2sp25/{geavg,gespr}.t00z.pgrb2s.0p25.f{006,012,018,024,030}#statistic=max_t(geavg)+offset;offset_f=+0.2514;raw_f=84.1100;spread=gespr@f024;covered_leads=0-30"
NY,KNYC,2026-05-27,2026-05-26T00:00:00Z,28,gefs,80.5814,4.7880,"s3://noaa-gefs-pds/gefs.20260526/00/atmos/pgrb2sp25/{geavg,gespr}.t00z.pgrb2s.0p25.f{030,036,042,048,054}#statistic=max_t(geavg)+offset;offset_f=+0.2514;raw_f=80.3300;spread=gespr@f048;covered_leads=24-54"
NY,KNYC,2026-05-27,2026-05-25T00:00:00Z,52,gefs,83.9114,3.6360,"s3://noaa-gefs-pds/gefs.20260525/00/atmos/pgrb2sp25/{geavg,gespr}.t00z.pgrb2s.0p25.f{054,060,066,072,078}#statistic=max_t(geavg)+offset;offset_f=+0.2514;raw_f=83.6600;spread=gespr@f072;covered_leads=48-78"
NY,KNYC,2026-05-27,2026-05-24T00:00:00Z,76,gefs,85.6214,3.7800,"s3://noaa-gefs-pds/gefs.20260524/00/atmos/pgrb2sp25/{geavg,gespr}.t00z.pgrb2s.0p25.f{078,084,090,096,102}#statistic=max_t(geavg)+offset;offset_f=+0.2514;raw_f=85.3700;spread=gespr@f096;covered_leads=72-102"
CHI,KMDW,2026-05-28,2026-05-28T00:00:00Z,5,gefs,72.6389,0.9000,"s3://noaa-gefs-pds/gefs.20260528/00/atmos/pgrb2sp25/{geavg,gespr}.t00z.pgrb2s.0p25.f{006,012,018,024,030}#statistic=max_t(geavg)+offset;offset_f=+0.0489;raw_f=72.5900;spread=gespr@f006;covered_leads=0-30"
CHI,KMDW,2026-05-28,2026-05-27T00:00:00Z,29,gefs,72.6389,2.3400,"s3://noaa-gefs-pds/gefs.20260527/00/atmos/pgrb2sp25/{geavg,gespr}.t00z.pgrb2s.0p25.f{030,036,042,048,054}#statistic=max_t(geavg)+offset;offset_f=+0.0489;raw_f=72.5900;spread=gespr@f030;covered_leads=24-54"
CHI,KMDW,2026-05-28,2026-05-26T00:00:00Z,53,gefs,73.7189,3.6000,"s3://noaa-gefs-pds/gefs.20260526/00/atmos/pgrb2sp25/{geavg,gespr}.t00z.pgrb2s.0p25.f{054,060,066,072,078}#statistic=max_t(geavg)+offset;offset_f=+0.0489;raw_f=73.6700;spread=gespr@f054;covered_leads=48-78"
CHI,KMDW,2026-05-28,2026-05-25T00:00:00Z,77,gefs,72.9989,5.0400,"s3://noaa-gefs-pds/gefs.20260525/00/atmos/pgrb2sp25/{geavg,gespr}.t00z.pgrb2s.0p25.f{078,084,090,096,102}#statistic=max_t(geavg)+offset;offset_f=+0.0489;raw_f=72.9500;spread=gespr@f078;covered_leads=72-102"
LAX,KLAX,2026-05-28,2026-05-28T00:00:00Z,7,gefs,64.2289,0.9540,"s3://noaa-gefs-pds/gefs.20260528/00/atmos/pgrb2sp25/{geavg,gespr}.t00z.pgrb2s.0p25.f{012,018,024,030,033}#statistic=max_t(geavg)+offset;offset_f=+0.0269;raw_f=64.2020;spread=gespr@f024;covered_leads=6-33"
LAX,KLAX,2026-05-28,2026-05-27T00:00:00Z,31,gefs,64.3176,1.1538,"s3://noaa-gefs-pds/gefs.20260527/00/atmos/pgrb2sp25/{geavg,gespr}.t00z.pgrb2s.0p25.f{036,042,048,054,057}#statistic=max_t(geavg)+offset;offset_f=+0.0269;raw_f=64.2907;spread=gespr@f048;covered_leads=30-57"
LAX,KLAX,2026-05-28,2026-05-26T00:00:00Z,55,gefs,64.3369,1.6200,"s3://noaa-gefs-pds/gefs.20260526/00/atmos/pgrb2sp25/{geavg,gespr}.t00z.pgrb2s.0p25.f{060,066,072,078,081}#statistic=max_t(geavg)+offset;offset_f=+0.0269;raw_f=64.3100;spread=gespr@f072;covered_leads=54-81"
LAX,KLAX,2026-05-28,2026-05-25T00:00:00Z,79,gefs,64.5349,1.2780,"s3://noaa-gefs-pds/gefs.20260525/00/atmos/pgrb2sp25/{geavg,gespr}.t00z.pgrb2s.0p25.f{084,090,096,102,105}#statistic=max_t(geavg)+offset;offset_f=+0.0269;raw_f=64.5080;spread=gespr@f096;covered_leads=78-105"
MIA,KMIA,2026-05-28,2026-05-28T00:00:00Z,4,gefs,85.0649,0.7200,"s3://noaa-gefs-pds/gefs.20260528/00/atmos/pgrb2sp25/{geavg,gespr}.t00z.pgrb2s.0p25.f{006,012,018,024,030}#statistic=max_t(geavg)+offset;offset_f=+0.0549;raw_f=85.0100;spread=gespr@f018;covered_leads=0-30"
MIA,KMIA,2026-05-28,2026-05-27T00:00:00Z,28,gefs,84.7049,1.2600,"s3://noaa-gefs-pds/gefs.20260527/00/atmos/pgrb2sp25/{geavg,gespr}.t00z.pgrb2s.0p25.f{030,036,042,048,054}#statistic=max_t(geavg)+offset;offset_f=+0.0549;raw_f=84.6500;spread=gespr@f042;covered_leads=24-54"
MIA,KMIA,2026-05-28,2026-05-26T00:00:00Z,52,gefs,83.8049,1.8000,"s3://noaa-gefs-pds/gefs.20260526/00/atmos/pgrb2sp25/{geavg,gespr}.t00z.pgrb2s.0p25.f{054,060,066,072,078}#statistic=max_t(geavg)+offset;offset_f=+0.0549;raw_f=83.7500;spread=gespr@f066;covered_leads=48-78"
MIA,KMIA,2026-05-28,2026-05-25T00:00:00Z,76,gefs,84.7049,1.9800,"s3://noaa-gefs-pds/gefs.20260525/00/atmos/pgrb2sp25/{geavg,gespr}.t00z.pgrb2s.0p25.f{078,084,090,096,102}#statistic=max_t(geavg)+offset;offset_f=+0.0549;raw_f=84.6500;spread=gespr@f090;covered_leads=72-102"
NY,KNYC,2026-05-28,2026-05-28T00:00:00Z,4,gefs,76.6214,0.7200,"s3://noaa-gefs-pds/gefs.20260528/00/atmos/pgrb2sp25/{geavg,gespr}.t00z.pgrb2s.0p25.f{006,012,018,024,030}#statistic=max_t(geavg)+offset;offset_f=+0.2514;raw_f=76.3700;spread=gespr@f006;covered_leads=0-30"
NY,KNYC,2026-05-28,2026-05-27T00:00:00Z,28,gefs,78.6014,2.3400,"s3://noaa-gefs-pds/gefs.20260527/00/atmos/pgrb2sp25/{geavg,gespr}.t00z.pgrb2s.0p25.f{030,036,042,048,054}#statistic=max_t(geavg)+offset;offset_f=+0.2514;raw_f=78.3500;spread=gespr@f030;covered_leads=24-54"
NY,KNYC,2026-05-28,2026-05-26T00:00:00Z,52,gefs,75.7214,3.2400,"s3://noaa-gefs-pds/gefs.20260526/00/atmos/pgrb2sp25/{geavg,gespr}.t00z.pgrb2s.0p25.f{054,060,066,072,078}#statistic=max_t(geavg)+offset;offset_f=+0.2514;raw_f=75.4700;spread=gespr@f066;covered_leads=48-78"
NY,KNYC,2026-05-28,2026-05-25T00:00:00Z,76,gefs,78.0614,3.0600,"s3://noaa-gefs-pds/gefs.20260525/00/atmos/pgrb2sp25/{geavg,gespr}.t00z.pgrb2s.0p25.f{078,084,090,096,102}#statistic=max_t(geavg)+offset;offset_f=+0.2514;raw_f=77.8100;spread=gespr@f078;covered_leads=72-102"
CHI,KMDW,2026-05-29,2026-05-29T00:00:00Z,5,gefs,81.4589,1.6200,"s3://noaa-gefs-pds/gefs.20260529/00/atmos/pgrb2sp25/{geavg,gespr}.t00z.pgrb2s.0p25.f{006,012,018,024,030}#statistic=max_t(geavg)+offset;offset_f=+0.0489;raw_f=81.4100;spread=gespr@f024;covered_leads=0-30"
CHI,KMDW,2026-05-29,2026-05-28T00:00:00Z,29,gefs,78.2189,2.8800,"s3://noaa-gefs-pds/gefs.20260528/00/atmos/pgrb2sp25/{geavg,gespr}.t00z.pgrb2s.0p25.f{030,036,042,048,054}#statistic=max_t(geavg)+offset;offset_f=+0.0489;raw_f=78.1700;spread=gespr@f048;covered_leads=24-54"
CHI,KMDW,2026-05-29,2026-05-27T00:00:00Z,53,gefs,76.4189,3.0600,"s3://noaa-gefs-pds/gefs.20260527/00/atmos/pgrb2sp25/{geavg,gespr}.t00z.pgrb2s.0p25.f{054,060,066,072,078}#statistic=max_t(geavg)+offset;offset_f=+0.0489;raw_f=76.3700;spread=gespr@f072;covered_leads=48-78"
CHI,KMDW,2026-05-29,2026-05-26T00:00:00Z,77,gefs,75.3389,3.4200,"s3://noaa-gefs-pds/gefs.20260526/00/atmos/pgrb2sp25/{geavg,gespr}.t00z.pgrb2s.0p25.f{078,084,090,096,102}#statistic=max_t(geavg)+offset;offset_f=+0.0489;raw_f=75.2900;spread=gespr@f096;covered_leads=72-102"
LAX,KLAX,2026-05-29,2026-05-29T00:00:00Z,7,gefs,66.6769,0.5400,"s3://noaa-gefs-pds/gefs.20260529/00/atmos/pgrb2sp25/{geavg,gespr}.t00z.pgrb2s.0p25.f{012,018,024,030,033}#statistic=max_t(geavg)+offset;offset_f=+0.0269;raw_f=66.6500;spread=gespr@f024;covered_leads=6-33"
LAX,KLAX,2026-05-29,2026-05-28T00:00:00Z,31,gefs,66.6769,0.7200,"s3://noaa-gefs-pds/gefs.20260528/00/atmos/pgrb2sp25/{geavg,gespr}.t00z.pgrb2s.0p25.f{036,042,048,054,057}#statistic=max_t(geavg)+offset;offset_f=+0.0269;raw_f=66.6500;spread=gespr@f048;covered_leads=30-57"
LAX,KLAX,2026-05-29,2026-05-27T00:00:00Z,55,gefs,67.0369,0.9000,"s3://noaa-gefs-pds/gefs.20260527/00/atmos/pgrb2sp25/{geavg,gespr}.t00z.pgrb2s.0p25.f{060,066,072,078,081}#statistic=max_t(geavg)+offset;offset_f=+0.0269;raw_f=67.0100;spread=gespr@f072;covered_leads=54-81"
LAX,KLAX,2026-05-29,2026-05-26T00:00:00Z,79,gefs,67.2169,0.9000,"s3://noaa-gefs-pds/gefs.20260526/00/atmos/pgrb2sp25/{geavg,gespr}.t00z.pgrb2s.0p25.f{084,090,096,102,105}#statistic=max_t(geavg)+offset;offset_f=+0.0269;raw_f=67.1900;spread=gespr@f096;covered_leads=78-105"
MIA,KMIA,2026-05-29,2026-05-29T00:00:00Z,4,gefs,88.1249,1.2600,"s3://noaa-gefs-pds/gefs.20260529/00/atmos/pgrb2sp25/{geavg,gespr}.t00z.pgrb2s.0p25.f{006,012,018,024,030}#statistic=max_t(geavg)+offset;offset_f=+0.0549;raw_f=88.0700;spread=gespr@f024;covered_leads=0-30"
MIA,KMIA,2026-05-29,2026-05-28T00:00:00Z,28,gefs,87.9449,1.6200,"s3://noaa-gefs-pds/gefs.20260528/00/atmos/pgrb2sp25/{geavg,gespr}.t00z.pgrb2s.0p25.f{030,036,042,048,054}#statistic=max_t(geavg)+offset;offset_f=+0.0549;raw_f=87.8900;spread=gespr@f048;covered_leads=24-54"
MIA,KMIA,2026-05-29,2026-05-27T00:00:00Z,52,gefs,88.6649,2.1600,"s3://noaa-gefs-pds/gefs.20260527/00/atmos/pgrb2sp25/{geavg,gespr}.t00z.pgrb2s.0p25.f{054,060,066,072,078}#statistic=max_t(geavg)+offset;offset_f=+0.0549;raw_f=88.6100;spread=gespr@f072;covered_leads=48-78"
MIA,KMIA,2026-05-29,2026-05-26T00:00:00Z,76,gefs,87.2249,2.7000,"s3://noaa-gefs-pds/gefs.20260526/00/atmos/pgrb2sp25/{geavg,gespr}.t00z.pgrb2s.0p25.f{078,084,090,096,102}#statistic=max_t(geavg)+offset;offset_f=+0.0549;raw_f=87.1700;spread=gespr@f096;covered_leads=72-102"
NY,KNYC,2026-05-29,2026-05-29T00:00:00Z,4,gefs,78.0614,1.8000,"s3://noaa-gefs-pds/gefs.20260529/00/atmos/pgrb2sp25/{geavg,gespr}.t00z.pgrb2s.0p25.f{006,012,018,024,030}#statistic=max_t(geavg)+offset;offset_f=+0.2514;raw_f=77.8100;spread=gespr@f024;covered_leads=0-30"
NY,KNYC,2026-05-29,2026-05-28T00:00:00Z,28,gefs,78.0614,1.8000,"s3://noaa-gefs-pds/gefs.20260528/00/atmos/pgrb2sp25/{geavg,gespr}.t00z.pgrb2s.0p25.f{030,036,042,048,054}#statistic=max_t(geavg)+offset;offset_f=+0.2514;raw_f=77.8100;spread=gespr@f048;covered_leads=24-54"
NY,KNYC,2026-05-29,2026-05-27T00:00:00Z,52,gefs,78.0614,2.7000,"s3://noaa-gefs-pds/gefs.20260527/00/atmos/pgrb2sp25/{geavg,gespr}.t00z.pgrb2s.0p25.f{054,060,066,072,078}#statistic=max_t(geavg)+offset;offset_f=+0.2514;raw_f=77.8100;spread=gespr@f072;covered_leads=48-78"
NY,KNYC,2026-05-29,2026-05-26T00:00:00Z,76,gefs,75.3614,3.4200,"s3://noaa-gefs-pds/gefs.20260526/00/atmos/pgrb2sp25/{geavg,gespr}.t00z.pgrb2s.0p25.f{078,084,090,096,102}#statistic=max_t(geavg)+offset;offset_f=+0.2514;raw_f=75.1100;spread=gespr@f096;covered_leads=72-102"
CHI,KMDW,2026-05-30,2026-05-30T00:00:00Z,5,gefs,74.2589,0.5400,"s3://noaa-gefs-pds/gefs.20260530/00/atmos/pgrb2sp25/{geavg,gespr}.t00z.pgrb2s.0p25.f{006,012,018,024,030}#statistic=max_t(geavg)+offset;offset_f=+0.0489;raw_f=74.2100;spread=gespr@f006;covered_leads=0-30"
CHI,KMDW,2026-05-30,2026-05-29T00:00:00Z,29,gefs,72.2789,1.9800,"s3://noaa-gefs-pds/gefs.20260529/00/atmos/pgrb2sp25/{geavg,gespr}.t00z.pgrb2s.0p25.f{030,036,042,048,054}#statistic=max_t(geavg)+offset;offset_f=+0.0489;raw_f=72.2300;spread=gespr@f030;covered_leads=24-54"
CHI,KMDW,2026-05-30,2026-05-28T00:00:00Z,53,gefs,70.1189,2.5200,"s3://noaa-gefs-pds/gefs.20260528/00/atmos/pgrb2sp25/{geavg,gespr}.t00z.pgrb2s.0p25.f{054,060,066,072,078}#statistic=max_t(geavg)+offset;offset_f=+0.0489;raw_f=70.0700;spread=gespr@f054;covered_leads=48-78"
CHI,KMDW,2026-05-30,2026-05-27T00:00:00Z,77,gefs,73.8989,5.4000,"s3://noaa-gefs-pds/gefs.20260527/00/atmos/pgrb2sp25/{geavg,gespr}.t00z.pgrb2s.0p25.f{078,084,090,096,102}#statistic=max_t(geavg)+offset;offset_f=+0.0489;raw_f=73.8500;spread=gespr@f096;covered_leads=72-102"
LAX,KLAX,2026-05-30,2026-05-30T00:00:00Z,7,gefs,70.9969,0.5400,"s3://noaa-gefs-pds/gefs.20260530/00/atmos/pgrb2sp25/{geavg,gespr}.t00z.pgrb2s.0p25.f{012,018,024,030,033}#statistic=max_t(geavg)+offset;offset_f=+0.0269;raw_f=70.9700;spread=gespr@f024;covered_leads=6-33"
LAX,KLAX,2026-05-30,2026-05-29T00:00:00Z,31,gefs,71.1769,0.5400,"s3://noaa-gefs-pds/gefs.20260529/00/atmos/pgrb2sp25/{geavg,gespr}.t00z.pgrb2s.0p25.f{036,042,048,054,057}#statistic=max_t(geavg)+offset;offset_f=+0.0269;raw_f=71.1500;spread=gespr@f048;covered_leads=30-57"
LAX,KLAX,2026-05-30,2026-05-28T00:00:00Z,55,gefs,71.3569,0.5400,"s3://noaa-gefs-pds/gefs.20260528/00/atmos/pgrb2sp25/{geavg,gespr}.t00z.pgrb2s.0p25.f{060,066,072,078,081}#statistic=max_t(geavg)+offset;offset_f=+0.0269;raw_f=71.3300;spread=gespr@f072;covered_leads=54-81"
LAX,KLAX,2026-05-30,2026-05-27T00:00:00Z,79,gefs,71.8969,1.0800,"s3://noaa-gefs-pds/gefs.20260527/00/atmos/pgrb2sp25/{geavg,gespr}.t00z.pgrb2s.0p25.f{084,090,096,102,105}#statistic=max_t(geavg)+offset;offset_f=+0.0269;raw_f=71.8700;spread=gespr@f096;covered_leads=78-105"
MIA,KMIA,2026-05-30,2026-05-30T00:00:00Z,4,gefs,84.1649,0.3600,"s3://noaa-gefs-pds/gefs.20260530/00/atmos/pgrb2sp25/{geavg,gespr}.t00z.pgrb2s.0p25.f{006,012,018,024,030}#statistic=max_t(geavg)+offset;offset_f=+0.0549;raw_f=84.1100;spread=gespr@f006;covered_leads=0-30"
MIA,KMIA,2026-05-30,2026-05-29T00:00:00Z,28,gefs,88.1249,2.7000,"s3://noaa-gefs-pds/gefs.20260529/00/atmos/pgrb2sp25/{geavg,gespr}.t00z.pgrb2s.0p25.f{030,036,042,048,054}#statistic=max_t(geavg)+offset;offset_f=+0.0549;raw_f=88.0700;spread=gespr@f048;covered_leads=24-54"
MIA,KMIA,2026-05-30,2026-05-28T00:00:00Z,52,gefs,87.9449,2.7000,"s3://noaa-gefs-pds/gefs.20260528/00/atmos/pgrb2sp25/{geavg,gespr}.t00z.pgrb2s.0p25.f{054,060,066,072,078}#statistic=max_t(geavg)+offset;offset_f=+0.0549;raw_f=87.8900;spread=gespr@f072;covered_leads=48-78"
MIA,KMIA,2026-05-30,2026-05-27T00:00:00Z,76,gefs,86.1449,4.5000,"s3://noaa-gefs-pds/gefs.20260527/00/atmos/pgrb2sp25/{geavg,gespr}.t00z.pgrb2s.0p25.f{078,084,090,096,102}#statistic=max_t(geavg)+offset;offset_f=+0.0549;raw_f=86.0900;spread=gespr@f096;covered_leads=72-102"
NY,KNYC,2026-05-30,2026-05-30T00:00:00Z,4,gefs,72.6614,0.3600,"s3://noaa-gefs-pds/gefs.20260530/00/atmos/pgrb2sp25/{geavg,gespr}.t00z.pgrb2s.0p25.f{006,012,018,024,030}#statistic=max_t(geavg)+offset;offset_f=+0.2514;raw_f=72.4100;spread=gespr@f006;covered_leads=0-30"
NY,KNYC,2026-05-30,2026-05-29T00:00:00Z,28,gefs,74.1014,1.0800,"s3://noaa-gefs-pds/gefs.20260529/00/atmos/pgrb2sp25/{geavg,gespr}.t00z.pgrb2s.0p25.f{030,036,042,048,054}#statistic=max_t(geavg)+offset;offset_f=+0.2514;raw_f=73.8500;spread=gespr@f030;covered_leads=24-54"
NY,KNYC,2026-05-30,2026-05-28T00:00:00Z,52,gefs,72.4814,2.7000,"s3://noaa-gefs-pds/gefs.20260528/00/atmos/pgrb2sp25/{geavg,gespr}.t00z.pgrb2s.0p25.f{054,060,066,072,078}#statistic=max_t(geavg)+offset;offset_f=+0.2514;raw_f=72.2300;spread=gespr@f054;covered_leads=48-78"
NY,KNYC,2026-05-30,2026-05-27T00:00:00Z,76,gefs,72.4814,3.4200,"s3://noaa-gefs-pds/gefs.20260527/00/atmos/pgrb2sp25/{geavg,gespr}.t00z.pgrb2s.0p25.f{078,084,090,096,102}#statistic=max_t(geavg)+offset;offset_f=+0.2514;raw_f=72.2300;spread=gespr@f078;covered_leads=72-102"
CHI,KMDW,2026-05-31,2026-05-31T00:00:00Z,5,gefs,72.2789,1.4400,"s3://noaa-gefs-pds/gefs.20260531/00/atmos/pgrb2sp25/{geavg,gespr}.t00z.pgrb2s.0p25.f{006,012,018,024,030}#statistic=max_t(geavg)+offset;offset_f=+0.0489;raw_f=72.2300;spread=gespr@f024;covered_leads=0-30"
CHI,KMDW,2026-05-31,2026-05-30T00:00:00Z,29,gefs,72.0989,1.6200,"s3://noaa-gefs-pds/gefs.20260530/00/atmos/pgrb2sp25/{geavg,gespr}.t00z.pgrb2s.0p25.f{030,036,042,048,054}#statistic=max_t(geavg)+offset;offset_f=+0.0489;raw_f=72.0500;spread=gespr@f048;covered_leads=24-54"
CHI,KMDW,2026-05-31,2026-05-29T00:00:00Z,53,gefs,72.6389,3.7800,"s3://noaa-gefs-pds/gefs.20260529/00/atmos/pgrb2sp25/{geavg,gespr}.t00z.pgrb2s.0p25.f{054,060,066,072,078}#statistic=max_t(geavg)+offset;offset_f=+0.0489;raw_f=72.5900;spread=gespr@f072;covered_leads=48-78"
CHI,KMDW,2026-05-31,2026-05-28T00:00:00Z,77,gefs,71.9189,3.0600,"s3://noaa-gefs-pds/gefs.20260528/00/atmos/pgrb2sp25/{geavg,gespr}.t00z.pgrb2s.0p25.f{078,084,090,096,102}#statistic=max_t(geavg)+offset;offset_f=+0.0489;raw_f=71.8700;spread=gespr@f096;covered_leads=72-102"
LAX,KLAX,2026-05-31,2026-05-31T00:00:00Z,7,gefs,75.1369,0.7200,"s3://noaa-gefs-pds/gefs.20260531/00/atmos/pgrb2sp25/{geavg,gespr}.t00z.pgrb2s.0p25.f{012,018,024,030,033}#statistic=max_t(geavg)+offset;offset_f=+0.0269;raw_f=75.1100;spread=gespr@f024;covered_leads=6-33"
LAX,KLAX,2026-05-31,2026-05-30T00:00:00Z,31,gefs,75.6769,0.9000,"s3://noaa-gefs-pds/gefs.20260530/00/atmos/pgrb2sp25/{geavg,gespr}.t00z.pgrb2s.0p25.f{036,042,048,054,057}#statistic=max_t(geavg)+offset;offset_f=+0.0269;raw_f=75.6500;spread=gespr@f048;covered_leads=30-57"
LAX,KLAX,2026-05-31,2026-05-29T00:00:00Z,55,gefs,76.0369,1.6200,"s3://noaa-gefs-pds/gefs.20260529/00/atmos/pgrb2sp25/{geavg,gespr}.t00z.pgrb2s.0p25.f{060,066,072,078,081}#statistic=max_t(geavg)+offset;offset_f=+0.0269;raw_f=76.0100;spread=gespr@f072;covered_leads=54-81"
LAX,KLAX,2026-05-31,2026-05-28T00:00:00Z,79,gefs,76.2169,1.4400,"s3://noaa-gefs-pds/gefs.20260528/00/atmos/pgrb2sp25/{geavg,gespr}.t00z.pgrb2s.0p25.f{084,090,096,102,105}#statistic=max_t(geavg)+offset;offset_f=+0.0269;raw_f=76.1900;spread=gespr@f096;covered_leads=78-105"
MIA,KMIA,2026-05-31,2026-05-31T00:00:00Z,4,gefs,89.0249,1.0800,"s3://noaa-gefs-pds/gefs.20260531/00/atmos/pgrb2sp25/{geavg,gespr}.t00z.pgrb2s.0p25.f{006,012,018,024,030}#statistic=max_t(geavg)+offset;offset_f=+0.0549;raw_f=88.9700;spread=gespr@f024;covered_leads=0-30"
MIA,KMIA,2026-05-31,2026-05-30T00:00:00Z,28,gefs,87.9449,1.4400,"s3://noaa-gefs-pds/gefs.20260530/00/atmos/pgrb2sp25/{geavg,gespr}.t00z.pgrb2s.0p25.f{030,036,042,048,054}#statistic=max_t(geavg)+offset;offset_f=+0.0549;raw_f=87.8900;spread=gespr@f042;covered_leads=24-54"
MIA,KMIA,2026-05-31,2026-05-29T00:00:00Z,52,gefs,90.2849,1.0800,"s3://noaa-gefs-pds/gefs.20260529/00/atmos/pgrb2sp25/{geavg,gespr}.t00z.pgrb2s.0p25.f{054,060,066,072,078}#statistic=max_t(geavg)+offset;offset_f=+0.0549;raw_f=90.2300;spread=gespr@f066;covered_leads=48-78"
MIA,KMIA,2026-05-31,2026-05-28T00:00:00Z,76,gefs,89.2049,2.3400,"s3://noaa-gefs-pds/gefs.20260528/00/atmos/pgrb2sp25/{geavg,gespr}.t00z.pgrb2s.0p25.f{078,084,090,096,102}#statistic=max_t(geavg)+offset;offset_f=+0.0549;raw_f=89.1500;spread=gespr@f096;covered_leads=72-102"
NY,KNYC,2026-05-31,2026-05-31T00:00:00Z,4,gefs,75.5414,0.9000,"s3://noaa-gefs-pds/gefs.20260531/00/atmos/pgrb2sp25/{geavg,gespr}.t00z.pgrb2s.0p25.f{006,012,018,024,030}#statistic=max_t(geavg)+offset;offset_f=+0.2514;raw_f=75.2900;spread=gespr@f024;covered_leads=0-30"
NY,KNYC,2026-05-31,2026-05-30T00:00:00Z,28,gefs,75.3614,1.9800,"s3://noaa-gefs-pds/gefs.20260530/00/atmos/pgrb2sp25/{geavg,gespr}.t00z.pgrb2s.0p25.f{030,036,042,048,054}#statistic=max_t(geavg)+offset;offset_f=+0.2514;raw_f=75.1100;spread=gespr@f048;covered_leads=24-54"
NY,KNYC,2026-05-31,2026-05-29T00:00:00Z,52,gefs,75.7214,2.1600,"s3://noaa-gefs-pds/gefs.20260529/00/atmos/pgrb2sp25/{geavg,gespr}.t00z.pgrb2s.0p25.f{054,060,066,072,078}#statistic=max_t(geavg)+offset;offset_f=+0.2514;raw_f=75.4700;spread=gespr@f072;covered_leads=48-78"
NY,KNYC,2026-05-31,2026-05-28T00:00:00Z,76,gefs,76.0814,1.8000,"s3://noaa-gefs-pds/gefs.20260528/00/atmos/pgrb2sp25/{geavg,gespr}.t00z.pgrb2s.0p25.f{078,084,090,096,102}#statistic=max_t(geavg)+offset;offset_f=+0.2514;raw_f=75.8300;spread=gespr@f096;covered_leads=72-102"
CHI,KMDW,2026-06-01,2026-06-01T00:00:00Z,5,gefs,71.0189,2.7000,"s3://noaa-gefs-pds/gefs.20260601/00/atmos/pgrb2sp25/{geavg,gespr}.t00z.pgrb2s.0p25.f{006,012,018,024,030}#statistic=max_t(geavg)+offset;offset_f=+0.0489;raw_f=70.9700;spread=gespr@f024;covered_leads=0-30"
CHI,KMDW,2026-06-01,2026-05-31T00:00:00Z,29,gefs,70.6589,1.6200,"s3://noaa-gefs-pds/gefs.20260531/00/atmos/pgrb2sp25/{geavg,gespr}.t00z.pgrb2s.0p25.f{030,036,042,048,054}#statistic=max_t(geavg)+offset;offset_f=+0.0489;raw_f=70.6100;spread=gespr@f048;covered_leads=24-54"
CHI,KMDW,2026-06-01,2026-05-30T00:00:00Z,53,gefs,73.3589,2.5200,"s3://noaa-gefs-pds/gefs.20260530/00/atmos/pgrb2sp25/{geavg,gespr}.t00z.pgrb2s.0p25.f{054,060,066,072,078}#statistic=max_t(geavg)+offset;offset_f=+0.0489;raw_f=73.3100;spread=gespr@f072;covered_leads=48-78"
CHI,KMDW,2026-06-01,2026-05-29T00:00:00Z,77,gefs,75.8789,4.6800,"s3://noaa-gefs-pds/gefs.20260529/00/atmos/pgrb2sp25/{geavg,gespr}.t00z.pgrb2s.0p25.f{078,084,090,096,102}#statistic=max_t(geavg)+offset;offset_f=+0.0489;raw_f=75.8300;spread=gespr@f096;covered_leads=72-102"
LAX,KLAX,2026-06-01,2026-06-01T00:00:00Z,7,gefs,73.6969,1.0800,"s3://noaa-gefs-pds/gefs.20260601/00/atmos/pgrb2sp25/{geavg,gespr}.t00z.pgrb2s.0p25.f{012,018,024,030,033}#statistic=max_t(geavg)+offset;offset_f=+0.0269;raw_f=73.6700;spread=gespr@f024;covered_leads=6-33"
LAX,KLAX,2026-06-01,2026-05-31T00:00:00Z,31,gefs,73.6969,1.2600,"s3://noaa-gefs-pds/gefs.20260531/00/atmos/pgrb2sp25/{geavg,gespr}.t00z.pgrb2s.0p25.f{036,042,048,054,057}#statistic=max_t(geavg)+offset;offset_f=+0.0269;raw_f=73.6700;spread=gespr@f048;covered_leads=30-57"
LAX,KLAX,2026-06-01,2026-05-30T00:00:00Z,55,gefs,73.6969,1.2600,"s3://noaa-gefs-pds/gefs.20260530/00/atmos/pgrb2sp25/{geavg,gespr}.t00z.pgrb2s.0p25.f{060,066,072,078,081}#statistic=max_t(geavg)+offset;offset_f=+0.0269;raw_f=73.6700;spread=gespr@f072;covered_leads=54-81"
LAX,KLAX,2026-06-01,2026-05-29T00:00:00Z,79,gefs,76.2169,1.8000,"s3://noaa-gefs-pds/gefs.20260529/00/atmos/pgrb2sp25/{geavg,gespr}.t00z.pgrb2s.0p25.f{084,090,096,102,105}#statistic=max_t(geavg)+offset;offset_f=+0.0269;raw_f=76.1900;spread=gespr@f096;covered_leads=78-105"
MIA,KMIA,2026-06-01,2026-06-01T00:00:00Z,4,gefs,89.3849,1.8000,"s3://noaa-gefs-pds/gefs.20260601/00/atmos/pgrb2sp25/{geavg,gespr}.t00z.pgrb2s.0p25.f{006,012,018,024,030}#statistic=max_t(geavg)+offset;offset_f=+0.0549;raw_f=89.3300;spread=gespr@f024;covered_leads=0-30"
MIA,KMIA,2026-06-01,2026-05-31T00:00:00Z,28,gefs,91.5449,1.6200,"s3://noaa-gefs-pds/gefs.20260531/00/atmos/pgrb2sp25/{geavg,gespr}.t00z.pgrb2s.0p25.f{030,036,042,048,054}#statistic=max_t(geavg)+offset;offset_f=+0.0549;raw_f=91.4900;spread=gespr@f048;covered_leads=24-54"
MIA,KMIA,2026-06-01,2026-05-30T00:00:00Z,52,gefs,89.5649,1.6200,"s3://noaa-gefs-pds/gefs.20260530/00/atmos/pgrb2sp25/{geavg,gespr}.t00z.pgrb2s.0p25.f{054,060,066,072,078}#statistic=max_t(geavg)+offset;offset_f=+0.0549;raw_f=89.5100;spread=gespr@f072;covered_leads=48-78"
MIA,KMIA,2026-06-01,2026-05-29T00:00:00Z,76,gefs,91.0049,1.6200,"s3://noaa-gefs-pds/gefs.20260529/00/atmos/pgrb2sp25/{geavg,gespr}.t00z.pgrb2s.0p25.f{078,084,090,096,102}#statistic=max_t(geavg)+offset;offset_f=+0.0549;raw_f=90.9500;spread=gespr@f096;covered_leads=72-102"
NY,KNYC,2026-06-01,2026-06-01T00:00:00Z,4,gefs,73.3814,1.4400,"s3://noaa-gefs-pds/gefs.20260601/00/atmos/pgrb2sp25/{geavg,gespr}.t00z.pgrb2s.0p25.f{006,012,018,024,030}#statistic=max_t(geavg)+offset;offset_f=+0.2514;raw_f=73.1300;spread=gespr@f018;covered_leads=0-30"
NY,KNYC,2026-06-01,2026-05-31T00:00:00Z,28,gefs,73.9214,2.1600,"s3://noaa-gefs-pds/gefs.20260531/00/atmos/pgrb2sp25/{geavg,gespr}.t00z.pgrb2s.0p25.f{030,036,042,048,054}#statistic=max_t(geavg)+offset;offset_f=+0.2514;raw_f=73.6700;spread=gespr@f042;covered_leads=24-54"
NY,KNYC,2026-06-01,2026-05-30T00:00:00Z,52,gefs,75.3614,3.0600,"s3://noaa-gefs-pds/gefs.20260530/00/atmos/pgrb2sp25/{geavg,gespr}.t00z.pgrb2s.0p25.f{054,060,066,072,078}#statistic=max_t(geavg)+offset;offset_f=+0.2514;raw_f=75.1100;spread=gespr@f066;covered_leads=48-78"
NY,KNYC,2026-06-01,2026-05-29T00:00:00Z,76,gefs,73.5614,4.5000,"s3://noaa-gefs-pds/gefs.20260529/00/atmos/pgrb2sp25/{geavg,gespr}.t00z.pgrb2s.0p25.f{078,084,090,096,102}#statistic=max_t(geavg)+offset;offset_f=+0.2514;raw_f=73.3100;spread=gespr@f096;covered_leads=72-102"
CHI,KMDW,2026-06-02,2026-06-02T00:00:00Z,5,gefs,70.6589,0.9000,"s3://noaa-gefs-pds/gefs.20260602/00/atmos/pgrb2sp25/{geavg,gespr}.t00z.pgrb2s.0p25.f{006,012,018,024,030}#statistic=max_t(geavg)+offset;offset_f=+0.0489;raw_f=70.6100;spread=gespr@f024;covered_leads=0-30"
CHI,KMDW,2026-06-02,2026-06-01T00:00:00Z,29,gefs,69.7589,1.0800,"s3://noaa-gefs-pds/gefs.20260601/00/atmos/pgrb2sp25/{geavg,gespr}.t00z.pgrb2s.0p25.f{030,036,042,048,054}#statistic=max_t(geavg)+offset;offset_f=+0.0489;raw_f=69.7100;spread=gespr@f048;covered_leads=24-54"
CHI,KMDW,2026-06-02,2026-05-31T00:00:00Z,53,gefs,69.7589,1.4400,"s3://noaa-gefs-pds/gefs.20260531/00/atmos/pgrb2sp25/{geavg,gespr}.t00z.pgrb2s.0p25.f{054,060,066,072,078}#statistic=max_t(geavg)+offset;offset_f=+0.0489;raw_f=69.7100;spread=gespr@f072;covered_leads=48-78"
CHI,KMDW,2026-06-02,2026-05-30T00:00:00Z,77,gefs,70.8389,2.7000,"s3://noaa-gefs-pds/gefs.20260530/00/atmos/pgrb2sp25/{geavg,gespr}.t00z.pgrb2s.0p25.f{078,084,090,096,102}#statistic=max_t(geavg)+offset;offset_f=+0.0489;raw_f=70.7900;spread=gespr@f096;covered_leads=72-102"
LAX,KLAX,2026-06-02,2026-06-02T00:00:00Z,7,gefs,70.0969,0.7200,"s3://noaa-gefs-pds/gefs.20260602/00/atmos/pgrb2sp25/{geavg,gespr}.t00z.pgrb2s.0p25.f{012,018,024,030,033}#statistic=max_t(geavg)+offset;offset_f=+0.0269;raw_f=70.0700;spread=gespr@f024;covered_leads=6-33"
LAX,KLAX,2026-06-02,2026-06-01T00:00:00Z,31,gefs,72.4369,0.7200,"s3://noaa-gefs-pds/gefs.20260601/00/atmos/pgrb2sp25/{geavg,gespr}.t00z.pgrb2s.0p25.f{036,042,048,054,057}#statistic=max_t(geavg)+offset;offset_f=+0.0269;raw_f=72.4100;spread=gespr@f048;covered_leads=30-57"
LAX,KLAX,2026-06-02,2026-05-31T00:00:00Z,55,gefs,72.4369,1.4400,"s3://noaa-gefs-pds/gefs.20260531/00/atmos/pgrb2sp25/{geavg,gespr}.t00z.pgrb2s.0p25.f{060,066,072,078,081}#statistic=max_t(geavg)+offset;offset_f=+0.0269;raw_f=72.4100;spread=gespr@f072;covered_leads=54-81"
LAX,KLAX,2026-06-02,2026-05-30T00:00:00Z,79,gefs,72.7969,1.4400,"s3://noaa-gefs-pds/gefs.20260530/00/atmos/pgrb2sp25/{geavg,gespr}.t00z.pgrb2s.0p25.f{084,090,096,102,105}#statistic=max_t(geavg)+offset;offset_f=+0.0269;raw_f=72.7700;spread=gespr@f096;covered_leads=78-105"
MIA,KMIA,2026-06-02,2026-06-02T00:00:00Z,4,gefs,90.6449,0.9000,"s3://noaa-gefs-pds/gefs.20260602/00/atmos/pgrb2sp25/{geavg,gespr}.t00z.pgrb2s.0p25.f{006,012,018,024,030}#statistic=max_t(geavg)+offset;offset_f=+0.0549;raw_f=90.5900;spread=gespr@f018;covered_leads=0-30"
MIA,KMIA,2026-06-02,2026-06-01T00:00:00Z,28,gefs,90.1049,1.4400,"s3://noaa-gefs-pds/gefs.20260601/00/atmos/pgrb2sp25/{geavg,gespr}.t00z.pgrb2s.0p25.f{030,036,042,048,054}#statistic=max_t(geavg)+offset;offset_f=+0.0549;raw_f=90.0500;spread=gespr@f048;covered_leads=24-54"
MIA,KMIA,2026-06-02,2026-05-31T00:00:00Z,52,gefs,89.7449,2.8800,"s3://noaa-gefs-pds/gefs.20260531/00/atmos/pgrb2sp25/{geavg,gespr}.t00z.pgrb2s.0p25.f{054,060,066,072,078}#statistic=max_t(geavg)+offset;offset_f=+0.0549;raw_f=89.6900;spread=gespr@f066;covered_leads=48-78"
MIA,KMIA,2026-06-02,2026-05-30T00:00:00Z,76,gefs,89.9249,2.3400,"s3://noaa-gefs-pds/gefs.20260530/00/atmos/pgrb2sp25/{geavg,gespr}.t00z.pgrb2s.0p25.f{078,084,090,096,102}#statistic=max_t(geavg)+offset;offset_f=+0.0549;raw_f=89.8700;spread=gespr@f096;covered_leads=72-102"
NY,KNYC,2026-06-02,2026-06-02T00:00:00Z,4,gefs,77.1614,0.7200,"s3://noaa-gefs-pds/gefs.20260602/00/atmos/pgrb2sp25/{geavg,gespr}.t00z.pgrb2s.0p25.f{006,012,018,024,030}#statistic=max_t(geavg)+offset;offset_f=+0.2514;raw_f=76.9100;spread=gespr@f024;covered_leads=0-30"
NY,KNYC,2026-06-02,2026-06-01T00:00:00Z,28,gefs,76.0814,1.6200,"s3://noaa-gefs-pds/gefs.20260601/00/atmos/pgrb2sp25/{geavg,gespr}.t00z.pgrb2s.0p25.f{030,036,042,048,054}#statistic=max_t(geavg)+offset;offset_f=+0.2514;raw_f=75.8300;spread=gespr@f048;covered_leads=24-54"
NY,KNYC,2026-06-02,2026-05-31T00:00:00Z,52,gefs,73.5614,1.8000,"s3://noaa-gefs-pds/gefs.20260531/00/atmos/pgrb2sp25/{geavg,gespr}.t00z.pgrb2s.0p25.f{054,060,066,072,078}#statistic=max_t(geavg)+offset;offset_f=+0.2514;raw_f=73.3100;spread=gespr@f072;covered_leads=48-78"
NY,KNYC,2026-06-02,2026-05-30T00:00:00Z,76,gefs,71.2214,2.8800,"s3://noaa-gefs-pds/gefs.20260530/00/atmos/pgrb2sp25/{geavg,gespr}.t00z.pgrb2s.0p25.f{078,084,090,096,102}#statistic=max_t(geavg)+offset;offset_f=+0.2514;raw_f=70.9700;spread=gespr@f096;covered_leads=72-102"
CHI,KMDW,2026-06-03,2026-06-03T00:00:00Z,5,gefs,78.9389,1.0800,"s3://noaa-gefs-pds/gefs.20260603/00/atmos/pgrb2sp25/{geavg,gespr}.t00z.pgrb2s.0p25.f{006,012,018,024,030}#statistic=max_t(geavg)+offset;offset_f=+0.0489;raw_f=78.8900;spread=gespr@f024;covered_leads=0-30"
CHI,KMDW,2026-06-03,2026-06-02T00:00:00Z,29,gefs,77.3189,1.4400,"s3://noaa-gefs-pds/gefs.20260602/00/atmos/pgrb2sp25/{geavg,gespr}.t00z.pgrb2s.0p25.f{030,036,042,048,054}#statistic=max_t(geavg)+offset;offset_f=+0.0489;raw_f=77.2700;spread=gespr@f048;covered_leads=24-54"
CHI,KMDW,2026-06-03,2026-06-01T00:00:00Z,53,gefs,76.2389,1.9800,"s3://noaa-gefs-pds/gefs.20260601/00/atmos/pgrb2sp25/{geavg,gespr}.t00z.pgrb2s.0p25.f{054,060,066,072,078}#statistic=max_t(geavg)+offset;offset_f=+0.0489;raw_f=76.1900;spread=gespr@f072;covered_leads=48-78"
CHI,KMDW,2026-06-03,2026-05-31T00:00:00Z,77,gefs,75.5189,3.0600,"s3://noaa-gefs-pds/gefs.20260531/00/atmos/pgrb2sp25/{geavg,gespr}.t00z.pgrb2s.0p25.f{078,084,090,096,102}#statistic=max_t(geavg)+offset;offset_f=+0.0489;raw_f=75.4700;spread=gespr@f096;covered_leads=72-102"
LAX,KLAX,2026-06-03,2026-06-03T00:00:00Z,7,gefs,74.9569,0.9000,"s3://noaa-gefs-pds/gefs.20260603/00/atmos/pgrb2sp25/{geavg,gespr}.t00z.pgrb2s.0p25.f{012,018,024,030,033}#statistic=max_t(geavg)+offset;offset_f=+0.0269;raw_f=74.9300;spread=gespr@f024;covered_leads=6-33"
LAX,KLAX,2026-06-03,2026-06-02T00:00:00Z,31,gefs,75.8569,1.6200,"s3://noaa-gefs-pds/gefs.20260602/00/atmos/pgrb2sp25/{geavg,gespr}.t00z.pgrb2s.0p25.f{036,042,048,054,057}#statistic=max_t(geavg)+offset;offset_f=+0.0269;raw_f=75.8300;spread=gespr@f048;covered_leads=30-57"
LAX,KLAX,2026-06-03,2026-06-01T00:00:00Z,55,gefs,75.6769,1.8000,"s3://noaa-gefs-pds/gefs.20260601/00/atmos/pgrb2sp25/{geavg,gespr}.t00z.pgrb2s.0p25.f{060,066,072,078,081}#statistic=max_t(geavg)+offset;offset_f=+0.0269;raw_f=75.6500;spread=gespr@f072;covered_leads=54-81"
LAX,KLAX,2026-06-03,2026-05-31T00:00:00Z,79,gefs,72.7969,2.1600,"s3://noaa-gefs-pds/gefs.20260531/00/atmos/pgrb2sp25/{geavg,gespr}.t00z.pgrb2s.0p25.f{084,090,096,102,105}#statistic=max_t(geavg)+offset;offset_f=+0.0269;raw_f=72.7700;spread=gespr@f096;covered_leads=78-105"
MIA,KMIA,2026-06-03,2026-06-03T00:00:00Z,4,gefs,82.9049,0.9000,"s3://noaa-gefs-pds/gefs.20260603/00/atmos/pgrb2sp25/{geavg,gespr}.t00z.pgrb2s.0p25.f{006,012,018,024,030}#statistic=max_t(geavg)+offset;offset_f=+0.0549;raw_f=82.8500;spread=gespr@f006;covered_leads=0-30"
MIA,KMIA,2026-06-03,2026-06-02T00:00:00Z,28,gefs,83.4449,1.9800,"s3://noaa-gefs-pds/gefs.20260602/00/atmos/pgrb2sp25/{geavg,gespr}.t00z.pgrb2s.0p25.f{030,036,042,048,054}#statistic=max_t(geavg)+offset;offset_f=+0.0549;raw_f=83.3900;spread=gespr@f030;covered_leads=24-54"
MIA,KMIA,2026-06-03,2026-06-01T00:00:00Z,52,gefs,85.6049,2.5200,"s3://noaa-gefs-pds/gefs.20260601/00/atmos/pgrb2sp25/{geavg,gespr}.t00z.pgrb2s.0p25.f{054,060,066,072,078}#statistic=max_t(geavg)+offset;offset_f=+0.0549;raw_f=85.5500;spread=gespr@f066;covered_leads=48-78"
MIA,KMIA,2026-06-03,2026-05-31T00:00:00Z,76,gefs,86.8649,3.6000,"s3://noaa-gefs-pds/gefs.20260531/00/atmos/pgrb2sp25/{geavg,gespr}.t00z.pgrb2s.0p25.f{078,084,090,096,102}#statistic=max_t(geavg)+offset;offset_f=+0.0549;raw_f=86.8100;spread=gespr@f096;covered_leads=72-102"
NY,KNYC,2026-06-03,2026-06-03T00:00:00Z,4,gefs,82.9214,1.2600,"s3://noaa-gefs-pds/gefs.20260603/00/atmos/pgrb2sp25/{geavg,gespr}.t00z.pgrb2s.0p25.f{006,012,018,024,030}#statistic=max_t(geavg)+offset;offset_f=+0.2514;raw_f=82.6700;spread=gespr@f024;covered_leads=0-30"
NY,KNYC,2026-06-03,2026-06-02T00:00:00Z,28,gefs,80.4014,1.9800,"s3://noaa-gefs-pds/gefs.20260602/00/atmos/pgrb2sp25/{geavg,gespr}.t00z.pgrb2s.0p25.f{030,036,042,048,054}#statistic=max_t(geavg)+offset;offset_f=+0.2514;raw_f=80.1500;spread=gespr@f048;covered_leads=24-54"
NY,KNYC,2026-06-03,2026-06-01T00:00:00Z,52,gefs,79.5014,2.1600,"s3://noaa-gefs-pds/gefs.20260601/00/atmos/pgrb2sp25/{geavg,gespr}.t00z.pgrb2s.0p25.f{054,060,066,072,078}#statistic=max_t(geavg)+offset;offset_f=+0.2514;raw_f=79.2500;spread=gespr@f072;covered_leads=48-78"
NY,KNYC,2026-06-03,2026-05-31T00:00:00Z,76,gefs,76.8014,3.4200,"s3://noaa-gefs-pds/gefs.20260531/00/atmos/pgrb2sp25/{geavg,gespr}.t00z.pgrb2s.0p25.f{078,084,090,096,102}#statistic=max_t(geavg)+offset;offset_f=+0.2514;raw_f=76.5500;spread=gespr@f096;covered_leads=72-102"
CHI,KMDW,2026-06-04,2026-06-04T00:00:00Z,5,gefs,82.3589,1.0800,"s3://noaa-gefs-pds/gefs.20260604/00/atmos/pgrb2sp25/{geavg,gespr}.t00z.pgrb2s.0p25.f{006,012,018,024,030}#statistic=max_t(geavg)+offset;offset_f=+0.0489;raw_f=82.3100;spread=gespr@f024;covered_leads=0-30"
CHI,KMDW,2026-06-04,2026-06-03T00:00:00Z,29,gefs,81.8189,1.6200,"s3://noaa-gefs-pds/gefs.20260603/00/atmos/pgrb2sp25/{geavg,gespr}.t00z.pgrb2s.0p25.f{030,036,042,048,054}#statistic=max_t(geavg)+offset;offset_f=+0.0489;raw_f=81.7700;spread=gespr@f048;covered_leads=24-54"
CHI,KMDW,2026-06-04,2026-06-02T00:00:00Z,53,gefs,81.0989,1.8000,"s3://noaa-gefs-pds/gefs.20260602/00/atmos/pgrb2sp25/{geavg,gespr}.t00z.pgrb2s.0p25.f{054,060,066,072,078}#statistic=max_t(geavg)+offset;offset_f=+0.0489;raw_f=81.0500;spread=gespr@f072;covered_leads=48-78"
CHI,KMDW,2026-06-04,2026-06-01T00:00:00Z,77,gefs,80.1989,2.3400,"s3://noaa-gefs-pds/gefs.20260601/00/atmos/pgrb2sp25/{geavg,gespr}.t00z.pgrb2s.0p25.f{078,084,090,096,102}#statistic=max_t(geavg)+offset;offset_f=+0.0489;raw_f=80.1500;spread=gespr@f096;covered_leads=72-102"
LAX,KLAX,2026-06-04,2026-06-04T00:00:00Z,7,gefs,76.0369,0.7200,"s3://noaa-gefs-pds/gefs.20260604/00/atmos/pgrb2sp25/{geavg,gespr}.t00z.pgrb2s.0p25.f{012,018,024,030,033}#statistic=max_t(geavg)+offset;offset_f=+0.0269;raw_f=76.0100;spread=gespr@f024;covered_leads=6-33"
LAX,KLAX,2026-06-04,2026-06-03T00:00:00Z,31,gefs,78.3769,1.4400,"s3://noaa-gefs-pds/gefs.20260603/00/atmos/pgrb2sp25/{geavg,gespr}.t00z.pgrb2s.0p25.f{036,042,048,054,057}#statistic=max_t(geavg)+offset;offset_f=+0.0269;raw_f=78.3500;spread=gespr@f048;covered_leads=30-57"
LAX,KLAX,2026-06-04,2026-06-02T00:00:00Z,55,gefs,77.8369,1.8000,"s3://noaa-gefs-pds/gefs.20260602/00/atmos/pgrb2sp25/{geavg,gespr}.t00z.pgrb2s.0p25.f{060,066,072,078,081}#statistic=max_t(geavg)+offset;offset_f=+0.0269;raw_f=77.8100;spread=gespr@f072;covered_leads=54-81"
LAX,KLAX,2026-06-04,2026-06-01T00:00:00Z,79,gefs,77.2969,2.1600,"s3://noaa-gefs-pds/gefs.20260601/00/atmos/pgrb2sp25/{geavg,gespr}.t00z.pgrb2s.0p25.f{084,090,096,102,105}#statistic=max_t(geavg)+offset;offset_f=+0.0269;raw_f=77.2700;spread=gespr@f096;covered_leads=78-105"
MIA,KMIA,2026-06-04,2026-06-04T00:00:00Z,4,gefs,81.2849,1.0800,"s3://noaa-gefs-pds/gefs.20260604/00/atmos/pgrb2sp25/{geavg,gespr}.t00z.pgrb2s.0p25.f{006,012,018,024,030}#statistic=max_t(geavg)+offset;offset_f=+0.0549;raw_f=81.2300;spread=gespr@f018;covered_leads=0-30"
MIA,KMIA,2026-06-04,2026-06-03T00:00:00Z,28,gefs,80.9249,1.4400,"s3://noaa-gefs-pds/gefs.20260603/00/atmos/pgrb2sp25/{geavg,gespr}.t00z.pgrb2s.0p25.f{030,036,042,048,054}#statistic=max_t(geavg)+offset;offset_f=+0.0549;raw_f=80.8700;spread=gespr@f042;covered_leads=24-54"
MIA,KMIA,2026-06-04,2026-06-02T00:00:00Z,52,gefs,80.5649,2.1600,"s3://noaa-gefs-pds/gefs.20260602/00/atmos/pgrb2sp25/{geavg,gespr}.t00z.pgrb2s.0p25.f{054,060,066,072,078}#statistic=max_t(geavg)+offset;offset_f=+0.0549;raw_f=80.5100;spread=gespr@f066;covered_leads=48-78"
MIA,KMIA,2026-06-04,2026-06-01T00:00:00Z,76,gefs,82.1849,2.5200,"s3://noaa-gefs-pds/gefs.20260601/00/atmos/pgrb2sp25/{geavg,gespr}.t00z.pgrb2s.0p25.f{078,084,090,096,102}#statistic=max_t(geavg)+offset;offset_f=+0.0549;raw_f=82.1300;spread=gespr@f090;covered_leads=72-102"
NY,KNYC,2026-06-04,2026-06-04T00:00:00Z,4,gefs,86.8814,1.4400,"s3://noaa-gefs-pds/gefs.20260604/00/atmos/pgrb2sp25/{geavg,gespr}.t00z.pgrb2s.0p25.f{006,012,018,024,030}#statistic=max_t(geavg)+offset;offset_f=+0.2514;raw_f=86.6300;spread=gespr@f024;covered_leads=0-30"
NY,KNYC,2026-06-04,2026-06-03T00:00:00Z,28,gefs,86.8814,1.9800,"s3://noaa-gefs-pds/gefs.20260603/00/atmos/pgrb2sp25/{geavg,gespr}.t00z.pgrb2s.0p25.f{030,036,042,048,054}#statistic=max_t(geavg)+offset;offset_f=+0.2514;raw_f=86.6300;spread=gespr@f048;covered_leads=24-54"
NY,KNYC,2026-06-04,2026-06-02T00:00:00Z,52,gefs,86.1614,2.1600,"s3://noaa-gefs-pds/gefs.20260602/00/atmos/pgrb2sp25/{geavg,gespr}.t00z.pgrb2s.0p25.f{054,060,066,072,078}#statistic=max_t(geavg)+offset;offset_f=+0.2514;raw_f=85.9100;spread=gespr@f072;covered_leads=48-78"
NY,KNYC,2026-06-04,2026-06-01T00:00:00Z,76,gefs,82.9214,3.7800,"s3://noaa-gefs-pds/gefs.20260601/00/atmos/pgrb2sp25/{geavg,gespr}.t00z.pgrb2s.0p25.f{078,084,090,096,102}#statistic=max_t(geavg)+offset;offset_f=+0.2514;raw_f=82.6700;spread=gespr@f096;covered_leads=72-102"
CHI,KMDW,2026-06-05,2026-06-05T00:00:00Z,5,gefs,80.1989,0.3600,"s3://noaa-gefs-pds/gefs.20260605/00/atmos/pgrb2sp25/{geavg,gespr}.t00z.pgrb2s.0p25.f{006,012,018,024,030}#statistic=max_t(geavg)+offset;offset_f=+0.0489;raw_f=80.1500;spread=gespr@f006;covered_leads=0-30"
CHI,KMDW,2026-06-05,2026-06-04T00:00:00Z,29,gefs,78.7589,1.0800,"s3://noaa-gefs-pds/gefs.20260604/00/atmos/pgrb2sp25/{geavg,gespr}.t00z.pgrb2s.0p25.f{030,036,042,048,054}#statistic=max_t(geavg)+offset;offset_f=+0.0489;raw_f=78.7100;spread=gespr@f030;covered_leads=24-54"
CHI,KMDW,2026-06-05,2026-06-03T00:00:00Z,53,gefs,81.6389,3.4200,"s3://noaa-gefs-pds/gefs.20260603/00/atmos/pgrb2sp25/{geavg,gespr}.t00z.pgrb2s.0p25.f{054,060,066,072,078}#statistic=max_t(geavg)+offset;offset_f=+0.0489;raw_f=81.5900;spread=gespr@f072;covered_leads=48-78"
CHI,KMDW,2026-06-05,2026-06-02T00:00:00Z,77,gefs,81.2789,3.6000,"s3://noaa-gefs-pds/gefs.20260602/00/atmos/pgrb2sp25/{geavg,gespr}.t00z.pgrb2s.0p25.f{078,084,090,096,102}#statistic=max_t(geavg)+offset;offset_f=+0.0489;raw_f=81.2300;spread=gespr@f096;covered_leads=72-102"
LAX,KLAX,2026-06-05,2026-06-05T00:00:00Z,7,gefs,73.6969,1.0800,"s3://noaa-gefs-pds/gefs.20260605/00/atmos/pgrb2sp25/{geavg,gespr}.t00z.pgrb2s.0p25.f{012,018,024,030,033}#statistic=max_t(geavg)+offset;offset_f=+0.0269;raw_f=73.6700;spread=gespr@f024;covered_leads=6-33"
LAX,KLAX,2026-06-05,2026-06-04T00:00:00Z,31,gefs,76.5769,1.4400,"s3://noaa-gefs-pds/gefs.20260604/00/atmos/pgrb2sp25/{geavg,gespr}.t00z.pgrb2s.0p25.f{036,042,048,054,057}#statistic=max_t(geavg)+offset;offset_f=+0.0269;raw_f=76.5500;spread=gespr@f048;covered_leads=30-57"
LAX,KLAX,2026-06-05,2026-06-03T00:00:00Z,55,gefs,76.5769,1.6200,"s3://noaa-gefs-pds/gefs.20260603/00/atmos/pgrb2sp25/{geavg,gespr}.t00z.pgrb2s.0p25.f{060,066,072,078,081}#statistic=max_t(geavg)+offset;offset_f=+0.0269;raw_f=76.5500;spread=gespr@f072;covered_leads=54-81"
LAX,KLAX,2026-06-05,2026-06-02T00:00:00Z,79,gefs,75.3169,1.9800,"s3://noaa-gefs-pds/gefs.20260602/00/atmos/pgrb2sp25/{geavg,gespr}.t00z.pgrb2s.0p25.f{084,090,096,102,105}#statistic=max_t(geavg)+offset;offset_f=+0.0269;raw_f=75.2900;spread=gespr@f096;covered_leads=78-105"
MIA,KMIA,2026-06-05,2026-06-05T00:00:00Z,4,gefs,81.8249,0.9000,"s3://noaa-gefs-pds/gefs.20260605/00/atmos/pgrb2sp25/{geavg,gespr}.t00z.pgrb2s.0p25.f{006,012,018,024,030}#statistic=max_t(geavg)+offset;offset_f=+0.0549;raw_f=81.7700;spread=gespr@f024;covered_leads=0-30"
MIA,KMIA,2026-06-05,2026-06-04T00:00:00Z,28,gefs,82.3649,0.9000,"s3://noaa-gefs-pds/gefs.20260604/00/atmos/pgrb2sp25/{geavg,gespr}.t00z.pgrb2s.0p25.f{030,036,042,048,054}#statistic=max_t(geavg)+offset;offset_f=+0.0549;raw_f=82.3100;spread=gespr@f042;covered_leads=24-54"
MIA,KMIA,2026-06-05,2026-06-03T00:00:00Z,52,gefs,82.7249,1.9800,"s3://noaa-gefs-pds/gefs.20260603/00/atmos/pgrb2sp25/{geavg,gespr}.t00z.pgrb2s.0p25.f{054,060,066,072,078}#statistic=max_t(geavg)+offset;offset_f=+0.0549;raw_f=82.6700;spread=gespr@f072;covered_leads=48-78"
MIA,KMIA,2026-06-05,2026-06-02T00:00:00Z,76,gefs,83.4449,1.9800,"s3://noaa-gefs-pds/gefs.20260602/00/atmos/pgrb2sp25/{geavg,gespr}.t00z.pgrb2s.0p25.f{078,084,090,096,102}#statistic=max_t(geavg)+offset;offset_f=+0.0549;raw_f=83.3900;spread=gespr@f096;covered_leads=72-102"
NY,KNYC,2026-06-05,2026-06-05T00:00:00Z,4,gefs,90.4814,1.2600,"s3://noaa-gefs-pds/gefs.20260605/00/atmos/pgrb2sp25/{geavg,gespr}.t00z.pgrb2s.0p25.f{006,012,018,024,030}#statistic=max_t(geavg)+offset;offset_f=+0.2514;raw_f=90.2300;spread=gespr@f024;covered_leads=0-30"
NY,KNYC,2026-06-05,2026-06-04T00:00:00Z,28,gefs,89.7614,1.2600,"s3://noaa-gefs-pds/gefs.20260604/00/atmos/pgrb2sp25/{geavg,gespr}.t00z.pgrb2s.0p25.f{030,036,042,048,054}#statistic=max_t(geavg)+offset;offset_f=+0.2514;raw_f=89.5100;spread=gespr@f048;covered_leads=24-54"
NY,KNYC,2026-06-05,2026-06-03T00:00:00Z,52,gefs,89.2214,1.6200,"s3://noaa-gefs-pds/gefs.20260603/00/atmos/pgrb2sp25/{geavg,gespr}.t00z.pgrb2s.0p25.f{054,060,066,072,078}#statistic=max_t(geavg)+offset;offset_f=+0.2514;raw_f=88.9700;spread=gespr@f072;covered_leads=48-78"
NY,KNYC,2026-06-05,2026-06-02T00:00:00Z,76,gefs,87.7814,1.9800,"s3://noaa-gefs-pds/gefs.20260602/00/atmos/pgrb2sp25/{geavg,gespr}.t00z.pgrb2s.0p25.f{078,084,090,096,102}#statistic=max_t(geavg)+offset;offset_f=+0.2514;raw_f=87.5300;spread=gespr@f096;covered_leads=72-102"
CHI,KMDW,2026-06-06,2026-06-06T00:00:00Z,5,gefs,86.4989,1.0800,"s3://noaa-gefs-pds/gefs.20260606/00/atmos/pgrb2sp25/{geavg,gespr}.t00z.pgrb2s.0p25.f{006,012,018,024,030}#statistic=max_t(geavg)+offset;offset_f=+0.0489;raw_f=86.4500;spread=gespr@f024;covered_leads=0-30"
CHI,KMDW,2026-06-06,2026-06-05T00:00:00Z,29,gefs,83.7989,1.9800,"s3://noaa-gefs-pds/gefs.20260605/00/atmos/pgrb2sp25/{geavg,gespr}.t00z.pgrb2s.0p25.f{030,036,042,048,054}#statistic=max_t(geavg)+offset;offset_f=+0.0489;raw_f=83.7500;spread=gespr@f048;covered_leads=24-54"
CHI,KMDW,2026-06-06,2026-06-04T00:00:00Z,53,gefs,84.5189,2.1600,"s3://noaa-gefs-pds/gefs.20260604/00/atmos/pgrb2sp25/{geavg,gespr}.t00z.pgrb2s.0p25.f{054,060,066,072,078}#statistic=max_t(geavg)+offset;offset_f=+0.0489;raw_f=84.4700;spread=gespr@f072;covered_leads=48-78"
CHI,KMDW,2026-06-06,2026-06-03T00:00:00Z,77,gefs,81.0989,3.9600,"s3://noaa-gefs-pds/gefs.20260603/00/atmos/pgrb2sp25/{geavg,gespr}.t00z.pgrb2s.0p25.f{078,084,090,096,102}#statistic=max_t(geavg)+offset;offset_f=+0.0489;raw_f=81.0500;spread=gespr@f096;covered_leads=72-102"
LAX,KLAX,2026-06-06,2026-06-06T00:00:00Z,7,gefs,70.4569,0.7200,"s3://noaa-gefs-pds/gefs.20260606/00/atmos/pgrb2sp25/{geavg,gespr}.t00z.pgrb2s.0p25.f{012,018,024,030,033}#statistic=max_t(geavg)+offset;offset_f=+0.0269;raw_f=70.4300;spread=gespr@f024;covered_leads=6-33"
LAX,KLAX,2026-06-06,2026-06-05T00:00:00Z,31,gefs,71.8969,1.2600,"s3://noaa-gefs-pds/gefs.20260605/00/atmos/pgrb2sp25/{geavg,gespr}.t00z.pgrb2s.0p25.f{036,042,048,054,057}#statistic=max_t(geavg)+offset;offset_f=+0.0269;raw_f=71.8700;spread=gespr@f048;covered_leads=30-57"
LAX,KLAX,2026-06-06,2026-06-04T00:00:00Z,55,gefs,72.9769,1.2600,"s3://noaa-gefs-pds/gefs.20260604/00/atmos/pgrb2sp25/{geavg,gespr}.t00z.pgrb2s.0p25.f{060,066,072,078,081}#statistic=max_t(geavg)+offset;offset_f=+0.0269;raw_f=72.9500;spread=gespr@f072;covered_leads=54-81"
LAX,KLAX,2026-06-06,2026-06-03T00:00:00Z,79,gefs,72.7969,2.1600,"s3://noaa-gefs-pds/gefs.20260603/00/atmos/pgrb2sp25/{geavg,gespr}.t00z.pgrb2s.0p25.f{084,090,096,102,105}#statistic=max_t(geavg)+offset;offset_f=+0.0269;raw_f=72.7700;spread=gespr@f096;covered_leads=78-105"
MIA,KMIA,2026-06-06,2026-06-06T00:00:00Z,4,gefs,83.2649,0.9000,"s3://noaa-gefs-pds/gefs.20260606/00/atmos/pgrb2sp25/{geavg,gespr}.t00z.pgrb2s.0p25.f{006,012,018,024,030}#statistic=max_t(geavg)+offset;offset_f=+0.0549;raw_f=83.2100;spread=gespr@f024;covered_leads=0-30"
MIA,KMIA,2026-06-06,2026-06-05T00:00:00Z,28,gefs,83.4449,1.4400,"s3://noaa-gefs-pds/gefs.20260605/00/atmos/pgrb2sp25/{geavg,gespr}.t00z.pgrb2s.0p25.f{030,036,042,048,054}#statistic=max_t(geavg)+offset;offset_f=+0.0549;raw_f=83.3900;spread=gespr@f048;covered_leads=24-54"
MIA,KMIA,2026-06-06,2026-06-04T00:00:00Z,52,gefs,84.3449,1.0800,"s3://noaa-gefs-pds/gefs.20260604/00/atmos/pgrb2sp25/{geavg,gespr}.t00z.pgrb2s.0p25.f{054,060,066,072,078}#statistic=max_t(geavg)+offset;offset_f=+0.0549;raw_f=84.2900;spread=gespr@f072;covered_leads=48-78"
MIA,KMIA,2026-06-06,2026-06-03T00:00:00Z,76,gefs,84.5249,1.4400,"s3://noaa-gefs-pds/gefs.20260603/00/atmos/pgrb2sp25/{geavg,gespr}.t00z.pgrb2s.0p25.f{078,084,090,096,102}#statistic=max_t(geavg)+offset;offset_f=+0.0549;raw_f=84.4700;spread=gespr@f096;covered_leads=72-102"
NY,KNYC,2026-06-06,2026-06-06T00:00:00Z,4,gefs,89.7614,1.6200,"s3://noaa-gefs-pds/gefs.20260606/00/atmos/pgrb2sp25/{geavg,gespr}.t00z.pgrb2s.0p25.f{006,012,018,024,030}#statistic=max_t(geavg)+offset;offset_f=+0.2514;raw_f=89.5100;spread=gespr@f024;covered_leads=0-30"
NY,KNYC,2026-06-06,2026-06-05T00:00:00Z,28,gefs,88.6814,2.8800,"s3://noaa-gefs-pds/gefs.20260605/00/atmos/pgrb2sp25/{geavg,gespr}.t00z.pgrb2s.0p25.f{030,036,042,048,054}#statistic=max_t(geavg)+offset;offset_f=+0.2514;raw_f=88.4300;spread=gespr@f048;covered_leads=24-54"
NY,KNYC,2026-06-06,2026-06-04T00:00:00Z,52,gefs,89.4014,3.4200,"s3://noaa-gefs-pds/gefs.20260604/00/atmos/pgrb2sp25/{geavg,gespr}.t00z.pgrb2s.0p25.f{054,060,066,072,078}#statistic=max_t(geavg)+offset;offset_f=+0.2514;raw_f=89.1500;spread=gespr@f072;covered_leads=48-78"
NY,KNYC,2026-06-06,2026-06-03T00:00:00Z,76,gefs,90.3014,2.3400,"s3://noaa-gefs-pds/gefs.20260603/00/atmos/pgrb2sp25/{geavg,gespr}.t00z.pgrb2s.0p25.f{078,084,090,096,102}#statistic=max_t(geavg)+offset;offset_f=+0.2514;raw_f=90.0500;spread=gespr@f096;covered_leads=72-102"
CHI,KMDW,2026-06-07,2026-06-07T00:00:00Z,5,gefs,81.0989,1.0800,"s3://noaa-gefs-pds/gefs.20260607/00/atmos/pgrb2sp25/{geavg,gespr}.t00z.pgrb2s.0p25.f{006,012,018,024,030}#statistic=max_t(geavg)+offset;offset_f=+0.0489;raw_f=81.0500;spread=gespr@f024;covered_leads=0-30"
CHI,KMDW,2026-06-07,2026-06-06T00:00:00Z,29,gefs,80.9189,1.6200,"s3://noaa-gefs-pds/gefs.20260606/00/atmos/pgrb2sp25/{geavg,gespr}.t00z.pgrb2s.0p25.f{030,036,042,048,054}#statistic=max_t(geavg)+offset;offset_f=+0.0489;raw_f=80.8700;spread=gespr@f048;covered_leads=24-54"
CHI,KMDW,2026-06-07,2026-06-05T00:00:00Z,53,gefs,80.5589,3.0600,"s3://noaa-gefs-pds/gefs.20260605/00/atmos/pgrb2sp25/{geavg,gespr}.t00z.pgrb2s.0p25.f{054,060,066,072,078}#statistic=max_t(geavg)+offset;offset_f=+0.0489;raw_f=80.5100;spread=gespr@f072;covered_leads=48-78"
CHI,KMDW,2026-06-07,2026-06-04T00:00:00Z,77,gefs,78.0389,3.2400,"s3://noaa-gefs-pds/gefs.20260604/00/atmos/pgrb2sp25/{geavg,gespr}.t00z.pgrb2s.0p25.f{078,084,090,096,102}#statistic=max_t(geavg)+offset;offset_f=+0.0489;raw_f=77.9900;spread=gespr@f078;covered_leads=72-102"
LAX,KLAX,2026-06-07,2026-06-07T00:00:00Z,7,gefs,69.7369,0.5400,"s3://noaa-gefs-pds/gefs.20260607/00/atmos/pgrb2sp25/{geavg,gespr}.t00z.pgrb2s.0p25.f{012,018,024,030,033}#statistic=max_t(geavg)+offset;offset_f=+0.0269;raw_f=69.7100;spread=gespr@f024;covered_leads=6-33"
LAX,KLAX,2026-06-07,2026-06-06T00:00:00Z,31,gefs,69.9169,0.9000,"s3://noaa-gefs-pds/gefs.20260606/00/atmos/pgrb2sp25/{geavg,gespr}.t00z.pgrb2s.0p25.f{036,042,048,054,057}#statistic=max_t(geavg)+offset;offset_f=+0.0269;raw_f=69.8900;spread=gespr@f048;covered_leads=30-57"
LAX,KLAX,2026-06-07,2026-06-05T00:00:00Z,55,gefs,71.5369,1.2600,"s3://noaa-gefs-pds/gefs.20260605/00/atmos/pgrb2sp25/{geavg,gespr}.t00z.pgrb2s.0p25.f{060,066,072,078,081}#statistic=max_t(geavg)+offset;offset_f=+0.0269;raw_f=71.5100;spread=gespr@f072;covered_leads=54-81"
LAX,KLAX,2026-06-07,2026-06-04T00:00:00Z,79,gefs,72.4369,1.0800,"s3://noaa-gefs-pds/gefs.20260604/00/atmos/pgrb2sp25/{geavg,gespr}.t00z.pgrb2s.0p25.f{084,090,096,102,105}#statistic=max_t(geavg)+offset;offset_f=+0.0269;raw_f=72.4100;spread=gespr@f096;covered_leads=78-105"
MIA,KMIA,2026-06-07,2026-06-07T00:00:00Z,4,gefs,85.4249,0.7200,"s3://noaa-gefs-pds/gefs.20260607/00/atmos/pgrb2sp25/{geavg,gespr}.t00z.pgrb2s.0p25.f{006,012,018,024,030}#statistic=max_t(geavg)+offset;offset_f=+0.0549;raw_f=85.3700;spread=gespr@f024;covered_leads=0-30"
MIA,KMIA,2026-06-07,2026-06-06T00:00:00Z,28,gefs,84.8849,0.7200,"s3://noaa-gefs-pds/gefs.20260606/00/atmos/pgrb2sp25/{geavg,gespr}.t00z.pgrb2s.0p25.f{030,036,042,048,054}#statistic=max_t(geavg)+offset;offset_f=+0.0549;raw_f=84.8300;spread=gespr@f048;covered_leads=24-54"
MIA,KMIA,2026-06-07,2026-06-05T00:00:00Z,52,gefs,85.4249,1.2600,"s3://noaa-gefs-pds/gefs.20260605/00/atmos/pgrb2sp25/{geavg,gespr}.t00z.pgrb2s.0p25.f{054,060,066,072,078}#statistic=max_t(geavg)+offset;offset_f=+0.0549;raw_f=85.3700;spread=gespr@f072;covered_leads=48-78"
MIA,KMIA,2026-06-07,2026-06-04T00:00:00Z,76,gefs,86.1449,0.9000,"s3://noaa-gefs-pds/gefs.20260604/00/atmos/pgrb2sp25/{geavg,gespr}.t00z.pgrb2s.0p25.f{078,084,090,096,102}#statistic=max_t(geavg)+offset;offset_f=+0.0549;raw_f=86.0900;spread=gespr@f096;covered_leads=72-102"
NY,KNYC,2026-06-07,2026-06-07T00:00:00Z,4,gefs,82.7414,1.9800,"s3://noaa-gefs-pds/gefs.20260607/00/atmos/pgrb2sp25/{geavg,gespr}.t00z.pgrb2s.0p25.f{006,012,018,024,030}#statistic=max_t(geavg)+offset;offset_f=+0.2514;raw_f=82.4900;spread=gespr@f024;covered_leads=0-30"
NY,KNYC,2026-06-07,2026-06-06T00:00:00Z,28,gefs,84.9014,1.9800,"s3://noaa-gefs-pds/gefs.20260606/00/atmos/pgrb2sp25/{geavg,gespr}.t00z.pgrb2s.0p25.f{030,036,042,048,054}#statistic=max_t(geavg)+offset;offset_f=+0.2514;raw_f=84.6500;spread=gespr@f048;covered_leads=24-54"
NY,KNYC,2026-06-07,2026-06-05T00:00:00Z,52,gefs,85.9814,2.7000,"s3://noaa-gefs-pds/gefs.20260605/00/atmos/pgrb2sp25/{geavg,gespr}.t00z.pgrb2s.0p25.f{054,060,066,072,078}#statistic=max_t(geavg)+offset;offset_f=+0.2514;raw_f=85.7300;spread=gespr@f072;covered_leads=48-78"
NY,KNYC,2026-06-07,2026-06-04T00:00:00Z,76,gefs,86.7014,3.2400,"s3://noaa-gefs-pds/gefs.20260604/00/atmos/pgrb2sp25/{geavg,gespr}.t00z.pgrb2s.0p25.f{078,084,090,096,102}#statistic=max_t(geavg)+offset;offset_f=+0.2514;raw_f=86.4500;spread=gespr@f096;covered_leads=72-102"
CHI,KMDW,2026-06-08,2026-06-08T00:00:00Z,5,gefs,79.8389,2.1600,"s3://noaa-gefs-pds/gefs.20260608/00/atmos/pgrb2sp25/{geavg,gespr}.t00z.pgrb2s.0p25.f{006,012,018,024,030}#statistic=max_t(geavg)+offset;offset_f=+0.0489;raw_f=79.7900;spread=gespr@f024;covered_leads=0-30"
CHI,KMDW,2026-06-08,2026-06-07T00:00:00Z,29,gefs,81.2789,3.4200,"s3://noaa-gefs-pds/gefs.20260607/00/atmos/pgrb2sp25/{geavg,gespr}.t00z.pgrb2s.0p25.f{030,036,042,048,054}#statistic=max_t(geavg)+offset;offset_f=+0.0489;raw_f=81.2300;spread=gespr@f048;covered_leads=24-54"
CHI,KMDW,2026-06-08,2026-06-06T00:00:00Z,53,gefs,80.1989,4.3200,"s3://noaa-gefs-pds/gefs.20260606/00/atmos/pgrb2sp25/{geavg,gespr}.t00z.pgrb2s.0p25.f{054,060,066,072,078}#statistic=max_t(geavg)+offset;offset_f=+0.0489;raw_f=80.1500;spread=gespr@f072;covered_leads=48-78"
CHI,KMDW,2026-06-08,2026-06-05T00:00:00Z,77,gefs,78.3989,3.9600,"s3://noaa-gefs-pds/gefs.20260605/00/atmos/pgrb2sp25/{geavg,gespr}.t00z.pgrb2s.0p25.f{078,084,090,096,102}#statistic=max_t(geavg)+offset;offset_f=+0.0489;raw_f=78.3500;spread=gespr@f096;covered_leads=72-102"
LAX,KLAX,2026-06-08,2026-06-08T00:00:00Z,7,gefs,71.1769,0.5400,"s3://noaa-gefs-pds/gefs.20260608/00/atmos/pgrb2sp25/{geavg,gespr}.t00z.pgrb2s.0p25.f{012,018,024,030,033}#statistic=max_t(geavg)+offset;offset_f=+0.0269;raw_f=71.1500;spread=gespr@f024;covered_leads=6-33"
LAX,KLAX,2026-06-08,2026-06-07T00:00:00Z,31,gefs,71.3569,0.9000,"s3://noaa-gefs-pds/gefs.20260607/00/atmos/pgrb2sp25/{geavg,gespr}.t00z.pgrb2s.0p25.f{036,042,048,054,057}#statistic=max_t(geavg)+offset;offset_f=+0.0269;raw_f=71.3300;spread=gespr@f048;covered_leads=30-57"
LAX,KLAX,2026-06-08,2026-06-06T00:00:00Z,55,gefs,71.1769,1.0800,"s3://noaa-gefs-pds/gefs.20260606/00/atmos/pgrb2sp25/{geavg,gespr}.t00z.pgrb2s.0p25.f{060,066,072,078,081}#statistic=max_t(geavg)+offset;offset_f=+0.0269;raw_f=71.1500;spread=gespr@f072;covered_leads=54-81"
LAX,KLAX,2026-06-08,2026-06-05T00:00:00Z,79,gefs,72.7969,1.6200,"s3://noaa-gefs-pds/gefs.20260605/00/atmos/pgrb2sp25/{geavg,gespr}.t00z.pgrb2s.0p25.f{084,090,096,102,105}#statistic=max_t(geavg)+offset;offset_f=+0.0269;raw_f=72.7700;spread=gespr@f096;covered_leads=78-105"
MIA,KMIA,2026-06-08,2026-06-08T00:00:00Z,4,gefs,87.5849,0.7200,"s3://noaa-gefs-pds/gefs.20260608/00/atmos/pgrb2sp25/{geavg,gespr}.t00z.pgrb2s.0p25.f{006,012,018,024,030}#statistic=max_t(geavg)+offset;offset_f=+0.0549;raw_f=87.5300;spread=gespr@f018;covered_leads=0-30"
MIA,KMIA,2026-06-08,2026-06-07T00:00:00Z,28,gefs,86.1449,1.0800,"s3://noaa-gefs-pds/gefs.20260607/00/atmos/pgrb2sp25/{geavg,gespr}.t00z.pgrb2s.0p25.f{030,036,042,048,054}#statistic=max_t(geavg)+offset;offset_f=+0.0549;raw_f=86.0900;spread=gespr@f042;covered_leads=24-54"
MIA,KMIA,2026-06-08,2026-06-06T00:00:00Z,52,gefs,86.1449,0.9000,"s3://noaa-gefs-pds/gefs.20260606/00/atmos/pgrb2sp25/{geavg,gespr}.t00z.pgrb2s.0p25.f{054,060,066,072,078}#statistic=max_t(geavg)+offset;offset_f=+0.0549;raw_f=86.0900;spread=gespr@f066;covered_leads=48-78"
MIA,KMIA,2026-06-08,2026-06-05T00:00:00Z,76,gefs,87.0449,1.2600,"s3://noaa-gefs-pds/gefs.20260605/00/atmos/pgrb2sp25/{geavg,gespr}.t00z.pgrb2s.0p25.f{078,084,090,096,102}#statistic=max_t(geavg)+offset;offset_f=+0.0549;raw_f=86.9900;spread=gespr@f096;covered_leads=72-102"
NY,KNYC,2026-06-08,2026-06-08T00:00:00Z,4,gefs,78.2414,2.1600,"s3://noaa-gefs-pds/gefs.20260608/00/atmos/pgrb2sp25/{geavg,gespr}.t00z.pgrb2s.0p25.f{006,012,018,024,030}#statistic=max_t(geavg)+offset;offset_f=+0.2514;raw_f=77.9900;spread=gespr@f018;covered_leads=0-30"
NY,KNYC,2026-06-08,2026-06-07T00:00:00Z,28,gefs,80.0414,2.8800,"s3://noaa-gefs-pds/gefs.20260607/00/atmos/pgrb2sp25/{geavg,gespr}.t00z.pgrb2s.0p25.f{030,036,042,048,054}#statistic=max_t(geavg)+offset;offset_f=+0.2514;raw_f=79.7900;spread=gespr@f048;covered_leads=24-54"
NY,KNYC,2026-06-08,2026-06-06T00:00:00Z,52,gefs,80.7614,2.8800,"s3://noaa-gefs-pds/gefs.20260606/00/atmos/pgrb2sp25/{geavg,gespr}.t00z.pgrb2s.0p25.f{054,060,066,072,078}#statistic=max_t(geavg)+offset;offset_f=+0.2514;raw_f=80.5100;spread=gespr@f072;covered_leads=48-78"
NY,KNYC,2026-06-08,2026-06-05T00:00:00Z,76,gefs,79.1414,2.5200,"s3://noaa-gefs-pds/gefs.20260605/00/atmos/pgrb2sp25/{geavg,gespr}.t00z.pgrb2s.0p25.f{078,084,090,096,102}#statistic=max_t(geavg)+offset;offset_f=+0.2514;raw_f=78.8900;spread=gespr@f078;covered_leads=72-102"
CHI,KMDW,2026-06-09,2026-06-09T00:00:00Z,5,gefs,87.7589,1.8000,"s3://noaa-gefs-pds/gefs.20260609/00/atmos/pgrb2sp25/{geavg,gespr}.t00z.pgrb2s.0p25.f{006,012,018,024,030}#statistic=max_t(geavg)+offset;offset_f=+0.0489;raw_f=87.7100;spread=gespr@f024;covered_leads=0-30"
CHI,KMDW,2026-06-09,2026-06-08T00:00:00Z,29,gefs,87.0389,2.7000,"s3://noaa-gefs-pds/gefs.20260608/00/atmos/pgrb2sp25/{geavg,gespr}.t00z.pgrb2s.0p25.f{030,036,042,048,054}#statistic=max_t(geavg)+offset;offset_f=+0.0489;raw_f=86.9900;spread=gespr@f048;covered_leads=24-54"
CHI,KMDW,2026-06-09,2026-06-07T00:00:00Z,53,gefs,87.7589,3.0600,"s3://noaa-gefs-pds/gefs.20260607/00/atmos/pgrb2sp25/{geavg,gespr}.t00z.pgrb2s.0p25.f{054,060,066,072,078}#statistic=max_t(geavg)+offset;offset_f=+0.0489;raw_f=87.7100;spread=gespr@f072;covered_leads=48-78"
CHI,KMDW,2026-06-09,2026-06-06T00:00:00Z,77,gefs,85.9589,3.0600,"s3://noaa-gefs-pds/gefs.20260606/00/atmos/pgrb2sp25/{geavg,gespr}.t00z.pgrb2s.0p25.f{078,084,090,096,102}#statistic=max_t(geavg)+offset;offset_f=+0.0489;raw_f=85.9100;spread=gespr@f096;covered_leads=72-102"
LAX,KLAX,2026-06-09,2026-06-09T00:00:00Z,7,gefs,73.1569,0.3600,"s3://noaa-gefs-pds/gefs.20260609/00/atmos/pgrb2sp25/{geavg,gespr}.t00z.pgrb2s.0p25.f{012,018,024,030,033}#statistic=max_t(geavg)+offset;offset_f=+0.0269;raw_f=73.1300;spread=gespr@f024;covered_leads=6-33"
LAX,KLAX,2026-06-09,2026-06-08T00:00:00Z,31,gefs,73.8769,0.7200,"s3://noaa-gefs-pds/gefs.20260608/00/atmos/pgrb2sp25/{geavg,gespr}.t00z.pgrb2s.0p25.f{036,042,048,054,057}#statistic=max_t(geavg)+offset;offset_f=+0.0269;raw_f=73.8500;spread=gespr@f048;covered_leads=30-57"
LAX,KLAX,2026-06-09,2026-06-07T00:00:00Z,55,gefs,73.5169,1.4400,"s3://noaa-gefs-pds/gefs.20260607/00/atmos/pgrb2sp25/{geavg,gespr}.t00z.pgrb2s.0p25.f{060,066,072,078,081}#statistic=max_t(geavg)+offset;offset_f=+0.0269;raw_f=73.4900;spread=gespr@f072;covered_leads=54-81"
LAX,KLAX,2026-06-09,2026-06-06T00:00:00Z,79,gefs,73.5169,1.9800,"s3://noaa-gefs-pds/gefs.20260606/00/atmos/pgrb2sp25/{geavg,gespr}.t00z.pgrb2s.0p25.f{084,090,096,102,105}#statistic=max_t(geavg)+offset;offset_f=+0.0269;raw_f=73.4900;spread=gespr@f096;covered_leads=78-105"
MIA,KMIA,2026-06-09,2026-06-09T00:00:00Z,4,gefs,86.8649,0.9000,"s3://noaa-gefs-pds/gefs.20260609/00/atmos/pgrb2sp25/{geavg,gespr}.t00z.pgrb2s.0p25.f{006,012,018,024,030}#statistic=max_t(geavg)+offset;offset_f=+0.0549;raw_f=86.8100;spread=gespr@f018;covered_leads=0-30"
MIA,KMIA,2026-06-09,2026-06-08T00:00:00Z,28,gefs,85.9649,0.9000,"s3://noaa-gefs-pds/gefs.20260608/00/atmos/pgrb2sp25/{geavg,gespr}.t00z.pgrb2s.0p25.f{030,036,042,048,054}#statistic=max_t(geavg)+offset;offset_f=+0.0549;raw_f=85.9100;spread=gespr@f042;covered_leads=24-54"
MIA,KMIA,2026-06-09,2026-06-07T00:00:00Z,52,gefs,85.4249,1.2600,"s3://noaa-gefs-pds/gefs.20260607/00/atmos/pgrb2sp25/{geavg,gespr}.t00z.pgrb2s.0p25.f{054,060,066,072,078}#statistic=max_t(geavg)+offset;offset_f=+0.0549;raw_f=85.3700;spread=gespr@f066;covered_leads=48-78"
MIA,KMIA,2026-06-09,2026-06-06T00:00:00Z,76,gefs,85.7849,1.4400,"s3://noaa-gefs-pds/gefs.20260606/00/atmos/pgrb2sp25/{geavg,gespr}.t00z.pgrb2s.0p25.f{078,084,090,096,102}#statistic=max_t(geavg)+offset;offset_f=+0.0549;raw_f=85.7300;spread=gespr@f090;covered_leads=72-102"
NY,KNYC,2026-06-09,2026-06-09T00:00:00Z,4,gefs,82.3814,1.6200,"s3://noaa-gefs-pds/gefs.20260609/00/atmos/pgrb2sp25/{geavg,gespr}.t00z.pgrb2s.0p25.f{006,012,018,024,030}#statistic=max_t(geavg)+offset;offset_f=+0.2514;raw_f=82.1300;spread=gespr@f024;covered_leads=0-30"
NY,KNYC,2026-06-09,2026-06-08T00:00:00Z,28,gefs,81.8414,2.5200,"s3://noaa-gefs-pds/gefs.20260608/00/atmos/pgrb2sp25/{geavg,gespr}.t00z.pgrb2s.0p25.f{030,036,042,048,054}#statistic=max_t(geavg)+offset;offset_f=+0.2514;raw_f=81.5900;spread=gespr@f048;covered_leads=24-54"
NY,KNYC,2026-06-09,2026-06-07T00:00:00Z,52,gefs,84.5414,3.0600,"s3://noaa-gefs-pds/gefs.20260607/00/atmos/pgrb2sp25/{geavg,gespr}.t00z.pgrb2s.0p25.f{054,060,066,072,078}#statistic=max_t(geavg)+offset;offset_f=+0.2514;raw_f=84.2900;spread=gespr@f072;covered_leads=48-78"
NY,KNYC,2026-06-09,2026-06-06T00:00:00Z,76,gefs,86.8814,2.7000,"s3://noaa-gefs-pds/gefs.20260606/00/atmos/pgrb2sp25/{geavg,gespr}.t00z.pgrb2s.0p25.f{078,084,090,096,102}#statistic=max_t(geavg)+offset;offset_f=+0.2514;raw_f=86.6300;spread=gespr@f096;covered_leads=72-102"
CHI,KMDW,2026-06-10,2026-06-10T00:00:00Z,5,gefs,89.7389,1.4400,"s3://noaa-gefs-pds/gefs.20260610/00/atmos/pgrb2sp25/{geavg,gespr}.t00z.pgrb2s.0p25.f{006,012,018,024,030}#statistic=max_t(geavg)+offset;offset_f=+0.0489;raw_f=89.6900;spread=gespr@f024;covered_leads=0-30"
CHI,KMDW,2026-06-10,2026-06-09T00:00:00Z,29,gefs,91.3589,1.6200,"s3://noaa-gefs-pds/gefs.20260609/00/atmos/pgrb2sp25/{geavg,gespr}.t00z.pgrb2s.0p25.f{030,036,042,048,054}#statistic=max_t(geavg)+offset;offset_f=+0.0489;raw_f=91.3100;spread=gespr@f048;covered_leads=24-54"
CHI,KMDW,2026-06-10,2026-06-08T00:00:00Z,53,gefs,90.9989,1.0800,"s3://noaa-gefs-pds/gefs.20260608/00/atmos/pgrb2sp25/{geavg,gespr}.t00z.pgrb2s.0p25.f{054,060,066,072,078}#statistic=max_t(geavg)+offset;offset_f=+0.0489;raw_f=90.9500;spread=gespr@f072;covered_leads=48-78"
CHI,KMDW,2026-06-10,2026-06-07T00:00:00Z,77,gefs,91.5389,2.1600,"s3://noaa-gefs-pds/gefs.20260607/00/atmos/pgrb2sp25/{geavg,gespr}.t00z.pgrb2s.0p25.f{078,084,090,096,102}#statistic=max_t(geavg)+offset;offset_f=+0.0489;raw_f=91.4900;spread=gespr@f096;covered_leads=72-102"
LAX,KLAX,2026-06-10,2026-06-10T00:00:00Z,7,gefs,77.4769,1.0800,"s3://noaa-gefs-pds/gefs.20260610/00/atmos/pgrb2sp25/{geavg,gespr}.t00z.pgrb2s.0p25.f{012,018,024,030,033}#statistic=max_t(geavg)+offset;offset_f=+0.0269;raw_f=77.4500;spread=gespr@f024;covered_leads=6-33"
LAX,KLAX,2026-06-10,2026-06-09T00:00:00Z,31,gefs,78.1969,1.0800,"s3://noaa-gefs-pds/gefs.20260609/00/atmos/pgrb2sp25/{geavg,gespr}.t00z.pgrb2s.0p25.f{036,042,048,054,057}#statistic=max_t(geavg)+offset;offset_f=+0.0269;raw_f=78.1700;spread=gespr@f048;covered_leads=30-57"
LAX,KLAX,2026-06-10,2026-06-08T00:00:00Z,55,gefs,78.1969,1.4400,"s3://noaa-gefs-pds/gefs.20260608/00/atmos/pgrb2sp25/{geavg,gespr}.t00z.pgrb2s.0p25.f{060,066,072,078,081}#statistic=max_t(geavg)+offset;offset_f=+0.0269;raw_f=78.1700;spread=gespr@f072;covered_leads=54-81"
LAX,KLAX,2026-06-10,2026-06-07T00:00:00Z,79,gefs,77.1169,1.8000,"s3://noaa-gefs-pds/gefs.20260607/00/atmos/pgrb2sp25/{geavg,gespr}.t00z.pgrb2s.0p25.f{084,090,096,102,105}#statistic=max_t(geavg)+offset;offset_f=+0.0269;raw_f=77.0900;spread=gespr@f096;covered_leads=78-105"
MIA,KMIA,2026-06-10,2026-06-10T00:00:00Z,4,gefs,85.0649,0.9000,"s3://noaa-gefs-pds/gefs.20260610/00/atmos/pgrb2sp25/{geavg,gespr}.t00z.pgrb2s.0p25.f{006,012,018,024,030}#statistic=max_t(geavg)+offset;offset_f=+0.0549;raw_f=85.0100;spread=gespr@f018;covered_leads=0-30"
MIA,KMIA,2026-06-10,2026-06-09T00:00:00Z,28,gefs,85.2449,1.4400,"s3://noaa-gefs-pds/gefs.20260609/00/atmos/pgrb2sp25/{geavg,gespr}.t00z.pgrb2s.0p25.f{030,036,042,048,054}#statistic=max_t(geavg)+offset;offset_f=+0.0549;raw_f=85.1900;spread=gespr@f048;covered_leads=24-54"
MIA,KMIA,2026-06-10,2026-06-08T00:00:00Z,52,gefs,85.4249,0.9000,"s3://noaa-gefs-pds/gefs.20260608/00/atmos/pgrb2sp25/{geavg,gespr}.t00z.pgrb2s.0p25.f{054,060,066,072,078}#statistic=max_t(geavg)+offset;offset_f=+0.0549;raw_f=85.3700;spread=gespr@f072;covered_leads=48-78"
MIA,KMIA,2026-06-10,2026-06-07T00:00:00Z,76,gefs,85.4249,1.8000,"s3://noaa-gefs-pds/gefs.20260607/00/atmos/pgrb2sp25/{geavg,gespr}.t00z.pgrb2s.0p25.f{078,084,090,096,102}#statistic=max_t(geavg)+offset;offset_f=+0.0549;raw_f=85.3700;spread=gespr@f090;covered_leads=72-102"
NY,KNYC,2026-06-10,2026-06-10T00:00:00Z,4,gefs,84.7214,2.1600,"s3://noaa-gefs-pds/gefs.20260610/00/atmos/pgrb2sp25/{geavg,gespr}.t00z.pgrb2s.0p25.f{006,012,018,024,030}#statistic=max_t(geavg)+offset;offset_f=+0.2514;raw_f=84.4700;spread=gespr@f024;covered_leads=0-30"
NY,KNYC,2026-06-10,2026-06-09T00:00:00Z,28,gefs,79.3214,4.1400,"s3://noaa-gefs-pds/gefs.20260609/00/atmos/pgrb2sp25/{geavg,gespr}.t00z.pgrb2s.0p25.f{030,036,042,048,054}#statistic=max_t(geavg)+offset;offset_f=+0.2514;raw_f=79.0700;spread=gespr@f048;covered_leads=24-54"
NY,KNYC,2026-06-10,2026-06-08T00:00:00Z,52,gefs,80.2214,6.3000,"s3://noaa-gefs-pds/gefs.20260608/00/atmos/pgrb2sp25/{geavg,gespr}.t00z.pgrb2s.0p25.f{054,060,066,072,078}#statistic=max_t(geavg)+offset;offset_f=+0.2514;raw_f=79.9700;spread=gespr@f072;covered_leads=48-78"
NY,KNYC,2026-06-10,2026-06-07T00:00:00Z,76,gefs,87.2414,4.5000,"s3://noaa-gefs-pds/gefs.20260607/00/atmos/pgrb2sp25/{geavg,gespr}.t00z.pgrb2s.0p25.f{078,084,090,096,102}#statistic=max_t(geavg)+offset;offset_f=+0.2514;raw_f=86.9900;spread=gespr@f096;covered_leads=72-102"
CHI,KMDW,2026-06-11,2026-06-11T00:00:00Z,5,gefs,89.3789,0.9000,"s3://noaa-gefs-pds/gefs.20260611/00/atmos/pgrb2sp25/{geavg,gespr}.t00z.pgrb2s.0p25.f{006,012,018,024,030}#statistic=max_t(geavg)+offset;offset_f=+0.0489;raw_f=89.3300;spread=gespr@f024;covered_leads=0-30"
CHI,KMDW,2026-06-11,2026-06-10T00:00:00Z,29,gefs,89.5589,1.9800,"s3://noaa-gefs-pds/gefs.20260610/00/atmos/pgrb2sp25/{geavg,gespr}.t00z.pgrb2s.0p25.f{030,036,042,048,054}#statistic=max_t(geavg)+offset;offset_f=+0.0489;raw_f=89.5100;spread=gespr@f048;covered_leads=24-54"
CHI,KMDW,2026-06-11,2026-06-09T00:00:00Z,53,gefs,89.7389,2.5200,"s3://noaa-gefs-pds/gefs.20260609/00/atmos/pgrb2sp25/{geavg,gespr}.t00z.pgrb2s.0p25.f{054,060,066,072,078}#statistic=max_t(geavg)+offset;offset_f=+0.0489;raw_f=89.6900;spread=gespr@f072;covered_leads=48-78"
CHI,KMDW,2026-06-11,2026-06-08T00:00:00Z,77,gefs,86.6789,0.9000,"s3://noaa-gefs-pds/gefs.20260608/00/atmos/pgrb2sp25/{geavg,gespr}.t00z.pgrb2s.0p25.f{078,084,090,096,102}#statistic=max_t(geavg)+offset;offset_f=+0.0489;raw_f=86.6300;spread=gespr@f078;covered_leads=72-102"
LAX,KLAX,2026-06-11,2026-06-11T00:00:00Z,7,gefs,76.7569,1.0800,"s3://noaa-gefs-pds/gefs.20260611/00/atmos/pgrb2sp25/{geavg,gespr}.t00z.pgrb2s.0p25.f{012,018,024,030,033}#statistic=max_t(geavg)+offset;offset_f=+0.0269;raw_f=76.7300;spread=gespr@f024;covered_leads=6-33"
LAX,KLAX,2026-06-11,2026-06-10T00:00:00Z,31,gefs,77.1169,1.4400,"s3://noaa-gefs-pds/gefs.20260610/00/atmos/pgrb2sp25/{geavg,gespr}.t00z.pgrb2s.0p25.f{036,042,048,054,057}#statistic=max_t(geavg)+offset;offset_f=+0.0269;raw_f=77.0900;spread=gespr@f048;covered_leads=30-57"
LAX,KLAX,2026-06-11,2026-06-09T00:00:00Z,55,gefs,76.9369,1.0800,"s3://noaa-gefs-pds/gefs.20260609/00/atmos/pgrb2sp25/{geavg,gespr}.t00z.pgrb2s.0p25.f{060,066,072,078,081}#statistic=max_t(geavg)+offset;offset_f=+0.0269;raw_f=76.9100;spread=gespr@f072;covered_leads=54-81"
LAX,KLAX,2026-06-11,2026-06-08T00:00:00Z,79,gefs,78.1969,1.6200,"s3://noaa-gefs-pds/gefs.20260608/00/atmos/pgrb2sp25/{geavg,gespr}.t00z.pgrb2s.0p25.f{084,090,096,102,105}#statistic=max_t(geavg)+offset;offset_f=+0.0269;raw_f=78.1700;spread=gespr@f096;covered_leads=78-105"
MIA,KMIA,2026-06-11,2026-06-11T00:00:00Z,4,gefs,86.1449,1.0800,"s3://noaa-gefs-pds/gefs.20260611/00/atmos/pgrb2sp25/{geavg,gespr}.t00z.pgrb2s.0p25.f{006,012,018,024,030}#statistic=max_t(geavg)+offset;offset_f=+0.0549;raw_f=86.0900;spread=gespr@f024;covered_leads=0-30"
MIA,KMIA,2026-06-11,2026-06-10T00:00:00Z,28,gefs,85.6049,1.6200,"s3://noaa-gefs-pds/gefs.20260610/00/atmos/pgrb2sp25/{geavg,gespr}.t00z.pgrb2s.0p25.f{030,036,042,048,054}#statistic=max_t(geavg)+offset;offset_f=+0.0549;raw_f=85.5500;spread=gespr@f042;covered_leads=24-54"
MIA,KMIA,2026-06-11,2026-06-09T00:00:00Z,52,gefs,85.7849,1.0800,"s3://noaa-gefs-pds/gefs.20260609/00/atmos/pgrb2sp25/{geavg,gespr}.t00z.pgrb2s.0p25.f{054,060,066,072,078}#statistic=max_t(geavg)+offset;offset_f=+0.0549;raw_f=85.7300;spread=gespr@f066;covered_leads=48-78"
MIA,KMIA,2026-06-11,2026-06-08T00:00:00Z,76,gefs,85.9649,1.4400,"s3://noaa-gefs-pds/gefs.20260608/00/atmos/pgrb2sp25/{geavg,gespr}.t00z.pgrb2s.0p25.f{078,084,090,096,102}#statistic=max_t(geavg)+offset;offset_f=+0.0549;raw_f=85.9100;spread=gespr@f096;covered_leads=72-102"
NY,KNYC,2026-06-11,2026-06-11T00:00:00Z,4,gefs,94.0814,1.4400,"s3://noaa-gefs-pds/gefs.20260611/00/atmos/pgrb2sp25/{geavg,gespr}.t00z.pgrb2s.0p25.f{006,012,018,024,030}#statistic=max_t(geavg)+offset;offset_f=+0.2514;raw_f=93.8300;spread=gespr@f024;covered_leads=0-30"
NY,KNYC,2026-06-11,2026-06-10T00:00:00Z,28,gefs,95.3414,1.4400,"s3://noaa-gefs-pds/gefs.20260610/00/atmos/pgrb2sp25/{geavg,gespr}.t00z.pgrb2s.0p25.f{030,036,042,048,054}#statistic=max_t(geavg)+offset;offset_f=+0.2514;raw_f=95.0900;spread=gespr@f048;covered_leads=24-54"
NY,KNYC,2026-06-11,2026-06-09T00:00:00Z,52,gefs,92.8214,4.6800,"s3://noaa-gefs-pds/gefs.20260609/00/atmos/pgrb2sp25/{geavg,gespr}.t00z.pgrb2s.0p25.f{054,060,066,072,078}#statistic=max_t(geavg)+offset;offset_f=+0.2514;raw_f=92.5700;spread=gespr@f072;covered_leads=48-78"
NY,KNYC,2026-06-11,2026-06-08T00:00:00Z,76,gefs,93.1814,4.5000,"s3://noaa-gefs-pds/gefs.20260608/00/atmos/pgrb2sp25/{geavg,gespr}.t00z.pgrb2s.0p25.f{078,084,090,096,102}#statistic=max_t(geavg)+offset;offset_f=+0.2514;raw_f=92.9300;spread=gespr@f096;covered_leads=72-102"
CHI,KMDW,2026-06-12,2026-06-12T00:00:00Z,5,gefs,80.0189,1.0800,"s3://noaa-gefs-pds/gefs.20260612/00/atmos/pgrb2sp25/{geavg,gespr}.t00z.pgrb2s.0p25.f{006,012,018,024,030}#statistic=max_t(geavg)+offset;offset_f=+0.0489;raw_f=79.9700;spread=gespr@f024;covered_leads=0-30"
CHI,KMDW,2026-06-12,2026-06-11T00:00:00Z,29,gefs,84.5189,1.2600,"s3://noaa-gefs-pds/gefs.20260611/00/atmos/pgrb2sp25/{geavg,gespr}.t00z.pgrb2s.0p25.f{030,036,042,048,054}#statistic=max_t(geavg)+offset;offset_f=+0.0489;raw_f=84.4700;spread=gespr@f030;covered_leads=24-54"
CHI,KMDW,2026-06-12,2026-06-10T00:00:00Z,53,gefs,84.1589,3.4200,"s3://noaa-gefs-pds/gefs.20260610/00/atmos/pgrb2sp25/{geavg,gespr}.t00z.pgrb2s.0p25.f{054,060,066,072,078}#statistic=max_t(geavg)+offset;offset_f=+0.0489;raw_f=84.1100;spread=gespr@f054;covered_leads=48-78"
CHI,KMDW,2026-06-12,2026-06-09T00:00:00Z,77,gefs,83.9789,4.6800,"s3://noaa-gefs-pds/gefs.20260609/00/atmos/pgrb2sp25/{geavg,gespr}.t00z.pgrb2s.0p25.f{078,084,090,096,102}#statistic=max_t(geavg)+offset;offset_f=+0.0489;raw_f=83.9300;spread=gespr@f078;covered_leads=72-102"
LAX,KLAX,2026-06-12,2026-06-12T00:00:00Z,7,gefs,76.9369,0.7200,"s3://noaa-gefs-pds/gefs.20260612/00/atmos/pgrb2sp25/{geavg,gespr}.t00z.pgrb2s.0p25.f{012,018,024,030,033}#statistic=max_t(geavg)+offset;offset_f=+0.0269;raw_f=76.9100;spread=gespr@f024;covered_leads=6-33"
LAX,KLAX,2026-06-12,2026-06-11T00:00:00Z,31,gefs,77.8369,1.4400,"s3://noaa-gefs-pds/gefs.20260611/00/atmos/pgrb2sp25/{geavg,gespr}.t00z.pgrb2s.0p25.f{036,042,048,054,057}#statistic=max_t(geavg)+offset;offset_f=+0.0269;raw_f=77.8100;spread=gespr@f048;covered_leads=30-57"
LAX,KLAX,2026-06-12,2026-06-10T00:00:00Z,55,gefs,77.1169,1.6200,"s3://noaa-gefs-pds/gefs.20260610/00/atmos/pgrb2sp25/{geavg,gespr}.t00z.pgrb2s.0p25.f{060,066,072,078,081}#statistic=max_t(geavg)+offset;offset_f=+0.0269;raw_f=77.0900;spread=gespr@f072;covered_leads=54-81"
LAX,KLAX,2026-06-12,2026-06-09T00:00:00Z,79,gefs,77.4769,1.6200,"s3://noaa-gefs-pds/gefs.20260609/00/atmos/pgrb2sp25/{geavg,gespr}.t00z.pgrb2s.0p25.f{084,090,096,102,105}#statistic=max_t(geavg)+offset;offset_f=+0.0269;raw_f=77.4500;spread=gespr@f096;covered_leads=78-105"
MIA,KMIA,2026-06-12,2026-06-12T00:00:00Z,4,gefs,87.5849,0.9000,"s3://noaa-gefs-pds/gefs.20260612/00/atmos/pgrb2sp25/{geavg,gespr}.t00z.pgrb2s.0p25.f{006,012,018,024,030}#statistic=max_t(geavg)+offset;offset_f=+0.0549;raw_f=87.5300;spread=gespr@f018;covered_leads=0-30"
MIA,KMIA,2026-06-12,2026-06-11T00:00:00Z,28,gefs,87.2249,0.9000,"s3://noaa-gefs-pds/gefs.20260611/00/atmos/pgrb2sp25/{geavg,gespr}.t00z.pgrb2s.0p25.f{030,036,042,048,054}#statistic=max_t(geavg)+offset;offset_f=+0.0549;raw_f=87.1700;spread=gespr@f042;covered_leads=24-54"
MIA,KMIA,2026-06-12,2026-06-10T00:00:00Z,52,gefs,86.3249,1.8000,"s3://noaa-gefs-pds/gefs.20260610/00/atmos/pgrb2sp25/{geavg,gespr}.t00z.pgrb2s.0p25.f{054,060,066,072,078}#statistic=max_t(geavg)+offset;offset_f=+0.0549;raw_f=86.2700;spread=gespr@f066;covered_leads=48-78"
MIA,KMIA,2026-06-12,2026-06-09T00:00:00Z,76,gefs,86.6849,1.6200,"s3://noaa-gefs-pds/gefs.20260609/00/atmos/pgrb2sp25/{geavg,gespr}.t00z.pgrb2s.0p25.f{078,084,090,096,102}#statistic=max_t(geavg)+offset;offset_f=+0.0549;raw_f=86.6300;spread=gespr@f090;covered_leads=72-102"
NY,KNYC,2026-06-12,2026-06-12T00:00:00Z,4,gefs,95.7014,1.9800,"s3://noaa-gefs-pds/gefs.20260612/00/atmos/pgrb2sp25/{geavg,gespr}.t00z.pgrb2s.0p25.f{006,012,018,024,030}#statistic=max_t(geavg)+offset;offset_f=+0.2514;raw_f=95.4500;spread=gespr@f024;covered_leads=0-30"
NY,KNYC,2026-06-12,2026-06-11T00:00:00Z,28,gefs,96.2414,1.6200,"s3://noaa-gefs-pds/gefs.20260611/00/atmos/pgrb2sp25/{geavg,gespr}.t00z.pgrb2s.0p25.f{030,036,042,048,054}#statistic=max_t(geavg)+offset;offset_f=+0.2514;raw_f=95.9900;spread=gespr@f048;covered_leads=24-54"
NY,KNYC,2026-06-12,2026-06-10T00:00:00Z,52,gefs,95.7014,3.0600,"s3://noaa-gefs-pds/gefs.20260610/00/atmos/pgrb2sp25/{geavg,gespr}.t00z.pgrb2s.0p25.f{054,060,066,072,078}#statistic=max_t(geavg)+offset;offset_f=+0.2514;raw_f=95.4500;spread=gespr@f072;covered_leads=48-78"
NY,KNYC,2026-06-12,2026-06-09T00:00:00Z,76,gefs,91.3814,5.4000,"s3://noaa-gefs-pds/gefs.20260609/00/atmos/pgrb2sp25/{geavg,gespr}.t00z.pgrb2s.0p25.f{078,084,090,096,102}#statistic=max_t(geavg)+offset;offset_f=+0.2514;raw_f=91.1300;spread=gespr@f090;covered_leads=72-102"
CHI,KMDW,2026-06-13,2026-06-13T00:00:00Z,5,gefs,83.7989,1.0800,"s3://noaa-gefs-pds/gefs.20260613/00/atmos/pgrb2sp25/{geavg,gespr}.t00z.pgrb2s.0p25.f{006,012,018,024,030}#statistic=max_t(geavg)+offset;offset_f=+0.0489;raw_f=83.7500;spread=gespr@f024;covered_leads=0-30"
CHI,KMDW,2026-06-13,2026-06-12T00:00:00Z,29,gefs,82.3589,1.8000,"s3://noaa-gefs-pds/gefs.20260612/00/atmos/pgrb2sp25/{geavg,gespr}.t00z.pgrb2s.0p25.f{030,036,042,048,054}#statistic=max_t(geavg)+offset;offset_f=+0.0489;raw_f=82.3100;spread=gespr@f048;covered_leads=24-54"
CHI,KMDW,2026-06-13,2026-06-11T00:00:00Z,53,gefs,81.4589,2.7000,"s3://noaa-gefs-pds/gefs.20260611/00/atmos/pgrb2sp25/{geavg,gespr}.t00z.pgrb2s.0p25.f{054,060,066,072,078}#statistic=max_t(geavg)+offset;offset_f=+0.0489;raw_f=81.4100;spread=gespr@f072;covered_leads=48-78"
CHI,KMDW,2026-06-13,2026-06-10T00:00:00Z,77,gefs,82.5389,2.3400,"s3://noaa-gefs-pds/gefs.20260610/00/atmos/pgrb2sp25/{geavg,gespr}.t00z.pgrb2s.0p25.f{078,084,090,096,102}#statistic=max_t(geavg)+offset;offset_f=+0.0489;raw_f=82.4900;spread=gespr@f096;covered_leads=72-102"
LAX,KLAX,2026-06-13,2026-06-13T00:00:00Z,7,gefs,76.2169,0.5400,"s3://noaa-gefs-pds/gefs.20260613/00/atmos/pgrb2sp25/{geavg,gespr}.t00z.pgrb2s.0p25.f{012,018,024,030,033}#statistic=max_t(geavg)+offset;offset_f=+0.0269;raw_f=76.1900;spread=gespr@f024;covered_leads=6-33"
LAX,KLAX,2026-06-13,2026-06-12T00:00:00Z,31,gefs,76.3969,0.7200,"s3://noaa-gefs-pds/gefs.20260612/00/atmos/pgrb2sp25/{geavg,gespr}.t00z.pgrb2s.0p25.f{036,042,048,054,057}#statistic=max_t(geavg)+offset;offset_f=+0.0269;raw_f=76.3700;spread=gespr@f048;covered_leads=30-57"
LAX,KLAX,2026-06-13,2026-06-11T00:00:00Z,55,gefs,76.2169,1.2600,"s3://noaa-gefs-pds/gefs.20260611/00/atmos/pgrb2sp25/{geavg,gespr}.t00z.pgrb2s.0p25.f{060,066,072,078,081}#statistic=max_t(geavg)+offset;offset_f=+0.0269;raw_f=76.1900;spread=gespr@f072;covered_leads=54-81"
LAX,KLAX,2026-06-13,2026-06-10T00:00:00Z,79,gefs,75.1369,1.2600,"s3://noaa-gefs-pds/gefs.20260610/00/atmos/pgrb2sp25/{geavg,gespr}.t00z.pgrb2s.0p25.f{084,090,096,102,105}#statistic=max_t(geavg)+offset;offset_f=+0.0269;raw_f=75.1100;spread=gespr@f096;covered_leads=78-105"
MIA,KMIA,2026-06-13,2026-06-13T00:00:00Z,4,gefs,87.4049,0.5400,"s3://noaa-gefs-pds/gefs.20260613/00/atmos/pgrb2sp25/{geavg,gespr}.t00z.pgrb2s.0p25.f{006,012,018,024,030}#statistic=max_t(geavg)+offset;offset_f=+0.0549;raw_f=87.3500;spread=gespr@f024;covered_leads=0-30"
MIA,KMIA,2026-06-13,2026-06-12T00:00:00Z,28,gefs,87.4049,0.9000,"s3://noaa-gefs-pds/gefs.20260612/00/atmos/pgrb2sp25/{geavg,gespr}.t00z.pgrb2s.0p25.f{030,036,042,048,054}#statistic=max_t(geavg)+offset;offset_f=+0.0549;raw_f=87.3500;spread=gespr@f042;covered_leads=24-54"
MIA,KMIA,2026-06-13,2026-06-11T00:00:00Z,52,gefs,87.7649,1.0800,"s3://noaa-gefs-pds/gefs.20260611/00/atmos/pgrb2sp25/{geavg,gespr}.t00z.pgrb2s.0p25.f{054,060,066,072,078}#statistic=max_t(geavg)+offset;offset_f=+0.0549;raw_f=87.7100;spread=gespr@f072;covered_leads=48-78"
MIA,KMIA,2026-06-13,2026-06-10T00:00:00Z,76,gefs,87.0449,1.9800,"s3://noaa-gefs-pds/gefs.20260610/00/atmos/pgrb2sp25/{geavg,gespr}.t00z.pgrb2s.0p25.f{078,084,090,096,102}#statistic=max_t(geavg)+offset;offset_f=+0.0549;raw_f=86.9900;spread=gespr@f096;covered_leads=72-102"
NY,KNYC,2026-06-13,2026-06-13T00:00:00Z,4,gefs,90.6614,1.6200,"s3://noaa-gefs-pds/gefs.20260613/00/atmos/pgrb2sp25/{geavg,gespr}.t00z.pgrb2s.0p25.f{006,012,018,024,030}#statistic=max_t(geavg)+offset;offset_f=+0.2514;raw_f=90.4100;spread=gespr@f024;covered_leads=0-30"
NY,KNYC,2026-06-13,2026-06-12T00:00:00Z,28,gefs,90.1214,1.8000,"s3://noaa-gefs-pds/gefs.20260612/00/atmos/pgrb2sp25/{geavg,gespr}.t00z.pgrb2s.0p25.f{030,036,042,048,054}#statistic=max_t(geavg)+offset;offset_f=+0.2514;raw_f=89.8700;spread=gespr@f048;covered_leads=24-54"
NY,KNYC,2026-06-13,2026-06-11T00:00:00Z,52,gefs,91.5614,2.1600,"s3://noaa-gefs-pds/gefs.20260611/00/atmos/pgrb2sp25/{geavg,gespr}.t00z.pgrb2s.0p25.f{054,060,066,072,078}#statistic=max_t(geavg)+offset;offset_f=+0.2514;raw_f=91.3100;spread=gespr@f072;covered_leads=48-78"
NY,KNYC,2026-06-13,2026-06-10T00:00:00Z,76,gefs,89.4014,2.8800,"s3://noaa-gefs-pds/gefs.20260610/00/atmos/pgrb2sp25/{geavg,gespr}.t00z.pgrb2s.0p25.f{078,084,090,096,102}#statistic=max_t(geavg)+offset;offset_f=+0.2514;raw_f=89.1500;spread=gespr@f096;covered_leads=72-102"
CHI,KMDW,2026-06-14,2026-06-14T00:00:00Z,5,gefs,76.9589,0.7200,"s3://noaa-gefs-pds/gefs.20260614/00/atmos/pgrb2sp25/{geavg,gespr}.t00z.pgrb2s.0p25.f{006,012,018,024,030}#statistic=max_t(geavg)+offset;offset_f=+0.0489;raw_f=76.9100;spread=gespr@f006;covered_leads=0-30"
CHI,KMDW,2026-06-14,2026-06-13T00:00:00Z,29,gefs,79.2989,1.2600,"s3://noaa-gefs-pds/gefs.20260613/00/atmos/pgrb2sp25/{geavg,gespr}.t00z.pgrb2s.0p25.f{030,036,042,048,054}#statistic=max_t(geavg)+offset;offset_f=+0.0489;raw_f=79.2500;spread=gespr@f030;covered_leads=24-54"
CHI,KMDW,2026-06-14,2026-06-12T00:00:00Z,53,gefs,77.1389,2.1600,"s3://noaa-gefs-pds/gefs.20260612/00/atmos/pgrb2sp25/{geavg,gespr}.t00z.pgrb2s.0p25.f{054,060,066,072,078}#statistic=max_t(geavg)+offset;offset_f=+0.0489;raw_f=77.0900;spread=gespr@f054;covered_leads=48-78"
CHI,KMDW,2026-06-14,2026-06-11T00:00:00Z,77,gefs,76.7789,2.7000,"s3://noaa-gefs-pds/gefs.20260611/00/atmos/pgrb2sp25/{geavg,gespr}.t00z.pgrb2s.0p25.f{078,084,090,096,102}#statistic=max_t(geavg)+offset;offset_f=+0.0489;raw_f=76.7300;spread=gespr@f078;covered_leads=72-102"
LAX,KLAX,2026-06-14,2026-06-14T00:00:00Z,7,gefs,76.3969,1.0800,"s3://noaa-gefs-pds/gefs.20260614/00/atmos/pgrb2sp25/{geavg,gespr}.t00z.pgrb2s.0p25.f{012,018,024,030,033}#statistic=max_t(geavg)+offset;offset_f=+0.0269;raw_f=76.3700;spread=gespr@f024;covered_leads=6-33"
LAX,KLAX,2026-06-14,2026-06-13T00:00:00Z,31,gefs,77.4769,0.7200,"s3://noaa-gefs-pds/gefs.20260613/00/atmos/pgrb2sp25/{geavg,gespr}.t00z.pgrb2s.0p25.f{036,042,048,054,057}#statistic=max_t(geavg)+offset;offset_f=+0.0269;raw_f=77.4500;spread=gespr@f048;covered_leads=30-57"
LAX,KLAX,2026-06-14,2026-06-12T00:00:00Z,55,gefs,77.4769,1.0800,"s3://noaa-gefs-pds/gefs.20260612/00/atmos/pgrb2sp25/{geavg,gespr}.t00z.pgrb2s.0p25.f{060,066,072,078,081}#statistic=max_t(geavg)+offset;offset_f=+0.0269;raw_f=77.4500;spread=gespr@f072;covered_leads=54-81"
LAX,KLAX,2026-06-14,2026-06-11T00:00:00Z,79,gefs,75.6769,1.4400,"s3://noaa-gefs-pds/gefs.20260611/00/atmos/pgrb2sp25/{geavg,gespr}.t00z.pgrb2s.0p25.f{084,090,096,102,105}#statistic=max_t(geavg)+offset;offset_f=+0.0269;raw_f=75.6500;spread=gespr@f096;covered_leads=78-105"
MIA,KMIA,2026-06-14,2026-06-14T00:00:00Z,4,gefs,88.8449,0.5400,"s3://noaa-gefs-pds/gefs.20260614/00/atmos/pgrb2sp25/{geavg,gespr}.t00z.pgrb2s.0p25.f{006,012,018,024,030}#statistic=max_t(geavg)+offset;offset_f=+0.0549;raw_f=88.7900;spread=gespr@f024;covered_leads=0-30"
MIA,KMIA,2026-06-14,2026-06-13T00:00:00Z,28,gefs,88.4849,1.0800,"s3://noaa-gefs-pds/gefs.20260613/00/atmos/pgrb2sp25/{geavg,gespr}.t00z.pgrb2s.0p25.f{030,036,042,048,054}#statistic=max_t(geavg)+offset;offset_f=+0.0549;raw_f=88.4300;spread=gespr@f048;covered_leads=24-54"
MIA,KMIA,2026-06-14,2026-06-12T00:00:00Z,52,gefs,87.7649,0.9000,"s3://noaa-gefs-pds/gefs.20260612/00/atmos/pgrb2sp25/{geavg,gespr}.t00z.pgrb2s.0p25.f{054,060,066,072,078}#statistic=max_t(geavg)+offset;offset_f=+0.0549;raw_f=87.7100;spread=gespr@f072;covered_leads=48-78"
MIA,KMIA,2026-06-14,2026-06-11T00:00:00Z,76,gefs,88.1249,1.2600,"s3://noaa-gefs-pds/gefs.20260611/00/atmos/pgrb2sp25/{geavg,gespr}.t00z.pgrb2s.0p25.f{078,084,090,096,102}#statistic=max_t(geavg)+offset;offset_f=+0.0549;raw_f=88.0700;spread=gespr@f096;covered_leads=72-102"
NY,KNYC,2026-06-14,2026-06-14T00:00:00Z,4,gefs,90.4814,1.2600,"s3://noaa-gefs-pds/gefs.20260614/00/atmos/pgrb2sp25/{geavg,gespr}.t00z.pgrb2s.0p25.f{006,012,018,024,030}#statistic=max_t(geavg)+offset;offset_f=+0.2514;raw_f=90.2300;spread=gespr@f024;covered_leads=0-30"
NY,KNYC,2026-06-14,2026-06-13T00:00:00Z,28,gefs,88.3214,1.9800,"s3://noaa-gefs-pds/gefs.20260613/00/atmos/pgrb2sp25/{geavg,gespr}.t00z.pgrb2s.0p25.f{030,036,042,048,054}#statistic=max_t(geavg)+offset;offset_f=+0.2514;raw_f=88.0700;spread=gespr@f042;covered_leads=24-54"
NY,KNYC,2026-06-14,2026-06-12T00:00:00Z,52,gefs,86.8814,4.1400,"s3://noaa-gefs-pds/gefs.20260612/00/atmos/pgrb2sp25/{geavg,gespr}.t00z.pgrb2s.0p25.f{054,060,066,072,078}#statistic=max_t(geavg)+offset;offset_f=+0.2514;raw_f=86.6300;spread=gespr@f066;covered_leads=48-78"
NY,KNYC,2026-06-14,2026-06-11T00:00:00Z,76,gefs,85.2614,4.6800,"s3://noaa-gefs-pds/gefs.20260611/00/atmos/pgrb2sp25/{geavg,gespr}.t00z.pgrb2s.0p25.f{078,084,090,096,102}#statistic=max_t(geavg)+offset;offset_f=+0.2514;raw_f=85.0100;spread=gespr@f090;covered_leads=72-102"
CHI,KMDW,2026-06-15,2026-06-15T00:00:00Z,5,gefs,73.8989,0.9000,"s3://noaa-gefs-pds/gefs.20260615/00/atmos/pgrb2sp25/{geavg,gespr}.t00z.pgrb2s.0p25.f{006,012,018,024,030}#statistic=max_t(geavg)+offset;offset_f=+0.0489;raw_f=73.8500;spread=gespr@f024;covered_leads=0-30"
CHI,KMDW,2026-06-15,2026-06-14T00:00:00Z,29,gefs,73.5389,1.8000,"s3://noaa-gefs-pds/gefs.20260614/00/atmos/pgrb2sp25/{geavg,gespr}.t00z.pgrb2s.0p25.f{030,036,042,048,054}#statistic=max_t(geavg)+offset;offset_f=+0.0489;raw_f=73.4900;spread=gespr@f048;covered_leads=24-54"
CHI,KMDW,2026-06-15,2026-06-13T00:00:00Z,53,gefs,73.5389,1.8000,"s3://noaa-gefs-pds/gefs.20260613/00/atmos/pgrb2sp25/{geavg,gespr}.t00z.pgrb2s.0p25.f{054,060,066,072,078}#statistic=max_t(geavg)+offset;offset_f=+0.0489;raw_f=73.4900;spread=gespr@f072;covered_leads=48-78"
CHI,KMDW,2026-06-15,2026-06-12T00:00:00Z,77,gefs,73.3589,2.3400,"s3://noaa-gefs-pds/gefs.20260612/00/atmos/pgrb2sp25/{geavg,gespr}.t00z.pgrb2s.0p25.f{078,084,090,096,102}#statistic=max_t(geavg)+offset;offset_f=+0.0489;raw_f=73.3100;spread=gespr@f096;covered_leads=72-102"
LAX,KLAX,2026-06-15,2026-06-15T00:00:00Z,7,gefs,76.9369,0.7200,"s3://noaa-gefs-pds/gefs.20260615/00/atmos/pgrb2sp25/{geavg,gespr}.t00z.pgrb2s.0p25.f{012,018,024,030,033}#statistic=max_t(geavg)+offset;offset_f=+0.0269;raw_f=76.9100;spread=gespr@f024;covered_leads=6-33"
LAX,KLAX,2026-06-15,2026-06-14T00:00:00Z,31,gefs,77.1169,0.9000,"s3://noaa-gefs-pds/gefs.20260614/00/atmos/pgrb2sp25/{geavg,gespr}.t00z.pgrb2s.0p25.f{036,042,048,054,057}#statistic=max_t(geavg)+offset;offset_f=+0.0269;raw_f=77.0900;spread=gespr@f048;covered_leads=30-57"
LAX,KLAX,2026-06-15,2026-06-13T00:00:00Z,55,gefs,77.4769,1.0800,"s3://noaa-gefs-pds/gefs.20260613/00/atmos/pgrb2sp25/{geavg,gespr}.t00z.pgrb2s.0p25.f{060,066,072,078,081}#statistic=max_t(geavg)+offset;offset_f=+0.0269;raw_f=77.4500;spread=gespr@f072;covered_leads=54-81"
LAX,KLAX,2026-06-15,2026-06-12T00:00:00Z,79,gefs,78.9169,1.9800,"s3://noaa-gefs-pds/gefs.20260612/00/atmos/pgrb2sp25/{geavg,gespr}.t00z.pgrb2s.0p25.f{084,090,096,102,105}#statistic=max_t(geavg)+offset;offset_f=+0.0269;raw_f=78.8900;spread=gespr@f096;covered_leads=78-105"
MIA,KMIA,2026-06-15,2026-06-15T00:00:00Z,4,gefs,89.5649,1.0800,"s3://noaa-gefs-pds/gefs.20260615/00/atmos/pgrb2sp25/{geavg,gespr}.t00z.pgrb2s.0p25.f{006,012,018,024,030}#statistic=max_t(geavg)+offset;offset_f=+0.0549;raw_f=89.5100;spread=gespr@f024;covered_leads=0-30"
MIA,KMIA,2026-06-15,2026-06-14T00:00:00Z,28,gefs,89.0249,1.0800,"s3://noaa-gefs-pds/gefs.20260614/00/atmos/pgrb2sp25/{geavg,gespr}.t00z.pgrb2s.0p25.f{030,036,042,048,054}#statistic=max_t(geavg)+offset;offset_f=+0.0549;raw_f=88.9700;spread=gespr@f048;covered_leads=24-54"
MIA,KMIA,2026-06-15,2026-06-13T00:00:00Z,52,gefs,89.3849,1.0800,"s3://noaa-gefs-pds/gefs.20260613/00/atmos/pgrb2sp25/{geavg,gespr}.t00z.pgrb2s.0p25.f{054,060,066,072,078}#statistic=max_t(geavg)+offset;offset_f=+0.0549;raw_f=89.3300;spread=gespr@f072;covered_leads=48-78"
MIA,KMIA,2026-06-15,2026-06-12T00:00:00Z,76,gefs,88.8449,1.0800,"s3://noaa-gefs-pds/gefs.20260612/00/atmos/pgrb2sp25/{geavg,gespr}.t00z.pgrb2s.0p25.f{078,084,090,096,102}#statistic=max_t(geavg)+offset;offset_f=+0.0549;raw_f=88.7900;spread=gespr@f096;covered_leads=72-102"
NY,KNYC,2026-06-15,2026-06-15T00:00:00Z,4,gefs,79.8614,0.3600,"s3://noaa-gefs-pds/gefs.20260615/00/atmos/pgrb2sp25/{geavg,gespr}.t00z.pgrb2s.0p25.f{006,012,018,024,030}#statistic=max_t(geavg)+offset;offset_f=+0.2514;raw_f=79.6100;spread=gespr@f006;covered_leads=0-30"
NY,KNYC,2026-06-15,2026-06-14T00:00:00Z,28,gefs,81.1214,1.8000,"s3://noaa-gefs-pds/gefs.20260614/00/atmos/pgrb2sp25/{geavg,gespr}.t00z.pgrb2s.0p25.f{030,036,042,048,054}#statistic=max_t(geavg)+offset;offset_f=+0.2514;raw_f=80.8700;spread=gespr@f030;covered_leads=24-54"
NY,KNYC,2026-06-15,2026-06-13T00:00:00Z,52,gefs,80.5814,3.7800,"s3://noaa-gefs-pds/gefs.20260613/00/atmos/pgrb2sp25/{geavg,gespr}.t00z.pgrb2s.0p25.f{054,060,066,072,078}#statistic=max_t(geavg)+offset;offset_f=+0.2514;raw_f=80.3300;spread=gespr@f072;covered_leads=48-78"
NY,KNYC,2026-06-15,2026-06-12T00:00:00Z,76,gefs,81.3014,4.1400,"s3://noaa-gefs-pds/gefs.20260612/00/atmos/pgrb2sp25/{geavg,gespr}.t00z.pgrb2s.0p25.f{078,084,090,096,102}#statistic=max_t(geavg)+offset;offset_f=+0.2514;raw_f=81.0500;spread=gespr@f096;covered_leads=72-102"
CHI,KMDW,2026-06-16,2026-06-16T00:00:00Z,5,gefs,74.4389,1.4400,"s3://noaa-gefs-pds/gefs.20260616/00/atmos/pgrb2sp25/{geavg,gespr}.t00z.pgrb2s.0p25.f{006,012,018,024,030}#statistic=max_t(geavg)+offset;offset_f=+0.0489;raw_f=74.3900;spread=gespr@f024;covered_leads=0-30"
CHI,KMDW,2026-06-16,2026-06-15T00:00:00Z,29,gefs,73.3589,2.1600,"s3://noaa-gefs-pds/gefs.20260615/00/atmos/pgrb2sp25/{geavg,gespr}.t00z.pgrb2s.0p25.f{030,036,042,048,054}#statistic=max_t(geavg)+offset;offset_f=+0.0489;raw_f=73.3100;spread=gespr@f048;covered_leads=24-54"
CHI,KMDW,2026-06-16,2026-06-14T00:00:00Z,53,gefs,73.8989,2.3400,"s3://noaa-gefs-pds/gefs.20260614/00/atmos/pgrb2sp25/{geavg,gespr}.t00z.pgrb2s.0p25.f{054,060,066,072,078}#statistic=max_t(geavg)+offset;offset_f=+0.0489;raw_f=73.8500;spread=gespr@f072;covered_leads=48-78"
CHI,KMDW,2026-06-16,2026-06-13T00:00:00Z,77,gefs,76.2389,2.3400,"s3://noaa-gefs-pds/gefs.20260613/00/atmos/pgrb2sp25/{geavg,gespr}.t00z.pgrb2s.0p25.f{078,084,090,096,102}#statistic=max_t(geavg)+offset;offset_f=+0.0489;raw_f=76.1900;spread=gespr@f096;covered_leads=72-102"
LAX,KLAX,2026-06-16,2026-06-16T00:00:00Z,7,gefs,75.8569,0.7200,"s3://noaa-gefs-pds/gefs.20260616/00/atmos/pgrb2sp25/{geavg,gespr}.t00z.pgrb2s.0p25.f{012,018,024,030,033}#statistic=max_t(geavg)+offset;offset_f=+0.0269;raw_f=75.8300;spread=gespr@f024;covered_leads=6-33"
LAX,KLAX,2026-06-16,2026-06-15T00:00:00Z,31,gefs,77.1169,1.2600,"s3://noaa-gefs-pds/gefs.20260615/00/atmos/pgrb2sp25/{geavg,gespr}.t00z.pgrb2s.0p25.f{036,042,048,054,057}#statistic=max_t(geavg)+offset;offset_f=+0.0269;raw_f=77.0900;spread=gespr@f048;covered_leads=30-57"
LAX,KLAX,2026-06-16,2026-06-14T00:00:00Z,55,gefs,76.7569,0.9000,"s3://noaa-gefs-pds/gefs.20260614/00/atmos/pgrb2sp25/{geavg,gespr}.t00z.pgrb2s.0p25.f{060,066,072,078,081}#statistic=max_t(geavg)+offset;offset_f=+0.0269;raw_f=76.7300;spread=gespr@f072;covered_leads=54-81"
LAX,KLAX,2026-06-16,2026-06-13T00:00:00Z,79,gefs,77.6569,0.9000,"s3://noaa-gefs-pds/gefs.20260613/00/atmos/pgrb2sp25/{geavg,gespr}.t00z.pgrb2s.0p25.f{084,090,096,102,105}#statistic=max_t(geavg)+offset;offset_f=+0.0269;raw_f=77.6300;spread=gespr@f096;covered_leads=78-105"
MIA,KMIA,2026-06-16,2026-06-16T00:00:00Z,4,gefs,89.3849,0.7200,"s3://noaa-gefs-pds/gefs.20260616/00/atmos/pgrb2sp25/{geavg,gespr}.t00z.pgrb2s.0p25.f{006,012,018,024,030}#statistic=max_t(geavg)+offset;offset_f=+0.0549;raw_f=89.3300;spread=gespr@f018;covered_leads=0-30"
MIA,KMIA,2026-06-16,2026-06-15T00:00:00Z,28,gefs,89.0249,0.9000,"s3://noaa-gefs-pds/gefs.20260615/00/atmos/pgrb2sp25/{geavg,gespr}.t00z.pgrb2s.0p25.f{030,036,042,048,054}#statistic=max_t(geavg)+offset;offset_f=+0.0549;raw_f=88.9700;spread=gespr@f048;covered_leads=24-54"
MIA,KMIA,2026-06-16,2026-06-14T00:00:00Z,52,gefs,89.0249,1.0800,"s3://noaa-gefs-pds/gefs.20260614/00/atmos/pgrb2sp25/{geavg,gespr}.t00z.pgrb2s.0p25.f{054,060,066,072,078}#statistic=max_t(geavg)+offset;offset_f=+0.0549;raw_f=88.9700;spread=gespr@f072;covered_leads=48-78"
MIA,KMIA,2026-06-16,2026-06-13T00:00:00Z,76,gefs,89.0249,1.2600,"s3://noaa-gefs-pds/gefs.20260613/00/atmos/pgrb2sp25/{geavg,gespr}.t00z.pgrb2s.0p25.f{078,084,090,096,102}#statistic=max_t(geavg)+offset;offset_f=+0.0549;raw_f=88.9700;spread=gespr@f096;covered_leads=72-102"
NY,KNYC,2026-06-16,2026-06-16T00:00:00Z,4,gefs,80.0414,1.8000,"s3://noaa-gefs-pds/gefs.20260616/00/atmos/pgrb2sp25/{geavg,gespr}.t00z.pgrb2s.0p25.f{006,012,018,024,030}#statistic=max_t(geavg)+offset;offset_f=+0.2514;raw_f=79.7900;spread=gespr@f024;covered_leads=0-30"
NY,KNYC,2026-06-16,2026-06-15T00:00:00Z,28,gefs,80.7614,1.8000,"s3://noaa-gefs-pds/gefs.20260615/00/atmos/pgrb2sp25/{geavg,gespr}.t00z.pgrb2s.0p25.f{030,036,042,048,054}#statistic=max_t(geavg)+offset;offset_f=+0.2514;raw_f=80.5100;spread=gespr@f048;covered_leads=24-54"
NY,KNYC,2026-06-16,2026-06-14T00:00:00Z,52,gefs,80.0414,2.1600,"s3://noaa-gefs-pds/gefs.20260614/00/atmos/pgrb2sp25/{geavg,gespr}.t00z.pgrb2s.0p25.f{054,060,066,072,078}#statistic=max_t(geavg)+offset;offset_f=+0.2514;raw_f=79.7900;spread=gespr@f072;covered_leads=48-78"
NY,KNYC,2026-06-16,2026-06-13T00:00:00Z,76,gefs,78.9614,3.7800,"s3://noaa-gefs-pds/gefs.20260613/00/atmos/pgrb2sp25/{geavg,gespr}.t00z.pgrb2s.0p25.f{078,084,090,096,102}#statistic=max_t(geavg)+offset;offset_f=+0.2514;raw_f=78.7100;spread=gespr@f090;covered_leads=72-102"
CHI,KMDW,2026-06-17,2026-06-17T00:00:00Z,5,gefs,74.7989,2.5200,"s3://noaa-gefs-pds/gefs.20260617/00/atmos/pgrb2sp25/{geavg,gespr}.t00z.pgrb2s.0p25.f{006,012,018,024,030}#statistic=max_t(geavg)+offset;offset_f=+0.0489;raw_f=74.7500;spread=gespr@f024;covered_leads=0-30"
CHI,KMDW,2026-06-17,2026-06-16T00:00:00Z,29,gefs,71.7389,6.3000,"s3://noaa-gefs-pds/gefs.20260616/00/atmos/pgrb2sp25/{geavg,gespr}.t00z.pgrb2s.0p25.f{030,036,042,048,054}#statistic=max_t(geavg)+offset;offset_f=+0.0489;raw_f=71.6900;spread=gespr@f048;covered_leads=24-54"
CHI,KMDW,2026-06-17,2026-06-15T00:00:00Z,53,gefs,72.0989,6.4800,"s3://noaa-gefs-pds/gefs.20260615/00/atmos/pgrb2sp25/{geavg,gespr}.t00z.pgrb2s.0p25.f{054,060,066,072,078}#statistic=max_t(geavg)+offset;offset_f=+0.0489;raw_f=72.0500;spread=gespr@f072;covered_leads=48-78"
CHI,KMDW,2026-06-17,2026-06-14T00:00:00Z,77,gefs,69.7589,1.8000,"s3://noaa-gefs-pds/gefs.20260614/00/atmos/pgrb2sp25/{geavg,gespr}.t00z.pgrb2s.0p25.f{078,084,090,096,102}#statistic=max_t(geavg)+offset;offset_f=+0.0489;raw_f=69.7100;spread=gespr@f078;covered_leads=72-102"
LAX,KLAX,2026-06-17,2026-06-17T00:00:00Z,7,gefs,70.9969,1.2600,"s3://noaa-gefs-pds/gefs.20260617/00/atmos/pgrb2sp25/{geavg,gespr}.t00z.pgrb2s.0p25.f{012,018,024,030,033}#statistic=max_t(geavg)+offset;offset_f=+0.0269;raw_f=70.9700;spread=gespr@f024;covered_leads=6-33"
LAX,KLAX,2026-06-17,2026-06-16T00:00:00Z,31,gefs,73.8769,1.2600,"s3://noaa-gefs-pds/gefs.20260616/00/atmos/pgrb2sp25/{geavg,gespr}.t00z.pgrb2s.0p25.f{036,042,048,054,057}#statistic=max_t(geavg)+offset;offset_f=+0.0269;raw_f=73.8500;spread=gespr@f048;covered_leads=30-57"
LAX,KLAX,2026-06-17,2026-06-15T00:00:00Z,55,gefs,75.6769,1.6200,"s3://noaa-gefs-pds/gefs.20260615/00/atmos/pgrb2sp25/{geavg,gespr}.t00z.pgrb2s.0p25.f{060,066,072,078,081}#statistic=max_t(geavg)+offset;offset_f=+0.0269;raw_f=75.6500;spread=gespr@f072;covered_leads=54-81"
LAX,KLAX,2026-06-17,2026-06-14T00:00:00Z,79,gefs,75.1369,1.2600,"s3://noaa-gefs-pds/gefs.20260614/00/atmos/pgrb2sp25/{geavg,gespr}.t00z.pgrb2s.0p25.f{084,090,096,102,105}#statistic=max_t(geavg)+offset;offset_f=+0.0269;raw_f=75.1100;spread=gespr@f096;covered_leads=78-105"
MIA,KMIA,2026-06-17,2026-06-17T00:00:00Z,4,gefs,89.9249,0.7200,"s3://noaa-gefs-pds/gefs.20260617/00/atmos/pgrb2sp25/{geavg,gespr}.t00z.pgrb2s.0p25.f{006,012,018,024,030}#statistic=max_t(geavg)+offset;offset_f=+0.0549;raw_f=89.8700;spread=gespr@f024;covered_leads=0-30"
MIA,KMIA,2026-06-17,2026-06-16T00:00:00Z,28,gefs,89.3849,0.9000,"s3://noaa-gefs-pds/gefs.20260616/00/atmos/pgrb2sp25/{geavg,gespr}.t00z.pgrb2s.0p25.f{030,036,042,048,054}#statistic=max_t(geavg)+offset;offset_f=+0.0549;raw_f=89.3300;spread=gespr@f048;covered_leads=24-54"
MIA,KMIA,2026-06-17,2026-06-15T00:00:00Z,52,gefs,89.9249,1.0800,"s3://noaa-gefs-pds/gefs.20260615/00/atmos/pgrb2sp25/{geavg,gespr}.t00z.pgrb2s.0p25.f{054,060,066,072,078}#statistic=max_t(geavg)+offset;offset_f=+0.0549;raw_f=89.8700;spread=gespr@f072;covered_leads=48-78"
MIA,KMIA,2026-06-17,2026-06-14T00:00:00Z,76,gefs,89.5649,1.4400,"s3://noaa-gefs-pds/gefs.20260614/00/atmos/pgrb2sp25/{geavg,gespr}.t00z.pgrb2s.0p25.f{078,084,090,096,102}#statistic=max_t(geavg)+offset;offset_f=+0.0549;raw_f=89.5100;spread=gespr@f096;covered_leads=72-102"
NY,KNYC,2026-06-17,2026-06-17T00:00:00Z,4,gefs,80.9414,1.0800,"s3://noaa-gefs-pds/gefs.20260617/00/atmos/pgrb2sp25/{geavg,gespr}.t00z.pgrb2s.0p25.f{006,012,018,024,030}#statistic=max_t(geavg)+offset;offset_f=+0.2514;raw_f=80.6900;spread=gespr@f018;covered_leads=0-30"
NY,KNYC,2026-06-17,2026-06-16T00:00:00Z,28,gefs,81.4814,2.3400,"s3://noaa-gefs-pds/gefs.20260616/00/atmos/pgrb2sp25/{geavg,gespr}.t00z.pgrb2s.0p25.f{030,036,042,048,054}#statistic=max_t(geavg)+offset;offset_f=+0.2514;raw_f=81.2300;spread=gespr@f048;covered_leads=24-54"
NY,KNYC,2026-06-17,2026-06-15T00:00:00Z,52,gefs,78.7814,4.5000,"s3://noaa-gefs-pds/gefs.20260615/00/atmos/pgrb2sp25/{geavg,gespr}.t00z.pgrb2s.0p25.f{054,060,066,072,078}#statistic=max_t(geavg)+offset;offset_f=+0.2514;raw_f=78.5300;spread=gespr@f072;covered_leads=48-78"
NY,KNYC,2026-06-17,2026-06-14T00:00:00Z,76,gefs,79.3214,2.7000,"s3://noaa-gefs-pds/gefs.20260614/00/atmos/pgrb2sp25/{geavg,gespr}.t00z.pgrb2s.0p25.f{078,084,090,096,102}#statistic=max_t(geavg)+offset;offset_f=+0.2514;raw_f=79.0700;spread=gespr@f096;covered_leads=72-102"
CHI,KMDW,2026-06-18,2026-06-18T00:00:00Z,5,gefs,73.3589,1.4400,"s3://noaa-gefs-pds/gefs.20260618/00/atmos/pgrb2sp25/{geavg,gespr}.t00z.pgrb2s.0p25.f{006,012,018,024,030}#statistic=max_t(geavg)+offset;offset_f=+0.0489;raw_f=73.3100;spread=gespr@f024;covered_leads=0-30"
CHI,KMDW,2026-06-18,2026-06-17T00:00:00Z,29,gefs,74.0789,2.1600,"s3://noaa-gefs-pds/gefs.20260617/00/atmos/pgrb2sp25/{geavg,gespr}.t00z.pgrb2s.0p25.f{030,036,042,048,054}#statistic=max_t(geavg)+offset;offset_f=+0.0489;raw_f=74.0300;spread=gespr@f030;covered_leads=24-54"
CHI,KMDW,2026-06-18,2026-06-16T00:00:00Z,53,gefs,72.4589,2.7000,"s3://noaa-gefs-pds/gefs.20260616/00/atmos/pgrb2sp25/{geavg,gespr}.t00z.pgrb2s.0p25.f{054,060,066,072,078}#statistic=max_t(geavg)+offset;offset_f=+0.0489;raw_f=72.4100;spread=gespr@f072;covered_leads=48-78"
CHI,KMDW,2026-06-18,2026-06-15T00:00:00Z,77,gefs,72.0989,3.0600,"s3://noaa-gefs-pds/gefs.20260615/00/atmos/pgrb2sp25/{geavg,gespr}.t00z.pgrb2s.0p25.f{078,084,090,096,102}#statistic=max_t(geavg)+offset;offset_f=+0.0489;raw_f=72.0500;spread=gespr@f096;covered_leads=72-102"
LAX,KLAX,2026-06-18,2026-06-18T00:00:00Z,7,gefs,67.5769,0.9000,"s3://noaa-gefs-pds/gefs.20260618/00/atmos/pgrb2sp25/{geavg,gespr}.t00z.pgrb2s.0p25.f{012,018,024,030,033}#statistic=max_t(geavg)+offset;offset_f=+0.0269;raw_f=67.5500;spread=gespr@f024;covered_leads=6-33"
LAX,KLAX,2026-06-18,2026-06-17T00:00:00Z,31,gefs,68.6569,1.2600,"s3://noaa-gefs-pds/gefs.20260617/00/atmos/pgrb2sp25/{geavg,gespr}.t00z.pgrb2s.0p25.f{036,042,048,054,057}#statistic=max_t(geavg)+offset;offset_f=+0.0269;raw_f=68.6300;spread=gespr@f048;covered_leads=30-57"
LAX,KLAX,2026-06-18,2026-06-16T00:00:00Z,55,gefs,69.7369,1.6200,"s3://noaa-gefs-pds/gefs.20260616/00/atmos/pgrb2sp25/{geavg,gespr}.t00z.pgrb2s.0p25.f{060,066,072,078,081}#statistic=max_t(geavg)+offset;offset_f=+0.0269;raw_f=69.7100;spread=gespr@f072;covered_leads=54-81"
LAX,KLAX,2026-06-18,2026-06-15T00:00:00Z,79,gefs,73.3369,1.6200,"s3://noaa-gefs-pds/gefs.20260615/00/atmos/pgrb2sp25/{geavg,gespr}.t00z.pgrb2s.0p25.f{084,090,096,102,105}#statistic=max_t(geavg)+offset;offset_f=+0.0269;raw_f=73.3100;spread=gespr@f096;covered_leads=78-105"
MIA,KMIA,2026-06-18,2026-06-18T00:00:00Z,4,gefs,89.2049,0.7200,"s3://noaa-gefs-pds/gefs.20260618/00/atmos/pgrb2sp25/{geavg,gespr}.t00z.pgrb2s.0p25.f{006,012,018,024,030}#statistic=max_t(geavg)+offset;offset_f=+0.0549;raw_f=89.1500;spread=gespr@f024;covered_leads=0-30"
MIA,KMIA,2026-06-18,2026-06-17T00:00:00Z,28,gefs,89.2049,0.7200,"s3://noaa-gefs-pds/gefs.20260617/00/atmos/pgrb2sp25/{geavg,gespr}.t00z.pgrb2s.0p25.f{030,036,042,048,054}#statistic=max_t(geavg)+offset;offset_f=+0.0549;raw_f=89.1500;spread=gespr@f042;covered_leads=24-54"
MIA,KMIA,2026-06-18,2026-06-16T00:00:00Z,52,gefs,88.6649,1.2600,"s3://noaa-gefs-pds/gefs.20260616/00/atmos/pgrb2sp25/{geavg,gespr}.t00z.pgrb2s.0p25.f{054,060,066,072,078}#statistic=max_t(geavg)+offset;offset_f=+0.0549;raw_f=88.6100;spread=gespr@f072;covered_leads=48-78"
MIA,KMIA,2026-06-18,2026-06-15T00:00:00Z,76,gefs,88.8449,0.9000,"s3://noaa-gefs-pds/gefs.20260615/00/atmos/pgrb2sp25/{geavg,gespr}.t00z.pgrb2s.0p25.f{078,084,090,096,102}#statistic=max_t(geavg)+offset;offset_f=+0.0549;raw_f=88.7900;spread=gespr@f096;covered_leads=72-102"
NY,KNYC,2026-06-18,2026-06-18T00:00:00Z,4,gefs,88.6814,1.8000,"s3://noaa-gefs-pds/gefs.20260618/00/atmos/pgrb2sp25/{geavg,gespr}.t00z.pgrb2s.0p25.f{006,012,018,024,030}#statistic=max_t(geavg)+offset;offset_f=+0.2514;raw_f=88.4300;spread=gespr@f024;covered_leads=0-30"
NY,KNYC,2026-06-18,2026-06-17T00:00:00Z,28,gefs,90.6614,2.3400,"s3://noaa-gefs-pds/gefs.20260617/00/atmos/pgrb2sp25/{geavg,gespr}.t00z.pgrb2s.0p25.f{030,036,042,048,054}#statistic=max_t(geavg)+offset;offset_f=+0.2514;raw_f=90.4100;spread=gespr@f048;covered_leads=24-54"
NY,KNYC,2026-06-18,2026-06-16T00:00:00Z,52,gefs,89.5814,3.4200,"s3://noaa-gefs-pds/gefs.20260616/00/atmos/pgrb2sp25/{geavg,gespr}.t00z.pgrb2s.0p25.f{054,060,066,072,078}#statistic=max_t(geavg)+offset;offset_f=+0.2514;raw_f=89.3300;spread=gespr@f072;covered_leads=48-78"
NY,KNYC,2026-06-18,2026-06-15T00:00:00Z,76,gefs,91.2014,3.2400,"s3://noaa-gefs-pds/gefs.20260615/00/atmos/pgrb2sp25/{geavg,gespr}.t00z.pgrb2s.0p25.f{078,084,090,096,102}#statistic=max_t(geavg)+offset;offset_f=+0.2514;raw_f=90.9500;spread=gespr@f096;covered_leads=72-102"
CHI,KMDW,2026-06-19,2026-06-19T00:00:00Z,5,gefs,75.5189,1.6200,"s3://noaa-gefs-pds/gefs.20260619/00/atmos/pgrb2sp25/{geavg,gespr}.t00z.pgrb2s.0p25.f{006,012,018,024,030}#statistic=max_t(geavg)+offset;offset_f=+0.0489;raw_f=75.4700;spread=gespr@f024;covered_leads=0-30"
CHI,KMDW,2026-06-19,2026-06-18T00:00:00Z,29,gefs,74.7989,2.3400,"s3://noaa-gefs-pds/gefs.20260618/00/atmos/pgrb2sp25/{geavg,gespr}.t00z.pgrb2s.0p25.f{030,036,042,048,054}#statistic=max_t(geavg)+offset;offset_f=+0.0489;raw_f=74.7500;spread=gespr@f048;covered_leads=24-54"
CHI,KMDW,2026-06-19,2026-06-17T00:00:00Z,53,gefs,74.9789,2.1600,"s3://noaa-gefs-pds/gefs.20260617/00/atmos/pgrb2sp25/{geavg,gespr}.t00z.pgrb2s.0p25.f{054,060,066,072,078}#statistic=max_t(geavg)+offset;offset_f=+0.0489;raw_f=74.9300;spread=gespr@f072;covered_leads=48-78"
CHI,KMDW,2026-06-19,2026-06-16T00:00:00Z,77,gefs,74.6189,2.1600,"s3://noaa-gefs-pds/gefs.20260616/00/atmos/pgrb2sp25/{geavg,gespr}.t00z.pgrb2s.0p25.f{078,084,090,096,102}#statistic=max_t(geavg)+offset;offset_f=+0.0489;raw_f=74.5700;spread=gespr@f096;covered_leads=72-102"
LAX,KLAX,2026-06-19,2026-06-19T00:00:00Z,7,gefs,68.4769,0.5400,"s3://noaa-gefs-pds/gefs.20260619/00/atmos/pgrb2sp25/{geavg,gespr}.t00z.pgrb2s.0p25.f{012,018,024,030,033}#statistic=max_t(geavg)+offset;offset_f=+0.0269;raw_f=68.4500;spread=gespr@f024;covered_leads=6-33"
LAX,KLAX,2026-06-19,2026-06-18T00:00:00Z,31,gefs,67.9369,0.7200,"s3://noaa-gefs-pds/gefs.20260618/00/atmos/pgrb2sp25/{geavg,gespr}.t00z.pgrb2s.0p25.f{036,042,048,054,057}#statistic=max_t(geavg)+offset;offset_f=+0.0269;raw_f=67.9100;spread=gespr@f048;covered_leads=30-57"
LAX,KLAX,2026-06-19,2026-06-17T00:00:00Z,55,gefs,68.6569,1.4400,"s3://noaa-gefs-pds/gefs.20260617/00/atmos/pgrb2sp25/{geavg,gespr}.t00z.pgrb2s.0p25.f{060,066,072,078,081}#statistic=max_t(geavg)+offset;offset_f=+0.0269;raw_f=68.6300;spread=gespr@f072;covered_leads=54-81"
LAX,KLAX,2026-06-19,2026-06-16T00:00:00Z,79,gefs,69.1969,1.2600,"s3://noaa-gefs-pds/gefs.20260616/00/atmos/pgrb2sp25/{geavg,gespr}.t00z.pgrb2s.0p25.f{084,090,096,102,105}#statistic=max_t(geavg)+offset;offset_f=+0.0269;raw_f=69.1700;spread=gespr@f096;covered_leads=78-105"
MIA,KMIA,2026-06-19,2026-06-19T00:00:00Z,4,gefs,90.1049,0.9000,"s3://noaa-gefs-pds/gefs.20260619/00/atmos/pgrb2sp25/{geavg,gespr}.t00z.pgrb2s.0p25.f{006,012,018,024,030}#statistic=max_t(geavg)+offset;offset_f=+0.0549;raw_f=90.0500;spread=gespr@f024;covered_leads=0-30"
MIA,KMIA,2026-06-19,2026-06-18T00:00:00Z,28,gefs,89.0249,1.0800,"s3://noaa-gefs-pds/gefs.20260618/00/atmos/pgrb2sp25/{geavg,gespr}.t00z.pgrb2s.0p25.f{030,036,042,048,054}#statistic=max_t(geavg)+offset;offset_f=+0.0549;raw_f=88.9700;spread=gespr@f048;covered_leads=24-54"
MIA,KMIA,2026-06-19,2026-06-17T00:00:00Z,52,gefs,89.0249,0.9000,"s3://noaa-gefs-pds/gefs.20260617/00/atmos/pgrb2sp25/{geavg,gespr}.t00z.pgrb2s.0p25.f{054,060,066,072,078}#statistic=max_t(geavg)+offset;offset_f=+0.0549;raw_f=88.9700;spread=gespr@f072;covered_leads=48-78"
MIA,KMIA,2026-06-19,2026-06-16T00:00:00Z,76,gefs,88.4849,1.2600,"s3://noaa-gefs-pds/gefs.20260616/00/atmos/pgrb2sp25/{geavg,gespr}.t00z.pgrb2s.0p25.f{078,084,090,096,102}#statistic=max_t(geavg)+offset;offset_f=+0.0549;raw_f=88.4300;spread=gespr@f096;covered_leads=72-102"
NY,KNYC,2026-06-19,2026-06-19T00:00:00Z,4,gefs,83.6414,1.8000,"s3://noaa-gefs-pds/gefs.20260619/00/atmos/pgrb2sp25/{geavg,gespr}.t00z.pgrb2s.0p25.f{006,012,018,024,030}#statistic=max_t(geavg)+offset;offset_f=+0.2514;raw_f=83.3900;spread=gespr@f024;covered_leads=0-30"
NY,KNYC,2026-06-19,2026-06-18T00:00:00Z,28,gefs,84.3614,1.4400,"s3://noaa-gefs-pds/gefs.20260618/00/atmos/pgrb2sp25/{geavg,gespr}.t00z.pgrb2s.0p25.f{030,036,042,048,054}#statistic=max_t(geavg)+offset;offset_f=+0.2514;raw_f=84.1100;spread=gespr@f030;covered_leads=24-54"
NY,KNYC,2026-06-19,2026-06-17T00:00:00Z,52,gefs,84.9014,2.7000,"s3://noaa-gefs-pds/gefs.20260617/00/atmos/pgrb2sp25/{geavg,gespr}.t00z.pgrb2s.0p25.f{054,060,066,072,078}#statistic=max_t(geavg)+offset;offset_f=+0.2514;raw_f=84.6500;spread=gespr@f054;covered_leads=48-78"
NY,KNYC,2026-06-19,2026-06-16T00:00:00Z,76,gefs,84.3614,2.8800,"s3://noaa-gefs-pds/gefs.20260616/00/atmos/pgrb2sp25/{geavg,gespr}.t00z.pgrb2s.0p25.f{078,084,090,096,102}#statistic=max_t(geavg)+offset;offset_f=+0.2514;raw_f=84.1100;spread=gespr@f078;covered_leads=72-102"
CHI,KMDW,2026-06-20,2026-06-20T00:00:00Z,5,gefs,76.5989,1.0800,"s3://noaa-gefs-pds/gefs.20260620/00/atmos/pgrb2sp25/{geavg,gespr}.t00z.pgrb2s.0p25.f{006,012,018,024,030}#statistic=max_t(geavg)+offset;offset_f=+0.0489;raw_f=76.5500;spread=gespr@f024;covered_leads=0-30"
CHI,KMDW,2026-06-20,2026-06-19T00:00:00Z,29,gefs,77.4989,1.6200,"s3://noaa-gefs-pds/gefs.20260619/00/atmos/pgrb2sp25/{geavg,gespr}.t00z.pgrb2s.0p25.f{030,036,042,048,054}#statistic=max_t(geavg)+offset;offset_f=+0.0489;raw_f=77.4500;spread=gespr@f048;covered_leads=24-54"
CHI,KMDW,2026-06-20,2026-06-18T00:00:00Z,53,gefs,77.1389,1.9800,"s3://noaa-gefs-pds/gefs.20260618/00/atmos/pgrb2sp25/{geavg,gespr}.t00z.pgrb2s.0p25.f{054,060,066,072,078}#statistic=max_t(geavg)+offset;offset_f=+0.0489;raw_f=77.0900;spread=gespr@f072;covered_leads=48-78"
CHI,KMDW,2026-06-20,2026-06-17T00:00:00Z,77,gefs,76.7789,3.4200,"s3://noaa-gefs-pds/gefs.20260617/00/atmos/pgrb2sp25/{geavg,gespr}.t00z.pgrb2s.0p25.f{078,084,090,096,102}#statistic=max_t(geavg)+offset;offset_f=+0.0489;raw_f=76.7300;spread=gespr@f096;covered_leads=72-102"
LAX,KLAX,2026-06-20,2026-06-20T00:00:00Z,7,gefs,68.2969,0.7200,"s3://noaa-gefs-pds/gefs.20260620/00/atmos/pgrb2sp25/{geavg,gespr}.t00z.pgrb2s.0p25.f{012,018,024,030,033}#statistic=max_t(geavg)+offset;offset_f=+0.0269;raw_f=68.2700;spread=gespr@f024;covered_leads=6-33"
LAX,KLAX,2026-06-20,2026-06-19T00:00:00Z,31,gefs,66.8569,1.0800,"s3://noaa-gefs-pds/gefs.20260619/00/atmos/pgrb2sp25/{geavg,gespr}.t00z.pgrb2s.0p25.f{036,042,048,054,057}#statistic=max_t(geavg)+offset;offset_f=+0.0269;raw_f=66.8300;spread=gespr@f048;covered_leads=30-57"
LAX,KLAX,2026-06-20,2026-06-18T00:00:00Z,55,gefs,67.0369,1.0800,"s3://noaa-gefs-pds/gefs.20260618/00/atmos/pgrb2sp25/{geavg,gespr}.t00z.pgrb2s.0p25.f{060,066,072,078,081}#statistic=max_t(geavg)+offset;offset_f=+0.0269;raw_f=67.0100;spread=gespr@f072;covered_leads=54-81"
LAX,KLAX,2026-06-20,2026-06-17T00:00:00Z,79,gefs,68.1169,1.2600,"s3://noaa-gefs-pds/gefs.20260617/00/atmos/pgrb2sp25/{geavg,gespr}.t00z.pgrb2s.0p25.f{084,090,096,102,105}#statistic=max_t(geavg)+offset;offset_f=+0.0269;raw_f=68.0900;spread=gespr@f096;covered_leads=78-105"
MIA,KMIA,2026-06-20,2026-06-20T00:00:00Z,4,gefs,89.5649,0.9000,"s3://noaa-gefs-pds/gefs.20260620/00/atmos/pgrb2sp25/{geavg,gespr}.t00z.pgrb2s.0p25.f{006,012,018,024,030}#statistic=max_t(geavg)+offset;offset_f=+0.0549;raw_f=89.5100;spread=gespr@f024;covered_leads=0-30"
MIA,KMIA,2026-06-20,2026-06-19T00:00:00Z,28,gefs,89.3849,1.0800,"s3://noaa-gefs-pds/gefs.20260619/00/atmos/pgrb2sp25/{geavg,gespr}.t00z.pgrb2s.0p25.f{030,036,042,048,054}#statistic=max_t(geavg)+offset;offset_f=+0.0549;raw_f=89.3300;spread=gespr@f042;covered_leads=24-54"
MIA,KMIA,2026-06-20,2026-06-18T00:00:00Z,52,gefs,89.2049,1.0800,"s3://noaa-gefs-pds/gefs.20260618/00/atmos/pgrb2sp25/{geavg,gespr}.t00z.pgrb2s.0p25.f{054,060,066,072,078}#statistic=max_t(geavg)+offset;offset_f=+0.0549;raw_f=89.1500;spread=gespr@f072;covered_leads=48-78"
MIA,KMIA,2026-06-20,2026-06-17T00:00:00Z,76,gefs,88.8449,1.0800,"s3://noaa-gefs-pds/gefs.20260617/00/atmos/pgrb2sp25/{geavg,gespr}.t00z.pgrb2s.0p25.f{078,084,090,096,102}#statistic=max_t(geavg)+offset;offset_f=+0.0549;raw_f=88.7900;spread=gespr@f096;covered_leads=72-102"
NY,KNYC,2026-06-20,2026-06-20T00:00:00Z,4,gefs,82.5614,1.9800,"s3://noaa-gefs-pds/gefs.20260620/00/atmos/pgrb2sp25/{geavg,gespr}.t00z.pgrb2s.0p25.f{006,012,018,024,030}#statistic=max_t(geavg)+offset;offset_f=+0.2514;raw_f=82.3100;spread=gespr@f024;covered_leads=0-30"
NY,KNYC,2026-06-20,2026-06-19T00:00:00Z,28,gefs,82.2014,2.1600,"s3://noaa-gefs-pds/gefs.20260619/00/atmos/pgrb2sp25/{geavg,gespr}.t00z.pgrb2s.0p25.f{030,036,042,048,054}#statistic=max_t(geavg)+offset;offset_f=+0.2514;raw_f=81.9500;spread=gespr@f048;covered_leads=24-54"
NY,KNYC,2026-06-20,2026-06-18T00:00:00Z,52,gefs,81.8414,1.6200,"s3://noaa-gefs-pds/gefs.20260618/00/atmos/pgrb2sp25/{geavg,gespr}.t00z.pgrb2s.0p25.f{054,060,066,072,078}#statistic=max_t(geavg)+offset;offset_f=+0.2514;raw_f=81.5900;spread=gespr@f072;covered_leads=48-78"
NY,KNYC,2026-06-20,2026-06-17T00:00:00Z,76,gefs,82.2014,2.5200,"s3://noaa-gefs-pds/gefs.20260617/00/atmos/pgrb2sp25/{geavg,gespr}.t00z.pgrb2s.0p25.f{078,084,090,096,102}#statistic=max_t(geavg)+offset;offset_f=+0.2514;raw_f=81.9500;spread=gespr@f096;covered_leads=72-102"
CHI,KMDW,2026-06-21,2026-06-21T00:00:00Z,5,gefs,71.9189,0.3600,"s3://noaa-gefs-pds/gefs.20260621/00/atmos/pgrb2sp25/{geavg,gespr}.t00z.pgrb2s.0p25.f{006,012,018,024,030}#statistic=max_t(geavg)+offset;offset_f=+0.0489;raw_f=71.8700;spread=gespr@f006;covered_leads=0-30"
CHI,KMDW,2026-06-21,2026-06-20T00:00:00Z,29,gefs,72.9989,1.0800,"s3://noaa-gefs-pds/gefs.20260620/00/atmos/pgrb2sp25/{geavg,gespr}.t00z.pgrb2s.0p25.f{030,036,042,048,054}#statistic=max_t(geavg)+offset;offset_f=+0.0489;raw_f=72.9500;spread=gespr@f030;covered_leads=24-54"
CHI,KMDW,2026-06-21,2026-06-19T00:00:00Z,53,gefs,73.5389,1.4400,"s3://noaa-gefs-pds/gefs.20260619/00/atmos/pgrb2sp25/{geavg,gespr}.t00z.pgrb2s.0p25.f{054,060,066,072,078}#statistic=max_t(geavg)+offset;offset_f=+0.0489;raw_f=73.4900;spread=gespr@f054;covered_leads=48-78"
CHI,KMDW,2026-06-21,2026-06-18T00:00:00Z,77,gefs,72.6389,2.1600,"s3://noaa-gefs-pds/gefs.20260618/00/atmos/pgrb2sp25/{geavg,gespr}.t00z.pgrb2s.0p25.f{078,084,090,096,102}#statistic=max_t(geavg)+offset;offset_f=+0.0489;raw_f=72.5900;spread=gespr@f078;covered_leads=72-102"
LAX,KLAX,2026-06-21,2026-06-21T00:00:00Z,7,gefs,70.6369,0.5400,"s3://noaa-gefs-pds/gefs.20260621/00/atmos/pgrb2sp25/{geavg,gespr}.t00z.pgrb2s.0p25.f{012,018,024,030,033}#statistic=max_t(geavg)+offset;offset_f=+0.0269;raw_f=70.6100;spread=gespr@f024;covered_leads=6-33"
LAX,KLAX,2026-06-21,2026-06-20T00:00:00Z,31,gefs,69.7369,0.9000,"s3://noaa-gefs-pds/gefs.20260620/00/atmos/pgrb2sp25/{geavg,gespr}.t00z.pgrb2s.0p25.f{036,042,048,054,057}#statistic=max_t(geavg)+offset;offset_f=+0.0269;raw_f=69.7100;spread=gespr@f048;covered_leads=30-57"
LAX,KLAX,2026-06-21,2026-06-19T00:00:00Z,55,gefs,68.6569,1.2600,"s3://noaa-gefs-pds/gefs.20260619/00/atmos/pgrb2sp25/{geavg,gespr}.t00z.pgrb2s.0p25.f{060,066,072,078,081}#statistic=max_t(geavg)+offset;offset_f=+0.0269;raw_f=68.6300;spread=gespr@f072;covered_leads=54-81"
LAX,KLAX,2026-06-21,2026-06-18T00:00:00Z,79,gefs,68.8369,1.4400,"s3://noaa-gefs-pds/gefs.20260618/00/atmos/pgrb2sp25/{geavg,gespr}.t00z.pgrb2s.0p25.f{084,090,096,102,105}#statistic=max_t(geavg)+offset;offset_f=+0.0269;raw_f=68.8100;spread=gespr@f096;covered_leads=78-105"
MIA,KMIA,2026-06-21,2026-06-21T00:00:00Z,4,gefs,90.1049,0.5400,"s3://noaa-gefs-pds/gefs.20260621/00/atmos/pgrb2sp25/{geavg,gespr}.t00z.pgrb2s.0p25.f{006,012,018,024,030}#statistic=max_t(geavg)+offset;offset_f=+0.0549;raw_f=90.0500;spread=gespr@f024;covered_leads=0-30"
MIA,KMIA,2026-06-21,2026-06-20T00:00:00Z,28,gefs,90.2849,1.2600,"s3://noaa-gefs-pds/gefs.20260620/00/atmos/pgrb2sp25/{geavg,gespr}.t00z.pgrb2s.0p25.f{030,036,042,048,054}#statistic=max_t(geavg)+offset;offset_f=+0.0549;raw_f=90.2300;spread=gespr@f048;covered_leads=24-54"
MIA,KMIA,2026-06-21,2026-06-19T00:00:00Z,52,gefs,90.4649,0.9000,"s3://noaa-gefs-pds/gefs.20260619/00/atmos/pgrb2sp25/{geavg,gespr}.t00z.pgrb2s.0p25.f{054,060,066,072,078}#statistic=max_t(geavg)+offset;offset_f=+0.0549;raw_f=90.4100;spread=gespr@f072;covered_leads=48-78"
MIA,KMIA,2026-06-21,2026-06-18T00:00:00Z,76,gefs,90.1049,0.9000,"s3://noaa-gefs-pds/gefs.20260618/00/atmos/pgrb2sp25/{geavg,gespr}.t00z.pgrb2s.0p25.f{078,084,090,096,102}#statistic=max_t(geavg)+offset;offset_f=+0.0549;raw_f=90.0500;spread=gespr@f096;covered_leads=72-102"
NY,KNYC,2026-06-21,2026-06-21T00:00:00Z,4,gefs,83.4614,1.2600,"s3://noaa-gefs-pds/gefs.20260621/00/atmos/pgrb2sp25/{geavg,gespr}.t00z.pgrb2s.0p25.f{006,012,018,024,030}#statistic=max_t(geavg)+offset;offset_f=+0.2514;raw_f=83.2100;spread=gespr@f024;covered_leads=0-30"
NY,KNYC,2026-06-21,2026-06-20T00:00:00Z,28,gefs,83.4614,1.6200,"s3://noaa-gefs-pds/gefs.20260620/00/atmos/pgrb2sp25/{geavg,gespr}.t00z.pgrb2s.0p25.f{030,036,042,048,054}#statistic=max_t(geavg)+offset;offset_f=+0.2514;raw_f=83.2100;spread=gespr@f048;covered_leads=24-54"
NY,KNYC,2026-06-21,2026-06-19T00:00:00Z,52,gefs,84.0014,1.9800,"s3://noaa-gefs-pds/gefs.20260619/00/atmos/pgrb2sp25/{geavg,gespr}.t00z.pgrb2s.0p25.f{054,060,066,072,078}#statistic=max_t(geavg)+offset;offset_f=+0.2514;raw_f=83.7500;spread=gespr@f072;covered_leads=48-78"
NY,KNYC,2026-06-21,2026-06-18T00:00:00Z,76,gefs,82.9214,3.6000,"s3://noaa-gefs-pds/gefs.20260618/00/atmos/pgrb2sp25/{geavg,gespr}.t00z.pgrb2s.0p25.f{078,084,090,096,102}#statistic=max_t(geavg)+offset;offset_f=+0.2514;raw_f=82.6700;spread=gespr@f096;covered_leads=72-102"
CHI,KMDW,2026-06-22,2026-06-22T00:00:00Z,5,gefs,71.5589,1.2600,"s3://noaa-gefs-pds/gefs.20260622/00/atmos/pgrb2sp25/{geavg,gespr}.t00z.pgrb2s.0p25.f{006,012,018,024,030}#statistic=max_t(geavg)+offset;offset_f=+0.0489;raw_f=71.5100;spread=gespr@f024;covered_leads=0-30"
CHI,KMDW,2026-06-22,2026-06-21T00:00:00Z,29,gefs,69.9389,2.1600,"s3://noaa-gefs-pds/gefs.20260621/00/atmos/pgrb2sp25/{geavg,gespr}.t00z.pgrb2s.0p25.f{030,036,042,048,054}#statistic=max_t(geavg)+offset;offset_f=+0.0489;raw_f=69.8900;spread=gespr@f048;covered_leads=24-54"
CHI,KMDW,2026-06-22,2026-06-20T00:00:00Z,53,gefs,69.5789,2.7000,"s3://noaa-gefs-pds/gefs.20260620/00/atmos/pgrb2sp25/{geavg,gespr}.t00z.pgrb2s.0p25.f{054,060,066,072,078}#statistic=max_t(geavg)+offset;offset_f=+0.0489;raw_f=69.5300;spread=gespr@f072;covered_leads=48-78"
CHI,KMDW,2026-06-22,2026-06-19T00:00:00Z,77,gefs,68.8589,3.2400,"s3://noaa-gefs-pds/gefs.20260619/00/atmos/pgrb2sp25/{geavg,gespr}.t00z.pgrb2s.0p25.f{078,084,090,096,102}#statistic=max_t(geavg)+offset;offset_f=+0.0489;raw_f=68.8100;spread=gespr@f096;covered_leads=72-102"
LAX,KLAX,2026-06-22,2026-06-22T00:00:00Z,7,gefs,72.0769,0.7200,"s3://noaa-gefs-pds/gefs.20260622/00/atmos/pgrb2sp25/{geavg,gespr}.t00z.pgrb2s.0p25.f{012,018,024,030,033}#statistic=max_t(geavg)+offset;offset_f=+0.0269;raw_f=72.0500;spread=gespr@f024;covered_leads=6-33"
LAX,KLAX,2026-06-22,2026-06-21T00:00:00Z,31,gefs,72.7969,1.2600,"s3://noaa-gefs-pds/gefs.20260621/00/atmos/pgrb2sp25/{geavg,gespr}.t00z.pgrb2s.0p25.f{036,042,048,054,057}#statistic=max_t(geavg)+offset;offset_f=+0.0269;raw_f=72.7700;spread=gespr@f048;covered_leads=30-57"
LAX,KLAX,2026-06-22,2026-06-20T00:00:00Z,55,gefs,72.2569,1.6200,"s3://noaa-gefs-pds/gefs.20260620/00/atmos/pgrb2sp25/{geavg,gespr}.t00z.pgrb2s.0p25.f{060,066,072,078,081}#statistic=max_t(geavg)+offset;offset_f=+0.0269;raw_f=72.2300;spread=gespr@f072;covered_leads=54-81"
LAX,KLAX,2026-06-22,2026-06-19T00:00:00Z,79,gefs,72.4369,1.8000,"s3://noaa-gefs-pds/gefs.20260619/00/atmos/pgrb2sp25/{geavg,gespr}.t00z.pgrb2s.0p25.f{084,090,096,102,105}#statistic=max_t(geavg)+offset;offset_f=+0.0269;raw_f=72.4100;spread=gespr@f096;covered_leads=78-105"
MIA,KMIA,2026-06-22,2026-06-22T00:00:00Z,4,gefs,90.2849,0.7200,"s3://noaa-gefs-pds/gefs.20260622/00/atmos/pgrb2sp25/{geavg,gespr}.t00z.pgrb2s.0p25.f{006,012,018,024,030}#statistic=max_t(geavg)+offset;offset_f=+0.0549;raw_f=90.2300;spread=gespr@f024;covered_leads=0-30"
MIA,KMIA,2026-06-22,2026-06-21T00:00:00Z,28,gefs,89.9249,0.9000,"s3://noaa-gefs-pds/gefs.20260621/00/atmos/pgrb2sp25/{geavg,gespr}.t00z.pgrb2s.0p25.f{030,036,042,048,054}#statistic=max_t(geavg)+offset;offset_f=+0.0549;raw_f=89.8700;spread=gespr@f042;covered_leads=24-54"
MIA,KMIA,2026-06-22,2026-06-20T00:00:00Z,52,gefs,90.4649,0.9000,"s3://noaa-gefs-pds/gefs.20260620/00/atmos/pgrb2sp25/{geavg,gespr}.t00z.pgrb2s.0p25.f{054,060,066,072,078}#statistic=max_t(geavg)+offset;offset_f=+0.0549;raw_f=90.4100;spread=gespr@f066;covered_leads=48-78"
MIA,KMIA,2026-06-22,2026-06-19T00:00:00Z,76,gefs,90.1049,1.0800,"s3://noaa-gefs-pds/gefs.20260619/00/atmos/pgrb2sp25/{geavg,gespr}.t00z.pgrb2s.0p25.f{078,084,090,096,102}#statistic=max_t(geavg)+offset;offset_f=+0.0549;raw_f=90.0500;spread=gespr@f096;covered_leads=72-102"
NY,KNYC,2026-06-22,2026-06-22T00:00:00Z,4,gefs,77.3414,0.3600,"s3://noaa-gefs-pds/gefs.20260622/00/atmos/pgrb2sp25/{geavg,gespr}.t00z.pgrb2s.0p25.f{006,012,018,024,030}#statistic=max_t(geavg)+offset;offset_f=+0.2514;raw_f=77.0900;spread=gespr@f006;covered_leads=0-30"
NY,KNYC,2026-06-22,2026-06-21T00:00:00Z,28,gefs,79.3214,1.4400,"s3://noaa-gefs-pds/gefs.20260621/00/atmos/pgrb2sp25/{geavg,gespr}.t00z.pgrb2s.0p25.f{030,036,042,048,054}#statistic=max_t(geavg)+offset;offset_f=+0.2514;raw_f=79.0700;spread=gespr@f030;covered_leads=24-54"
NY,KNYC,2026-06-22,2026-06-20T00:00:00Z,52,gefs,78.9614,1.8000,"s3://noaa-gefs-pds/gefs.20260620/00/atmos/pgrb2sp25/{geavg,gespr}.t00z.pgrb2s.0p25.f{054,060,066,072,078}#statistic=max_t(geavg)+offset;offset_f=+0.2514;raw_f=78.7100;spread=gespr@f054;covered_leads=48-78"
NY,KNYC,2026-06-22,2026-06-19T00:00:00Z,76,gefs,79.8614,1.9800,"s3://noaa-gefs-pds/gefs.20260619/00/atmos/pgrb2sp25/{geavg,gespr}.t00z.pgrb2s.0p25.f{078,084,090,096,102}#statistic=max_t(geavg)+offset;offset_f=+0.2514;raw_f=79.6100;spread=gespr@f078;covered_leads=72-102"
CHI,KMDW,2026-06-23,2026-06-23T00:00:00Z,5,gefs,73.3589,1.4400,"s3://noaa-gefs-pds/gefs.20260623/00/atmos/pgrb2sp25/{geavg,gespr}.t00z.pgrb2s.0p25.f{006,012,018,024,030}#statistic=max_t(geavg)+offset;offset_f=+0.0489;raw_f=73.3100;spread=gespr@f024;covered_leads=0-30"
CHI,KMDW,2026-06-23,2026-06-22T00:00:00Z,29,gefs,73.1789,2.3400,"s3://noaa-gefs-pds/gefs.20260622/00/atmos/pgrb2sp25/{geavg,gespr}.t00z.pgrb2s.0p25.f{030,036,042,048,054}#statistic=max_t(geavg)+offset;offset_f=+0.0489;raw_f=73.1300;spread=gespr@f048;covered_leads=24-54"
CHI,KMDW,2026-06-23,2026-06-21T00:00:00Z,53,gefs,74.7989,3.2400,"s3://noaa-gefs-pds/gefs.20260621/00/atmos/pgrb2sp25/{geavg,gespr}.t00z.pgrb2s.0p25.f{054,060,066,072,078}#statistic=max_t(geavg)+offset;offset_f=+0.0489;raw_f=74.7500;spread=gespr@f072;covered_leads=48-78"
CHI,KMDW,2026-06-23,2026-06-20T00:00:00Z,77,gefs,74.9789,3.0600,"s3://noaa-gefs-pds/gefs.20260620/00/atmos/pgrb2sp25/{geavg,gespr}.t00z.pgrb2s.0p25.f{078,084,090,096,102}#statistic=max_t(geavg)+offset;offset_f=+0.0489;raw_f=74.9300;spread=gespr@f096;covered_leads=72-102"
LAX,KLAX,2026-06-23,2026-06-23T00:00:00Z,7,gefs,76.0369,0.5400,"s3://noaa-gefs-pds/gefs.20260623/00/atmos/pgrb2sp25/{geavg,gespr}.t00z.pgrb2s.0p25.f{012,018,024,030,033}#statistic=max_t(geavg)+offset;offset_f=+0.0269;raw_f=76.0100;spread=gespr@f024;covered_leads=6-33"
LAX,KLAX,2026-06-23,2026-06-22T00:00:00Z,31,gefs,75.8569,1.2600,"s3://noaa-gefs-pds/gefs.20260622/00/atmos/pgrb2sp25/{geavg,gespr}.t00z.pgrb2s.0p25.f{036,042,048,054,057}#statistic=max_t(geavg)+offset;offset_f=+0.0269;raw_f=75.8300;spread=gespr@f048;covered_leads=30-57"
LAX,KLAX,2026-06-23,2026-06-21T00:00:00Z,55,gefs,75.8569,1.9800,"s3://noaa-gefs-pds/gefs.20260621/00/atmos/pgrb2sp25/{geavg,gespr}.t00z.pgrb2s.0p25.f{060,066,072,078,081}#statistic=max_t(geavg)+offset;offset_f=+0.0269;raw_f=75.8300;spread=gespr@f072;covered_leads=54-81"
LAX,KLAX,2026-06-23,2026-06-20T00:00:00Z,79,gefs,75.8569,2.5200,"s3://noaa-gefs-pds/gefs.20260620/00/atmos/pgrb2sp25/{geavg,gespr}.t00z.pgrb2s.0p25.f{084,090,096,102,105}#statistic=max_t(geavg)+offset;offset_f=+0.0269;raw_f=75.8300;spread=gespr@f096;covered_leads=78-105"
MIA,KMIA,2026-06-23,2026-06-23T00:00:00Z,4,gefs,89.2049,0.9000,"s3://noaa-gefs-pds/gefs.20260623/00/atmos/pgrb2sp25/{geavg,gespr}.t00z.pgrb2s.0p25.f{006,012,018,024,030}#statistic=max_t(geavg)+offset;offset_f=+0.0549;raw_f=89.1500;spread=gespr@f018;covered_leads=0-30"
MIA,KMIA,2026-06-23,2026-06-22T00:00:00Z,28,gefs,89.9249,1.2600,"s3://noaa-gefs-pds/gefs.20260622/00/atmos/pgrb2sp25/{geavg,gespr}.t00z.pgrb2s.0p25.f{030,036,042,048,054}#statistic=max_t(geavg)+offset;offset_f=+0.0549;raw_f=89.8700;spread=gespr@f042;covered_leads=24-54"
MIA,KMIA,2026-06-23,2026-06-21T00:00:00Z,52,gefs,89.5649,1.0800,"s3://noaa-gefs-pds/gefs.20260621/00/atmos/pgrb2sp25/{geavg,gespr}.t00z.pgrb2s.0p25.f{054,060,066,072,078}#statistic=max_t(geavg)+offset;offset_f=+0.0549;raw_f=89.5100;spread=gespr@f072;covered_leads=48-78"
MIA,KMIA,2026-06-23,2026-06-20T00:00:00Z,76,gefs,89.9249,1.2600,"s3://noaa-gefs-pds/gefs.20260620/00/atmos/pgrb2sp25/{geavg,gespr}.t00z.pgrb2s.0p25.f{078,084,090,096,102}#statistic=max_t(geavg)+offset;offset_f=+0.0549;raw_f=89.8700;spread=gespr@f090;covered_leads=72-102"
NY,KNYC,2026-06-23,2026-06-23T00:00:00Z,4,gefs,74.6414,2.3400,"s3://noaa-gefs-pds/gefs.20260623/00/atmos/pgrb2sp25/{geavg,gespr}.t00z.pgrb2s.0p25.f{006,012,018,024,030}#statistic=max_t(geavg)+offset;offset_f=+0.2514;raw_f=74.3900;spread=gespr@f018;covered_leads=0-30"
NY,KNYC,2026-06-23,2026-06-22T00:00:00Z,28,gefs,78.7814,4.3200,"s3://noaa-gefs-pds/gefs.20260622/00/atmos/pgrb2sp25/{geavg,gespr}.t00z.pgrb2s.0p25.f{030,036,042,048,054}#statistic=max_t(geavg)+offset;offset_f=+0.2514;raw_f=78.5300;spread=gespr@f048;covered_leads=24-54"
NY,KNYC,2026-06-23,2026-06-21T00:00:00Z,52,gefs,81.1214,4.6800,"s3://noaa-gefs-pds/gefs.20260621/00/atmos/pgrb2sp25/{geavg,gespr}.t00z.pgrb2s.0p25.f{054,060,066,072,078}#statistic=max_t(geavg)+offset;offset_f=+0.2514;raw_f=80.8700;spread=gespr@f072;covered_leads=48-78"
NY,KNYC,2026-06-23,2026-06-20T00:00:00Z,76,gefs,80.9414,5.4000,"s3://noaa-gefs-pds/gefs.20260620/00/atmos/pgrb2sp25/{geavg,gespr}.t00z.pgrb2s.0p25.f{078,084,090,096,102}#statistic=max_t(geavg)+offset;offset_f=+0.2514;raw_f=80.6900;spread=gespr@f096;covered_leads=72-102"
CHI,KMDW,2026-06-24,2026-06-24T00:00:00Z,5,gefs,75.8789,1.4400,"s3://noaa-gefs-pds/gefs.20260624/00/atmos/pgrb2sp25/{geavg,gespr}.t00z.pgrb2s.0p25.f{006,012,018,024,030}#statistic=max_t(geavg)+offset;offset_f=+0.0489;raw_f=75.8300;spread=gespr@f024;covered_leads=0-30"
CHI,KMDW,2026-06-24,2026-06-23T00:00:00Z,29,gefs,72.8189,3.2400,"s3://noaa-gefs-pds/gefs.20260623/00/atmos/pgrb2sp25/{geavg,gespr}.t00z.pgrb2s.0p25.f{030,036,042,048,054}#statistic=max_t(geavg)+offset;offset_f=+0.0489;raw_f=72.7700;spread=gespr@f048;covered_leads=24-54"
CHI,KMDW,2026-06-24,2026-06-22T00:00:00Z,53,gefs,76.0589,2.7000,"s3://noaa-gefs-pds/gefs.20260622/00/atmos/pgrb2sp25/{geavg,gespr}.t00z.pgrb2s.0p25.f{054,060,066,072,078}#statistic=max_t(geavg)+offset;offset_f=+0.0489;raw_f=76.0100;spread=gespr@f072;covered_leads=48-78"
CHI,KMDW,2026-06-24,2026-06-21T00:00:00Z,77,gefs,78.3989,3.0600,"s3://noaa-gefs-pds/gefs.20260621/00/atmos/pgrb2sp25/{geavg,gespr}.t00z.pgrb2s.0p25.f{078,084,090,096,102}#statistic=max_t(geavg)+offset;offset_f=+0.0489;raw_f=78.3500;spread=gespr@f096;covered_leads=72-102"
LAX,KLAX,2026-06-24,2026-06-24T00:00:00Z,7,gefs,73.1569,0.9000,"s3://noaa-gefs-pds/gefs.20260624/00/atmos/pgrb2sp25/{geavg,gespr}.t00z.pgrb2s.0p25.f{012,018,024,030,033}#statistic=max_t(geavg)+offset;offset_f=+0.0269;raw_f=73.1300;spread=gespr@f024;covered_leads=6-33"
LAX,KLAX,2026-06-24,2026-06-23T00:00:00Z,31,gefs,77.1169,1.0800,"s3://noaa-gefs-pds/gefs.20260623/00/atmos/pgrb2sp25/{geavg,gespr}.t00z.pgrb2s.0p25.f{036,042,048,054,057}#statistic=max_t(geavg)+offset;offset_f=+0.0269;raw_f=77.0900;spread=gespr@f048;covered_leads=30-57"
LAX,KLAX,2026-06-24,2026-06-22T00:00:00Z,55,gefs,77.4769,1.6200,"s3://noaa-gefs-pds/gefs.20260622/00/atmos/pgrb2sp25/{geavg,gespr}.t00z.pgrb2s.0p25.f{060,066,072,078,081}#statistic=max_t(geavg)+offset;offset_f=+0.0269;raw_f=77.4500;spread=gespr@f072;covered_leads=54-81"
LAX,KLAX,2026-06-24,2026-06-21T00:00:00Z,79,gefs,78.5569,1.6200,"s3://noaa-gefs-pds/gefs.20260621/00/atmos/pgrb2sp25/{geavg,gespr}.t00z.pgrb2s.0p25.f{084,090,096,102,105}#statistic=max_t(geavg)+offset;offset_f=+0.0269;raw_f=78.5300;spread=gespr@f096;covered_leads=78-105"
MIA,KMIA,2026-06-24,2026-06-24T00:00:00Z,4,gefs,89.5649,0.7200,"s3://noaa-gefs-pds/gefs.20260624/00/atmos/pgrb2sp25/{geavg,gespr}.t00z.pgrb2s.0p25.f{006,012,018,024,030}#statistic=max_t(geavg)+offset;offset_f=+0.0549;raw_f=89.5100;spread=gespr@f018;covered_leads=0-30"
MIA,KMIA,2026-06-24,2026-06-23T00:00:00Z,28,gefs,89.0249,1.2600,"s3://noaa-gefs-pds/gefs.20260623/00/atmos/pgrb2sp25/{geavg,gespr}.t00z.pgrb2s.0p25.f{030,036,042,048,054}#statistic=max_t(geavg)+offset;offset_f=+0.0549;raw_f=88.9700;spread=gespr@f042;covered_leads=24-54"
MIA,KMIA,2026-06-24,2026-06-22T00:00:00Z,52,gefs,89.7449,1.0800,"s3://noaa-gefs-pds/gefs.20260622/00/atmos/pgrb2sp25/{geavg,gespr}.t00z.pgrb2s.0p25.f{054,060,066,072,078}#statistic=max_t(geavg)+offset;offset_f=+0.0549;raw_f=89.6900;spread=gespr@f066;covered_leads=48-78"
MIA,KMIA,2026-06-24,2026-06-21T00:00:00Z,76,gefs,89.2049,1.0800,"s3://noaa-gefs-pds/gefs.20260621/00/atmos/pgrb2sp25/{geavg,gespr}.t00z.pgrb2s.0p25.f{078,084,090,096,102}#statistic=max_t(geavg)+offset;offset_f=+0.0549;raw_f=89.1500;spread=gespr@f096;covered_leads=72-102"
NY,KNYC,2026-06-24,2026-06-24T00:00:00Z,4,gefs,83.6414,1.8000,"s3://noaa-gefs-pds/gefs.20260624/00/atmos/pgrb2sp25/{geavg,gespr}.t00z.pgrb2s.0p25.f{006,012,018,024,030}#statistic=max_t(geavg)+offset;offset_f=+0.2514;raw_f=83.3900;spread=gespr@f024;covered_leads=0-30"
NY,KNYC,2026-06-24,2026-06-23T00:00:00Z,28,gefs,85.0814,1.9800,"s3://noaa-gefs-pds/gefs.20260623/00/atmos/pgrb2sp25/{geavg,gespr}.t00z.pgrb2s.0p25.f{030,036,042,048,054}#statistic=max_t(geavg)+offset;offset_f=+0.2514;raw_f=84.8300;spread=gespr@f048;covered_leads=24-54"
NY,KNYC,2026-06-24,2026-06-22T00:00:00Z,52,gefs,85.9814,2.5200,"s3://noaa-gefs-pds/gefs.20260622/00/atmos/pgrb2sp25/{geavg,gespr}.t00z.pgrb2s.0p25.f{054,060,066,072,078}#statistic=max_t(geavg)+offset;offset_f=+0.2514;raw_f=85.7300;spread=gespr@f072;covered_leads=48-78"
NY,KNYC,2026-06-24,2026-06-21T00:00:00Z,76,gefs,86.7014,2.3400,"s3://noaa-gefs-pds/gefs.20260621/00/atmos/pgrb2sp25/{geavg,gespr}.t00z.pgrb2s.0p25.f{078,084,090,096,102}#statistic=max_t(geavg)+offset;offset_f=+0.2514;raw_f=86.4500;spread=gespr@f096;covered_leads=72-102"
CHI,KMDW,2026-06-25,2026-06-25T00:00:00Z,5,gefs,79.1189,1.2600,"s3://noaa-gefs-pds/gefs.20260625/00/atmos/pgrb2sp25/{geavg,gespr}.t00z.pgrb2s.0p25.f{006,012,018,024,030}#statistic=max_t(geavg)+offset;offset_f=+0.0489;raw_f=79.0700;spread=gespr@f024;covered_leads=0-30"
CHI,KMDW,2026-06-25,2026-06-24T00:00:00Z,29,gefs,78.0389,1.9800,"s3://noaa-gefs-pds/gefs.20260624/00/atmos/pgrb2sp25/{geavg,gespr}.t00z.pgrb2s.0p25.f{030,036,042,048,054}#statistic=max_t(geavg)+offset;offset_f=+0.0489;raw_f=77.9900;spread=gespr@f048;covered_leads=24-54"
CHI,KMDW,2026-06-25,2026-06-23T00:00:00Z,53,gefs,78.2189,2.3400,"s3://noaa-gefs-pds/gefs.20260623/00/atmos/pgrb2sp25/{geavg,gespr}.t00z.pgrb2s.0p25.f{054,060,066,072,078}#statistic=max_t(geavg)+offset;offset_f=+0.0489;raw_f=78.1700;spread=gespr@f072;covered_leads=48-78"
CHI,KMDW,2026-06-25,2026-06-22T00:00:00Z,77,gefs,78.7589,3.4200,"s3://noaa-gefs-pds/gefs.20260622/00/atmos/pgrb2sp25/{geavg,gespr}.t00z.pgrb2s.0p25.f{078,084,090,096,102}#statistic=max_t(geavg)+offset;offset_f=+0.0489;raw_f=78.7100;spread=gespr@f096;covered_leads=72-102"
LAX,KLAX,2026-06-25,2026-06-25T00:00:00Z,7,gefs,70.2769,1.2600,"s3://noaa-gefs-pds/gefs.20260625/00/atmos/pgrb2sp25/{geavg,gespr}.t00z.pgrb2s.0p25.f{012,018,024,030,033}#statistic=max_t(geavg)+offset;offset_f=+0.0269;raw_f=70.2500;spread=gespr@f024;covered_leads=6-33"
LAX,KLAX,2026-06-25,2026-06-24T00:00:00Z,31,gefs,70.9969,1.2600,"s3://noaa-gefs-pds/gefs.20260624/00/atmos/pgrb2sp25/{geavg,gespr}.t00z.pgrb2s.0p25.f{036,042,048,054,057}#statistic=max_t(geavg)+offset;offset_f=+0.0269;raw_f=70.9700;spread=gespr@f048;covered_leads=30-57"
LAX,KLAX,2026-06-25,2026-06-23T00:00:00Z,55,gefs,73.1569,0.9000,"s3://noaa-gefs-pds/gefs.20260623/00/atmos/pgrb2sp25/{geavg,gespr}.t00z.pgrb2s.0p25.f{060,066,072,078,081}#statistic=max_t(geavg)+offset;offset_f=+0.0269;raw_f=73.1300;spread=gespr@f072;covered_leads=54-81"
LAX,KLAX,2026-06-25,2026-06-22T00:00:00Z,79,gefs,74.4169,1.6200,"s3://noaa-gefs-pds/gefs.20260622/00/atmos/pgrb2sp25/{geavg,gespr}.t00z.pgrb2s.0p25.f{084,090,096,102,105}#statistic=max_t(geavg)+offset;offset_f=+0.0269;raw_f=74.3900;spread=gespr@f096;covered_leads=78-105"
MIA,KMIA,2026-06-25,2026-06-25T00:00:00Z,4,gefs,89.2049,0.9000,"s3://noaa-gefs-pds/gefs.20260625/00/atmos/pgrb2sp25/{geavg,gespr}.t00z.pgrb2s.0p25.f{006,012,018,024,030}#statistic=max_t(geavg)+offset;offset_f=+0.0549;raw_f=89.1500;spread=gespr@f024;covered_leads=0-30"
MIA,KMIA,2026-06-25,2026-06-24T00:00:00Z,28,gefs,88.4849,1.0800,"s3://noaa-gefs-pds/gefs.20260624/00/atmos/pgrb2sp25/{geavg,gespr}.t00z.pgrb2s.0p25.f{030,036,042,048,054}#statistic=max_t(geavg)+offset;offset_f=+0.0549;raw_f=88.4300;spread=gespr@f048;covered_leads=24-54"
MIA,KMIA,2026-06-25,2026-06-23T00:00:00Z,52,gefs,89.2049,0.7200,"s3://noaa-gefs-pds/gefs.20260623/00/atmos/pgrb2sp25/{geavg,gespr}.t00z.pgrb2s.0p25.f{054,060,066,072,078}#statistic=max_t(geavg)+offset;offset_f=+0.0549;raw_f=89.1500;spread=gespr@f072;covered_leads=48-78"
MIA,KMIA,2026-06-25,2026-06-22T00:00:00Z,76,gefs,89.2049,1.2600,"s3://noaa-gefs-pds/gefs.20260622/00/atmos/pgrb2sp25/{geavg,gespr}.t00z.pgrb2s.0p25.f{078,084,090,096,102}#statistic=max_t(geavg)+offset;offset_f=+0.0549;raw_f=89.1500;spread=gespr@f096;covered_leads=72-102"
NY,KNYC,2026-06-25,2026-06-25T00:00:00Z,4,gefs,84.3614,0.7200,"s3://noaa-gefs-pds/gefs.20260625/00/atmos/pgrb2sp25/{geavg,gespr}.t00z.pgrb2s.0p25.f{006,012,018,024,030}#statistic=max_t(geavg)+offset;offset_f=+0.2514;raw_f=84.1100;spread=gespr@f024;covered_leads=0-30"
NY,KNYC,2026-06-25,2026-06-24T00:00:00Z,28,gefs,83.8214,1.4400,"s3://noaa-gefs-pds/gefs.20260624/00/atmos/pgrb2sp25/{geavg,gespr}.t00z.pgrb2s.0p25.f{030,036,042,048,054}#statistic=max_t(geavg)+offset;offset_f=+0.2514;raw_f=83.5700;spread=gespr@f042;covered_leads=24-54"
NY,KNYC,2026-06-25,2026-06-23T00:00:00Z,52,gefs,84.7214,1.8000,"s3://noaa-gefs-pds/gefs.20260623/00/atmos/pgrb2sp25/{geavg,gespr}.t00z.pgrb2s.0p25.f{054,060,066,072,078}#statistic=max_t(geavg)+offset;offset_f=+0.2514;raw_f=84.4700;spread=gespr@f066;covered_leads=48-78"
NY,KNYC,2026-06-25,2026-06-22T00:00:00Z,76,gefs,84.0014,3.4200,"s3://noaa-gefs-pds/gefs.20260622/00/atmos/pgrb2sp25/{geavg,gespr}.t00z.pgrb2s.0p25.f{078,084,090,096,102}#statistic=max_t(geavg)+offset;offset_f=+0.2514;raw_f=83.7500;spread=gespr@f090;covered_leads=72-102"
CHI,KMDW,2026-06-26,2026-06-26T00:00:00Z,5,gefs,72.6389,0.7200,"s3://noaa-gefs-pds/gefs.20260626/00/atmos/pgrb2sp25/{geavg,gespr}.t00z.pgrb2s.0p25.f{006,012,018,024,030}#statistic=max_t(geavg)+offset;offset_f=+0.0489;raw_f=72.5900;spread=gespr@f006;covered_leads=0-30"
CHI,KMDW,2026-06-26,2026-06-25T00:00:00Z,29,gefs,74.0789,1.0800,"s3://noaa-gefs-pds/gefs.20260625/00/atmos/pgrb2sp25/{geavg,gespr}.t00z.pgrb2s.0p25.f{030,036,042,048,054}#statistic=max_t(geavg)+offset;offset_f=+0.0489;raw_f=74.0300;spread=gespr@f030;covered_leads=24-54"
CHI,KMDW,2026-06-26,2026-06-24T00:00:00Z,53,gefs,72.2789,2.3400,"s3://noaa-gefs-pds/gefs.20260624/00/atmos/pgrb2sp25/{geavg,gespr}.t00z.pgrb2s.0p25.f{054,060,066,072,078}#statistic=max_t(geavg)+offset;offset_f=+0.0489;raw_f=72.2300;spread=gespr@f054;covered_leads=48-78"
CHI,KMDW,2026-06-26,2026-06-23T00:00:00Z,77,gefs,73.5389,4.5000,"s3://noaa-gefs-pds/gefs.20260623/00/atmos/pgrb2sp25/{geavg,gespr}.t00z.pgrb2s.0p25.f{078,084,090,096,102}#statistic=max_t(geavg)+offset;offset_f=+0.0489;raw_f=73.4900;spread=gespr@f096;covered_leads=72-102"
LAX,KLAX,2026-06-26,2026-06-26T00:00:00Z,7,gefs,69.3769,0.7200,"s3://noaa-gefs-pds/gefs.20260626/00/atmos/pgrb2sp25/{geavg,gespr}.t00z.pgrb2s.0p25.f{012,018,024,030,033}#statistic=max_t(geavg)+offset;offset_f=+0.0269;raw_f=69.3500;spread=gespr@f024;covered_leads=6-33"
LAX,KLAX,2026-06-26,2026-06-25T00:00:00Z,31,gefs,70.8169,0.9000,"s3://noaa-gefs-pds/gefs.20260625/00/atmos/pgrb2sp25/{geavg,gespr}.t00z.pgrb2s.0p25.f{036,042,048,054,057}#statistic=max_t(geavg)+offset;offset_f=+0.0269;raw_f=70.7900;spread=gespr@f048;covered_leads=30-57"
LAX,KLAX,2026-06-26,2026-06-24T00:00:00Z,55,gefs,72.2569,1.0800,"s3://noaa-gefs-pds/gefs.20260624/00/atmos/pgrb2sp25/{geavg,gespr}.t00z.pgrb2s.0p25.f{060,066,072,078,081}#statistic=max_t(geavg)+offset;offset_f=+0.0269;raw_f=72.2300;spread=gespr@f072;covered_leads=54-81"
LAX,KLAX,2026-06-26,2026-06-23T00:00:00Z,79,gefs,73.1569,1.2600,"s3://noaa-gefs-pds/gefs.20260623/00/atmos/pgrb2sp25/{geavg,gespr}.t00z.pgrb2s.0p25.f{084,090,096,102,105}#statistic=max_t(geavg)+offset;offset_f=+0.0269;raw_f=73.1300;spread=gespr@f096;covered_leads=78-105"
MIA,KMIA,2026-06-26,2026-06-26T00:00:00Z,4,gefs,89.2049,0.7200,"s3://noaa-gefs-pds/gefs.20260626/00/atmos/pgrb2sp25/{geavg,gespr}.t00z.pgrb2s.0p25.f{006,012,018,024,030}#statistic=max_t(geavg)+offset;offset_f=+0.0549;raw_f=89.1500;spread=gespr@f024;covered_leads=0-30"
MIA,KMIA,2026-06-26,2026-06-25T00:00:00Z,28,gefs,89.3849,0.7200,"s3://noaa-gefs-pds/gefs.20260625/00/atmos/pgrb2sp25/{geavg,gespr}.t00z.pgrb2s.0p25.f{030,036,042,048,054}#statistic=max_t(geavg)+offset;offset_f=+0.0549;raw_f=89.3300;spread=gespr@f048;covered_leads=24-54"
MIA,KMIA,2026-06-26,2026-06-24T00:00:00Z,52,gefs,89.0249,0.9000,"s3://noaa-gefs-pds/gefs.20260624/00/atmos/pgrb2sp25/{geavg,gespr}.t00z.pgrb2s.0p25.f{054,060,066,072,078}#statistic=max_t(geavg)+offset;offset_f=+0.0549;raw_f=88.9700;spread=gespr@f072;covered_leads=48-78"
MIA,KMIA,2026-06-26,2026-06-23T00:00:00Z,76,gefs,89.3849,0.9000,"s3://noaa-gefs-pds/gefs.20260623/00/atmos/pgrb2sp25/{geavg,gespr}.t00z.pgrb2s.0p25.f{078,084,090,096,102}#statistic=max_t(geavg)+offset;offset_f=+0.0549;raw_f=89.3300;spread=gespr@f096;covered_leads=72-102"
NY,KNYC,2026-06-26,2026-06-26T00:00:00Z,4,gefs,87.9614,1.6200,"s3://noaa-gefs-pds/gefs.20260626/00/atmos/pgrb2sp25/{geavg,gespr}.t00z.pgrb2s.0p25.f{006,012,018,024,030}#statistic=max_t(geavg)+offset;offset_f=+0.2514;raw_f=87.7100;spread=gespr@f024;covered_leads=0-30"
NY,KNYC,2026-06-26,2026-06-25T00:00:00Z,28,gefs,86.8814,3.7800,"s3://noaa-gefs-pds/gefs.20260625/00/atmos/pgrb2sp25/{geavg,gespr}.t00z.pgrb2s.0p25.f{030,036,042,048,054}#statistic=max_t(geavg)+offset;offset_f=+0.2514;raw_f=86.6300;spread=gespr@f048;covered_leads=24-54"
NY,KNYC,2026-06-26,2026-06-24T00:00:00Z,52,gefs,80.5814,6.1200,"s3://noaa-gefs-pds/gefs.20260624/00/atmos/pgrb2sp25/{geavg,gespr}.t00z.pgrb2s.0p25.f{054,060,066,072,078}#statistic=max_t(geavg)+offset;offset_f=+0.2514;raw_f=80.3300;spread=gespr@f072;covered_leads=48-78"
NY,KNYC,2026-06-26,2026-06-23T00:00:00Z,76,gefs,84.7214,5.4000,"s3://noaa-gefs-pds/gefs.20260623/00/atmos/pgrb2sp25/{geavg,gespr}.t00z.pgrb2s.0p25.f{078,084,090,096,102}#statistic=max_t(geavg)+offset;offset_f=+0.2514;raw_f=84.4700;spread=gespr@f096;covered_leads=72-102"
CHI,KMDW,2026-06-27,2026-06-27T00:00:00Z,5,gefs,75.5189,1.2600,"s3://noaa-gefs-pds/gefs.20260627/00/atmos/pgrb2sp25/{geavg,gespr}.t00z.pgrb2s.0p25.f{006,012,018,024,030}#statistic=max_t(geavg)+offset;offset_f=+0.0489;raw_f=75.4700;spread=gespr@f024;covered_leads=0-30"
CHI,KMDW,2026-06-27,2026-06-26T00:00:00Z,29,gefs,74.7989,1.8000,"s3://noaa-gefs-pds/gefs.20260626/00/atmos/pgrb2sp25/{geavg,gespr}.t00z.pgrb2s.0p25.f{030,036,042,048,054}#statistic=max_t(geavg)+offset;offset_f=+0.0489;raw_f=74.7500;spread=gespr@f048;covered_leads=24-54"
CHI,KMDW,2026-06-27,2026-06-25T00:00:00Z,53,gefs,76.7789,3.0600,"s3://noaa-gefs-pds/gefs.20260625/00/atmos/pgrb2sp25/{geavg,gespr}.t00z.pgrb2s.0p25.f{054,060,066,072,078}#statistic=max_t(geavg)+offset;offset_f=+0.0489;raw_f=76.7300;spread=gespr@f072;covered_leads=48-78"
CHI,KMDW,2026-06-27,2026-06-24T00:00:00Z,77,gefs,79.2989,3.7800,"s3://noaa-gefs-pds/gefs.20260624/00/atmos/pgrb2sp25/{geavg,gespr}.t00z.pgrb2s.0p25.f{078,084,090,096,102}#statistic=max_t(geavg)+offset;offset_f=+0.0489;raw_f=79.2500;spread=gespr@f096;covered_leads=72-102"
LAX,KLAX,2026-06-27,2026-06-27T00:00:00Z,7,gefs,70.8169,0.9000,"s3://noaa-gefs-pds/gefs.20260627/00/atmos/pgrb2sp25/{geavg,gespr}.t00z.pgrb2s.0p25.f{012,018,024,030,033}#statistic=max_t(geavg)+offset;offset_f=+0.0269;raw_f=70.7900;spread=gespr@f024;covered_leads=6-33"
LAX,KLAX,2026-06-27,2026-06-26T00:00:00Z,31,gefs,70.6369,1.0800,"s3://noaa-gefs-pds/gefs.20260626/00/atmos/pgrb2sp25/{geavg,gespr}.t00z.pgrb2s.0p25.f{036,042,048,054,057}#statistic=max_t(geavg)+offset;offset_f=+0.0269;raw_f=70.6100;spread=gespr@f048;covered_leads=30-57"
LAX,KLAX,2026-06-27,2026-06-25T00:00:00Z,55,gefs,69.5569,1.4400,"s3://noaa-gefs-pds/gefs.20260625/00/atmos/pgrb2sp25/{geavg,gespr}.t00z.pgrb2s.0p25.f{060,066,072,078,081}#statistic=max_t(geavg)+offset;offset_f=+0.0269;raw_f=69.5300;spread=gespr@f072;covered_leads=54-81"
LAX,KLAX,2026-06-27,2026-06-24T00:00:00Z,79,gefs,70.0969,1.8000,"s3://noaa-gefs-pds/gefs.20260624/00/atmos/pgrb2sp25/{geavg,gespr}.t00z.pgrb2s.0p25.f{084,090,096,102,105}#statistic=max_t(geavg)+offset;offset_f=+0.0269;raw_f=70.0700;spread=gespr@f096;covered_leads=78-105"
MIA,KMIA,2026-06-27,2026-06-27T00:00:00Z,4,gefs,88.8449,0.7200,"s3://noaa-gefs-pds/gefs.20260627/00/atmos/pgrb2sp25/{geavg,gespr}.t00z.pgrb2s.0p25.f{006,012,018,024,030}#statistic=max_t(geavg)+offset;offset_f=+0.0549;raw_f=88.7900;spread=gespr@f024;covered_leads=0-30"
MIA,KMIA,2026-06-27,2026-06-26T00:00:00Z,28,gefs,89.0249,0.9000,"s3://noaa-gefs-pds/gefs.20260626/00/atmos/pgrb2sp25/{geavg,gespr}.t00z.pgrb2s.0p25.f{030,036,042,048,054}#statistic=max_t(geavg)+offset;offset_f=+0.0549;raw_f=88.9700;spread=gespr@f048;covered_leads=24-54"
MIA,KMIA,2026-06-27,2026-06-25T00:00:00Z,52,gefs,89.0249,0.9000,"s3://noaa-gefs-pds/gefs.20260625/00/atmos/pgrb2sp25/{geavg,gespr}.t00z.pgrb2s.0p25.f{054,060,066,072,078}#statistic=max_t(geavg)+offset;offset_f=+0.0549;raw_f=88.9700;spread=gespr@f072;covered_leads=48-78"
MIA,KMIA,2026-06-27,2026-06-24T00:00:00Z,76,gefs,88.6649,1.2600,"s3://noaa-gefs-pds/gefs.20260624/00/atmos/pgrb2sp25/{geavg,gespr}.t00z.pgrb2s.0p25.f{078,084,090,096,102}#statistic=max_t(geavg)+offset;offset_f=+0.0549;raw_f=88.6100;spread=gespr@f096;covered_leads=72-102"
NY,KNYC,2026-06-27,2026-06-27T00:00:00Z,4,gefs,80.5814,4.3200,"s3://noaa-gefs-pds/gefs.20260627/00/atmos/pgrb2sp25/{geavg,gespr}.t00z.pgrb2s.0p25.f{006,012,018,024,030}#statistic=max_t(geavg)+offset;offset_f=+0.2514;raw_f=80.3300;spread=gespr@f018;covered_leads=0-30"
NY,KNYC,2026-06-27,2026-06-26T00:00:00Z,28,gefs,83.4614,1.8000,"s3://noaa-gefs-pds/gefs.20260626/00/atmos/pgrb2sp25/{geavg,gespr}.t00z.pgrb2s.0p25.f{030,036,042,048,054}#statistic=max_t(geavg)+offset;offset_f=+0.2514;raw_f=83.2100;spread=gespr@f030;covered_leads=24-54"
NY,KNYC,2026-06-27,2026-06-25T00:00:00Z,52,gefs,82.0214,3.0600,"s3://noaa-gefs-pds/gefs.20260625/00/atmos/pgrb2sp25/{geavg,gespr}.t00z.pgrb2s.0p25.f{054,060,066,072,078}#statistic=max_t(geavg)+offset;offset_f=+0.2514;raw_f=81.7700;spread=gespr@f054;covered_leads=48-78"
NY,KNYC,2026-06-27,2026-06-24T00:00:00Z,76,gefs,82.5614,6.6600,"s3://noaa-gefs-pds/gefs.20260624/00/atmos/pgrb2sp25/{geavg,gespr}.t00z.pgrb2s.0p25.f{078,084,090,096,102}#statistic=max_t(geavg)+offset;offset_f=+0.2514;raw_f=82.3100;spread=gespr@f096;covered_leads=72-102"
CHI,KMDW,2026-06-28,2026-06-28T00:00:00Z,5,gefs,85.5989,1.4400,"s3://noaa-gefs-pds/gefs.20260628/00/atmos/pgrb2sp25/{geavg,gespr}.t00z.pgrb2s.0p25.f{006,012,018,024,030}#statistic=max_t(geavg)+offset;offset_f=+0.0489;raw_f=85.5500;spread=gespr@f024;covered_leads=0-30"
CHI,KMDW,2026-06-28,2026-06-27T00:00:00Z,29,gefs,84.8789,2.5200,"s3://noaa-gefs-pds/gefs.20260627/00/atmos/pgrb2sp25/{geavg,gespr}.t00z.pgrb2s.0p25.f{030,036,042,048,054}#statistic=max_t(geavg)+offset;offset_f=+0.0489;raw_f=84.8300;spread=gespr@f048;covered_leads=24-54"
CHI,KMDW,2026-06-28,2026-06-26T00:00:00Z,53,gefs,83.9789,4.5000,"s3://noaa-gefs-pds/gefs.20260626/00/atmos/pgrb2sp25/{geavg,gespr}.t00z.pgrb2s.0p25.f{054,060,066,072,078}#statistic=max_t(geavg)+offset;offset_f=+0.0489;raw_f=83.9300;spread=gespr@f072;covered_leads=48-78"
CHI,KMDW,2026-06-28,2026-06-25T00:00:00Z,77,gefs,86.8589,2.5200,"s3://noaa-gefs-pds/gefs.20260625/00/atmos/pgrb2sp25/{geavg,gespr}.t00z.pgrb2s.0p25.f{078,084,090,096,102}#statistic=max_t(geavg)+offset;offset_f=+0.0489;raw_f=86.8100;spread=gespr@f096;covered_leads=72-102"
LAX,KLAX,2026-06-28,2026-06-28T00:00:00Z,7,gefs,70.0969,1.2600,"s3://noaa-gefs-pds/gefs.20260628/00/atmos/pgrb2sp25/{geavg,gespr}.t00z.pgrb2s.0p25.f{012,018,024,030,033}#statistic=max_t(geavg)+offset;offset_f=+0.0269;raw_f=70.0700;spread=gespr@f024;covered_leads=6-33"
LAX,KLAX,2026-06-28,2026-06-27T00:00:00Z,31,gefs,70.2769,1.6200,"s3://noaa-gefs-pds/gefs.20260627/00/atmos/pgrb2sp25/{geavg,gespr}.t00z.pgrb2s.0p25.f{036,042,048,054,057}#statistic=max_t(geavg)+offset;offset_f=+0.0269;raw_f=70.2500;spread=gespr@f048;covered_leads=30-57"
LAX,KLAX,2026-06-28,2026-06-26T00:00:00Z,55,gefs,69.9169,1.4400,"s3://noaa-gefs-pds/gefs.20260626/00/atmos/pgrb2sp25/{geavg,gespr}.t00z.pgrb2s.0p25.f{060,066,072,078,081}#statistic=max_t(geavg)+offset;offset_f=+0.0269;raw_f=69.8900;spread=gespr@f072;covered_leads=54-81"
LAX,KLAX,2026-06-28,2026-06-25T00:00:00Z,79,gefs,69.5569,1.8000,"s3://noaa-gefs-pds/gefs.20260625/00/atmos/pgrb2sp25/{geavg,gespr}.t00z.pgrb2s.0p25.f{084,090,096,102,105}#statistic=max_t(geavg)+offset;offset_f=+0.0269;raw_f=69.5300;spread=gespr@f096;covered_leads=78-105"
MIA,KMIA,2026-06-28,2026-06-28T00:00:00Z,4,gefs,89.3849,0.7200,"s3://noaa-gefs-pds/gefs.20260628/00/atmos/pgrb2sp25/{geavg,gespr}.t00z.pgrb2s.0p25.f{006,012,018,024,030}#statistic=max_t(geavg)+offset;offset_f=+0.0549;raw_f=89.3300;spread=gespr@f024;covered_leads=0-30"
MIA,KMIA,2026-06-28,2026-06-27T00:00:00Z,28,gefs,88.6649,0.7200,"s3://noaa-gefs-pds/gefs.20260627/00/atmos/pgrb2sp25/{geavg,gespr}.t00z.pgrb2s.0p25.f{030,036,042,048,054}#statistic=max_t(geavg)+offset;offset_f=+0.0549;raw_f=88.6100;spread=gespr@f048;covered_leads=24-54"
MIA,KMIA,2026-06-28,2026-06-26T00:00:00Z,52,gefs,89.0249,0.9000,"s3://noaa-gefs-pds/gefs.20260626/00/atmos/pgrb2sp25/{geavg,gespr}.t00z.pgrb2s.0p25.f{054,060,066,072,078}#statistic=max_t(geavg)+offset;offset_f=+0.0549;raw_f=88.9700;spread=gespr@f072;covered_leads=48-78"
MIA,KMIA,2026-06-28,2026-06-25T00:00:00Z,76,gefs,88.6649,0.9000,"s3://noaa-gefs-pds/gefs.20260625/00/atmos/pgrb2sp25/{geavg,gespr}.t00z.pgrb2s.0p25.f{078,084,090,096,102}#statistic=max_t(geavg)+offset;offset_f=+0.0549;raw_f=88.6100;spread=gespr@f096;covered_leads=72-102"
NY,KNYC,2026-06-28,2026-06-28T00:00:00Z,4,gefs,85.4414,1.9800,"s3://noaa-gefs-pds/gefs.20260628/00/atmos/pgrb2sp25/{geavg,gespr}.t00z.pgrb2s.0p25.f{006,012,018,024,030}#statistic=max_t(geavg)+offset;offset_f=+0.2514;raw_f=85.1900;spread=gespr@f024;covered_leads=0-30"
NY,KNYC,2026-06-28,2026-06-27T00:00:00Z,28,gefs,86.1614,3.6000,"s3://noaa-gefs-pds/gefs.20260627/00/atmos/pgrb2sp25/{geavg,gespr}.t00z.pgrb2s.0p25.f{030,036,042,048,054}#statistic=max_t(geavg)+offset;offset_f=+0.2514;raw_f=85.9100;spread=gespr@f048;covered_leads=24-54"
NY,KNYC,2026-06-28,2026-06-26T00:00:00Z,52,gefs,88.1414,3.4200,"s3://noaa-gefs-pds/gefs.20260626/00/atmos/pgrb2sp25/{geavg,gespr}.t00z.pgrb2s.0p25.f{054,060,066,072,078}#statistic=max_t(geavg)+offset;offset_f=+0.2514;raw_f=87.8900;spread=gespr@f072;covered_leads=48-78"
NY,KNYC,2026-06-28,2026-06-25T00:00:00Z,76,gefs,85.2614,4.1400,"s3://noaa-gefs-pds/gefs.20260625/00/atmos/pgrb2sp25/{geavg,gespr}.t00z.pgrb2s.0p25.f{078,084,090,096,102}#statistic=max_t(geavg)+offset;offset_f=+0.2514;raw_f=85.0100;spread=gespr@f096;covered_leads=72-102"
CHI,KMDW,2026-06-29,2026-06-29T00:00:00Z,5,gefs,90.4589,1.4400,"s3://noaa-gefs-pds/gefs.20260629/00/atmos/pgrb2sp25/{geavg,gespr}.t00z.pgrb2s.0p25.f{006,012,018,024,030}#statistic=max_t(geavg)+offset;offset_f=+0.0489;raw_f=90.4100;spread=gespr@f024;covered_leads=0-30"
CHI,KMDW,2026-06-29,2026-06-28T00:00:00Z,29,gefs,92.6189,2.1600,"s3://noaa-gefs-pds/gefs.20260628/00/atmos/pgrb2sp25/{geavg,gespr}.t00z.pgrb2s.0p25.f{030,036,042,048,054}#statistic=max_t(geavg)+offset;offset_f=+0.0489;raw_f=92.5700;spread=gespr@f048;covered_leads=24-54"
CHI,KMDW,2026-06-29,2026-06-27T00:00:00Z,53,gefs,91.3589,1.8000,"s3://noaa-gefs-pds/gefs.20260627/00/atmos/pgrb2sp25/{geavg,gespr}.t00z.pgrb2s.0p25.f{054,060,066,072,078}#statistic=max_t(geavg)+offset;offset_f=+0.0489;raw_f=91.3100;spread=gespr@f072;covered_leads=48-78"
CHI,KMDW,2026-06-29,2026-06-26T00:00:00Z,77,gefs,91.8989,2.5200,"s3://noaa-gefs-pds/gefs.20260626/00/atmos/pgrb2sp25/{geavg,gespr}.t00z.pgrb2s.0p25.f{078,084,090,096,102}#statistic=max_t(geavg)+offset;offset_f=+0.0489;raw_f=91.8500;spread=gespr@f096;covered_leads=72-102"
LAX,KLAX,2026-06-29,2026-06-29T00:00:00Z,7,gefs,70.4569,0.9000,"s3://noaa-gefs-pds/gefs.20260629/00/atmos/pgrb2sp25/{geavg,gespr}.t00z.pgrb2s.0p25.f{012,018,024,030,033}#statistic=max_t(geavg)+offset;offset_f=+0.0269;raw_f=70.4300;spread=gespr@f024;covered_leads=6-33"
LAX,KLAX,2026-06-29,2026-06-28T00:00:00Z,31,gefs,70.6369,1.4400,"s3://noaa-gefs-pds/gefs.20260628/00/atmos/pgrb2sp25/{geavg,gespr}.t00z.pgrb2s.0p25.f{036,042,048,054,057}#statistic=max_t(geavg)+offset;offset_f=+0.0269;raw_f=70.6100;spread=gespr@f048;covered_leads=30-57"
LAX,KLAX,2026-06-29,2026-06-27T00:00:00Z,55,gefs,70.8169,1.6200,"s3://noaa-gefs-pds/gefs.20260627/00/atmos/pgrb2sp25/{geavg,gespr}.t00z.pgrb2s.0p25.f{060,066,072,078,081}#statistic=max_t(geavg)+offset;offset_f=+0.0269;raw_f=70.7900;spread=gespr@f072;covered_leads=54-81"
LAX,KLAX,2026-06-29,2026-06-26T00:00:00Z,79,gefs,71.1769,1.4400,"s3://noaa-gefs-pds/gefs.20260626/00/atmos/pgrb2sp25/{geavg,gespr}.t00z.pgrb2s.0p25.f{084,090,096,102,105}#statistic=max_t(geavg)+offset;offset_f=+0.0269;raw_f=71.1500;spread=gespr@f096;covered_leads=78-105"
MIA,KMIA,2026-06-29,2026-06-29T00:00:00Z,4,gefs,90.2849,0.9000,"s3://noaa-gefs-pds/gefs.20260629/00/atmos/pgrb2sp25/{geavg,gespr}.t00z.pgrb2s.0p25.f{006,012,018,024,030}#statistic=max_t(geavg)+offset;offset_f=+0.0549;raw_f=90.2300;spread=gespr@f024;covered_leads=0-30"
MIA,KMIA,2026-06-29,2026-06-28T00:00:00Z,28,gefs,90.1049,0.9000,"s3://noaa-gefs-pds/gefs.20260628/00/atmos/pgrb2sp25/{geavg,gespr}.t00z.pgrb2s.0p25.f{030,036,042,048,054}#statistic=max_t(geavg)+offset;offset_f=+0.0549;raw_f=90.0500;spread=gespr@f048;covered_leads=24-54"
MIA,KMIA,2026-06-29,2026-06-27T00:00:00Z,52,gefs,89.2049,1.2600,"s3://noaa-gefs-pds/gefs.20260627/00/atmos/pgrb2sp25/{geavg,gespr}.t00z.pgrb2s.0p25.f{054,060,066,072,078}#statistic=max_t(geavg)+offset;offset_f=+0.0549;raw_f=89.1500;spread=gespr@f072;covered_leads=48-78"
MIA,KMIA,2026-06-29,2026-06-26T00:00:00Z,76,gefs,89.5649,1.0800,"s3://noaa-gefs-pds/gefs.20260626/00/atmos/pgrb2sp25/{geavg,gespr}.t00z.pgrb2s.0p25.f{078,084,090,096,102}#statistic=max_t(geavg)+offset;offset_f=+0.0549;raw_f=89.5100;spread=gespr@f096;covered_leads=72-102"
NY,KNYC,2026-06-29,2026-06-29T00:00:00Z,4,gefs,89.0414,1.6200,"s3://noaa-gefs-pds/gefs.20260629/00/atmos/pgrb2sp25/{geavg,gespr}.t00z.pgrb2s.0p25.f{006,012,018,024,030}#statistic=max_t(geavg)+offset;offset_f=+0.2514;raw_f=88.7900;spread=gespr@f024;covered_leads=0-30"
NY,KNYC,2026-06-29,2026-06-28T00:00:00Z,28,gefs,87.4214,1.9800,"s3://noaa-gefs-pds/gefs.20260628/00/atmos/pgrb2sp25/{geavg,gespr}.t00z.pgrb2s.0p25.f{030,036,042,048,054}#statistic=max_t(geavg)+offset;offset_f=+0.2514;raw_f=87.1700;spread=gespr@f042;covered_leads=24-54"
NY,KNYC,2026-06-29,2026-06-27T00:00:00Z,52,gefs,87.9614,3.2400,"s3://noaa-gefs-pds/gefs.20260627/00/atmos/pgrb2sp25/{geavg,gespr}.t00z.pgrb2s.0p25.f{054,060,066,072,078}#statistic=max_t(geavg)+offset;offset_f=+0.2514;raw_f=87.7100;spread=gespr@f072;covered_leads=48-78"
NY,KNYC,2026-06-29,2026-06-26T00:00:00Z,76,gefs,89.7614,3.6000,"s3://noaa-gefs-pds/gefs.20260626/00/atmos/pgrb2sp25/{geavg,gespr}.t00z.pgrb2s.0p25.f{078,084,090,096,102}#statistic=max_t(geavg)+offset;offset_f=+0.2514;raw_f=89.5100;spread=gespr@f096;covered_leads=72-102"
CHI,KMDW,2026-06-30,2026-06-30T00:00:00Z,5,gefs,90.8189,1.2600,"s3://noaa-gefs-pds/gefs.20260630/00/atmos/pgrb2sp25/{geavg,gespr}.t00z.pgrb2s.0p25.f{006,012,018,024,030}#statistic=max_t(geavg)+offset;offset_f=+0.0489;raw_f=90.7700;spread=gespr@f024;covered_leads=0-30"
CHI,KMDW,2026-06-30,2026-06-29T00:00:00Z,29,gefs,91.8989,1.9800,"s3://noaa-gefs-pds/gefs.20260629/00/atmos/pgrb2sp25/{geavg,gespr}.t00z.pgrb2s.0p25.f{030,036,042,048,054}#statistic=max_t(geavg)+offset;offset_f=+0.0489;raw_f=91.8500;spread=gespr@f048;covered_leads=24-54"
CHI,KMDW,2026-06-30,2026-06-28T00:00:00Z,53,gefs,93.8789,2.1600,"s3://noaa-gefs-pds/gefs.20260628/00/atmos/pgrb2sp25/{geavg,gespr}.t00z.pgrb2s.0p25.f{054,060,066,072,078}#statistic=max_t(geavg)+offset;offset_f=+0.0489;raw_f=93.8300;spread=gespr@f072;covered_leads=48-78"
CHI,KMDW,2026-06-30,2026-06-27T00:00:00Z,77,gefs,93.6989,1.6200,"s3://noaa-gefs-pds/gefs.20260627/00/atmos/pgrb2sp25/{geavg,gespr}.t00z.pgrb2s.0p25.f{078,084,090,096,102}#statistic=max_t(geavg)+offset;offset_f=+0.0489;raw_f=93.6500;spread=gespr@f096;covered_leads=72-102"
LAX,KLAX,2026-06-30,2026-06-30T00:00:00Z,7,gefs,69.0169,0.9000,"s3://noaa-gefs-pds/gefs.20260630/00/atmos/pgrb2sp25/{geavg,gespr}.t00z.pgrb2s.0p25.f{012,018,024,030,033}#statistic=max_t(geavg)+offset;offset_f=+0.0269;raw_f=68.9900;spread=gespr@f024;covered_leads=6-33"
LAX,KLAX,2026-06-30,2026-06-29T00:00:00Z,31,gefs,69.1969,1.2600,"s3://noaa-gefs-pds/gefs.20260629/00/atmos/pgrb2sp25/{geavg,gespr}.t00z.pgrb2s.0p25.f{036,042,048,054,057}#statistic=max_t(geavg)+offset;offset_f=+0.0269;raw_f=69.1700;spread=gespr@f048;covered_leads=30-57"
LAX,KLAX,2026-06-30,2026-06-28T00:00:00Z,55,gefs,69.7369,1.2600,"s3://noaa-gefs-pds/gefs.20260628/00/atmos/pgrb2sp25/{geavg,gespr}.t00z.pgrb2s.0p25.f{060,066,072,078,081}#statistic=max_t(geavg)+offset;offset_f=+0.0269;raw_f=69.7100;spread=gespr@f072;covered_leads=54-81"
LAX,KLAX,2026-06-30,2026-06-27T00:00:00Z,79,gefs,69.0169,1.6200,"s3://noaa-gefs-pds/gefs.20260627/00/atmos/pgrb2sp25/{geavg,gespr}.t00z.pgrb2s.0p25.f{084,090,096,102,105}#statistic=max_t(geavg)+offset;offset_f=+0.0269;raw_f=68.9900;spread=gespr@f096;covered_leads=78-105"
MIA,KMIA,2026-06-30,2026-06-30T00:00:00Z,4,gefs,90.4649,0.7200,"s3://noaa-gefs-pds/gefs.20260630/00/atmos/pgrb2sp25/{geavg,gespr}.t00z.pgrb2s.0p25.f{006,012,018,024,030}#statistic=max_t(geavg)+offset;offset_f=+0.0549;raw_f=90.4100;spread=gespr@f018;covered_leads=0-30"
MIA,KMIA,2026-06-30,2026-06-29T00:00:00Z,28,gefs,90.1049,0.9000,"s3://noaa-gefs-pds/gefs.20260629/00/atmos/pgrb2sp25/{geavg,gespr}.t00z.pgrb2s.0p25.f{030,036,042,048,054}#statistic=max_t(geavg)+offset;offset_f=+0.0549;raw_f=90.0500;spread=gespr@f042;covered_leads=24-54"
MIA,KMIA,2026-06-30,2026-06-28T00:00:00Z,52,gefs,90.8249,1.2600,"s3://noaa-gefs-pds/gefs.20260628/00/atmos/pgrb2sp25/{geavg,gespr}.t00z.pgrb2s.0p25.f{054,060,066,072,078}#statistic=max_t(geavg)+offset;offset_f=+0.0549;raw_f=90.7700;spread=gespr@f072;covered_leads=48-78"
MIA,KMIA,2026-06-30,2026-06-27T00:00:00Z,76,gefs,89.2049,1.4400,"s3://noaa-gefs-pds/gefs.20260627/00/atmos/pgrb2sp25/{geavg,gespr}.t00z.pgrb2s.0p25.f{078,084,090,096,102}#statistic=max_t(geavg)+offset;offset_f=+0.0549;raw_f=89.1500;spread=gespr@f096;covered_leads=72-102"
NY,KNYC,2026-06-30,2026-06-30T00:00:00Z,4,gefs,91.3814,1.4400,"s3://noaa-gefs-pds/gefs.20260630/00/atmos/pgrb2sp25/{geavg,gespr}.t00z.pgrb2s.0p25.f{006,012,018,024,030}#statistic=max_t(geavg)+offset;offset_f=+0.2514;raw_f=91.1300;spread=gespr@f024;covered_leads=0-30"
NY,KNYC,2026-06-30,2026-06-29T00:00:00Z,28,gefs,89.5814,1.9800,"s3://noaa-gefs-pds/gefs.20260629/00/atmos/pgrb2sp25/{geavg,gespr}.t00z.pgrb2s.0p25.f{030,036,042,048,054}#statistic=max_t(geavg)+offset;offset_f=+0.2514;raw_f=89.3300;spread=gespr@f048;covered_leads=24-54"
NY,KNYC,2026-06-30,2026-06-28T00:00:00Z,52,gefs,89.2214,3.4200,"s3://noaa-gefs-pds/gefs.20260628/00/atmos/pgrb2sp25/{geavg,gespr}.t00z.pgrb2s.0p25.f{054,060,066,072,078}#statistic=max_t(geavg)+offset;offset_f=+0.2514;raw_f=88.9700;spread=gespr@f072;covered_leads=48-78"
NY,KNYC,2026-06-30,2026-06-27T00:00:00Z,76,gefs,89.0414,3.7800,"s3://noaa-gefs-pds/gefs.20260627/00/atmos/pgrb2sp25/{geavg,gespr}.t00z.pgrb2s.0p25.f{078,084,090,096,102}#statistic=max_t(geavg)+offset;offset_f=+0.2514;raw_f=88.7900;spread=gespr@f096;covered_leads=72-102"
CHI,KMDW,2026-07-01,2026-07-01T00:00:00Z,5,gefs,92.4389,1.0800,"s3://noaa-gefs-pds/gefs.20260701/00/atmos/pgrb2sp25/{geavg,gespr}.t00z.pgrb2s.0p25.f{006,012,018,024,030}#statistic=max_t(geavg)+offset;offset_f=+0.0489;raw_f=92.3900;spread=gespr@f024;covered_leads=0-30"
CHI,KMDW,2026-07-01,2026-06-30T00:00:00Z,29,gefs,93.3389,1.6200,"s3://noaa-gefs-pds/gefs.20260630/00/atmos/pgrb2sp25/{geavg,gespr}.t00z.pgrb2s.0p25.f{030,036,042,048,054}#statistic=max_t(geavg)+offset;offset_f=+0.0489;raw_f=93.2900;spread=gespr@f048;covered_leads=24-54"
CHI,KMDW,2026-07-01,2026-06-29T00:00:00Z,53,gefs,93.6989,1.8000,"s3://noaa-gefs-pds/gefs.20260629/00/atmos/pgrb2sp25/{geavg,gespr}.t00z.pgrb2s.0p25.f{054,060,066,072,078}#statistic=max_t(geavg)+offset;offset_f=+0.0489;raw_f=93.6500;spread=gespr@f072;covered_leads=48-78"
CHI,KMDW,2026-07-01,2026-06-28T00:00:00Z,77,gefs,94.7789,1.8000,"s3://noaa-gefs-pds/gefs.20260628/00/atmos/pgrb2sp25/{geavg,gespr}.t00z.pgrb2s.0p25.f{078,084,090,096,102}#statistic=max_t(geavg)+offset;offset_f=+0.0489;raw_f=94.7300;spread=gespr@f096;covered_leads=72-102"
LAX,KLAX,2026-07-01,2026-07-01T00:00:00Z,7,gefs,66.8569,0.9000,"s3://noaa-gefs-pds/gefs.20260701/00/atmos/pgrb2sp25/{geavg,gespr}.t00z.pgrb2s.0p25.f{012,018,024,030,033}#statistic=max_t(geavg)+offset;offset_f=+0.0269;raw_f=66.8300;spread=gespr@f024;covered_leads=6-33"
LAX,KLAX,2026-07-01,2026-06-30T00:00:00Z,31,gefs,69.3769,1.2600,"s3://noaa-gefs-pds/gefs.20260630/00/atmos/pgrb2sp25/{geavg,gespr}.t00z.pgrb2s.0p25.f{036,042,048,054,057}#statistic=max_t(geavg)+offset;offset_f=+0.0269;raw_f=69.3500;spread=gespr@f048;covered_leads=30-57"
LAX,KLAX,2026-07-01,2026-06-29T00:00:00Z,55,gefs,69.7369,1.8000,"s3://noaa-gefs-pds/gefs.20260629/00/atmos/pgrb2sp25/{geavg,gespr}.t00z.pgrb2s.0p25.f{060,066,072,078,081}#statistic=max_t(geavg)+offset;offset_f=+0.0269;raw_f=69.7100;spread=gespr@f072;covered_leads=54-81"
LAX,KLAX,2026-07-01,2026-06-28T00:00:00Z,79,gefs,69.1969,1.6200,"s3://noaa-gefs-pds/gefs.20260628/00/atmos/pgrb2sp25/{geavg,gespr}.t00z.pgrb2s.0p25.f{084,090,096,102,105}#statistic=max_t(geavg)+offset;offset_f=+0.0269;raw_f=69.1700;spread=gespr@f096;covered_leads=78-105"
MIA,KMIA,2026-07-01,2026-07-01T00:00:00Z,4,gefs,89.0249,0.5400,"s3://noaa-gefs-pds/gefs.20260701/00/atmos/pgrb2sp25/{geavg,gespr}.t00z.pgrb2s.0p25.f{006,012,018,024,030}#statistic=max_t(geavg)+offset;offset_f=+0.0549;raw_f=88.9700;spread=gespr@f018;covered_leads=0-30"
MIA,KMIA,2026-07-01,2026-06-30T00:00:00Z,28,gefs,88.6649,0.7200,"s3://noaa-gefs-pds/gefs.20260630/00/atmos/pgrb2sp25/{geavg,gespr}.t00z.pgrb2s.0p25.f{030,036,042,048,054}#statistic=max_t(geavg)+offset;offset_f=+0.0549;raw_f=88.6100;spread=gespr@f042;covered_leads=24-54"
MIA,KMIA,2026-07-01,2026-06-29T00:00:00Z,52,gefs,88.6649,0.5400,"s3://noaa-gefs-pds/gefs.20260629/00/atmos/pgrb2sp25/{geavg,gespr}.t00z.pgrb2s.0p25.f{054,060,066,072,078}#statistic=max_t(geavg)+offset;offset_f=+0.0549;raw_f=88.6100;spread=gespr@f066;covered_leads=48-78"
MIA,KMIA,2026-07-01,2026-06-28T00:00:00Z,76,gefs,89.0249,1.2600,"s3://noaa-gefs-pds/gefs.20260628/00/atmos/pgrb2sp25/{geavg,gespr}.t00z.pgrb2s.0p25.f{078,084,090,096,102}#statistic=max_t(geavg)+offset;offset_f=+0.0549;raw_f=88.9700;spread=gespr@f090;covered_leads=72-102"
NY,KNYC,2026-07-01,2026-07-01T00:00:00Z,4,gefs,96.0614,1.2600,"s3://noaa-gefs-pds/gefs.20260701/00/atmos/pgrb2sp25/{geavg,gespr}.t00z.pgrb2s.0p25.f{006,012,018,024,030}#statistic=max_t(geavg)+offset;offset_f=+0.2514;raw_f=95.8100;spread=gespr@f024;covered_leads=0-30"
NY,KNYC,2026-07-01,2026-06-30T00:00:00Z,28,gefs,96.4214,1.9800,"s3://noaa-gefs-pds/gefs.20260630/00/atmos/pgrb2sp25/{geavg,gespr}.t00z.pgrb2s.0p25.f{030,036,042,048,054}#statistic=max_t(geavg)+offset;offset_f=+0.2514;raw_f=96.1700;spread=gespr@f048;covered_leads=24-54"
NY,KNYC,2026-07-01,2026-06-29T00:00:00Z,52,gefs,98.5814,2.5200,"s3://noaa-gefs-pds/gefs.20260629/00/atmos/pgrb2sp25/{geavg,gespr}.t00z.pgrb2s.0p25.f{054,060,066,072,078}#statistic=max_t(geavg)+offset;offset_f=+0.2514;raw_f=98.3300;spread=gespr@f072;covered_leads=48-78"
NY,KNYC,2026-07-01,2026-06-28T00:00:00Z,76,gefs,98.2214,4.8600,"s3://noaa-gefs-pds/gefs.20260628/00/atmos/pgrb2sp25/{geavg,gespr}.t00z.pgrb2s.0p25.f{078,084,090,096,102}#statistic=max_t(geavg)+offset;offset_f=+0.2514;raw_f=97.9700;spread=gespr@f096;covered_leads=72-102"
CHI,KMDW,2026-07-02,2026-07-02T00:00:00Z,5,gefs,92.4389,1.0800,"s3://noaa-gefs-pds/gefs.20260702/00/atmos/pgrb2sp25/{geavg,gespr}.t00z.pgrb2s.0p25.f{006,012,018,024,030}#statistic=max_t(geavg)+offset;offset_f=+0.0489;raw_f=92.3900;spread=gespr@f024;covered_leads=0-30"
CHI,KMDW,2026-07-02,2026-07-01T00:00:00Z,29,gefs,92.6189,1.6200,"s3://noaa-gefs-pds/gefs.20260701/00/atmos/pgrb2sp25/{geavg,gespr}.t00z.pgrb2s.0p25.f{030,036,042,048,054}#statistic=max_t(geavg)+offset;offset_f=+0.0489;raw_f=92.5700;spread=gespr@f048;covered_leads=24-54"
CHI,KMDW,2026-07-02,2026-06-30T00:00:00Z,53,gefs,93.6989,1.4400,"s3://noaa-gefs-pds/gefs.20260630/00/atmos/pgrb2sp25/{geavg,gespr}.t00z.pgrb2s.0p25.f{054,060,066,072,078}#statistic=max_t(geavg)+offset;offset_f=+0.0489;raw_f=93.6500;spread=gespr@f072;covered_leads=48-78"
CHI,KMDW,2026-07-02,2026-06-29T00:00:00Z,77,gefs,93.6989,1.4400,"s3://noaa-gefs-pds/gefs.20260629/00/atmos/pgrb2sp25/{geavg,gespr}.t00z.pgrb2s.0p25.f{078,084,090,096,102}#statistic=max_t(geavg)+offset;offset_f=+0.0489;raw_f=93.6500;spread=gespr@f096;covered_leads=72-102"
LAX,KLAX,2026-07-02,2026-07-02T00:00:00Z,7,gefs,70.9969,0.7200,"s3://noaa-gefs-pds/gefs.20260702/00/atmos/pgrb2sp25/{geavg,gespr}.t00z.pgrb2s.0p25.f{012,018,024,030,033}#statistic=max_t(geavg)+offset;offset_f=+0.0269;raw_f=70.9700;spread=gespr@f024;covered_leads=6-33"
LAX,KLAX,2026-07-02,2026-07-01T00:00:00Z,31,gefs,70.9969,0.9000,"s3://noaa-gefs-pds/gefs.20260701/00/atmos/pgrb2sp25/{geavg,gespr}.t00z.pgrb2s.0p25.f{036,042,048,054,057}#statistic=max_t(geavg)+offset;offset_f=+0.0269;raw_f=70.9700;spread=gespr@f048;covered_leads=30-57"
LAX,KLAX,2026-07-02,2026-06-30T00:00:00Z,55,gefs,72.0769,1.6200,"s3://noaa-gefs-pds/gefs.20260630/00/atmos/pgrb2sp25/{geavg,gespr}.t00z.pgrb2s.0p25.f{060,066,072,078,081}#statistic=max_t(geavg)+offset;offset_f=+0.0269;raw_f=72.0500;spread=gespr@f072;covered_leads=54-81"
LAX,KLAX,2026-07-02,2026-06-29T00:00:00Z,79,gefs,71.5369,1.8000,"s3://noaa-gefs-pds/gefs.20260629/00/atmos/pgrb2sp25/{geavg,gespr}.t00z.pgrb2s.0p25.f{084,090,096,102,105}#statistic=max_t(geavg)+offset;offset_f=+0.0269;raw_f=71.5100;spread=gespr@f096;covered_leads=78-105"
MIA,KMIA,2026-07-02,2026-07-02T00:00:00Z,4,gefs,88.4849,0.9000,"s3://noaa-gefs-pds/gefs.20260702/00/atmos/pgrb2sp25/{geavg,gespr}.t00z.pgrb2s.0p25.f{006,012,018,024,030}#statistic=max_t(geavg)+offset;offset_f=+0.0549;raw_f=88.4300;spread=gespr@f018;covered_leads=0-30"
MIA,KMIA,2026-07-02,2026-07-01T00:00:00Z,28,gefs,88.8449,1.0800,"s3://noaa-gefs-pds/gefs.20260701/00/atmos/pgrb2sp25/{geavg,gespr}.t00z.pgrb2s.0p25.f{030,036,042,048,054}#statistic=max_t(geavg)+offset;offset_f=+0.0549;raw_f=88.7900;spread=gespr@f042;covered_leads=24-54"
MIA,KMIA,2026-07-02,2026-06-30T00:00:00Z,52,gefs,88.8449,1.0800,"s3://noaa-gefs-pds/gefs.20260630/00/atmos/pgrb2sp25/{geavg,gespr}.t00z.pgrb2s.0p25.f{054,060,066,072,078}#statistic=max_t(geavg)+offset;offset_f=+0.0549;raw_f=88.7900;spread=gespr@f072;covered_leads=48-78"
MIA,KMIA,2026-07-02,2026-06-29T00:00:00Z,76,gefs,89.0249,0.7200,"s3://noaa-gefs-pds/gefs.20260629/00/atmos/pgrb2sp25/{geavg,gespr}.t00z.pgrb2s.0p25.f{078,084,090,096,102}#statistic=max_t(geavg)+offset;offset_f=+0.0549;raw_f=88.9700;spread=gespr@f096;covered_leads=72-102"
NY,KNYC,2026-07-02,2026-07-02T00:00:00Z,4,gefs,102.7214,1.2600,"s3://noaa-gefs-pds/gefs.20260702/00/atmos/pgrb2sp25/{geavg,gespr}.t00z.pgrb2s.0p25.f{006,012,018,024,030}#statistic=max_t(geavg)+offset;offset_f=+0.2514;raw_f=102.4700;spread=gespr@f024;covered_leads=0-30"
NY,KNYC,2026-07-02,2026-07-01T00:00:00Z,28,gefs,103.2614,1.6200,"s3://noaa-gefs-pds/gefs.20260701/00/atmos/pgrb2sp25/{geavg,gespr}.t00z.pgrb2s.0p25.f{030,036,042,048,054}#statistic=max_t(geavg)+offset;offset_f=+0.2514;raw_f=103.0100;spread=gespr@f048;covered_leads=24-54"
NY,KNYC,2026-07-02,2026-06-30T00:00:00Z,52,gefs,102.9014,1.6200,"s3://noaa-gefs-pds/gefs.20260630/00/atmos/pgrb2sp25/{geavg,gespr}.t00z.pgrb2s.0p25.f{054,060,066,072,078}#statistic=max_t(geavg)+offset;offset_f=+0.2514;raw_f=102.6500;spread=gespr@f072;covered_leads=48-78"
NY,KNYC,2026-07-02,2026-06-29T00:00:00Z,76,gefs,103.6214,2.1600,"s3://noaa-gefs-pds/gefs.20260629/00/atmos/pgrb2sp25/{geavg,gespr}.t00z.pgrb2s.0p25.f{078,084,090,096,102}#statistic=max_t(geavg)+offset;offset_f=+0.2514;raw_f=103.3700;spread=gespr@f096;covered_leads=72-102"
CHI,KMDW,2026-07-03,2026-07-03T00:00:00Z,5,gefs,90.9989,1.0800,"s3://noaa-gefs-pds/gefs.20260703/00/atmos/pgrb2sp25/{geavg,gespr}.t00z.pgrb2s.0p25.f{006,012,018,024,030}#statistic=max_t(geavg)+offset;offset_f=+0.0489;raw_f=90.9500;spread=gespr@f024;covered_leads=0-30"
CHI,KMDW,2026-07-03,2026-07-02T00:00:00Z,29,gefs,90.0989,1.4400,"s3://noaa-gefs-pds/gefs.20260702/00/atmos/pgrb2sp25/{geavg,gespr}.t00z.pgrb2s.0p25.f{030,036,042,048,054}#statistic=max_t(geavg)+offset;offset_f=+0.0489;raw_f=90.0500;spread=gespr@f048;covered_leads=24-54"
CHI,KMDW,2026-07-03,2026-07-01T00:00:00Z,53,gefs,92.4389,1.6200,"s3://noaa-gefs-pds/gefs.20260701/00/atmos/pgrb2sp25/{geavg,gespr}.t00z.pgrb2s.0p25.f{054,060,066,072,078}#statistic=max_t(geavg)+offset;offset_f=+0.0489;raw_f=92.3900;spread=gespr@f072;covered_leads=48-78"
CHI,KMDW,2026-07-03,2026-06-30T00:00:00Z,77,gefs,91.8989,3.4200,"s3://noaa-gefs-pds/gefs.20260630/00/atmos/pgrb2sp25/{geavg,gespr}.t00z.pgrb2s.0p25.f{078,084,090,096,102}#statistic=max_t(geavg)+offset;offset_f=+0.0489;raw_f=91.8500;spread=gespr@f096;covered_leads=72-102"
LAX,KLAX,2026-07-03,2026-07-03T00:00:00Z,7,gefs,74.4169,0.7200,"s3://noaa-gefs-pds/gefs.20260703/00/atmos/pgrb2sp25/{geavg,gespr}.t00z.pgrb2s.0p25.f{012,018,024,030,033}#statistic=max_t(geavg)+offset;offset_f=+0.0269;raw_f=74.3900;spread=gespr@f024;covered_leads=6-33"
LAX,KLAX,2026-07-03,2026-07-02T00:00:00Z,31,gefs,73.8769,1.2600,"s3://noaa-gefs-pds/gefs.20260702/00/atmos/pgrb2sp25/{geavg,gespr}.t00z.pgrb2s.0p25.f{036,042,048,054,057}#statistic=max_t(geavg)+offset;offset_f=+0.0269;raw_f=73.8500;spread=gespr@f048;covered_leads=30-57"
LAX,KLAX,2026-07-03,2026-07-01T00:00:00Z,55,gefs,74.7769,1.4400,"s3://noaa-gefs-pds/gefs.20260701/00/atmos/pgrb2sp25/{geavg,gespr}.t00z.pgrb2s.0p25.f{060,066,072,078,081}#statistic=max_t(geavg)+offset;offset_f=+0.0269;raw_f=74.7500;spread=gespr@f072;covered_leads=54-81"
LAX,KLAX,2026-07-03,2026-06-30T00:00:00Z,79,gefs,74.4169,1.6200,"s3://noaa-gefs-pds/gefs.20260630/00/atmos/pgrb2sp25/{geavg,gespr}.t00z.pgrb2s.0p25.f{084,090,096,102,105}#statistic=max_t(geavg)+offset;offset_f=+0.0269;raw_f=74.3900;spread=gespr@f096;covered_leads=78-105"
MIA,KMIA,2026-07-03,2026-07-03T00:00:00Z,4,gefs,89.9249,0.7200,"s3://noaa-gefs-pds/gefs.20260703/00/atmos/pgrb2sp25/{geavg,gespr}.t00z.pgrb2s.0p25.f{006,012,018,024,030}#statistic=max_t(geavg)+offset;offset_f=+0.0549;raw_f=89.8700;spread=gespr@f024;covered_leads=0-30"
MIA,KMIA,2026-07-03,2026-07-02T00:00:00Z,28,gefs,89.0249,1.2600,"s3://noaa-gefs-pds/gefs.20260702/00/atmos/pgrb2sp25/{geavg,gespr}.t00z.pgrb2s.0p25.f{030,036,042,048,054}#statistic=max_t(geavg)+offset;offset_f=+0.0549;raw_f=88.9700;spread=gespr@f042;covered_leads=24-54"
MIA,KMIA,2026-07-03,2026-07-01T00:00:00Z,52,gefs,89.3849,1.0800,"s3://noaa-gefs-pds/gefs.20260701/00/atmos/pgrb2sp25/{geavg,gespr}.t00z.pgrb2s.0p25.f{054,060,066,072,078}#statistic=max_t(geavg)+offset;offset_f=+0.0549;raw_f=89.3300;spread=gespr@f066;covered_leads=48-78"
MIA,KMIA,2026-07-03,2026-06-30T00:00:00Z,76,gefs,88.8449,1.6200,"s3://noaa-gefs-pds/gefs.20260630/00/atmos/pgrb2sp25/{geavg,gespr}.t00z.pgrb2s.0p25.f{078,084,090,096,102}#statistic=max_t(geavg)+offset;offset_f=+0.0549;raw_f=88.7900;spread=gespr@f096;covered_leads=72-102"
NY,KNYC,2026-07-03,2026-07-03T00:00:00Z,4,gefs,101.6414,1.6200,"s3://noaa-gefs-pds/gefs.20260703/00/atmos/pgrb2sp25/{geavg,gespr}.t00z.pgrb2s.0p25.f{006,012,018,024,030}#statistic=max_t(geavg)+offset;offset_f=+0.2514;raw_f=101.3900;spread=gespr@f024;covered_leads=0-30"
NY,KNYC,2026-07-03,2026-07-02T00:00:00Z,28,gefs,102.3614,1.8000,"s3://noaa-gefs-pds/gefs.20260702/00/atmos/pgrb2sp25/{geavg,gespr}.t00z.pgrb2s.0p25.f{030,036,042,048,054}#statistic=max_t(geavg)+offset;offset_f=+0.2514;raw_f=102.1100;spread=gespr@f048;covered_leads=24-54"
NY,KNYC,2026-07-03,2026-07-01T00:00:00Z,52,gefs,101.6414,2.1600,"s3://noaa-gefs-pds/gefs.20260701/00/atmos/pgrb2sp25/{geavg,gespr}.t00z.pgrb2s.0p25.f{054,060,066,072,078}#statistic=max_t(geavg)+offset;offset_f=+0.2514;raw_f=101.3900;spread=gespr@f072;covered_leads=48-78"
NY,KNYC,2026-07-03,2026-06-30T00:00:00Z,76,gefs,102.7214,2.1600,"s3://noaa-gefs-pds/gefs.20260630/00/atmos/pgrb2sp25/{geavg,gespr}.t00z.pgrb2s.0p25.f{078,084,090,096,102}#statistic=max_t(geavg)+offset;offset_f=+0.2514;raw_f=102.4700;spread=gespr@f096;covered_leads=72-102"
CHI,KMDW,2026-07-04,2026-07-04T00:00:00Z,5,gefs,87.5789,2.7000,"s3://noaa-gefs-pds/gefs.20260704/00/atmos/pgrb2sp25/{geavg,gespr}.t00z.pgrb2s.0p25.f{006,012,018,024,030}#statistic=max_t(geavg)+offset;offset_f=+0.0489;raw_f=87.5300;spread=gespr@f018;covered_leads=0-30"
CHI,KMDW,2026-07-04,2026-07-03T00:00:00Z,29,gefs,91.3589,1.6200,"s3://noaa-gefs-pds/gefs.20260703/00/atmos/pgrb2sp25/{geavg,gespr}.t00z.pgrb2s.0p25.f{030,036,042,048,054}#statistic=max_t(geavg)+offset;offset_f=+0.0489;raw_f=91.3100;spread=gespr@f048;covered_leads=24-54"
CHI,KMDW,2026-07-04,2026-07-02T00:00:00Z,53,gefs,91.1789,1.9800,"s3://noaa-gefs-pds/gefs.20260702/00/atmos/pgrb2sp25/{geavg,gespr}.t00z.pgrb2s.0p25.f{054,060,066,072,078}#statistic=max_t(geavg)+offset;offset_f=+0.0489;raw_f=91.1300;spread=gespr@f072;covered_leads=48-78"
CHI,KMDW,2026-07-04,2026-07-01T00:00:00Z,77,gefs,92.2589,1.8000,"s3://noaa-gefs-pds/gefs.20260701/00/atmos/pgrb2sp25/{geavg,gespr}.t00z.pgrb2s.0p25.f{078,084,090,096,102}#statistic=max_t(geavg)+offset;offset_f=+0.0489;raw_f=92.2100;spread=gespr@f096;covered_leads=72-102"
LAX,KLAX,2026-07-04,2026-07-04T00:00:00Z,7,gefs,76.7569,1.8000,"s3://noaa-gefs-pds/gefs.20260704/00/atmos/pgrb2sp25/{geavg,gespr}.t00z.pgrb2s.0p25.f{012,018,024,030,033}#statistic=max_t(geavg)+offset;offset_f=+0.0269;raw_f=76.7300;spread=gespr@f024;covered_leads=6-33"
LAX,KLAX,2026-07-04,2026-07-03T00:00:00Z,31,gefs,75.6769,1.2600,"s3://noaa-gefs-pds/gefs.20260703/00/atmos/pgrb2sp25/{geavg,gespr}.t00z.pgrb2s.0p25.f{036,042,048,054,057}#statistic=max_t(geavg)+offset;offset_f=+0.0269;raw_f=75.6500;spread=gespr@f048;covered_leads=30-57"
LAX,KLAX,2026-07-04,2026-07-02T00:00:00Z,55,gefs,74.7769,1.8000,"s3://noaa-gefs-pds/gefs.20260702/00/atmos/pgrb2sp25/{geavg,gespr}.t00z.pgrb2s.0p25.f{060,066,072,078,081}#statistic=max_t(geavg)+offset;offset_f=+0.0269;raw_f=74.7500;spread=gespr@f072;covered_leads=54-81"
LAX,KLAX,2026-07-04,2026-07-01T00:00:00Z,79,gefs,74.7769,1.4400,"s3://noaa-gefs-pds/gefs.20260701/00/atmos/pgrb2sp25/{geavg,gespr}.t00z.pgrb2s.0p25.f{084,090,096,102,105}#statistic=max_t(geavg)+offset;offset_f=+0.0269;raw_f=74.7500;spread=gespr@f096;covered_leads=78-105"
MIA,KMIA,2026-07-04,2026-07-04T00:00:00Z,4,gefs,90.1049,0.5400,"s3://noaa-gefs-pds/gefs.20260704/00/atmos/pgrb2sp25/{geavg,gespr}.t00z.pgrb2s.0p25.f{006,012,018,024,030}#statistic=max_t(geavg)+offset;offset_f=+0.0549;raw_f=90.0500;spread=gespr@f024;covered_leads=0-30"
MIA,KMIA,2026-07-04,2026-07-03T00:00:00Z,28,gefs,89.7449,0.9000,"s3://noaa-gefs-pds/gefs.20260703/00/atmos/pgrb2sp25/{geavg,gespr}.t00z.pgrb2s.0p25.f{030,036,042,048,054}#statistic=max_t(geavg)+offset;offset_f=+0.0549;raw_f=89.6900;spread=gespr@f048;covered_leads=24-54"
MIA,KMIA,2026-07-04,2026-07-02T00:00:00Z,52,gefs,89.0249,1.0800,"s3://noaa-gefs-pds/gefs.20260702/00/atmos/pgrb2sp25/{geavg,gespr}.t00z.pgrb2s.0p25.f{054,060,066,072,078}#statistic=max_t(geavg)+offset;offset_f=+0.0549;raw_f=88.9700;spread=gespr@f072;covered_leads=48-78"
MIA,KMIA,2026-07-04,2026-07-01T00:00:00Z,76,gefs,88.6649,1.2600,"s3://noaa-gefs-pds/gefs.20260701/00/atmos/pgrb2sp25/{geavg,gespr}.t00z.pgrb2s.0p25.f{078,084,090,096,102}#statistic=max_t(geavg)+offset;offset_f=+0.0549;raw_f=88.6100;spread=gespr@f096;covered_leads=72-102"
NY,KNYC,2026-07-04,2026-07-04T00:00:00Z,4,gefs,100.3814,1.8000,"s3://noaa-gefs-pds/gefs.20260704/00/atmos/pgrb2sp25/{geavg,gespr}.t00z.pgrb2s.0p25.f{006,012,018,024,030}#statistic=max_t(geavg)+offset;offset_f=+0.2514;raw_f=100.1300;spread=gespr@f024;covered_leads=0-30"
NY,KNYC,2026-07-04,2026-07-03T00:00:00Z,28,gefs,97.5014,2.1600,"s3://noaa-gefs-pds/gefs.20260703/00/atmos/pgrb2sp25/{geavg,gespr}.t00z.pgrb2s.0p25.f{030,036,042,048,054}#statistic=max_t(geavg)+offset;offset_f=+0.2514;raw_f=97.2500;spread=gespr@f048;covered_leads=24-54"
NY,KNYC,2026-07-04,2026-07-02T00:00:00Z,52,gefs,98.5814,2.8800,"s3://noaa-gefs-pds/gefs.20260702/00/atmos/pgrb2sp25/{geavg,gespr}.t00z.pgrb2s.0p25.f{054,060,066,072,078}#statistic=max_t(geavg)+offset;offset_f=+0.2514;raw_f=98.3300;spread=gespr@f072;covered_leads=48-78"
NY,KNYC,2026-07-04,2026-07-01T00:00:00Z,76,gefs,99.3014,2.8800,"s3://noaa-gefs-pds/gefs.20260701/00/atmos/pgrb2sp25/{geavg,gespr}.t00z.pgrb2s.0p25.f{078,084,090,096,102}#statistic=max_t(geavg)+offset;offset_f=+0.2514;raw_f=99.0500;spread=gespr@f096;covered_leads=72-102"
CHI,KMDW,2026-07-05,2026-07-05T00:00:00Z,5,gefs,75.6989,2.7000,"s3://noaa-gefs-pds/gefs.20260705/00/atmos/pgrb2sp25/{geavg,gespr}.t00z.pgrb2s.0p25.f{006,012,018,024,030}#statistic=max_t(geavg)+offset;offset_f=+0.0489;raw_f=75.6500;spread=gespr@f024;covered_leads=0-30"
CHI,KMDW,2026-07-05,2026-07-04T00:00:00Z,29,gefs,80.7389,2.5200,"s3://noaa-gefs-pds/gefs.20260704/00/atmos/pgrb2sp25/{geavg,gespr}.t00z.pgrb2s.0p25.f{030,036,042,048,054}#statistic=max_t(geavg)+offset;offset_f=+0.0489;raw_f=80.6900;spread=gespr@f048;covered_leads=24-54"
CHI,KMDW,2026-07-05,2026-07-03T00:00:00Z,53,gefs,88.6589,3.4200,"s3://noaa-gefs-pds/gefs.20260703/00/atmos/pgrb2sp25/{geavg,gespr}.t00z.pgrb2s.0p25.f{054,060,066,072,078}#statistic=max_t(geavg)+offset;offset_f=+0.0489;raw_f=88.6100;spread=gespr@f072;covered_leads=48-78"
CHI,KMDW,2026-07-05,2026-07-02T00:00:00Z,77,gefs,87.9389,5.4000,"s3://noaa-gefs-pds/gefs.20260702/00/atmos/pgrb2sp25/{geavg,gespr}.t00z.pgrb2s.0p25.f{078,084,090,096,102}#statistic=max_t(geavg)+offset;offset_f=+0.0489;raw_f=87.8900;spread=gespr@f096;covered_leads=72-102"
LAX,KLAX,2026-07-05,2026-07-05T00:00:00Z,7,gefs,76.0369,0.9000,"s3://noaa-gefs-pds/gefs.20260705/00/atmos/pgrb2sp25/{geavg,gespr}.t00z.pgrb2s.0p25.f{012,018,024,030,033}#statistic=max_t(geavg)+offset;offset_f=+0.0269;raw_f=76.0100;spread=gespr@f024;covered_leads=6-33"
LAX,KLAX,2026-07-05,2026-07-04T00:00:00Z,31,gefs,74.4169,1.0800,"s3://noaa-gefs-pds/gefs.20260704/00/atmos/pgrb2sp25/{geavg,gespr}.t00z.pgrb2s.0p25.f{036,042,048,054,057}#statistic=max_t(geavg)+offset;offset_f=+0.0269;raw_f=74.3900;spread=gespr@f048;covered_leads=30-57"
LAX,KLAX,2026-07-05,2026-07-03T00:00:00Z,55,gefs,73.5169,1.2600,"s3://noaa-gefs-pds/gefs.20260703/00/atmos/pgrb2sp25/{geavg,gespr}.t00z.pgrb2s.0p25.f{060,066,072,078,081}#statistic=max_t(geavg)+offset;offset_f=+0.0269;raw_f=73.4900;spread=gespr@f072;covered_leads=54-81"
LAX,KLAX,2026-07-05,2026-07-02T00:00:00Z,79,gefs,73.5169,1.6200,"s3://noaa-gefs-pds/gefs.20260702/00/atmos/pgrb2sp25/{geavg,gespr}.t00z.pgrb2s.0p25.f{084,090,096,102,105}#statistic=max_t(geavg)+offset;offset_f=+0.0269;raw_f=73.4900;spread=gespr@f096;covered_leads=78-105"
MIA,KMIA,2026-07-05,2026-07-05T00:00:00Z,4,gefs,89.7449,0.9000,"s3://noaa-gefs-pds/gefs.20260705/00/atmos/pgrb2sp25/{geavg,gespr}.t00z.pgrb2s.0p25.f{006,012,018,024,030}#statistic=max_t(geavg)+offset;offset_f=+0.0549;raw_f=89.6900;spread=gespr@f024;covered_leads=0-30"
MIA,KMIA,2026-07-05,2026-07-04T00:00:00Z,28,gefs,89.3849,0.7200,"s3://noaa-gefs-pds/gefs.20260704/00/atmos/pgrb2sp25/{geavg,gespr}.t00z.pgrb2s.0p25.f{030,036,042,048,054}#statistic=max_t(geavg)+offset;offset_f=+0.0549;raw_f=89.3300;spread=gespr@f048;covered_leads=24-54"
MIA,KMIA,2026-07-05,2026-07-03T00:00:00Z,52,gefs,89.5649,0.9000,"s3://noaa-gefs-pds/gefs.20260703/00/atmos/pgrb2sp25/{geavg,gespr}.t00z.pgrb2s.0p25.f{054,060,066,072,078}#statistic=max_t(geavg)+offset;offset_f=+0.0549;raw_f=89.5100;spread=gespr@f072;covered_leads=48-78"
MIA,KMIA,2026-07-05,2026-07-02T00:00:00Z,76,gefs,89.2049,1.0800,"s3://noaa-gefs-pds/gefs.20260702/00/atmos/pgrb2sp25/{geavg,gespr}.t00z.pgrb2s.0p25.f{078,084,090,096,102}#statistic=max_t(geavg)+offset;offset_f=+0.0549;raw_f=89.1500;spread=gespr@f096;covered_leads=72-102"
NY,KNYC,2026-07-05,2026-07-05T00:00:00Z,4,gefs,88.3214,3.2400,"s3://noaa-gefs-pds/gefs.20260705/00/atmos/pgrb2sp25/{geavg,gespr}.t00z.pgrb2s.0p25.f{006,012,018,024,030}#statistic=max_t(geavg)+offset;offset_f=+0.2514;raw_f=88.0700;spread=gespr@f024;covered_leads=0-30"
NY,KNYC,2026-07-05,2026-07-04T00:00:00Z,28,gefs,87.6014,4.5000,"s3://noaa-gefs-pds/gefs.20260704/00/atmos/pgrb2sp25/{geavg,gespr}.t00z.pgrb2s.0p25.f{030,036,042,048,054}#statistic=max_t(geavg)+offset;offset_f=+0.2514;raw_f=87.3500;spread=gespr@f030;covered_leads=24-54"
NY,KNYC,2026-07-05,2026-07-03T00:00:00Z,52,gefs,90.3014,3.2400,"s3://noaa-gefs-pds/gefs.20260703/00/atmos/pgrb2sp25/{geavg,gespr}.t00z.pgrb2s.0p25.f{054,060,066,072,078}#statistic=max_t(geavg)+offset;offset_f=+0.2514;raw_f=90.0500;spread=gespr@f066;covered_leads=48-78"
NY,KNYC,2026-07-05,2026-07-02T00:00:00Z,76,gefs,91.2014,3.7800,"s3://noaa-gefs-pds/gefs.20260702/00/atmos/pgrb2sp25/{geavg,gespr}.t00z.pgrb2s.0p25.f{078,084,090,096,102}#statistic=max_t(geavg)+offset;offset_f=+0.2514;raw_f=90.9500;spread=gespr@f078;covered_leads=72-102"
CHI,KMDW,2026-07-06,2026-07-06T00:00:00Z,5,gefs,79.1189,1.0800,"s3://noaa-gefs-pds/gefs.20260706/00/atmos/pgrb2sp25/{geavg,gespr}.t00z.pgrb2s.0p25.f{006,012,018,024,030}#statistic=max_t(geavg)+offset;offset_f=+0.0489;raw_f=79.0700;spread=gespr@f024;covered_leads=0-30"
CHI,KMDW,2026-07-06,2026-07-05T00:00:00Z,29,gefs,78.3989,1.6200,"s3://noaa-gefs-pds/gefs.20260705/00/atmos/pgrb2sp25/{geavg,gespr}.t00z.pgrb2s.0p25.f{030,036,042,048,054}#statistic=max_t(geavg)+offset;offset_f=+0.0489;raw_f=78.3500;spread=gespr@f048;covered_leads=24-54"
CHI,KMDW,2026-07-06,2026-07-04T00:00:00Z,53,gefs,79.8389,1.8000,"s3://noaa-gefs-pds/gefs.20260704/00/atmos/pgrb2sp25/{geavg,gespr}.t00z.pgrb2s.0p25.f{054,060,066,072,078}#statistic=max_t(geavg)+offset;offset_f=+0.0489;raw_f=79.7900;spread=gespr@f072;covered_leads=48-78"
CHI,KMDW,2026-07-06,2026-07-03T00:00:00Z,77,gefs,84.6989,4.6800,"s3://noaa-gefs-pds/gefs.20260703/00/atmos/pgrb2sp25/{geavg,gespr}.t00z.pgrb2s.0p25.f{078,084,090,096,102}#statistic=max_t(geavg)+offset;offset_f=+0.0489;raw_f=84.6500;spread=gespr@f096;covered_leads=72-102"
LAX,KLAX,2026-07-06,2026-07-06T00:00:00Z,7,gefs,77.6569,1.0800,"s3://noaa-gefs-pds/gefs.20260706/00/atmos/pgrb2sp25/{geavg,gespr}.t00z.pgrb2s.0p25.f{012,018,024,030,033}#statistic=max_t(geavg)+offset;offset_f=+0.0269;raw_f=77.6300;spread=gespr@f024;covered_leads=6-33"
LAX,KLAX,2026-07-06,2026-07-05T00:00:00Z,31,gefs,76.9369,1.4400,"s3://noaa-gefs-pds/gefs.20260705/00/atmos/pgrb2sp25/{geavg,gespr}.t00z.pgrb2s.0p25.f{036,042,048,054,057}#statistic=max_t(geavg)+offset;offset_f=+0.0269;raw_f=76.9100;spread=gespr@f048;covered_leads=30-57"
LAX,KLAX,2026-07-06,2026-07-04T00:00:00Z,55,gefs,75.8569,1.4400,"s3://noaa-gefs-pds/gefs.20260704/00/atmos/pgrb2sp25/{geavg,gespr}.t00z.pgrb2s.0p25.f{060,066,072,078,081}#statistic=max_t(geavg)+offset;offset_f=+0.0269;raw_f=75.8300;spread=gespr@f072;covered_leads=54-81"
LAX,KLAX,2026-07-06,2026-07-03T00:00:00Z,79,gefs,74.9569,1.6200,"s3://noaa-gefs-pds/gefs.20260703/00/atmos/pgrb2sp25/{geavg,gespr}.t00z.pgrb2s.0p25.f{084,090,096,102,105}#statistic=max_t(geavg)+offset;offset_f=+0.0269;raw_f=74.9300;spread=gespr@f096;covered_leads=78-105"
MIA,KMIA,2026-07-06,2026-07-06T00:00:00Z,4,gefs,89.7449,0.5400,"s3://noaa-gefs-pds/gefs.20260706/00/atmos/pgrb2sp25/{geavg,gespr}.t00z.pgrb2s.0p25.f{006,012,018,024,030}#statistic=max_t(geavg)+offset;offset_f=+0.0549;raw_f=89.6900;spread=gespr@f024;covered_leads=0-30"
MIA,KMIA,2026-07-06,2026-07-05T00:00:00Z,28,gefs,89.5649,1.2600,"s3://noaa-gefs-pds/gefs.20260705/00/atmos/pgrb2sp25/{geavg,gespr}.t00z.pgrb2s.0p25.f{030,036,042,048,054}#statistic=max_t(geavg)+offset;offset_f=+0.0549;raw_f=89.5100;spread=gespr@f048;covered_leads=24-54"
MIA,KMIA,2026-07-06,2026-07-04T00:00:00Z,52,gefs,89.7449,1.4400,"s3://noaa-gefs-pds/gefs.20260704/00/atmos/pgrb2sp25/{geavg,gespr}.t00z.pgrb2s.0p25.f{054,060,066,072,078}#statistic=max_t(geavg)+offset;offset_f=+0.0549;raw_f=89.6900;spread=gespr@f072;covered_leads=48-78"
MIA,KMIA,2026-07-06,2026-07-03T00:00:00Z,76,gefs,89.3849,1.0800,"s3://noaa-gefs-pds/gefs.20260703/00/atmos/pgrb2sp25/{geavg,gespr}.t00z.pgrb2s.0p25.f{078,084,090,096,102}#statistic=max_t(geavg)+offset;offset_f=+0.0549;raw_f=89.3300;spread=gespr@f096;covered_leads=72-102"
NY,KNYC,2026-07-06,2026-07-06T00:00:00Z,4,gefs,78.6014,0.5400,"s3://noaa-gefs-pds/gefs.20260706/00/atmos/pgrb2sp25/{geavg,gespr}.t00z.pgrb2s.0p25.f{006,012,018,024,030}#statistic=max_t(geavg)+offset;offset_f=+0.2514;raw_f=78.3500;spread=gespr@f006;covered_leads=0-30"
NY,KNYC,2026-07-06,2026-07-05T00:00:00Z,28,gefs,79.3214,2.3400,"s3://noaa-gefs-pds/gefs.20260705/00/atmos/pgrb2sp25/{geavg,gespr}.t00z.pgrb2s.0p25.f{030,036,042,048,054}#statistic=max_t(geavg)+offset;offset_f=+0.2514;raw_f=79.0700;spread=gespr@f030;covered_leads=24-54"
NY,KNYC,2026-07-06,2026-07-04T00:00:00Z,52,gefs,76.4414,3.2400,"s3://noaa-gefs-pds/gefs.20260704/00/atmos/pgrb2sp25/{geavg,gespr}.t00z.pgrb2s.0p25.f{054,060,066,072,078}#statistic=max_t(geavg)+offset;offset_f=+0.2514;raw_f=76.1900;spread=gespr@f054;covered_leads=48-78"
NY,KNYC,2026-07-06,2026-07-03T00:00:00Z,76,gefs,81.4814,5.7600,"s3://noaa-gefs-pds/gefs.20260703/00/atmos/pgrb2sp25/{geavg,gespr}.t00z.pgrb2s.0p25.f{078,084,090,096,102}#statistic=max_t(geavg)+offset;offset_f=+0.2514;raw_f=81.2300;spread=gespr@f090;covered_leads=72-102"
CHI,KMDW,2026-07-07,2026-07-07T00:00:00Z,5,gefs,83.9789,1.4400,"s3://noaa-gefs-pds/gefs.20260707/00/atmos/pgrb2sp25/{geavg,gespr}.t00z.pgrb2s.0p25.f{006,012,018,024,030}#statistic=max_t(geavg)+offset;offset_f=+0.0489;raw_f=83.9300;spread=gespr@f024;covered_leads=0-30"
CHI,KMDW,2026-07-07,2026-07-06T00:00:00Z,29,gefs,83.6189,1.4400,"s3://noaa-gefs-pds/gefs.20260706/00/atmos/pgrb2sp25/{geavg,gespr}.t00z.pgrb2s.0p25.f{030,036,042,048,054}#statistic=max_t(geavg)+offset;offset_f=+0.0489;raw_f=83.5700;spread=gespr@f048;covered_leads=24-54"
CHI,KMDW,2026-07-07,2026-07-05T00:00:00Z,53,gefs,83.7989,3.4200,"s3://noaa-gefs-pds/gefs.20260705/00/atmos/pgrb2sp25/{geavg,gespr}.t00z.pgrb2s.0p25.f{054,060,066,072,078}#statistic=max_t(geavg)+offset;offset_f=+0.0489;raw_f=83.7500;spread=gespr@f072;covered_leads=48-78"
CHI,KMDW,2026-07-07,2026-07-04T00:00:00Z,77,gefs,85.0589,2.8800,"s3://noaa-gefs-pds/gefs.20260704/00/atmos/pgrb2sp25/{geavg,gespr}.t00z.pgrb2s.0p25.f{078,084,090,096,102}#statistic=max_t(geavg)+offset;offset_f=+0.0489;raw_f=85.0100;spread=gespr@f096;covered_leads=72-102"
LAX,KLAX,2026-07-07,2026-07-07T00:00:00Z,7,gefs,79.4569,0.9000,"s3://noaa-gefs-pds/gefs.20260707/00/atmos/pgrb2sp25/{geavg,gespr}.t00z.pgrb2s.0p25.f{012,018,024,030,033}#statistic=max_t(geavg)+offset;offset_f=+0.0269;raw_f=79.4300;spread=gespr@f024;covered_leads=6-33"
LAX,KLAX,2026-07-07,2026-07-06T00:00:00Z,31,gefs,79.2769,1.4400,"s3://noaa-gefs-pds/gefs.20260706/00/atmos/pgrb2sp25/{geavg,gespr}.t00z.pgrb2s.0p25.f{036,042,048,054,057}#statistic=max_t(geavg)+offset;offset_f=+0.0269;raw_f=79.2500;spread=gespr@f048;covered_leads=30-57"
LAX,KLAX,2026-07-07,2026-07-05T00:00:00Z,55,gefs,78.3769,1.4400,"s3://noaa-gefs-pds/gefs.20260705/00/atmos/pgrb2sp25/{geavg,gespr}.t00z.pgrb2s.0p25.f{060,066,072,078,081}#statistic=max_t(geavg)+offset;offset_f=+0.0269;raw_f=78.3500;spread=gespr@f072;covered_leads=54-81"
LAX,KLAX,2026-07-07,2026-07-04T00:00:00Z,79,gefs,79.2769,1.6200,"s3://noaa-gefs-pds/gefs.20260704/00/atmos/pgrb2sp25/{geavg,gespr}.t00z.pgrb2s.0p25.f{084,090,096,102,105}#statistic=max_t(geavg)+offset;offset_f=+0.0269;raw_f=79.2500;spread=gespr@f096;covered_leads=78-105"
MIA,KMIA,2026-07-07,2026-07-07T00:00:00Z,4,gefs,89.0249,0.7200,"s3://noaa-gefs-pds/gefs.20260707/00/atmos/pgrb2sp25/{geavg,gespr}.t00z.pgrb2s.0p25.f{006,012,018,024,030}#statistic=max_t(geavg)+offset;offset_f=+0.0549;raw_f=88.9700;spread=gespr@f018;covered_leads=0-30"
MIA,KMIA,2026-07-07,2026-07-06T00:00:00Z,28,gefs,89.7449,1.0800,"s3://noaa-gefs-pds/gefs.20260706/00/atmos/pgrb2sp25/{geavg,gespr}.t00z.pgrb2s.0p25.f{030,036,042,048,054}#statistic=max_t(geavg)+offset;offset_f=+0.0549;raw_f=89.6900;spread=gespr@f042;covered_leads=24-54"
MIA,KMIA,2026-07-07,2026-07-05T00:00:00Z,52,gefs,89.9249,1.4400,"s3://noaa-gefs-pds/gefs.20260705/00/atmos/pgrb2sp25/{geavg,gespr}.t00z.pgrb2s.0p25.f{054,060,066,072,078}#statistic=max_t(geavg)+offset;offset_f=+0.0549;raw_f=89.8700;spread=gespr@f066;covered_leads=48-78"
MIA,KMIA,2026-07-07,2026-07-04T00:00:00Z,76,gefs,90.2849,1.0800,"s3://noaa-gefs-pds/gefs.20260704/00/atmos/pgrb2sp25/{geavg,gespr}.t00z.pgrb2s.0p25.f{078,084,090,096,102}#statistic=max_t(geavg)+offset;offset_f=+0.0549;raw_f=90.2300;spread=gespr@f096;covered_leads=72-102"
NY,KNYC,2026-07-07,2026-07-07T00:00:00Z,4,gefs,75.9014,3.2400,"s3://noaa-gefs-pds/gefs.20260707/00/atmos/pgrb2sp25/{geavg,gespr}.t00z.pgrb2s.0p25.f{006,012,018,024,030}#statistic=max_t(geavg)+offset;offset_f=+0.2514;raw_f=75.6500;spread=gespr@f024;covered_leads=0-30"
NY,KNYC,2026-07-07,2026-07-06T00:00:00Z,28,gefs,78.0614,5.4000,"s3://noaa-gefs-pds/gefs.20260706/00/atmos/pgrb2sp25/{geavg,gespr}.t00z.pgrb2s.0p25.f{030,036,042,048,054}#statistic=max_t(geavg)+offset;offset_f=+0.2514;raw_f=77.8100;spread=gespr@f048;covered_leads=24-54"
NY,KNYC,2026-07-07,2026-07-05T00:00:00Z,52,gefs,76.2614,6.1200,"s3://noaa-gefs-pds/gefs.20260705/00/atmos/pgrb2sp25/{geavg,gespr}.t00z.pgrb2s.0p25.f{054,060,066,072,078}#statistic=max_t(geavg)+offset;offset_f=+0.2514;raw_f=76.0100;spread=gespr@f072;covered_leads=48-78"
NY,KNYC,2026-07-07,2026-07-04T00:00:00Z,76,gefs,78.0614,6.4800,"s3://noaa-gefs-pds/gefs.20260704/00/atmos/pgrb2sp25/{geavg,gespr}.t00z.pgrb2s.0p25.f{078,084,090,096,102}#statistic=max_t(geavg)+offset;offset_f=+0.2514;raw_f=77.8100;spread=gespr@f096;covered_leads=72-102"
CHI,KMDW,2026-07-08,2026-07-08T00:00:00Z,5,gefs,88.2989,1.6200,"s3://noaa-gefs-pds/gefs.20260708/00/atmos/pgrb2sp25/{geavg,gespr}.t00z.pgrb2s.0p25.f{006,012,018,024,030}#statistic=max_t(geavg)+offset;offset_f=+0.0489;raw_f=88.2500;spread=gespr@f024;covered_leads=0-30"
CHI,KMDW,2026-07-08,2026-07-07T00:00:00Z,29,gefs,88.2989,1.6200,"s3://noaa-gefs-pds/gefs.20260707/00/atmos/pgrb2sp25/{geavg,gespr}.t00z.pgrb2s.0p25.f{030,036,042,048,054}#statistic=max_t(geavg)+offset;offset_f=+0.0489;raw_f=88.2500;spread=gespr@f048;covered_leads=24-54"
CHI,KMDW,2026-07-08,2026-07-06T00:00:00Z,53,gefs,87.9389,2.3400,"s3://noaa-gefs-pds/gefs.20260706/00/atmos/pgrb2sp25/{geavg,gespr}.t00z.pgrb2s.0p25.f{054,060,066,072,078}#statistic=max_t(geavg)+offset;offset_f=+0.0489;raw_f=87.8900;spread=gespr@f072;covered_leads=48-78"
CHI,KMDW,2026-07-08,2026-07-05T00:00:00Z,77,gefs,86.4989,1.8000,"s3://noaa-gefs-pds/gefs.20260705/00/atmos/pgrb2sp25/{geavg,gespr}.t00z.pgrb2s.0p25.f{078,084,090,096,102}#statistic=max_t(geavg)+offset;offset_f=+0.0489;raw_f=86.4500;spread=gespr@f096;covered_leads=72-102"
LAX,KLAX,2026-07-08,2026-07-08T00:00:00Z,7,gefs,81.2569,0.9000,"s3://noaa-gefs-pds/gefs.20260708/00/atmos/pgrb2sp25/{geavg,gespr}.t00z.pgrb2s.0p25.f{012,018,024,030,033}#statistic=max_t(geavg)+offset;offset_f=+0.0269;raw_f=81.2300;spread=gespr@f024;covered_leads=6-33"
LAX,KLAX,2026-07-08,2026-07-07T00:00:00Z,31,gefs,82.3369,1.9800,"s3://noaa-gefs-pds/gefs.20260707/00/atmos/pgrb2sp25/{geavg,gespr}.t00z.pgrb2s.0p25.f{036,042,048,054,057}#statistic=max_t(geavg)+offset;offset_f=+0.0269;raw_f=82.3100;spread=gespr@f048;covered_leads=30-57"
LAX,KLAX,2026-07-08,2026-07-06T00:00:00Z,55,gefs,81.4369,2.1600,"s3://noaa-gefs-pds/gefs.20260706/00/atmos/pgrb2sp25/{geavg,gespr}.t00z.pgrb2s.0p25.f{060,066,072,078,081}#statistic=max_t(geavg)+offset;offset_f=+0.0269;raw_f=81.4100;spread=gespr@f072;covered_leads=54-81"
LAX,KLAX,2026-07-08,2026-07-05T00:00:00Z,79,gefs,81.0769,1.8000,"s3://noaa-gefs-pds/gefs.20260705/00/atmos/pgrb2sp25/{geavg,gespr}.t00z.pgrb2s.0p25.f{084,090,096,102,105}#statistic=max_t(geavg)+offset;offset_f=+0.0269;raw_f=81.0500;spread=gespr@f096;covered_leads=78-105"
MIA,KMIA,2026-07-08,2026-07-08T00:00:00Z,4,gefs,89.9249,0.9000,"s3://noaa-gefs-pds/gefs.20260708/00/atmos/pgrb2sp25/{geavg,gespr}.t00z.pgrb2s.0p25.f{006,012,018,024,030}#statistic=max_t(geavg)+offset;offset_f=+0.0549;raw_f=89.8700;spread=gespr@f024;covered_leads=0-30"
MIA,KMIA,2026-07-08,2026-07-07T00:00:00Z,28,gefs,89.5649,0.7200,"s3://noaa-gefs-pds/gefs.20260707/00/atmos/pgrb2sp25/{geavg,gespr}.t00z.pgrb2s.0p25.f{030,036,042,048,054}#statistic=max_t(geavg)+offset;offset_f=+0.0549;raw_f=89.5100;spread=gespr@f048;covered_leads=24-54"
MIA,KMIA,2026-07-08,2026-07-06T00:00:00Z,52,gefs,89.2049,1.9800,"s3://noaa-gefs-pds/gefs.20260706/00/atmos/pgrb2sp25/{geavg,gespr}.t00z.pgrb2s.0p25.f{054,060,066,072,078}#statistic=max_t(geavg)+offset;offset_f=+0.0549;raw_f=89.1500;spread=gespr@f072;covered_leads=48-78"
MIA,KMIA,2026-07-08,2026-07-05T00:00:00Z,76,gefs,89.7449,1.6200,"s3://noaa-gefs-pds/gefs.20260705/00/atmos/pgrb2sp25/{geavg,gespr}.t00z.pgrb2s.0p25.f{078,084,090,096,102}#statistic=max_t(geavg)+offset;offset_f=+0.0549;raw_f=89.6900;spread=gespr@f096;covered_leads=72-102"
NY,KNYC,2026-07-08,2026-07-08T00:00:00Z,4,gefs,88.5014,2.3400,"s3://noaa-gefs-pds/gefs.20260708/00/atmos/pgrb2sp25/{geavg,gespr}.t00z.pgrb2s.0p25.f{006,012,018,024,030}#statistic=max_t(geavg)+offset;offset_f=+0.2514;raw_f=88.2500;spread=gespr@f024;covered_leads=0-30"
NY,KNYC,2026-07-08,2026-07-07T00:00:00Z,28,gefs,84.3614,3.2400,"s3://noaa-gefs-pds/gefs.20260707/00/atmos/pgrb2sp25/{geavg,gespr}.t00z.pgrb2s.0p25.f{030,036,042,048,054}#statistic=max_t(geavg)+offset;offset_f=+0.2514;raw_f=84.1100;spread=gespr@f048;covered_leads=24-54"
NY,KNYC,2026-07-08,2026-07-06T00:00:00Z,52,gefs,85.8014,3.2400,"s3://noaa-gefs-pds/gefs.20260706/00/atmos/pgrb2sp25/{geavg,gespr}.t00z.pgrb2s.0p25.f{054,060,066,072,078}#statistic=max_t(geavg)+offset;offset_f=+0.2514;raw_f=85.5500;spread=gespr@f072;covered_leads=48-78"
NY,KNYC,2026-07-08,2026-07-05T00:00:00Z,76,gefs,82.9214,4.3200,"s3://noaa-gefs-pds/gefs.20260705/00/atmos/pgrb2sp25/{geavg,gespr}.t00z.pgrb2s.0p25.f{078,084,090,096,102}#statistic=max_t(geavg)+offset;offset_f=+0.2514;raw_f=82.6700;spread=gespr@f096;covered_leads=72-102"
CHI,KMDW,2026-07-09,2026-07-09T00:00:00Z,5,gefs,85.2389,1.4400,"s3://noaa-gefs-pds/gefs.20260709/00/atmos/pgrb2sp25/{geavg,gespr}.t00z.pgrb2s.0p25.f{006,012,018,024,030}#statistic=max_t(geavg)+offset;offset_f=+0.0489;raw_f=85.1900;spread=gespr@f024;covered_leads=0-30"
CHI,KMDW,2026-07-09,2026-07-08T00:00:00Z,29,gefs,87.0389,2.3400,"s3://noaa-gefs-pds/gefs.20260708/00/atmos/pgrb2sp25/{geavg,gespr}.t00z.pgrb2s.0p25.f{030,036,042,048,054}#statistic=max_t(geavg)+offset;offset_f=+0.0489;raw_f=86.9900;spread=gespr@f048;covered_leads=24-54"
CHI,KMDW,2026-07-09,2026-07-07T00:00:00Z,53,gefs,87.2189,2.1600,"s3://noaa-gefs-pds/gefs.20260707/00/atmos/pgrb2sp25/{geavg,gespr}.t00z.pgrb2s.0p25.f{054,060,066,072,078}#statistic=max_t(geavg)+offset;offset_f=+0.0489;raw_f=87.1700;spread=gespr@f072;covered_leads=48-78"
CHI,KMDW,2026-07-09,2026-07-06T00:00:00Z,77,gefs,88.2989,1.6200,"s3://noaa-gefs-pds/gefs.20260706/00/atmos/pgrb2sp25/{geavg,gespr}.t00z.pgrb2s.0p25.f{078,084,090,096,102}#statistic=max_t(geavg)+offset;offset_f=+0.0489;raw_f=88.2500;spread=gespr@f096;covered_leads=72-102"
LAX,KLAX,2026-07-09,2026-07-09T00:00:00Z,7,gefs,81.6169,0.9000,"s3://noaa-gefs-pds/gefs.20260709/00/atmos/pgrb2sp25/{geavg,gespr}.t00z.pgrb2s.0p25.f{012,018,024,030,033}#statistic=max_t(geavg)+offset;offset_f=+0.0269;raw_f=81.5900;spread=gespr@f024;covered_leads=6-33"
LAX,KLAX,2026-07-09,2026-07-08T00:00:00Z,31,gefs,83.2369,1.4400,"s3://noaa-gefs-pds/gefs.20260708/00/atmos/pgrb2sp25/{geavg,gespr}.t00z.pgrb2s.0p25.f{036,042,048,054,057}#statistic=max_t(geavg)+offset;offset_f=+0.0269;raw_f=83.2100;spread=gespr@f048;covered_leads=30-57"
LAX,KLAX,2026-07-09,2026-07-07T00:00:00Z,55,gefs,83.5969,2.7000,"s3://noaa-gefs-pds/gefs.20260707/00/atmos/pgrb2sp25/{geavg,gespr}.t00z.pgrb2s.0p25.f{060,066,072,078,081}#statistic=max_t(geavg)+offset;offset_f=+0.0269;raw_f=83.5700;spread=gespr@f072;covered_leads=54-81"
LAX,KLAX,2026-07-09,2026-07-06T00:00:00Z,79,gefs,82.6969,2.5200,"s3://noaa-gefs-pds/gefs.20260706/00/atmos/pgrb2sp25/{geavg,gespr}.t00z.pgrb2s.0p25.f{084,090,096,102,105}#statistic=max_t(geavg)+offset;offset_f=+0.0269;raw_f=82.6700;spread=gespr@f096;covered_leads=78-105"
MIA,KMIA,2026-07-09,2026-07-09T00:00:00Z,4,gefs,89.9249,0.5400,"s3://noaa-gefs-pds/gefs.20260709/00/atmos/pgrb2sp25/{geavg,gespr}.t00z.pgrb2s.0p25.f{006,012,018,024,030}#statistic=max_t(geavg)+offset;offset_f=+0.0549;raw_f=89.8700;spread=gespr@f024;covered_leads=0-30"
MIA,KMIA,2026-07-09,2026-07-08T00:00:00Z,28,gefs,89.3849,0.9000,"s3://noaa-gefs-pds/gefs.20260708/00/atmos/pgrb2sp25/{geavg,gespr}.t00z.pgrb2s.0p25.f{030,036,042,048,054}#statistic=max_t(geavg)+offset;offset_f=+0.0549;raw_f=89.3300;spread=gespr@f048;covered_leads=24-54"
MIA,KMIA,2026-07-09,2026-07-07T00:00:00Z,52,gefs,89.0249,1.0800,"s3://noaa-gefs-pds/gefs.20260707/00/atmos/pgrb2sp25/{geavg,gespr}.t00z.pgrb2s.0p25.f{054,060,066,072,078}#statistic=max_t(geavg)+offset;offset_f=+0.0549;raw_f=88.9700;spread=gespr@f072;covered_leads=48-78"
MIA,KMIA,2026-07-09,2026-07-06T00:00:00Z,76,gefs,89.9249,1.9800,"s3://noaa-gefs-pds/gefs.20260706/00/atmos/pgrb2sp25/{geavg,gespr}.t00z.pgrb2s.0p25.f{078,084,090,096,102}#statistic=max_t(geavg)+offset;offset_f=+0.0549;raw_f=89.8700;spread=gespr@f096;covered_leads=72-102"
NY,KNYC,2026-07-09,2026-07-09T00:00:00Z,4,gefs,90.3014,1.0800,"s3://noaa-gefs-pds/gefs.20260709/00/atmos/pgrb2sp25/{geavg,gespr}.t00z.pgrb2s.0p25.f{006,012,018,024,030}#statistic=max_t(geavg)+offset;offset_f=+0.2514;raw_f=90.0500;spread=gespr@f024;covered_leads=0-30"
NY,KNYC,2026-07-09,2026-07-08T00:00:00Z,28,gefs,88.6814,2.3400,"s3://noaa-gefs-pds/gefs.20260708/00/atmos/pgrb2sp25/{geavg,gespr}.t00z.pgrb2s.0p25.f{030,036,042,048,054}#statistic=max_t(geavg)+offset;offset_f=+0.2514;raw_f=88.4300;spread=gespr@f042;covered_leads=24-54"
NY,KNYC,2026-07-09,2026-07-07T00:00:00Z,52,gefs,84.9014,3.4200,"s3://noaa-gefs-pds/gefs.20260707/00/atmos/pgrb2sp25/{geavg,gespr}.t00z.pgrb2s.0p25.f{054,060,066,072,078}#statistic=max_t(geavg)+offset;offset_f=+0.2514;raw_f=84.6500;spread=gespr@f072;covered_leads=48-78"
NY,KNYC,2026-07-09,2026-07-06T00:00:00Z,76,gefs,88.3214,5.2200,"s3://noaa-gefs-pds/gefs.20260706/00/atmos/pgrb2sp25/{geavg,gespr}.t00z.pgrb2s.0p25.f{078,084,090,096,102}#statistic=max_t(geavg)+offset;offset_f=+0.2514;raw_f=88.0700;spread=gespr@f096;covered_leads=72-102"
CHI,KMDW,2026-07-10,2026-07-10T00:00:00Z,5,gefs,82.8989,1.4400,"s3://noaa-gefs-pds/gefs.20260710/00/atmos/pgrb2sp25/{geavg,gespr}.t00z.pgrb2s.0p25.f{006,012,018,024,030}#statistic=max_t(geavg)+offset;offset_f=+0.0489;raw_f=82.8500;spread=gespr@f024;covered_leads=0-30"
CHI,KMDW,2026-07-10,2026-07-09T00:00:00Z,29,gefs,81.2789,1.8000,"s3://noaa-gefs-pds/gefs.20260709/00/atmos/pgrb2sp25/{geavg,gespr}.t00z.pgrb2s.0p25.f{030,036,042,048,054}#statistic=max_t(geavg)+offset;offset_f=+0.0489;raw_f=81.2300;spread=gespr@f048;covered_leads=24-54"
CHI,KMDW,2026-07-10,2026-07-08T00:00:00Z,53,gefs,82.5389,2.7000,"s3://noaa-gefs-pds/gefs.20260708/00/atmos/pgrb2sp25/{geavg,gespr}.t00z.pgrb2s.0p25.f{054,060,066,072,078}#statistic=max_t(geavg)+offset;offset_f=+0.0489;raw_f=82.4900;spread=gespr@f072;covered_leads=48-78"
CHI,KMDW,2026-07-10,2026-07-07T00:00:00Z,77,gefs,83.7989,4.3200,"s3://noaa-gefs-pds/gefs.20260707/00/atmos/pgrb2sp25/{geavg,gespr}.t00z.pgrb2s.0p25.f{078,084,090,096,102}#statistic=max_t(geavg)+offset;offset_f=+0.0489;raw_f=83.7500;spread=gespr@f096;covered_leads=72-102"
LAX,KLAX,2026-07-10,2026-07-10T00:00:00Z,7,gefs,78.5569,0.9000,"s3://noaa-gefs-pds/gefs.20260710/00/atmos/pgrb2sp25/{geavg,gespr}.t00z.pgrb2s.0p25.f{012,018,024,030,033}#statistic=max_t(geavg)+offset;offset_f=+0.0269;raw_f=78.5300;spread=gespr@f024;covered_leads=6-33"
LAX,KLAX,2026-07-10,2026-07-09T00:00:00Z,31,gefs,81.9769,1.2600,"s3://noaa-gefs-pds/gefs.20260709/00/atmos/pgrb2sp25/{geavg,gespr}.t00z.pgrb2s.0p25.f{036,042,048,054,057}#statistic=max_t(geavg)+offset;offset_f=+0.0269;raw_f=81.9500;spread=gespr@f048;covered_leads=30-57"
LAX,KLAX,2026-07-10,2026-07-08T00:00:00Z,55,gefs,81.6169,1.8000,"s3://noaa-gefs-pds/gefs.20260708/00/atmos/pgrb2sp25/{geavg,gespr}.t00z.pgrb2s.0p25.f{060,066,072,078,081}#statistic=max_t(geavg)+offset;offset_f=+0.0269;raw_f=81.5900;spread=gespr@f072;covered_leads=54-81"
LAX,KLAX,2026-07-10,2026-07-07T00:00:00Z,79,gefs,81.6169,2.3400,"s3://noaa-gefs-pds/gefs.20260707/00/atmos/pgrb2sp25/{geavg,gespr}.t00z.pgrb2s.0p25.f{084,090,096,102,105}#statistic=max_t(geavg)+offset;offset_f=+0.0269;raw_f=81.5900;spread=gespr@f096;covered_leads=78-105"
MIA,KMIA,2026-07-10,2026-07-10T00:00:00Z,4,gefs,89.5649,0.7200,"s3://noaa-gefs-pds/gefs.20260710/00/atmos/pgrb2sp25/{geavg,gespr}.t00z.pgrb2s.0p25.f{006,012,018,024,030}#statistic=max_t(geavg)+offset;offset_f=+0.0549;raw_f=89.5100;spread=gespr@f024;covered_leads=0-30"
MIA,KMIA,2026-07-10,2026-07-09T00:00:00Z,28,gefs,89.7449,0.9000,"s3://noaa-gefs-pds/gefs.20260709/00/atmos/pgrb2sp25/{geavg,gespr}.t00z.pgrb2s.0p25.f{030,036,042,048,054}#statistic=max_t(geavg)+offset;offset_f=+0.0549;raw_f=89.6900;spread=gespr@f048;covered_leads=24-54"
MIA,KMIA,2026-07-10,2026-07-08T00:00:00Z,52,gefs,89.5649,0.7200,"s3://noaa-gefs-pds/gefs.20260708/00/atmos/pgrb2sp25/{geavg,gespr}.t00z.pgrb2s.0p25.f{054,060,066,072,078}#statistic=max_t(geavg)+offset;offset_f=+0.0549;raw_f=89.5100;spread=gespr@f072;covered_leads=48-78"
MIA,KMIA,2026-07-10,2026-07-07T00:00:00Z,76,gefs,89.5649,1.0800,"s3://noaa-gefs-pds/gefs.20260707/00/atmos/pgrb2sp25/{geavg,gespr}.t00z.pgrb2s.0p25.f{078,084,090,096,102}#statistic=max_t(geavg)+offset;offset_f=+0.0549;raw_f=89.5100;spread=gespr@f096;covered_leads=72-102"
NY,KNYC,2026-07-10,2026-07-10T00:00:00Z,4,gefs,90.8414,1.6200,"s3://noaa-gefs-pds/gefs.20260710/00/atmos/pgrb2sp25/{geavg,gespr}.t00z.pgrb2s.0p25.f{006,012,018,024,030}#statistic=max_t(geavg)+offset;offset_f=+0.2514;raw_f=90.5900;spread=gespr@f024;covered_leads=0-30"
NY,KNYC,2026-07-10,2026-07-09T00:00:00Z,28,gefs,93.0014,1.4400,"s3://noaa-gefs-pds/gefs.20260709/00/atmos/pgrb2sp25/{geavg,gespr}.t00z.pgrb2s.0p25.f{030,036,042,048,054}#statistic=max_t(geavg)+offset;offset_f=+0.2514;raw_f=92.7500;spread=gespr@f048;covered_leads=24-54"
NY,KNYC,2026-07-10,2026-07-08T00:00:00Z,52,gefs,93.3614,2.8800,"s3://noaa-gefs-pds/gefs.20260708/00/atmos/pgrb2sp25/{geavg,gespr}.t00z.pgrb2s.0p25.f{054,060,066,072,078}#statistic=max_t(geavg)+offset;offset_f=+0.2514;raw_f=93.1100;spread=gespr@f072;covered_leads=48-78"
NY,KNYC,2026-07-10,2026-07-07T00:00:00Z,76,gefs,92.6414,3.9600,"s3://noaa-gefs-pds/gefs.20260707/00/atmos/pgrb2sp25/{geavg,gespr}.t00z.pgrb2s.0p25.f{078,084,090,096,102}#statistic=max_t(geavg)+offset;offset_f=+0.2514;raw_f=92.3900;spread=gespr@f096;covered_leads=72-102"
CHI,KMDW,2026-07-11,2026-07-11T00:00:00Z,5,gefs,81.8189,0.7200,"s3://noaa-gefs-pds/gefs.20260711/00/atmos/pgrb2sp25/{geavg,gespr}.t00z.pgrb2s.0p25.f{006,012,018,024,030}#statistic=max_t(geavg)+offset;offset_f=+0.0489;raw_f=81.7700;spread=gespr@f024;covered_leads=0-30"
CHI,KMDW,2026-07-11,2026-07-10T00:00:00Z,29,gefs,83.9789,1.6200,"s3://noaa-gefs-pds/gefs.20260710/00/atmos/pgrb2sp25/{geavg,gespr}.t00z.pgrb2s.0p25.f{030,036,042,048,054}#statistic=max_t(geavg)+offset;offset_f=+0.0489;raw_f=83.9300;spread=gespr@f048;covered_leads=24-54"
CHI,KMDW,2026-07-11,2026-07-09T00:00:00Z,53,gefs,82.8989,3.0600,"s3://noaa-gefs-pds/gefs.20260709/00/atmos/pgrb2sp25/{geavg,gespr}.t00z.pgrb2s.0p25.f{054,060,066,072,078}#statistic=max_t(geavg)+offset;offset_f=+0.0489;raw_f=82.8500;spread=gespr@f072;covered_leads=48-78"
CHI,KMDW,2026-07-11,2026-07-08T00:00:00Z,77,gefs,83.7989,2.3400,"s3://noaa-gefs-pds/gefs.20260708/00/atmos/pgrb2sp25/{geavg,gespr}.t00z.pgrb2s.0p25.f{078,084,090,096,102}#statistic=max_t(geavg)+offset;offset_f=+0.0489;raw_f=83.7500;spread=gespr@f096;covered_leads=72-102"
LAX,KLAX,2026-07-11,2026-07-11T00:00:00Z,7,gefs,76.9369,0.9000,"s3://noaa-gefs-pds/gefs.20260711/00/atmos/pgrb2sp25/{geavg,gespr}.t00z.pgrb2s.0p25.f{012,018,024,030,033}#statistic=max_t(geavg)+offset;offset_f=+0.0269;raw_f=76.9100;spread=gespr@f024;covered_leads=6-33"
LAX,KLAX,2026-07-11,2026-07-10T00:00:00Z,31,gefs,79.8169,0.9000,"s3://noaa-gefs-pds/gefs.20260710/00/atmos/pgrb2sp25/{geavg,gespr}.t00z.pgrb2s.0p25.f{036,042,048,054,057}#statistic=max_t(geavg)+offset;offset_f=+0.0269;raw_f=79.7900;spread=gespr@f048;covered_leads=30-57"
LAX,KLAX,2026-07-11,2026-07-09T00:00:00Z,55,gefs,80.8969,1.6200,"s3://noaa-gefs-pds/gefs.20260709/00/atmos/pgrb2sp25/{geavg,gespr}.t00z.pgrb2s.0p25.f{060,066,072,078,081}#statistic=max_t(geavg)+offset;offset_f=+0.0269;raw_f=80.8700;spread=gespr@f072;covered_leads=54-81"
LAX,KLAX,2026-07-11,2026-07-08T00:00:00Z,79,gefs,81.0769,1.4400,"s3://noaa-gefs-pds/gefs.20260708/00/atmos/pgrb2sp25/{geavg,gespr}.t00z.pgrb2s.0p25.f{084,090,096,102,105}#statistic=max_t(geavg)+offset;offset_f=+0.0269;raw_f=81.0500;spread=gespr@f096;covered_leads=78-105"
MIA,KMIA,2026-07-11,2026-07-11T00:00:00Z,4,gefs,91.1849,0.9000,"s3://noaa-gefs-pds/gefs.20260711/00/atmos/pgrb2sp25/{geavg,gespr}.t00z.pgrb2s.0p25.f{006,012,018,024,030}#statistic=max_t(geavg)+offset;offset_f=+0.0549;raw_f=91.1300;spread=gespr@f024;covered_leads=0-30"
MIA,KMIA,2026-07-11,2026-07-10T00:00:00Z,28,gefs,90.8249,1.2600,"s3://noaa-gefs-pds/gefs.20260710/00/atmos/pgrb2sp25/{geavg,gespr}.t00z.pgrb2s.0p25.f{030,036,042,048,054}#statistic=max_t(geavg)+offset;offset_f=+0.0549;raw_f=90.7700;spread=gespr@f048;covered_leads=24-54"
MIA,KMIA,2026-07-11,2026-07-09T00:00:00Z,52,gefs,90.1049,1.2600,"s3://noaa-gefs-pds/gefs.20260709/00/atmos/pgrb2sp25/{geavg,gespr}.t00z.pgrb2s.0p25.f{054,060,066,072,078}#statistic=max_t(geavg)+offset;offset_f=+0.0549;raw_f=90.0500;spread=gespr@f072;covered_leads=48-78"
MIA,KMIA,2026-07-11,2026-07-08T00:00:00Z,76,gefs,89.9249,1.0800,"s3://noaa-gefs-pds/gefs.20260708/00/atmos/pgrb2sp25/{geavg,gespr}.t00z.pgrb2s.0p25.f{078,084,090,096,102}#statistic=max_t(geavg)+offset;offset_f=+0.0549;raw_f=89.8700;spread=gespr@f096;covered_leads=72-102"
NY,KNYC,2026-07-11,2026-07-11T00:00:00Z,4,gefs,85.8014,1.6200,"s3://noaa-gefs-pds/gefs.20260711/00/atmos/pgrb2sp25/{geavg,gespr}.t00z.pgrb2s.0p25.f{006,012,018,024,030}#statistic=max_t(geavg)+offset;offset_f=+0.2514;raw_f=85.5500;spread=gespr@f024;covered_leads=0-30"
NY,KNYC,2026-07-11,2026-07-10T00:00:00Z,28,gefs,86.7014,2.7000,"s3://noaa-gefs-pds/gefs.20260710/00/atmos/pgrb2sp25/{geavg,gespr}.t00z.pgrb2s.0p25.f{030,036,042,048,054}#statistic=max_t(geavg)+offset;offset_f=+0.2514;raw_f=86.4500;spread=gespr@f048;covered_leads=24-54"
NY,KNYC,2026-07-11,2026-07-09T00:00:00Z,52,gefs,87.7814,1.9800,"s3://noaa-gefs-pds/gefs.20260709/00/atmos/pgrb2sp25/{geavg,gespr}.t00z.pgrb2s.0p25.f{054,060,066,072,078}#statistic=max_t(geavg)+offset;offset_f=+0.2514;raw_f=87.5300;spread=gespr@f066;covered_leads=48-78"
NY,KNYC,2026-07-11,2026-07-08T00:00:00Z,76,gefs,88.1414,2.8800,"s3://noaa-gefs-pds/gefs.20260708/00/atmos/pgrb2sp25/{geavg,gespr}.t00z.pgrb2s.0p25.f{078,084,090,096,102}#statistic=max_t(geavg)+offset;offset_f=+0.2514;raw_f=87.8900;spread=gespr@f096;covered_leads=72-102"
CHI,KMDW,2026-07-12,2026-07-12T00:00:00Z,5,gefs,83.7989,0.9000,"s3://noaa-gefs-pds/gefs.20260712/00/atmos/pgrb2sp25/{geavg,gespr}.t00z.pgrb2s.0p25.f{006,012,018,024,030}#statistic=max_t(geavg)+offset;offset_f=+0.0489;raw_f=83.7500;spread=gespr@f024;covered_leads=0-30"
CHI,KMDW,2026-07-12,2026-07-11T00:00:00Z,29,gefs,83.0789,1.9800,"s3://noaa-gefs-pds/gefs.20260711/00/atmos/pgrb2sp25/{geavg,gespr}.t00z.pgrb2s.0p25.f{030,036,042,048,054}#statistic=max_t(geavg)+offset;offset_f=+0.0489;raw_f=83.0300;spread=gespr@f048;covered_leads=24-54"
CHI,KMDW,2026-07-12,2026-07-10T00:00:00Z,53,gefs,85.0589,2.5200,"s3://noaa-gefs-pds/gefs.20260710/00/atmos/pgrb2sp25/{geavg,gespr}.t00z.pgrb2s.0p25.f{054,060,066,072,078}#statistic=max_t(geavg)+offset;offset_f=+0.0489;raw_f=85.0100;spread=gespr@f072;covered_leads=48-78"
CHI,KMDW,2026-07-12,2026-07-09T00:00:00Z,77,gefs,85.0589,3.4200,"s3://noaa-gefs-pds/gefs.20260709/00/atmos/pgrb2sp25/{geavg,gespr}.t00z.pgrb2s.0p25.f{078,084,090,096,102}#statistic=max_t(geavg)+offset;offset_f=+0.0489;raw_f=85.0100;spread=gespr@f096;covered_leads=72-102"
LAX,KLAX,2026-07-12,2026-07-12T00:00:00Z,7,gefs,80.5369,1.2600,"s3://noaa-gefs-pds/gefs.20260712/00/atmos/pgrb2sp25/{geavg,gespr}.t00z.pgrb2s.0p25.f{012,018,024,030,033}#statistic=max_t(geavg)+offset;offset_f=+0.0269;raw_f=80.5100;spread=gespr@f024;covered_leads=6-33"
LAX,KLAX,2026-07-12,2026-07-11T00:00:00Z,31,gefs,79.8169,1.2600,"s3://noaa-gefs-pds/gefs.20260711/00/atmos/pgrb2sp25/{geavg,gespr}.t00z.pgrb2s.0p25.f{036,042,048,054,057}#statistic=max_t(geavg)+offset;offset_f=+0.0269;raw_f=79.7900;spread=gespr@f048;covered_leads=30-57"
LAX,KLAX,2026-07-12,2026-07-10T00:00:00Z,55,gefs,81.4369,1.8000,"s3://noaa-gefs-pds/gefs.20260710/00/atmos/pgrb2sp25/{geavg,gespr}.t00z.pgrb2s.0p25.f{060,066,072,078,081}#statistic=max_t(geavg)+offset;offset_f=+0.0269;raw_f=81.4100;spread=gespr@f072;covered_leads=54-81"
LAX,KLAX,2026-07-12,2026-07-09T00:00:00Z,79,gefs,81.7969,2.8800,"s3://noaa-gefs-pds/gefs.20260709/00/atmos/pgrb2sp25/{geavg,gespr}.t00z.pgrb2s.0p25.f{084,090,096,102,105}#statistic=max_t(geavg)+offset;offset_f=+0.0269;raw_f=81.7700;spread=gespr@f096;covered_leads=78-105"
MIA,KMIA,2026-07-12,2026-07-12T00:00:00Z,4,gefs,91.0049,1.0800,"s3://noaa-gefs-pds/gefs.20260712/00/atmos/pgrb2sp25/{geavg,gespr}.t00z.pgrb2s.0p25.f{006,012,018,024,030}#statistic=max_t(geavg)+offset;offset_f=+0.0549;raw_f=90.9500;spread=gespr@f024;covered_leads=0-30"
MIA,KMIA,2026-07-12,2026-07-11T00:00:00Z,28,gefs,91.0049,1.2600,"s3://noaa-gefs-pds/gefs.20260711/00/atmos/pgrb2sp25/{geavg,gespr}.t00z.pgrb2s.0p25.f{030,036,042,048,054}#statistic=max_t(geavg)+offset;offset_f=+0.0549;raw_f=90.9500;spread=gespr@f048;covered_leads=24-54"
MIA,KMIA,2026-07-12,2026-07-10T00:00:00Z,52,gefs,91.3649,1.2600,"s3://noaa-gefs-pds/gefs.20260710/00/atmos/pgrb2sp25/{geavg,gespr}.t00z.pgrb2s.0p25.f{054,060,066,072,078}#statistic=max_t(geavg)+offset;offset_f=+0.0549;raw_f=91.3100;spread=gespr@f072;covered_leads=48-78"
MIA,KMIA,2026-07-12,2026-07-09T00:00:00Z,76,gefs,90.6449,1.4400,"s3://noaa-gefs-pds/gefs.20260709/00/atmos/pgrb2sp25/{geavg,gespr}.t00z.pgrb2s.0p25.f{078,084,090,096,102}#statistic=max_t(geavg)+offset;offset_f=+0.0549;raw_f=90.5900;spread=gespr@f096;covered_leads=72-102"
NY,KNYC,2026-07-12,2026-07-12T00:00:00Z,4,gefs,86.8814,1.2600,"s3://noaa-gefs-pds/gefs.20260712/00/atmos/pgrb2sp25/{geavg,gespr}.t00z.pgrb2s.0p25.f{006,012,018,024,030}#statistic=max_t(geavg)+offset;offset_f=+0.2514;raw_f=86.6300;spread=gespr@f018;covered_leads=0-30"
NY,KNYC,2026-07-12,2026-07-11T00:00:00Z,28,gefs,86.1614,1.9800,"s3://noaa-gefs-pds/gefs.20260711/00/atmos/pgrb2sp25/{geavg,gespr}.t00z.pgrb2s.0p25.f{030,036,042,048,054}#statistic=max_t(geavg)+offset;offset_f=+0.2514;raw_f=85.9100;spread=gespr@f048;covered_leads=24-54"
NY,KNYC,2026-07-12,2026-07-10T00:00:00Z,52,gefs,87.2414,2.1600,"s3://noaa-gefs-pds/gefs.20260710/00/atmos/pgrb2sp25/{geavg,gespr}.t00z.pgrb2s.0p25.f{054,060,066,072,078}#statistic=max_t(geavg)+offset;offset_f=+0.2514;raw_f=86.9900;spread=gespr@f072;covered_leads=48-78"
NY,KNYC,2026-07-12,2026-07-09T00:00:00Z,76,gefs,85.4414,2.1600,"s3://noaa-gefs-pds/gefs.20260709/00/atmos/pgrb2sp25/{geavg,gespr}.t00z.pgrb2s.0p25.f{078,084,090,096,102}#statistic=max_t(geavg)+offset;offset_f=+0.2514;raw_f=85.1900;spread=gespr@f090;covered_leads=72-102"
CHI,KMDW,2026-07-13,2026-07-13T00:00:00Z,5,gefs,92.2589,0.9000,"s3://noaa-gefs-pds/gefs.20260713/00/atmos/pgrb2sp25/{geavg,gespr}.t00z.pgrb2s.0p25.f{006,012,018,024,030}#statistic=max_t(geavg)+offset;offset_f=+0.0489;raw_f=92.2100;spread=gespr@f024;covered_leads=0-30"
CHI,KMDW,2026-07-13,2026-07-12T00:00:00Z,29,gefs,90.8189,1.9800,"s3://noaa-gefs-pds/gefs.20260712/00/atmos/pgrb2sp25/{geavg,gespr}.t00z.pgrb2s.0p25.f{030,036,042,048,054}#statistic=max_t(geavg)+offset;offset_f=+0.0489;raw_f=90.7700;spread=gespr@f048;covered_leads=24-54"
CHI,KMDW,2026-07-13,2026-07-11T00:00:00Z,53,gefs,90.0989,2.7000,"s3://noaa-gefs-pds/gefs.20260711/00/atmos/pgrb2sp25/{geavg,gespr}.t00z.pgrb2s.0p25.f{054,060,066,072,078}#statistic=max_t(geavg)+offset;offset_f=+0.0489;raw_f=90.0500;spread=gespr@f072;covered_leads=48-78"
CHI,KMDW,2026-07-13,2026-07-10T00:00:00Z,77,gefs,88.1189,3.0600,"s3://noaa-gefs-pds/gefs.20260710/00/atmos/pgrb2sp25/{geavg,gespr}.t00z.pgrb2s.0p25.f{078,084,090,096,102}#statistic=max_t(geavg)+offset;offset_f=+0.0489;raw_f=88.0700;spread=gespr@f096;covered_leads=72-102"
LAX,KLAX,2026-07-13,2026-07-13T00:00:00Z,7,gefs,80.1769,0.7200,"s3://noaa-gefs-pds/gefs.20260713/00/atmos/pgrb2sp25/{geavg,gespr}.t00z.pgrb2s.0p25.f{012,018,024,030,033}#statistic=max_t(geavg)+offset;offset_f=+0.0269;raw_f=80.1500;spread=gespr@f024;covered_leads=6-33"
LAX,KLAX,2026-07-13,2026-07-12T00:00:00Z,31,gefs,81.0769,1.4400,"s3://noaa-gefs-pds/gefs.20260712/00/atmos/pgrb2sp25/{geavg,gespr}.t00z.pgrb2s.0p25.f{036,042,048,054,057}#statistic=max_t(geavg)+offset;offset_f=+0.0269;raw_f=81.0500;spread=gespr@f048;covered_leads=30-57"
LAX,KLAX,2026-07-13,2026-07-11T00:00:00Z,55,gefs,81.0769,1.4400,"s3://noaa-gefs-pds/gefs.20260711/00/atmos/pgrb2sp25/{geavg,gespr}.t00z.pgrb2s.0p25.f{060,066,072,078,081}#statistic=max_t(geavg)+offset;offset_f=+0.0269;raw_f=81.0500;spread=gespr@f072;covered_leads=54-81"
LAX,KLAX,2026-07-13,2026-07-10T00:00:00Z,79,gefs,82.1569,1.4400,"s3://noaa-gefs-pds/gefs.20260710/00/atmos/pgrb2sp25/{geavg,gespr}.t00z.pgrb2s.0p25.f{084,090,096,102,105}#statistic=max_t(geavg)+offset;offset_f=+0.0269;raw_f=82.1300;spread=gespr@f096;covered_leads=78-105"
MIA,KMIA,2026-07-13,2026-07-13T00:00:00Z,4,gefs,90.8249,0.9000,"s3://noaa-gefs-pds/gefs.20260713/00/atmos/pgrb2sp25/{geavg,gespr}.t00z.pgrb2s.0p25.f{006,012,018,024,030}#statistic=max_t(geavg)+offset;offset_f=+0.0549;raw_f=90.7700;spread=gespr@f024;covered_leads=0-30"
MIA,KMIA,2026-07-13,2026-07-12T00:00:00Z,28,gefs,90.8249,1.2600,"s3://noaa-gefs-pds/gefs.20260712/00/atmos/pgrb2sp25/{geavg,gespr}.t00z.pgrb2s.0p25.f{030,036,042,048,054}#statistic=max_t(geavg)+offset;offset_f=+0.0549;raw_f=90.7700;spread=gespr@f048;covered_leads=24-54"
MIA,KMIA,2026-07-13,2026-07-11T00:00:00Z,52,gefs,90.4649,1.0800,"s3://noaa-gefs-pds/gefs.20260711/00/atmos/pgrb2sp25/{geavg,gespr}.t00z.pgrb2s.0p25.f{054,060,066,072,078}#statistic=max_t(geavg)+offset;offset_f=+0.0549;raw_f=90.4100;spread=gespr@f072;covered_leads=48-78"
MIA,KMIA,2026-07-13,2026-07-10T00:00:00Z,76,gefs,90.8249,1.2600,"s3://noaa-gefs-pds/gefs.20260710/00/atmos/pgrb2sp25/{geavg,gespr}.t00z.pgrb2s.0p25.f{078,084,090,096,102}#statistic=max_t(geavg)+offset;offset_f=+0.0549;raw_f=90.7700;spread=gespr@f096;covered_leads=72-102"
NY,KNYC,2026-07-13,2026-07-13T00:00:00Z,4,gefs,87.7814,0.9000,"s3://noaa-gefs-pds/gefs.20260713/00/atmos/pgrb2sp25/{geavg,gespr}.t00z.pgrb2s.0p25.f{006,012,018,024,030}#statistic=max_t(geavg)+offset;offset_f=+0.2514;raw_f=87.5300;spread=gespr@f024;covered_leads=0-30"
NY,KNYC,2026-07-13,2026-07-12T00:00:00Z,28,gefs,87.4214,1.4400,"s3://noaa-gefs-pds/gefs.20260712/00/atmos/pgrb2sp25/{geavg,gespr}.t00z.pgrb2s.0p25.f{030,036,042,048,054}#statistic=max_t(geavg)+offset;offset_f=+0.2514;raw_f=87.1700;spread=gespr@f048;covered_leads=24-54"
NY,KNYC,2026-07-13,2026-07-11T00:00:00Z,52,gefs,85.8014,2.5200,"s3://noaa-gefs-pds/gefs.20260711/00/atmos/pgrb2sp25/{geavg,gespr}.t00z.pgrb2s.0p25.f{054,060,066,072,078}#statistic=max_t(geavg)+offset;offset_f=+0.2514;raw_f=85.5500;spread=gespr@f066;covered_leads=48-78"
NY,KNYC,2026-07-13,2026-07-10T00:00:00Z,76,gefs,87.0614,2.3400,"s3://noaa-gefs-pds/gefs.20260710/00/atmos/pgrb2sp25/{geavg,gespr}.t00z.pgrb2s.0p25.f{078,084,090,096,102}#statistic=max_t(geavg)+offset;offset_f=+0.2514;raw_f=86.8100;spread=gespr@f090;covered_leads=72-102"
CHI,KMDW,2026-07-14,2026-07-14T00:00:00Z,5,gefs,94.7789,0.9000,"s3://noaa-gefs-pds/gefs.20260714/00/atmos/pgrb2sp25/{geavg,gespr}.t00z.pgrb2s.0p25.f{006,012,018,024,030}#statistic=max_t(geavg)+offset;offset_f=+0.0489;raw_f=94.7300;spread=gespr@f024;covered_leads=0-30"
CHI,KMDW,2026-07-14,2026-07-13T00:00:00Z,29,gefs,95.4989,1.2600,"s3://noaa-gefs-pds/gefs.20260713/00/atmos/pgrb2sp25/{geavg,gespr}.t00z.pgrb2s.0p25.f{030,036,042,048,054}#statistic=max_t(geavg)+offset;offset_f=+0.0489;raw_f=95.4500;spread=gespr@f048;covered_leads=24-54"
CHI,KMDW,2026-07-14,2026-07-12T00:00:00Z,53,gefs,94.2389,2.1600,"s3://noaa-gefs-pds/gefs.20260712/00/atmos/pgrb2sp25/{geavg,gespr}.t00z.pgrb2s.0p25.f{054,060,066,072,078}#statistic=max_t(geavg)+offset;offset_f=+0.0489;raw_f=94.1900;spread=gespr@f072;covered_leads=48-78"
CHI,KMDW,2026-07-14,2026-07-11T00:00:00Z,77,gefs,94.2389,2.7000,"s3://noaa-gefs-pds/gefs.20260711/00/atmos/pgrb2sp25/{geavg,gespr}.t00z.pgrb2s.0p25.f{078,084,090,096,102}#statistic=max_t(geavg)+offset;offset_f=+0.0489;raw_f=94.1900;spread=gespr@f096;covered_leads=72-102"
LAX,KLAX,2026-07-14,2026-07-14T00:00:00Z,7,gefs,83.2369,0.7200,"s3://noaa-gefs-pds/gefs.20260714/00/atmos/pgrb2sp25/{geavg,gespr}.t00z.pgrb2s.0p25.f{012,018,024,030,033}#statistic=max_t(geavg)+offset;offset_f=+0.0269;raw_f=83.2100;spread=gespr@f024;covered_leads=6-33"
LAX,KLAX,2026-07-14,2026-07-13T00:00:00Z,31,gefs,83.2369,1.2600,"s3://noaa-gefs-pds/gefs.20260713/00/atmos/pgrb2sp25/{geavg,gespr}.t00z.pgrb2s.0p25.f{036,042,048,054,057}#statistic=max_t(geavg)+offset;offset_f=+0.0269;raw_f=83.2100;spread=gespr@f048;covered_leads=30-57"
LAX,KLAX,2026-07-14,2026-07-12T00:00:00Z,55,gefs,83.7769,1.8000,"s3://noaa-gefs-pds/gefs.20260712/00/atmos/pgrb2sp25/{geavg,gespr}.t00z.pgrb2s.0p25.f{060,066,072,078,081}#statistic=max_t(geavg)+offset;offset_f=+0.0269;raw_f=83.7500;spread=gespr@f072;covered_leads=54-81"
LAX,KLAX,2026-07-14,2026-07-11T00:00:00Z,79,gefs,83.4169,1.8000,"s3://noaa-gefs-pds/gefs.20260711/00/atmos/pgrb2sp25/{geavg,gespr}.t00z.pgrb2s.0p25.f{084,090,096,102,105}#statistic=max_t(geavg)+offset;offset_f=+0.0269;raw_f=83.3900;spread=gespr@f096;covered_leads=78-105"
MIA,KMIA,2026-07-14,2026-07-14T00:00:00Z,4,gefs,90.6449,1.0800,"s3://noaa-gefs-pds/gefs.20260714/00/atmos/pgrb2sp25/{geavg,gespr}.t00z.pgrb2s.0p25.f{006,012,018,024,030}#statistic=max_t(geavg)+offset;offset_f=+0.0549;raw_f=90.5900;spread=gespr@f024;covered_leads=0-30"
MIA,KMIA,2026-07-14,2026-07-13T00:00:00Z,28,gefs,90.4649,0.9000,"s3://noaa-gefs-pds/gefs.20260713/00/atmos/pgrb2sp25/{geavg,gespr}.t00z.pgrb2s.0p25.f{030,036,042,048,054}#statistic=max_t(geavg)+offset;offset_f=+0.0549;raw_f=90.4100;spread=gespr@f048;covered_leads=24-54"
MIA,KMIA,2026-07-14,2026-07-12T00:00:00Z,52,gefs,90.2849,1.4400,"s3://noaa-gefs-pds/gefs.20260712/00/atmos/pgrb2sp25/{geavg,gespr}.t00z.pgrb2s.0p25.f{054,060,066,072,078}#statistic=max_t(geavg)+offset;offset_f=+0.0549;raw_f=90.2300;spread=gespr@f072;covered_leads=48-78"
MIA,KMIA,2026-07-14,2026-07-11T00:00:00Z,76,gefs,90.1049,1.0800,"s3://noaa-gefs-pds/gefs.20260711/00/atmos/pgrb2sp25/{geavg,gespr}.t00z.pgrb2s.0p25.f{078,084,090,096,102}#statistic=max_t(geavg)+offset;offset_f=+0.0549;raw_f=90.0500;spread=gespr@f096;covered_leads=72-102"
NY,KNYC,2026-07-14,2026-07-14T00:00:00Z,4,gefs,96.0614,1.0800,"s3://noaa-gefs-pds/gefs.20260714/00/atmos/pgrb2sp25/{geavg,gespr}.t00z.pgrb2s.0p25.f{006,012,018,024,030}#statistic=max_t(geavg)+offset;offset_f=+0.2514;raw_f=95.8100;spread=gespr@f024;covered_leads=0-30"
NY,KNYC,2026-07-14,2026-07-13T00:00:00Z,28,gefs,94.2614,1.8000,"s3://noaa-gefs-pds/gefs.20260713/00/atmos/pgrb2sp25/{geavg,gespr}.t00z.pgrb2s.0p25.f{030,036,042,048,054}#statistic=max_t(geavg)+offset;offset_f=+0.2514;raw_f=94.0100;spread=gespr@f048;covered_leads=24-54"
NY,KNYC,2026-07-14,2026-07-12T00:00:00Z,52,gefs,93.5414,1.8000,"s3://noaa-gefs-pds/gefs.20260712/00/atmos/pgrb2sp25/{geavg,gespr}.t00z.pgrb2s.0p25.f{054,060,066,072,078}#statistic=max_t(geavg)+offset;offset_f=+0.2514;raw_f=93.2900;spread=gespr@f072;covered_leads=48-78"
NY,KNYC,2026-07-14,2026-07-11T00:00:00Z,76,gefs,94.4414,2.1600,"s3://noaa-gefs-pds/gefs.20260711/00/atmos/pgrb2sp25/{geavg,gespr}.t00z.pgrb2s.0p25.f{078,084,090,096,102}#statistic=max_t(geavg)+offset;offset_f=+0.2514;raw_f=94.1900;spread=gespr@f096;covered_leads=72-102"
CHI,KMDW,2026-07-15,2026-07-15T00:00:00Z,5,gefs,94.4189,0.9000,"s3://noaa-gefs-pds/gefs.20260715/00/atmos/pgrb2sp25/{geavg,gespr}.t00z.pgrb2s.0p25.f{006,012,018,024,030}#statistic=max_t(geavg)+offset;offset_f=+0.0489;raw_f=94.3700;spread=gespr@f024;covered_leads=0-30"
CHI,KMDW,2026-07-15,2026-07-14T00:00:00Z,29,gefs,94.0589,2.1600,"s3://noaa-gefs-pds/gefs.20260714/00/atmos/pgrb2sp25/{geavg,gespr}.t00z.pgrb2s.0p25.f{030,036,042,048,054}#statistic=max_t(geavg)+offset;offset_f=+0.0489;raw_f=94.0100;spread=gespr@f048;covered_leads=24-54"
CHI,KMDW,2026-07-15,2026-07-13T00:00:00Z,53,gefs,94.0589,2.7000,"s3://noaa-gefs-pds/gefs.20260713/00/atmos/pgrb2sp25/{geavg,gespr}.t00z.pgrb2s.0p25.f{054,060,066,072,078}#statistic=max_t(geavg)+offset;offset_f=+0.0489;raw_f=94.0100;spread=gespr@f072;covered_leads=48-78"
CHI,KMDW,2026-07-15,2026-07-12T00:00:00Z,77,gefs,92.2589,2.7000,"s3://noaa-gefs-pds/gefs.20260712/00/atmos/pgrb2sp25/{geavg,gespr}.t00z.pgrb2s.0p25.f{078,084,090,096,102}#statistic=max_t(geavg)+offset;offset_f=+0.0489;raw_f=92.2100;spread=gespr@f096;covered_leads=72-102"
LAX,KLAX,2026-07-15,2026-07-15T00:00:00Z,7,gefs,86.8369,0.9000,"s3://noaa-gefs-pds/gefs.20260715/00/atmos/pgrb2sp25/{geavg,gespr}.t00z.pgrb2s.0p25.f{012,018,024,030,033}#statistic=max_t(geavg)+offset;offset_f=+0.0269;raw_f=86.8100;spread=gespr@f024;covered_leads=6-33"
LAX,KLAX,2026-07-15,2026-07-14T00:00:00Z,31,gefs,88.0969,1.0800,"s3://noaa-gefs-pds/gefs.20260714/00/atmos/pgrb2sp25/{geavg,gespr}.t00z.pgrb2s.0p25.f{036,042,048,054,057}#statistic=max_t(geavg)+offset;offset_f=+0.0269;raw_f=88.0700;spread=gespr@f048;covered_leads=30-57"
LAX,KLAX,2026-07-15,2026-07-13T00:00:00Z,55,gefs,87.9169,1.4400,"s3://noaa-gefs-pds/gefs.20260713/00/atmos/pgrb2sp25/{geavg,gespr}.t00z.pgrb2s.0p25.f{060,066,072,078,081}#statistic=max_t(geavg)+offset;offset_f=+0.0269;raw_f=87.8900;spread=gespr@f072;covered_leads=54-81"
LAX,KLAX,2026-07-15,2026-07-12T00:00:00Z,79,gefs,88.9969,1.8000,"s3://noaa-gefs-pds/gefs.20260712/00/atmos/pgrb2sp25/{geavg,gespr}.t00z.pgrb2s.0p25.f{084,090,096,102,105}#statistic=max_t(geavg)+offset;offset_f=+0.0269;raw_f=88.9700;spread=gespr@f096;covered_leads=78-105"
MIA,KMIA,2026-07-15,2026-07-15T00:00:00Z,4,gefs,90.8249,0.7200,"s3://noaa-gefs-pds/gefs.20260715/00/atmos/pgrb2sp25/{geavg,gespr}.t00z.pgrb2s.0p25.f{006,012,018,024,030}#statistic=max_t(geavg)+offset;offset_f=+0.0549;raw_f=90.7700;spread=gespr@f024;covered_leads=0-30"
MIA,KMIA,2026-07-15,2026-07-14T00:00:00Z,28,gefs,90.2849,0.9000,"s3://noaa-gefs-pds/gefs.20260714/00/atmos/pgrb2sp25/{geavg,gespr}.t00z.pgrb2s.0p25.f{030,036,042,048,054}#statistic=max_t(geavg)+offset;offset_f=+0.0549;raw_f=90.2300;spread=gespr@f048;covered_leads=24-54"
MIA,KMIA,2026-07-15,2026-07-13T00:00:00Z,52,gefs,89.9249,0.9000,"s3://noaa-gefs-pds/gefs.20260713/00/atmos/pgrb2sp25/{geavg,gespr}.t00z.pgrb2s.0p25.f{054,060,066,072,078}#statistic=max_t(geavg)+offset;offset_f=+0.0549;raw_f=89.8700;spread=gespr@f072;covered_leads=48-78"
MIA,KMIA,2026-07-15,2026-07-12T00:00:00Z,76,gefs,89.9249,1.4400,"s3://noaa-gefs-pds/gefs.20260712/00/atmos/pgrb2sp25/{geavg,gespr}.t00z.pgrb2s.0p25.f{078,084,090,096,102}#statistic=max_t(geavg)+offset;offset_f=+0.0549;raw_f=89.8700;spread=gespr@f096;covered_leads=72-102"
NY,KNYC,2026-07-15,2026-07-15T00:00:00Z,4,gefs,100.0214,1.4400,"s3://noaa-gefs-pds/gefs.20260715/00/atmos/pgrb2sp25/{geavg,gespr}.t00z.pgrb2s.0p25.f{006,012,018,024,030}#statistic=max_t(geavg)+offset;offset_f=+0.2514;raw_f=99.7700;spread=gespr@f024;covered_leads=0-30"
NY,KNYC,2026-07-15,2026-07-14T00:00:00Z,28,gefs,100.3814,1.9800,"s3://noaa-gefs-pds/gefs.20260714/00/atmos/pgrb2sp25/{geavg,gespr}.t00z.pgrb2s.0p25.f{030,036,042,048,054}#statistic=max_t(geavg)+offset;offset_f=+0.2514;raw_f=100.1300;spread=gespr@f048;covered_leads=24-54"
NY,KNYC,2026-07-15,2026-07-13T00:00:00Z,52,gefs,98.9414,2.3400,"s3://noaa-gefs-pds/gefs.20260713/00/atmos/pgrb2sp25/{geavg,gespr}.t00z.pgrb2s.0p25.f{054,060,066,072,078}#statistic=max_t(geavg)+offset;offset_f=+0.2514;raw_f=98.6900;spread=gespr@f072;covered_leads=48-78"
NY,KNYC,2026-07-15,2026-07-12T00:00:00Z,76,gefs,97.5014,3.4200,"s3://noaa-gefs-pds/gefs.20260712/00/atmos/pgrb2sp25/{geavg,gespr}.t00z.pgrb2s.0p25.f{078,084,090,096,102}#statistic=max_t(geavg)+offset;offset_f=+0.2514;raw_f=97.2500;spread=gespr@f096;covered_leads=72-102"
CHI,KMDW,2026-07-16,2026-07-16T00:00:00Z,5,gefs,89.1989,1.2600,"s3://noaa-gefs-pds/gefs.20260716/00/atmos/pgrb2sp25/{geavg,gespr}.t00z.pgrb2s.0p25.f{006,012,018,024,030}#statistic=max_t(geavg)+offset;offset_f=+0.0489;raw_f=89.1500;spread=gespr@f024;covered_leads=0-30"
CHI,KMDW,2026-07-16,2026-07-15T00:00:00Z,29,gefs,89.7389,2.8800,"s3://noaa-gefs-pds/gefs.20260715/00/atmos/pgrb2sp25/{geavg,gespr}.t00z.pgrb2s.0p25.f{030,036,042,048,054}#statistic=max_t(geavg)+offset;offset_f=+0.0489;raw_f=89.6900;spread=gespr@f048;covered_leads=24-54"
CHI,KMDW,2026-07-16,2026-07-14T00:00:00Z,53,gefs,91.1789,2.3400,"s3://noaa-gefs-pds/gefs.20260714/00/atmos/pgrb2sp25/{geavg,gespr}.t00z.pgrb2s.0p25.f{054,060,066,072,078}#statistic=max_t(geavg)+offset;offset_f=+0.0489;raw_f=91.1300;spread=gespr@f066;covered_leads=48-78"
CHI,KMDW,2026-07-16,2026-07-13T00:00:00Z,77,gefs,90.6389,3.4200,"s3://noaa-gefs-pds/gefs.20260713/00/atmos/pgrb2sp25/{geavg,gespr}.t00z.pgrb2s.0p25.f{078,084,090,096,102}#statistic=max_t(geavg)+offset;offset_f=+0.0489;raw_f=90.5900;spread=gespr@f096;covered_leads=72-102"
LAX,KLAX,2026-07-16,2026-07-16T00:00:00Z,7,gefs,84.4969,0.7200,"s3://noaa-gefs-pds/gefs.20260716/00/atmos/pgrb2sp25/{geavg,gespr}.t00z.pgrb2s.0p25.f{012,018,024,030,033}#statistic=max_t(geavg)+offset;offset_f=+0.0269;raw_f=84.4700;spread=gespr@f024;covered_leads=6-33"
LAX,KLAX,2026-07-16,2026-07-15T00:00:00Z,31,gefs,85.5769,1.2600,"s3://noaa-gefs-pds/gefs.20260715/00/atmos/pgrb2sp25/{geavg,gespr}.t00z.pgrb2s.0p25.f{036,042,048,054,057}#statistic=max_t(geavg)+offset;offset_f=+0.0269;raw_f=85.5500;spread=gespr@f048;covered_leads=30-57"
LAX,KLAX,2026-07-16,2026-07-14T00:00:00Z,55,gefs,86.6569,2.1600,"s3://noaa-gefs-pds/gefs.20260714/00/atmos/pgrb2sp25/{geavg,gespr}.t00z.pgrb2s.0p25.f{060,066,072,078,081}#statistic=max_t(geavg)+offset;offset_f=+0.0269;raw_f=86.6300;spread=gespr@f072;covered_leads=54-81"
LAX,KLAX,2026-07-16,2026-07-13T00:00:00Z,79,gefs,87.0169,2.7000,"s3://noaa-gefs-pds/gefs.20260713/00/atmos/pgrb2sp25/{geavg,gespr}.t00z.pgrb2s.0p25.f{084,090,096,102,105}#statistic=max_t(geavg)+offset;offset_f=+0.0269;raw_f=86.9900;spread=gespr@f096;covered_leads=78-105"
MIA,KMIA,2026-07-16,2026-07-16T00:00:00Z,4,gefs,92.6249,0.9000,"s3://noaa-gefs-pds/gefs.20260716/00/atmos/pgrb2sp25/{geavg,gespr}.t00z.pgrb2s.0p25.f{006,012,018,024,030}#statistic=max_t(geavg)+offset;offset_f=+0.0549;raw_f=92.5700;spread=gespr@f024;covered_leads=0-30"
MIA,KMIA,2026-07-16,2026-07-15T00:00:00Z,28,gefs,91.9049,1.0800,"s3://noaa-gefs-pds/gefs.20260715/00/atmos/pgrb2sp25/{geavg,gespr}.t00z.pgrb2s.0p25.f{030,036,042,048,054}#statistic=max_t(geavg)+offset;offset_f=+0.0549;raw_f=91.8500;spread=gespr@f048;covered_leads=24-54"
MIA,KMIA,2026-07-16,2026-07-14T00:00:00Z,52,gefs,90.8249,1.0800,"s3://noaa-gefs-pds/gefs.20260714/00/atmos/pgrb2sp25/{geavg,gespr}.t00z.pgrb2s.0p25.f{054,060,066,072,078}#statistic=max_t(geavg)+offset;offset_f=+0.0549;raw_f=90.7700;spread=gespr@f072;covered_leads=48-78"
MIA,KMIA,2026-07-16,2026-07-13T00:00:00Z,76,gefs,90.2849,0.9000,"s3://noaa-gefs-pds/gefs.20260713/00/atmos/pgrb2sp25/{geavg,gespr}.t00z.pgrb2s.0p25.f{078,084,090,096,102}#statistic=max_t(geavg)+offset;offset_f=+0.0549;raw_f=90.2300;spread=gespr@f096;covered_leads=72-102"
NY,KNYC,2026-07-16,2026-07-16T00:00:00Z,4,gefs,95.1614,1.6200,"s3://noaa-gefs-pds/gefs.20260716/00/atmos/pgrb2sp25/{geavg,gespr}.t00z.pgrb2s.0p25.f{006,012,018,024,030}#statistic=max_t(geavg)+offset;offset_f=+0.2514;raw_f=94.9100;spread=gespr@f024;covered_leads=0-30"
NY,KNYC,2026-07-16,2026-07-15T00:00:00Z,28,gefs,93.7214,2.3400,"s3://noaa-gefs-pds/gefs.20260715/00/atmos/pgrb2sp25/{geavg,gespr}.t00z.pgrb2s.0p25.f{030,036,042,048,054}#statistic=max_t(geavg)+offset;offset_f=+0.2514;raw_f=93.4700;spread=gespr@f048;covered_leads=24-54"
NY,KNYC,2026-07-16,2026-07-14T00:00:00Z,52,gefs,93.1814,3.2400,"s3://noaa-gefs-pds/gefs.20260714/00/atmos/pgrb2sp25/{geavg,gespr}.t00z.pgrb2s.0p25.f{054,060,066,072,078}#statistic=max_t(geavg)+offset;offset_f=+0.2514;raw_f=92.9300;spread=gespr@f072;covered_leads=48-78"
NY,KNYC,2026-07-16,2026-07-13T00:00:00Z,76,gefs,93.0014,3.9600,"s3://noaa-gefs-pds/gefs.20260713/00/atmos/pgrb2sp25/{geavg,gespr}.t00z.pgrb2s.0p25.f{078,084,090,096,102}#statistic=max_t(geavg)+offset;offset_f=+0.2514;raw_f=92.7500;spread=gespr@f096;covered_leads=72-102"
CHI,KMDW,2026-07-17,2026-07-17T00:00:00Z,5,gefs,92.4389,1.0800,"s3://noaa-gefs-pds/gefs.20260717/00/atmos/pgrb2sp25/{geavg,gespr}.t00z.pgrb2s.0p25.f{006,012,018,024,030}#statistic=max_t(geavg)+offset;offset_f=+0.0489;raw_f=92.3900;spread=gespr@f024;covered_leads=0-30"
CHI,KMDW,2026-07-17,2026-07-16T00:00:00Z,29,gefs,90.8189,1.6200,"s3://noaa-gefs-pds/gefs.20260716/00/atmos/pgrb2sp25/{geavg,gespr}.t00z.pgrb2s.0p25.f{030,036,042,048,054}#statistic=max_t(geavg)+offset;offset_f=+0.0489;raw_f=90.7700;spread=gespr@f048;covered_leads=24-54"
CHI,KMDW,2026-07-17,2026-07-15T00:00:00Z,53,gefs,89.0189,3.7800,"s3://noaa-gefs-pds/gefs.20260715/00/atmos/pgrb2sp25/{geavg,gespr}.t00z.pgrb2s.0p25.f{054,060,066,072,078}#statistic=max_t(geavg)+offset;offset_f=+0.0489;raw_f=88.9700;spread=gespr@f072;covered_leads=48-78"
CHI,KMDW,2026-07-17,2026-07-14T00:00:00Z,77,gefs,89.0189,2.8800,"s3://noaa-gefs-pds/gefs.20260714/00/atmos/pgrb2sp25/{geavg,gespr}.t00z.pgrb2s.0p25.f{078,084,090,096,102}#statistic=max_t(geavg)+offset;offset_f=+0.0489;raw_f=88.9700;spread=gespr@f096;covered_leads=72-102"
LAX,KLAX,2026-07-17,2026-07-17T00:00:00Z,7,gefs,80.8969,0.5400,"s3://noaa-gefs-pds/gefs.20260717/00/atmos/pgrb2sp25/{geavg,gespr}.t00z.pgrb2s.0p25.f{012,018,024,030,033}#statistic=max_t(geavg)+offset;offset_f=+0.0269;raw_f=80.8700;spread=gespr@f024;covered_leads=6-33"
LAX,KLAX,2026-07-17,2026-07-16T00:00:00Z,31,gefs,80.8969,0.9000,"s3://noaa-gefs-pds/gefs.20260716/00/atmos/pgrb2sp25/{geavg,gespr}.t00z.pgrb2s.0p25.f{036,042,048,054,057}#statistic=max_t(geavg)+offset;offset_f=+0.0269;raw_f=80.8700;spread=gespr@f048;covered_leads=30-57"
LAX,KLAX,2026-07-17,2026-07-15T00:00:00Z,55,gefs,79.9969,1.8000,"s3://noaa-gefs-pds/gefs.20260715/00/atmos/pgrb2sp25/{geavg,gespr}.t00z.pgrb2s.0p25.f{060,066,072,078,081}#statistic=max_t(geavg)+offset;offset_f=+0.0269;raw_f=79.9700;spread=gespr@f072;covered_leads=54-81"
LAX,KLAX,2026-07-17,2026-07-14T00:00:00Z,79,gefs,80.1769,1.8000,"s3://noaa-gefs-pds/gefs.20260714/00/atmos/pgrb2sp25/{geavg,gespr}.t00z.pgrb2s.0p25.f{084,090,096,102,105}#statistic=max_t(geavg)+offset;offset_f=+0.0269;raw_f=80.1500;spread=gespr@f096;covered_leads=78-105"
MIA,KMIA,2026-07-17,2026-07-17T00:00:00Z,4,gefs,90.8249,0.9000,"s3://noaa-gefs-pds/gefs.20260717/00/atmos/pgrb2sp25/{geavg,gespr}.t00z.pgrb2s.0p25.f{006,012,018,024,030}#statistic=max_t(geavg)+offset;offset_f=+0.0549;raw_f=90.7700;spread=gespr@f024;covered_leads=0-30"
MIA,KMIA,2026-07-17,2026-07-16T00:00:00Z,28,gefs,91.1849,1.2600,"s3://noaa-gefs-pds/gefs.20260716/00/atmos/pgrb2sp25/{geavg,gespr}.t00z.pgrb2s.0p25.f{030,036,042,048,054}#statistic=max_t(geavg)+offset;offset_f=+0.0549;raw_f=91.1300;spread=gespr@f042;covered_leads=24-54"
MIA,KMIA,2026-07-17,2026-07-15T00:00:00Z,52,gefs,91.5449,1.2600,"s3://noaa-gefs-pds/gefs.20260715/00/atmos/pgrb2sp25/{geavg,gespr}.t00z.pgrb2s.0p25.f{054,060,066,072,078}#statistic=max_t(geavg)+offset;offset_f=+0.0549;raw_f=91.4900;spread=gespr@f072;covered_leads=48-78"
MIA,KMIA,2026-07-17,2026-07-14T00:00:00Z,76,gefs,91.0049,1.4400,"s3://noaa-gefs-pds/gefs.20260714/00/atmos/pgrb2sp25/{geavg,gespr}.t00z.pgrb2s.0p25.f{078,084,090,096,102}#statistic=max_t(geavg)+offset;offset_f=+0.0549;raw_f=90.9500;spread=gespr@f096;covered_leads=72-102"
NY,KNYC,2026-07-17,2026-07-17T00:00:00Z,4,gefs,90.8414,1.6200,"s3://noaa-gefs-pds/gefs.20260717/00/atmos/pgrb2sp25/{geavg,gespr}.t00z.pgrb2s.0p25.f{006,012,018,024,030}#statistic=max_t(geavg)+offset;offset_f=+0.2514;raw_f=90.5900;spread=gespr@f024;covered_leads=0-30"
NY,KNYC,2026-07-17,2026-07-16T00:00:00Z,28,gefs,89.7614,2.1600,"s3://noaa-gefs-pds/gefs.20260716/00/atmos/pgrb2sp25/{geavg,gespr}.t00z.pgrb2s.0p25.f{030,036,042,048,054}#statistic=max_t(geavg)+offset;offset_f=+0.2514;raw_f=89.5100;spread=gespr@f048;covered_leads=24-54"
NY,KNYC,2026-07-17,2026-07-15T00:00:00Z,52,gefs,90.4814,2.1600,"s3://noaa-gefs-pds/gefs.20260715/00/atmos/pgrb2sp25/{geavg,gespr}.t00z.pgrb2s.0p25.f{054,060,066,072,078}#statistic=max_t(geavg)+offset;offset_f=+0.2514;raw_f=90.2300;spread=gespr@f072;covered_leads=48-78"
NY,KNYC,2026-07-17,2026-07-14T00:00:00Z,76,gefs,88.1414,3.0600,"s3://noaa-gefs-pds/gefs.20260714/00/atmos/pgrb2sp25/{geavg,gespr}.t00z.pgrb2s.0p25.f{078,084,090,096,102}#statistic=max_t(geavg)+offset;offset_f=+0.2514;raw_f=87.8900;spread=gespr@f078;covered_leads=72-102"
CHI,KMDW,2026-07-18,2026-07-18T00:00:00Z,5,gefs,89.3789,2.1600,"s3://noaa-gefs-pds/gefs.20260718/00/atmos/pgrb2sp25/{geavg,gespr}.t00z.pgrb2s.0p25.f{006,012,018,024,030}#statistic=max_t(geavg)+offset;offset_f=+0.0489;raw_f=89.3300;spread=gespr@f024;covered_leads=0-30"
CHI,KMDW,2026-07-18,2026-07-17T00:00:00Z,29,gefs,92.0789,1.4400,"s3://noaa-gefs-pds/gefs.20260717/00/atmos/pgrb2sp25/{geavg,gespr}.t00z.pgrb2s.0p25.f{030,036,042,048,054}#statistic=max_t(geavg)+offset;offset_f=+0.0489;raw_f=92.0300;spread=gespr@f048;covered_leads=24-54"
CHI,KMDW,2026-07-18,2026-07-16T00:00:00Z,53,gefs,90.9989,3.7800,"s3://noaa-gefs-pds/gefs.20260716/00/atmos/pgrb2sp25/{geavg,gespr}.t00z.pgrb2s.0p25.f{054,060,066,072,078}#statistic=max_t(geavg)+offset;offset_f=+0.0489;raw_f=90.9500;spread=gespr@f072;covered_leads=48-78"
CHI,KMDW,2026-07-18,2026-07-15T00:00:00Z,77,gefs,89.3789,5.5800,"s3://noaa-gefs-pds/gefs.20260715/00/atmos/pgrb2sp25/{geavg,gespr}.t00z.pgrb2s.0p25.f{078,084,090,096,102}#statistic=max_t(geavg)+offset;offset_f=+0.0489;raw_f=89.3300;spread=gespr@f096;covered_leads=72-102"
LAX,KLAX,2026-07-18,2026-07-18T00:00:00Z,7,gefs,79.4569,0.5400,"s3://noaa-gefs-pds/gefs.20260718/00/atmos/pgrb2sp25/{geavg,gespr}.t00z.pgrb2s.0p25.f{012,018,024,030,033}#statistic=max_t(geavg)+offset;offset_f=+0.0269;raw_f=79.4300;spread=gespr@f024;covered_leads=6-33"
LAX,KLAX,2026-07-18,2026-07-17T00:00:00Z,31,gefs,80.1769,0.9000,"s3://noaa-gefs-pds/gefs.20260717/00/atmos/pgrb2sp25/{geavg,gespr}.t00z.pgrb2s.0p25.f{036,042,048,054,057}#statistic=max_t(geavg)+offset;offset_f=+0.0269;raw_f=80.1500;spread=gespr@f048;covered_leads=30-57"
LAX,KLAX,2026-07-18,2026-07-16T00:00:00Z,55,gefs,80.3569,1.0800,"s3://noaa-gefs-pds/gefs.20260716/00/atmos/pgrb2sp25/{geavg,gespr}.t00z.pgrb2s.0p25.f{060,066,072,078,081}#statistic=max_t(geavg)+offset;offset_f=+0.0269;raw_f=80.3300;spread=gespr@f072;covered_leads=54-81"
LAX,KLAX,2026-07-18,2026-07-15T00:00:00Z,79,gefs,79.0969,1.6200,"s3://noaa-gefs-pds/gefs.20260715/00/atmos/pgrb2sp25/{geavg,gespr}.t00z.pgrb2s.0p25.f{084,090,096,102,105}#statistic=max_t(geavg)+offset;offset_f=+0.0269;raw_f=79.0700;spread=gespr@f096;covered_leads=78-105"
MIA,KMIA,2026-07-18,2026-07-18T00:00:00Z,4,gefs,88.6649,0.5400,"s3://noaa-gefs-pds/gefs.20260718/00/atmos/pgrb2sp25/{geavg,gespr}.t00z.pgrb2s.0p25.f{006,012,018,024,030}#statistic=max_t(geavg)+offset;offset_f=+0.0549;raw_f=88.6100;spread=gespr@f024;covered_leads=0-30"
MIA,KMIA,2026-07-18,2026-07-17T00:00:00Z,28,gefs,88.6649,0.7200,"s3://noaa-gefs-pds/gefs.20260717/00/atmos/pgrb2sp25/{geavg,gespr}.t00z.pgrb2s.0p25.f{030,036,042,048,054}#statistic=max_t(geavg)+offset;offset_f=+0.0549;raw_f=88.6100;spread=gespr@f042;covered_leads=24-54"
MIA,KMIA,2026-07-18,2026-07-16T00:00:00Z,52,gefs,88.8449,0.9000,"s3://noaa-gefs-pds/gefs.20260716/00/atmos/pgrb2sp25/{geavg,gespr}.t00z.pgrb2s.0p25.f{054,060,066,072,078}#statistic=max_t(geavg)+offset;offset_f=+0.0549;raw_f=88.7900;spread=gespr@f072;covered_leads=48-78"
MIA,KMIA,2026-07-18,2026-07-15T00:00:00Z,76,gefs,88.8449,1.0800,"s3://noaa-gefs-pds/gefs.20260715/00/atmos/pgrb2sp25/{geavg,gespr}.t00z.pgrb2s.0p25.f{078,084,090,096,102}#statistic=max_t(geavg)+offset;offset_f=+0.0549;raw_f=88.7900;spread=gespr@f096;covered_leads=72-102"
NY,KNYC,2026-07-18,2026-07-18T00:00:00Z,4,gefs,82.5614,1.6200,"s3://noaa-gefs-pds/gefs.20260718/00/atmos/pgrb2sp25/{geavg,gespr}.t00z.pgrb2s.0p25.f{006,012,018,024,030}#statistic=max_t(geavg)+offset;offset_f=+0.2514;raw_f=82.3100;spread=gespr@f018;covered_leads=0-30"
NY,KNYC,2026-07-18,2026-07-17T00:00:00Z,28,gefs,84.5414,1.4400,"s3://noaa-gefs-pds/gefs.20260717/00/atmos/pgrb2sp25/{geavg,gespr}.t00z.pgrb2s.0p25.f{030,036,042,048,054}#statistic=max_t(geavg)+offset;offset_f=+0.2514;raw_f=84.2900;spread=gespr@f030;covered_leads=24-54"
NY,KNYC,2026-07-18,2026-07-16T00:00:00Z,52,gefs,84.1814,5.9400,"s3://noaa-gefs-pds/gefs.20260716/00/atmos/pgrb2sp25/{geavg,gespr}.t00z.pgrb2s.0p25.f{054,060,066,072,078}#statistic=max_t(geavg)+offset;offset_f=+0.2514;raw_f=83.9300;spread=gespr@f066;covered_leads=48-78"
NY,KNYC,2026-07-18,2026-07-15T00:00:00Z,76,gefs,84.5414,5.9400,"s3://noaa-gefs-pds/gefs.20260715/00/atmos/pgrb2sp25/{geavg,gespr}.t00z.pgrb2s.0p25.f{078,084,090,096,102}#statistic=max_t(geavg)+offset;offset_f=+0.2514;raw_f=84.2900;spread=gespr@f096;covered_leads=72-102"
CHI,KMDW,2026-07-19,2026-07-19T00:00:00Z,5,gefs,78.7589,1.8000,"s3://noaa-gefs-pds/gefs.20260719/00/atmos/pgrb2sp25/{geavg,gespr}.t00z.pgrb2s.0p25.f{006,012,018,024,030}#statistic=max_t(geavg)+offset;offset_f=+0.0489;raw_f=78.7100;spread=gespr@f024;covered_leads=0-30"
CHI,KMDW,2026-07-19,2026-07-18T00:00:00Z,29,gefs,82.1789,2.3400,"s3://noaa-gefs-pds/gefs.20260718/00/atmos/pgrb2sp25/{geavg,gespr}.t00z.pgrb2s.0p25.f{030,036,042,048,054}#statistic=max_t(geavg)+offset;offset_f=+0.0489;raw_f=82.1300;spread=gespr@f048;covered_leads=24-54"
CHI,KMDW,2026-07-19,2026-07-17T00:00:00Z,53,gefs,83.4389,2.8800,"s3://noaa-gefs-pds/gefs.20260717/00/atmos/pgrb2sp25/{geavg,gespr}.t00z.pgrb2s.0p25.f{054,060,066,072,078}#statistic=max_t(geavg)+offset;offset_f=+0.0489;raw_f=83.3900;spread=gespr@f072;covered_leads=48-78"
CHI,KMDW,2026-07-19,2026-07-16T00:00:00Z,77,gefs,83.4389,5.0400,"s3://noaa-gefs-pds/gefs.20260716/00/atmos/pgrb2sp25/{geavg,gespr}.t00z.pgrb2s.0p25.f{078,084,090,096,102}#statistic=max_t(geavg)+offset;offset_f=+0.0489;raw_f=83.3900;spread=gespr@f078;covered_leads=72-102"
LAX,KLAX,2026-07-19,2026-07-19T00:00:00Z,7,gefs,79.0969,0.9000,"s3://noaa-gefs-pds/gefs.20260719/00/atmos/pgrb2sp25/{geavg,gespr}.t00z.pgrb2s.0p25.f{012,018,024,030,033}#statistic=max_t(geavg)+offset;offset_f=+0.0269;raw_f=79.0700;spread=gespr@f024;covered_leads=6-33"
LAX,KLAX,2026-07-19,2026-07-18T00:00:00Z,31,gefs,79.9969,1.4400,"s3://noaa-gefs-pds/gefs.20260718/00/atmos/pgrb2sp25/{geavg,gespr}.t00z.pgrb2s.0p25.f{036,042,048,054,057}#statistic=max_t(geavg)+offset;offset_f=+0.0269;raw_f=79.9700;spread=gespr@f048;covered_leads=30-57"
LAX,KLAX,2026-07-19,2026-07-17T00:00:00Z,55,gefs,80.1769,1.4400,"s3://noaa-gefs-pds/gefs.20260717/00/atmos/pgrb2sp25/{geavg,gespr}.t00z.pgrb2s.0p25.f{060,066,072,078,081}#statistic=max_t(geavg)+offset;offset_f=+0.0269;raw_f=80.1500;spread=gespr@f072;covered_leads=54-81"
LAX,KLAX,2026-07-19,2026-07-16T00:00:00Z,79,gefs,80.7169,1.8000,"s3://noaa-gefs-pds/gefs.20260716/00/atmos/pgrb2sp25/{geavg,gespr}.t00z.pgrb2s.0p25.f{084,090,096,102,105}#statistic=max_t(geavg)+offset;offset_f=+0.0269;raw_f=80.6900;spread=gespr@f096;covered_leads=78-105"
MIA,KMIA,2026-07-19,2026-07-19T00:00:00Z,4,gefs,88.6649,0.7200,"s3://noaa-gefs-pds/gefs.20260719/00/atmos/pgrb2sp25/{geavg,gespr}.t00z.pgrb2s.0p25.f{006,012,018,024,030}#statistic=max_t(geavg)+offset;offset_f=+0.0549;raw_f=88.6100;spread=gespr@f024;covered_leads=0-30"
MIA,KMIA,2026-07-19,2026-07-18T00:00:00Z,28,gefs,89.5649,0.9000,"s3://noaa-gefs-pds/gefs.20260718/00/atmos/pgrb2sp25/{geavg,gespr}.t00z.pgrb2s.0p25.f{030,036,042,048,054}#statistic=max_t(geavg)+offset;offset_f=+0.0549;raw_f=89.5100;spread=gespr@f048;covered_leads=24-54"
MIA,KMIA,2026-07-19,2026-07-17T00:00:00Z,52,gefs,89.2049,0.9000,"s3://noaa-gefs-pds/gefs.20260717/00/atmos/pgrb2sp25/{geavg,gespr}.t00z.pgrb2s.0p25.f{054,060,066,072,078}#statistic=max_t(geavg)+offset;offset_f=+0.0549;raw_f=89.1500;spread=gespr@f066;covered_leads=48-78"
MIA,KMIA,2026-07-19,2026-07-16T00:00:00Z,76,gefs,89.0249,1.2600,"s3://noaa-gefs-pds/gefs.20260716/00/atmos/pgrb2sp25/{geavg,gespr}.t00z.pgrb2s.0p25.f{078,084,090,096,102}#statistic=max_t(geavg)+offset;offset_f=+0.0549;raw_f=88.9700;spread=gespr@f096;covered_leads=72-102"
NY,KNYC,2026-07-19,2026-07-19T00:00:00Z,4,gefs,84.1814,2.7000,"s3://noaa-gefs-pds/gefs.20260719/00/atmos/pgrb2sp25/{geavg,gespr}.t00z.pgrb2s.0p25.f{006,012,018,024,030}#statistic=max_t(geavg)+offset;offset_f=+0.2514;raw_f=83.9300;spread=gespr@f024;covered_leads=0-30"
NY,KNYC,2026-07-19,2026-07-18T00:00:00Z,28,gefs,84.9014,2.5200,"s3://noaa-gefs-pds/gefs.20260718/00/atmos/pgrb2sp25/{geavg,gespr}.t00z.pgrb2s.0p25.f{030,036,042,048,054}#statistic=max_t(geavg)+offset;offset_f=+0.2514;raw_f=84.6500;spread=gespr@f048;covered_leads=24-54"
NY,KNYC,2026-07-19,2026-07-17T00:00:00Z,52,gefs,86.7014,3.0600,"s3://noaa-gefs-pds/gefs.20260717/00/atmos/pgrb2sp25/{geavg,gespr}.t00z.pgrb2s.0p25.f{054,060,066,072,078}#statistic=max_t(geavg)+offset;offset_f=+0.2514;raw_f=86.4500;spread=gespr@f072;covered_leads=48-78"
NY,KNYC,2026-07-19,2026-07-16T00:00:00Z,76,gefs,87.6014,3.7800,"s3://noaa-gefs-pds/gefs.20260716/00/atmos/pgrb2sp25/{geavg,gespr}.t00z.pgrb2s.0p25.f{078,084,090,096,102}#statistic=max_t(geavg)+offset;offset_f=+0.2514;raw_f=87.3500;spread=gespr@f096;covered_leads=72-102"
CHI,KMDW,2026-07-20,2026-07-20T00:00:00Z,5,gefs,82.8989,1.2600,"s3://noaa-gefs-pds/gefs.20260720/00/atmos/pgrb2sp25/{geavg,gespr}.t00z.pgrb2s.0p25.f{006,012,018,024,030}#statistic=max_t(geavg)+offset;offset_f=+0.0489;raw_f=82.8500;spread=gespr@f024;covered_leads=0-30"
CHI,KMDW,2026-07-20,2026-07-19T00:00:00Z,29,gefs,82.5389,1.8000,"s3://noaa-gefs-pds/gefs.20260719/00/atmos/pgrb2sp25/{geavg,gespr}.t00z.pgrb2s.0p25.f{030,036,042,048,054}#statistic=max_t(geavg)+offset;offset_f=+0.0489;raw_f=82.4900;spread=gespr@f048;covered_leads=24-54"
CHI,KMDW,2026-07-20,2026-07-18T00:00:00Z,53,gefs,84.5189,2.8800,"s3://noaa-gefs-pds/gefs.20260718/00/atmos/pgrb2sp25/{geavg,gespr}.t00z.pgrb2s.0p25.f{054,060,066,072,078}#statistic=max_t(geavg)+offset;offset_f=+0.0489;raw_f=84.4700;spread=gespr@f072;covered_leads=48-78"
CHI,KMDW,2026-07-20,2026-07-17T00:00:00Z,77,gefs,86.6789,3.6000,"s3://noaa-gefs-pds/gefs.20260717/00/atmos/pgrb2sp25/{geavg,gespr}.t00z.pgrb2s.0p25.f{078,084,090,096,102}#statistic=max_t(geavg)+offset;offset_f=+0.0489;raw_f=86.6300;spread=gespr@f096;covered_leads=72-102"
LAX,KLAX,2026-07-20,2026-07-20T00:00:00Z,7,gefs,80.5369,0.9000,"s3://noaa-gefs-pds/gefs.20260720/00/atmos/pgrb2sp25/{geavg,gespr}.t00z.pgrb2s.0p25.f{012,018,024,030,033}#statistic=max_t(geavg)+offset;offset_f=+0.0269;raw_f=80.5100;spread=gespr@f024;covered_leads=6-33"
LAX,KLAX,2026-07-20,2026-07-19T00:00:00Z,31,gefs,80.8969,1.4400,"s3://noaa-gefs-pds/gefs.20260719/00/atmos/pgrb2sp25/{geavg,gespr}.t00z.pgrb2s.0p25.f{036,042,048,054,057}#statistic=max_t(geavg)+offset;offset_f=+0.0269;raw_f=80.8700;spread=gespr@f048;covered_leads=30-57"
LAX,KLAX,2026-07-20,2026-07-18T00:00:00Z,55,gefs,82.1569,1.8000,"s3://noaa-gefs-pds/gefs.20260718/00/atmos/pgrb2sp25/{geavg,gespr}.t00z.pgrb2s.0p25.f{060,066,072,078,081}#statistic=max_t(geavg)+offset;offset_f=+0.0269;raw_f=82.1300;spread=gespr@f072;covered_leads=54-81"
LAX,KLAX,2026-07-20,2026-07-17T00:00:00Z,79,gefs,81.2569,2.3400,"s3://noaa-gefs-pds/gefs.20260717/00/atmos/pgrb2sp25/{geavg,gespr}.t00z.pgrb2s.0p25.f{084,090,096,102,105}#statistic=max_t(geavg)+offset;offset_f=+0.0269;raw_f=81.2300;spread=gespr@f096;covered_leads=78-105"
MIA,KMIA,2026-07-20,2026-07-20T00:00:00Z,4,gefs,89.5649,0.9000,"s3://noaa-gefs-pds/gefs.20260720/00/atmos/pgrb2sp25/{geavg,gespr}.t00z.pgrb2s.0p25.f{006,012,018,024,030}#statistic=max_t(geavg)+offset;offset_f=+0.0549;raw_f=89.5100;spread=gespr@f024;covered_leads=0-30"
MIA,KMIA,2026-07-20,2026-07-19T00:00:00Z,28,gefs,89.5649,1.0800,"s3://noaa-gefs-pds/gefs.20260719/00/atmos/pgrb2sp25/{geavg,gespr}.t00z.pgrb2s.0p25.f{030,036,042,048,054}#statistic=max_t(geavg)+offset;offset_f=+0.0549;raw_f=89.5100;spread=gespr@f048;covered_leads=24-54"
MIA,KMIA,2026-07-20,2026-07-18T00:00:00Z,52,gefs,89.9249,1.4400,"s3://noaa-gefs-pds/gefs.20260718/00/atmos/pgrb2sp25/{geavg,gespr}.t00z.pgrb2s.0p25.f{054,060,066,072,078}#statistic=max_t(geavg)+offset;offset_f=+0.0549;raw_f=89.8700;spread=gespr@f072;covered_leads=48-78"
MIA,KMIA,2026-07-20,2026-07-17T00:00:00Z,76,gefs,89.5649,0.9000,"s3://noaa-gefs-pds/gefs.20260717/00/atmos/pgrb2sp25/{geavg,gespr}.t00z.pgrb2s.0p25.f{078,084,090,096,102}#statistic=max_t(geavg)+offset;offset_f=+0.0549;raw_f=89.5100;spread=gespr@f096;covered_leads=72-102"
NY,KNYC,2026-07-20,2026-07-20T00:00:00Z,4,gefs,85.0814,1.8000,"s3://noaa-gefs-pds/gefs.20260720/00/atmos/pgrb2sp25/{geavg,gespr}.t00z.pgrb2s.0p25.f{006,012,018,024,030}#statistic=max_t(geavg)+offset;offset_f=+0.2514;raw_f=84.8300;spread=gespr@f024;covered_leads=0-30"
NY,KNYC,2026-07-20,2026-07-19T00:00:00Z,28,gefs,85.2614,2.5200,"s3://noaa-gefs-pds/gefs.20260719/00/atmos/pgrb2sp25/{geavg,gespr}.t00z.pgrb2s.0p25.f{030,036,042,048,054}#statistic=max_t(geavg)+offset;offset_f=+0.2514;raw_f=85.0100;spread=gespr@f048;covered_leads=24-54"
NY,KNYC,2026-07-20,2026-07-18T00:00:00Z,52,gefs,85.8014,2.7000,"s3://noaa-gefs-pds/gefs.20260718/00/atmos/pgrb2sp25/{geavg,gespr}.t00z.pgrb2s.0p25.f{054,060,066,072,078}#statistic=max_t(geavg)+offset;offset_f=+0.2514;raw_f=85.5500;spread=gespr@f072;covered_leads=48-78"
NY,KNYC,2026-07-20,2026-07-17T00:00:00Z,76,gefs,86.5214,2.8800,"s3://noaa-gefs-pds/gefs.20260717/00/atmos/pgrb2sp25/{geavg,gespr}.t00z.pgrb2s.0p25.f{078,084,090,096,102}#statistic=max_t(geavg)+offset;offset_f=+0.2514;raw_f=86.2700;spread=gespr@f096;covered_leads=72-102"
CHI,KMDW,2026-07-21,2026-07-21T00:00:00Z,5,gefs,83.0789,1.4400,"s3://noaa-gefs-pds/gefs.20260721/00/atmos/pgrb2sp25/{geavg,gespr}.t00z.pgrb2s.0p25.f{006,012,018,024,030}#statistic=max_t(geavg)+offset;offset_f=+0.0489;raw_f=83.0300;spread=gespr@f024;covered_leads=0-30"
CHI,KMDW,2026-07-21,2026-07-20T00:00:00Z,29,gefs,84.5189,2.3400,"s3://noaa-gefs-pds/gefs.20260720/00/atmos/pgrb2sp25/{geavg,gespr}.t00z.pgrb2s.0p25.f{030,036,042,048,054}#statistic=max_t(geavg)+offset;offset_f=+0.0489;raw_f=84.4700;spread=gespr@f048;covered_leads=24-54"
CHI,KMDW,2026-07-21,2026-07-19T00:00:00Z,53,gefs,87.0389,2.3400,"s3://noaa-gefs-pds/gefs.20260719/00/atmos/pgrb2sp25/{geavg,gespr}.t00z.pgrb2s.0p25.f{054,060,066,072,078}#statistic=max_t(geavg)+offset;offset_f=+0.0489;raw_f=86.9900;spread=gespr@f072;covered_leads=48-78"
CHI,KMDW,2026-07-21,2026-07-18T00:00:00Z,77,gefs,85.2389,3.7800,"s3://noaa-gefs-pds/gefs.20260718/00/atmos/pgrb2sp25/{geavg,gespr}.t00z.pgrb2s.0p25.f{078,084,090,096,102}#statistic=max_t(geavg)+offset;offset_f=+0.0489;raw_f=85.1900;spread=gespr@f096;covered_leads=72-102"
LAX,KLAX,2026-07-21,2026-07-21T00:00:00Z,7,gefs,80.5369,0.3600,"s3://noaa-gefs-pds/gefs.20260721/00/atmos/pgrb2sp25/{geavg,gespr}.t00z.pgrb2s.0p25.f{012,018,024,030,033}#statistic=max_t(geavg)+offset;offset_f=+0.0269;raw_f=80.5100;spread=gespr@f024;covered_leads=6-33"
LAX,KLAX,2026-07-21,2026-07-20T00:00:00Z,31,gefs,81.4369,1.4400,"s3://noaa-gefs-pds/gefs.20260720/00/atmos/pgrb2sp25/{geavg,gespr}.t00z.pgrb2s.0p25.f{036,042,048,054,057}#statistic=max_t(geavg)+offset;offset_f=+0.0269;raw_f=81.4100;spread=gespr@f048;covered_leads=30-57"
LAX,KLAX,2026-07-21,2026-07-19T00:00:00Z,55,gefs,83.0569,1.2600,"s3://noaa-gefs-pds/gefs.20260719/00/atmos/pgrb2sp25/{geavg,gespr}.t00z.pgrb2s.0p25.f{060,066,072,078,081}#statistic=max_t(geavg)+offset;offset_f=+0.0269;raw_f=83.0300;spread=gespr@f072;covered_leads=54-81"
LAX,KLAX,2026-07-21,2026-07-18T00:00:00Z,79,gefs,84.4969,1.9800,"s3://noaa-gefs-pds/gefs.20260718/00/atmos/pgrb2sp25/{geavg,gespr}.t00z.pgrb2s.0p25.f{084,090,096,102,105}#statistic=max_t(geavg)+offset;offset_f=+0.0269;raw_f=84.4700;spread=gespr@f096;covered_leads=78-105"
MIA,KMIA,2026-07-21,2026-07-21T00:00:00Z,4,gefs,89.2049,0.5400,"s3://noaa-gefs-pds/gefs.20260721/00/atmos/pgrb2sp25/{geavg,gespr}.t00z.pgrb2s.0p25.f{006,012,018,024,030}#statistic=max_t(geavg)+offset;offset_f=+0.0549;raw_f=89.1500;spread=gespr@f024;covered_leads=0-30"
MIA,KMIA,2026-07-21,2026-07-20T00:00:00Z,28,gefs,88.8449,0.7200,"s3://noaa-gefs-pds/gefs.20260720/00/atmos/pgrb2sp25/{geavg,gespr}.t00z.pgrb2s.0p25.f{030,036,042,048,054}#statistic=max_t(geavg)+offset;offset_f=+0.0549;raw_f=88.7900;spread=gespr@f048;covered_leads=24-54"
MIA,KMIA,2026-07-21,2026-07-19T00:00:00Z,52,gefs,89.0249,1.2600,"s3://noaa-gefs-pds/gefs.20260719/00/atmos/pgrb2sp25/{geavg,gespr}.t00z.pgrb2s.0p25.f{054,060,066,072,078}#statistic=max_t(geavg)+offset;offset_f=+0.0549;raw_f=88.9700;spread=gespr@f072;covered_leads=48-78"
MIA,KMIA,2026-07-21,2026-07-18T00:00:00Z,76,gefs,89.3849,0.9000,"s3://noaa-gefs-pds/gefs.20260718/00/atmos/pgrb2sp25/{geavg,gespr}.t00z.pgrb2s.0p25.f{078,084,090,096,102}#statistic=max_t(geavg)+offset;offset_f=+0.0549;raw_f=89.3300;spread=gespr@f096;covered_leads=72-102"
NY,KNYC,2026-07-21,2026-07-21T00:00:00Z,4,gefs,87.7814,2.1600,"s3://noaa-gefs-pds/gefs.20260721/00/atmos/pgrb2sp25/{geavg,gespr}.t00z.pgrb2s.0p25.f{006,012,018,024,030}#statistic=max_t(geavg)+offset;offset_f=+0.2514;raw_f=87.5300;spread=gespr@f024;covered_leads=0-30"
NY,KNYC,2026-07-21,2026-07-20T00:00:00Z,28,gefs,83.2814,3.2400,"s3://noaa-gefs-pds/gefs.20260720/00/atmos/pgrb2sp25/{geavg,gespr}.t00z.pgrb2s.0p25.f{030,036,042,048,054}#statistic=max_t(geavg)+offset;offset_f=+0.2514;raw_f=83.0300;spread=gespr@f048;covered_leads=24-54"
NY,KNYC,2026-07-21,2026-07-19T00:00:00Z,52,gefs,84.3614,3.6000,"s3://noaa-gefs-pds/gefs.20260719/00/atmos/pgrb2sp25/{geavg,gespr}.t00z.pgrb2s.0p25.f{054,060,066,072,078}#statistic=max_t(geavg)+offset;offset_f=+0.2514;raw_f=84.1100;spread=gespr@f072;covered_leads=48-78"
NY,KNYC,2026-07-21,2026-07-18T00:00:00Z,76,gefs,83.1014,3.2400,"s3://noaa-gefs-pds/gefs.20260718/00/atmos/pgrb2sp25/{geavg,gespr}.t00z.pgrb2s.0p25.f{078,084,090,096,102}#statistic=max_t(geavg)+offset;offset_f=+0.2514;raw_f=82.8500;spread=gespr@f096;covered_leads=72-102"
CHI,KMDW,2026-07-22,2026-07-22T00:00:00Z,5,gefs,78.3989,0.9000,"s3://noaa-gefs-pds/gefs.20260722/00/atmos/pgrb2sp25/{geavg,gespr}.t00z.pgrb2s.0p25.f{006,012,018,024,030}#statistic=max_t(geavg)+offset;offset_f=+0.0489;raw_f=78.3500;spread=gespr@f006;covered_leads=0-30"
CHI,KMDW,2026-07-22,2026-07-21T00:00:00Z,29,gefs,77.1389,2.3400,"s3://noaa-gefs-pds/gefs.20260721/00/atmos/pgrb2sp25/{geavg,gespr}.t00z.pgrb2s.0p25.f{030,036,042,048,054}#statistic=max_t(geavg)+offset;offset_f=+0.0489;raw_f=77.0900;spread=gespr@f030;covered_leads=24-54"
CHI,KMDW,2026-07-22,2026-07-20T00:00:00Z,53,gefs,78.3989,2.5200,"s3://noaa-gefs-pds/gefs.20260720/00/atmos/pgrb2sp25/{geavg,gespr}.t00z.pgrb2s.0p25.f{054,060,066,072,078}#statistic=max_t(geavg)+offset;offset_f=+0.0489;raw_f=78.3500;spread=gespr@f054;covered_leads=48-78"
CHI,KMDW,2026-07-22,2026-07-19T00:00:00Z,77,gefs,80.3789,3.0600,"s3://noaa-gefs-pds/gefs.20260719/00/atmos/pgrb2sp25/{geavg,gespr}.t00z.pgrb2s.0p25.f{078,084,090,096,102}#statistic=max_t(geavg)+offset;offset_f=+0.0489;raw_f=80.3300;spread=gespr@f078;covered_leads=72-102"
LAX,KLAX,2026-07-22,2026-07-22T00:00:00Z,7,gefs,82.3369,1.6200,"s3://noaa-gefs-pds/gefs.20260722/00/atmos/pgrb2sp25/{geavg,gespr}.t00z.pgrb2s.0p25.f{012,018,024,030,033}#statistic=max_t(geavg)+offset;offset_f=+0.0269;raw_f=82.3100;spread=gespr@f024;covered_leads=6-33"
LAX,KLAX,2026-07-22,2026-07-21T00:00:00Z,31,gefs,81.7969,1.6200,"s3://noaa-gefs-pds/gefs.20260721/00/atmos/pgrb2sp25/{geavg,gespr}.t00z.pgrb2s.0p25.f{036,042,048,054,057}#statistic=max_t(geavg)+offset;offset_f=+0.0269;raw_f=81.7700;spread=gespr@f048;covered_leads=30-57"
LAX,KLAX,2026-07-22,2026-07-20T00:00:00Z,55,gefs,83.9569,1.8000,"s3://noaa-gefs-pds/gefs.20260720/00/atmos/pgrb2sp25/{geavg,gespr}.t00z.pgrb2s.0p25.f{060,066,072,078,081}#statistic=max_t(geavg)+offset;offset_f=+0.0269;raw_f=83.9300;spread=gespr@f072;covered_leads=54-81"
LAX,KLAX,2026-07-22,2026-07-19T00:00:00Z,79,gefs,85.0369,2.3400,"s3://noaa-gefs-pds/gefs.20260719/00/atmos/pgrb2sp25/{geavg,gespr}.t00z.pgrb2s.0p25.f{084,090,096,102,105}#statistic=max_t(geavg)+offset;offset_f=+0.0269;raw_f=85.0100;spread=gespr@f096;covered_leads=78-105"
MIA,KMIA,2026-07-22,2026-07-22T00:00:00Z,4,gefs,89.2049,0.7200,"s3://noaa-gefs-pds/gefs.20260722/00/atmos/pgrb2sp25/{geavg,gespr}.t00z.pgrb2s.0p25.f{006,012,018,024,030}#statistic=max_t(geavg)+offset;offset_f=+0.0549;raw_f=89.1500;spread=gespr@f024;covered_leads=0-30"
MIA,KMIA,2026-07-22,2026-07-21T00:00:00Z,28,gefs,89.0249,0.9000,"s3://noaa-gefs-pds/gefs.20260721/00/atmos/pgrb2sp25/{geavg,gespr}.t00z.pgrb2s.0p25.f{030,036,042,048,054}#statistic=max_t(geavg)+offset;offset_f=+0.0549;raw_f=88.9700;spread=gespr@f048;covered_leads=24-54"
MIA,KMIA,2026-07-22,2026-07-20T00:00:00Z,52,gefs,89.0249,0.9000,"s3://noaa-gefs-pds/gefs.20260720/00/atmos/pgrb2sp25/{geavg,gespr}.t00z.pgrb2s.0p25.f{054,060,066,072,078}#statistic=max_t(geavg)+offset;offset_f=+0.0549;raw_f=88.9700;spread=gespr@f072;covered_leads=48-78"
MIA,KMIA,2026-07-22,2026-07-19T00:00:00Z,76,gefs,89.3849,1.2600,"s3://noaa-gefs-pds/gefs.20260719/00/atmos/pgrb2sp25/{geavg,gespr}.t00z.pgrb2s.0p25.f{078,084,090,096,102}#statistic=max_t(geavg)+offset;offset_f=+0.0549;raw_f=89.3300;spread=gespr@f096;covered_leads=72-102"
NY,KNYC,2026-07-22,2026-07-22T00:00:00Z,4,gefs,88.5014,1.2600,"s3://noaa-gefs-pds/gefs.20260722/00/atmos/pgrb2sp25/{geavg,gespr}.t00z.pgrb2s.0p25.f{006,012,018,024,030}#statistic=max_t(geavg)+offset;offset_f=+0.2514;raw_f=88.2500;spread=gespr@f024;covered_leads=0-30"
NY,KNYC,2026-07-22,2026-07-21T00:00:00Z,28,gefs,87.6014,3.0600,"s3://noaa-gefs-pds/gefs.20260721/00/atmos/pgrb2sp25/{geavg,gespr}.t00z.pgrb2s.0p25.f{030,036,042,048,054}#statistic=max_t(geavg)+offset;offset_f=+0.2514;raw_f=87.3500;spread=gespr@f048;covered_leads=24-54"
NY,KNYC,2026-07-22,2026-07-20T00:00:00Z,52,gefs,88.5014,2.8800,"s3://noaa-gefs-pds/gefs.20260720/00/atmos/pgrb2sp25/{geavg,gespr}.t00z.pgrb2s.0p25.f{054,060,066,072,078}#statistic=max_t(geavg)+offset;offset_f=+0.2514;raw_f=88.2500;spread=gespr@f072;covered_leads=48-78"
NY,KNYC,2026-07-22,2026-07-19T00:00:00Z,76,gefs,89.7614,2.8800,"s3://noaa-gefs-pds/gefs.20260719/00/atmos/pgrb2sp25/{geavg,gespr}.t00z.pgrb2s.0p25.f{078,084,090,096,102}#statistic=max_t(geavg)+offset;offset_f=+0.2514;raw_f=89.5100;spread=gespr@f096;covered_leads=72-102"
CHI,KMDW,2026-07-23,2026-07-23T00:00:00Z,5,gefs,78.9389,1.2600,"s3://noaa-gefs-pds/gefs.20260723/00/atmos/pgrb2sp25/{geavg,gespr}.t00z.pgrb2s.0p25.f{006,012,018,024,030}#statistic=max_t(geavg)+offset;offset_f=+0.0489;raw_f=78.8900;spread=gespr@f024;covered_leads=0-30"
CHI,KMDW,2026-07-23,2026-07-22T00:00:00Z,29,gefs,79.1189,1.9800,"s3://noaa-gefs-pds/gefs.20260722/00/atmos/pgrb2sp25/{geavg,gespr}.t00z.pgrb2s.0p25.f{030,036,042,048,054}#statistic=max_t(geavg)+offset;offset_f=+0.0489;raw_f=79.0700;spread=gespr@f048;covered_leads=24-54"
CHI,KMDW,2026-07-23,2026-07-21T00:00:00Z,53,gefs,79.2989,1.8000,"s3://noaa-gefs-pds/gefs.20260721/00/atmos/pgrb2sp25/{geavg,gespr}.t00z.pgrb2s.0p25.f{054,060,066,072,078}#statistic=max_t(geavg)+offset;offset_f=+0.0489;raw_f=79.2500;spread=gespr@f072;covered_leads=48-78"
CHI,KMDW,2026-07-23,2026-07-20T00:00:00Z,77,gefs,80.1989,1.9800,"s3://noaa-gefs-pds/gefs.20260720/00/atmos/pgrb2sp25/{geavg,gespr}.t00z.pgrb2s.0p25.f{078,084,090,096,102}#statistic=max_t(geavg)+offset;offset_f=+0.0489;raw_f=80.1500;spread=gespr@f096;covered_leads=72-102"
LAX,KLAX,2026-07-23,2026-07-23T00:00:00Z,7,gefs,85.9369,1.4400,"s3://noaa-gefs-pds/gefs.20260723/00/atmos/pgrb2sp25/{geavg,gespr}.t00z.pgrb2s.0p25.f{012,018,024,030,033}#statistic=max_t(geavg)+offset;offset_f=+0.0269;raw_f=85.9100;spread=gespr@f030;covered_leads=6-33"
LAX,KLAX,2026-07-23,2026-07-22T00:00:00Z,31,gefs,86.8369,1.6200,"s3://noaa-gefs-pds/gefs.20260722/00/atmos/pgrb2sp25/{geavg,gespr}.t00z.pgrb2s.0p25.f{036,042,048,054,057}#statistic=max_t(geavg)+offset;offset_f=+0.0269;raw_f=86.8100;spread=gespr@f048;covered_leads=30-57"
LAX,KLAX,2026-07-23,2026-07-21T00:00:00Z,55,gefs,84.6769,1.8000,"s3://noaa-gefs-pds/gefs.20260721/00/atmos/pgrb2sp25/{geavg,gespr}.t00z.pgrb2s.0p25.f{060,066,072,078,081}#statistic=max_t(geavg)+offset;offset_f=+0.0269;raw_f=84.6500;spread=gespr@f072;covered_leads=54-81"
LAX,KLAX,2026-07-23,2026-07-20T00:00:00Z,79,gefs,86.4769,2.7000,"s3://noaa-gefs-pds/gefs.20260720/00/atmos/pgrb2sp25/{geavg,gespr}.t00z.pgrb2s.0p25.f{084,090,096,102,105}#statistic=max_t(geavg)+offset;offset_f=+0.0269;raw_f=86.4500;spread=gespr@f096;covered_leads=78-105"
MIA,KMIA,2026-07-23,2026-07-23T00:00:00Z,4,gefs,89.3849,0.9000,"s3://noaa-gefs-pds/gefs.20260723/00/atmos/pgrb2sp25/{geavg,gespr}.t00z.pgrb2s.0p25.f{006,012,018,024,030}#statistic=max_t(geavg)+offset;offset_f=+0.0549;raw_f=89.3300;spread=gespr@f024;covered_leads=0-30"
MIA,KMIA,2026-07-23,2026-07-22T00:00:00Z,28,gefs,89.3849,0.5400,"s3://noaa-gefs-pds/gefs.20260722/00/atmos/pgrb2sp25/{geavg,gespr}.t00z.pgrb2s.0p25.f{030,036,042,048,054}#statistic=max_t(geavg)+offset;offset_f=+0.0549;raw_f=89.3300;spread=gespr@f048;covered_leads=24-54"
MIA,KMIA,2026-07-23,2026-07-21T00:00:00Z,52,gefs,89.3849,0.7200,"s3://noaa-gefs-pds/gefs.20260721/00/atmos/pgrb2sp25/{geavg,gespr}.t00z.pgrb2s.0p25.f{054,060,066,072,078}#statistic=max_t(geavg)+offset;offset_f=+0.0549;raw_f=89.3300;spread=gespr@f072;covered_leads=48-78"
MIA,KMIA,2026-07-23,2026-07-20T00:00:00Z,76,gefs,89.0249,1.0800,"s3://noaa-gefs-pds/gefs.20260720/00/atmos/pgrb2sp25/{geavg,gespr}.t00z.pgrb2s.0p25.f{078,084,090,096,102}#statistic=max_t(geavg)+offset;offset_f=+0.0549;raw_f=88.9700;spread=gespr@f096;covered_leads=72-102"
NY,KNYC,2026-07-23,2026-07-23T00:00:00Z,4,gefs,85.0814,1.8000,"s3://noaa-gefs-pds/gefs.20260723/00/atmos/pgrb2sp25/{geavg,gespr}.t00z.pgrb2s.0p25.f{006,012,018,024,030}#statistic=max_t(geavg)+offset;offset_f=+0.2514;raw_f=84.8300;spread=gespr@f024;covered_leads=0-30"
NY,KNYC,2026-07-23,2026-07-22T00:00:00Z,28,gefs,84.9014,2.5200,"s3://noaa-gefs-pds/gefs.20260722/00/atmos/pgrb2sp25/{geavg,gespr}.t00z.pgrb2s.0p25.f{030,036,042,048,054}#statistic=max_t(geavg)+offset;offset_f=+0.2514;raw_f=84.6500;spread=gespr@f048;covered_leads=24-54"
NY,KNYC,2026-07-23,2026-07-21T00:00:00Z,52,gefs,84.9014,2.7000,"s3://noaa-gefs-pds/gefs.20260721/00/atmos/pgrb2sp25/{geavg,gespr}.t00z.pgrb2s.0p25.f{054,060,066,072,078}#statistic=max_t(geavg)+offset;offset_f=+0.2514;raw_f=84.6500;spread=gespr@f072;covered_leads=48-78"
NY,KNYC,2026-07-23,2026-07-20T00:00:00Z,76,gefs,83.4614,2.7000,"s3://noaa-gefs-pds/gefs.20260720/00/atmos/pgrb2sp25/{geavg,gespr}.t00z.pgrb2s.0p25.f{078,084,090,096,102}#statistic=max_t(geavg)+offset;offset_f=+0.2514;raw_f=83.2100;spread=gespr@f096;covered_leads=72-102"
CHI,KMDW,2026-07-24,2026-07-24T00:00:00Z,5,gefs,79.8389,1.4400,"s3://noaa-gefs-pds/gefs.20260724/00/atmos/pgrb2sp25/{geavg,gespr}.t00z.pgrb2s.0p25.f{006,012,018,024,030}#statistic=max_t(geavg)+offset;offset_f=+0.0489;raw_f=79.7900;spread=gespr@f024;covered_leads=0-30"
CHI,KMDW,2026-07-24,2026-07-23T00:00:00Z,29,gefs,78.7589,2.1600,"s3://noaa-gefs-pds/gefs.20260723/00/atmos/pgrb2sp25/{geavg,gespr}.t00z.pgrb2s.0p25.f{030,036,042,048,054}#statistic=max_t(geavg)+offset;offset_f=+0.0489;raw_f=78.7100;spread=gespr@f048;covered_leads=24-54"
CHI,KMDW,2026-07-24,2026-07-22T00:00:00Z,53,gefs,79.6589,3.6000,"s3://noaa-gefs-pds/gefs.20260722/00/atmos/pgrb2sp25/{geavg,gespr}.t00z.pgrb2s.0p25.f{054,060,066,072,078}#statistic=max_t(geavg)+offset;offset_f=+0.0489;raw_f=79.6100;spread=gespr@f072;covered_leads=48-78"
CHI,KMDW,2026-07-24,2026-07-21T00:00:00Z,77,gefs,77.4989,5.4000,"s3://noaa-gefs-pds/gefs.20260721/00/atmos/pgrb2sp25/{geavg,gespr}.t00z.pgrb2s.0p25.f{078,084,090,096,102}#statistic=max_t(geavg)+offset;offset_f=+0.0489;raw_f=77.4500;spread=gespr@f096;covered_leads=72-102"
LAX,KLAX,2026-07-24,2026-07-24T00:00:00Z,7,gefs,85.0369,1.0800,"s3://noaa-gefs-pds/gefs.20260724/00/atmos/pgrb2sp25/{geavg,gespr}.t00z.pgrb2s.0p25.f{012,018,024,030,033}#statistic=max_t(geavg)+offset;offset_f=+0.0269;raw_f=85.0100;spread=gespr@f024;covered_leads=6-33"
LAX,KLAX,2026-07-24,2026-07-23T00:00:00Z,31,gefs,87.7369,1.9800,"s3://noaa-gefs-pds/gefs.20260723/00/atmos/pgrb2sp25/{geavg,gespr}.t00z.pgrb2s.0p25.f{036,042,048,054,057}#statistic=max_t(geavg)+offset;offset_f=+0.0269;raw_f=87.7100;spread=gespr@f048;covered_leads=30-57"
LAX,KLAX,2026-07-24,2026-07-22T00:00:00Z,55,gefs,87.3769,2.1600,"s3://noaa-gefs-pds/gefs.20260722/00/atmos/pgrb2sp25/{geavg,gespr}.t00z.pgrb2s.0p25.f{060,066,072,078,081}#statistic=max_t(geavg)+offset;offset_f=+0.0269;raw_f=87.3500;spread=gespr@f072;covered_leads=54-81"
LAX,KLAX,2026-07-24,2026-07-21T00:00:00Z,79,gefs,86.1169,2.5200,"s3://noaa-gefs-pds/gefs.20260721/00/atmos/pgrb2sp25/{geavg,gespr}.t00z.pgrb2s.0p25.f{084,090,096,102,105}#statistic=max_t(geavg)+offset;offset_f=+0.0269;raw_f=86.0900;spread=gespr@f096;covered_leads=78-105"
MIA,KMIA,2026-07-24,2026-07-24T00:00:00Z,4,gefs,89.3849,0.7200,"s3://noaa-gefs-pds/gefs.20260724/00/atmos/pgrb2sp25/{geavg,gespr}.t00z.pgrb2s.0p25.f{006,012,018,024,030}#statistic=max_t(geavg)+offset;offset_f=+0.0549;raw_f=89.3300;spread=gespr@f018;covered_leads=0-30"
MIA,KMIA,2026-07-24,2026-07-23T00:00:00Z,28,gefs,89.2049,0.9000,"s3://noaa-gefs-pds/gefs.20260723/00/atmos/pgrb2sp25/{geavg,gespr}.t00z.pgrb2s.0p25.f{030,036,042,048,054}#statistic=max_t(geavg)+offset;offset_f=+0.0549;raw_f=89.1500;spread=gespr@f048;covered_leads=24-54"
MIA,KMIA,2026-07-24,2026-07-22T00:00:00Z,52,gefs,89.5649,0.7200,"s3://noaa-gefs-pds/gefs.20260722/00/atmos/pgrb2sp25/{geavg,gespr}.t00z.pgrb2s.0p25.f{054,060,066,072,078}#statistic=max_t(geavg)+offset;offset_f=+0.0549;raw_f=89.5100;spread=gespr@f072;covered_leads=48-78"
MIA,KMIA,2026-07-24,2026-07-21T00:00:00Z,76,gefs,89.3849,0.9000,"s3://noaa-gefs-pds/gefs.20260721/00/atmos/pgrb2sp25/{geavg,gespr}.t00z.pgrb2s.0p25.f{078,084,090,096,102}#statistic=max_t(geavg)+offset;offset_f=+0.0549;raw_f=89.3300;spread=gespr@f096;covered_leads=72-102"
NY,KNYC,2026-07-24,2026-07-24T00:00:00Z,4,gefs,85.9814,1.4400,"s3://noaa-gefs-pds/gefs.20260724/00/atmos/pgrb2sp25/{geavg,gespr}.t00z.pgrb2s.0p25.f{006,012,018,024,030}#statistic=max_t(geavg)+offset;offset_f=+0.2514;raw_f=85.7300;spread=gespr@f018;covered_leads=0-30"
NY,KNYC,2026-07-24,2026-07-23T00:00:00Z,28,gefs,85.0814,1.4400,"s3://noaa-gefs-pds/gefs.20260723/00/atmos/pgrb2sp25/{geavg,gespr}.t00z.pgrb2s.0p25.f{030,036,042,048,054}#statistic=max_t(geavg)+offset;offset_f=+0.2514;raw_f=84.8300;spread=gespr@f042;covered_leads=24-54"
NY,KNYC,2026-07-24,2026-07-22T00:00:00Z,52,gefs,84.7214,1.8000,"s3://noaa-gefs-pds/gefs.20260722/00/atmos/pgrb2sp25/{geavg,gespr}.t00z.pgrb2s.0p25.f{054,060,066,072,078}#statistic=max_t(geavg)+offset;offset_f=+0.2514;raw_f=84.4700;spread=gespr@f072;covered_leads=48-78"
NY,KNYC,2026-07-24,2026-07-21T00:00:00Z,76,gefs,85.4414,2.3400,"s3://noaa-gefs-pds/gefs.20260721/00/atmos/pgrb2sp25/{geavg,gespr}.t00z.pgrb2s.0p25.f{078,084,090,096,102}#statistic=max_t(geavg)+offset;offset_f=+0.2514;raw_f=85.1900;spread=gespr@f096;covered_leads=72-102"
CHI,KMDW,2026-07-25,2026-07-24T00:00:00Z,29,gefs,82.5389,2.1600,"s3://noaa-gefs-pds/gefs.20260724/00/atmos/pgrb2sp25/{geavg,gespr}.t00z.pgrb2s.0p25.f{030,036,042,048,054}#statistic=max_t(geavg)+offset;offset_f=+0.0489;raw_f=82.4900;spread=gespr@f048;covered_leads=24-54"
CHI,KMDW,2026-07-25,2026-07-23T00:00:00Z,53,gefs,81.4589,2.8800,"s3://noaa-gefs-pds/gefs.20260723/00/atmos/pgrb2sp25/{geavg,gespr}.t00z.pgrb2s.0p25.f{054,060,066,072,078}#statistic=max_t(geavg)+offset;offset_f=+0.0489;raw_f=81.4100;spread=gespr@f072;covered_leads=48-78"
CHI,KMDW,2026-07-25,2026-07-22T00:00:00Z,77,gefs,82.1789,3.0600,"s3://noaa-gefs-pds/gefs.20260722/00/atmos/pgrb2sp25/{geavg,gespr}.t00z.pgrb2s.0p25.f{078,084,090,096,102}#statistic=max_t(geavg)+offset;offset_f=+0.0489;raw_f=82.1300;spread=gespr@f096;covered_leads=72-102"
LAX,KLAX,2026-07-25,2026-07-24T00:00:00Z,31,gefs,86.1169,1.6200,"s3://noaa-gefs-pds/gefs.20260724/00/atmos/pgrb2sp25/{geavg,gespr}.t00z.pgrb2s.0p25.f{036,042,048,054,057}#statistic=max_t(geavg)+offset;offset_f=+0.0269;raw_f=86.0900;spread=gespr@f048;covered_leads=30-57"
LAX,KLAX,2026-07-25,2026-07-23T00:00:00Z,55,gefs,88.0969,1.9800,"s3://noaa-gefs-pds/gefs.20260723/00/atmos/pgrb2sp25/{geavg,gespr}.t00z.pgrb2s.0p25.f{060,066,072,078,081}#statistic=max_t(geavg)+offset;offset_f=+0.0269;raw_f=88.0700;spread=gespr@f072;covered_leads=54-81"
LAX,KLAX,2026-07-25,2026-07-22T00:00:00Z,79,gefs,87.3769,2.3400,"s3://noaa-gefs-pds/gefs.20260722/00/atmos/pgrb2sp25/{geavg,gespr}.t00z.pgrb2s.0p25.f{084,090,096,102,105}#statistic=max_t(geavg)+offset;offset_f=+0.0269;raw_f=87.3500;spread=gespr@f096;covered_leads=78-105"
MIA,KMIA,2026-07-25,2026-07-24T00:00:00Z,28,gefs,89.7449,1.0800,"s3://noaa-gefs-pds/gefs.20260724/00/atmos/pgrb2sp25/{geavg,gespr}.t00z.pgrb2s.0p25.f{030,036,042,048,054}#statistic=max_t(geavg)+offset;offset_f=+0.0549;raw_f=89.6900;spread=gespr@f048;covered_leads=24-54"
MIA,KMIA,2026-07-25,2026-07-23T00:00:00Z,52,gefs,89.5649,1.0800,"s3://noaa-gefs-pds/gefs.20260723/00/atmos/pgrb2sp25/{geavg,gespr}.t00z.pgrb2s.0p25.f{054,060,066,072,078}#statistic=max_t(geavg)+offset;offset_f=+0.0549;raw_f=89.5100;spread=gespr@f072;covered_leads=48-78"
MIA,KMIA,2026-07-25,2026-07-22T00:00:00Z,76,gefs,89.7449,0.9000,"s3://noaa-gefs-pds/gefs.20260722/00/atmos/pgrb2sp25/{geavg,gespr}.t00z.pgrb2s.0p25.f{078,084,090,096,102}#statistic=max_t(geavg)+offset;offset_f=+0.0549;raw_f=89.6900;spread=gespr@f096;covered_leads=72-102"
NY,KNYC,2026-07-25,2026-07-24T00:00:00Z,28,gefs,82.7414,2.8800,"s3://noaa-gefs-pds/gefs.20260724/00/atmos/pgrb2sp25/{geavg,gespr}.t00z.pgrb2s.0p25.f{030,036,042,048,054}#statistic=max_t(geavg)+offset;offset_f=+0.2514;raw_f=82.4900;spread=gespr@f048;covered_leads=24-54"
NY,KNYC,2026-07-25,2026-07-23T00:00:00Z,52,gefs,85.2614,1.8000,"s3://noaa-gefs-pds/gefs.20260723/00/atmos/pgrb2sp25/{geavg,gespr}.t00z.pgrb2s.0p25.f{054,060,066,072,078}#statistic=max_t(geavg)+offset;offset_f=+0.2514;raw_f=85.0100;spread=gespr@f066;covered_leads=48-78"
NY,KNYC,2026-07-25,2026-07-22T00:00:00Z,76,gefs,84.9014,2.1600,"s3://noaa-gefs-pds/gefs.20260722/00/atmos/pgrb2sp25/{geavg,gespr}.t00z.pgrb2s.0p25.f{078,084,090,096,102}#statistic=max_t(geavg)+offset;offset_f=+0.2514;raw_f=84.6500;spread=gespr@f096;covered_leads=72-102"
CHI,KMDW,2026-07-26,2026-07-24T00:00:00Z,53,gefs,92.0789,2.5200,"s3://noaa-gefs-pds/gefs.20260724/00/atmos/pgrb2sp25/{geavg,gespr}.t00z.pgrb2s.0p25.f{054,060,066,072,078}#statistic=max_t(geavg)+offset;offset_f=+0.0489;raw_f=92.0300;spread=gespr@f072;covered_leads=48-78"
CHI,KMDW,2026-07-26,2026-07-23T00:00:00Z,77,gefs,90.0989,3.0600,"s3://noaa-gefs-pds/gefs.20260723/00/atmos/pgrb2sp25/{geavg,gespr}.t00z.pgrb2s.0p25.f{078,084,090,096,102}#statistic=max_t(geavg)+offset;offset_f=+0.0489;raw_f=90.0500;spread=gespr@f096;covered_leads=72-102"
LAX,KLAX,2026-07-26,2026-07-24T00:00:00Z,55,gefs,86.1169,1.6200,"s3://noaa-gefs-pds/gefs.20260724/00/atmos/pgrb2sp25/{geavg,gespr}.t00z.pgrb2s.0p25.f{060,066,072,078,081}#statistic=max_t(geavg)+offset;offset_f=+0.0269;raw_f=86.0900;spread=gespr@f072;covered_leads=54-81"
LAX,KLAX,2026-07-26,2026-07-23T00:00:00Z,79,gefs,87.3769,2.3400,"s3://noaa-gefs-pds/gefs.20260723/00/atmos/pgrb2sp25/{geavg,gespr}.t00z.pgrb2s.0p25.f{084,090,096,102,105}#statistic=max_t(geavg)+offset;offset_f=+0.0269;raw_f=87.3500;spread=gespr@f096;covered_leads=78-105"
MIA,KMIA,2026-07-26,2026-07-24T00:00:00Z,52,gefs,90.6449,0.9000,"s3://noaa-gefs-pds/gefs.20260724/00/atmos/pgrb2sp25/{geavg,gespr}.t00z.pgrb2s.0p25.f{054,060,066,072,078}#statistic=max_t(geavg)+offset;offset_f=+0.0549;raw_f=90.5900;spread=gespr@f072;covered_leads=48-78"
MIA,KMIA,2026-07-26,2026-07-23T00:00:00Z,76,gefs,90.1049,1.4400,"s3://noaa-gefs-pds/gefs.20260723/00/atmos/pgrb2sp25/{geavg,gespr}.t00z.pgrb2s.0p25.f{078,084,090,096,102}#statistic=max_t(geavg)+offset;offset_f=+0.0549;raw_f=90.0500;spread=gespr@f096;covered_leads=72-102"
NY,KNYC,2026-07-26,2026-07-24T00:00:00Z,52,gefs,85.9814,2.8800,"s3://noaa-gefs-pds/gefs.20260724/00/atmos/pgrb2sp25/{geavg,gespr}.t00z.pgrb2s.0p25.f{054,060,066,072,078}#statistic=max_t(geavg)+offset;offset_f=+0.2514;raw_f=85.7300;spread=gespr@f072;covered_leads=48-78"
NY,KNYC,2026-07-26,2026-07-23T00:00:00Z,76,gefs,84.1814,3.2400,"s3://noaa-gefs-pds/gefs.20260723/00/atmos/pgrb2sp25/{geavg,gespr}.t00z.pgrb2s.0p25.f{078,084,090,096,102}#statistic=max_t(geavg)+offset;offset_f=+0.2514;raw_f=83.9300;spread=gespr@f096;covered_leads=72-102"
CHI,KMDW,2026-07-27,2026-07-24T00:00:00Z,77,gefs,92.4389,3.0600,"s3://noaa-gefs-pds/gefs.20260724/00/atmos/pgrb2sp25/{geavg,gespr}.t00z.pgrb2s.0p25.f{078,084,090,096,102}#statistic=max_t(geavg)+offset;offset_f=+0.0489;raw_f=92.3900;spread=gespr@f096;covered_leads=72-102"
LAX,KLAX,2026-07-27,2026-07-24T00:00:00Z,79,gefs,83.7769,1.4400,"s3://noaa-gefs-pds/gefs.20260724/00/atmos/pgrb2sp25/{geavg,gespr}.t00z.pgrb2s.0p25.f{084,090,096,102,105}#statistic=max_t(geavg)+offset;offset_f=+0.0269;raw_f=83.7500;spread=gespr@f096;covered_leads=78-105"
MIA,KMIA,2026-07-27,2026-07-24T00:00:00Z,76,gefs,89.9249,1.9800,"s3://noaa-gefs-pds/gefs.20260724/00/atmos/pgrb2sp25/{geavg,gespr}.t00z.pgrb2s.0p25.f{078,084,090,096,102}#statistic=max_t(geavg)+offset;offset_f=+0.0549;raw_f=89.8700;spread=gespr@f096;covered_leads=72-102"
NY,KNYC,2026-07-27,2026-07-24T00:00:00Z,76,gefs,85.9814,3.4200,"s3://noaa-gefs-pds/gefs.20260724/00/atmos/pgrb2sp25/{geavg,gespr}.t00z.pgrb2s.0p25.f{078,084,090,096,102}#statistic=max_t(geavg)+offset;offset_f=+0.2514;raw_f=85.7300;spread=gespr@f096;covered_leads=72-102"
