Timestamp,Symbol,Price,Type,Status
2026-03-22T19:34:50.904180,BTC-USD (Coinbase),67806.33,MARKET_DATA,REAL
2026-03-22T19:34:51.179233,KXBTC15M-26MAR222045-45 (15m),0.18,MARKET_DATA,REAL
2026-03-22T19:34:53.414158,KXBTCD-26MAR2221-T67799.99 (1h),0.55,MARKET_DATA,REAL
2026-03-22T19:34:53.503612,KXBTCD-26MAR2221-T67599.99 (1h),0.81,MARKET_DATA,REAL
2026-03-22T19:34:53.594414,KXBTCD-26MAR2221-T67999.99 (1h),0.23,MARKET_DATA,REAL
2026-03-22T19:34:56.596051,KXHIGHNY-26MAR22-B62.5 (Market),0.99,MARKET_DATA,REAL
2026-03-22T19:34:56.596398,KXHIGHNY (F),53.06,MARKET_DATA,REAL
2026-03-22T19:35:00.776371,KXHIGHLAX-26MAR22-T75 (Market),0.99,MARKET_DATA,REAL
2026-03-22T19:35:00.777000,KXHIGHLAX (F),64.4,MARKET_DATA,REAL
2026-03-22T19:35:04.269276,KXHIGHCHI-26MAR22-T65 (Market),0.99,MARKET_DATA,REAL
2026-03-22T19:35:04.269944,KXHIGHCHI (F),33.8,MARKET_DATA,REAL
2026-03-22T19:35:07.641154,KXHIGHMIA-26MAR22-B81.5 (Market),0.99,MARKET_DATA,REAL
2026-03-22T19:35:07.641607,KXHIGHMIA (F),71.6,MARKET_DATA,REAL
2026-03-22T19:35:11.082322,BTC-USD (Coinbase),67800.03,MARKET_DATA,REAL
2026-03-22T19:35:11.171263,KXBTC15M-26MAR222045-45 (15m),0.15,MARKET_DATA,REAL
2026-03-22T19:35:13.161494,KXBTCD-26MAR2221-T67799.99 (1h),0.49,MARKET_DATA,REAL
2026-03-22T19:35:13.247190,KXBTCD-26MAR2221-T67599.99 (1h),0.77,MARKET_DATA,REAL
2026-03-22T19:35:13.343975,KXBTCD-26MAR2221-T67999.99 (1h),0.21,MARKET_DATA,REAL
2026-03-22T19:35:14.559354,KXHIGHNY-26MAR22-B62.5 (Market),0.99,MARKET_DATA,REAL
2026-03-22T19:35:14.560055,KXHIGHNY (F),53.06,MARKET_DATA,REAL
2026-03-22T19:35:16.747195,KXHIGHLAX-26MAR22-T75 (Market),0.99,MARKET_DATA,REAL
2026-03-22T19:35:16.747569,KXHIGHLAX (F),64.4,MARKET_DATA,REAL
2026-03-22T19:35:18.920106,KXHIGHCHI-26MAR22-T65 (Market),0.99,MARKET_DATA,REAL
2026-03-22T19:35:18.920903,KXHIGHCHI (F),33.8,MARKET_DATA,REAL
2026-03-22T19:35:21.057398,KXHIGHMIA-26MAR22-B81.5 (Market),0.99,MARKET_DATA,REAL
2026-03-22T19:35:21.058179,KXHIGHMIA (F),71.6,MARKET_DATA,REAL
2026-03-22T19:35:24.427401,BTC-USD (Coinbase),67761.2,MARKET_DATA,REAL
2026-03-22T19:35:24.543923,KXBTC15M-26MAR222045-45 (15m),0.12,MARKET_DATA,REAL
2026-03-22T19:35:26.611949,KXBTCD-26MAR2221-T67799.99 (1h),0.44,MARKET_DATA,REAL
2026-03-22T19:35:26.706392,KXBTCD-26MAR2221-T67599.99 (1h),0.73,MARKET_DATA,REAL
2026-03-22T19:35:26.793372,KXBTCD-26MAR2221-T67999.99 (1h),0.17,MARKET_DATA,REAL
2026-03-22T19:35:28.043411,KXHIGHNY-26MAR22-B62.5 (Market),0.99,MARKET_DATA,REAL
2026-03-22T19:35:28.043869,KXHIGHNY (F),53.06,MARKET_DATA,REAL
2026-03-22T19:35:30.155581,KXHIGHLAX-26MAR22-T75 (Market),0.99,MARKET_DATA,REAL
2026-03-22T19:35:30.156125,KXHIGHLAX (F),64.4,MARKET_DATA,REAL
2026-03-22T19:35:32.226515,KXHIGHCHI-26MAR22-T65 (Market),0.99,MARKET_DATA,REAL
2026-03-22T19:35:32.227391,KXHIGHCHI (F),33.8,MARKET_DATA,REAL
2026-03-22T19:35:34.356640,KXHIGHMIA-26MAR22-B81.5 (Market),0.99,MARKET_DATA,REAL
2026-03-22T19:35:34.357553,KXHIGHMIA (F),71.6,MARKET_DATA,REAL
2026-03-22T19:35:37.795334,BTC-USD (Coinbase),67802.13,MARKET_DATA,REAL
2026-03-22T19:35:37.884645,KXBTC15M-26MAR222045-45 (15m),0.14,MARKET_DATA,REAL
2026-03-22T19:35:40.077103,KXBTCD-26MAR2221-T67799.99 (1h),0.47,MARKET_DATA,REAL
2026-03-22T19:35:40.163894,KXBTCD-26MAR2221-T67599.99 (1h),0.76,MARKET_DATA,REAL
2026-03-22T19:35:40.247213,KXBTCD-26MAR2221-T67999.99 (1h),0.21,MARKET_DATA,REAL
2026-03-22T19:35:41.518093,KXHIGHNY-26MAR22-B62.5 (Market),0.99,MARKET_DATA,REAL
2026-03-22T19:35:41.518537,KXHIGHNY (F),53.06,MARKET_DATA,REAL
2026-03-22T19:35:43.630222,KXHIGHLAX-26MAR22-T75 (Market),0.99,MARKET_DATA,REAL
2026-03-22T19:35:43.630842,KXHIGHLAX (F),64.4,MARKET_DATA,REAL
2026-03-22T19:35:45.712855,KXHIGHCHI-26MAR22-T65 (Market),0.99,MARKET_DATA,REAL
2026-03-22T19:35:45.713547,KXHIGHCHI (F),33.8,MARKET_DATA,REAL
2026-03-22T19:35:47.823808,KXHIGHMIA-26MAR22-B81.5 (Market),0.99,MARKET_DATA,REAL
2026-03-22T19:35:47.824256,KXHIGHMIA (F),71.6,MARKET_DATA,REAL
2026-03-22T19:35:51.184154,BTC-USD (Coinbase),67784.86,MARKET_DATA,REAL
2026-03-22T19:35:51.354524,KXBTC15M-26MAR222045-45 (15m),0.12,MARKET_DATA,REAL
2026-03-22T19:35:53.434340,KXBTCD-26MAR2221-T67799.99 (1h),0.46,MARKET_DATA,REAL
2026-03-22T19:35:53.525129,KXBTCD-26MAR2221-T67599.99 (1h),0.76,MARKET_DATA,REAL
2026-03-22T19:35:53.614764,KXBTCD-26MAR2221-T67999.99 (1h),0.19,MARKET_DATA,REAL
2026-03-22T19:35:54.807453,KXHIGHNY-26MAR22-B62.5 (Market),0.99,MARKET_DATA,REAL
2026-03-22T19:35:54.807765,KXHIGHNY (F),53.06,MARKET_DATA,REAL
2026-03-22T19:35:56.909874,KXHIGHLAX-26MAR22-T75 (Market),0.99,MARKET_DATA,REAL
2026-03-22T19:35:56.910225,KXHIGHLAX (F),64.4,MARKET_DATA,REAL
2026-03-22T19:35:59.022622,KXHIGHCHI-26MAR22-T65 (Market),0.99,MARKET_DATA,REAL
2026-03-22T19:35:59.023060,KXHIGHCHI (F),33.8,MARKET_DATA,REAL
2026-03-22T19:36:01.072873,KXHIGHMIA-26MAR22-B81.5 (Market),0.99,MARKET_DATA,REAL
2026-03-22T19:36:01.073223,KXHIGHMIA (F),71.6,MARKET_DATA,REAL
2026-03-22T19:36:04.488645,BTC-USD (Coinbase),67753.35,MARKET_DATA,REAL
2026-03-22T19:36:04.580433,KXBTC15M-26MAR222045-45 (15m),0.09,MARKET_DATA,REAL
2026-03-22T19:36:04.589654,KXBTC15M-26MAR222045-45,0.91,SIGNAL_BUY,EXECUTED
2026-03-22T19:36:06.663652,KXBTCD-26MAR2221-T67799.99 (1h),0.42,MARKET_DATA,REAL
2026-03-22T19:36:06.757790,KXBTCD-26MAR2221-T67599.99 (1h),0.74,MARKET_DATA,REAL
2026-03-22T19:36:06.840435,KXBTCD-26MAR2221-T67999.99 (1h),0.17,MARKET_DATA,REAL
2026-03-22T19:36:09.258279,KXHIGHNY-26MAR22-B62.5 (Market),0.99,MARKET_DATA,REAL
2026-03-22T19:36:09.259011,KXHIGHNY (F),53.06,MARKET_DATA,REAL
2026-03-22T19:36:12.633377,KXHIGHLAX-26MAR22-T75 (Market),0.99,MARKET_DATA,REAL
2026-03-22T19:36:12.634216,KXHIGHLAX (F),64.4,MARKET_DATA,REAL
2026-03-22T19:36:15.942890,KXHIGHCHI-26MAR22-T65 (Market),0.99,MARKET_DATA,REAL
2026-03-22T19:36:15.943365,KXHIGHCHI (F),33.8,MARKET_DATA,REAL
2026-03-22T19:36:19.248203,KXHIGHMIA-26MAR22-B81.5 (Market),0.99,MARKET_DATA,REAL
2026-03-22T19:36:19.248597,KXHIGHMIA (F),71.6,MARKET_DATA,REAL
2026-03-22T19:36:22.758822,BTC-USD (Coinbase),67666.76,MARKET_DATA,REAL
2026-03-22T19:36:22.846843,KXBTC15M-26MAR222045-45 (15m),0.05,MARKET_DATA,REAL
2026-03-22T19:36:24.997572,KXBTCD-26MAR2221-T67599.99 (1h),0.57,MARKET_DATA,REAL
2026-03-22T19:36:25.129517,KXBTCD-26MAR2221-T67399.99 (1h),0.82,MARKET_DATA,REAL
2026-03-22T19:36:25.215222,KXBTCD-26MAR2221-T67799.99 (1h),0.27,MARKET_DATA,REAL
2026-03-22T19:36:26.450676,KXHIGHNY-26MAR22-B62.5 (Market),0.99,MARKET_DATA,REAL
2026-03-22T19:36:26.451037,KXHIGHNY (F),53.06,MARKET_DATA,REAL
2026-03-22T19:36:28.709349,KXHIGHLAX-26MAR22-T75 (Market),0.99,MARKET_DATA,REAL
2026-03-22T19:36:28.710001,KXHIGHLAX (F),64.4,MARKET_DATA,REAL
2026-03-22T19:36:30.871542,KXHIGHCHI-26MAR22-T65 (Market),0.99,MARKET_DATA,REAL
2026-03-22T19:36:30.872052,KXHIGHCHI (F),33.8,MARKET_DATA,REAL
2026-03-22T19:36:33.085429,KXHIGHMIA-26MAR22-B81.5 (Market),0.99,MARKET_DATA,REAL
2026-03-22T19:36:33.086832,KXHIGHMIA (F),71.6,MARKET_DATA,REAL
2026-03-22T19:36:36.548847,BTC-USD (Coinbase),67672.0,MARKET_DATA,REAL
2026-03-22T19:36:36.631271,KXBTC15M-26MAR222045-45 (15m),0.031,MARKET_DATA,REAL
2026-03-22T19:36:38.723784,KXBTCD-26MAR2221-T67699.99 (1h),0.4,MARKET_DATA,REAL
2026-03-22T19:36:38.819172,KXBTCD-26MAR2221-T67499.99 (1h),0.72,MARKET_DATA,REAL
2026-03-22T19:36:38.914858,KXBTCD-26MAR2221-T67899.99 (1h),0.19,MARKET_DATA,REAL
2026-03-22T19:36:40.276914,KXHIGHNY-26MAR22-B62.5 (Market),0.99,MARKET_DATA,REAL
2026-03-22T19:36:40.277896,KXHIGHNY (F),53.06,MARKET_DATA,REAL
2026-03-22T19:36:42.492202,KXHIGHLAX-26MAR22-T75 (Market),0.99,MARKET_DATA,REAL
2026-03-22T19:36:42.493143,KXHIGHLAX (F),64.4,MARKET_DATA,REAL
2026-03-22T19:36:44.699679,KXHIGHCHI-26MAR22-T65 (Market),0.99,MARKET_DATA,REAL
2026-03-22T19:36:44.700450,KXHIGHCHI (F),33.8,MARKET_DATA,REAL
2026-03-22T19:36:46.979613,KXHIGHMIA-26MAR22-B81.5 (Market),0.99,MARKET_DATA,REAL
2026-03-22T19:36:46.980346,KXHIGHMIA (F),71.6,MARKET_DATA,REAL
2026-03-22T19:36:50.349203,BTC-USD (Coinbase),67607.19,MARKET_DATA,REAL
2026-03-22T19:36:50.435128,KXBTC15M-26MAR222045-45 (15m),0.036,MARKET_DATA,REAL
2026-03-22T19:36:52.472575,KXBTCD-26MAR2221-T67599.99 (1h),0.49,MARKET_DATA,REAL
2026-03-22T19:36:52.552562,KXBTCD-26MAR2221-T67399.99 (1h),0.8,MARKET_DATA,REAL
2026-03-22T19:36:52.640157,KXBTCD-26MAR2221-T67799.99 (1h),0.23,MARKET_DATA,REAL
2026-03-22T19:36:53.985571,KXHIGHNY-26MAR22-B62.5 (Market),0.99,MARKET_DATA,REAL
2026-03-22T19:36:53.986513,KXHIGHNY (F),53.06,MARKET_DATA,REAL
2026-03-22T19:36:56.150375,KXHIGHLAX-26MAR22-T75 (Market),0.99,MARKET_DATA,REAL
2026-03-22T19:36:56.150752,KXHIGHLAX (F),64.4,MARKET_DATA,REAL
2026-03-22T19:36:58.333704,KXHIGHCHI-26MAR22-T65 (Market),0.99,MARKET_DATA,REAL
2026-03-22T19:36:58.334158,KXHIGHCHI (F),33.8,MARKET_DATA,REAL
2026-03-22T19:37:00.629247,KXHIGHMIA-26MAR22-B81.5 (Market),0.99,MARKET_DATA,REAL
2026-03-22T19:37:00.629676,KXHIGHMIA (F),71.6,MARKET_DATA,REAL
2026-03-22T19:37:04.018818,BTC-USD (Coinbase),67652.55,MARKET_DATA,REAL
2026-03-22T19:37:04.183975,KXBTC15M-26MAR222045-45 (15m),0.032,MARKET_DATA,REAL
2026-03-22T19:37:06.334181,KXBTCD-26MAR2221-T67699.99 (1h),0.41,MARKET_DATA,REAL
2026-03-22T19:37:06.416323,KXBTCD-26MAR2221-T67499.99 (1h),0.7,MARKET_DATA,REAL
2026-03-22T19:37:06.499310,KXBTCD-26MAR2221-T67899.99 (1h),0.17,MARKET_DATA,REAL
2026-03-22T19:37:06.596377,KXBTCD-26MAR2221-T67699.99,0.59,SIGNAL_BUY,EXECUTED
2026-03-22T19:37:07.746789,KXHIGHNY-26MAR22-B62.5 (Market),0.99,MARKET_DATA,REAL
2026-03-22T19:37:07.747445,KXHIGHNY (F),53.06,MARKET_DATA,REAL
2026-03-22T19:37:10.068272,KXHIGHLAX-26MAR22-T75 (Market),0.99,MARKET_DATA,REAL
2026-03-22T19:37:10.068768,KXHIGHLAX (F),64.4,MARKET_DATA,REAL
2026-03-22T19:37:12.299389,KXHIGHCHI-26MAR22-T65 (Market),0.99,MARKET_DATA,REAL
2026-03-22T19:37:12.299840,KXHIGHCHI (F),33.8,MARKET_DATA,REAL
2026-03-22T19:37:14.521740,KXHIGHMIA-26MAR22-B81.5 (Market),0.99,MARKET_DATA,REAL
2026-03-22T19:37:14.522158,KXHIGHMIA (F),71.6,MARKET_DATA,REAL
2026-03-22T19:37:18.042528,BTC-USD (Coinbase),67646.25,MARKET_DATA,REAL
2026-03-22T19:37:18.129722,KXBTC15M-26MAR222045-45 (15m),0.03,MARKET_DATA,REAL
2026-03-22T19:37:20.247779,KXBTCD-26MAR2221-T67699.99 (1h),0.4,MARKET_DATA,REAL
2026-03-22T19:37:20.333096,KXBTCD-26MAR2221-T67499.99 (1h),0.69,MARKET_DATA,REAL
2026-03-22T19:37:20.416746,KXBTCD-26MAR2221-T67899.99 (1h),0.17,MARKET_DATA,REAL
2026-03-22T19:37:22.839208,KXHIGHNY-26MAR22-B62.5 (Market),0.99,MARKET_DATA,REAL
2026-03-22T19:37:22.839976,KXHIGHNY (F),53.06,MARKET_DATA,REAL
2026-03-22T19:37:26.152033,KXHIGHLAX-26MAR22-T75 (Market),0.99,MARKET_DATA,REAL
2026-03-22T19:37:26.152520,KXHIGHLAX (F),64.4,MARKET_DATA,REAL
2026-03-22T19:37:29.414050,KXHIGHCHI-26MAR22-T65 (Market),0.99,MARKET_DATA,REAL
2026-03-22T19:37:29.414864,KXHIGHCHI (F),33.8,MARKET_DATA,REAL
2026-03-22T19:37:33.144493,KXHIGHMIA-26MAR22-B81.5 (Market),0.99,MARKET_DATA,REAL
2026-03-22T19:37:33.145123,KXHIGHMIA (F),71.6,MARKET_DATA,REAL
2026-03-22T19:37:36.619956,BTC-USD (Coinbase),67627.36,MARKET_DATA,REAL
2026-03-22T19:37:36.703619,KXBTC15M-26MAR222045-45 (15m),0.033,MARKET_DATA,REAL
2026-03-22T19:37:38.674593,KXBTCD-26MAR2221-T67599.99 (1h),0.59,MARKET_DATA,REAL
2026-03-22T19:37:38.761121,KXBTCD-26MAR2221-T67399.99 (1h),0.8,MARKET_DATA,REAL
2026-03-22T19:37:38.849083,KXBTCD-26MAR2221-T67799.99 (1h),0.3,MARKET_DATA,REAL
2026-03-22T19:37:40.285177,KXHIGHNY-26MAR22-B62.5 (Market),0.99,MARKET_DATA,REAL
2026-03-22T19:37:40.285635,KXHIGHNY (F),53.06,MARKET_DATA,REAL
2026-03-22T19:37:44.446149,KXHIGHLAX-26MAR22-T75 (Market),0.99,MARKET_DATA,REAL
2026-03-22T19:37:44.446576,KXHIGHLAX (F),64.4,MARKET_DATA,REAL
2026-03-22T19:37:47.025779,KXHIGHCHI-26MAR22-T65 (Market),0.99,MARKET_DATA,REAL
2026-03-22T19:37:47.026251,KXHIGHCHI (F),33.8,MARKET_DATA,REAL
2026-03-22T19:37:49.330262,KXHIGHMIA-26MAR22-B81.5 (Market),0.99,MARKET_DATA,REAL
2026-03-22T19:37:49.330697,KXHIGHMIA (F),71.6,MARKET_DATA,REAL
2026-03-22T19:37:52.893398,BTC-USD (Coinbase),67695.87,MARKET_DATA,REAL
2026-03-22T19:37:53.023235,KXBTC15M-26MAR222045-45 (15m),0.03,MARKET_DATA,REAL
2026-03-22T19:37:55.177022,KXBTCD-26MAR2221-T67699.99 (1h),0.48,MARKET_DATA,REAL
2026-03-22T19:37:55.263543,KXBTCD-26MAR2221-T67499.99 (1h),0.75,MARKET_DATA,REAL
2026-03-22T19:37:55.347071,KXBTCD-26MAR2221-T67899.99 (1h),0.2,MARKET_DATA,REAL
2026-03-22T19:37:56.758227,KXHIGHNY-26MAR22-B62.5 (Market),0.99,MARKET_DATA,REAL
2026-03-22T19:37:56.758665,KXHIGHNY (F),53.06,MARKET_DATA,REAL
2026-03-22T19:37:59.040680,KXHIGHLAX-26MAR22-T75 (Market),0.99,MARKET_DATA,REAL
2026-03-22T19:37:59.041130,KXHIGHLAX (F),64.4,MARKET_DATA,REAL
2026-03-22T19:38:01.737659,KXHIGHCHI-26MAR22-T65 (Market),0.99,MARKET_DATA,REAL
2026-03-22T19:38:01.738138,KXHIGHCHI (F),33.8,MARKET_DATA,REAL
2026-03-22T19:38:04.070529,KXHIGHMIA-26MAR22-B81.5 (Market),0.99,MARKET_DATA,REAL
2026-03-22T19:38:04.071520,KXHIGHMIA (F),71.6,MARKET_DATA,REAL
2026-03-22T19:38:07.499976,BTC-USD (Coinbase),67638.0,MARKET_DATA,REAL
2026-03-22T19:38:07.663739,KXBTC15M-26MAR222045-45 (15m),0.021,MARKET_DATA,REAL
2026-03-22T19:38:09.909740,KXBTCD-26MAR2221-T67599.99 (1h),0.59,MARKET_DATA,REAL
2026-03-22T19:38:09.992393,KXBTCD-26MAR2221-T67399.99 (1h),0.81,MARKET_DATA,REAL
2026-03-22T19:38:10.089104,KXBTCD-26MAR2221-T67799.99 (1h),0.3,MARKET_DATA,REAL
2026-03-22T19:38:11.537520,KXHIGHNY-26MAR22-B62.5 (Market),0.99,MARKET_DATA,REAL
2026-03-22T19:38:11.538541,KXHIGHNY (F),53.06,MARKET_DATA,REAL
2026-03-22T19:38:13.831837,KXHIGHLAX-26MAR22-T75 (Market),0.99,MARKET_DATA,REAL
2026-03-22T19:38:13.832306,KXHIGHLAX (F),64.4,MARKET_DATA,REAL
2026-03-22T19:38:16.197682,KXHIGHCHI-26MAR22-T65 (Market),0.99,MARKET_DATA,REAL
2026-03-22T19:38:16.198183,KXHIGHCHI (F),33.8,MARKET_DATA,REAL
2026-03-22T19:38:18.444418,KXHIGHMIA-26MAR22-B81.5 (Market),0.99,MARKET_DATA,REAL
2026-03-22T19:38:18.445830,KXHIGHMIA (F),71.6,MARKET_DATA,REAL
2026-03-22T19:38:21.840872,BTC-USD (Coinbase),67654.4,MARKET_DATA,REAL
2026-03-22T19:38:21.923207,KXBTC15M-26MAR222045-45 (15m),0.023,MARKET_DATA,REAL
2026-03-22T19:38:24.089439,KXBTCD-26MAR2221-T67599.99 (1h),0.56,MARKET_DATA,REAL
2026-03-22T19:38:24.180952,KXBTCD-26MAR2221-T67399.99 (1h),0.81,MARKET_DATA,REAL
2026-03-22T19:38:24.267436,KXBTCD-26MAR2221-T67799.99 (1h),0.28,MARKET_DATA,REAL
2026-03-22T19:38:26.765104,KXHIGHNY-26MAR22-B62.5 (Market),0.99,MARKET_DATA,REAL
2026-03-22T19:38:26.765614,KXHIGHNY (F),53.06,MARKET_DATA,REAL
2026-03-22T19:38:30.273146,KXHIGHLAX-26MAR22-T75 (Market),0.99,MARKET_DATA,REAL
2026-03-22T19:38:30.273645,KXHIGHLAX (F),64.4,MARKET_DATA,REAL
2026-03-22T19:38:33.868334,KXHIGHCHI-26MAR22-T65 (Market),0.99,MARKET_DATA,REAL
2026-03-22T19:38:33.868824,KXHIGHCHI (F),33.8,MARKET_DATA,REAL
2026-03-22T19:38:37.531307,KXHIGHMIA-26MAR22-B81.5 (Market),0.99,MARKET_DATA,REAL
2026-03-22T19:38:37.531723,KXHIGHMIA (F),71.6,MARKET_DATA,REAL
2026-03-22T19:38:40.935896,BTC-USD (Coinbase),67619.83,MARKET_DATA,REAL
2026-03-22T19:38:41.024222,KXBTC15M-26MAR222045-45 (15m),0.017,MARKET_DATA,REAL
2026-03-22T19:38:43.138814,KXBTCD-26MAR2221-T67599.99 (1h),0.56,MARKET_DATA,REAL
2026-03-22T19:38:43.228397,KXBTCD-26MAR2221-T67399.99 (1h),0.81,MARKET_DATA,REAL
2026-03-22T19:38:43.363259,KXBTCD-26MAR2221-T67799.99 (1h),0.25,MARKET_DATA,REAL
2026-03-22T19:38:44.707569,KXHIGHNY-26MAR22-B62.5 (Market),0.99,MARKET_DATA,REAL
2026-03-22T19:38:44.707981,KXHIGHNY (F),53.06,MARKET_DATA,REAL
2026-03-22T19:38:46.949312,KXHIGHLAX-26MAR22-T75 (Market),0.99,MARKET_DATA,REAL
2026-03-22T19:38:46.949777,KXHIGHLAX (F),64.4,MARKET_DATA,REAL
2026-03-22T19:38:49.518078,KXHIGHCHI-26MAR22-T65 (Market),0.99,MARKET_DATA,REAL
2026-03-22T19:38:49.518514,KXHIGHCHI (F),33.8,MARKET_DATA,REAL
2026-03-22T19:38:52.193887,KXHIGHMIA-26MAR22-B81.5 (Market),0.99,MARKET_DATA,REAL
2026-03-22T19:38:52.194331,KXHIGHMIA (F),71.6,MARKET_DATA,REAL
2026-03-22T19:38:55.555140,BTC-USD (Coinbase),67619.58,MARKET_DATA,REAL
2026-03-22T19:38:55.663350,KXBTC15M-26MAR222045-45 (15m),0.03,MARKET_DATA,REAL
2026-03-22T19:38:57.866506,KXBTCD-26MAR2221-T67599.99 (1h),0.55,MARKET_DATA,REAL
2026-03-22T19:38:57.954653,KXBTCD-26MAR2221-T67399.99 (1h),0.81,MARKET_DATA,REAL
2026-03-22T19:38:58.044111,KXBTCD-26MAR2221-T67799.99 (1h),0.27,MARKET_DATA,REAL
2026-03-22T19:38:59.392869,KXHIGHNY-26MAR22-B62.5 (Market),0.99,MARKET_DATA,REAL
2026-03-22T19:38:59.393345,KXHIGHNY (F),53.06,MARKET_DATA,REAL
2026-03-22T19:39:01.583391,KXHIGHLAX-26MAR22-T75 (Market),0.99,MARKET_DATA,REAL
2026-03-22T19:39:01.583828,KXHIGHLAX (F),64.4,MARKET_DATA,REAL
2026-03-22T19:39:03.784286,KXHIGHCHI-26MAR22-T65 (Market),0.99,MARKET_DATA,REAL
2026-03-22T19:39:03.784752,KXHIGHCHI (F),33.8,MARKET_DATA,REAL
2026-03-22T19:39:06.002257,KXHIGHMIA-26MAR22-B81.5 (Market),0.99,MARKET_DATA,REAL
2026-03-22T19:39:06.002699,KXHIGHMIA (F),71.6,MARKET_DATA,REAL
2026-03-22T19:39:09.370264,BTC-USD (Coinbase),67588.04,MARKET_DATA,REAL
2026-03-22T19:39:09.569297,KXBTC15M-26MAR222045-45 (15m),0.011,MARKET_DATA,REAL
2026-03-22T19:39:11.693403,KXBTCD-26MAR2221-T67599.99 (1h),0.5,MARKET_DATA,REAL
2026-03-22T19:39:11.778962,KXBTCD-26MAR2221-T67399.99 (1h),0.8,MARKET_DATA,REAL
2026-03-22T19:39:11.922956,KXBTCD-26MAR2221-T67799.99 (1h),0.22,MARKET_DATA,REAL
2026-03-22T19:39:13.175782,KXHIGHNY-26MAR22-B62.5 (Market),0.99,MARKET_DATA,REAL
2026-03-22T19:39:13.176236,KXHIGHNY (F),53.06,MARKET_DATA,REAL
2026-03-22T19:39:15.335701,KXHIGHLAX-26MAR22-T75 (Market),0.99,MARKET_DATA,REAL
2026-03-22T19:39:15.336275,KXHIGHLAX (F),64.4,MARKET_DATA,REAL
2026-03-22T19:39:17.549818,KXHIGHCHI-26MAR22-T65 (Market),0.99,MARKET_DATA,REAL
2026-03-22T19:39:17.550190,KXHIGHCHI (F),33.8,MARKET_DATA,REAL
2026-03-22T19:39:19.857028,KXHIGHMIA-26MAR22-B81.5 (Market),0.99,MARKET_DATA,REAL
2026-03-22T19:39:19.857443,KXHIGHMIA (F),71.6,MARKET_DATA,REAL
2026-03-22T19:39:23.372742,BTC-USD (Coinbase),67602.74,MARKET_DATA,REAL
2026-03-22T19:39:23.462669,KXBTC15M-26MAR222045-45 (15m),0.01,MARKET_DATA,REAL
2026-03-22T19:39:26.025784,KXBTCD-26MAR2221-T67599.99 (1h),0.52,MARKET_DATA,REAL
2026-03-22T19:39:26.113705,KXBTCD-26MAR2221-T67399.99 (1h),0.77,MARKET_DATA,REAL
2026-03-22T19:39:26.201246,KXBTCD-26MAR2221-T67799.99 (1h),0.23,MARKET_DATA,REAL
2026-03-22T19:39:29.189450,KXHIGHNY-26MAR22-B62.5 (Market),0.99,MARKET_DATA,REAL
2026-03-22T19:39:29.190480,KXHIGHNY (F),53.06,MARKET_DATA,REAL
2026-03-22T19:39:33.098831,KXHIGHLAX-26MAR22-T75 (Market),0.99,MARKET_DATA,REAL
2026-03-22T19:39:33.099289,KXHIGHLAX (F),64.4,MARKET_DATA,REAL
2026-03-22T19:39:37.154495,KXHIGHCHI-26MAR22-T65 (Market),0.99,MARKET_DATA,REAL
2026-03-22T19:39:37.155546,KXHIGHCHI (F),33.8,MARKET_DATA,REAL
2026-03-22T19:39:41.078702,KXHIGHMIA-26MAR22-B81.5 (Market),0.99,MARKET_DATA,REAL
2026-03-22T19:39:41.080024,KXHIGHMIA (F),71.6,MARKET_DATA,REAL
2026-03-22T19:39:44.568721,BTC-USD (Coinbase),67656.02,MARKET_DATA,REAL
2026-03-22T19:39:44.652122,KXBTC15M-26MAR222045-45 (15m),0.009,MARKET_DATA,REAL
2026-03-22T19:39:46.985065,KXBTCD-26MAR2221-T67599.99 (1h),0.56,MARKET_DATA,REAL
2026-03-22T19:39:47.072828,KXBTCD-26MAR2221-T67399.99 (1h),0.83,MARKET_DATA,REAL
2026-03-22T19:39:47.203509,KXBTCD-26MAR2221-T67799.99 (1h),0.26,MARKET_DATA,REAL
2026-03-22T19:39:48.789888,KXHIGHNY-26MAR22-B62.5 (Market),0.99,MARKET_DATA,REAL
2026-03-22T19:39:48.790294,KXHIGHNY (F),53.06,MARKET_DATA,REAL
2026-03-22T19:39:51.250527,KXHIGHLAX-26MAR22-T75 (Market),0.99,MARKET_DATA,REAL
2026-03-22T19:39:51.251011,KXHIGHLAX (F),64.4,MARKET_DATA,REAL
2026-03-22T19:39:53.910921,KXHIGHCHI-26MAR22-T65 (Market),0.99,MARKET_DATA,REAL
2026-03-22T19:39:53.912076,KXHIGHCHI (F),33.8,MARKET_DATA,REAL
2026-03-22T19:39:56.401123,KXHIGHMIA-26MAR22-B81.5 (Market),0.99,MARKET_DATA,REAL
2026-03-22T19:39:56.401575,KXHIGHMIA (F),71.6,MARKET_DATA,REAL
2026-03-22T19:40:00.021125,BTC-USD (Coinbase),67597.89,MARKET_DATA,REAL
2026-03-22T19:40:00.112908,KXBTC15M-26MAR222045-45 (15m),0.009,MARKET_DATA,REAL
2026-03-22T19:40:02.704756,KXBTCD-26MAR2221-T67599.99 (1h),0.53,MARKET_DATA,REAL
2026-03-22T19:40:02.790784,KXBTCD-26MAR2221-T67399.99 (1h),0.8,MARKET_DATA,REAL
2026-03-22T19:40:02.881724,KXBTCD-26MAR2221-T67799.99 (1h),0.22,MARKET_DATA,REAL
2026-03-22T19:40:04.782476,KXHIGHNY-26MAR22-B62.5 (Market),0.99,MARKET_DATA,REAL
2026-03-22T19:40:04.783086,KXHIGHNY (F),53.06,MARKET_DATA,REAL
2026-03-22T19:40:07.413435,KXHIGHLAX-26MAR22-T75 (Market),0.99,MARKET_DATA,REAL
2026-03-22T19:40:07.414004,KXHIGHLAX (F),64.4,MARKET_DATA,REAL
2026-03-22T19:40:09.983866,KXHIGHCHI-26MAR22-T65 (Market),0.99,MARKET_DATA,REAL
2026-03-22T19:40:09.984333,KXHIGHCHI (F),33.8,MARKET_DATA,REAL
2026-03-22T19:40:12.577417,KXHIGHMIA-26MAR22-B81.5 (Market),0.99,MARKET_DATA,REAL
2026-03-22T19:40:12.578856,KXHIGHMIA (F),71.6,MARKET_DATA,REAL
2026-03-22T19:40:16.049434,BTC-USD (Coinbase),67524.31,MARKET_DATA,REAL
2026-03-22T19:40:16.220270,KXBTC15M-26MAR222045-45 (15m),0.001,MARKET_DATA,REAL
2026-03-22T19:40:18.662328,KXBTCD-26MAR2221-T67499.99 (1h),0.53,MARKET_DATA,REAL
2026-03-22T19:40:18.748133,KXBTCD-26MAR2221-T67299.99 (1h),0.77,MARKET_DATA,REAL
2026-03-22T19:40:18.834765,KXBTCD-26MAR2221-T67699.99 (1h),0.23,MARKET_DATA,REAL
2026-03-22T19:40:18.926938,KXBTCD-26MAR2221-T67499.99,0.47,SIGNAL_BUY,EXECUTED
2026-03-22T19:40:20.289698,KXHIGHNY-26MAR22-B62.5 (Market),0.99,MARKET_DATA,REAL
2026-03-22T19:40:20.290226,KXHIGHNY (F),53.06,MARKET_DATA,REAL
2026-03-22T19:40:22.688811,KXHIGHLAX-26MAR22-T75 (Market),0.99,MARKET_DATA,REAL
2026-03-22T19:40:22.689257,KXHIGHLAX (F),64.4,MARKET_DATA,REAL
2026-03-22T19:40:25.058129,KXHIGHCHI-26MAR22-T65 (Market),0.99,MARKET_DATA,REAL
2026-03-22T19:40:25.059238,KXHIGHCHI (F),33.8,MARKET_DATA,REAL
2026-03-22T19:40:27.348202,KXHIGHMIA-26MAR22-B81.5 (Market),0.99,MARKET_DATA,REAL
2026-03-22T19:40:27.348713,KXHIGHMIA (F),71.6,MARKET_DATA,REAL
2026-03-22T19:40:30.890552,BTC-USD (Coinbase),67464.82,MARKET_DATA,REAL
2026-03-22T19:40:30.987066,KXBTC15M-26MAR222045-45 (15m),0.005,MARKET_DATA,REAL
2026-03-22T19:40:33.278219,KXBTCD-26MAR2221-T67499.99 (1h),0.47,MARKET_DATA,REAL
2026-03-22T19:40:33.416410,KXBTCD-26MAR2221-T67299.99 (1h),0.72,MARKET_DATA,REAL
2026-03-22T19:40:33.501006,KXBTCD-26MAR2221-T67699.99 (1h),0.21,MARKET_DATA,REAL
2026-03-22T19:40:36.185891,KXHIGHNY-26MAR22-B62.5 (Market),0.99,MARKET_DATA,REAL
2026-03-22T19:40:36.186592,KXHIGHNY (F),53.06,MARKET_DATA,REAL
2026-03-22T19:40:39.620788,KXHIGHLAX-26MAR22-T75 (Market),0.99,MARKET_DATA,REAL
2026-03-22T19:40:39.621502,KXHIGHLAX (F),64.4,MARKET_DATA,REAL
2026-03-22T19:40:43.203053,KXHIGHCHI-26MAR22-T65 (Market),0.99,MARKET_DATA,REAL
2026-03-22T19:40:43.203553,KXHIGHCHI (F),33.8,MARKET_DATA,REAL
2026-03-22T19:40:46.620037,KXHIGHMIA-26MAR22-B81.5 (Market),0.99,MARKET_DATA,REAL
2026-03-22T19:40:46.620495,KXHIGHMIA (F),71.6,MARKET_DATA,REAL
2026-03-22T19:40:50.135741,BTC-USD (Coinbase),67448.61,MARKET_DATA,REAL
2026-03-22T19:40:50.226861,KXBTC15M-26MAR222045-45 (15m),0.001,MARKET_DATA,REAL
2026-03-22T19:40:52.364757,KXBTCD-26MAR2221-T67499.99 (1h),0.43,MARKET_DATA,REAL
2026-03-22T19:40:52.496501,KXBTCD-26MAR2221-T67299.99 (1h),0.73,MARKET_DATA,REAL
2026-03-22T19:40:52.580211,KXBTCD-26MAR2221-T67699.99 (1h),0.19,MARKET_DATA,REAL
2026-03-22T19:40:53.985354,KXHIGHNY-26MAR22-B62.5 (Market),0.99,MARKET_DATA,REAL
2026-03-22T19:40:53.985784,KXHIGHNY (F),53.06,MARKET_DATA,REAL
2026-03-22T19:40:56.288559,KXHIGHLAX-26MAR22-T75 (Market),0.99,MARKET_DATA,REAL
2026-03-22T19:40:56.289047,KXHIGHLAX (F),64.4,MARKET_DATA,REAL
2026-03-22T19:40:58.533492,KXHIGHCHI-26MAR22-T65 (Market),0.99,MARKET_DATA,REAL
2026-03-22T19:40:58.533953,KXHIGHCHI (F),33.8,MARKET_DATA,REAL
2026-03-22T19:41:00.830315,KXHIGHMIA-26MAR22-B81.5 (Market),0.99,MARKET_DATA,REAL
2026-03-22T19:41:00.830822,KXHIGHMIA (F),71.6,MARKET_DATA,REAL
2026-03-22T19:41:04.248153,BTC-USD (Coinbase),67452.0,MARKET_DATA,REAL
2026-03-22T19:41:04.381768,KXBTC15M-26MAR222045-45 (15m),0.001,MARKET_DATA,REAL
2026-03-22T19:41:06.568548,KXBTCD-26MAR2221-T67399.99 (1h),0.6,MARKET_DATA,REAL
2026-03-22T19:41:06.655359,KXBTCD-26MAR2221-T67199.99 (1h),0.83,MARKET_DATA,REAL
2026-03-22T19:41:06.742067,KXBTCD-26MAR2221-T67599.99 (1h),0.3,MARKET_DATA,REAL
2026-03-22T19:41:08.091785,KXHIGHNY-26MAR22-B62.5 (Market),0.99,MARKET_DATA,REAL
2026-03-22T19:41:08.092214,KXHIGHNY (F),53.06,MARKET_DATA,REAL
2026-03-22T19:41:10.304236,KXHIGHLAX-26MAR22-T75 (Market),0.99,MARKET_DATA,REAL
2026-03-22T19:41:10.304736,KXHIGHLAX (F),64.4,MARKET_DATA,REAL
2026-03-22T19:41:12.858892,KXHIGHCHI-26MAR22-T65 (Market),0.99,MARKET_DATA,REAL
2026-03-22T19:41:12.859530,KXHIGHCHI (F),33.8,MARKET_DATA,REAL
2026-03-22T19:41:15.542064,KXHIGHMIA-26MAR22-B81.5 (Market),0.99,MARKET_DATA,REAL
2026-03-22T19:41:15.542850,KXHIGHMIA (F),71.6,MARKET_DATA,REAL
2026-03-22T19:41:19.040252,BTC-USD (Coinbase),67452.47,MARKET_DATA,REAL
2026-03-22T19:41:19.215273,KXBTC15M-26MAR222045-45 (15m),0.005,MARKET_DATA,REAL
2026-03-22T19:41:21.445238,KXBTCD-26MAR2221-T67499.99 (1h),0.43,MARKET_DATA,REAL
2026-03-22T19:41:21.532598,KXBTCD-26MAR2221-T67299.99 (1h),0.72,MARKET_DATA,REAL
2026-03-22T19:41:21.621462,KXBTCD-26MAR2221-T67699.99 (1h),0.17,MARKET_DATA,REAL
2026-03-22T19:41:23.155671,KXHIGHNY-26MAR22-B62.5 (Market),0.99,MARKET_DATA,REAL
2026-03-22T19:41:23.156550,KXHIGHNY (F),53.06,MARKET_DATA,REAL
2026-03-22T19:41:25.645764,KXHIGHLAX-26MAR22-T75 (Market),0.99,MARKET_DATA,REAL
2026-03-22T19:41:25.646630,KXHIGHLAX (F),64.4,MARKET_DATA,REAL
2026-03-22T19:41:27.992875,KXHIGHCHI-26MAR22-T65 (Market),0.99,MARKET_DATA,REAL
2026-03-22T19:41:27.993394,KXHIGHCHI (F),33.8,MARKET_DATA,REAL
2026-03-22T19:41:30.466106,KXHIGHMIA-26MAR22-B81.5 (Market),0.99,MARKET_DATA,REAL
2026-03-22T19:41:30.466502,KXHIGHMIA (F),71.6,MARKET_DATA,REAL
2026-03-22T19:41:33.862391,BTC-USD (Coinbase),67450.94,MARKET_DATA,REAL
2026-03-22T19:41:33.945401,KXBTC15M-26MAR222045-45 (15m),0.005,MARKET_DATA,REAL
2026-03-22T19:41:35.898401,KXBTCD-26MAR2221-T67399.99 (1h),0.58,MARKET_DATA,REAL
2026-03-22T19:41:35.991253,KXBTCD-26MAR2221-T67199.99 (1h),0.84,MARKET_DATA,REAL
2026-03-22T19:41:36.078826,KXBTCD-26MAR2221-T67599.99 (1h),0.26,MARKET_DATA,REAL
2026-03-22T19:41:38.458765,KXHIGHNY-26MAR22-B62.5 (Market),0.99,MARKET_DATA,REAL
2026-03-22T19:41:38.459157,KXHIGHNY (F),53.06,MARKET_DATA,REAL
2026-03-22T19:41:41.867261,KXHIGHLAX-26MAR22-T75 (Market),0.99,MARKET_DATA,REAL
2026-03-22T19:41:41.868035,KXHIGHLAX (F),64.4,MARKET_DATA,REAL
2026-03-22T19:41:45.225630,KXHIGHCHI-26MAR22-T65 (Market),0.99,MARKET_DATA,REAL
2026-03-22T19:41:45.226909,KXHIGHCHI (F),33.8,MARKET_DATA,REAL
2026-03-22T19:41:48.551690,KXHIGHMIA-26MAR22-B81.5 (Market),0.99,MARKET_DATA,REAL
2026-03-22T19:41:48.552049,KXHIGHMIA (F),71.6,MARKET_DATA,REAL
2026-03-22T19:41:51.917238,BTC-USD (Coinbase),67540.0,MARKET_DATA,REAL
2026-03-22T19:41:52.008120,KXBTC15M-26MAR222045-45 (15m),0.001,MARKET_DATA,REAL
2026-03-22T19:41:54.099252,KXBTCD-26MAR2221-T67499.99 (1h),0.51,MARKET_DATA,REAL
2026-03-22T19:41:54.183695,KXBTCD-26MAR2221-T67299.99 (1h),0.74,MARKET_DATA,REAL
2026-03-22T19:41:54.268478,KXBTCD-26MAR2221-T67699.99 (1h),0.23,MARKET_DATA,REAL
2026-03-22T19:41:55.486548,KXHIGHNY-26MAR22-B62.5 (Market),0.99,MARKET_DATA,REAL
2026-03-22T19:41:55.487866,KXHIGHNY (F),53.06,MARKET_DATA,REAL
2026-03-22T19:41:57.653226,KXHIGHLAX-26MAR22-T75 (Market),0.99,MARKET_DATA,REAL
2026-03-22T19:41:57.654300,KXHIGHLAX (F),64.4,MARKET_DATA,REAL
2026-03-22T19:41:59.768532,KXHIGHCHI-26MAR22-T65 (Market),0.99,MARKET_DATA,REAL
2026-03-22T19:41:59.769600,KXHIGHCHI (F),33.8,MARKET_DATA,REAL
2026-03-22T19:42:01.884032,KXHIGHMIA-26MAR22-B81.5 (Market),0.99,MARKET_DATA,REAL
2026-03-22T19:42:01.884403,KXHIGHMIA (F),71.6,MARKET_DATA,REAL
2026-03-22T19:42:05.252393,BTC-USD (Coinbase),67555.37,MARKET_DATA,REAL
2026-03-22T19:42:05.339991,KXBTC15M-26MAR222045-45 (15m),0.001,MARKET_DATA,REAL
2026-03-22T19:42:07.517516,KXBTCD-26MAR2221-T67599.99 (1h),0.44,MARKET_DATA,REAL
2026-03-22T19:42:07.659759,KXBTCD-26MAR2221-T67399.99 (1h),0.75,MARKET_DATA,REAL
2026-03-22T19:42:07.793899,KXBTCD-26MAR2221-T67799.99 (1h),0.16,MARKET_DATA,REAL
2026-03-22T19:42:09.078594,KXHIGHNY-26MAR22-B62.5 (Market),0.99,MARKET_DATA,REAL
2026-03-22T19:42:09.079004,KXHIGHNY (F),53.06,MARKET_DATA,REAL
2026-03-22T19:42:11.245874,KXHIGHLAX-26MAR22-T75 (Market),0.99,MARKET_DATA,REAL
2026-03-22T19:42:11.246806,KXHIGHLAX (F),64.4,MARKET_DATA,REAL
2026-03-22T19:42:13.380459,KXHIGHCHI-26MAR22-T65 (Market),0.99,MARKET_DATA,REAL
2026-03-22T19:42:13.381378,KXHIGHCHI (F),33.8,MARKET_DATA,REAL
2026-03-22T19:42:15.453192,KXHIGHMIA-26MAR22-B81.5 (Market),0.99,MARKET_DATA,REAL
2026-03-22T19:42:15.453823,KXHIGHMIA (F),71.6,MARKET_DATA,REAL
2026-03-22T19:42:18.799648,BTC-USD (Coinbase),67567.51,MARKET_DATA,REAL
2026-03-22T19:42:18.890844,KXBTC15M-26MAR222045-45 (15m),0.001,MARKET_DATA,REAL
2026-03-22T19:42:20.845793,KXBTCD-26MAR2221-T67599.99 (1h),0.44,MARKET_DATA,REAL
2026-03-22T19:42:20.933480,KXBTCD-26MAR2221-T67399.99 (1h),0.77,MARKET_DATA,REAL
2026-03-22T19:42:21.020220,KXBTCD-26MAR2221-T67799.99 (1h),0.2,MARKET_DATA,REAL
2026-03-22T19:42:22.214355,KXHIGHNY-26MAR22-B62.5 (Market),0.99,MARKET_DATA,REAL
2026-03-22T19:42:22.215130,KXHIGHNY (F),53.06,MARKET_DATA,REAL
2026-03-22T19:42:24.352839,KXHIGHLAX-26MAR22-T75 (Market),0.99,MARKET_DATA,REAL
2026-03-22T19:42:24.353706,KXHIGHLAX (F),64.4,MARKET_DATA,REAL
2026-03-22T19:42:26.437992,KXHIGHCHI-26MAR22-T65 (Market),0.99,MARKET_DATA,REAL
2026-03-22T19:42:26.438373,KXHIGHCHI (F),33.8,MARKET_DATA,REAL
2026-03-22T19:42:28.576057,KXHIGHMIA-26MAR22-B81.5 (Market),0.99,MARKET_DATA,REAL
2026-03-22T19:42:28.577186,KXHIGHMIA (F),71.6,MARKET_DATA,REAL
2026-03-22T19:42:31.935042,BTC-USD (Coinbase),67547.06,MARKET_DATA,REAL
2026-03-22T19:42:32.106806,KXBTC15M-26MAR222045-45 (15m),0.001,MARKET_DATA,REAL
2026-03-22T19:42:34.103416,KXBTCD-26MAR2221-T67599.99 (1h),0.41,MARKET_DATA,REAL
2026-03-22T19:42:34.189649,KXBTCD-26MAR2221-T67399.99 (1h),0.74,MARKET_DATA,REAL
2026-03-22T19:42:34.276160,KXBTCD-26MAR2221-T67799.99 (1h),0.15,MARKET_DATA,REAL
2026-03-22T19:42:35.444621,KXHIGHNY-26MAR22-B62.5 (Market),0.99,MARKET_DATA,REAL
2026-03-22T19:42:35.445388,KXHIGHNY (F),53.06,MARKET_DATA,REAL
2026-03-22T19:42:37.570406,KXHIGHLAX-26MAR22-T75 (Market),0.99,MARKET_DATA,REAL
2026-03-22T19:42:37.571060,KXHIGHLAX (F),64.4,MARKET_DATA,REAL
2026-03-22T19:42:39.712690,KXHIGHCHI-26MAR22-T65 (Market),0.99,MARKET_DATA,REAL
2026-03-22T19:42:39.713412,KXHIGHCHI (F),33.8,MARKET_DATA,REAL
2026-03-22T19:42:41.885272,KXHIGHMIA-26MAR22-B81.5 (Market),0.99,MARKET_DATA,REAL
2026-03-22T19:42:41.886093,KXHIGHMIA (F),71.6,MARKET_DATA,REAL
2026-03-22T19:42:45.229054,BTC-USD (Coinbase),67568.32,MARKET_DATA,REAL
2026-03-22T19:42:45.362409,KXBTC15M-26MAR222045-45 (15m),0.001,MARKET_DATA,REAL
2026-03-22T19:42:47.410526,KXBTCD-26MAR2221-T67599.99 (1h),0.41,MARKET_DATA,REAL
2026-03-22T19:42:47.498330,KXBTCD-26MAR2221-T67399.99 (1h),0.75,MARKET_DATA,REAL
2026-03-22T19:42:47.584926,KXBTCD-26MAR2221-T67799.99 (1h),0.15,MARKET_DATA,REAL
2026-03-22T19:42:49.893383,KXHIGHNY-26MAR22-B62.5 (Market),0.99,MARKET_DATA,REAL
2026-03-22T19:42:49.893776,KXHIGHNY (F),53.06,MARKET_DATA,REAL
2026-03-22T19:42:53.226642,KXHIGHLAX-26MAR22-T75 (Market),0.99,MARKET_DATA,REAL
2026-03-22T19:42:53.227120,KXHIGHLAX (F),64.4,MARKET_DATA,REAL
2026-03-22T19:42:56.552480,KXHIGHCHI-26MAR22-T65 (Market),0.99,MARKET_DATA,REAL
2026-03-22T19:42:56.553631,KXHIGHCHI (F),33.8,MARKET_DATA,REAL
2026-03-22T19:42:59.810313,KXHIGHMIA-26MAR22-B81.5 (Market),0.99,MARKET_DATA,REAL
2026-03-22T19:42:59.810786,KXHIGHMIA (F),71.6,MARKET_DATA,REAL
2026-03-22T19:43:03.216859,BTC-USD (Coinbase),67600.39,MARKET_DATA,REAL
2026-03-22T19:43:03.302939,KXBTC15M-26MAR222045-45 (15m),0.001,MARKET_DATA,REAL
2026-03-22T19:43:05.385650,KXBTCD-26MAR2221-T67599.99 (1h),0.45,MARKET_DATA,REAL
2026-03-22T19:43:05.519306,KXBTCD-26MAR2221-T67399.99 (1h),0.77,MARKET_DATA,REAL
2026-03-22T19:43:05.604863,KXBTCD-26MAR2221-T67799.99 (1h),0.17,MARKET_DATA,REAL
2026-03-22T19:43:06.733508,KXHIGHNY-26MAR22-B62.5 (Market),0.99,MARKET_DATA,REAL
2026-03-22T19:43:06.734050,KXHIGHNY (F),53.06,MARKET_DATA,REAL
2026-03-22T19:43:08.815490,KXHIGHLAX-26MAR22-T75 (Market),0.99,MARKET_DATA,REAL
2026-03-22T19:43:08.816008,KXHIGHLAX (F),64.4,MARKET_DATA,REAL
2026-03-22T19:43:10.931805,KXHIGHCHI-26MAR22-T65 (Market),0.99,MARKET_DATA,REAL
2026-03-22T19:43:10.932709,KXHIGHCHI (F),33.8,MARKET_DATA,REAL
2026-03-22T19:43:13.083575,KXHIGHMIA-26MAR22-B81.5 (Market),0.99,MARKET_DATA,REAL
2026-03-22T19:43:13.084358,KXHIGHMIA (F),71.6,MARKET_DATA,REAL
2026-03-22T19:43:16.437069,BTC-USD (Coinbase),67650.0,MARKET_DATA,REAL
2026-03-22T19:43:16.524482,KXBTC15M-26MAR222045-45 (15m),0.001,MARKET_DATA,REAL
2026-03-22T19:43:18.587185,KXBTCD-26MAR2221-T67699.99 (1h),0.39,MARKET_DATA,REAL
2026-03-22T19:43:18.675966,KXBTCD-26MAR2221-T67499.99 (1h),0.69,MARKET_DATA,REAL
2026-03-22T19:43:18.764393,KXBTCD-26MAR2221-T67899.99 (1h),0.12,MARKET_DATA,REAL
2026-03-22T19:43:19.980035,KXHIGHNY-26MAR22-B62.5 (Market),0.99,MARKET_DATA,REAL
2026-03-22T19:43:19.980478,KXHIGHNY (F),53.06,MARKET_DATA,REAL
2026-03-22T19:43:22.143079,KXHIGHLAX-26MAR22-T75 (Market),0.99,MARKET_DATA,REAL
2026-03-22T19:43:22.144285,KXHIGHLAX (F),64.4,MARKET_DATA,REAL
2026-03-22T19:43:24.253636,KXHIGHCHI-26MAR22-T65 (Market),0.99,MARKET_DATA,REAL
2026-03-22T19:43:24.254426,KXHIGHCHI (F),33.8,MARKET_DATA,REAL
2026-03-22T19:43:26.367280,KXHIGHMIA-26MAR22-B81.5 (Market),0.99,MARKET_DATA,REAL
2026-03-22T19:43:26.368256,KXHIGHMIA (F),71.6,MARKET_DATA,REAL
2026-03-22T19:43:29.719640,BTC-USD (Coinbase),67693.49,MARKET_DATA,REAL
2026-03-22T19:43:29.803872,KXBTC15M-26MAR222045-45 (15m),0.001,MARKET_DATA,REAL
2026-03-22T19:43:31.896736,KXBTCD-26MAR2221-T67699.99 (1h),0.44,MARKET_DATA,REAL
2026-03-22T19:43:31.985189,KXBTCD-26MAR2221-T67499.99 (1h),0.78,MARKET_DATA,REAL
2026-03-22T19:43:32.070634,KXBTCD-26MAR2221-T67899.99 (1h),0.14,MARKET_DATA,REAL
2026-03-22T19:43:33.214198,KXHIGHNY-26MAR22-B62.5 (Market),0.99,MARKET_DATA,REAL
2026-03-22T19:43:33.215213,KXHIGHNY (F),53.06,MARKET_DATA,REAL
2026-03-22T19:43:35.358082,KXHIGHLAX-26MAR22-T75 (Market),0.99,MARKET_DATA,REAL
2026-03-22T19:43:35.358912,KXHIGHLAX (F),64.4,MARKET_DATA,REAL
2026-03-22T19:43:37.535599,KXHIGHCHI-26MAR22-T65 (Market),0.99,MARKET_DATA,REAL
2026-03-22T19:43:37.537334,KXHIGHCHI (F),33.8,MARKET_DATA,REAL
2026-03-22T19:43:39.848045,KXHIGHMIA-26MAR22-B81.5 (Market),0.99,MARKET_DATA,REAL
2026-03-22T19:43:39.849335,KXHIGHMIA (F),71.6,MARKET_DATA,REAL
2026-03-22T19:43:43.337027,BTC-USD (Coinbase),67639.9,MARKET_DATA,REAL
2026-03-22T19:43:43.509418,KXBTC15M-26MAR222045-45 (15m),0.002,MARKET_DATA,REAL
2026-03-22T19:43:45.533167,KXBTCD-26MAR2221-T67599.99 (1h),0.57,MARKET_DATA,REAL
2026-03-22T19:43:45.617478,KXBTCD-26MAR2221-T67399.99 (1h),0.87,MARKET_DATA,REAL
2026-03-22T19:43:45.704770,KXBTCD-26MAR2221-T67799.99 (1h),0.25,MARKET_DATA,REAL
2026-03-22T19:43:46.963192,KXHIGHNY-26MAR22-B62.5 (Market),0.99,MARKET_DATA,REAL
2026-03-22T19:43:46.964711,KXHIGHNY (F),53.06,MARKET_DATA,REAL
2026-03-22T19:43:49.423874,KXHIGHLAX-26MAR22-T75 (Market),0.99,MARKET_DATA,REAL
2026-03-22T19:43:49.425687,KXHIGHLAX (F),64.4,MARKET_DATA,REAL
2026-03-22T19:43:51.600808,KXHIGHCHI-26MAR22-T65 (Market),0.99,MARKET_DATA,REAL
2026-03-22T19:43:51.601855,KXHIGHCHI (F),33.8,MARKET_DATA,REAL
2026-03-22T19:43:53.731710,KXHIGHMIA-26MAR22-B81.5 (Market),0.99,MARKET_DATA,REAL
2026-03-22T19:43:53.732464,KXHIGHMIA (F),71.6,MARKET_DATA,REAL
2026-03-22T19:43:57.093745,BTC-USD (Coinbase),67642.68,MARKET_DATA,REAL
2026-03-22T19:43:57.187184,KXBTC15M-26MAR222045-45 (15m),0.002,MARKET_DATA,REAL
2026-03-22T19:43:59.165990,KXBTCD-26MAR2221-T67599.99 (1h),0.55,MARKET_DATA,REAL
2026-03-22T19:43:59.271853,KXBTCD-26MAR2221-T67399.99 (1h),0.84,MARKET_DATA,REAL
2026-03-22T19:43:59.359454,KXBTCD-26MAR2221-T67799.99 (1h),0.23,MARKET_DATA,REAL
2026-03-22T19:44:01.792414,KXHIGHNY-26MAR22-B62.5 (Market),0.99,MARKET_DATA,REAL
2026-03-22T19:44:01.793726,KXHIGHNY (F),53.06,MARKET_DATA,REAL
2026-03-22T19:44:05.082075,KXHIGHLAX-26MAR22-T75 (Market),0.99,MARKET_DATA,REAL
2026-03-22T19:44:05.082724,KXHIGHLAX (F),64.4,MARKET_DATA,REAL
2026-03-22T19:44:08.339609,KXHIGHCHI-26MAR22-T65 (Market),0.99,MARKET_DATA,REAL
2026-03-22T19:44:08.340421,KXHIGHCHI (F),33.8,MARKET_DATA,REAL
2026-03-22T19:44:11.554549,KXHIGHMIA-26MAR22-B81.5 (Market),0.99,MARKET_DATA,REAL
2026-03-22T19:44:11.555721,KXHIGHMIA (F),71.6,MARKET_DATA,REAL
2026-03-22T19:44:14.894782,BTC-USD (Coinbase),67686.01,MARKET_DATA,REAL
2026-03-22T19:44:14.987636,KXBTC15M-26MAR222045-45 (15m),0.001,MARKET_DATA,REAL
2026-03-22T19:44:17.058551,KXBTCD-26MAR2221-T67699.99 (1h),0.47,MARKET_DATA,REAL
2026-03-22T19:44:17.148060,KXBTCD-26MAR2221-T67499.99 (1h),0.8,MARKET_DATA,REAL
2026-03-22T19:44:17.237519,KXBTCD-26MAR2221-T67899.99 (1h),0.18,MARKET_DATA,REAL
2026-03-22T19:44:18.493447,KXHIGHNY-26MAR22-B62.5 (Market),0.99,MARKET_DATA,REAL
2026-03-22T19:44:18.494363,KXHIGHNY (F),53.06,MARKET_DATA,REAL
2026-03-22T19:44:20.655723,KXHIGHLAX-26MAR22-T75 (Market),0.99,MARKET_DATA,REAL
2026-03-22T19:44:20.656246,KXHIGHLAX (F),64.4,MARKET_DATA,REAL
2026-03-22T19:44:22.786558,KXHIGHCHI-26MAR22-T65 (Market),0.99,MARKET_DATA,REAL
2026-03-22T19:44:22.787166,KXHIGHCHI (F),33.8,MARKET_DATA,REAL
2026-03-22T19:44:24.982725,KXHIGHMIA-26MAR22-B81.5 (Market),0.99,MARKET_DATA,REAL
2026-03-22T19:44:24.983274,KXHIGHMIA (F),71.6,MARKET_DATA,REAL
2026-03-22T19:44:28.374366,BTC-USD (Coinbase),67718.84,MARKET_DATA,REAL
2026-03-22T19:44:28.462337,KXBTC15M-26MAR222045-45 (15m),0.001,MARKET_DATA,REAL
2026-03-22T19:44:30.678328,KXBTCD-26MAR2221-T67699.99 (1h),0.47,MARKET_DATA,REAL
2026-03-22T19:44:30.769323,KXBTCD-26MAR2221-T67499.99 (1h),0.78,MARKET_DATA,REAL
2026-03-22T19:44:30.856253,KXBTCD-26MAR2221-T67899.99 (1h),0.18,MARKET_DATA,REAL
2026-03-22T19:44:32.170741,KXHIGHNY-26MAR22-B62.5 (Market),0.99,MARKET_DATA,REAL
2026-03-22T19:44:32.171480,KXHIGHNY (F),53.06,MARKET_DATA,REAL
2026-03-22T19:44:34.443214,KXHIGHLAX-26MAR22-T75 (Market),0.99,MARKET_DATA,REAL
2026-03-22T19:44:34.444663,KXHIGHLAX (F),64.4,MARKET_DATA,REAL
2026-03-22T19:44:36.659838,KXHIGHCHI-26MAR22-T65 (Market),0.99,MARKET_DATA,REAL
2026-03-22T19:44:36.661054,KXHIGHCHI (F),33.8,MARKET_DATA,REAL
2026-03-22T19:44:38.861035,KXHIGHMIA-26MAR22-B81.5 (Market),0.99,MARKET_DATA,REAL
2026-03-22T19:44:38.862878,KXHIGHMIA (F),71.6,MARKET_DATA,REAL
2026-03-22T19:44:42.225139,BTC-USD (Coinbase),67710.37,MARKET_DATA,REAL
2026-03-22T19:44:42.309490,KXBTC15M-26MAR222045-45 (15m),0.001,MARKET_DATA,REAL
2026-03-22T19:44:44.373576,KXBTCD-26MAR2221-T67699.99 (1h),0.49,MARKET_DATA,REAL
2026-03-22T19:44:44.457237,KXBTCD-26MAR2221-T67499.99 (1h),0.82,MARKET_DATA,REAL
2026-03-22T19:44:44.544423,KXBTCD-26MAR2221-T67899.99 (1h),0.18,MARKET_DATA,REAL
2026-03-22T19:44:45.846810,KXHIGHNY-26MAR22-B62.5 (Market),0.99,MARKET_DATA,REAL
2026-03-22T19:44:45.847567,KXHIGHNY (F),53.06,MARKET_DATA,REAL
2026-03-22T19:44:48.073833,KXHIGHLAX-26MAR22-T75 (Market),0.99,MARKET_DATA,REAL
2026-03-22T19:44:48.074639,KXHIGHLAX (F),64.4,MARKET_DATA,REAL
2026-03-22T19:44:50.526314,KXHIGHCHI-26MAR22-T65 (Market),0.99,MARKET_DATA,REAL
2026-03-22T19:44:50.526929,KXHIGHCHI (F),33.8,MARKET_DATA,REAL
2026-03-22T19:44:53.072238,KXHIGHMIA-26MAR22-B81.5 (Market),0.99,MARKET_DATA,REAL
2026-03-22T19:44:53.073144,KXHIGHMIA (F),71.6,MARKET_DATA,REAL
2026-03-22T19:44:56.435292,BTC-USD (Coinbase),67678.91,MARKET_DATA,REAL
2026-03-22T19:44:56.601451,KXBTC15M-26MAR222045-45 (15m),0.001,MARKET_DATA,REAL
2026-03-22T19:44:58.689310,KXBTCD-26MAR2221-T67699.99 (1h),0.43,MARKET_DATA,REAL
2026-03-22T19:44:58.780139,KXBTCD-26MAR2221-T67499.99 (1h),0.78,MARKET_DATA,REAL
2026-03-22T19:44:58.866673,KXBTCD-26MAR2221-T67899.99 (1h),0.14,MARKET_DATA,REAL
2026-03-22T19:45:00.089114,KXHIGHNY-26MAR22-B62.5 (Market),0.99,MARKET_DATA,REAL
2026-03-22T19:45:00.089876,KXHIGHNY (F),53.06,MARKET_DATA,REAL
2026-03-22T19:45:02.202641,KXHIGHLAX-26MAR22-T75 (Market),0.99,MARKET_DATA,REAL
2026-03-22T19:45:02.203244,KXHIGHLAX (F),64.4,MARKET_DATA,REAL
2026-03-22T19:45:04.411299,KXHIGHCHI-26MAR22-T65 (Market),0.99,MARKET_DATA,REAL
2026-03-22T19:45:04.412008,KXHIGHCHI (F),33.8,MARKET_DATA,REAL
2026-03-22T19:45:06.603849,KXHIGHMIA-26MAR22-B81.5 (Market),0.99,MARKET_DATA,REAL
2026-03-22T19:45:06.604789,KXHIGHMIA (F),71.6,MARKET_DATA,REAL
2026-03-22T19:45:09.982683,BTC-USD (Coinbase),67679.03,MARKET_DATA,REAL
2026-03-22T19:45:10.073623,KXBTC15M-26MAR222045-45 (15m),1.0,MARKET_DATA,REAL
2026-03-22T19:45:12.198099,KXBTCD-26MAR2221-T67699.99 (1h),0.45,MARKET_DATA,REAL
2026-03-22T19:45:12.287961,KXBTCD-26MAR2221-T67499.99 (1h),0.83,MARKET_DATA,REAL
2026-03-22T19:45:12.378406,KXBTCD-26MAR2221-T67899.99 (1h),0.16,MARKET_DATA,REAL
2026-03-22T19:45:12.476880,KXBTCD-26MAR2221-T67699.99,0.55,SIGNAL_BUY,EXECUTED
2026-03-22T19:45:14.899262,KXHIGHNY-26MAR22-B62.5 (Market),0.99,MARKET_DATA,REAL
2026-03-22T19:45:14.901054,KXHIGHNY (F),53.06,MARKET_DATA,REAL
2026-03-22T19:45:18.254343,KXHIGHLAX-26MAR22-T75 (Market),0.99,MARKET_DATA,REAL
2026-03-22T19:45:18.254742,KXHIGHLAX (F),64.4,MARKET_DATA,REAL
2026-03-22T19:45:21.736931,KXHIGHCHI-26MAR22-T65 (Market),0.99,MARKET_DATA,REAL
2026-03-22T19:45:21.737679,KXHIGHCHI (F),33.8,MARKET_DATA,REAL
2026-03-22T19:45:25.206070,KXHIGHMIA-26MAR22-B81.5 (Market),0.99,MARKET_DATA,REAL
2026-03-22T19:45:25.208021,KXHIGHMIA (F),71.6,MARKET_DATA,REAL
2026-03-22T19:45:28.673050,BTC-USD (Coinbase),67655.0,MARKET_DATA,REAL
2026-03-22T19:45:28.773874,KXBTC15M-26MAR222045-45 (15m),1.0,MARKET_DATA,REAL
2026-03-22T19:45:30.857647,KXBTCD-26MAR2221-T67699.99 (1h),0.39,MARKET_DATA,REAL
2026-03-22T19:45:30.981230,KXBTCD-26MAR2221-T67499.99 (1h),0.77,MARKET_DATA,REAL
2026-03-22T19:45:31.071047,KXBTCD-26MAR2221-T67899.99 (1h),0.14,MARKET_DATA,REAL
2026-03-22T19:45:32.336728,KXHIGHNY-26MAR22-B62.5 (Market),0.99,MARKET_DATA,REAL
2026-03-22T19:45:32.338703,KXHIGHNY (F),53.06,MARKET_DATA,REAL
2026-03-22T19:45:34.460561,KXHIGHLAX-26MAR22-T75 (Market),0.99,MARKET_DATA,REAL
2026-03-22T19:45:34.460944,KXHIGHLAX (F),64.4,MARKET_DATA,REAL
2026-03-22T19:45:36.575484,KXHIGHCHI-26MAR22-T65 (Market),0.99,MARKET_DATA,REAL
2026-03-22T19:45:36.577187,KXHIGHCHI (F),33.8,MARKET_DATA,REAL
2026-03-22T19:45:38.738608,KXHIGHMIA-26MAR22-B81.5 (Market),0.99,MARKET_DATA,REAL
2026-03-22T19:45:38.739597,KXHIGHMIA (F),71.6,MARKET_DATA,REAL
2026-03-22T19:45:42.171660,BTC-USD (Coinbase),67674.6,MARKET_DATA,REAL
2026-03-22T19:45:42.258042,KXBTC15M-26MAR222045-45 (15m),1.0,MARKET_DATA,REAL
2026-03-22T19:45:44.301551,KXBTCD-26MAR2221-T67699.99 (1h),0.39,MARKET_DATA,REAL
2026-03-22T19:45:44.387802,KXBTCD-26MAR2221-T67499.99 (1h),0.76,MARKET_DATA,REAL
2026-03-22T19:45:44.480916,KXBTCD-26MAR2221-T67899.99 (1h),0.14,MARKET_DATA,REAL
2026-03-22T19:45:45.720757,KXHIGHNY-26MAR22-B62.5 (Market),0.99,MARKET_DATA,REAL
2026-03-22T19:45:45.721437,KXHIGHNY (F),53.06,MARKET_DATA,REAL
2026-03-22T19:45:47.811424,KXHIGHLAX-26MAR22-T75 (Market),0.99,MARKET_DATA,REAL
2026-03-22T19:45:47.812314,KXHIGHLAX (F),64.4,MARKET_DATA,REAL
2026-03-22T19:45:49.961827,KXHIGHCHI-26MAR22-T65 (Market),0.99,MARKET_DATA,REAL
2026-03-22T19:45:49.962386,KXHIGHCHI (F),33.8,MARKET_DATA,REAL
2026-03-22T19:45:52.078599,KXHIGHMIA-26MAR22-B81.5 (Market),0.99,MARKET_DATA,REAL
2026-03-22T19:45:52.079465,KXHIGHMIA (F),71.6,MARKET_DATA,REAL
2026-03-22T19:45:55.514603,BTC-USD (Coinbase),67706.09,MARKET_DATA,REAL
2026-03-22T19:45:55.603815,KXBTC15M-26MAR222045-45 (15m),1.0,MARKET_DATA,REAL
2026-03-22T19:45:57.719215,KXBTCD-26MAR2221-T67699.99 (1h),0.5,MARKET_DATA,REAL
2026-03-22T19:45:57.811482,KXBTCD-26MAR2221-T67499.99 (1h),0.83,MARKET_DATA,REAL
2026-03-22T19:45:57.921726,KXBTCD-26MAR2221-T67899.99 (1h),0.15,MARKET_DATA,REAL
2026-03-22T19:45:59.127457,KXHIGHNY-26MAR22-B62.5 (Market),0.99,MARKET_DATA,REAL
2026-03-22T19:45:59.128279,KXHIGHNY (F),53.06,MARKET_DATA,REAL
2026-03-22T19:46:01.224079,KXHIGHLAX-26MAR22-T75 (Market),0.99,MARKET_DATA,REAL
2026-03-22T19:46:01.224648,KXHIGHLAX (F),64.4,MARKET_DATA,REAL
2026-03-22T19:46:03.390517,KXHIGHCHI-26MAR22-T65 (Market),0.99,MARKET_DATA,REAL
2026-03-22T19:46:03.390920,KXHIGHCHI (F),33.8,MARKET_DATA,REAL
2026-03-22T19:46:05.582454,KXHIGHMIA-26MAR22-B81.5 (Market),0.99,MARKET_DATA,REAL
2026-03-22T19:46:05.583267,KXHIGHMIA (F),71.6,MARKET_DATA,REAL
2026-03-22T19:46:09.014183,BTC-USD (Coinbase),67680.9,MARKET_DATA,REAL
2026-03-22T19:46:09.184294,KXBTC15M-26MAR222100-00 (15m),0.51,MARKET_DATA,REAL
2026-03-22T19:46:11.162828,KXBTCD-26MAR2221-T67699.99 (1h),0.45,MARKET_DATA,REAL
2026-03-22T19:46:11.248187,KXBTCD-26MAR2221-T67499.99 (1h),0.8,MARKET_DATA,REAL
2026-03-22T19:46:11.331047,KXBTCD-26MAR2221-T67899.99 (1h),0.14,MARKET_DATA,REAL
2026-03-22T19:46:12.573527,KXHIGHNY-26MAR22-B62.5 (Market),0.99,MARKET_DATA,REAL
2026-03-22T19:46:12.574048,KXHIGHNY (F),53.06,MARKET_DATA,REAL
2026-03-22T19:46:14.685696,KXHIGHLAX-26MAR22-T75 (Market),0.99,MARKET_DATA,REAL
2026-03-22T19:46:14.686069,KXHIGHLAX (F),64.4,MARKET_DATA,REAL
2026-03-22T19:46:16.797490,KXHIGHCHI-26MAR22-T65 (Market),0.99,MARKET_DATA,REAL
2026-03-22T19:46:16.797988,KXHIGHCHI (F),33.8,MARKET_DATA,REAL
2026-03-22T19:46:18.950148,KXHIGHMIA-26MAR22-B81.5 (Market),0.99,MARKET_DATA,REAL
2026-03-22T19:46:18.950470,KXHIGHMIA (F),71.6,MARKET_DATA,REAL
2026-03-22T19:46:22.331219,BTC-USD (Coinbase),67680.32,MARKET_DATA,REAL
2026-03-22T19:46:22.415672,KXBTC15M-26MAR222100-00 (15m),0.47,MARKET_DATA,REAL
2026-03-22T19:46:24.387874,KXBTCD-26MAR2221-T67699.99 (1h),0.43,MARKET_DATA,REAL
2026-03-22T19:46:24.476432,KXBTCD-26MAR2221-T67499.99 (1h),0.78,MARKET_DATA,REAL
2026-03-22T19:46:24.559199,KXBTCD-26MAR2221-T67899.99 (1h),0.14,MARKET_DATA,REAL
2026-03-22T19:46:27.024629,KXHIGHNY-26MAR22-B62.5 (Market),0.99,MARKET_DATA,REAL
2026-03-22T19:46:27.025151,KXHIGHNY (F),53.06,MARKET_DATA,REAL
2026-03-22T19:46:30.465473,KXHIGHLAX-26MAR22-T75 (Market),0.99,MARKET_DATA,REAL
2026-03-22T19:46:30.466579,KXHIGHLAX (F),64.4,MARKET_DATA,REAL
2026-03-22T19:46:33.832295,KXHIGHCHI-26MAR22-T65 (Market),0.99,MARKET_DATA,REAL
2026-03-22T19:46:33.833037,KXHIGHCHI (F),33.8,MARKET_DATA,REAL
2026-03-22T19:46:37.148587,KXHIGHMIA-26MAR22-B81.5 (Market),0.99,MARKET_DATA,REAL
2026-03-22T19:46:37.150867,KXHIGHMIA (F),71.6,MARKET_DATA,REAL
2026-03-22T19:46:40.662458,BTC-USD (Coinbase),67680.91,MARKET_DATA,REAL
2026-03-22T19:46:40.745364,KXBTC15M-26MAR222100-00 (15m),0.52,MARKET_DATA,REAL
2026-03-22T19:46:42.971986,KXBTCD-26MAR2221-T67699.99 (1h),0.43,MARKET_DATA,REAL
2026-03-22T19:46:43.063112,KXBTCD-26MAR2221-T67499.99 (1h),0.8,MARKET_DATA,REAL
2026-03-22T19:46:43.149006,KXBTCD-26MAR2221-T67899.99 (1h),0.13,MARKET_DATA,REAL
2026-03-22T19:46:44.705996,KXHIGHNY-26MAR22-B62.5 (Market),0.99,MARKET_DATA,REAL
2026-03-22T19:46:44.706389,KXHIGHNY (F),53.06,MARKET_DATA,REAL
2026-03-22T19:46:47.076699,KXHIGHLAX-26MAR22-T75 (Market),0.99,MARKET_DATA,REAL
2026-03-22T19:46:47.077189,KXHIGHLAX (F),64.4,MARKET_DATA,REAL
2026-03-22T19:46:49.520861,KXHIGHCHI-26MAR22-T65 (Market),0.99,MARKET_DATA,REAL
2026-03-22T19:46:49.521219,KXHIGHCHI (F),33.8,MARKET_DATA,REAL
2026-03-22T19:46:51.900596,KXHIGHMIA-26MAR22-B81.5 (Market),0.99,MARKET_DATA,REAL
2026-03-22T19:46:51.901116,KXHIGHMIA (F),71.6,MARKET_DATA,REAL
2026-03-22T19:46:55.337126,BTC-USD (Coinbase),67692.06,MARKET_DATA,REAL
2026-03-22T19:46:55.421609,KXBTC15M-26MAR222100-00 (15m),0.53,MARKET_DATA,REAL
2026-03-22T19:46:57.675880,KXBTCD-26MAR2221-T67699.99 (1h),0.48,MARKET_DATA,REAL
2026-03-22T19:46:57.757606,KXBTCD-26MAR2221-T67499.99 (1h),0.84,MARKET_DATA,REAL
2026-03-22T19:46:57.841690,KXBTCD-26MAR2221-T67899.99 (1h),0.15,MARKET_DATA,REAL
2026-03-22T19:46:59.378511,KXHIGHNY-26MAR22-B62.5 (Market),0.99,MARKET_DATA,REAL
2026-03-22T19:46:59.379193,KXHIGHNY (F),53.06,MARKET_DATA,REAL
2026-03-22T19:47:01.851128,KXHIGHLAX-26MAR22-T75 (Market),0.99,MARKET_DATA,REAL
2026-03-22T19:47:01.851590,KXHIGHLAX (F),64.4,MARKET_DATA,REAL
2026-03-22T19:47:04.345537,KXHIGHCHI-26MAR22-T65 (Market),0.99,MARKET_DATA,REAL
2026-03-22T19:47:04.346477,KXHIGHCHI (F),33.8,MARKET_DATA,REAL
2026-03-22T19:47:06.852653,KXHIGHMIA-26MAR22-B81.5 (Market),0.99,MARKET_DATA,REAL
2026-03-22T19:47:06.853179,KXHIGHMIA (F),71.6,MARKET_DATA,REAL
2026-03-22T19:47:10.312130,BTC-USD (Coinbase),67712.4,MARKET_DATA,REAL
2026-03-22T19:47:10.483007,KXBTC15M-26MAR222100-00 (15m),0.49,MARKET_DATA,REAL
2026-03-22T19:47:12.883957,KXBTCD-26MAR2221-T67699.99 (1h),0.49,MARKET_DATA,REAL
2026-03-22T19:47:12.971403,KXBTCD-26MAR2221-T67499.99 (1h),0.84,MARKET_DATA,REAL
2026-03-22T19:47:13.057365,KXBTCD-26MAR2221-T67899.99 (1h),0.13,MARKET_DATA,REAL
2026-03-22T19:47:14.586631,KXHIGHNY-26MAR22-B62.5 (Market),0.99,MARKET_DATA,REAL
2026-03-22T19:47:14.587559,KXHIGHNY (F),53.06,MARKET_DATA,REAL
2026-03-22T19:47:17.005653,KXHIGHLAX-26MAR22-T75 (Market),0.99,MARKET_DATA,REAL
2026-03-22T19:47:17.006240,KXHIGHLAX (F),64.4,MARKET_DATA,REAL
2026-03-22T19:47:19.525140,KXHIGHCHI-26MAR22-T65 (Market),0.99,MARKET_DATA,REAL
2026-03-22T19:47:19.526230,KXHIGHCHI (F),33.8,MARKET_DATA,REAL
2026-03-22T19:47:21.839889,KXHIGHMIA-26MAR22-B81.5 (Market),0.99,MARKET_DATA,REAL
2026-03-22T19:47:21.840340,KXHIGHMIA (F),71.6,MARKET_DATA,REAL
2026-03-22T19:47:25.301414,BTC-USD (Coinbase),67684.0,MARKET_DATA,REAL
2026-03-22T19:47:25.382108,KXBTC15M-26MAR222100-00 (15m),0.49,MARKET_DATA,REAL
2026-03-22T19:47:27.599996,KXBTCD-26MAR2221-T67699.99 (1h),0.49,MARKET_DATA,REAL
2026-03-22T19:47:27.686397,KXBTCD-26MAR2221-T67499.99 (1h),0.85,MARKET_DATA,REAL
2026-03-22T19:47:27.772275,KXBTCD-26MAR2221-T67899.99 (1h),0.13,MARKET_DATA,REAL
2026-03-22T19:47:30.366640,KXHIGHNY-26MAR22-B62.5 (Market),0.99,MARKET_DATA,REAL
2026-03-22T19:47:30.367132,KXHIGHNY (F),53.06,MARKET_DATA,REAL
2026-03-22T19:47:34.040566,KXHIGHLAX-26MAR22-T75 (Market),0.99,MARKET_DATA,REAL
2026-03-22T19:47:34.040981,KXHIGHLAX (F),64.4,MARKET_DATA,REAL
2026-03-22T19:47:37.742359,KXHIGHCHI-26MAR22-T65 (Market),0.99,MARKET_DATA,REAL
2026-03-22T19:47:37.742816,KXHIGHCHI (F),33.8,MARKET_DATA,REAL
2026-03-22T19:47:41.188495,KXHIGHMIA-26MAR22-B81.5 (Market),0.99,MARKET_DATA,REAL
2026-03-22T19:47:41.188957,KXHIGHMIA (F),71.6,MARKET_DATA,REAL
2026-03-22T19:47:44.593574,BTC-USD (Coinbase),67730.53,MARKET_DATA,REAL
2026-03-22T19:47:44.681208,KXBTC15M-26MAR222100-00 (15m),0.59,MARKET_DATA,REAL
2026-03-22T19:47:46.858276,KXBTCD-26MAR2221-T67699.99 (1h),0.51,MARKET_DATA,REAL
2026-03-22T19:47:46.940868,KXBTCD-26MAR2221-T67499.99 (1h),0.86,MARKET_DATA,REAL
2026-03-22T19:47:47.029356,KXBTCD-26MAR2221-T67899.99 (1h),0.17,MARKET_DATA,REAL
2026-03-22T19:47:48.577294,KXHIGHNY-26MAR22-B62.5 (Market),0.99,MARKET_DATA,REAL
2026-03-22T19:47:48.578290,KXHIGHNY (F),53.06,MARKET_DATA,REAL
2026-03-22T19:47:50.826320,KXHIGHLAX-26MAR22-T75 (Market),0.99,MARKET_DATA,REAL
2026-03-22T19:47:50.826667,KXHIGHLAX (F),64.4,MARKET_DATA,REAL
2026-03-22T19:47:53.075528,KXHIGHCHI-26MAR22-T65 (Market),0.99,MARKET_DATA,REAL
2026-03-22T19:47:53.076459,KXHIGHCHI (F),33.8,MARKET_DATA,REAL
2026-03-22T19:47:55.458557,KXHIGHMIA-26MAR22-B81.5 (Market),0.99,MARKET_DATA,REAL
2026-03-22T19:47:55.458993,KXHIGHMIA (F),71.6,MARKET_DATA,REAL
2026-03-22T19:47:58.961741,BTC-USD (Coinbase),67719.72,MARKET_DATA,REAL
2026-03-22T19:47:59.046483,KXBTC15M-26MAR222100-00 (15m),0.52,MARKET_DATA,REAL
2026-03-22T19:48:01.272321,KXBTCD-26MAR2221-T67699.99 (1h),0.53,MARKET_DATA,REAL
2026-03-22T19:48:01.400516,KXBTCD-26MAR2221-T67499.99 (1h),0.87,MARKET_DATA,REAL
2026-03-22T19:48:01.487825,KXBTCD-26MAR2221-T67899.99 (1h),0.12,MARKET_DATA,REAL
2026-03-22T19:48:02.997048,KXHIGHNY-26MAR22-B62.5 (Market),0.99,MARKET_DATA,REAL
2026-03-22T19:48:02.997553,KXHIGHNY (F),53.06,MARKET_DATA,REAL
2026-03-22T19:48:05.318542,KXHIGHLAX-26MAR22-T75 (Market),0.99,MARKET_DATA,REAL
2026-03-22T19:48:05.319264,KXHIGHLAX (F),64.4,MARKET_DATA,REAL
2026-03-22T19:48:07.609227,KXHIGHCHI-26MAR22-T65 (Market),0.99,MARKET_DATA,REAL
2026-03-22T19:48:07.609668,KXHIGHCHI (F),33.8,MARKET_DATA,REAL
2026-03-22T19:48:09.924051,KXHIGHMIA-26MAR22-B81.5 (Market),0.99,MARKET_DATA,REAL
2026-03-22T19:48:09.924574,KXHIGHMIA (F),71.6,MARKET_DATA,REAL
2026-03-22T19:48:13.376431,BTC-USD (Coinbase),67732.87,MARKET_DATA,REAL
2026-03-22T19:48:13.544728,KXBTC15M-26MAR222100-00 (15m),0.59,MARKET_DATA,REAL
2026-03-22T19:48:15.719820,KXBTCD-26MAR2221-T67699.99 (1h),0.56,MARKET_DATA,REAL
2026-03-22T19:48:15.805541,KXBTCD-26MAR2221-T67499.99 (1h),0.87,MARKET_DATA,REAL
2026-03-22T19:48:15.891117,KXBTCD-26MAR2221-T67899.99 (1h),0.16,MARKET_DATA,REAL
2026-03-22T19:48:15.984350,KXBTCD-26MAR2221-T67699.99,0.44,SIGNAL_BUY,EXECUTED
2026-03-22T19:48:17.358743,KXHIGHNY-26MAR22-B62.5 (Market),0.99,MARKET_DATA,REAL
2026-03-22T19:48:17.359217,KXHIGHNY (F),53.06,MARKET_DATA,REAL
2026-03-22T19:48:19.795249,KXHIGHLAX-26MAR22-T75 (Market),0.99,MARKET_DATA,REAL
2026-03-22T19:48:19.796368,KXHIGHLAX (F),64.4,MARKET_DATA,REAL
2026-03-22T19:48:22.027900,KXHIGHCHI-26MAR22-T65 (Market),0.99,MARKET_DATA,REAL
2026-03-22T19:48:22.028721,KXHIGHCHI (F),33.8,MARKET_DATA,REAL
2026-03-22T19:48:24.416824,KXHIGHMIA-26MAR22-B81.5 (Market),0.99,MARKET_DATA,REAL
2026-03-22T19:48:24.417303,KXHIGHMIA (F),71.6,MARKET_DATA,REAL
2026-03-22T19:48:27.963068,BTC-USD (Coinbase),67723.73,MARKET_DATA,REAL
2026-03-22T19:48:28.047245,KXBTC15M-26MAR222100-00 (15m),0.58,MARKET_DATA,REAL
2026-03-22T19:48:30.308770,KXBTCD-26MAR2221-T67699.99 (1h),0.54,MARKET_DATA,REAL
2026-03-22T19:48:30.397298,KXBTCD-26MAR2221-T67499.99 (1h),0.87,MARKET_DATA,REAL
2026-03-22T19:48:30.486141,KXBTCD-26MAR2221-T67899.99 (1h),0.15,MARKET_DATA,REAL
2026-03-22T19:48:33.274522,KXHIGHNY-26MAR22-B62.5 (Market),0.99,MARKET_DATA,REAL
2026-03-22T19:48:33.275136,KXHIGHNY (F),53.06,MARKET_DATA,REAL
2026-03-22T19:48:36.732217,KXHIGHLAX-26MAR22-T75 (Market),0.99,MARKET_DATA,REAL
2026-03-22T19:48:36.732895,KXHIGHLAX (F),64.4,MARKET_DATA,REAL
2026-03-22T19:48:40.369812,KXHIGHCHI-26MAR22-T65 (Market),0.99,MARKET_DATA,REAL
2026-03-22T19:48:40.370549,KXHIGHCHI (F),33.8,MARKET_DATA,REAL
2026-03-22T19:48:43.840214,KXHIGHMIA-26MAR22-B81.5 (Market),0.99,MARKET_DATA,REAL
2026-03-22T19:48:43.840647,KXHIGHMIA (F),71.6,MARKET_DATA,REAL
2026-03-22T19:48:47.388350,BTC-USD (Coinbase),67715.99,MARKET_DATA,REAL
2026-03-22T19:48:47.472052,KXBTC15M-26MAR222100-00 (15m),0.55,MARKET_DATA,REAL
2026-03-22T19:48:49.805937,KXBTCD-26MAR2221-T67699.99 (1h),0.5,MARKET_DATA,REAL
2026-03-22T19:48:49.912039,KXBTCD-26MAR2221-T67499.99 (1h),0.85,MARKET_DATA,REAL
2026-03-22T19:48:49.998321,KXBTCD-26MAR2221-T67899.99 (1h),0.12,MARKET_DATA,REAL
2026-03-22T19:48:51.468061,KXHIGHNY-26MAR22-B62.5 (Market),0.99,MARKET_DATA,REAL
2026-03-22T19:48:51.468488,KXHIGHNY (F),53.06,MARKET_DATA,REAL
2026-03-22T19:48:53.717894,KXHIGHLAX-26MAR22-T75 (Market),0.99,MARKET_DATA,REAL
2026-03-22T19:48:53.719309,KXHIGHLAX (F),64.4,MARKET_DATA,REAL
2026-03-22T19:48:55.943340,KXHIGHCHI-26MAR22-T65 (Market),0.99,MARKET_DATA,REAL
2026-03-22T19:48:55.943997,KXHIGHCHI (F),33.8,MARKET_DATA,REAL
2026-03-22T19:48:58.223269,KXHIGHMIA-26MAR22-B81.5 (Market),0.99,MARKET_DATA,REAL
2026-03-22T19:48:58.223772,KXHIGHMIA (F),71.6,MARKET_DATA,REAL
2026-03-22T19:49:01.638890,BTC-USD (Coinbase),67696.67,MARKET_DATA,REAL
2026-03-22T19:49:01.733055,KXBTC15M-26MAR222100-00 (15m),0.55,MARKET_DATA,REAL
2026-03-22T19:49:04.022818,KXBTCD-26MAR2221-T67699.99 (1h),0.49,MARKET_DATA,REAL
2026-03-22T19:49:04.107726,KXBTCD-26MAR2221-T67499.99 (1h),0.83,MARKET_DATA,REAL
2026-03-22T19:49:04.195017,KXBTCD-26MAR2221-T67899.99 (1h),0.1,MARKET_DATA,REAL
2026-03-22T19:49:05.571503,KXHIGHNY-26MAR22-B62.5 (Market),0.99,MARKET_DATA,REAL
2026-03-22T19:49:05.571992,KXHIGHNY (F),53.06,MARKET_DATA,REAL
2026-03-22T19:49:07.784395,KXHIGHLAX-26MAR22-T75 (Market),0.99,MARKET_DATA,REAL
2026-03-22T19:49:07.785289,KXHIGHLAX (F),64.4,MARKET_DATA,REAL
2026-03-22T19:49:10.042329,KXHIGHCHI-26MAR22-T65 (Market),0.99,MARKET_DATA,REAL
2026-03-22T19:49:10.042873,KXHIGHCHI (F),33.8,MARKET_DATA,REAL
2026-03-22T19:49:12.620143,KXHIGHMIA-26MAR22-B81.5 (Market),0.99,MARKET_DATA,REAL
2026-03-22T19:49:12.620644,KXHIGHMIA (F),71.6,MARKET_DATA,REAL
2026-03-22T19:49:15.995026,BTC-USD (Coinbase),67679.28,MARKET_DATA,REAL
2026-03-22T19:49:16.165930,KXBTC15M-26MAR222100-00 (15m),0.47,MARKET_DATA,REAL
2026-03-22T19:49:18.334995,KXBTCD-26MAR2221-T67699.99 (1h),0.44,MARKET_DATA,REAL
2026-03-22T19:49:18.421908,KXBTCD-26MAR2221-T67499.99 (1h),0.84,MARKET_DATA,REAL
2026-03-22T19:49:18.509090,KXBTCD-26MAR2221-T67899.99 (1h),0.12,MARKET_DATA,REAL
2026-03-22T19:49:19.897914,KXHIGHNY-26MAR22-B62.5 (Market),0.99,MARKET_DATA,REAL
2026-03-22T19:49:19.898343,KXHIGHNY (F),53.06,MARKET_DATA,REAL
2026-03-22T19:49:22.144534,KXHIGHLAX-26MAR22-T75 (Market),0.99,MARKET_DATA,REAL
2026-03-22T19:49:22.145462,KXHIGHLAX (F),64.4,MARKET_DATA,REAL
2026-03-22T19:49:24.571833,KXHIGHCHI-26MAR22-T65 (Market),0.99,MARKET_DATA,REAL
2026-03-22T19:49:24.572869,KXHIGHCHI (F),33.8,MARKET_DATA,REAL
2026-03-22T19:49:26.876472,KXHIGHMIA-26MAR22-B81.5 (Market),0.99,MARKET_DATA,REAL
2026-03-22T19:49:26.876947,KXHIGHMIA (F),71.6,MARKET_DATA,REAL
2026-03-22T19:49:30.277710,BTC-USD (Coinbase),67702.94,MARKET_DATA,REAL
2026-03-22T19:49:30.367110,KXBTC15M-26MAR222100-00 (15m),0.45,MARKET_DATA,REAL
2026-03-22T19:49:32.501486,KXBTCD-26MAR2221-T67699.99 (1h),0.47,MARKET_DATA,REAL
2026-03-22T19:49:32.586931,KXBTCD-26MAR2221-T67499.99 (1h),0.83,MARKET_DATA,REAL
2026-03-22T19:49:32.672799,KXBTCD-26MAR2221-T67899.99 (1h),0.09,MARKET_DATA,REAL
2026-03-22T19:49:35.345848,KXHIGHNY-26MAR22-B62.5 (Market),0.99,MARKET_DATA,REAL
2026-03-22T19:49:35.348706,KXHIGHNY (F),53.06,MARKET_DATA,REAL
2026-03-22T19:49:38.790891,KXHIGHLAX-26MAR22-T75 (Market),0.99,MARKET_DATA,REAL
2026-03-22T19:49:38.791405,KXHIGHLAX (F),64.4,MARKET_DATA,REAL
2026-03-22T19:49:42.389689,KXHIGHCHI-26MAR22-T65 (Market),0.99,MARKET_DATA,REAL
2026-03-22T19:49:42.390156,KXHIGHCHI (F),33.8,MARKET_DATA,REAL
2026-03-22T19:49:45.854495,KXHIGHMIA-26MAR22-B81.5 (Market),0.99,MARKET_DATA,REAL
2026-03-22T19:49:45.855398,KXHIGHMIA (F),71.6,MARKET_DATA,REAL
2026-03-22T19:49:49.709345,BTC-USD (Coinbase),67732.03,MARKET_DATA,REAL
2026-03-22T19:49:49.796112,KXBTC15M-26MAR222100-00 (15m),0.62,MARKET_DATA,REAL
2026-03-22T19:49:52.094546,KXBTCD-26MAR2221-T67699.99 (1h),0.57,MARKET_DATA,REAL
2026-03-22T19:49:52.183974,KXBTCD-26MAR2221-T67499.99 (1h),0.87,MARKET_DATA,REAL
2026-03-22T19:49:52.271413,KXBTCD-26MAR2221-T67899.99 (1h),0.15,MARKET_DATA,REAL
2026-03-22T19:49:53.707586,KXHIGHNY-26MAR22-B62.5 (Market),0.99,MARKET_DATA,REAL
2026-03-22T19:49:53.708072,KXHIGHNY (F),53.06,MARKET_DATA,REAL
2026-03-22T19:49:55.942366,KXHIGHLAX-26MAR22-T75 (Market),0.99,MARKET_DATA,REAL
2026-03-22T19:49:55.942803,KXHIGHLAX (F),64.4,MARKET_DATA,REAL
2026-03-22T19:49:58.297280,KXHIGHCHI-26MAR22-T65 (Market),0.99,MARKET_DATA,REAL
2026-03-22T19:49:58.297902,KXHIGHCHI (F),33.8,MARKET_DATA,REAL
2026-03-22T19:50:00.792923,KXHIGHMIA-26MAR22-B81.5 (Market),0.99,MARKET_DATA,REAL
2026-03-22T19:50:00.793881,KXHIGHMIA (F),71.6,MARKET_DATA,REAL
2026-03-22T19:50:04.280751,BTC-USD (Coinbase),67743.68,MARKET_DATA,REAL
2026-03-22T19:50:04.370296,KXBTC15M-26MAR222100-00 (15m),0.63,MARKET_DATA,REAL
2026-03-22T19:50:06.579483,KXBTCD-26MAR2221-T67699.99 (1h),0.59,MARKET_DATA,REAL
2026-03-22T19:50:06.664652,KXBTCD-26MAR2221-T67499.99 (1h),0.91,MARKET_DATA,REAL
2026-03-22T19:50:06.751433,KXBTCD-26MAR2221-T67899.99 (1h),0.15,MARKET_DATA,REAL
2026-03-22T19:50:08.166141,KXHIGHNY-26MAR22-B62.5 (Market),0.99,MARKET_DATA,REAL
2026-03-22T19:50:08.166693,KXHIGHNY (F),53.06,MARKET_DATA,REAL
2026-03-22T19:50:10.417958,KXHIGHLAX-26MAR22-T75 (Market),0.99,MARKET_DATA,REAL
2026-03-22T19:50:10.418477,KXHIGHLAX (F),64.4,MARKET_DATA,REAL
2026-03-22T19:50:13.026281,KXHIGHCHI-26MAR22-T65 (Market),0.99,MARKET_DATA,REAL
2026-03-22T19:50:13.026711,KXHIGHCHI (F),33.8,MARKET_DATA,REAL
2026-03-22T19:50:15.271082,KXHIGHMIA-26MAR22-B81.5 (Market),0.99,MARKET_DATA,REAL
2026-03-22T19:50:15.271525,KXHIGHMIA (F),71.6,MARKET_DATA,REAL
2026-03-22T19:50:18.674074,BTC-USD (Coinbase),67778.0,MARKET_DATA,REAL
2026-03-22T19:50:18.837171,KXBTC15M-26MAR222100-00 (15m),0.66,MARKET_DATA,REAL
2026-03-22T19:50:20.924805,KXBTCD-26MAR2221-T67799.99 (1h),0.36,MARKET_DATA,REAL
2026-03-22T19:50:21.008120,KXBTCD-26MAR2221-T67599.99 (1h),0.82,MARKET_DATA,REAL
2026-03-22T19:50:21.091948,KXBTCD-26MAR2221-T67999.99 (1h),0.05,MARKET_DATA,REAL
2026-03-22T19:50:22.528594,KXHIGHNY-26MAR22-B62.5 (Market),0.99,MARKET_DATA,REAL
2026-03-22T19:50:22.529279,KXHIGHNY (F),53.06,MARKET_DATA,REAL
2026-03-22T19:50:24.824472,KXHIGHLAX-26MAR22-T75 (Market),0.99,MARKET_DATA,REAL
2026-03-22T19:50:24.824896,KXHIGHLAX (F),64.4,MARKET_DATA,REAL
2026-03-22T19:50:27.127702,KXHIGHCHI-26MAR22-T65 (Market),0.99,MARKET_DATA,REAL
2026-03-22T19:50:27.128366,KXHIGHCHI (F),33.8,MARKET_DATA,REAL
2026-03-22T19:50:29.389744,KXHIGHMIA-26MAR22-B81.5 (Market),0.99,MARKET_DATA,REAL
2026-03-22T19:50:29.390218,KXHIGHMIA (F),71.6,MARKET_DATA,REAL
2026-03-22T19:50:32.928310,BTC-USD (Coinbase),67846.68,MARKET_DATA,REAL
2026-03-22T19:50:33.014611,KXBTC15M-26MAR222100-00 (15m),0.71,MARKET_DATA,REAL
2026-03-22T19:50:35.470665,KXBTCD-26MAR2221-T67899.99 (1h),0.36,MARKET_DATA,REAL
2026-03-22T19:50:35.555695,KXBTCD-26MAR2221-T67699.99 (1h),0.79,MARKET_DATA,REAL
2026-03-22T19:50:35.682177,KXBTCD-26MAR2221-T68099.99 (1h),0.05,MARKET_DATA,REAL
2026-03-22T19:50:38.098859,KXHIGHNY-26MAR22-B62.5 (Market),0.99,MARKET_DATA,REAL
2026-03-22T19:50:38.099358,KXHIGHNY (F),53.06,MARKET_DATA,REAL
2026-03-22T19:50:41.522397,KXHIGHLAX-26MAR22-T75 (Market),0.99,MARKET_DATA,REAL
2026-03-22T19:50:41.522819,KXHIGHLAX (F),64.4,MARKET_DATA,REAL
2026-03-22T19:50:45.003077,KXHIGHCHI-26MAR22-T65 (Market),0.99,MARKET_DATA,REAL
2026-03-22T19:50:45.003584,KXHIGHCHI (F),33.8,MARKET_DATA,REAL
2026-03-22T19:50:48.384175,KXHIGHMIA-26MAR22-B81.5 (Market),0.99,MARKET_DATA,REAL
2026-03-22T19:50:48.387104,KXHIGHMIA (F),71.6,MARKET_DATA,REAL
2026-03-22T19:50:51.865874,BTC-USD (Coinbase),67847.5,MARKET_DATA,REAL
2026-03-22T19:50:51.959320,KXBTC15M-26MAR222100-00 (15m),0.78,MARKET_DATA,REAL
2026-03-22T19:50:54.375145,KXBTCD-26MAR2221-T67799.99 (1h),0.56,MARKET_DATA,REAL
2026-03-22T19:50:54.497592,KXBTCD-26MAR2221-T67599.99 (1h),0.92,MARKET_DATA,REAL
2026-03-22T19:50:54.584118,KXBTCD-26MAR2221-T67999.99 (1h),0.13,MARKET_DATA,REAL
2026-03-22T19:50:55.908697,KXHIGHNY-26MAR22-B62.5 (Market),0.99,MARKET_DATA,REAL
2026-03-22T19:50:55.909817,KXHIGHNY (F),53.06,MARKET_DATA,REAL
2026-03-22T19:50:58.212767,KXHIGHLAX-26MAR22-T75 (Market),0.99,MARKET_DATA,REAL
2026-03-22T19:50:58.213240,KXHIGHLAX (F),64.4,MARKET_DATA,REAL
2026-03-22T19:51:00.441797,KXHIGHCHI-26MAR22-T65 (Market),0.99,MARKET_DATA,REAL
2026-03-22T19:51:00.442804,KXHIGHCHI (F),33.8,MARKET_DATA,REAL
2026-03-22T19:51:02.700512,KXHIGHMIA-26MAR22-B81.5 (Market),0.99,MARKET_DATA,REAL
2026-03-22T19:51:02.700965,KXHIGHMIA (F),71.6,MARKET_DATA,REAL
2026-03-22T19:51:06.083492,BTC-USD (Coinbase),67842.0,MARKET_DATA,REAL
2026-03-22T19:51:06.167606,KXBTC15M-26MAR222100-00 (15m),0.8,MARKET_DATA,REAL
2026-03-22T19:51:06.174009,KXBTC15M-26MAR222100-00,0.82,SIGNAL_BUY,EXECUTED
2026-03-22T19:51:08.384769,KXBTCD-26MAR2221-T67799.99 (1h),0.57,MARKET_DATA,REAL
2026-03-22T19:51:08.474077,KXBTCD-26MAR2221-T67599.99 (1h),0.91,MARKET_DATA,REAL
2026-03-22T19:51:08.558208,KXBTCD-26MAR2221-T67999.99 (1h),0.13,MARKET_DATA,REAL
2026-03-22T19:51:09.978468,KXHIGHNY-26MAR22-B62.5 (Market),0.99,MARKET_DATA,REAL
2026-03-22T19:51:09.979244,KXHIGHNY (F),53.06,MARKET_DATA,REAL
2026-03-22T19:51:12.228031,KXHIGHLAX-26MAR22-T75 (Market),0.99,MARKET_DATA,REAL
2026-03-22T19:51:12.229059,KXHIGHLAX (F),64.4,MARKET_DATA,REAL
2026-03-22T19:51:14.766351,KXHIGHCHI-26MAR22-T65 (Market),0.99,MARKET_DATA,REAL
2026-03-22T19:51:14.766769,KXHIGHCHI (F),33.8,MARKET_DATA,REAL
2026-03-22T19:51:16.981046,KXHIGHMIA-26MAR22-B81.5 (Market),0.99,MARKET_DATA,REAL
2026-03-22T19:51:16.981451,KXHIGHMIA (F),71.6,MARKET_DATA,REAL
2026-03-22T19:51:20.485817,BTC-USD (Coinbase),67863.58,MARKET_DATA,REAL
2026-03-22T19:51:20.651314,KXBTC15M-26MAR222100-00 (15m),0.83,MARKET_DATA,REAL
2026-03-22T19:51:22.792760,KXBTCD-26MAR2221-T67899.99 (1h),0.35,MARKET_DATA,REAL
2026-03-22T19:51:22.879478,KXBTCD-26MAR2221-T67699.99 (1h),0.84,MARKET_DATA,REAL
2026-03-22T19:51:22.967675,KXBTCD-26MAR2221-T68099.99 (1h),0.06,MARKET_DATA,REAL
2026-03-22T19:51:23.062535,KXBTCD-26MAR2221-T67899.99,0.65,SIGNAL_BUY,EXECUTED
2026-03-22T19:51:24.265026,KXHIGHNY-26MAR22-B62.5 (Market),0.99,MARKET_DATA,REAL
2026-03-22T19:51:24.265485,KXHIGHNY (F),53.06,MARKET_DATA,REAL
2026-03-22T19:51:26.460949,KXHIGHLAX-26MAR22-T75 (Market),0.99,MARKET_DATA,REAL
2026-03-22T19:51:26.465474,KXHIGHLAX (F),64.4,MARKET_DATA,REAL
2026-03-22T19:51:28.709394,KXHIGHCHI-26MAR22-T65 (Market),0.99,MARKET_DATA,REAL
2026-03-22T19:51:28.709874,KXHIGHCHI (F),33.8,MARKET_DATA,REAL
2026-03-22T19:51:30.916643,KXHIGHMIA-26MAR22-B81.5 (Market),0.99,MARKET_DATA,REAL
2026-03-22T19:51:30.917157,KXHIGHMIA (F),71.6,MARKET_DATA,REAL
2026-03-22T19:51:34.455872,BTC-USD (Coinbase),67857.96,MARKET_DATA,REAL
2026-03-22T19:51:34.541819,KXBTC15M-26MAR222100-00 (15m),0.85,MARKET_DATA,REAL
2026-03-22T19:51:36.609457,KXBTCD-26MAR2221-T67899.99 (1h),0.35,MARKET_DATA,REAL
2026-03-22T19:51:36.693386,KXBTCD-26MAR2221-T67699.99 (1h),0.86,MARKET_DATA,REAL
2026-03-22T19:51:36.788674,KXBTCD-26MAR2221-T68099.99 (1h),0.06,MARKET_DATA,REAL
2026-03-22T19:51:39.283730,KXHIGHNY-26MAR22-B62.5 (Market),0.99,MARKET_DATA,REAL
2026-03-22T19:51:39.284322,KXHIGHNY (F),53.06,MARKET_DATA,REAL
2026-03-22T19:51:42.727387,KXHIGHLAX-26MAR22-T75 (Market),0.99,MARKET_DATA,REAL
2026-03-22T19:51:42.728436,KXHIGHLAX (F),64.4,MARKET_DATA,REAL
2026-03-22T19:51:44.979013,KXHIGHCHI-26MAR22-T65 (Market),0.99,MARKET_DATA,REAL
2026-03-22T19:51:44.979541,KXHIGHCHI (F),33.8,MARKET_DATA,REAL
2026-03-22T19:51:47.296615,KXHIGHMIA-26MAR22-B81.5 (Market),0.99,MARKET_DATA,REAL
2026-03-22T19:51:47.297452,KXHIGHMIA (F),71.6,MARKET_DATA,REAL
2026-03-22T19:51:50.871170,BTC-USD (Coinbase),67834.01,MARKET_DATA,REAL
2026-03-22T19:51:50.958048,KXBTC15M-26MAR222100-00 (15m),0.85,MARKET_DATA,REAL
2026-03-22T19:51:53.117552,KXBTCD-26MAR2221-T67799.99 (1h),0.62,MARKET_DATA,REAL
2026-03-22T19:51:53.213383,KXBTCD-26MAR2221-T67599.99 (1h),0.94,MARKET_DATA,REAL
2026-03-22T19:51:53.305539,KXBTCD-26MAR2221-T67999.99 (1h),0.14,MARKET_DATA,REAL
2026-03-22T19:51:54.634294,KXHIGHNY-26MAR22-B62.5 (Market),0.99,MARKET_DATA,REAL
2026-03-22T19:51:54.634747,KXHIGHNY (F),53.06,MARKET_DATA,REAL
2026-03-22T19:51:56.907528,KXHIGHLAX-26MAR22-T75 (Market),0.99,MARKET_DATA,REAL
2026-03-22T19:51:56.908006,KXHIGHLAX (F),64.4,MARKET_DATA,REAL
2026-03-22T19:52:00.449215,KXHIGHCHI-26MAR22-T65 (Market),0.99,MARKET_DATA,REAL
2026-03-22T19:52:00.449678,KXHIGHCHI (F),33.8,MARKET_DATA,REAL
2026-03-22T19:52:03.952140,KXHIGHMIA-26MAR22-B81.5 (Market),0.99,MARKET_DATA,REAL
2026-03-22T19:52:03.953240,KXHIGHMIA (F),71.6,MARKET_DATA,REAL
2026-03-22T19:52:07.598966,BTC-USD (Coinbase),67816.36,MARKET_DATA,REAL
2026-03-22T19:52:07.684120,KXBTC15M-26MAR222100-00 (15m),0.81,MARKET_DATA,REAL
2026-03-22T19:52:09.852960,KXBTCD-26MAR2221-T67799.99 (1h),0.57,MARKET_DATA,REAL
2026-03-22T19:52:09.941060,KXBTCD-26MAR2221-T67599.99 (1h),0.93,MARKET_DATA,REAL
2026-03-22T19:52:10.074884,KXBTCD-26MAR2221-T67999.99 (1h),0.13,MARKET_DATA,REAL
2026-03-22T19:52:11.490348,KXHIGHNY-26MAR22-B62.5 (Market),0.99,MARKET_DATA,REAL
2026-03-22T19:52:11.490836,KXHIGHNY (F),53.06,MARKET_DATA,REAL
2026-03-22T19:52:13.847956,KXHIGHLAX-26MAR22-T75 (Market),0.99,MARKET_DATA,REAL
2026-03-22T19:52:13.848752,KXHIGHLAX (F),64.4,MARKET_DATA,REAL
2026-03-22T19:52:16.092281,KXHIGHCHI-26MAR22-T65 (Market),0.99,MARKET_DATA,REAL
2026-03-22T19:52:16.092743,KXHIGHCHI (F),33.8,MARKET_DATA,REAL
2026-03-22T19:52:18.493349,KXHIGHMIA-26MAR22-B81.5 (Market),0.99,MARKET_DATA,REAL
2026-03-22T19:52:18.494516,KXHIGHMIA (F),71.6,MARKET_DATA,REAL
2026-03-22T19:52:21.955639,BTC-USD (Coinbase),67784.86,MARKET_DATA,REAL
2026-03-22T19:52:22.119059,KXBTC15M-26MAR222100-00 (15m),0.75,MARKET_DATA,REAL
2026-03-22T19:52:24.235889,KXBTCD-26MAR2221-T67799.99 (1h),0.46,MARKET_DATA,REAL
2026-03-22T19:52:24.329390,KXBTCD-26MAR2221-T67599.99 (1h),0.89,MARKET_DATA,REAL
2026-03-22T19:52:24.413124,KXBTCD-26MAR2221-T67999.99 (1h),0.07,MARKET_DATA,REAL
2026-03-22T19:52:25.956213,KXHIGHNY-26MAR22-B62.5 (Market),0.99,MARKET_DATA,REAL
2026-03-22T19:52:25.956636,KXHIGHNY (F),53.06,MARKET_DATA,REAL
2026-03-22T19:52:28.369851,KXHIGHLAX-26MAR22-T75 (Market),0.99,MARKET_DATA,REAL
2026-03-22T19:52:28.370404,KXHIGHLAX (F),64.4,MARKET_DATA,REAL
2026-03-22T19:52:30.780027,KXHIGHCHI-26MAR22-T65 (Market),0.99,MARKET_DATA,REAL
2026-03-22T19:52:30.780998,KXHIGHCHI (F),33.8,MARKET_DATA,REAL
2026-03-22T19:52:33.070169,KXHIGHMIA-26MAR22-B81.5 (Market),0.99,MARKET_DATA,REAL
2026-03-22T19:52:33.070855,KXHIGHMIA (F),71.6,MARKET_DATA,REAL
2026-03-22T19:52:36.519731,BTC-USD (Coinbase),67746.23,MARKET_DATA,REAL
2026-03-22T19:52:36.603953,KXBTC15M-26MAR222100-00 (15m),0.72,MARKET_DATA,REAL
2026-03-22T19:52:38.695531,KXBTCD-26MAR2221-T67699.99 (1h),0.69,MARKET_DATA,REAL
2026-03-22T19:52:38.808684,KXBTCD-26MAR2221-T67499.99 (1h),0.96,MARKET_DATA,REAL
2026-03-22T19:52:38.898949,KXBTCD-26MAR2221-T67899.99 (1h),0.12,MARKET_DATA,REAL
2026-03-22T19:52:41.438736,KXHIGHNY-26MAR22-B62.5 (Market),0.99,MARKET_DATA,REAL
2026-03-22T19:52:41.439668,KXHIGHNY (F),53.06,MARKET_DATA,REAL
2026-03-22T19:52:45.015145,KXHIGHLAX-26MAR22-T75 (Market),0.99,MARKET_DATA,REAL
2026-03-22T19:52:45.015553,KXHIGHLAX (F),64.4,MARKET_DATA,REAL
2026-03-22T19:52:47.411724,KXHIGHCHI-26MAR22-T65 (Market),0.99,MARKET_DATA,REAL
2026-03-22T19:52:47.412150,KXHIGHCHI (F),33.8,MARKET_DATA,REAL
2026-03-22T19:52:49.867618,KXHIGHMIA-26MAR22-B81.5 (Market),0.99,MARKET_DATA,REAL
2026-03-22T19:52:49.868755,KXHIGHMIA (F),71.6,MARKET_DATA,REAL
2026-03-22T19:52:53.461766,BTC-USD (Coinbase),67706.09,MARKET_DATA,REAL
2026-03-22T19:52:53.550912,KXBTC15M-26MAR222100-00 (15m),0.55,MARKET_DATA,REAL
2026-03-22T19:52:55.645501,KXBTCD-26MAR2221-T67699.99 (1h),0.52,MARKET_DATA,REAL
2026-03-22T19:52:55.733695,KXBTCD-26MAR2221-T67499.99 (1h),0.92,MARKET_DATA,REAL
2026-03-22T19:52:55.815555,KXBTCD-26MAR2221-T67899.99 (1h),0.06,MARKET_DATA,REAL
2026-03-22T19:52:57.302908,KXHIGHNY-26MAR22-B62.5 (Market),0.99,MARKET_DATA,REAL
2026-03-22T19:52:57.303848,KXHIGHNY (F),53.06,MARKET_DATA,REAL
2026-03-22T19:52:59.716949,KXHIGHLAX-26MAR22-T75 (Market),0.99,MARKET_DATA,REAL
2026-03-22T19:52:59.717835,KXHIGHLAX (F),64.4,MARKET_DATA,REAL
2026-03-22T19:53:03.176326,KXHIGHCHI-26MAR22-T65 (Market),0.99,MARKET_DATA,REAL
2026-03-22T19:53:03.176740,KXHIGHCHI (F),33.8,MARKET_DATA,REAL
2026-03-22T19:53:06.530778,KXHIGHMIA-26MAR22-B81.5 (Market),0.99,MARKET_DATA,REAL
2026-03-22T19:53:06.532172,KXHIGHMIA (F),71.6,MARKET_DATA,REAL
2026-03-22T19:53:09.886632,BTC-USD (Coinbase),67712.83,MARKET_DATA,REAL
2026-03-22T19:53:10.025933,KXBTC15M-26MAR222100-00 (15m),0.58,MARKET_DATA,REAL
2026-03-22T19:53:12.082064,KXBTCD-26MAR2221-T67699.99 (1h),0.52,MARKET_DATA,REAL
2026-03-22T19:53:12.211824,KXBTCD-26MAR2221-T67499.99 (1h),0.93,MARKET_DATA,REAL
2026-03-22T19:53:12.297957,KXBTCD-26MAR2221-T67899.99 (1h),0.08,MARKET_DATA,REAL
2026-03-22T19:53:13.610248,KXHIGHNY-26MAR22-B62.5 (Market),0.99,MARKET_DATA,REAL
2026-03-22T19:53:13.610728,KXHIGHNY (F),53.06,MARKET_DATA,REAL
2026-03-22T19:53:15.800114,KXHIGHLAX-26MAR22-T75 (Market),0.99,MARKET_DATA,REAL
2026-03-22T19:53:15.800565,KXHIGHLAX (F),64.4,MARKET_DATA,REAL
2026-03-22T19:53:18.041774,KXHIGHCHI-26MAR22-T65 (Market),0.99,MARKET_DATA,REAL
2026-03-22T19:53:18.042108,KXHIGHCHI (F),33.8,MARKET_DATA,REAL
2026-03-22T19:53:20.199736,KXHIGHMIA-26MAR22-B81.5 (Market),0.99,MARKET_DATA,REAL
2026-03-22T19:53:20.200198,KXHIGHMIA (F),71.6,MARKET_DATA,REAL
2026-03-22T19:53:23.598310,BTC-USD (Coinbase),67729.96,MARKET_DATA,REAL
2026-03-22T19:53:23.766305,KXBTC15M-26MAR222100-00 (15m),0.63,MARKET_DATA,REAL
2026-03-22T19:53:25.732992,KXBTCD-26MAR2221-T67699.99 (1h),0.61,MARKET_DATA,REAL
2026-03-22T19:53:25.819306,KXBTCD-26MAR2221-T67499.99 (1h),0.94,MARKET_DATA,REAL
2026-03-22T19:53:25.907871,KXBTCD-26MAR2221-T67899.99 (1h),0.09,MARKET_DATA,REAL
2026-03-22T19:53:27.115874,KXHIGHNY-26MAR22-B62.5 (Market),0.99,MARKET_DATA,REAL
2026-03-22T19:53:27.116530,KXHIGHNY (F),53.06,MARKET_DATA,REAL
2026-03-22T19:53:29.224690,KXHIGHLAX-26MAR22-T75 (Market),0.99,MARKET_DATA,REAL
2026-03-22T19:53:29.225037,KXHIGHLAX (F),64.4,MARKET_DATA,REAL
2026-03-22T19:53:31.370632,KXHIGHCHI-26MAR22-T65 (Market),0.99,MARKET_DATA,REAL
2026-03-22T19:53:31.371319,KXHIGHCHI (F),33.8,MARKET_DATA,REAL
2026-03-22T19:53:33.515493,KXHIGHMIA-26MAR22-B81.5 (Market),0.99,MARKET_DATA,REAL
2026-03-22T19:53:33.516226,KXHIGHMIA (F),71.6,MARKET_DATA,REAL
2026-03-22T19:53:36.870935,BTC-USD (Coinbase),67716.52,MARKET_DATA,REAL
2026-03-22T19:53:36.959541,KXBTC15M-26MAR222100-00 (15m),0.58,MARKET_DATA,REAL
2026-03-22T19:53:39.072783,KXBTCD-26MAR2221-T67699.99 (1h),0.56,MARKET_DATA,REAL
2026-03-22T19:53:39.160099,KXBTCD-26MAR2221-T67499.99 (1h),0.93,MARKET_DATA,REAL
2026-03-22T19:53:39.244606,KXBTCD-26MAR2221-T67899.99 (1h),0.07,MARKET_DATA,REAL
2026-03-22T19:53:40.484044,KXHIGHNY-26MAR22-B62.5 (Market),0.99,MARKET_DATA,REAL
2026-03-22T19:53:40.485121,KXHIGHNY (F),53.06,MARKET_DATA,REAL
2026-03-22T19:53:42.938575,KXHIGHLAX-26MAR22-T75 (Market),0.99,MARKET_DATA,REAL
2026-03-22T19:53:42.938944,KXHIGHLAX (F),64.4,MARKET_DATA,REAL
2026-03-22T19:53:45.128639,KXHIGHCHI-26MAR22-T65 (Market),0.99,MARKET_DATA,REAL
2026-03-22T19:53:45.129312,KXHIGHCHI (F),33.8,MARKET_DATA,REAL
2026-03-22T19:53:47.252141,KXHIGHMIA-26MAR22-B81.5 (Market),0.99,MARKET_DATA,REAL
2026-03-22T19:53:47.252961,KXHIGHMIA (F),71.6,MARKET_DATA,REAL
2026-03-22T19:53:50.621557,BTC-USD (Coinbase),67734.45,MARKET_DATA,REAL
2026-03-22T19:53:50.804365,KXBTC15M-26MAR222100-00 (15m),0.68,MARKET_DATA,REAL
2026-03-22T19:53:52.823572,KXBTCD-26MAR2221-T67699.99 (1h),0.65,MARKET_DATA,REAL
2026-03-22T19:53:52.905526,KXBTCD-26MAR2221-T67499.99 (1h),0.94,MARKET_DATA,REAL
2026-03-22T19:53:52.991151,KXBTCD-26MAR2221-T67899.99 (1h),0.1,MARKET_DATA,REAL
2026-03-22T19:53:55.334206,KXHIGHNY-26MAR22-B62.5 (Market),0.99,MARKET_DATA,REAL
2026-03-22T19:53:55.335282,KXHIGHNY (F),53.06,MARKET_DATA,REAL
2026-03-22T19:53:58.637666,KXHIGHLAX-26MAR22-T75 (Market),0.99,MARKET_DATA,REAL
2026-03-22T19:53:58.638871,KXHIGHLAX (F),64.4,MARKET_DATA,REAL
2026-03-22T19:54:00.759177,KXHIGHCHI-26MAR22-T65 (Market),0.99,MARKET_DATA,REAL
2026-03-22T19:54:00.759610,KXHIGHCHI (F),33.8,MARKET_DATA,REAL
2026-03-22T19:54:02.939539,KXHIGHMIA-26MAR22-B81.5 (Market),0.99,MARKET_DATA,REAL
2026-03-22T19:54:02.940313,KXHIGHMIA (F),71.6,MARKET_DATA,REAL
2026-03-22T19:54:06.362252,BTC-USD (Coinbase),67731.31,MARKET_DATA,REAL
2026-03-22T19:54:06.450081,KXBTC15M-26MAR222100-00 (15m),0.67,MARKET_DATA,REAL
2026-03-22T19:54:08.637767,KXBTCD-26MAR2221-T67699.99 (1h),0.59,MARKET_DATA,REAL
2026-03-22T19:54:08.724214,KXBTCD-26MAR2221-T67499.99 (1h),0.96,MARKET_DATA,REAL
2026-03-22T19:54:08.812583,KXBTCD-26MAR2221-T67899.99 (1h),0.08,MARKET_DATA,REAL
2026-03-22T19:54:10.030245,KXHIGHNY-26MAR22-B62.5 (Market),0.99,MARKET_DATA,REAL
2026-03-22T19:54:10.030985,KXHIGHNY (F),53.06,MARKET_DATA,REAL
2026-03-22T19:54:12.215808,KXHIGHLAX-26MAR22-T75 (Market),0.99,MARKET_DATA,REAL
2026-03-22T19:54:12.216624,KXHIGHLAX (F),64.4,MARKET_DATA,REAL
2026-03-22T19:54:15.672604,KXHIGHCHI-26MAR22-T65 (Market),0.99,MARKET_DATA,REAL
2026-03-22T19:54:15.672997,KXHIGHCHI (F),33.8,MARKET_DATA,REAL
2026-03-22T19:54:19.054273,KXHIGHMIA-26MAR22-B81.5 (Market),0.99,MARKET_DATA,REAL
2026-03-22T19:54:19.055338,KXHIGHMIA (F),71.6,MARKET_DATA,REAL
2026-03-22T19:54:22.403277,BTC-USD (Coinbase),67712.41,MARKET_DATA,REAL
2026-03-22T19:54:22.491907,KXBTC15M-26MAR222100-00 (15m),0.61,MARKET_DATA,REAL
2026-03-22T19:54:24.645916,KXBTCD-26MAR2221-T67699.99 (1h),0.54,MARKET_DATA,REAL
2026-03-22T19:54:24.729983,KXBTCD-26MAR2221-T67499.99 (1h),0.95,MARKET_DATA,REAL
2026-03-22T19:54:24.817755,KXBTCD-26MAR2221-T67899.99 (1h),0.06,MARKET_DATA,REAL
2026-03-22T19:54:24.918842,KXBTCD-26MAR2221-T67699.99,0.55,SIGNAL_BUY,EXECUTED
2026-03-22T19:54:26.006181,KXHIGHNY-26MAR22-B62.5 (Market),0.99,MARKET_DATA,REAL
2026-03-22T19:54:26.006657,KXHIGHNY (F),53.06,MARKET_DATA,REAL
2026-03-22T19:54:28.130207,KXHIGHLAX-26MAR22-T75 (Market),0.99,MARKET_DATA,REAL
2026-03-22T19:54:28.130630,KXHIGHLAX (F),64.4,MARKET_DATA,REAL
2026-03-22T19:54:30.312835,KXHIGHCHI-26MAR22-T65 (Market),0.99,MARKET_DATA,REAL
2026-03-22T19:54:30.313572,KXHIGHCHI (F),33.8,MARKET_DATA,REAL
2026-03-22T19:54:32.450552,KXHIGHMIA-26MAR22-B81.5 (Market),0.99,MARKET_DATA,REAL
2026-03-22T19:54:32.450972,KXHIGHMIA (F),71.6,MARKET_DATA,REAL
2026-03-22T19:54:35.963153,BTC-USD (Coinbase),67684.06,MARKET_DATA,REAL
2026-03-22T19:54:36.456004,KXBTC15M-26MAR222100-00 (15m),0.52,MARKET_DATA,REAL
2026-03-22T19:54:38.610480,KXBTCD-26MAR2221-T67699.99 (1h),0.43,MARKET_DATA,REAL
2026-03-22T19:54:38.696847,KXBTCD-26MAR2221-T67499.99 (1h),0.94,MARKET_DATA,REAL
2026-03-22T19:54:38.789180,KXBTCD-26MAR2221-T67899.99 (1h),0.05,MARKET_DATA,REAL
2026-03-22T19:54:40.244557,KXHIGHNY-26MAR22-B62.5 (Market),0.99,MARKET_DATA,REAL
2026-03-22T19:54:40.246352,KXHIGHNY (F),53.06,MARKET_DATA,REAL
2026-03-22T19:54:42.665225,KXHIGHLAX-26MAR22-T75 (Market),0.99,MARKET_DATA,REAL
2026-03-22T19:54:42.665908,KXHIGHLAX (F),64.4,MARKET_DATA,REAL
2026-03-22T19:54:45.805635,KXHIGHCHI-26MAR22-T65 (Market),0.99,MARKET_DATA,REAL
2026-03-22T19:54:45.806498,KXHIGHCHI (F),33.8,MARKET_DATA,REAL
2026-03-22T19:54:48.691677,KXHIGHMIA-26MAR22-B81.5 (Market),0.99,MARKET_DATA,REAL
2026-03-22T19:54:48.692535,KXHIGHMIA (F),71.6,MARKET_DATA,REAL
2026-03-22T19:54:52.404617,BTC-USD (Coinbase),67680.9,MARKET_DATA,REAL
2026-03-22T19:54:52.525706,KXBTC15M-26MAR222100-00 (15m),0.49,MARKET_DATA,REAL
2026-03-22T19:54:55.183927,KXBTCD-26MAR2221-T67699.99 (1h),0.39,MARKET_DATA,REAL
2026-03-22T19:54:55.272331,KXBTCD-26MAR2221-T67499.99 (1h),0.93,MARKET_DATA,REAL
2026-03-22T19:54:55.414145,KXBTCD-26MAR2221-T67899.99 (1h),0.05,MARKET_DATA,REAL
2026-03-22T19:54:58.415360,KXHIGHNY-26MAR22-B62.5 (Market),0.99,MARKET_DATA,REAL
2026-03-22T19:54:58.415811,KXHIGHNY (F),53.06,MARKET_DATA,REAL
2026-03-22T19:55:01.765452,KXHIGHLAX-26MAR22-T75 (Market),0.99,MARKET_DATA,REAL
2026-03-22T19:55:01.765981,KXHIGHLAX (F),64.4,MARKET_DATA,REAL
2026-03-22T19:55:04.028490,KXHIGHCHI-26MAR22-T65 (Market),0.99,MARKET_DATA,REAL
2026-03-22T19:55:04.029023,KXHIGHCHI (F),33.8,MARKET_DATA,REAL
2026-03-22T19:55:06.504914,KXHIGHMIA-26MAR22-B81.5 (Market),0.99,MARKET_DATA,REAL
2026-03-22T19:55:06.505322,KXHIGHMIA (F),71.6,MARKET_DATA,REAL
2026-03-22T19:55:10.187332,BTC-USD (Coinbase),67671.98,MARKET_DATA,REAL
2026-03-22T19:55:10.267630,KXBTC15M-26MAR222100-00 (15m),0.49,MARKET_DATA,REAL
2026-03-22T19:55:12.554338,KXBTCD-26MAR2221-T67699.99 (1h),0.39,MARKET_DATA,REAL
2026-03-22T19:55:12.682300,KXBTCD-26MAR2221-T67499.99 (1h),0.95,MARKET_DATA,REAL
2026-03-22T19:55:12.769096,KXBTCD-26MAR2221-T67899.99 (1h),0.04,MARKET_DATA,REAL
2026-03-22T19:55:14.051723,KXHIGHNY-26MAR22-B62.5 (Market),0.99,MARKET_DATA,REAL
2026-03-22T19:55:14.052434,KXHIGHNY (F),53.06,MARKET_DATA,REAL
2026-03-22T19:55:16.240026,KXHIGHLAX-26MAR22-T75 (Market),0.99,MARKET_DATA,REAL
2026-03-22T19:55:16.241471,KXHIGHLAX (F),64.4,MARKET_DATA,REAL
2026-03-22T19:55:19.539712,KXHIGHCHI-26MAR22-T65 (Market),0.99,MARKET_DATA,REAL
2026-03-22T19:55:19.540160,KXHIGHCHI (F),33.8,MARKET_DATA,REAL
2026-03-22T19:55:22.869638,KXHIGHMIA-26MAR22-B81.5 (Market),0.99,MARKET_DATA,REAL
2026-03-22T19:55:22.870017,KXHIGHMIA (F),71.6,MARKET_DATA,REAL
2026-03-22T19:55:26.236732,BTC-USD (Coinbase),67682.43,MARKET_DATA,REAL
2026-03-22T19:55:26.324177,KXBTC15M-26MAR222100-00 (15m),0.49,MARKET_DATA,REAL
2026-03-22T19:55:28.460789,KXBTCD-26MAR2221-T67699.99 (1h),0.42,MARKET_DATA,REAL
2026-03-22T19:55:28.550565,KXBTCD-26MAR2221-T67499.99 (1h),0.95,MARKET_DATA,REAL
2026-03-22T19:55:28.635528,KXBTCD-26MAR2221-T67899.99 (1h),0.04,MARKET_DATA,REAL
2026-03-22T19:55:29.815002,KXHIGHNY-26MAR22-B62.5 (Market),0.99,MARKET_DATA,REAL
2026-03-22T19:55:29.815416,KXHIGHNY (F),53.06,MARKET_DATA,REAL
2026-03-22T19:55:32.037478,KXHIGHLAX-26MAR22-T75 (Market),0.99,MARKET_DATA,REAL
2026-03-22T19:55:32.038119,KXHIGHLAX (F),64.4,MARKET_DATA,REAL
2026-03-22T19:55:34.144481,KXHIGHCHI-26MAR22-T65 (Market),0.99,MARKET_DATA,REAL
2026-03-22T19:55:34.145259,KXHIGHCHI (F),33.8,MARKET_DATA,REAL
2026-03-22T19:55:36.222153,KXHIGHMIA-26MAR22-B81.5 (Market),0.99,MARKET_DATA,REAL
2026-03-22T19:55:36.222896,KXHIGHMIA (F),71.6,MARKET_DATA,REAL
2026-03-22T19:55:39.602742,BTC-USD (Coinbase),67701.98,MARKET_DATA,REAL
2026-03-22T19:55:39.770140,KXBTC15M-26MAR222100-00 (15m),0.61,MARKET_DATA,REAL
2026-03-22T19:55:41.856627,KXBTCD-26MAR2221-T67699.99 (1h),0.53,MARKET_DATA,REAL
2026-03-22T19:55:41.943480,KXBTCD-26MAR2221-T67499.99 (1h),0.96,MARKET_DATA,REAL
2026-03-22T19:55:42.031176,KXBTCD-26MAR2221-T67899.99 (1h),0.02,MARKET_DATA,REAL
2026-03-22T19:55:43.236777,KXHIGHNY-26MAR22-B62.5 (Market),0.99,MARKET_DATA,REAL
2026-03-22T19:55:43.237838,KXHIGHNY (F),53.06,MARKET_DATA,REAL
2026-03-22T19:55:45.444976,KXHIGHLAX-26MAR22-T75 (Market),0.99,MARKET_DATA,REAL
2026-03-22T19:55:45.445601,KXHIGHLAX (F),64.4,MARKET_DATA,REAL
2026-03-22T19:55:47.542500,KXHIGHCHI-26MAR22-T65 (Market),0.99,MARKET_DATA,REAL
2026-03-22T19:55:47.543467,KXHIGHCHI (F),33.8,MARKET_DATA,REAL
2026-03-22T19:55:49.638127,KXHIGHMIA-26MAR22-B81.5 (Market),0.99,MARKET_DATA,REAL
2026-03-22T19:55:49.638982,KXHIGHMIA (F),71.6,MARKET_DATA,REAL
2026-03-22T19:55:53.000913,BTC-USD (Coinbase),67670.65,MARKET_DATA,REAL
2026-03-22T19:55:53.092768,KXBTC15M-26MAR222100-00 (15m),0.59,MARKET_DATA,REAL
2026-03-22T19:55:55.084582,KXBTCD-26MAR2221-T67699.99 (1h),0.44,MARKET_DATA,REAL
2026-03-22T19:55:55.177330,KXBTCD-26MAR2221-T67499.99 (1h),0.96,MARKET_DATA,REAL
2026-03-22T19:55:55.260715,KXBTCD-26MAR2221-T67899.99 (1h),0.02,MARKET_DATA,REAL
2026-03-22T19:55:56.491910,KXHIGHNY-26MAR22-B62.5 (Market),0.99,MARKET_DATA,REAL
2026-03-22T19:55:56.493206,KXHIGHNY (F),53.06,MARKET_DATA,REAL
2026-03-22T19:55:58.670059,KXHIGHLAX-26MAR22-T75 (Market),0.99,MARKET_DATA,REAL
2026-03-22T19:55:58.670744,KXHIGHLAX (F),64.4,MARKET_DATA,REAL
2026-03-22T19:56:00.808653,KXHIGHCHI-26MAR22-T65 (Market),0.99,MARKET_DATA,REAL
2026-03-22T19:56:00.809499,KXHIGHCHI (F),33.8,MARKET_DATA,REAL
2026-03-22T19:56:02.896090,KXHIGHMIA-26MAR22-B81.5 (Market),0.99,MARKET_DATA,REAL
2026-03-22T19:56:02.897522,KXHIGHMIA (F),71.6,MARKET_DATA,REAL
2026-03-22T19:56:06.239746,BTC-USD (Coinbase),67623.18,MARKET_DATA,REAL
2026-03-22T19:56:06.329637,KXBTC15M-26MAR222100-00 (15m),0.21,MARKET_DATA,REAL
2026-03-22T19:56:08.334704,KXBTCD-26MAR2221-T67599.99 (1h),0.73,MARKET_DATA,REAL
2026-03-22T19:56:08.420662,KXBTCD-26MAR2221-T67399.99 (1h),0.98,MARKET_DATA,REAL
2026-03-22T19:56:08.509685,KXBTCD-26MAR2221-T67799.99 (1h),0.08,MARKET_DATA,REAL
2026-03-22T19:56:10.853108,KXHIGHNY-26MAR22-B62.5 (Market),0.99,MARKET_DATA,REAL
2026-03-22T19:56:10.853565,KXHIGHNY (F),53.06,MARKET_DATA,REAL
2026-03-22T19:56:14.236797,KXHIGHLAX-26MAR22-T75 (Market),0.99,MARKET_DATA,REAL
2026-03-22T19:56:14.237395,KXHIGHLAX (F),64.4,MARKET_DATA,REAL
2026-03-22T19:56:16.449627,KXHIGHCHI-26MAR22-T65 (Market),0.99,MARKET_DATA,REAL
2026-03-22T19:56:16.450120,KXHIGHCHI (F),33.8,MARKET_DATA,REAL
2026-03-22T19:56:18.644599,KXHIGHMIA-26MAR22-B81.5 (Market),0.99,MARKET_DATA,REAL
2026-03-22T19:56:18.645838,KXHIGHMIA (F),71.6,MARKET_DATA,REAL
2026-03-22T19:56:22.022073,BTC-USD (Coinbase),67637.17,MARKET_DATA,REAL
2026-03-22T19:56:22.110769,KXBTC15M-26MAR222100-00 (15m),0.29,MARKET_DATA,REAL
2026-03-22T19:56:24.241609,KXBTCD-26MAR2221-T67699.99 (1h),0.23,MARKET_DATA,REAL
2026-03-22T19:56:24.328673,KXBTCD-26MAR2221-T67499.99 (1h),0.92,MARKET_DATA,REAL
2026-03-22T19:56:24.416410,KXBTCD-26MAR2221-T67899.99 (1h),0.01,MARKET_DATA,REAL
2026-03-22T19:56:25.831334,KXHIGHNY-26MAR22-B62.5 (Market),0.99,MARKET_DATA,REAL
2026-03-22T19:56:25.831996,KXHIGHNY (F),53.06,MARKET_DATA,REAL
2026-03-22T19:56:28.070614,KXHIGHLAX-26MAR22-T75 (Market),0.99,MARKET_DATA,REAL
2026-03-22T19:56:28.072217,KXHIGHLAX (F),64.4,MARKET_DATA,REAL
2026-03-22T19:56:31.494950,KXHIGHCHI-26MAR22-T65 (Market),0.99,MARKET_DATA,REAL
2026-03-22T19:56:31.495455,KXHIGHCHI (F),33.8,MARKET_DATA,REAL
2026-03-22T19:56:34.916722,KXHIGHMIA-26MAR22-B81.5 (Market),0.99,MARKET_DATA,REAL
2026-03-22T19:56:34.917266,KXHIGHMIA (F),71.6,MARKET_DATA,REAL
2026-03-22T19:56:38.311323,BTC-USD (Coinbase),67672.0,MARKET_DATA,REAL
2026-03-22T19:56:38.399335,KXBTC15M-26MAR222100-00 (15m),0.37,MARKET_DATA,REAL
2026-03-22T19:56:40.452970,KXBTCD-26MAR2221-T67699.99 (1h),0.39,MARKET_DATA,REAL
2026-03-22T19:56:40.542832,KXBTCD-26MAR2221-T67499.99 (1h),0.96,MARKET_DATA,REAL
2026-03-22T19:56:40.627780,KXBTCD-26MAR2221-T67899.99 (1h),0.01,MARKET_DATA,REAL
2026-03-22T19:56:41.927616,KXHIGHNY-26MAR22-B62.5 (Market),0.99,MARKET_DATA,REAL
2026-03-22T19:56:41.928499,KXHIGHNY (F),53.06,MARKET_DATA,REAL
2026-03-22T19:56:44.151528,KXHIGHLAX-26MAR22-T75 (Market),0.99,MARKET_DATA,REAL
2026-03-22T19:56:44.152298,KXHIGHLAX (F),64.4,MARKET_DATA,REAL
2026-03-22T19:56:46.407547,KXHIGHCHI-26MAR22-T65 (Market),0.99,MARKET_DATA,REAL
2026-03-22T19:56:46.408075,KXHIGHCHI (F),33.8,MARKET_DATA,REAL
2026-03-22T19:56:48.629626,KXHIGHMIA-26MAR22-B81.5 (Market),0.99,MARKET_DATA,REAL
2026-03-22T19:56:48.630224,KXHIGHMIA (F),71.6,MARKET_DATA,REAL
2026-03-22T19:56:52.028702,BTC-USD (Coinbase),67668.35,MARKET_DATA,REAL
2026-03-22T19:56:52.205459,KXBTC15M-26MAR222100-00 (15m),0.42,MARKET_DATA,REAL
2026-03-22T19:56:54.212254,KXBTCD-26MAR2221-T67699.99 (1h),0.33,MARKET_DATA,REAL
2026-03-22T19:56:54.304309,KXBTCD-26MAR2221-T67499.99 (1h),0.97,MARKET_DATA,REAL
2026-03-22T19:56:54.399206,KXBTCD-26MAR2221-T67899.99 (1h),0.01,MARKET_DATA,REAL
2026-03-22T19:56:55.790273,KXHIGHNY-26MAR22-B62.5 (Market),0.99,MARKET_DATA,REAL
2026-03-22T19:56:55.791081,KXHIGHNY (F),53.06,MARKET_DATA,REAL
2026-03-22T19:56:58.057835,KXHIGHLAX-26MAR22-T75 (Market),0.99,MARKET_DATA,REAL
2026-03-22T19:56:58.060396,KXHIGHLAX (F),64.4,MARKET_DATA,REAL
2026-03-22T19:57:00.246505,KXHIGHCHI-26MAR22-T65 (Market),0.99,MARKET_DATA,REAL
2026-03-22T19:57:00.247006,KXHIGHCHI (F),33.8,MARKET_DATA,REAL
2026-03-22T19:57:02.443974,KXHIGHMIA-26MAR22-B81.5 (Market),0.99,MARKET_DATA,REAL
2026-03-22T19:57:02.444808,KXHIGHMIA (F),71.6,MARKET_DATA,REAL
2026-03-22T19:57:05.839697,BTC-USD (Coinbase),67664.8,MARKET_DATA,REAL
2026-03-22T19:57:05.929216,KXBTC15M-26MAR222100-00 (15m),0.41,MARKET_DATA,REAL
2026-03-22T19:57:07.996015,KXBTCD-26MAR2221-T67699.99 (1h),0.26,MARKET_DATA,REAL
2026-03-22T19:57:08.132859,KXBTCD-26MAR2221-T67499.99 (1h),0.96,MARKET_DATA,REAL
2026-03-22T19:57:08.219882,KXBTCD-26MAR2221-T67899.99 (1h),0.01,MARKET_DATA,REAL
2026-03-22T19:57:09.613226,KXHIGHNY-26MAR22-B62.5 (Market),0.99,MARKET_DATA,REAL
2026-03-22T19:57:09.614156,KXHIGHNY (F),53.06,MARKET_DATA,REAL
2026-03-22T19:57:11.847966,KXHIGHLAX-26MAR22-T75 (Market),0.99,MARKET_DATA,REAL
2026-03-22T19:57:11.848519,KXHIGHLAX (F),64.4,MARKET_DATA,REAL
2026-03-22T19:57:14.072653,KXHIGHCHI-26MAR22-T65 (Market),0.99,MARKET_DATA,REAL
2026-03-22T19:57:14.073295,KXHIGHCHI (F),33.8,MARKET_DATA,REAL
2026-03-22T19:57:16.275373,KXHIGHMIA-26MAR22-B81.5 (Market),0.99,MARKET_DATA,REAL
2026-03-22T19:57:16.276889,KXHIGHMIA (F),71.6,MARKET_DATA,REAL
2026-03-22T19:57:19.689327,BTC-USD (Coinbase),67661.09,MARKET_DATA,REAL
2026-03-22T19:57:19.779552,KXBTC15M-26MAR222100-00 (15m),0.39,MARKET_DATA,REAL
2026-03-22T19:57:21.826627,KXBTCD-26MAR2221-T67699.99 (1h),0.28,MARKET_DATA,REAL
2026-03-22T19:57:21.919917,KXBTCD-26MAR2221-T67499.99 (1h),0.97,MARKET_DATA,REAL
2026-03-22T19:57:22.003221,KXBTCD-26MAR2221-T67899.99 (1h),0.01,MARKET_DATA,REAL
2026-03-22T19:57:24.582976,KXHIGHNY-26MAR22-B62.5 (Market),0.99,MARKET_DATA,REAL
2026-03-22T19:57:24.583559,KXHIGHNY (F),53.06,MARKET_DATA,REAL
2026-03-22T19:57:27.973890,KXHIGHLAX-26MAR22-T75 (Market),0.99,MARKET_DATA,REAL
2026-03-22T19:57:27.975236,KXHIGHLAX (F),64.4,MARKET_DATA,REAL
2026-03-22T19:57:30.161814,KXHIGHCHI-26MAR22-T65 (Market),0.99,MARKET_DATA,REAL
2026-03-22T19:57:30.162368,KXHIGHCHI (F),33.8,MARKET_DATA,REAL
2026-03-22T19:57:32.438525,KXHIGHMIA-26MAR22-B81.5 (Market),0.99,MARKET_DATA,REAL
2026-03-22T19:57:32.439757,KXHIGHMIA (F),71.6,MARKET_DATA,REAL
2026-03-22T19:57:35.807010,BTC-USD (Coinbase),67674.61,MARKET_DATA,REAL
2026-03-22T19:57:35.897093,KXBTC15M-26MAR222100-00 (15m),0.44,MARKET_DATA,REAL
2026-03-22T19:57:37.991018,KXBTCD-26MAR2221-T67699.99 (1h),0.38,MARKET_DATA,REAL
2026-03-22T19:57:38.100219,KXBTCD-26MAR2221-T67499.99 (1h),0.98,MARKET_DATA,REAL
2026-03-22T19:57:38.190543,KXBTCD-26MAR2221-T67899.99 (1h),0.01,MARKET_DATA,REAL
2026-03-22T19:57:38.288714,KXBTCD-26MAR2221-T67699.99,0.39,SIGNAL_BUY,EXECUTED
2026-03-22T19:57:39.495548,KXHIGHNY-26MAR22-B62.5 (Market),0.99,MARKET_DATA,REAL
2026-03-22T19:57:39.496841,KXHIGHNY (F),53.06,MARKET_DATA,REAL
2026-03-22T19:57:41.692379,KXHIGHLAX-26MAR22-T75 (Market),0.99,MARKET_DATA,REAL
2026-03-22T19:57:41.692807,KXHIGHLAX (F),64.4,MARKET_DATA,REAL
2026-03-22T19:57:45.162541,KXHIGHCHI-26MAR22-T65 (Market),0.99,MARKET_DATA,REAL
2026-03-22T19:57:45.163605,KXHIGHCHI (F),33.8,MARKET_DATA,REAL
2026-03-22T19:57:49.083335,KXHIGHMIA-26MAR22-B81.5 (Market),0.99,MARKET_DATA,REAL
2026-03-22T19:57:49.084452,KXHIGHMIA (F),71.6,MARKET_DATA,REAL
2026-03-22T19:57:52.610365,BTC-USD (Coinbase),67691.6,MARKET_DATA,REAL
2026-03-22T19:57:52.808875,KXBTC15M-26MAR222100-00 (15m),0.54,MARKET_DATA,REAL
2026-03-22T19:57:55.355421,KXBTCD-26MAR2221-T67699.99 (1h),0.44,MARKET_DATA,REAL
2026-03-22T19:57:55.441765,KXBTCD-26MAR2221-T67499.99 (1h),0.99,MARKET_DATA,REAL
2026-03-22T19:57:55.544048,KXBTCD-26MAR2221-T67899.99 (1h),0.01,MARKET_DATA,REAL
2026-03-22T19:57:57.016838,KXHIGHNY-26MAR22-B62.5 (Market),0.99,MARKET_DATA,REAL
2026-03-22T19:57:57.017829,KXHIGHNY (F),53.06,MARKET_DATA,REAL
2026-03-22T19:58:00.004693,KXHIGHLAX-26MAR22-T75 (Market),0.99,MARKET_DATA,REAL
2026-03-22T19:58:00.005986,KXHIGHLAX (F),64.4,MARKET_DATA,REAL
2026-03-22T19:58:02.792793,KXHIGHCHI-26MAR22-T65 (Market),0.99,MARKET_DATA,REAL
2026-03-22T19:58:02.793723,KXHIGHCHI (F),33.8,MARKET_DATA,REAL
2026-03-22T19:58:04.922967,KXHIGHMIA-26MAR22-B81.5 (Market),0.99,MARKET_DATA,REAL
2026-03-22T19:58:04.923758,KXHIGHMIA (F),71.6,MARKET_DATA,REAL
2026-03-22T19:58:08.457132,BTC-USD (Coinbase),67734.45,MARKET_DATA,REAL
2026-03-22T19:58:08.542250,KXBTC15M-26MAR222100-00 (15m),0.71,MARKET_DATA,REAL
2026-03-22T19:58:10.750781,KXBTCD-26MAR2221-T67699.99 (1h),0.68,MARKET_DATA,REAL
2026-03-22T19:58:10.840449,KXBTCD-26MAR2221-T67499.99 (1h),0.99,MARKET_DATA,REAL
2026-03-22T19:58:10.926806,KXBTCD-26MAR2221-T67899.99 (1h),0.01,MARKET_DATA,REAL
2026-03-22T19:58:12.140098,KXHIGHNY-26MAR22-B62.5 (Market),0.99,MARKET_DATA,REAL
2026-03-22T19:58:12.140844,KXHIGHNY (F),53.06,MARKET_DATA,REAL
2026-03-22T19:58:14.296382,KXHIGHLAX-26MAR22-T75 (Market),0.99,MARKET_DATA,REAL
2026-03-22T19:58:14.297529,KXHIGHLAX (F),64.4,MARKET_DATA,REAL
2026-03-22T19:58:16.448400,KXHIGHCHI-26MAR22-T65 (Market),0.99,MARKET_DATA,REAL
2026-03-22T19:58:16.449319,KXHIGHCHI (F),33.8,MARKET_DATA,REAL
2026-03-22T19:58:18.577822,KXHIGHMIA-26MAR22-B81.5 (Market),0.99,MARKET_DATA,REAL
2026-03-22T19:58:18.578271,KXHIGHMIA (F),71.6,MARKET_DATA,REAL
2026-03-22T19:58:22.069897,BTC-USD (Coinbase),67738.33,MARKET_DATA,REAL
2026-03-22T19:58:22.156782,KXBTC15M-26MAR222100-00 (15m),0.83,MARKET_DATA,REAL
2026-03-22T19:58:24.290131,KXBTCD-26MAR2221-T67699.99 (1h),0.78,MARKET_DATA,REAL
2026-03-22T19:58:24.424749,KXBTCD-26MAR2221-T67499.99 (1h),0.99,MARKET_DATA,REAL
2026-03-22T19:58:24.508859,KXBTCD-26MAR2221-T67899.99 (1h),0.01,MARKET_DATA,REAL
2026-03-22T19:58:26.959185,KXHIGHNY-26MAR22-B62.5 (Market),0.99,MARKET_DATA,REAL
2026-03-22T19:58:26.959701,KXHIGHNY (F),53.06,MARKET_DATA,REAL
2026-03-22T19:58:30.300089,KXHIGHLAX-26MAR22-T75 (Market),0.99,MARKET_DATA,REAL
2026-03-22T19:58:30.300916,KXHIGHLAX (F),64.4,MARKET_DATA,REAL
2026-03-22T19:58:32.458188,KXHIGHCHI-26MAR22-T65 (Market),0.99,MARKET_DATA,REAL
2026-03-22T19:58:32.459543,KXHIGHCHI (F),33.8,MARKET_DATA,REAL
2026-03-22T19:58:34.652170,KXHIGHMIA-26MAR22-B81.5 (Market),0.99,MARKET_DATA,REAL
2026-03-22T19:58:34.652734,KXHIGHMIA (F),71.6,MARKET_DATA,REAL
2026-03-22T19:58:38.076895,BTC-USD (Coinbase),67696.66,MARKET_DATA,REAL
2026-03-22T19:58:38.159133,KXBTC15M-26MAR222100-00 (15m),0.65,MARKET_DATA,REAL
2026-03-22T19:58:40.356566,KXBTCD-26MAR2221-T67699.99 (1h),0.64,MARKET_DATA,REAL
2026-03-22T19:58:40.448220,KXBTCD-26MAR2221-T67499.99 (1h),0.99,MARKET_DATA,REAL
2026-03-22T19:58:40.535145,KXBTCD-26MAR2221-T67899.99 (1h),0.01,MARKET_DATA,REAL
2026-03-22T19:58:41.769664,KXHIGHNY-26MAR22-B62.5 (Market),0.99,MARKET_DATA,REAL
2026-03-22T19:58:41.770999,KXHIGHNY (F),53.06,MARKET_DATA,REAL
2026-03-22T19:58:43.984851,KXHIGHLAX-26MAR22-T75 (Market),0.99,MARKET_DATA,REAL
2026-03-22T19:58:43.986504,KXHIGHLAX (F),64.4,MARKET_DATA,REAL
2026-03-22T19:58:47.378749,KXHIGHCHI-26MAR22-T65 (Market),0.99,MARKET_DATA,REAL
2026-03-22T19:58:47.380273,KXHIGHCHI (F),33.8,MARKET_DATA,REAL
2026-03-22T19:58:50.817546,KXHIGHMIA-26MAR22-B81.5 (Market),0.99,MARKET_DATA,REAL
2026-03-22T19:58:50.818095,KXHIGHMIA (F),71.6,MARKET_DATA,REAL
2026-03-22T19:58:54.262863,BTC-USD (Coinbase),67700.0,MARKET_DATA,REAL
2026-03-22T19:58:54.467987,KXBTC15M-26MAR222100-00 (15m),0.59,MARKET_DATA,REAL
2026-03-22T19:58:56.717664,KXBTCD-26MAR2221-T67699.99 (1h),0.38,MARKET_DATA,REAL
2026-03-22T19:58:56.810009,KXBTCD-26MAR2221-T67499.99 (1h),0.99,MARKET_DATA,REAL
2026-03-22T19:58:56.897922,KXBTCD-26MAR2221-T67899.99 (1h),0.01,MARKET_DATA,REAL
2026-03-22T19:58:58.145479,KXHIGHNY-26MAR22-B62.5 (Market),0.99,MARKET_DATA,REAL
2026-03-22T19:58:58.146752,KXHIGHNY (F),53.06,MARKET_DATA,REAL
2026-03-22T19:59:00.309095,KXHIGHLAX-26MAR22-T75 (Market),0.99,MARKET_DATA,REAL
2026-03-22T19:59:00.310031,KXHIGHLAX (F),64.4,MARKET_DATA,REAL
2026-03-22T19:59:02.469925,KXHIGHCHI-26MAR22-T65 (Market),0.99,MARKET_DATA,REAL
2026-03-22T19:59:02.471309,KXHIGHCHI (F),33.8,MARKET_DATA,REAL
2026-03-22T19:59:04.623920,KXHIGHMIA-26MAR22-B81.5 (Market),0.99,MARKET_DATA,REAL
2026-03-22T19:59:04.625191,KXHIGHMIA (F),71.6,MARKET_DATA,REAL
2026-03-22T19:59:07.989320,BTC-USD (Coinbase),67652.57,MARKET_DATA,REAL
2026-03-22T19:59:08.077185,KXBTC15M-26MAR222100-00 (15m),0.41,MARKET_DATA,REAL
2026-03-22T19:59:10.189313,KXBTCD-26MAR2221-T67699.99 (1h),0.41,MARKET_DATA,REAL
2026-03-22T19:59:10.279039,KXBTCD-26MAR2221-T67499.99 (1h),0.99,MARKET_DATA,REAL
2026-03-22T19:59:10.405531,KXBTCD-26MAR2221-T67899.99 (1h),0.01,MARKET_DATA,REAL
2026-03-22T19:59:11.599782,KXHIGHNY-26MAR22-B62.5 (Market),0.99,MARKET_DATA,REAL
2026-03-22T19:59:11.600697,KXHIGHNY (F),53.06,MARKET_DATA,REAL
2026-03-22T19:59:13.787343,KXHIGHLAX-26MAR22-T75 (Market),0.99,MARKET_DATA,REAL
2026-03-22T19:59:13.788099,KXHIGHLAX (F),64.4,MARKET_DATA,REAL
2026-03-22T19:59:15.977714,KXHIGHCHI-26MAR22-T65 (Market),0.99,MARKET_DATA,REAL
2026-03-22T19:59:15.978745,KXHIGHCHI (F),33.8,MARKET_DATA,REAL
2026-03-22T19:59:18.155408,KXHIGHMIA-26MAR22-B81.5 (Market),0.99,MARKET_DATA,REAL
2026-03-22T19:59:18.156163,KXHIGHMIA (F),71.6,MARKET_DATA,REAL
2026-03-22T19:59:21.598277,BTC-USD (Coinbase),67658.86,MARKET_DATA,REAL
2026-03-22T19:59:21.685942,KXBTC15M-26MAR222100-00 (15m),0.085,MARKET_DATA,REAL
2026-03-22T19:59:23.822736,KXBTCD-26MAR2221-T67599.99 (1h),0.99,MARKET_DATA,REAL
2026-03-22T19:59:23.915224,KXBTCD-26MAR2221-T67399.99 (1h),0.99,MARKET_DATA,REAL
2026-03-22T19:59:24.008165,KXBTCD-26MAR2221-T67799.99 (1h),0.01,MARKET_DATA,REAL
2026-03-22T19:59:25.319269,KXHIGHNY-26MAR22-B62.5 (Market),0.99,MARKET_DATA,REAL
2026-03-22T19:59:25.320459,KXHIGHNY (F),53.06,MARKET_DATA,REAL
2026-03-22T19:59:27.500388,KXHIGHLAX-26MAR22-T75 (Market),0.99,MARKET_DATA,REAL
2026-03-22T19:59:27.501971,KXHIGHLAX (F),64.4,MARKET_DATA,REAL
2026-03-22T19:59:29.703383,KXHIGHCHI-26MAR22-T65 (Market),0.99,MARKET_DATA,REAL
2026-03-22T19:59:29.703710,KXHIGHCHI (F),33.8,MARKET_DATA,REAL
2026-03-22T19:59:31.887644,KXHIGHMIA-26MAR22-B81.5 (Market),0.99,MARKET_DATA,REAL
2026-03-22T19:59:31.888747,KXHIGHMIA (F),71.6,MARKET_DATA,REAL
2026-03-22T19:59:35.331909,BTC-USD (Coinbase),67656.94,MARKET_DATA,REAL
2026-03-22T19:59:35.423191,KXBTC15M-26MAR222100-00 (15m),0.001,MARKET_DATA,REAL
2026-03-22T19:59:37.609394,KXBTCD-26MAR2221-T67599.99 (1h),0.99,MARKET_DATA,REAL
2026-03-22T19:59:37.700057,KXBTCD-26MAR2221-T67399.99 (1h),0.99,MARKET_DATA,REAL
2026-03-22T19:59:37.837795,KXBTCD-26MAR2221-T67799.99 (1h),0.01,MARKET_DATA,REAL
2026-03-22T19:59:40.237415,KXHIGHNY-26MAR22-B62.5 (Market),0.99,MARKET_DATA,REAL
2026-03-22T19:59:40.238268,KXHIGHNY (F),53.06,MARKET_DATA,REAL
2026-03-22T19:59:43.572308,KXHIGHLAX-26MAR22-T75 (Market),0.99,MARKET_DATA,REAL
2026-03-22T19:59:43.573346,KXHIGHLAX (F),64.4,MARKET_DATA,REAL
2026-03-22T19:59:45.723077,KXHIGHCHI-26MAR22-T65 (Market),0.99,MARKET_DATA,REAL
2026-03-22T19:59:45.724859,KXHIGHCHI (F),33.8,MARKET_DATA,REAL
2026-03-22T19:59:47.907998,KXHIGHMIA-26MAR22-B81.5 (Market),0.99,MARKET_DATA,REAL
2026-03-22T19:59:47.908951,KXHIGHMIA (F),71.6,MARKET_DATA,REAL
2026-03-22T19:59:51.333104,BTC-USD (Coinbase),67655.53,MARKET_DATA,REAL
2026-03-22T19:59:51.419761,KXBTC15M-26MAR222100-00 (15m),0.001,MARKET_DATA,REAL
2026-03-22T19:59:53.446430,KXBTCD-26MAR2221-T67599.99 (1h),0.99,MARKET_DATA,REAL
2026-03-22T19:59:53.532614,KXBTCD-26MAR2221-T67399.99 (1h),0.99,MARKET_DATA,REAL
2026-03-22T19:59:53.668163,KXBTCD-26MAR2221-T67799.99 (1h),0.01,MARKET_DATA,REAL
2026-03-22T19:59:54.925893,KXHIGHNY-26MAR22-B62.5 (Market),0.99,MARKET_DATA,REAL
2026-03-22T19:59:54.926744,KXHIGHNY (F),53.06,MARKET_DATA,REAL
2026-03-22T19:59:57.077106,KXHIGHLAX-26MAR22-T75 (Market),0.99,MARKET_DATA,REAL
2026-03-22T19:59:57.077939,KXHIGHLAX (F),64.4,MARKET_DATA,REAL
2026-03-22T20:00:00.487131,KXHIGHCHI-26MAR22-T65 (Market),0.99,MARKET_DATA,REAL
2026-03-22T20:00:00.488125,KXHIGHCHI (F),33.8,MARKET_DATA,REAL
2026-03-22T20:00:03.815669,KXHIGHMIA-26MAR22-B81.5 (Market),0.99,MARKET_DATA,REAL
2026-03-22T20:00:03.816067,KXHIGHMIA (F),71.6,MARKET_DATA,REAL
2026-03-22T20:00:07.155757,BTC-USD (Coinbase),67643.1,MARKET_DATA,REAL
2026-03-22T20:00:07.357053,KXBTC15M-26MAR222100-00 (15m),0.002,MARKET_DATA,REAL
2026-03-22T20:00:09.420985,KXBTCD-26MAR2222-T67599.99 (1h),0.0,MARKET_DATA,REAL
2026-03-22T20:00:09.510841,KXBTCD-26MAR2222-T67399.99 (1h),0.0,MARKET_DATA,REAL
2026-03-22T20:00:09.601047,KXBTCD-26MAR2222-T67799.99 (1h),0.0,MARKET_DATA,REAL
2026-03-22T20:00:10.918929,KXHIGHNY-26MAR22-B62.5 (Market),0.99,MARKET_DATA,REAL
2026-03-22T20:00:10.919330,KXHIGHNY (F),53.06,MARKET_DATA,REAL
2026-03-22T20:00:13.106618,KXHIGHLAX-26MAR22-T75 (Market),0.99,MARKET_DATA,REAL
2026-03-22T20:00:13.107046,KXHIGHLAX (F),64.4,MARKET_DATA,REAL
2026-03-22T20:00:15.294983,KXHIGHCHI-26MAR22-T65 (Market),0.99,MARKET_DATA,REAL
2026-03-22T20:00:15.296562,KXHIGHCHI (F),33.8,MARKET_DATA,REAL
2026-03-22T20:00:17.542069,KXHIGHMIA-26MAR22-B81.5 (Market),0.99,MARKET_DATA,REAL
2026-03-22T20:00:17.542490,KXHIGHMIA (F),71.6,MARKET_DATA,REAL
2026-03-22T20:00:20.930129,BTC-USD (Coinbase),67566.05,MARKET_DATA,REAL
2026-03-22T20:00:21.014894,KXBTC15M-26MAR222100-00 (15m),0.002,MARKET_DATA,REAL
2026-03-22T20:00:23.164189,KXBTCD-26MAR2222-T67599.99 (1h),0.49,MARKET_DATA,REAL
2026-03-22T20:00:23.253597,KXBTCD-26MAR2222-T67399.99 (1h),0.01,MARKET_DATA,REAL
2026-03-22T20:00:23.343627,KXBTCD-26MAR2222-T67799.99 (1h),0.01,MARKET_DATA,REAL
2026-03-22T20:00:24.610363,KXHIGHNY-26MAR22-B62.5 (Market),0.99,MARKET_DATA,REAL
2026-03-22T20:00:24.611296,KXHIGHNY (F),53.06,MARKET_DATA,REAL
2026-03-22T20:00:26.824691,KXHIGHLAX-26MAR22-T75 (Market),0.99,MARKET_DATA,REAL
2026-03-22T20:00:26.825063,KXHIGHLAX (F),64.4,MARKET_DATA,REAL
2026-03-22T20:00:29.023670,KXHIGHCHI-26MAR22-T65 (Market),0.99,MARKET_DATA,REAL
2026-03-22T20:00:29.024164,KXHIGHCHI (F),33.8,MARKET_DATA,REAL
2026-03-22T20:00:31.112197,KXHIGHMIA-26MAR22-B81.5 (Market),0.99,MARKET_DATA,REAL
2026-03-22T20:00:31.112696,KXHIGHMIA (F),71.6,MARKET_DATA,REAL
2026-03-22T20:00:34.470909,BTC-USD (Coinbase),67598.01,MARKET_DATA,REAL
2026-03-22T20:00:34.556169,KXBTC15M-26MAR222100-00 (15m),0.002,MARKET_DATA,REAL
2026-03-22T20:00:36.510172,KXBTCD-26MAR2222-T67599.99 (1h),0.48,MARKET_DATA,REAL
2026-03-22T20:00:36.597154,KXBTCD-26MAR2222-T67399.99 (1h),0.59,MARKET_DATA,REAL
2026-03-22T20:00:36.709596,KXBTCD-26MAR2222-T67799.99 (1h),0.28,MARKET_DATA,REAL
2026-03-22T20:00:37.936541,KXHIGHNY-26MAR22-B62.5 (Market),0.99,MARKET_DATA,REAL
2026-03-22T20:00:37.937027,KXHIGHNY (F),53.06,MARKET_DATA,REAL
2026-03-22T20:00:40.093303,KXHIGHLAX-26MAR22-T75 (Market),0.99,MARKET_DATA,REAL
2026-03-22T20:00:40.093735,KXHIGHLAX (F),64.4,MARKET_DATA,REAL
2026-03-22T20:00:42.221361,KXHIGHCHI-26MAR22-T65 (Market),0.99,MARKET_DATA,REAL
2026-03-22T20:00:42.221755,KXHIGHCHI (F),33.8,MARKET_DATA,REAL
2026-03-22T20:00:44.447171,KXHIGHMIA-26MAR22-B81.5 (Market),0.99,MARKET_DATA,REAL
2026-03-22T20:00:44.448044,KXHIGHMIA (F),71.6,MARKET_DATA,REAL
2026-03-22T20:00:47.839981,BTC-USD (Coinbase),67568.01,MARKET_DATA,REAL
2026-03-22T20:00:47.921940,KXBTC15M-26MAR222100-00 (15m),0.002,MARKET_DATA,REAL
2026-03-22T20:00:49.948252,KXBTCD-26MAR2222-T67599.99 (1h),0.47,MARKET_DATA,REAL
2026-03-22T20:00:50.035967,KXBTCD-26MAR2222-T67399.99 (1h),0.68,MARKET_DATA,REAL
2026-03-22T20:00:50.119635,KXBTCD-26MAR2222-T67799.99 (1h),0.25,MARKET_DATA,REAL
2026-03-22T20:00:50.214907,KXBTCD-26MAR2222-T67599.99,0.49,SIGNAL_BUY,EXECUTED
2026-03-22T20:00:52.467528,KXHIGHNY-26MAR22-B62.5 (Market),0.99,MARKET_DATA,REAL
2026-03-22T20:00:52.468190,KXHIGHNY (F),53.06,MARKET_DATA,REAL
2026-03-22T20:00:55.822554,KXHIGHLAX-26MAR22-T75 (Market),0.99,MARKET_DATA,REAL
2026-03-22T20:00:55.823032,KXHIGHLAX (F),64.4,MARKET_DATA,REAL
2026-03-22T20:00:58.062146,KXHIGHCHI-26MAR22-T65 (Market),0.99,MARKET_DATA,REAL
2026-03-22T20:00:58.062733,KXHIGHCHI (F),33.8,MARKET_DATA,REAL
2026-03-22T20:01:00.310552,KXHIGHMIA-26MAR22-B81.5 (Market),0.99,MARKET_DATA,REAL
2026-03-22T20:01:00.310992,KXHIGHMIA (F),71.6,MARKET_DATA,REAL
2026-03-22T20:01:03.805313,BTC-USD (Coinbase),67562.01,MARKET_DATA,REAL
2026-03-22T20:01:03.896475,KXBTC15M-26MAR222100-00 (15m),0.002,MARKET_DATA,REAL
2026-03-22T20:01:06.083430,KXBTCD-26MAR2222-T67499.99 (1h),0.56,MARKET_DATA,REAL
2026-03-22T20:01:06.169295,KXBTCD-26MAR2222-T67299.99 (1h),0.74,MARKET_DATA,REAL
2026-03-22T20:01:06.330013,KXBTCD-26MAR2222-T67699.99 (1h),0.32,MARKET_DATA,REAL
2026-03-22T20:01:07.597266,KXHIGHNY-26MAR22-B62.5 (Market),0.99,MARKET_DATA,REAL
2026-03-22T20:01:07.597659,KXHIGHNY (F),53.06,MARKET_DATA,REAL
2026-03-22T20:01:09.806829,KXHIGHLAX-26MAR22-T75 (Market),0.99,MARKET_DATA,REAL
2026-03-22T20:01:09.807254,KXHIGHLAX (F),64.4,MARKET_DATA,REAL
2026-03-22T20:01:13.244335,KXHIGHCHI-26MAR22-T65 (Market),0.99,MARKET_DATA,REAL
2026-03-22T20:01:13.244845,KXHIGHCHI (F),33.8,MARKET_DATA,REAL
2026-03-22T20:01:16.590363,KXHIGHMIA-26MAR22-B81.5 (Market),0.99,MARKET_DATA,REAL
2026-03-22T20:01:16.590771,KXHIGHMIA (F),71.6,MARKET_DATA,REAL
2026-03-22T20:01:20.092444,BTC-USD (Coinbase),67527.63,MARKET_DATA,REAL
2026-03-22T20:01:20.255221,KXBTC15M-26MAR222115-15 (15m),0.31,MARKET_DATA,REAL
2026-03-22T20:01:22.273024,KXBTCD-26MAR2222-T67599.99 (1h),0.41,MARKET_DATA,REAL
2026-03-22T20:01:22.360884,KXBTCD-26MAR2222-T67399.99 (1h),0.62,MARKET_DATA,REAL
2026-03-22T20:01:22.449698,KXBTCD-26MAR2222-T67799.99 (1h),0.22,MARKET_DATA,REAL
2026-03-22T20:01:23.669471,KXHIGHNY-26MAR22-B62.5 (Market),0.99,MARKET_DATA,REAL
2026-03-22T20:01:23.670021,KXHIGHNY (F),53.06,MARKET_DATA,REAL
2026-03-22T20:01:25.868055,KXHIGHLAX-26MAR22-T75 (Market),0.99,MARKET_DATA,REAL
2026-03-22T20:01:25.868693,KXHIGHLAX (F),64.4,MARKET_DATA,REAL
2026-03-22T20:01:28.123728,KXHIGHCHI-26MAR22-T65 (Market),0.99,MARKET_DATA,REAL
2026-03-22T20:01:28.124073,KXHIGHCHI (F),33.8,MARKET_DATA,REAL
2026-03-22T20:01:30.278711,KXHIGHMIA-26MAR22-B81.5 (Market),0.99,MARKET_DATA,REAL
2026-03-22T20:01:30.279131,KXHIGHMIA (F),71.6,MARKET_DATA,REAL
2026-03-22T20:01:33.773897,BTC-USD (Coinbase),67598.99,MARKET_DATA,REAL
2026-03-22T20:01:33.860800,KXBTC15M-26MAR222115-15 (15m),0.36,MARKET_DATA,REAL
2026-03-22T20:01:35.894871,KXBTCD-26MAR2222-T67599.99 (1h),0.48,MARKET_DATA,REAL
2026-03-22T20:01:35.982315,KXBTCD-26MAR2222-T67399.99 (1h),0.66,MARKET_DATA,REAL
2026-03-22T20:01:36.068173,KXBTCD-26MAR2222-T67799.99 (1h),0.27,MARKET_DATA,REAL
2026-03-22T20:01:37.380571,KXHIGHNY-26MAR22-B62.5 (Market),0.99,MARKET_DATA,REAL
2026-03-22T20:01:37.381041,KXHIGHNY (F),53.06,MARKET_DATA,REAL
2026-03-22T20:01:39.556899,KXHIGHLAX-26MAR22-T75 (Market),0.99,MARKET_DATA,REAL
2026-03-22T20:01:39.557341,KXHIGHLAX (F),64.4,MARKET_DATA,REAL
2026-03-22T20:01:41.696012,KXHIGHCHI-26MAR22-T65 (Market),0.99,MARKET_DATA,REAL
2026-03-22T20:01:41.696422,KXHIGHCHI (F),33.8,MARKET_DATA,REAL
2026-03-22T20:01:43.875010,KXHIGHMIA-26MAR22-B81.5 (Market),0.99,MARKET_DATA,REAL
2026-03-22T20:01:43.875455,KXHIGHMIA (F),71.6,MARKET_DATA,REAL
2026-03-22T20:01:47.224760,BTC-USD (Coinbase),67597.97,MARKET_DATA,REAL
2026-03-22T20:01:47.312270,KXBTC15M-26MAR222115-15 (15m),0.37,MARKET_DATA,REAL
2026-03-22T20:01:49.397299,KXBTCD-26MAR2222-T67599.99 (1h),0.49,MARKET_DATA,REAL
2026-03-22T20:01:49.481610,KXBTCD-26MAR2222-T67399.99 (1h),0.69,MARKET_DATA,REAL
2026-03-22T20:01:49.571732,KXBTCD-26MAR2222-T67799.99 (1h),0.28,MARKET_DATA,REAL
2026-03-22T20:01:50.822134,KXHIGHNY-26MAR22-B62.5 (Market),0.99,MARKET_DATA,REAL
2026-03-22T20:01:50.822810,KXHIGHNY (F),53.06,MARKET_DATA,REAL
2026-03-22T20:01:52.916085,KXHIGHLAX-26MAR22-T75 (Market),0.99,MARKET_DATA,REAL
2026-03-22T20:01:52.916528,KXHIGHLAX (F),64.4,MARKET_DATA,REAL
2026-03-22T20:01:55.124066,KXHIGHCHI-26MAR22-T65 (Market),0.99,MARKET_DATA,REAL
2026-03-22T20:01:55.124495,KXHIGHCHI (F),33.8,MARKET_DATA,REAL
2026-03-22T20:01:57.269823,KXHIGHMIA-26MAR22-B81.5 (Market),0.99,MARKET_DATA,REAL
2026-03-22T20:01:57.270163,KXHIGHMIA (F),71.6,MARKET_DATA,REAL
2026-03-22T20:02:00.661313,BTC-USD (Coinbase),67609.39,MARKET_DATA,REAL
2026-03-22T20:02:00.745016,KXBTC15M-26MAR222115-15 (15m),0.41,MARKET_DATA,REAL
2026-03-22T20:02:02.816958,KXBTCD-26MAR2222-T67599.99 (1h),0.51,MARKET_DATA,REAL
2026-03-22T20:02:02.903537,KXBTCD-26MAR2222-T67399.99 (1h),0.7,MARKET_DATA,REAL
2026-03-22T20:02:03.032117,KXBTCD-26MAR2222-T67799.99 (1h),0.29,MARKET_DATA,REAL
2026-03-22T20:02:05.336302,KXHIGHNY-26MAR22-B62.5 (Market),0.99,MARKET_DATA,REAL
2026-03-22T20:02:05.336741,KXHIGHNY (F),53.06,MARKET_DATA,REAL
2026-03-22T20:02:08.619588,KXHIGHLAX-26MAR22-T75 (Market),0.99,MARKET_DATA,REAL
2026-03-22T20:02:08.620287,KXHIGHLAX (F),64.4,MARKET_DATA,REAL
2026-03-22T20:02:10.714496,KXHIGHCHI-26MAR22-T65 (Market),0.99,MARKET_DATA,REAL
2026-03-22T20:02:10.714884,KXHIGHCHI (F),33.8,MARKET_DATA,REAL
2026-03-22T20:02:24.384479,BTC-USD (Coinbase),67554.92,MARKET_DATA,REAL
2026-03-22T20:02:24.559130,KXBTC15M-26MAR222115-15 (15m),0.34,MARKET_DATA,REAL
2026-03-22T20:02:26.888980,KXBTCD-26MAR2222-T67599.99 (1h),0.44,MARKET_DATA,REAL
2026-03-22T20:02:27.019740,KXBTCD-26MAR2222-T67399.99 (1h),0.66,MARKET_DATA,REAL
2026-03-22T20:02:27.106016,KXBTCD-26MAR2222-T67799.99 (1h),0.25,MARKET_DATA,REAL
2026-03-22T20:02:28.366249,KXHIGHNY-26MAR22-B62.5 (Market),0.99,MARKET_DATA,REAL
2026-03-22T20:02:28.366780,KXHIGHNY (F),53.06,MARKET_DATA,REAL
2026-03-22T20:02:30.535405,KXHIGHLAX-26MAR22-T75 (Market),0.99,MARKET_DATA,REAL
2026-03-22T20:02:30.535948,KXHIGHLAX (F),64.4,MARKET_DATA,REAL
2026-03-22T20:02:33.962499,KXHIGHCHI-26MAR22-T65 (Market),0.99,MARKET_DATA,REAL
2026-03-22T20:02:33.962917,KXHIGHCHI (F),33.8,MARKET_DATA,REAL
2026-03-22T20:02:37.381027,KXHIGHMIA-26MAR22-B81.5 (Market),0.99,MARKET_DATA,REAL
2026-03-22T20:02:37.381363,KXHIGHMIA (F),71.6,MARKET_DATA,REAL
2026-03-22T20:02:40.749186,BTC-USD (Coinbase),67596.63,MARKET_DATA,REAL
2026-03-22T20:02:40.832045,KXBTC15M-26MAR222115-15 (15m),0.36,MARKET_DATA,REAL
2026-03-22T20:02:42.926588,KXBTCD-26MAR2222-T67599.99 (1h),0.48,MARKET_DATA,REAL
2026-03-22T20:02:43.014434,KXBTCD-26MAR2222-T67399.99 (1h),0.7,MARKET_DATA,REAL
2026-03-22T20:02:43.099296,KXBTCD-26MAR2222-T67799.99 (1h),0.27,MARKET_DATA,REAL
2026-03-22T20:02:44.302382,KXHIGHNY-26MAR22-B62.5 (Market),0.99,MARKET_DATA,REAL
2026-03-22T20:02:44.302964,KXHIGHNY (F),53.06,MARKET_DATA,REAL
2026-03-22T20:02:46.445928,KXHIGHLAX-26MAR22-T75 (Market),0.99,MARKET_DATA,REAL
2026-03-22T20:02:46.446612,KXHIGHLAX (F),64.4,MARKET_DATA,REAL
2026-03-22T20:02:48.613254,KXHIGHCHI-26MAR22-T65 (Market),0.99,MARKET_DATA,REAL
2026-03-22T20:02:48.614226,KXHIGHCHI (F),33.8,MARKET_DATA,REAL
2026-03-22T20:02:50.760652,KXHIGHMIA-26MAR22-B81.5 (Market),0.99,MARKET_DATA,REAL
2026-03-22T20:02:50.762231,KXHIGHMIA (F),71.6,MARKET_DATA,REAL
2026-03-22T20:02:54.161328,BTC-USD (Coinbase),67605.8,MARKET_DATA,REAL
2026-03-22T20:02:54.289046,KXBTC15M-26MAR222115-15 (15m),0.41,MARKET_DATA,REAL
2026-03-22T20:02:56.415481,KXBTCD-26MAR2222-T67599.99 (1h),0.48,MARKET_DATA,REAL
2026-03-22T20:02:56.518777,KXBTCD-26MAR2222-T67399.99 (1h),0.7,MARKET_DATA,REAL
2026-03-22T20:02:56.620278,KXBTCD-26MAR2222-T67799.99 (1h),0.28,MARKET_DATA,REAL
2026-03-22T20:02:58.103452,KXHIGHNY-26MAR22-B62.5 (Market),0.99,MARKET_DATA,REAL
2026-03-22T20:02:58.104273,KXHIGHNY (F),53.06,MARKET_DATA,REAL
2026-03-22T20:03:00.199132,KXHIGHLAX-26MAR22-T75 (Market),0.99,MARKET_DATA,REAL
2026-03-22T20:03:00.200425,KXHIGHLAX (F),64.4,MARKET_DATA,REAL
2026-03-22T20:03:02.384505,KXHIGHCHI-26MAR22-T65 (Market),0.99,MARKET_DATA,REAL
2026-03-22T20:03:02.385519,KXHIGHCHI (F),33.8,MARKET_DATA,REAL
2026-03-22T20:03:04.482602,KXHIGHMIA-26MAR22-B81.5 (Market),0.99,MARKET_DATA,REAL
2026-03-22T20:03:04.483209,KXHIGHMIA (F),71.6,MARKET_DATA,REAL
2026-03-22T20:03:07.816436,BTC-USD (Coinbase),67613.26,MARKET_DATA,REAL
2026-03-22T20:03:07.909579,KXBTC15M-26MAR222115-15 (15m),0.42,MARKET_DATA,REAL
2026-03-22T20:03:10.102346,KXBTCD-26MAR2222-T67599.99 (1h),0.5,MARKET_DATA,REAL
2026-03-22T20:03:10.198474,KXBTCD-26MAR2222-T67399.99 (1h),0.7,MARKET_DATA,REAL
2026-03-22T20:03:10.283375,KXBTCD-26MAR2222-T67799.99 (1h),0.28,MARKET_DATA,REAL
2026-03-22T20:03:12.778199,KXHIGHNY-26MAR22-B62.5 (Market),0.99,MARKET_DATA,REAL
2026-03-22T20:03:12.779053,KXHIGHNY (F),53.06,MARKET_DATA,REAL
2026-03-22T20:03:15.981456,KXHIGHLAX-26MAR22-T75 (Market),0.99,MARKET_DATA,REAL
2026-03-22T20:03:15.981925,KXHIGHLAX (F),64.4,MARKET_DATA,REAL
2026-03-22T20:03:18.142435,KXHIGHCHI-26MAR22-T65 (Market),0.99,MARKET_DATA,REAL
2026-03-22T20:03:18.143339,KXHIGHCHI (F),33.8,MARKET_DATA,REAL
2026-03-22T20:03:20.296638,KXHIGHMIA-26MAR22-B81.5 (Market),0.99,MARKET_DATA,REAL
2026-03-22T20:03:20.297295,KXHIGHMIA (F),71.6,MARKET_DATA,REAL
2026-03-22T20:03:23.680388,BTC-USD (Coinbase),67591.0,MARKET_DATA,REAL
2026-03-22T20:03:23.769206,KXBTC15M-26MAR222115-15 (15m),0.37,MARKET_DATA,REAL
2026-03-22T20:03:25.850620,KXBTCD-26MAR2222-T67599.99 (1h),0.46,MARKET_DATA,REAL
2026-03-22T20:03:25.936587,KXBTCD-26MAR2222-T67399.99 (1h),0.7,MARKET_DATA,REAL
2026-03-22T20:03:26.053379,KXBTCD-26MAR2222-T67799.99 (1h),0.28,MARKET_DATA,REAL
2026-03-22T20:03:27.403342,KXHIGHNY-26MAR22-B62.5 (Market),0.99,MARKET_DATA,REAL
2026-03-22T20:03:27.403843,KXHIGHNY (F),53.06,MARKET_DATA,REAL
2026-03-22T20:03:29.589055,KXHIGHLAX-26MAR22-T75 (Market),0.99,MARKET_DATA,REAL
2026-03-22T20:03:29.590006,KXHIGHLAX (F),64.4,MARKET_DATA,REAL
2026-03-22T20:03:31.846658,KXHIGHCHI-26MAR22-T65 (Market),0.99,MARKET_DATA,REAL
2026-03-22T20:03:31.847446,KXHIGHCHI (F),33.8,MARKET_DATA,REAL
2026-03-22T20:03:34.059359,KXHIGHMIA-26MAR22-B81.5 (Market),0.99,MARKET_DATA,REAL
2026-03-22T20:03:34.060356,KXHIGHMIA (F),71.6,MARKET_DATA,REAL
2026-03-22T20:03:37.465827,BTC-USD (Coinbase),67585.98,MARKET_DATA,REAL
2026-03-22T20:03:37.629099,KXBTC15M-26MAR222115-15 (15m),0.41,MARKET_DATA,REAL
2026-03-22T20:03:39.674368,KXBTCD-26MAR2222-T67599.99 (1h),0.5,MARKET_DATA,REAL
2026-03-22T20:03:39.769810,KXBTCD-26MAR2222-T67399.99 (1h),0.68,MARKET_DATA,REAL
2026-03-22T20:03:39.858841,KXBTCD-26MAR2222-T67799.99 (1h),0.26,MARKET_DATA,REAL
2026-03-22T20:03:41.150948,KXHIGHNY-26MAR22-B62.5 (Market),0.99,MARKET_DATA,REAL
2026-03-22T20:03:41.151497,KXHIGHNY (F),53.06,MARKET_DATA,REAL
2026-03-22T20:03:43.282295,KXHIGHLAX-26MAR22-T75 (Market),0.99,MARKET_DATA,REAL
2026-03-22T20:03:43.283311,KXHIGHLAX (F),64.4,MARKET_DATA,REAL
2026-03-22T20:03:46.823842,KXHIGHCHI-26MAR22-T65 (Market),0.99,MARKET_DATA,REAL
2026-03-22T20:03:46.825288,KXHIGHCHI (F),33.8,MARKET_DATA,REAL
2026-03-22T20:03:50.200860,KXHIGHMIA-26MAR22-B81.5 (Market),0.99,MARKET_DATA,REAL
2026-03-22T20:03:50.201703,KXHIGHMIA (F),71.6,MARKET_DATA,REAL
2026-03-22T20:03:53.836547,BTC-USD (Coinbase),67595.85,MARKET_DATA,REAL
2026-03-22T20:03:54.038943,KXBTC15M-26MAR222115-15 (15m),0.33,MARKET_DATA,REAL
2026-03-22T20:03:56.290533,KXBTCD-26MAR2222-T67599.99 (1h),0.49,MARKET_DATA,REAL
2026-03-22T20:03:56.383572,KXBTCD-26MAR2222-T67399.99 (1h),0.7,MARKET_DATA,REAL
2026-03-22T20:03:56.476597,KXBTCD-26MAR2222-T67799.99 (1h),0.29,MARKET_DATA,REAL
2026-03-22T20:03:56.572315,KXBTCD-26MAR2222-T67599.99,0.51,SIGNAL_BUY,EXECUTED
2026-03-22T20:03:57.746604,KXHIGHNY-26MAR22-B62.5 (Market),0.99,MARKET_DATA,REAL
2026-03-22T20:03:57.746959,KXHIGHNY (F),53.06,MARKET_DATA,REAL
2026-03-22T20:04:00.290891,KXHIGHLAX-26MAR22-T75 (Market),0.99,MARKET_DATA,REAL
2026-03-22T20:04:00.291305,KXHIGHLAX (F),64.4,MARKET_DATA,REAL
2026-03-22T20:04:03.034235,KXHIGHCHI-26MAR22-T65 (Market),0.99,MARKET_DATA,REAL
2026-03-22T20:04:03.035344,KXHIGHCHI (F),33.8,MARKET_DATA,REAL
2026-03-22T20:04:05.732444,KXHIGHMIA-26MAR22-B81.5 (Market),0.99,MARKET_DATA,REAL
2026-03-22T20:04:05.733197,KXHIGHMIA (F),71.6,MARKET_DATA,REAL
2026-03-22T20:04:09.332733,BTC-USD (Coinbase),67652.56,MARKET_DATA,REAL
2026-03-22T20:04:09.420461,KXBTC15M-26MAR222115-15 (15m),0.49,MARKET_DATA,REAL
2026-03-22T20:04:11.912067,KXBTCD-26MAR2222-T67699.99 (1h),0.44,MARKET_DATA,REAL
2026-03-22T20:04:11.997243,KXBTCD-26MAR2222-T67499.99 (1h),0.63,MARKET_DATA,REAL
2026-03-22T20:04:12.086104,KXBTCD-26MAR2222-T67899.99 (1h),0.24,MARKET_DATA,REAL
2026-03-22T20:04:15.048591,KXHIGHNY-26MAR22-B62.5 (Market),0.99,MARKET_DATA,REAL
2026-03-22T20:04:15.049487,KXHIGHNY (F),53.06,MARKET_DATA,REAL
2026-03-22T20:04:18.922185,KXHIGHLAX-26MAR22-T75 (Market),0.99,MARKET_DATA,REAL
2026-03-22T20:04:18.923108,KXHIGHLAX (F),64.4,MARKET_DATA,REAL
2026-03-22T20:04:21.565681,KXHIGHCHI-26MAR22-T65 (Market),0.99,MARKET_DATA,REAL
2026-03-22T20:04:21.566776,KXHIGHCHI (F),33.8,MARKET_DATA,REAL
2026-03-22T20:04:25.548865,KXHIGHMIA-26MAR22-B81.5 (Market),0.99,MARKET_DATA,REAL
2026-03-22T20:04:25.549317,KXHIGHMIA (F),71.6,MARKET_DATA,REAL
2026-03-22T20:04:29.149582,BTC-USD (Coinbase),67725.0,MARKET_DATA,REAL
2026-03-22T20:04:29.237633,KXBTC15M-26MAR222115-15 (15m),0.63,MARKET_DATA,REAL
2026-03-22T20:04:31.593790,KXBTCD-26MAR2222-T67699.99 (1h),0.51,MARKET_DATA,REAL
2026-03-22T20:04:31.679236,KXBTCD-26MAR2222-T67499.99 (1h),0.73,MARKET_DATA,REAL
2026-03-22T20:04:31.771204,KXBTCD-26MAR2222-T67899.99 (1h),0.31,MARKET_DATA,REAL
2026-03-22T20:04:33.231614,KXHIGHNY-26MAR22-B62.5 (Market),0.99,MARKET_DATA,REAL
2026-03-22T20:04:33.232156,KXHIGHNY (F),53.06,MARKET_DATA,REAL
2026-03-22T20:04:35.947502,KXHIGHLAX-26MAR22-T75 (Market),0.99,MARKET_DATA,REAL
2026-03-22T20:04:35.948332,KXHIGHLAX (F),64.4,MARKET_DATA,REAL
2026-03-22T20:04:38.608454,KXHIGHCHI-26MAR22-T65 (Market),0.99,MARKET_DATA,REAL
2026-03-22T20:04:38.609370,KXHIGHCHI (F),33.8,MARKET_DATA,REAL
2026-03-22T20:04:41.108558,KXHIGHMIA-26MAR22-B81.5 (Market),0.99,MARKET_DATA,REAL
2026-03-22T20:04:41.109410,KXHIGHMIA (F),71.6,MARKET_DATA,REAL
2026-03-22T20:04:44.728077,BTC-USD (Coinbase),67687.91,MARKET_DATA,REAL
2026-03-22T20:04:44.899786,KXBTC15M-26MAR222115-15 (15m),0.64,MARKET_DATA,REAL
2026-03-22T20:04:47.264880,KXBTCD-26MAR2222-T67699.99 (1h),0.47,MARKET_DATA,REAL
2026-03-22T20:04:47.353123,KXBTCD-26MAR2222-T67499.99 (1h),0.69,MARKET_DATA,REAL
2026-03-22T20:04:47.438279,KXBTCD-26MAR2222-T67899.99 (1h),0.27,MARKET_DATA,REAL
2026-03-22T20:04:49.166254,KXHIGHNY-26MAR22-B62.5 (Market),0.99,MARKET_DATA,REAL
2026-03-22T20:04:49.167046,KXHIGHNY (F),53.06,MARKET_DATA,REAL
2026-03-22T20:04:51.815875,KXHIGHLAX-26MAR22-T75 (Market),0.99,MARKET_DATA,REAL
2026-03-22T20:04:51.816668,KXHIGHLAX (F),64.4,MARKET_DATA,REAL
2026-03-22T20:04:55.671676,KXHIGHCHI-26MAR22-T65 (Market),0.99,MARKET_DATA,REAL
2026-03-22T20:04:55.672504,KXHIGHCHI (F),33.8,MARKET_DATA,REAL
2026-03-22T20:04:59.355186,KXHIGHMIA-26MAR22-B81.5 (Market),0.99,MARKET_DATA,REAL
2026-03-22T20:04:59.356609,KXHIGHMIA (F),71.6,MARKET_DATA,REAL
2026-03-22T20:05:02.892571,BTC-USD (Coinbase),67674.6,MARKET_DATA,REAL
2026-03-22T20:05:02.981265,KXBTC15M-26MAR222115-15 (15m),0.57,MARKET_DATA,REAL
2026-03-22T20:05:05.277420,KXBTCD-26MAR2222-T67699.99 (1h),0.45,MARKET_DATA,REAL
2026-03-22T20:05:05.360391,KXBTCD-26MAR2222-T67499.99 (1h),0.68,MARKET_DATA,REAL
2026-03-22T20:05:05.475709,KXBTCD-26MAR2222-T67899.99 (1h),0.25,MARKET_DATA,REAL
2026-03-22T20:05:07.097994,KXHIGHNY-26MAR22-B62.5 (Market),0.99,MARKET_DATA,REAL
2026-03-22T20:05:07.098353,KXHIGHNY (F),53.06,MARKET_DATA,REAL
2026-03-22T20:05:09.711552,KXHIGHLAX-26MAR22-T75 (Market),0.99,MARKET_DATA,REAL
2026-03-22T20:05:09.712644,KXHIGHLAX (F),64.4,MARKET_DATA,REAL
2026-03-22T20:05:12.351071,KXHIGHCHI-26MAR22-T65 (Market),0.99,MARKET_DATA,REAL
2026-03-22T20:05:12.352308,KXHIGHCHI (F),33.8,MARKET_DATA,REAL
2026-03-22T20:05:15.000779,KXHIGHMIA-26MAR22-B81.5 (Market),0.99,MARKET_DATA,REAL
2026-03-22T20:05:15.001767,KXHIGHMIA (F),71.6,MARKET_DATA,REAL
2026-03-22T20:05:18.571276,BTC-USD (Coinbase),67675.02,MARKET_DATA,REAL
2026-03-22T20:05:18.656332,KXBTC15M-26MAR222115-15 (15m),0.61,MARKET_DATA,REAL
2026-03-22T20:05:21.069711,KXBTCD-26MAR2222-T67699.99 (1h),0.47,MARKET_DATA,REAL
2026-03-22T20:05:21.158910,KXBTCD-26MAR2222-T67499.99 (1h),0.68,MARKET_DATA,REAL
2026-03-22T20:05:21.252146,KXBTCD-26MAR2222-T67899.99 (1h),0.26,MARKET_DATA,REAL
2026-03-22T20:05:24.220321,KXHIGHNY-26MAR22-B62.5 (Market),0.99,MARKET_DATA,REAL
2026-03-22T20:05:24.221177,KXHIGHNY (F),53.06,MARKET_DATA,REAL
2026-03-22T20:05:28.034922,KXHIGHLAX-26MAR22-T75 (Market),0.99,MARKET_DATA,REAL
2026-03-22T20:05:28.035929,KXHIGHLAX (F),64.4,MARKET_DATA,REAL
2026-03-22T20:05:30.556399,KXHIGHCHI-26MAR22-T65 (Market),0.99,MARKET_DATA,REAL
2026-03-22T20:05:30.556838,KXHIGHCHI (F),33.8,MARKET_DATA,REAL
2026-03-22T20:05:32.855373,KXHIGHMIA-26MAR22-B81.5 (Market),0.99,MARKET_DATA,REAL
2026-03-22T20:05:32.855893,KXHIGHMIA (F),71.6,MARKET_DATA,REAL
2026-03-22T20:05:36.466822,BTC-USD (Coinbase),67625.98,MARKET_DATA,REAL
2026-03-22T20:05:36.550620,KXBTC15M-26MAR222115-15 (15m),0.42,MARKET_DATA,REAL
2026-03-22T20:05:38.941061,KXBTCD-26MAR2222-T67599.99 (1h),0.53,MARKET_DATA,REAL
2026-03-22T20:05:39.037837,KXBTCD-26MAR2222-T67399.99 (1h),0.76,MARKET_DATA,REAL
2026-03-22T20:05:39.120679,KXBTCD-26MAR2222-T67799.99 (1h),0.3,MARKET_DATA,REAL
2026-03-22T20:05:40.733112,KXHIGHNY-26MAR22-B62.5 (Market),0.99,MARKET_DATA,REAL
2026-03-22T20:05:40.733553,KXHIGHNY (F),53.06,MARKET_DATA,REAL
2026-03-22T20:05:43.324517,KXHIGHLAX-26MAR22-T75 (Market),0.99,MARKET_DATA,REAL
2026-03-22T20:05:43.325790,KXHIGHLAX (F),64.4,MARKET_DATA,REAL
2026-03-22T20:05:48.985500,KXHIGHCHI-26MAR22-T65 (Market),0.99,MARKET_DATA,REAL
2026-03-22T20:05:48.986406,KXHIGHCHI (F),33.8,MARKET_DATA,REAL
2026-03-22T20:05:51.562606,KXHIGHMIA-26MAR22-B81.5 (Market),0.99,MARKET_DATA,REAL
2026-03-22T20:05:51.563425,KXHIGHMIA (F),71.6,MARKET_DATA,REAL
2026-03-22T20:05:55.162865,BTC-USD (Coinbase),67671.99,MARKET_DATA,REAL
2026-03-22T20:05:55.329727,KXBTC15M-26MAR222115-15 (15m),0.52,MARKET_DATA,REAL
2026-03-22T20:05:57.687160,KXBTCD-26MAR2222-T67699.99 (1h),0.45,MARKET_DATA,REAL
2026-03-22T20:05:57.770512,KXBTCD-26MAR2222-T67499.99 (1h),0.66,MARKET_DATA,REAL
2026-03-22T20:05:57.853958,KXBTCD-26MAR2222-T67899.99 (1h),0.24,MARKET_DATA,REAL
2026-03-22T20:06:00.118942,KXHIGHNY-26MAR22-B62.5 (Market),0.99,MARKET_DATA,REAL
2026-03-22T20:06:00.120254,KXHIGHNY (F),53.06,MARKET_DATA,REAL
2026-03-22T20:06:05.770738,KXHIGHLAX-26MAR22-T75 (Market),0.99,MARKET_DATA,REAL
2026-03-22T20:06:05.772037,KXHIGHLAX (F),64.4,MARKET_DATA,REAL
2026-03-22T20:06:11.877007,KXHIGHCHI-26MAR22-T65 (Market),0.99,MARKET_DATA,REAL
2026-03-22T20:06:11.878078,KXHIGHCHI (F),33.8,MARKET_DATA,REAL
2026-03-22T20:06:17.322200,KXHIGHMIA-26MAR22-B81.5 (Market),0.99,MARKET_DATA,REAL
2026-03-22T20:06:17.322845,KXHIGHMIA (F),71.6,MARKET_DATA,REAL
2026-03-22T20:06:20.980262,BTC-USD (Coinbase),67715.44,MARKET_DATA,REAL
2026-03-22T20:06:21.069935,KXBTC15M-26MAR222115-15 (15m),0.7,MARKET_DATA,REAL
2026-03-22T20:06:23.456809,KXBTCD-26MAR2222-T67699.99 (1h),0.52,MARKET_DATA,REAL
2026-03-22T20:06:23.586942,KXBTCD-26MAR2222-T67499.99 (1h),0.73,MARKET_DATA,REAL
2026-03-22T20:06:23.673190,KXBTCD-26MAR2222-T67899.99 (1h),0.3,MARKET_DATA,REAL
2026-03-22T20:06:26.540115,KXHIGHNY-26MAR22-B62.5 (Market),0.99,MARKET_DATA,REAL
2026-03-22T20:06:26.540594,KXHIGHNY (F),53.06,MARKET_DATA,REAL
2026-03-22T20:06:30.474548,KXHIGHLAX-26MAR22-T75 (Market),0.99,MARKET_DATA,REAL
2026-03-22T20:06:30.475081,KXHIGHLAX (F),64.4,MARKET_DATA,REAL
2026-03-22T20:06:32.898181,KXHIGHCHI-26MAR22-T65 (Market),0.99,MARKET_DATA,REAL
2026-03-22T20:06:32.898990,KXHIGHCHI (F),33.8,MARKET_DATA,REAL
2026-03-22T20:06:35.674703,KXHIGHMIA-26MAR22-B81.5 (Market),0.99,MARKET_DATA,REAL
2026-03-22T20:06:35.675686,KXHIGHMIA (F),71.6,MARKET_DATA,REAL
2026-03-22T20:06:39.337871,BTC-USD (Coinbase),67770.0,MARKET_DATA,REAL
2026-03-22T20:06:39.468701,KXBTC15M-26MAR222115-15 (15m),0.78,MARKET_DATA,REAL
2026-03-22T20:06:39.478973,KXBTC15M-26MAR222115-15,0.79,SIGNAL_BUY,EXECUTED
2026-03-22T20:06:41.859679,KXBTCD-26MAR2222-T67799.99 (1h),0.42,MARKET_DATA,REAL
2026-03-22T20:06:41.948915,KXBTCD-26MAR2222-T67599.99 (1h),0.66,MARKET_DATA,REAL
2026-03-22T20:06:42.046439,KXBTCD-26MAR2222-T67999.99 (1h),0.26,MARKET_DATA,REAL
2026-03-22T20:06:43.738257,KXHIGHNY-26MAR22-B62.5 (Market),0.99,MARKET_DATA,REAL
2026-03-22T20:06:43.739412,KXHIGHNY (F),53.06,MARKET_DATA,REAL
2026-03-22T20:06:46.511974,KXHIGHLAX-26MAR22-T75 (Market),0.99,MARKET_DATA,REAL
2026-03-22T20:06:46.512904,KXHIGHLAX (F),64.4,MARKET_DATA,REAL
2026-03-22T20:06:48.935068,KXHIGHCHI-26MAR22-T65 (Market),0.99,MARKET_DATA,REAL
2026-03-22T20:06:48.936196,KXHIGHCHI (F),33.8,MARKET_DATA,REAL
2026-03-22T20:06:51.616474,KXHIGHMIA-26MAR22-B81.5 (Market),0.99,MARKET_DATA,REAL
2026-03-22T20:06:51.617793,KXHIGHMIA (F),71.6,MARKET_DATA,REAL
2026-03-22T20:06:55.153820,BTC-USD (Coinbase),67800.6,MARKET_DATA,REAL
2026-03-22T20:06:55.237731,KXBTC15M-26MAR222115-15 (15m),0.77,MARKET_DATA,REAL
2026-03-22T20:06:57.262282,KXBTCD-26MAR2222-T67799.99 (1h),0.49,MARKET_DATA,REAL
2026-03-22T20:06:57.349122,KXBTCD-26MAR2222-T67599.99 (1h),0.69,MARKET_DATA,REAL
2026-03-22T20:06:57.435036,KXBTCD-26MAR2222-T67999.99 (1h),0.28,MARKET_DATA,REAL
2026-03-22T20:06:57.528366,KXBTCD-26MAR2222-T67799.99,0.51,SIGNAL_BUY,HARVEST_ONLY
2026-03-22T20:06:58.573300,KXHIGHNY-26MAR22-B62.5 (Market),0.99,MARKET_DATA,REAL
2026-03-22T20:06:58.573773,KXHIGHNY (F),53.06,MARKET_DATA,REAL
2026-03-22T20:07:00.684548,KXHIGHLAX-26MAR22-T75 (Market),0.99,MARKET_DATA,REAL
2026-03-22T20:07:00.685274,KXHIGHLAX (F),64.4,MARKET_DATA,REAL
2026-03-22T20:07:02.810123,KXHIGHCHI-26MAR22-T65 (Market),0.99,MARKET_DATA,REAL
2026-03-22T20:07:02.810595,KXHIGHCHI (F),33.8,MARKET_DATA,REAL
2026-03-22T20:07:04.891626,KXHIGHMIA-26MAR22-B81.5 (Market),0.99,MARKET_DATA,REAL
2026-03-22T20:07:04.892390,KXHIGHMIA (F),71.6,MARKET_DATA,REAL
2026-03-22T20:07:08.429326,BTC-USD (Coinbase),67842.02,MARKET_DATA,REAL
2026-03-22T20:07:08.595778,KXBTC15M-26MAR222115-15 (15m),0.83,MARKET_DATA,REAL
2026-03-22T20:07:10.601172,KXBTCD-26MAR2222-T67799.99 (1h),0.51,MARKET_DATA,REAL
2026-03-22T20:07:10.690765,KXBTCD-26MAR2222-T67599.99 (1h),0.73,MARKET_DATA,REAL
2026-03-22T20:07:10.779470,KXBTCD-26MAR2222-T67999.99 (1h),0.29,MARKET_DATA,REAL
2026-03-22T20:07:11.949678,KXHIGHNY-26MAR22-B62.5 (Market),0.99,MARKET_DATA,REAL
2026-03-22T20:07:11.950106,KXHIGHNY (F),53.06,MARKET_DATA,REAL
2026-03-22T20:07:14.092394,KXHIGHLAX-26MAR22-T75 (Market),0.99,MARKET_DATA,REAL
2026-03-22T20:07:14.093145,KXHIGHLAX (F),64.4,MARKET_DATA,REAL
2026-03-22T20:07:17.354116,KXHIGHCHI-26MAR22-T65 (Market),0.99,MARKET_DATA,REAL
2026-03-22T20:07:17.355140,KXHIGHCHI (F),33.8,MARKET_DATA,REAL
2026-03-22T20:07:20.666947,KXHIGHMIA-26MAR22-B81.5 (Market),0.99,MARKET_DATA,REAL
2026-03-22T20:07:20.667835,KXHIGHMIA (F),71.6,MARKET_DATA,REAL
2026-03-22T20:07:24.208447,BTC-USD (Coinbase),67851.0,MARKET_DATA,REAL
2026-03-22T20:07:24.319161,KXBTC15M-26MAR222115-15 (15m),0.87,MARKET_DATA,REAL
2026-03-22T20:07:26.304886,KXBTCD-26MAR2222-T67799.99 (1h),0.52,MARKET_DATA,REAL
2026-03-22T20:07:26.393589,KXBTCD-26MAR2222-T67599.99 (1h),0.76,MARKET_DATA,REAL
2026-03-22T20:07:26.480998,KXBTCD-26MAR2222-T67999.99 (1h),0.31,MARKET_DATA,REAL
2026-03-22T20:07:28.776965,KXHIGHNY-26MAR22-B62.5 (Market),0.99,MARKET_DATA,REAL
2026-03-22T20:07:28.777979,KXHIGHNY (F),53.06,MARKET_DATA,REAL
2026-03-22T20:07:32.085830,KXHIGHLAX-26MAR22-T75 (Market),0.99,MARKET_DATA,REAL
2026-03-22T20:07:32.087082,KXHIGHLAX (F),64.4,MARKET_DATA,REAL
2026-03-22T20:07:34.176386,KXHIGHCHI-26MAR22-T65 (Market),0.99,MARKET_DATA,REAL
2026-03-22T20:07:34.177977,KXHIGHCHI (F),33.8,MARKET_DATA,REAL
2026-03-22T20:07:36.309663,KXHIGHMIA-26MAR22-B81.5 (Market),0.99,MARKET_DATA,REAL
2026-03-22T20:07:36.310994,KXHIGHMIA (F),71.6,MARKET_DATA,REAL
2026-03-22T20:07:39.931757,BTC-USD (Coinbase),67838.39,MARKET_DATA,REAL
2026-03-22T20:07:40.019222,KXBTC15M-26MAR222115-15 (15m),0.87,MARKET_DATA,REAL
2026-03-22T20:07:42.094964,KXBTCD-26MAR2222-T67899.99 (1h),0.4,MARKET_DATA,REAL
2026-03-22T20:07:42.184663,KXBTCD-26MAR2222-T67699.99 (1h),0.65,MARKET_DATA,REAL
2026-03-22T20:07:42.285702,KXBTCD-26MAR2222-T68099.99 (1h),0.22,MARKET_DATA,REAL
2026-03-22T20:07:43.443416,KXHIGHNY-26MAR22-B62.5 (Market),0.99,MARKET_DATA,REAL
2026-03-22T20:07:43.444273,KXHIGHNY (F),53.06,MARKET_DATA,REAL
2026-03-22T20:07:45.586666,KXHIGHLAX-26MAR22-T75 (Market),0.99,MARKET_DATA,REAL
2026-03-22T20:07:45.587165,KXHIGHLAX (F),64.4,MARKET_DATA,REAL
2026-03-22T20:07:47.729958,KXHIGHCHI-26MAR22-T65 (Market),0.99,MARKET_DATA,REAL
2026-03-22T20:07:47.730839,KXHIGHCHI (F),33.8,MARKET_DATA,REAL
2026-03-22T20:07:49.874234,KXHIGHMIA-26MAR22-B81.5 (Market),0.99,MARKET_DATA,REAL
2026-03-22T20:07:49.874671,KXHIGHMIA (F),71.6,MARKET_DATA,REAL
2026-03-22T20:07:53.394879,BTC-USD (Coinbase),67805.0,MARKET_DATA,REAL
2026-03-22T20:07:53.480352,KXBTC15M-26MAR222115-15 (15m),0.87,MARKET_DATA,REAL
2026-03-22T20:07:55.553120,KXBTCD-26MAR2222-T67799.99 (1h),0.52,MARKET_DATA,REAL
2026-03-22T20:07:55.640724,KXBTCD-26MAR2222-T67599.99 (1h),0.74,MARKET_DATA,REAL
2026-03-22T20:07:55.723055,KXBTCD-26MAR2222-T67999.99 (1h),0.28,MARKET_DATA,REAL
2026-03-22T20:07:56.933984,KXHIGHNY-26MAR22-B62.5 (Market),0.99,MARKET_DATA,REAL
2026-03-22T20:07:56.935926,KXHIGHNY (F),53.06,MARKET_DATA,REAL
2026-03-22T20:07:59.044095,KXHIGHLAX-26MAR22-T75 (Market),0.99,MARKET_DATA,REAL
2026-03-22T20:07:59.045050,KXHIGHLAX (F),64.4,MARKET_DATA,REAL
2026-03-22T20:08:01.176981,KXHIGHCHI-26MAR22-T65 (Market),0.99,MARKET_DATA,REAL
2026-03-22T20:08:01.178317,KXHIGHCHI (F),33.8,MARKET_DATA,REAL
2026-03-22T20:08:03.325545,KXHIGHMIA-26MAR22-B81.5 (Market),0.99,MARKET_DATA,REAL
2026-03-22T20:08:03.326301,KXHIGHMIA (F),71.6,MARKET_DATA,REAL
2026-03-22T20:08:06.853798,BTC-USD (Coinbase),67816.96,MARKET_DATA,REAL
2026-03-22T20:08:06.953261,KXBTC15M-26MAR222115-15 (15m),0.84,MARKET_DATA,REAL
2026-03-22T20:08:09.321343,KXBTCD-26MAR2222-T67799.99 (1h),0.5,MARKET_DATA,REAL
2026-03-22T20:08:09.459857,KXBTCD-26MAR2222-T67599.99 (1h),0.72,MARKET_DATA,REAL
2026-03-22T20:08:09.547418,KXBTCD-26MAR2222-T67999.99 (1h),0.29,MARKET_DATA,REAL
2026-03-22T20:08:10.764739,KXHIGHNY-26MAR22-B62.5 (Market),0.99,MARKET_DATA,REAL
2026-03-22T20:08:10.766157,KXHIGHNY (F),53.06,MARKET_DATA,REAL
2026-03-22T20:08:12.871269,KXHIGHLAX-26MAR22-T75 (Market),0.99,MARKET_DATA,REAL
2026-03-22T20:08:12.871722,KXHIGHLAX (F),64.4,MARKET_DATA,REAL
2026-03-22T20:08:14.991861,KXHIGHCHI-26MAR22-T65 (Market),0.99,MARKET_DATA,REAL
2026-03-22T20:08:14.992721,KXHIGHCHI (F),33.8,MARKET_DATA,REAL
2026-03-22T20:08:17.097837,KXHIGHMIA-26MAR22-B81.5 (Market),0.99,MARKET_DATA,REAL
2026-03-22T20:08:17.098290,KXHIGHMIA (F),71.6,MARKET_DATA,REAL
2026-03-22T20:08:20.710031,BTC-USD (Coinbase),67850.97,MARKET_DATA,REAL
2026-03-22T20:08:20.876562,KXBTC15M-26MAR222115-15 (15m),0.89,MARKET_DATA,REAL
2026-03-22T20:08:23.010342,KXBTCD-26MAR2222-T67899.99 (1h),0.39,MARKET_DATA,REAL
2026-03-22T20:08:23.103611,KXBTCD-26MAR2222-T67699.99 (1h),0.64,MARKET_DATA,REAL
2026-03-22T20:08:23.194520,KXBTCD-26MAR2222-T68099.99 (1h),0.21,MARKET_DATA,REAL
2026-03-22T20:08:24.520391,KXHIGHNY-26MAR22-B62.5 (Market),0.99,MARKET_DATA,REAL
2026-03-22T20:08:24.520728,KXHIGHNY (F),53.06,MARKET_DATA,REAL
2026-03-22T20:08:26.765237,KXHIGHLAX-26MAR22-T75 (Market),0.99,MARKET_DATA,REAL
2026-03-22T20:08:26.766430,KXHIGHLAX (F),64.4,MARKET_DATA,REAL
2026-03-22T20:08:30.140636,KXHIGHCHI-26MAR22-T65 (Market),0.99,MARKET_DATA,REAL
2026-03-22T20:08:30.141501,KXHIGHCHI (F),33.8,MARKET_DATA,REAL
2026-03-22T20:08:33.524583,KXHIGHMIA-26MAR22-B81.5 (Market),0.99,MARKET_DATA,REAL
2026-03-22T20:08:33.525467,KXHIGHMIA (F),71.6,MARKET_DATA,REAL
2026-03-22T20:08:37.113219,BTC-USD (Coinbase),67898.3,MARKET_DATA,REAL
2026-03-22T20:08:37.205546,KXBTC15M-26MAR222115-15 (15m),0.923,MARKET_DATA,REAL
2026-03-22T20:08:39.431771,KXBTCD-26MAR2222-T67899.99 (1h),0.47,MARKET_DATA,REAL
2026-03-22T20:08:39.525406,KXBTCD-26MAR2222-T67699.99 (1h),0.68,MARKET_DATA,REAL
2026-03-22T20:08:39.611965,KXBTCD-26MAR2222-T68099.99 (1h),0.26,MARKET_DATA,REAL
2026-03-22T20:08:42.186230,KXHIGHNY-26MAR22-B62.5 (Market),0.99,MARKET_DATA,REAL
2026-03-22T20:08:42.187964,KXHIGHNY (F),53.06,MARKET_DATA,REAL
2026-03-22T20:08:45.587049,KXHIGHLAX-26MAR22-T75 (Market),0.99,MARKET_DATA,REAL
2026-03-22T20:08:45.588630,KXHIGHLAX (F),64.4,MARKET_DATA,REAL
2026-03-22T20:08:47.819120,KXHIGHCHI-26MAR22-T65 (Market),0.99,MARKET_DATA,REAL
2026-03-22T20:08:47.819853,KXHIGHCHI (F),33.8,MARKET_DATA,REAL
2026-03-22T20:08:50.036466,KXHIGHMIA-26MAR22-B81.5 (Market),0.99,MARKET_DATA,REAL
2026-03-22T20:08:50.037315,KXHIGHMIA (F),71.6,MARKET_DATA,REAL
2026-03-22T20:08:53.570234,BTC-USD (Coinbase),67921.97,MARKET_DATA,REAL
2026-03-22T20:08:53.712911,KXBTC15M-26MAR222115-15 (15m),0.963,MARKET_DATA,REAL
2026-03-22T20:08:56.171860,KXBTCD-26MAR2222-T67899.99 (1h),0.5,MARKET_DATA,REAL
2026-03-22T20:08:56.266260,KXBTCD-26MAR2222-T67699.99 (1h),0.72,MARKET_DATA,REAL
2026-03-22T20:08:56.359168,KXBTCD-26MAR2222-T68099.99 (1h),0.27,MARKET_DATA,REAL
2026-03-22T20:08:57.680928,KXHIGHNY-26MAR22-B62.5 (Market),0.99,MARKET_DATA,REAL
2026-03-22T20:08:57.682547,KXHIGHNY (F),53.06,MARKET_DATA,REAL
2026-03-22T20:08:59.929902,KXHIGHLAX-26MAR22-T75 (Market),0.99,MARKET_DATA,REAL
2026-03-22T20:08:59.931166,KXHIGHLAX (F),64.4,MARKET_DATA,REAL
2026-03-22T20:09:02.145684,KXHIGHCHI-26MAR22-T65 (Market),0.99,MARKET_DATA,REAL
2026-03-22T20:09:02.146441,KXHIGHCHI (F),33.8,MARKET_DATA,REAL
2026-03-22T20:09:04.357760,KXHIGHMIA-26MAR22-B81.5 (Market),0.99,MARKET_DATA,REAL
2026-03-22T20:09:04.359080,KXHIGHMIA (F),71.6,MARKET_DATA,REAL
2026-03-22T20:09:07.863187,BTC-USD (Coinbase),67898.0,MARKET_DATA,REAL
2026-03-22T20:09:07.954131,KXBTC15M-26MAR222115-15 (15m),0.961,MARKET_DATA,REAL
2026-03-22T20:09:10.055082,KXBTCD-26MAR2222-T67899.99 (1h),0.47,MARKET_DATA,REAL
2026-03-22T20:09:10.140654,KXBTCD-26MAR2222-T67699.99 (1h),0.7,MARKET_DATA,REAL
2026-03-22T20:09:10.229397,KXBTCD-26MAR2222-T68099.99 (1h),0.25,MARKET_DATA,REAL
2026-03-22T20:09:11.593017,KXHIGHNY-26MAR22-B62.5 (Market),0.99,MARKET_DATA,REAL
2026-03-22T20:09:11.594289,KXHIGHNY (F),53.06,MARKET_DATA,REAL
2026-03-22T20:09:13.863358,KXHIGHLAX-26MAR22-T75 (Market),0.99,MARKET_DATA,REAL
2026-03-22T20:09:13.864555,KXHIGHLAX (F),64.4,MARKET_DATA,REAL
2026-03-22T20:09:16.053362,KXHIGHCHI-26MAR22-T65 (Market),0.99,MARKET_DATA,REAL
2026-03-22T20:09:16.054784,KXHIGHCHI (F),33.8,MARKET_DATA,REAL
2026-03-22T20:09:18.301918,KXHIGHMIA-26MAR22-B81.5 (Market),0.99,MARKET_DATA,REAL
2026-03-22T20:09:18.302270,KXHIGHMIA (F),71.6,MARKET_DATA,REAL
2026-03-22T20:09:21.770834,BTC-USD (Coinbase),67827.55,MARKET_DATA,REAL
2026-03-22T20:09:21.945059,KXBTC15M-26MAR222115-15 (15m),0.92,MARKET_DATA,REAL
2026-03-22T20:09:24.213508,KXBTCD-26MAR2222-T67799.99 (1h),0.54,MARKET_DATA,REAL
2026-03-22T20:09:24.313453,KXBTCD-26MAR2222-T67599.99 (1h),0.76,MARKET_DATA,REAL
2026-03-22T20:09:24.400200,KXBTCD-26MAR2222-T67999.99 (1h),0.3,MARKET_DATA,REAL
2026-03-22T20:09:25.757347,KXHIGHNY-26MAR22-B62.5 (Market),0.99,MARKET_DATA,REAL
2026-03-22T20:09:25.758564,KXHIGHNY (F),53.06,MARKET_DATA,REAL
2026-03-22T20:09:27.928376,KXHIGHLAX-26MAR22-T75 (Market),0.99,MARKET_DATA,REAL
2026-03-22T20:09:27.929890,KXHIGHLAX (F),64.4,MARKET_DATA,REAL
2026-03-22T20:09:31.414455,KXHIGHCHI-26MAR22-T65 (Market),0.99,MARKET_DATA,REAL
2026-03-22T20:09:31.415254,KXHIGHCHI (F),33.8,MARKET_DATA,REAL
2026-03-22T20:09:34.796271,KXHIGHMIA-26MAR22-B81.5 (Market),0.99,MARKET_DATA,REAL
2026-03-22T20:09:34.796752,KXHIGHMIA (F),71.6,MARKET_DATA,REAL
2026-03-22T20:09:38.344980,BTC-USD (Coinbase),67841.99,MARKET_DATA,REAL
2026-03-22T20:09:38.437623,KXBTC15M-26MAR222115-15 (15m),0.922,MARKET_DATA,REAL
2026-03-22T20:09:40.636203,KXBTCD-26MAR2222-T67899.99 (1h),0.41,MARKET_DATA,REAL
2026-03-22T20:09:40.776556,KXBTCD-26MAR2222-T67699.99 (1h),0.64,MARKET_DATA,REAL
2026-03-22T20:09:40.864507,KXBTCD-26MAR2222-T68099.99 (1h),0.21,MARKET_DATA,REAL
2026-03-22T20:09:43.433242,KXHIGHNY-26MAR22-B62.5 (Market),0.99,MARKET_DATA,REAL
2026-03-22T20:09:43.435164,KXHIGHNY (F),53.06,MARKET_DATA,REAL
2026-03-22T20:09:46.865929,KXHIGHLAX-26MAR22-T75 (Market),0.99,MARKET_DATA,REAL
2026-03-22T20:09:46.867075,KXHIGHLAX (F),64.4,MARKET_DATA,REAL
2026-03-22T20:09:49.107760,KXHIGHCHI-26MAR22-T65 (Market),0.99,MARKET_DATA,REAL
2026-03-22T20:09:49.108542,KXHIGHCHI (F),33.8,MARKET_DATA,REAL
2026-03-22T20:09:51.331673,KXHIGHMIA-26MAR22-B81.5 (Market),0.99,MARKET_DATA,REAL
2026-03-22T20:09:51.332715,KXHIGHMIA (F),71.6,MARKET_DATA,REAL
2026-03-22T20:09:54.825350,BTC-USD (Coinbase),67848.0,MARKET_DATA,REAL
2026-03-22T20:09:54.916496,KXBTC15M-26MAR222115-15 (15m),0.939,MARKET_DATA,REAL
2026-03-22T20:09:57.008071,KXBTCD-26MAR2222-T67799.99 (1h),0.53,MARKET_DATA,REAL
2026-03-22T20:09:57.100895,KXBTCD-26MAR2222-T67599.99 (1h),0.76,MARKET_DATA,REAL
2026-03-22T20:09:57.191851,KXBTCD-26MAR2222-T67999.99 (1h),0.3,MARKET_DATA,REAL
2026-03-22T20:09:58.523216,KXHIGHNY-26MAR22-B62.5 (Market),0.99,MARKET_DATA,REAL
2026-03-22T20:09:58.524471,KXHIGHNY (F),53.06,MARKET_DATA,REAL
2026-03-22T20:10:00.780258,KXHIGHLAX-26MAR22-T75 (Market),0.99,MARKET_DATA,REAL
2026-03-22T20:10:00.780831,KXHIGHLAX (F),64.4,MARKET_DATA,REAL
2026-03-22T20:10:03.027867,KXHIGHCHI-26MAR22-T65 (Market),0.99,MARKET_DATA,REAL
2026-03-22T20:10:03.029348,KXHIGHCHI (F),33.8,MARKET_DATA,REAL
2026-03-22T20:10:05.196901,KXHIGHMIA-26MAR22-B81.5 (Market),0.99,MARKET_DATA,REAL
2026-03-22T20:10:05.197777,KXHIGHMIA (F),71.6,MARKET_DATA,REAL
2026-03-22T20:10:08.694863,BTC-USD (Coinbase),67837.33,MARKET_DATA,REAL
2026-03-22T20:10:08.786841,KXBTC15M-26MAR222115-15 (15m),0.94,MARKET_DATA,REAL
2026-03-22T20:10:11.047918,KXBTCD-26MAR2222-T67799.99 (1h),0.52,MARKET_DATA,REAL
2026-03-22T20:10:11.143191,KXBTCD-26MAR2222-T67599.99 (1h),0.76,MARKET_DATA,REAL
2026-03-22T20:10:11.234656,KXBTCD-26MAR2222-T67999.99 (1h),0.3,MARKET_DATA,REAL
2026-03-22T20:10:12.516039,KXHIGHNY-26MAR22-B62.5 (Market),0.99,MARKET_DATA,REAL
2026-03-22T20:10:12.517551,KXHIGHNY (F),53.06,MARKET_DATA,REAL
2026-03-22T20:10:14.762287,KXHIGHLAX-26MAR22-T75 (Market),0.99,MARKET_DATA,REAL
2026-03-22T20:10:14.762682,KXHIGHLAX (F),64.4,MARKET_DATA,REAL
2026-03-22T20:10:16.957257,KXHIGHCHI-26MAR22-T65 (Market),0.99,MARKET_DATA,REAL
2026-03-22T20:10:16.958000,KXHIGHCHI (F),33.8,MARKET_DATA,REAL
2026-03-22T20:10:19.181931,KXHIGHMIA-26MAR22-B81.5 (Market),0.99,MARKET_DATA,REAL
2026-03-22T20:10:19.182570,KXHIGHMIA (F),71.6,MARKET_DATA,REAL
2026-03-22T20:10:22.707293,BTC-USD (Coinbase),67837.95,MARKET_DATA,REAL
2026-03-22T20:10:22.874959,KXBTC15M-26MAR222115-15 (15m),0.952,MARKET_DATA,REAL
2026-03-22T20:10:24.910935,KXBTCD-26MAR2222-T67799.99 (1h),0.52,MARKET_DATA,REAL
2026-03-22T20:10:25.002722,KXBTCD-26MAR2222-T67599.99 (1h),0.76,MARKET_DATA,REAL
2026-03-22T20:10:25.139657,KXBTCD-26MAR2222-T67999.99 (1h),0.3,MARKET_DATA,REAL
2026-03-22T20:10:25.232167,KXBTCD-26MAR2222-T67799.99,0.55,SIGNAL_BUY,EXECUTED
2026-03-22T20:10:26.454012,KXHIGHNY-26MAR22-B62.5 (Market),0.99,MARKET_DATA,REAL
2026-03-22T20:10:26.455906,KXHIGHNY (F),53.06,MARKET_DATA,REAL
2026-03-22T20:10:28.652083,KXHIGHLAX-26MAR22-T75 (Market),0.99,MARKET_DATA,REAL
2026-03-22T20:10:28.652839,KXHIGHLAX (F),64.4,MARKET_DATA,REAL
2026-03-22T20:10:30.861240,KXHIGHCHI-26MAR22-T65 (Market),0.99,MARKET_DATA,REAL
2026-03-22T20:10:30.862127,KXHIGHCHI (F),33.8,MARKET_DATA,REAL
2026-03-22T20:10:33.148401,KXHIGHMIA-26MAR22-B81.5 (Market),0.99,MARKET_DATA,REAL
2026-03-22T20:10:33.149180,KXHIGHMIA (F),71.6,MARKET_DATA,REAL
2026-03-22T20:10:36.714778,BTC-USD (Coinbase),67827.51,MARKET_DATA,REAL
2026-03-22T20:10:36.806036,KXBTC15M-26MAR222115-15 (15m),0.943,MARKET_DATA,REAL
2026-03-22T20:10:38.908130,KXBTCD-26MAR2222-T67799.99 (1h),0.52,MARKET_DATA,REAL
2026-03-22T20:10:38.997248,KXBTCD-26MAR2222-T67599.99 (1h),0.76,MARKET_DATA,REAL
2026-03-22T20:10:39.086050,KXBTCD-26MAR2222-T67999.99 (1h),0.28,MARKET_DATA,REAL
2026-03-22T20:10:40.340842,KXHIGHNY-26MAR22-B62.5 (Market),0.99,MARKET_DATA,REAL
2026-03-22T20:10:40.342302,KXHIGHNY (F),53.06,MARKET_DATA,REAL
2026-03-22T20:10:42.542269,KXHIGHLAX-26MAR22-T75 (Market),0.99,MARKET_DATA,REAL
2026-03-22T20:10:42.542978,KXHIGHLAX (F),64.4,MARKET_DATA,REAL
2026-03-22T20:10:45.941605,KXHIGHCHI-26MAR22-T65 (Market),0.99,MARKET_DATA,REAL
2026-03-22T20:10:45.942563,KXHIGHCHI (F),33.8,MARKET_DATA,REAL
2026-03-22T20:10:49.441977,KXHIGHMIA-26MAR22-B81.5 (Market),0.99,MARKET_DATA,REAL
2026-03-22T20:10:49.443893,KXHIGHMIA (F),71.6,MARKET_DATA,REAL
2026-03-22T20:10:53.002165,BTC-USD (Coinbase),67824.1,MARKET_DATA,REAL
2026-03-22T20:10:53.093285,KXBTC15M-26MAR222115-15 (15m),0.951,MARKET_DATA,REAL
2026-03-22T20:10:55.260902,KXBTCD-26MAR2222-T67799.99 (1h),0.51,MARKET_DATA,REAL
2026-03-22T20:10:55.355522,KXBTCD-26MAR2222-T67599.99 (1h),0.75,MARKET_DATA,REAL
2026-03-22T20:10:55.447022,KXBTCD-26MAR2222-T67999.99 (1h),0.28,MARKET_DATA,REAL
2026-03-22T20:10:57.852855,KXHIGHNY-26MAR22-B62.5 (Market),0.99,MARKET_DATA,REAL
2026-03-22T20:10:57.853186,KXHIGHNY (F),53.06,MARKET_DATA,REAL
2026-03-22T20:11:01.265072,KXHIGHLAX-26MAR22-T75 (Market),0.99,MARKET_DATA,REAL
2026-03-22T20:11:01.265498,KXHIGHLAX (F),64.4,MARKET_DATA,REAL
2026-03-22T20:11:03.430737,KXHIGHCHI-26MAR22-T65 (Market),0.99,MARKET_DATA,REAL
2026-03-22T20:11:03.431239,KXHIGHCHI (F),33.8,MARKET_DATA,REAL
2026-03-22T20:11:05.649023,KXHIGHMIA-26MAR22-B81.5 (Market),0.99,MARKET_DATA,REAL
2026-03-22T20:11:05.649536,KXHIGHMIA (F),71.6,MARKET_DATA,REAL
2026-03-22T20:11:09.272523,BTC-USD (Coinbase),67828.95,MARKET_DATA,REAL
2026-03-22T20:11:09.362234,KXBTC15M-26MAR222115-15 (15m),0.957,MARKET_DATA,REAL
2026-03-22T20:11:11.545175,KXBTCD-26MAR2222-T67799.99 (1h),0.53,MARKET_DATA,REAL
2026-03-22T20:11:11.638894,KXBTCD-26MAR2222-T67599.99 (1h),0.76,MARKET_DATA,REAL
2026-03-22T20:11:11.729290,KXBTCD-26MAR2222-T67999.99 (1h),0.27,MARKET_DATA,REAL
2026-03-22T20:11:13.027510,KXHIGHNY-26MAR22-B62.5 (Market),0.99,MARKET_DATA,REAL
2026-03-22T20:11:13.029334,KXHIGHNY (F),53.06,MARKET_DATA,REAL
2026-03-22T20:11:15.182587,KXHIGHLAX-26MAR22-T75 (Market),0.99,MARKET_DATA,REAL
2026-03-22T20:11:15.183542,KXHIGHLAX (F),64.4,MARKET_DATA,REAL
2026-03-22T20:11:17.414494,KXHIGHCHI-26MAR22-T65 (Market),0.99,MARKET_DATA,REAL
2026-03-22T20:11:17.414919,KXHIGHCHI (F),33.8,MARKET_DATA,REAL
2026-03-22T20:11:19.622350,KXHIGHMIA-26MAR22-B81.5 (Market),0.99,MARKET_DATA,REAL
2026-03-22T20:11:19.623300,KXHIGHMIA (F),71.6,MARKET_DATA,REAL
2026-03-22T20:11:23.178336,BTC-USD (Coinbase),67833.3,MARKET_DATA,REAL
2026-03-22T20:11:23.351100,KXBTC15M-26MAR222115-15 (15m),0.967,MARKET_DATA,REAL
2026-03-22T20:11:25.593949,KXBTCD-26MAR2222-T67799.99 (1h),0.53,MARKET_DATA,REAL
2026-03-22T20:11:25.687260,KXBTCD-26MAR2222-T67599.99 (1h),0.76,MARKET_DATA,REAL
2026-03-22T20:11:25.776798,KXBTCD-26MAR2222-T67999.99 (1h),0.28,MARKET_DATA,REAL
2026-03-22T20:11:27.060048,KXHIGHNY-26MAR22-B62.5 (Market),0.99,MARKET_DATA,REAL
2026-03-22T20:11:27.061553,KXHIGHNY (F),53.06,MARKET_DATA,REAL
2026-03-22T20:11:29.340286,KXHIGHLAX-26MAR22-T75 (Market),0.99,MARKET_DATA,REAL
2026-03-22T20:11:29.341608,KXHIGHLAX (F),64.4,MARKET_DATA,REAL
2026-03-22T20:11:31.539570,KXHIGHCHI-26MAR22-T65 (Market),0.99,MARKET_DATA,REAL
2026-03-22T20:11:31.540949,KXHIGHCHI (F),33.8,MARKET_DATA,REAL
2026-03-22T20:11:33.782993,KXHIGHMIA-26MAR22-B81.5 (Market),0.99,MARKET_DATA,REAL
2026-03-22T20:11:33.783935,KXHIGHMIA (F),71.6,MARKET_DATA,REAL
2026-03-22T20:11:37.351475,BTC-USD (Coinbase),67810.92,MARKET_DATA,REAL
2026-03-22T20:11:37.440862,KXBTC15M-26MAR222115-15 (15m),0.97,MARKET_DATA,REAL
2026-03-22T20:11:39.527644,KXBTCD-26MAR2222-T67799.99 (1h),0.5,MARKET_DATA,REAL
2026-03-22T20:11:39.616702,KXBTCD-26MAR2222-T67599.99 (1h),0.76,MARKET_DATA,REAL
2026-03-22T20:11:39.711067,KXBTCD-26MAR2222-T67999.99 (1h),0.27,MARKET_DATA,REAL
2026-03-22T20:11:40.994163,KXHIGHNY-26MAR22-B62.5 (Market),0.99,MARKET_DATA,REAL
2026-03-22T20:11:40.995425,KXHIGHNY (F),53.06,MARKET_DATA,REAL
2026-03-22T20:11:43.215549,KXHIGHLAX-26MAR22-T75 (Market),0.99,MARKET_DATA,REAL
2026-03-22T20:11:43.216754,KXHIGHLAX (F),64.4,MARKET_DATA,REAL
2026-03-22T20:11:45.412534,KXHIGHCHI-26MAR22-T65 (Market),0.99,MARKET_DATA,REAL
2026-03-22T20:11:45.412998,KXHIGHCHI (F),33.8,MARKET_DATA,REAL
2026-03-22T20:11:47.629515,KXHIGHMIA-26MAR22-B81.5 (Market),0.99,MARKET_DATA,REAL
2026-03-22T20:11:47.631126,KXHIGHMIA (F),71.6,MARKET_DATA,REAL
2026-03-22T20:11:51.190241,BTC-USD (Coinbase),67849.89,MARKET_DATA,REAL
2026-03-22T20:11:51.283359,KXBTC15M-26MAR222115-15 (15m),0.988,MARKET_DATA,REAL
2026-03-22T20:11:53.406760,KXBTCD-26MAR2222-T67799.99 (1h),0.54,MARKET_DATA,REAL
2026-03-22T20:11:53.494476,KXBTCD-26MAR2222-T67599.99 (1h),0.77,MARKET_DATA,REAL
2026-03-22T20:11:53.584412,KXBTCD-26MAR2222-T67999.99 (1h),0.29,MARKET_DATA,REAL
2026-03-22T20:11:54.891867,KXHIGHNY-26MAR22-B62.5 (Market),0.99,MARKET_DATA,REAL
2026-03-22T20:11:54.893472,KXHIGHNY (F),53.06,MARKET_DATA,REAL
2026-03-22T20:11:57.041146,KXHIGHLAX-26MAR22-T75 (Market),0.99,MARKET_DATA,REAL
2026-03-22T20:11:57.042539,KXHIGHLAX (F),64.4,MARKET_DATA,REAL
2026-03-22T20:12:00.452961,KXHIGHCHI-26MAR22-T65 (Market),0.99,MARKET_DATA,REAL
2026-03-22T20:12:00.453721,KXHIGHCHI (F),33.8,MARKET_DATA,REAL
2026-03-22T20:12:03.894198,KXHIGHMIA-26MAR22-B81.5 (Market),0.99,MARKET_DATA,REAL
2026-03-22T20:12:03.895095,KXHIGHMIA (F),71.6,MARKET_DATA,REAL
2026-03-22T20:12:07.462319,BTC-USD (Coinbase),67823.87,MARKET_DATA,REAL
2026-03-22T20:12:07.546524,KXBTC15M-26MAR222115-15 (15m),0.981,MARKET_DATA,REAL
2026-03-22T20:12:09.653372,KXBTCD-26MAR2222-T67799.99 (1h),0.52,MARKET_DATA,REAL
2026-03-22T20:12:09.780303,KXBTCD-26MAR2222-T67599.99 (1h),0.75,MARKET_DATA,REAL
2026-03-22T20:12:09.868536,KXBTCD-26MAR2222-T67999.99 (1h),0.27,MARKET_DATA,REAL
2026-03-22T20:12:12.355235,KXHIGHNY-26MAR22-B62.5 (Market),0.99,MARKET_DATA,REAL
2026-03-22T20:12:12.356335,KXHIGHNY (F),53.06,MARKET_DATA,REAL
2026-03-22T20:12:15.698220,KXHIGHLAX-26MAR22-T75 (Market),0.99,MARKET_DATA,REAL
2026-03-22T20:12:15.698735,KXHIGHLAX (F),64.4,MARKET_DATA,REAL
2026-03-22T20:12:17.885551,KXHIGHCHI-26MAR22-T65 (Market),0.99,MARKET_DATA,REAL
2026-03-22T20:12:17.886890,KXHIGHCHI (F),33.8,MARKET_DATA,REAL
2026-03-22T20:12:20.119195,KXHIGHMIA-26MAR22-B81.5 (Market),0.99,MARKET_DATA,REAL
2026-03-22T20:12:20.119806,KXHIGHMIA (F),71.6,MARKET_DATA,REAL
2026-03-22T20:12:23.741481,BTC-USD (Coinbase),67775.12,MARKET_DATA,REAL
2026-03-22T20:12:23.910893,KXBTC15M-26MAR222115-15 (15m),0.966,MARKET_DATA,REAL
2026-03-22T20:12:25.911568,KXBTCD-26MAR2222-T67799.99 (1h),0.47,MARKET_DATA,REAL
2026-03-22T20:12:25.998782,KXBTCD-26MAR2222-T67599.99 (1h),0.72,MARKET_DATA,REAL
2026-03-22T20:12:26.085272,KXBTCD-26MAR2222-T67999.99 (1h),0.23,MARKET_DATA,REAL
2026-03-22T20:12:27.328362,KXHIGHNY-26MAR22-B62.5 (Market),0.99,MARKET_DATA,REAL
2026-03-22T20:12:27.330282,KXHIGHNY (F),53.06,MARKET_DATA,REAL
2026-03-22T20:12:29.442986,KXHIGHLAX-26MAR22-T75 (Market),0.99,MARKET_DATA,REAL
2026-03-22T20:12:29.444268,KXHIGHLAX (F),64.4,MARKET_DATA,REAL
2026-03-22T20:12:31.674781,KXHIGHCHI-26MAR22-T65 (Market),0.99,MARKET_DATA,REAL
2026-03-22T20:12:31.675602,KXHIGHCHI (F),33.8,MARKET_DATA,REAL
2026-03-22T20:12:33.811876,KXHIGHMIA-26MAR22-B81.5 (Market),0.99,MARKET_DATA,REAL
2026-03-22T20:12:33.813433,KXHIGHMIA (F),71.6,MARKET_DATA,REAL
2026-03-22T20:12:37.296536,BTC-USD (Coinbase),67822.65,MARKET_DATA,REAL
2026-03-22T20:12:37.387026,KXBTC15M-26MAR222115-15 (15m),0.971,MARKET_DATA,REAL
2026-03-22T20:12:39.846706,KXBTCD-26MAR2222-T67799.99 (1h),0.51,MARKET_DATA,REAL
2026-03-22T20:12:39.937375,KXBTCD-26MAR2222-T67599.99 (1h),0.77,MARKET_DATA,REAL
2026-03-22T20:12:40.028642,KXBTCD-26MAR2222-T67999.99 (1h),0.27,MARKET_DATA,REAL
2026-03-22T20:12:41.545070,KXHIGHNY-26MAR22-B62.5 (Market),0.99,MARKET_DATA,REAL
2026-03-22T20:12:41.546467,KXHIGHNY (F),53.06,MARKET_DATA,REAL
2026-03-22T20:12:43.818513,KXHIGHLAX-26MAR22-T75 (Market),0.99,MARKET_DATA,REAL
2026-03-22T20:12:43.818979,KXHIGHLAX (F),64.4,MARKET_DATA,REAL
2026-03-22T20:12:46.096579,KXHIGHCHI-26MAR22-T65 (Market),0.99,MARKET_DATA,REAL
2026-03-22T20:12:46.096963,KXHIGHCHI (F),33.8,MARKET_DATA,REAL
2026-03-22T20:12:48.418571,KXHIGHMIA-26MAR22-B81.5 (Market),0.99,MARKET_DATA,REAL
2026-03-22T20:12:48.418994,KXHIGHMIA (F),71.6,MARKET_DATA,REAL
2026-03-22T20:12:51.970641,BTC-USD (Coinbase),67832.15,MARKET_DATA,REAL
2026-03-22T20:12:52.056697,KXBTC15M-26MAR222115-15 (15m),0.991,MARKET_DATA,REAL
2026-03-22T20:12:54.604515,KXBTCD-26MAR2222-T67799.99 (1h),0.54,MARKET_DATA,REAL
2026-03-22T20:12:54.691225,KXBTCD-26MAR2222-T67599.99 (1h),0.77,MARKET_DATA,REAL
2026-03-22T20:12:54.782958,KXBTCD-26MAR2222-T67999.99 (1h),0.29,MARKET_DATA,REAL
2026-03-22T20:12:56.274506,KXHIGHNY-26MAR22-B62.5 (Market),0.99,MARKET_DATA,REAL
2026-03-22T20:12:56.275114,KXHIGHNY (F),53.06,MARKET_DATA,REAL
2026-03-22T20:12:58.728954,KXHIGHLAX-26MAR22-T75 (Market),0.99,MARKET_DATA,REAL
2026-03-22T20:12:58.729823,KXHIGHLAX (F),64.4,MARKET_DATA,REAL
2026-03-22T20:13:02.168974,KXHIGHCHI-26MAR22-T65 (Market),0.99,MARKET_DATA,REAL
2026-03-22T20:13:02.169799,KXHIGHCHI (F),33.98,MARKET_DATA,REAL
2026-03-22T20:13:05.568147,KXHIGHMIA-26MAR22-B81.5 (Market),0.99,MARKET_DATA,REAL
2026-03-22T20:13:05.568997,KXHIGHMIA (F),71.6,MARKET_DATA,REAL
2026-03-22T20:13:09.052850,BTC-USD (Coinbase),67822.66,MARKET_DATA,REAL
2026-03-22T20:13:09.145246,KXBTC15M-26MAR222115-15 (15m),0.994,MARKET_DATA,REAL
2026-03-22T20:13:11.371339,KXBTCD-26MAR2222-T67799.99 (1h),0.5,MARKET_DATA,REAL
2026-03-22T20:13:11.457541,KXBTCD-26MAR2222-T67599.99 (1h),0.76,MARKET_DATA,REAL
2026-03-22T20:13:11.589993,KXBTCD-26MAR2222-T67999.99 (1h),0.29,MARKET_DATA,REAL
2026-03-22T20:13:14.102599,KXHIGHNY-26MAR22-B62.5 (Market),0.99,MARKET_DATA,REAL
2026-03-22T20:13:14.103213,KXHIGHNY (F),53.06,MARKET_DATA,REAL
2026-03-22T20:13:17.517238,KXHIGHLAX-26MAR22-T75 (Market),0.99,MARKET_DATA,REAL
2026-03-22T20:13:17.518815,KXHIGHLAX (F),64.4,MARKET_DATA,REAL
2026-03-22T20:13:19.736637,KXHIGHCHI-26MAR22-T65 (Market),0.99,MARKET_DATA,REAL
2026-03-22T20:13:19.737410,KXHIGHCHI (F),33.98,MARKET_DATA,REAL
2026-03-22T20:13:21.999927,KXHIGHMIA-26MAR22-B81.5 (Market),0.99,MARKET_DATA,REAL
2026-03-22T20:13:22.001042,KXHIGHMIA (F),71.6,MARKET_DATA,REAL
2026-03-22T20:13:25.532022,BTC-USD (Coinbase),67813.21,MARKET_DATA,REAL
2026-03-22T20:13:25.694637,KXBTC15M-26MAR222115-15 (15m),0.994,MARKET_DATA,REAL
2026-03-22T20:13:27.894980,KXBTCD-26MAR2222-T67799.99 (1h),0.49,MARKET_DATA,REAL
2026-03-22T20:13:27.978159,KXBTCD-26MAR2222-T67599.99 (1h),0.76,MARKET_DATA,REAL
2026-03-22T20:13:28.065652,KXBTCD-26MAR2222-T67999.99 (1h),0.24,MARKET_DATA,REAL
2026-03-22T20:13:28.158556,KXBTCD-26MAR2222-T67799.99,0.52,SIGNAL_BUY,EXECUTED
2026-03-22T20:13:29.357141,KXHIGHNY-26MAR22-B62.5 (Market),0.99,MARKET_DATA,REAL
2026-03-22T20:13:29.357772,KXHIGHNY (F),53.06,MARKET_DATA,REAL
2026-03-22T20:13:31.559483,KXHIGHLAX-26MAR22-T75 (Market),0.99,MARKET_DATA,REAL
2026-03-22T20:13:31.561192,KXHIGHLAX (F),64.4,MARKET_DATA,REAL
2026-03-22T20:13:34.987425,KXHIGHCHI-26MAR22-T65 (Market),0.99,MARKET_DATA,REAL
2026-03-22T20:13:34.988974,KXHIGHCHI (F),33.98,MARKET_DATA,REAL
2026-03-22T20:13:38.635650,KXHIGHMIA-26MAR22-B81.5 (Market),0.99,MARKET_DATA,REAL
2026-03-22T20:13:38.636552,KXHIGHMIA (F),71.6,MARKET_DATA,REAL
2026-03-22T20:13:42.232742,BTC-USD (Coinbase),67836.0,MARKET_DATA,REAL
2026-03-22T20:13:42.324554,KXBTC15M-26MAR222115-15 (15m),0.999,MARKET_DATA,REAL
2026-03-22T20:13:44.449877,KXBTCD-26MAR2222-T67799.99 (1h),0.53,MARKET_DATA,REAL
2026-03-22T20:13:44.537806,KXBTCD-26MAR2222-T67599.99 (1h),0.77,MARKET_DATA,REAL
2026-03-22T20:13:44.620203,KXBTCD-26MAR2222-T67999.99 (1h),0.26,MARKET_DATA,REAL
2026-03-22T20:13:46.396326,KXHIGHNY-26MAR22-B62.5 (Market),0.99,MARKET_DATA,REAL
2026-03-22T20:13:46.397254,KXHIGHNY (F),51.98,MARKET_DATA,REAL
2026-03-22T20:13:49.358297,KXHIGHLAX-26MAR22-T75 (Market),0.99,MARKET_DATA,REAL
2026-03-22T20:13:49.359362,KXHIGHLAX (F),64.4,MARKET_DATA,REAL
2026-03-22T20:13:52.020205,KXHIGHCHI-26MAR22-T65 (Market),0.99,MARKET_DATA,REAL
2026-03-22T20:13:52.021244,KXHIGHCHI (F),33.98,MARKET_DATA,REAL
2026-03-22T20:13:54.804226,KXHIGHMIA-26MAR22-B81.5 (Market),0.99,MARKET_DATA,REAL
2026-03-22T20:13:54.805033,KXHIGHMIA (F),71.6,MARKET_DATA,REAL
2026-03-22T20:13:58.361890,BTC-USD (Coinbase),67854.15,MARKET_DATA,REAL
2026-03-22T20:13:58.459939,KXBTC15M-26MAR222115-15 (15m),0.999,MARKET_DATA,REAL
2026-03-22T20:14:00.648417,KXBTCD-26MAR2222-T67799.99 (1h),0.54,MARKET_DATA,REAL
2026-03-22T20:14:00.737374,KXBTCD-26MAR2222-T67599.99 (1h),0.79,MARKET_DATA,REAL
2026-03-22T20:14:00.824818,KXBTCD-26MAR2222-T67999.99 (1h),0.28,MARKET_DATA,REAL
2026-03-22T20:14:02.351473,KXHIGHNY-26MAR22-B62.5 (Market),0.99,MARKET_DATA,REAL
2026-03-22T20:14:02.352383,KXHIGHNY (F),51.98,MARKET_DATA,REAL
2026-03-22T20:14:04.798657,KXHIGHLAX-26MAR22-T75 (Market),0.99,MARKET_DATA,REAL
2026-03-22T20:14:04.799165,KXHIGHLAX (F),64.4,MARKET_DATA,REAL
2026-03-22T20:14:08.364485,KXHIGHCHI-26MAR22-T65 (Market),0.99,MARKET_DATA,REAL
2026-03-22T20:14:08.365239,KXHIGHCHI (F),33.8,MARKET_DATA,REAL
2026-03-22T20:14:11.927728,KXHIGHMIA-26MAR22-B81.5 (Market),0.99,MARKET_DATA,REAL
2026-03-22T20:14:11.929076,KXHIGHMIA (F),71.6,MARKET_DATA,REAL
2026-03-22T20:14:15.530368,BTC-USD (Coinbase),67849.42,MARKET_DATA,REAL
2026-03-22T20:14:15.615954,KXBTC15M-26MAR222115-15 (15m),0.999,MARKET_DATA,REAL
2026-03-22T20:14:17.861908,KXBTCD-26MAR2222-T67799.99 (1h),0.54,MARKET_DATA,REAL
2026-03-22T20:14:17.953146,KXBTCD-26MAR2222-T67599.99 (1h),0.8,MARKET_DATA,REAL
2026-03-22T20:14:18.048166,KXBTCD-26MAR2222-T67999.99 (1h),0.29,MARKET_DATA,REAL
2026-03-22T20:14:20.468359,KXHIGHNY-26MAR22-B62.5 (Market),0.99,MARKET_DATA,REAL
2026-03-22T20:14:20.468884,KXHIGHNY (F),51.98,MARKET_DATA,REAL
2026-03-22T20:14:24.076154,KXHIGHLAX-26MAR22-T75 (Market),0.99,MARKET_DATA,REAL
2026-03-22T20:14:24.076636,KXHIGHLAX (F),62.6,MARKET_DATA,REAL
2026-03-22T20:14:26.684919,KXHIGHCHI-26MAR22-T65 (Market),0.99,MARKET_DATA,REAL
2026-03-22T20:14:26.685312,KXHIGHCHI (F),33.8,MARKET_DATA,REAL
2026-03-22T20:14:29.079248,KXHIGHMIA-26MAR22-B81.5 (Market),0.99,MARKET_DATA,REAL
2026-03-22T20:14:29.079673,KXHIGHMIA (F),71.6,MARKET_DATA,REAL
2026-03-22T20:14:32.741776,BTC-USD (Coinbase),67831.29,MARKET_DATA,REAL
2026-03-22T20:14:32.903932,KXBTC15M-26MAR222115-15 (15m),0.999,MARKET_DATA,REAL
2026-03-22T20:14:35.086463,KXBTCD-26MAR2222-T67799.99 (1h),0.52,MARKET_DATA,REAL
2026-03-22T20:14:35.171862,KXBTCD-26MAR2222-T67599.99 (1h),0.77,MARKET_DATA,REAL
2026-03-22T20:14:35.261149,KXBTCD-26MAR2222-T67999.99 (1h),0.27,MARKET_DATA,REAL
2026-03-22T20:14:36.820486,KXHIGHNY-26MAR22-B62.5 (Market),0.99,MARKET_DATA,REAL
2026-03-22T20:14:36.821158,KXHIGHNY (F),53.06,MARKET_DATA,REAL
2026-03-22T20:14:39.229386,KXHIGHLAX-26MAR22-T75 (Market),0.99,MARKET_DATA,REAL
2026-03-22T20:14:39.229816,KXHIGHLAX (F),64.4,MARKET_DATA,REAL
2026-03-22T20:14:41.807066,KXHIGHCHI-26MAR22-T65 (Market),0.99,MARKET_DATA,REAL
2026-03-22T20:14:41.807497,KXHIGHCHI (F),33.98,MARKET_DATA,REAL
2026-03-22T20:14:44.232685,KXHIGHMIA-26MAR22-B81.5 (Market),0.99,MARKET_DATA,REAL
2026-03-22T20:14:44.233385,KXHIGHMIA (F),71.6,MARKET_DATA,REAL
2026-03-22T20:14:47.903114,BTC-USD (Coinbase),67819.51,MARKET_DATA,REAL
2026-03-22T20:14:47.985153,KXBTC15M-26MAR222115-15 (15m),0.999,MARKET_DATA,REAL
2026-03-22T20:14:50.489277,KXBTCD-26MAR2222-T67799.99 (1h),0.53,MARKET_DATA,REAL
2026-03-22T20:14:50.575454,KXBTCD-26MAR2222-T67599.99 (1h),0.78,MARKET_DATA,REAL
2026-03-22T20:14:50.669240,KXBTCD-26MAR2222-T67999.99 (1h),0.25,MARKET_DATA,REAL
2026-03-22T20:14:52.081754,KXHIGHNY-26MAR22-B62.5 (Market),0.99,MARKET_DATA,REAL
2026-03-22T20:14:52.082168,KXHIGHNY (F),53.06,MARKET_DATA,REAL
2026-03-22T20:14:54.424773,KXHIGHLAX-26MAR22-T75 (Market),0.99,MARKET_DATA,REAL
2026-03-22T20:14:54.425221,KXHIGHLAX (F),64.4,MARKET_DATA,REAL
2026-03-22T20:14:56.768359,KXHIGHCHI-26MAR22-T65 (Market),0.99,MARKET_DATA,REAL
2026-03-22T20:14:56.770222,KXHIGHCHI (F),33.98,MARKET_DATA,REAL
2026-03-22T20:14:59.022879,KXHIGHMIA-26MAR22-B81.5 (Market),0.99,MARKET_DATA,REAL
2026-03-22T20:14:59.023378,KXHIGHMIA (F),71.6,MARKET_DATA,REAL
2026-03-22T20:15:02.590558,BTC-USD (Coinbase),67831.09,MARKET_DATA,REAL
2026-03-22T20:15:02.677530,KXBTC15M-26MAR222115-15 (15m),0.999,MARKET_DATA,REAL
2026-03-22T20:15:04.796648,KXBTCD-26MAR2222-T67799.99 (1h),0.51,MARKET_DATA,REAL
2026-03-22T20:15:04.882620,KXBTCD-26MAR2222-T67599.99 (1h),0.78,MARKET_DATA,REAL
2026-03-22T20:15:04.966609,KXBTCD-26MAR2222-T67999.99 (1h),0.25,MARKET_DATA,REAL
2026-03-22T20:15:06.306309,KXHIGHNY-26MAR22-B62.5 (Market),0.99,MARKET_DATA,REAL
2026-03-22T20:15:06.306940,KXHIGHNY (F),53.06,MARKET_DATA,REAL
2026-03-22T20:15:08.477765,KXHIGHLAX-26MAR22-T75 (Market),0.99,MARKET_DATA,REAL
2026-03-22T20:15:08.479806,KXHIGHLAX (F),64.4,MARKET_DATA,REAL
2026-03-22T20:15:12.027154,KXHIGHCHI-26MAR22-T65 (Market),0.99,MARKET_DATA,REAL
2026-03-22T20:15:12.028428,KXHIGHCHI (F),33.98,MARKET_DATA,REAL
2026-03-22T20:15:15.412480,KXHIGHMIA-26MAR22-B81.5 (Market),0.99,MARKET_DATA,REAL
2026-03-22T20:15:15.412916,KXHIGHMIA (F),71.6,MARKET_DATA,REAL
2026-03-22T20:15:19.151953,BTC-USD (Coinbase),67883.86,MARKET_DATA,REAL
2026-03-22T20:15:19.237516,KXBTC15M-26MAR222115-15 (15m),1.0,MARKET_DATA,REAL
2026-03-22T20:15:21.295218,KXBTCD-26MAR2222-T67899.99 (1h),0.43,MARKET_DATA,REAL
2026-03-22T20:15:21.387282,KXBTCD-26MAR2222-T67699.99 (1h),0.68,MARKET_DATA,REAL
2026-03-22T20:15:21.473259,KXBTCD-26MAR2222-T68099.99 (1h),0.2,MARKET_DATA,REAL
2026-03-22T20:15:23.924882,KXHIGHNY-26MAR22-B62.5 (Market),0.99,MARKET_DATA,REAL
2026-03-22T20:15:23.925614,KXHIGHNY (F),53.06,MARKET_DATA,REAL
2026-03-22T20:15:27.413342,KXHIGHLAX-26MAR22-T75 (Market),0.99,MARKET_DATA,REAL
2026-03-22T20:15:27.413784,KXHIGHLAX (F),64.4,MARKET_DATA,REAL
2026-03-22T20:15:29.616285,KXHIGHCHI-26MAR22-T65 (Market),0.99,MARKET_DATA,REAL
2026-03-22T20:15:29.617039,KXHIGHCHI (F),33.98,MARKET_DATA,REAL
2026-03-22T20:15:31.831472,KXHIGHMIA-26MAR22-B81.5 (Market),0.99,MARKET_DATA,REAL
2026-03-22T20:15:31.831888,KXHIGHMIA (F),71.6,MARKET_DATA,REAL
2026-03-22T20:15:35.415357,BTC-USD (Coinbase),67895.13,MARKET_DATA,REAL
2026-03-22T20:15:35.579279,KXBTC15M-26MAR222130-30 (15m),0.61,MARKET_DATA,REAL
2026-03-22T20:15:37.773072,KXBTCD-26MAR2222-T67899.99 (1h),0.49,MARKET_DATA,REAL
2026-03-22T20:15:37.856214,KXBTCD-26MAR2222-T67699.99 (1h),0.73,MARKET_DATA,REAL
2026-03-22T20:15:37.944951,KXBTCD-26MAR2222-T68099.99 (1h),0.24,MARKET_DATA,REAL
2026-03-22T20:15:39.352443,KXHIGHNY-26MAR22-B62.5 (Market),0.99,MARKET_DATA,REAL
2026-03-22T20:15:39.353172,KXHIGHNY (F),53.06,MARKET_DATA,REAL
2026-03-22T20:15:41.552744,KXHIGHLAX-26MAR22-T75 (Market),0.99,MARKET_DATA,REAL
2026-03-22T20:15:41.553664,KXHIGHLAX (F),64.4,MARKET_DATA,REAL
2026-03-22T20:15:43.789894,KXHIGHCHI-26MAR22-T65 (Market),0.99,MARKET_DATA,REAL
2026-03-22T20:15:43.790325,KXHIGHCHI (F),33.98,MARKET_DATA,REAL
2026-03-22T20:15:46.008609,KXHIGHMIA-26MAR22-B81.5 (Market),0.99,MARKET_DATA,REAL
2026-03-22T20:15:46.010708,KXHIGHMIA (F),71.6,MARKET_DATA,REAL
2026-03-22T20:15:49.554185,BTC-USD (Coinbase),67917.16,MARKET_DATA,REAL
2026-03-22T20:15:49.637961,KXBTC15M-26MAR222130-30 (15m),0.66,MARKET_DATA,REAL
2026-03-22T20:15:52.024936,KXBTCD-26MAR2222-T67899.99 (1h),0.53,MARKET_DATA,REAL
2026-03-22T20:15:52.117922,KXBTCD-26MAR2222-T67699.99 (1h),0.75,MARKET_DATA,REAL
2026-03-22T20:15:52.204095,KXBTCD-26MAR2222-T68099.99 (1h),0.27,MARKET_DATA,REAL
2026-03-22T20:15:53.535475,KXHIGHNY-26MAR22-B62.5 (Market),0.99,MARKET_DATA,REAL
2026-03-22T20:15:53.536404,KXHIGHNY (F),53.06,MARKET_DATA,REAL
2026-03-22T20:15:55.687941,KXHIGHLAX-26MAR22-T75 (Market),0.99,MARKET_DATA,REAL
2026-03-22T20:15:55.688392,KXHIGHLAX (F),62.6,MARKET_DATA,REAL
2026-03-22T20:15:58.194742,KXHIGHCHI-26MAR22-T65 (Market),0.99,MARKET_DATA,REAL
2026-03-22T20:15:58.195545,KXHIGHCHI (F),33.98,MARKET_DATA,REAL
2026-03-22T20:16:00.461471,KXHIGHMIA-26MAR22-B81.5 (Market),0.99,MARKET_DATA,REAL
2026-03-22T20:16:00.462850,KXHIGHMIA (F),71.6,MARKET_DATA,REAL
2026-03-22T20:16:03.966088,BTC-USD (Coinbase),67945.49,MARKET_DATA,REAL
2026-03-22T20:16:04.057182,KXBTC15M-26MAR222130-30 (15m),0.68,MARKET_DATA,REAL
2026-03-22T20:16:06.025990,KXBTCD-26MAR2222-T67999.99 (1h),0.4,MARKET_DATA,REAL
2026-03-22T20:16:06.154515,KXBTCD-26MAR2222-T67799.99 (1h),0.66,MARKET_DATA,REAL
2026-03-22T20:16:06.240454,KXBTCD-26MAR2222-T68199.99 (1h),0.19,MARKET_DATA,REAL
2026-03-22T20:16:07.463825,KXHIGHNY-26MAR22-B62.5 (Market),0.99,MARKET_DATA,REAL
2026-03-22T20:16:07.464255,KXHIGHNY (F),53.06,MARKET_DATA,REAL
2026-03-22T20:16:09.669505,KXHIGHLAX-26MAR22-T75 (Market),0.99,MARKET_DATA,REAL
2026-03-22T20:16:09.670029,KXHIGHLAX (F),62.6,MARKET_DATA,REAL
2026-03-22T20:16:11.851451,KXHIGHCHI-26MAR22-T65 (Market),0.99,MARKET_DATA,REAL
2026-03-22T20:16:11.852538,KXHIGHCHI (F),33.98,MARKET_DATA,REAL
2026-03-22T20:16:13.920039,KXHIGHMIA-26MAR22-B81.5 (Market),0.99,MARKET_DATA,REAL
2026-03-22T20:16:13.920441,KXHIGHMIA (F),71.6,MARKET_DATA,REAL
2026-03-22T20:16:17.370489,BTC-USD (Coinbase),67964.39,MARKET_DATA,REAL
2026-03-22T20:16:17.456889,KXBTC15M-26MAR222130-30 (15m),0.75,MARKET_DATA,REAL
2026-03-22T20:16:19.462996,KXBTCD-26MAR2222-T67999.99 (1h),0.42,MARKET_DATA,REAL
2026-03-22T20:16:19.545718,KXBTCD-26MAR2222-T67799.99 (1h),0.69,MARKET_DATA,REAL
2026-03-22T20:16:19.629725,KXBTCD-26MAR2222-T68199.99 (1h),0.18,MARKET_DATA,REAL
2026-03-22T20:16:20.836369,KXHIGHNY-26MAR22-B62.5 (Market),0.99,MARKET_DATA,REAL
2026-03-22T20:16:20.836809,KXHIGHNY (F),51.98,MARKET_DATA,REAL
2026-03-22T20:16:23.040916,KXHIGHLAX-26MAR22-T75 (Market),0.99,MARKET_DATA,REAL
2026-03-22T20:16:23.041283,KXHIGHLAX (F),62.6,MARKET_DATA,REAL
2026-03-22T20:16:26.368746,KXHIGHCHI-26MAR22-T65 (Market),0.99,MARKET_DATA,REAL
2026-03-22T20:16:26.369175,KXHIGHCHI (F),33.98,MARKET_DATA,REAL
2026-03-22T20:16:29.831009,KXHIGHMIA-26MAR22-B81.5 (Market),0.99,MARKET_DATA,REAL
2026-03-22T20:16:29.831684,KXHIGHMIA (F),71.6,MARKET_DATA,REAL
2026-03-22T20:16:33.304812,BTC-USD (Coinbase),67957.39,MARKET_DATA,REAL
2026-03-22T20:16:33.436284,KXBTC15M-26MAR222130-30 (15m),0.72,MARKET_DATA,REAL
2026-03-22T20:16:35.605293,KXBTCD-26MAR2222-T67999.99 (1h),0.41,MARKET_DATA,REAL
2026-03-22T20:16:35.689699,KXBTCD-26MAR2222-T67799.99 (1h),0.69,MARKET_DATA,REAL
2026-03-22T20:16:35.775703,KXBTCD-26MAR2222-T68199.99 (1h),0.19,MARKET_DATA,REAL
2026-03-22T20:16:35.863860,KXBTCD-26MAR2222-T67999.99,0.43999999999999995,SIGNAL_BUY,EXECUTED
2026-03-22T20:16:38.241447,KXHIGHNY-26MAR22-B62.5 (Market),0.99,MARKET_DATA,REAL
2026-03-22T20:16:38.242873,KXHIGHNY (F),51.98,MARKET_DATA,REAL
2026-03-22T20:16:41.581583,KXHIGHLAX-26MAR22-T75 (Market),0.99,MARKET_DATA,REAL
2026-03-22T20:16:41.582388,KXHIGHLAX (F),62.6,MARKET_DATA,REAL
2026-03-22T20:16:43.805586,KXHIGHCHI-26MAR22-T65 (Market),0.99,MARKET_DATA,REAL
2026-03-22T20:16:43.805951,KXHIGHCHI (F),33.98,MARKET_DATA,REAL
2026-03-22T20:16:46.002704,KXHIGHMIA-26MAR22-B81.5 (Market),0.99,MARKET_DATA,REAL
2026-03-22T20:16:46.003854,KXHIGHMIA (F),71.6,MARKET_DATA,REAL
2026-03-22T20:16:49.683964,BTC-USD (Coinbase),67984.11,MARKET_DATA,REAL
2026-03-22T20:16:49.896354,KXBTC15M-26MAR222130-30 (15m),0.77,MARKET_DATA,REAL
2026-03-22T20:16:52.013824,KXBTCD-26MAR2222-T67999.99 (1h),0.45,MARKET_DATA,REAL
2026-03-22T20:16:52.136582,KXBTCD-26MAR2222-T67799.99 (1h),0.73,MARKET_DATA,REAL
2026-03-22T20:16:52.226508,KXBTCD-26MAR2222-T68199.99 (1h),0.23,MARKET_DATA,REAL
2026-03-22T20:16:53.498952,KXHIGHNY-26MAR22-B62.5 (Market),0.99,MARKET_DATA,REAL
2026-03-22T20:16:53.499412,KXHIGHNY (F),51.98,MARKET_DATA,REAL
2026-03-22T20:16:55.707488,KXHIGHLAX-26MAR22-T75 (Market),0.99,MARKET_DATA,REAL
2026-03-22T20:16:55.707987,KXHIGHLAX (F),62.6,MARKET_DATA,REAL
2026-03-22T20:16:57.879112,KXHIGHCHI-26MAR22-T65 (Market),0.99,MARKET_DATA,REAL
2026-03-22T20:16:57.880178,KXHIGHCHI (F),33.98,MARKET_DATA,REAL
2026-03-22T20:16:59.964191,KXHIGHMIA-26MAR22-B81.5 (Market),0.99,MARKET_DATA,REAL
2026-03-22T20:16:59.964703,KXHIGHMIA (F),71.6,MARKET_DATA,REAL
2026-03-22T20:17:03.561333,BTC-USD (Coinbase),67999.82,MARKET_DATA,REAL
2026-03-22T20:17:03.647260,KXBTC15M-26MAR222130-30 (15m),0.83,MARKET_DATA,REAL
2026-03-22T20:17:05.624552,KXBTCD-26MAR2222-T67999.99 (1h),0.47,MARKET_DATA,REAL
2026-03-22T20:17:05.710173,KXBTCD-26MAR2222-T67799.99 (1h),0.74,MARKET_DATA,REAL
2026-03-22T20:17:05.794926,KXBTCD-26MAR2222-T68199.99 (1h),0.24,MARKET_DATA,REAL
2026-03-22T20:17:06.994113,KXHIGHNY-26MAR22-B62.5 (Market),0.99,MARKET_DATA,REAL
2026-03-22T20:17:06.994939,KXHIGHNY (F),51.98,MARKET_DATA,REAL
2026-03-22T20:17:09.101946,KXHIGHLAX-26MAR22-T75 (Market),0.99,MARKET_DATA,REAL
2026-03-22T20:17:09.102690,KXHIGHLAX (F),62.6,MARKET_DATA,REAL
2026-03-22T20:17:11.270067,KXHIGHCHI-26MAR22-T65 (Market),0.99,MARKET_DATA,REAL
2026-03-22T20:17:11.270579,KXHIGHCHI (F),33.98,MARKET_DATA,REAL
2026-03-22T20:17:13.387323,KXHIGHMIA-26MAR22-B81.5 (Market),0.99,MARKET_DATA,REAL
2026-03-22T20:17:13.387890,KXHIGHMIA (F),71.6,MARKET_DATA,REAL
2026-03-22T20:17:16.987529,BTC-USD (Coinbase),67992.75,MARKET_DATA,REAL
2026-03-22T20:17:17.072182,KXBTC15M-26MAR222130-30 (15m),0.8,MARKET_DATA,REAL
2026-03-22T20:17:19.025841,KXBTCD-26MAR2222-T67999.99 (1h),0.47,MARKET_DATA,REAL
2026-03-22T20:17:19.106321,KXBTCD-26MAR2222-T67799.99 (1h),0.74,MARKET_DATA,REAL
2026-03-22T20:17:19.189690,KXBTCD-26MAR2222-T68199.99 (1h),0.23,MARKET_DATA,REAL
2026-03-22T20:17:20.377639,KXHIGHNY-26MAR22-B62.5 (Market),0.99,MARKET_DATA,REAL
2026-03-22T20:17:20.378536,KXHIGHNY (F),51.98,MARKET_DATA,REAL
2026-03-22T20:17:22.561770,KXHIGHLAX-26MAR22-T75 (Market),0.99,MARKET_DATA,REAL
2026-03-22T20:17:22.562572,KXHIGHLAX (F),62.6,MARKET_DATA,REAL
2026-03-22T20:17:24.684424,KXHIGHCHI-26MAR22-T65 (Market),0.99,MARKET_DATA,REAL
2026-03-22T20:17:24.684872,KXHIGHCHI (F),33.8,MARKET_DATA,REAL
2026-03-22T20:17:26.818189,KXHIGHMIA-26MAR22-B81.5 (Market),0.99,MARKET_DATA,REAL
2026-03-22T20:17:26.818848,KXHIGHMIA (F),71.6,MARKET_DATA,REAL
2026-03-22T20:17:30.266014,BTC-USD (Coinbase),67990.2,MARKET_DATA,REAL
2026-03-22T20:17:30.352797,KXBTC15M-26MAR222130-30 (15m),0.77,MARKET_DATA,REAL
2026-03-22T20:17:32.454504,KXBTCD-26MAR2222-T67999.99 (1h),0.46,MARKET_DATA,REAL
2026-03-22T20:17:32.540751,KXBTCD-26MAR2222-T67799.99 (1h),0.73,MARKET_DATA,REAL
2026-03-22T20:17:32.627647,KXBTCD-26MAR2222-T68199.99 (1h),0.21,MARKET_DATA,REAL
2026-03-22T20:17:33.857555,KXHIGHNY-26MAR22-B62.5 (Market),0.99,MARKET_DATA,REAL
2026-03-22T20:17:33.857988,KXHIGHNY (F),51.98,MARKET_DATA,REAL
2026-03-22T20:17:35.985489,KXHIGHLAX-26MAR22-T75 (Market),0.99,MARKET_DATA,REAL
2026-03-22T20:17:35.985992,KXHIGHLAX (F),62.6,MARKET_DATA,REAL
2026-03-22T20:17:39.196075,KXHIGHCHI-26MAR22-T65 (Market),0.99,MARKET_DATA,REAL
2026-03-22T20:17:39.196501,KXHIGHCHI (F),33.8,MARKET_DATA,REAL
2026-03-22T20:17:42.464357,KXHIGHMIA-26MAR22-B81.5 (Market),0.99,MARKET_DATA,REAL
2026-03-22T20:17:42.464777,KXHIGHMIA (F),71.6,MARKET_DATA,REAL
2026-03-22T20:17:45.923897,BTC-USD (Coinbase),67973.67,MARKET_DATA,REAL
2026-03-22T20:17:46.023092,KXBTC15M-26MAR222130-30 (15m),0.78,MARKET_DATA,REAL
2026-03-22T20:17:48.088008,KXBTCD-26MAR2222-T67999.99 (1h),0.44,MARKET_DATA,REAL
2026-03-22T20:17:48.224961,KXBTCD-26MAR2222-T67799.99 (1h),0.72,MARKET_DATA,REAL
2026-03-22T20:17:48.312330,KXBTCD-26MAR2222-T68199.99 (1h),0.21,MARKET_DATA,REAL
2026-03-22T20:17:50.782969,KXHIGHNY-26MAR22-B62.5 (Market),0.99,MARKET_DATA,REAL
2026-03-22T20:17:50.784296,KXHIGHNY (F),51.98,MARKET_DATA,REAL
2026-03-22T20:17:54.146912,KXHIGHLAX-26MAR22-T75 (Market),0.99,MARKET_DATA,REAL
2026-03-22T20:17:54.147337,KXHIGHLAX (F),62.6,MARKET_DATA,REAL
2026-03-22T20:17:56.267858,KXHIGHCHI-26MAR22-T65 (Market),0.99,MARKET_DATA,REAL
2026-03-22T20:17:56.268579,KXHIGHCHI (F),33.8,MARKET_DATA,REAL
2026-03-22T20:17:58.347533,KXHIGHMIA-26MAR22-B81.5 (Market),0.99,MARKET_DATA,REAL
2026-03-22T20:17:58.347980,KXHIGHMIA (F),71.6,MARKET_DATA,REAL
2026-03-22T20:18:01.831157,BTC-USD (Coinbase),67986.41,MARKET_DATA,REAL
2026-03-22T20:18:02.000409,KXBTC15M-26MAR222130-30 (15m),0.78,MARKET_DATA,REAL
2026-03-22T20:18:04.160035,KXBTCD-26MAR2222-T67999.99 (1h),0.44,MARKET_DATA,REAL
2026-03-22T20:18:04.245735,KXBTCD-26MAR2222-T67799.99 (1h),0.72,MARKET_DATA,REAL
2026-03-22T20:18:04.329394,KXBTCD-26MAR2222-T68199.99 (1h),0.2,MARKET_DATA,REAL
2026-03-22T20:18:05.663610,KXHIGHNY-26MAR22-B62.5 (Market),0.99,MARKET_DATA,REAL
2026-03-22T20:18:05.664331,KXHIGHNY (F),51.98,MARKET_DATA,REAL
2026-03-22T20:18:07.826005,KXHIGHLAX-26MAR22-T75 (Market),0.99,MARKET_DATA,REAL
2026-03-22T20:18:07.827153,KXHIGHLAX (F),62.6,MARKET_DATA,REAL
2026-03-22T20:18:09.935247,KXHIGHCHI-26MAR22-T65 (Market),0.99,MARKET_DATA,REAL
2026-03-22T20:18:09.935609,KXHIGHCHI (F),33.8,MARKET_DATA,REAL
2026-03-22T20:18:12.097731,KXHIGHMIA-26MAR22-B81.5 (Market),0.99,MARKET_DATA,REAL
2026-03-22T20:18:12.098117,KXHIGHMIA (F),71.6,MARKET_DATA,REAL
2026-03-22T20:18:15.530421,BTC-USD (Coinbase),67895.95,MARKET_DATA,REAL
2026-03-22T20:18:15.614657,KXBTC15M-26MAR222130-30 (15m),0.79,MARKET_DATA,REAL
2026-03-22T20:18:17.733192,KXBTCD-26MAR2222-T67899.99 (1h),0.52,MARKET_DATA,REAL
2026-03-22T20:18:17.867190,KXBTCD-26MAR2222-T67699.99 (1h),0.74,MARKET_DATA,REAL
2026-03-22T20:18:17.955411,KXBTCD-26MAR2222-T68099.99 (1h),0.26,MARKET_DATA,REAL
2026-03-22T20:18:19.164078,KXHIGHNY-26MAR22-B62.5 (Market),0.99,MARKET_DATA,REAL
2026-03-22T20:18:19.164485,KXHIGHNY (F),51.98,MARKET_DATA,REAL
2026-03-22T20:18:21.311964,KXHIGHLAX-26MAR22-T75 (Market),0.99,MARKET_DATA,REAL
2026-03-22T20:18:21.312451,KXHIGHLAX (F),62.6,MARKET_DATA,REAL
2026-03-22T20:18:23.498371,KXHIGHCHI-26MAR22-T65 (Market),0.99,MARKET_DATA,REAL
2026-03-22T20:18:23.498828,KXHIGHCHI (F),33.8,MARKET_DATA,REAL
2026-03-22T20:18:25.613459,KXHIGHMIA-26MAR22-B81.5 (Market),0.99,MARKET_DATA,REAL
2026-03-22T20:18:25.613839,KXHIGHMIA (F),71.6,MARKET_DATA,REAL
2026-03-22T20:18:29.062271,BTC-USD (Coinbase),67910.26,MARKET_DATA,REAL
2026-03-22T20:18:29.148423,KXBTC15M-26MAR222130-30 (15m),0.61,MARKET_DATA,REAL
2026-03-22T20:18:31.240501,KXBTCD-26MAR2222-T67899.99 (1h),0.47,MARKET_DATA,REAL
2026-03-22T20:18:31.331388,KXBTCD-26MAR2222-T67699.99 (1h),0.74,MARKET_DATA,REAL
2026-03-22T20:18:31.414084,KXBTCD-26MAR2222-T68099.99 (1h),0.24,MARKET_DATA,REAL
2026-03-22T20:18:32.661832,KXHIGHNY-26MAR22-B62.5 (Market),0.99,MARKET_DATA,REAL
2026-03-22T20:18:32.662230,KXHIGHNY (F),51.98,MARKET_DATA,REAL
2026-03-22T20:18:34.793425,KXHIGHLAX-26MAR22-T75 (Market),0.99,MARKET_DATA,REAL
2026-03-22T20:18:34.793934,KXHIGHLAX (F),62.6,MARKET_DATA,REAL
2026-03-22T20:18:37.036116,KXHIGHCHI-26MAR22-T65 (Market),0.99,MARKET_DATA,REAL
2026-03-22T20:18:37.036787,KXHIGHCHI (F),33.8,MARKET_DATA,REAL
2026-03-22T20:18:39.330198,KXHIGHMIA-26MAR22-B81.5 (Market),0.99,MARKET_DATA,REAL
2026-03-22T20:18:39.330686,KXHIGHMIA (F),71.6,MARKET_DATA,REAL
2026-03-22T20:18:42.842037,BTC-USD (Coinbase),67873.04,MARKET_DATA,REAL
2026-03-22T20:18:42.962529,KXBTC15M-26MAR222130-30 (15m),0.56,MARKET_DATA,REAL
2026-03-22T20:18:45.029635,KXBTCD-26MAR2222-T67899.99 (1h),0.42,MARKET_DATA,REAL
2026-03-22T20:18:45.111016,KXBTCD-26MAR2222-T67699.99 (1h),0.71,MARKET_DATA,REAL
2026-03-22T20:18:45.195159,KXBTCD-26MAR2222-T68099.99 (1h),0.21,MARKET_DATA,REAL
2026-03-22T20:18:46.471318,KXHIGHNY-26MAR22-B62.5 (Market),0.99,MARKET_DATA,REAL
2026-03-22T20:18:46.471781,KXHIGHNY (F),51.98,MARKET_DATA,REAL
2026-03-22T20:18:48.740215,KXHIGHLAX-26MAR22-T75 (Market),0.99,MARKET_DATA,REAL
2026-03-22T20:18:48.740611,KXHIGHLAX (F),62.6,MARKET_DATA,REAL
2026-03-22T20:18:52.186209,KXHIGHCHI-26MAR22-T65 (Market),0.99,MARKET_DATA,REAL
2026-03-22T20:18:52.187100,KXHIGHCHI (F),33.8,MARKET_DATA,REAL
2026-03-22T20:18:56.128083,KXHIGHMIA-26MAR22-B81.5 (Market),0.99,MARKET_DATA,REAL
2026-03-22T20:18:56.128978,KXHIGHMIA (F),71.6,MARKET_DATA,REAL
2026-03-22T20:18:59.639707,BTC-USD (Coinbase),67879.35,MARKET_DATA,REAL
2026-03-22T20:18:59.728645,KXBTC15M-26MAR222130-30 (15m),0.62,MARKET_DATA,REAL
2026-03-22T20:19:01.939070,KXBTCD-26MAR2222-T67899.99 (1h),0.44,MARKET_DATA,REAL
2026-03-22T20:19:02.027794,KXBTCD-26MAR2222-T67699.99 (1h),0.73,MARKET_DATA,REAL
2026-03-22T20:19:02.121091,KXBTCD-26MAR2222-T68099.99 (1h),0.21,MARKET_DATA,REAL
2026-03-22T20:19:04.722645,KXHIGHNY-26MAR22-B62.5 (Market),0.99,MARKET_DATA,REAL
2026-03-22T20:19:04.723436,KXHIGHNY (F),51.98,MARKET_DATA,REAL
2026-03-22T20:19:08.178292,KXHIGHLAX-26MAR22-T75 (Market),0.99,MARKET_DATA,REAL
2026-03-22T20:19:08.179170,KXHIGHLAX (F),62.6,MARKET_DATA,REAL
2026-03-22T20:19:10.398291,KXHIGHCHI-26MAR22-T65 (Market),0.99,MARKET_DATA,REAL
2026-03-22T20:19:10.399124,KXHIGHCHI (F),33.8,MARKET_DATA,REAL
2026-03-22T20:19:12.580721,KXHIGHMIA-26MAR22-B81.5 (Market),0.99,MARKET_DATA,REAL
2026-03-22T20:19:12.581453,KXHIGHMIA (F),71.6,MARKET_DATA,REAL
2026-03-22T20:19:16.067885,BTC-USD (Coinbase),67935.63,MARKET_DATA,REAL
2026-03-22T20:19:16.239104,KXBTC15M-26MAR222130-30 (15m),0.73,MARKET_DATA,REAL
2026-03-22T20:19:18.327456,KXBTCD-26MAR2222-T67899.99 (1h),0.5,MARKET_DATA,REAL
2026-03-22T20:19:18.415404,KXBTCD-26MAR2222-T67699.99 (1h),0.77,MARKET_DATA,REAL
2026-03-22T20:19:18.504441,KXBTCD-26MAR2222-T68099.99 (1h),0.27,MARKET_DATA,REAL
2026-03-22T20:19:19.764818,KXHIGHNY-26MAR22-B62.5 (Market),0.99,MARKET_DATA,REAL
2026-03-22T20:19:19.765396,KXHIGHNY (F),51.98,MARKET_DATA,REAL
2026-03-22T20:19:21.966380,KXHIGHLAX-26MAR22-T75 (Market),0.99,MARKET_DATA,REAL
2026-03-22T20:19:21.967578,KXHIGHLAX (F),62.6,MARKET_DATA,REAL
2026-03-22T20:19:24.192275,KXHIGHCHI-26MAR22-T65 (Market),0.99,MARKET_DATA,REAL
2026-03-22T20:19:24.193392,KXHIGHCHI (F),33.8,MARKET_DATA,REAL
2026-03-22T20:19:26.411789,KXHIGHMIA-26MAR22-B81.5 (Market),0.99,MARKET_DATA,REAL
2026-03-22T20:19:26.412241,KXHIGHMIA (F),71.6,MARKET_DATA,REAL
2026-03-22T20:19:29.868369,BTC-USD (Coinbase),67970.7,MARKET_DATA,REAL
2026-03-22T20:19:29.960661,KXBTC15M-26MAR222130-30 (15m),0.77,MARKET_DATA,REAL
2026-03-22T20:19:32.169814,KXBTCD-26MAR2222-T67999.99 (1h),0.43,MARKET_DATA,REAL
2026-03-22T20:19:32.260517,KXBTCD-26MAR2222-T67799.99 (1h),0.7,MARKET_DATA,REAL
2026-03-22T20:19:32.344985,KXBTCD-26MAR2222-T68199.99 (1h),0.21,MARKET_DATA,REAL
2026-03-22T20:19:33.653384,KXHIGHNY-26MAR22-B62.5 (Market),0.99,MARKET_DATA,REAL
2026-03-22T20:19:33.653923,KXHIGHNY (F),51.98,MARKET_DATA,REAL
2026-03-22T20:19:35.839837,KXHIGHLAX-26MAR22-T75 (Market),0.99,MARKET_DATA,REAL
2026-03-22T20:19:35.840355,KXHIGHLAX (F),62.6,MARKET_DATA,REAL
2026-03-22T20:19:38.068253,KXHIGHCHI-26MAR22-T65 (Market),0.99,MARKET_DATA,REAL
2026-03-22T20:19:38.068961,KXHIGHCHI (F),33.8,MARKET_DATA,REAL
2026-03-22T20:19:40.314101,KXHIGHMIA-26MAR22-B81.5 (Market),0.99,MARKET_DATA,REAL
2026-03-22T20:19:40.316957,KXHIGHMIA (F),71.6,MARKET_DATA,REAL
2026-03-22T20:19:43.854846,BTC-USD (Coinbase),67966.98,MARKET_DATA,REAL
2026-03-22T20:19:43.938127,KXBTC15M-26MAR222130-30 (15m),0.76,MARKET_DATA,REAL
2026-03-22T20:19:46.114551,KXBTCD-26MAR2222-T67999.99 (1h),0.42,MARKET_DATA,REAL
2026-03-22T20:19:46.204461,KXBTCD-26MAR2222-T67799.99 (1h),0.69,MARKET_DATA,REAL
2026-03-22T20:19:46.293910,KXBTCD-26MAR2222-T68199.99 (1h),0.2,MARKET_DATA,REAL
2026-03-22T20:19:46.387384,KXBTCD-26MAR2222-T67999.99,0.44999999999999996,SIGNAL_BUY,EXECUTED
2026-03-22T20:19:47.536050,KXHIGHNY-26MAR22-B62.5 (Market),0.99,MARKET_DATA,REAL
2026-03-22T20:19:47.536989,KXHIGHNY (F),51.98,MARKET_DATA,REAL
2026-03-22T20:19:49.827415,KXHIGHLAX-26MAR22-T75 (Market),0.99,MARKET_DATA,REAL
2026-03-22T20:19:49.828234,KXHIGHLAX (F),62.6,MARKET_DATA,REAL
2026-03-22T20:19:52.013996,KXHIGHCHI-26MAR22-T65 (Market),0.99,MARKET_DATA,REAL
2026-03-22T20:19:52.014828,KXHIGHCHI (F),33.8,MARKET_DATA,REAL
2026-03-22T20:19:54.220414,KXHIGHMIA-26MAR22-B81.5 (Market),0.99,MARKET_DATA,REAL
2026-03-22T20:19:54.221303,KXHIGHMIA (F),71.6,MARKET_DATA,REAL
2026-03-22T20:19:57.796013,BTC-USD (Coinbase),67984.95,MARKET_DATA,REAL
2026-03-22T20:19:57.882195,KXBTC15M-26MAR222130-30 (15m),0.8,MARKET_DATA,REAL
2026-03-22T20:20:00.013212,KXBTCD-26MAR2222-T67999.99 (1h),0.45,MARKET_DATA,REAL
2026-03-22T20:20:00.103800,KXBTCD-26MAR2222-T67799.99 (1h),0.72,MARKET_DATA,REAL
2026-03-22T20:20:00.188350,KXBTCD-26MAR2222-T68199.99 (1h),0.2,MARKET_DATA,REAL
2026-03-22T20:20:01.453934,KXHIGHNY-26MAR22-B62.5 (Market),0.99,MARKET_DATA,REAL
2026-03-22T20:20:01.454544,KXHIGHNY (F),51.98,MARKET_DATA,REAL
2026-03-22T20:20:03.672101,KXHIGHLAX-26MAR22-T75 (Market),0.99,MARKET_DATA,REAL
2026-03-22T20:20:03.672887,KXHIGHLAX (F),62.6,MARKET_DATA,REAL
2026-03-22T20:20:06.919382,KXHIGHCHI-26MAR22-T65 (Market),0.99,MARKET_DATA,REAL
2026-03-22T20:20:06.919805,KXHIGHCHI (F),33.8,MARKET_DATA,REAL
2026-03-22T20:20:10.212023,KXHIGHMIA-26MAR22-B81.5 (Market),0.99,MARKET_DATA,REAL
2026-03-22T20:20:10.212415,KXHIGHMIA (F),71.6,MARKET_DATA,REAL
2026-03-22T20:20:13.749399,BTC-USD (Coinbase),68011.43,MARKET_DATA,REAL
2026-03-22T20:20:13.839511,KXBTC15M-26MAR222130-30 (15m),0.82,MARKET_DATA,REAL
2026-03-22T20:20:15.863582,KXBTCD-26MAR2222-T67999.99 (1h),0.5,MARKET_DATA,REAL
2026-03-22T20:20:15.951593,KXBTCD-26MAR2222-T67799.99 (1h),0.76,MARKET_DATA,REAL
2026-03-22T20:20:16.035550,KXBTCD-26MAR2222-T68199.99 (1h),0.25,MARKET_DATA,REAL
2026-03-22T20:20:18.367648,KXHIGHNY-26MAR22-B62.5 (Market),0.99,MARKET_DATA,REAL
2026-03-22T20:20:18.368764,KXHIGHNY (F),51.98,MARKET_DATA,REAL
2026-03-22T20:20:21.771597,KXHIGHLAX-26MAR22-T75 (Market),0.99,MARKET_DATA,REAL
2026-03-22T20:20:21.772372,KXHIGHLAX (F),62.6,MARKET_DATA,REAL
2026-03-22T20:20:23.979342,KXHIGHCHI-26MAR22-T65 (Market),0.99,MARKET_DATA,REAL
2026-03-22T20:20:23.979755,KXHIGHCHI (F),33.8,MARKET_DATA,REAL
2026-03-22T20:20:26.093971,KXHIGHMIA-26MAR22-B81.5 (Market),0.99,MARKET_DATA,REAL
2026-03-22T20:20:26.094880,KXHIGHMIA (F),71.6,MARKET_DATA,REAL
2026-03-22T20:20:29.619590,BTC-USD (Coinbase),68014.81,MARKET_DATA,REAL
2026-03-22T20:20:29.787347,KXBTC15M-26MAR222130-30 (15m),0.86,MARKET_DATA,REAL
2026-03-22T20:20:32.004356,KXBTCD-26MAR2222-T67999.99 (1h),0.52,MARKET_DATA,REAL
2026-03-22T20:20:32.094442,KXBTCD-26MAR2222-T67799.99 (1h),0.79,MARKET_DATA,REAL
2026-03-22T20:20:32.193863,KXBTCD-26MAR2222-T68199.99 (1h),0.28,MARKET_DATA,REAL
2026-03-22T20:20:33.474583,KXHIGHNY-26MAR22-B62.5 (Market),0.99,MARKET_DATA,REAL
2026-03-22T20:20:33.476454,KXHIGHNY (F),51.98,MARKET_DATA,REAL
2026-03-22T20:20:35.637263,KXHIGHLAX-26MAR22-T75 (Market),0.99,MARKET_DATA,REAL
2026-03-22T20:20:35.638075,KXHIGHLAX (F),62.6,MARKET_DATA,REAL
2026-03-22T20:20:37.855251,KXHIGHCHI-26MAR22-T65 (Market),0.99,MARKET_DATA,REAL
2026-03-22T20:20:37.855784,KXHIGHCHI (F),33.8,MARKET_DATA,REAL
2026-03-22T20:20:40.074900,KXHIGHMIA-26MAR22-B81.5 (Market),0.99,MARKET_DATA,REAL
2026-03-22T20:20:40.075861,KXHIGHMIA (F),71.6,MARKET_DATA,REAL
2026-03-22T20:20:43.589310,BTC-USD (Coinbase),68008.67,MARKET_DATA,REAL
2026-03-22T20:20:43.678504,KXBTC15M-26MAR222130-30 (15m),0.85,MARKET_DATA,REAL
2026-03-22T20:20:45.787865,KXBTCD-26MAR2222-T67999.99 (1h),0.48,MARKET_DATA,REAL
2026-03-22T20:20:45.878173,KXBTCD-26MAR2222-T67799.99 (1h),0.79,MARKET_DATA,REAL
2026-03-22T20:20:45.964355,KXBTCD-26MAR2222-T68199.99 (1h),0.27,MARKET_DATA,REAL
2026-03-22T20:20:47.386504,KXHIGHNY-26MAR22-B62.5 (Market),0.99,MARKET_DATA,REAL
2026-03-22T20:20:47.387272,KXHIGHNY (F),51.98,MARKET_DATA,REAL
2026-03-22T20:20:49.722901,KXHIGHLAX-26MAR22-T75 (Market),0.99,MARKET_DATA,REAL
2026-03-22T20:20:49.723755,KXHIGHLAX (F),62.6,MARKET_DATA,REAL
2026-03-22T20:20:52.019465,KXHIGHCHI-26MAR22-T65 (Market),0.99,MARKET_DATA,REAL
2026-03-22T20:20:52.019988,KXHIGHCHI (F),33.8,MARKET_DATA,REAL
2026-03-22T20:20:54.376805,KXHIGHMIA-26MAR22-B81.5 (Market),0.99,MARKET_DATA,REAL
2026-03-22T20:20:54.377739,KXHIGHMIA (F),71.6,MARKET_DATA,REAL
2026-03-22T20:20:57.919042,BTC-USD (Coinbase),67992.57,MARKET_DATA,REAL
2026-03-22T20:20:58.057530,KXBTC15M-26MAR222130-30 (15m),0.83,MARKET_DATA,REAL
2026-03-22T20:21:00.207438,KXBTCD-26MAR2222-T67999.99 (1h),0.5,MARKET_DATA,REAL
2026-03-22T20:21:00.299842,KXBTCD-26MAR2222-T67799.99 (1h),0.74,MARKET_DATA,REAL
2026-03-22T20:21:00.390854,KXBTCD-26MAR2222-T68199.99 (1h),0.21,MARKET_DATA,REAL
2026-03-22T20:21:01.790731,KXHIGHNY-26MAR22-B62.5 (Market),0.99,MARKET_DATA,REAL
2026-03-22T20:21:01.791604,KXHIGHNY (F),51.98,MARKET_DATA,REAL
2026-03-22T20:21:04.090605,KXHIGHLAX-26MAR22-T75 (Market),0.99,MARKET_DATA,REAL
2026-03-22T20:21:04.091635,KXHIGHLAX (F),62.6,MARKET_DATA,REAL
2026-03-22T20:21:06.313442,KXHIGHCHI-26MAR22-T65 (Market),0.99,MARKET_DATA,REAL
2026-03-22T20:21:06.313835,KXHIGHCHI (F),33.8,MARKET_DATA,REAL
2026-03-22T20:21:08.557857,KXHIGHMIA-26MAR22-B81.5 (Market),0.99,MARKET_DATA,REAL
2026-03-22T20:21:08.558778,KXHIGHMIA (F),71.6,MARKET_DATA,REAL
2026-03-22T20:21:12.063558,BTC-USD (Coinbase),67967.54,MARKET_DATA,REAL
2026-03-22T20:21:12.149580,KXBTC15M-26MAR222130-30 (15m),0.78,MARKET_DATA,REAL
2026-03-22T20:21:12.155049,KXBTC15M-26MAR222130-30,0.82,SIGNAL_BUY,EXECUTED
2026-03-22T20:21:14.155925,KXBTCD-26MAR2222-T67999.99 (1h),0.44,MARKET_DATA,REAL
2026-03-22T20:21:14.241797,KXBTCD-26MAR2222-T67799.99 (1h),0.71,MARKET_DATA,REAL
2026-03-22T20:21:14.334191,KXBTCD-26MAR2222-T68199.99 (1h),0.2,MARKET_DATA,REAL
2026-03-22T20:21:15.519641,KXHIGHNY-26MAR22-B62.5 (Market),0.99,MARKET_DATA,REAL
2026-03-22T20:21:15.520032,KXHIGHNY (F),51.98,MARKET_DATA,REAL
2026-03-22T20:21:17.730652,KXHIGHLAX-26MAR22-T75 (Market),0.99,MARKET_DATA,REAL
2026-03-22T20:21:17.731840,KXHIGHLAX (F),62.6,MARKET_DATA,REAL
2026-03-22T20:21:21.257033,KXHIGHCHI-26MAR22-T65 (Market),0.99,MARKET_DATA,REAL
2026-03-22T20:21:21.257973,KXHIGHCHI (F),33.8,MARKET_DATA,REAL
2026-03-22T20:21:24.679097,KXHIGHMIA-26MAR22-B81.5 (Market),0.99,MARKET_DATA,REAL
2026-03-22T20:21:24.679923,KXHIGHMIA (F),71.6,MARKET_DATA,REAL
2026-03-22T20:21:28.454206,BTC-USD (Coinbase),67915.71,MARKET_DATA,REAL
2026-03-22T20:21:28.545428,KXBTC15M-26MAR222130-30 (15m),0.71,MARKET_DATA,REAL
2026-03-22T20:21:31.113520,KXBTCD-26MAR2222-T67899.99 (1h),0.54,MARKET_DATA,REAL
2026-03-22T20:21:31.199719,KXBTCD-26MAR2222-T67699.99 (1h),0.76,MARKET_DATA,REAL
2026-03-22T20:21:31.351611,KXBTCD-26MAR2222-T68099.99 (1h),0.26,MARKET_DATA,REAL
2026-03-22T20:21:34.542577,KXHIGHNY-26MAR22-B62.5 (Market),0.99,MARKET_DATA,REAL
2026-03-22T20:21:34.543061,KXHIGHNY (F),51.98,MARKET_DATA,REAL
2026-03-22T20:21:38.047570,KXHIGHLAX-26MAR22-T75 (Market),0.99,MARKET_DATA,REAL
2026-03-22T20:21:38.048448,KXHIGHLAX (F),62.6,MARKET_DATA,REAL
2026-03-22T20:21:40.715532,KXHIGHCHI-26MAR22-T65 (Market),0.99,MARKET_DATA,REAL
2026-03-22T20:21:40.716961,KXHIGHCHI (F),33.8,MARKET_DATA,REAL
2026-03-22T20:21:43.395638,KXHIGHMIA-26MAR22-B81.5 (Market),0.99,MARKET_DATA,REAL
2026-03-22T20:21:43.396467,KXHIGHMIA (F),71.6,MARKET_DATA,REAL
2026-03-22T20:21:47.138483,BTC-USD (Coinbase),67874.05,MARKET_DATA,REAL
2026-03-22T20:21:47.301863,KXBTC15M-26MAR222130-30 (15m),0.61,MARKET_DATA,REAL
2026-03-22T20:21:49.909704,KXBTCD-26MAR2222-T67899.99 (1h),0.46,MARKET_DATA,REAL
2026-03-22T20:21:50.005153,KXBTCD-26MAR2222-T67699.99 (1h),0.72,MARKET_DATA,REAL
2026-03-22T20:21:50.095291,KXBTCD-26MAR2222-T68099.99 (1h),0.21,MARKET_DATA,REAL
2026-03-22T20:21:51.932621,KXHIGHNY-26MAR22-B62.5 (Market),0.99,MARKET_DATA,REAL
2026-03-22T20:21:51.933777,KXHIGHNY (F),51.98,MARKET_DATA,REAL
2026-03-22T20:21:54.479084,KXHIGHLAX-26MAR22-T75 (Market),0.99,MARKET_DATA,REAL
2026-03-22T20:21:54.480662,KXHIGHLAX (F),62.6,MARKET_DATA,REAL
2026-03-22T20:21:57.251269,KXHIGHCHI-26MAR22-T65 (Market),0.99,MARKET_DATA,REAL
2026-03-22T20:21:57.252015,KXHIGHCHI (F),33.8,MARKET_DATA,REAL
2026-03-22T20:21:59.954870,KXHIGHMIA-26MAR22-B81.5 (Market),0.99,MARKET_DATA,REAL
2026-03-22T20:21:59.956434,KXHIGHMIA (F),71.6,MARKET_DATA,REAL
2026-03-22T20:22:03.611088,BTC-USD (Coinbase),67875.49,MARKET_DATA,REAL
2026-03-22T20:22:03.703680,KXBTC15M-26MAR222130-30 (15m),0.58,MARKET_DATA,REAL
2026-03-22T20:22:06.242800,KXBTCD-26MAR2222-T67899.99 (1h),0.43,MARKET_DATA,REAL
2026-03-22T20:22:06.331101,KXBTCD-26MAR2222-T67699.99 (1h),0.71,MARKET_DATA,REAL
2026-03-22T20:22:06.419262,KXBTCD-26MAR2222-T68099.99 (1h),0.19,MARKET_DATA,REAL
2026-03-22T20:22:08.194736,KXHIGHNY-26MAR22-B62.5 (Market),0.99,MARKET_DATA,REAL
2026-03-22T20:22:08.195430,KXHIGHNY (F),51.98,MARKET_DATA,REAL
2026-03-22T20:22:10.602596,KXHIGHLAX-26MAR22-T75 (Market),0.99,MARKET_DATA,REAL
2026-03-22T20:22:10.604170,KXHIGHLAX (F),62.6,MARKET_DATA,REAL
2026-03-22T20:22:13.393978,KXHIGHCHI-26MAR22-T65 (Market),0.99,MARKET_DATA,REAL
2026-03-22T20:22:13.395540,KXHIGHCHI (F),33.8,MARKET_DATA,REAL
2026-03-22T20:22:16.216239,KXHIGHMIA-26MAR22-B81.5 (Market),0.99,MARKET_DATA,REAL
2026-03-22T20:22:16.217462,KXHIGHMIA (F),71.6,MARKET_DATA,REAL
2026-03-22T20:22:19.913856,BTC-USD (Coinbase),67894.6,MARKET_DATA,REAL
2026-03-22T20:22:20.005597,KXBTC15M-26MAR222130-30 (15m),0.63,MARKET_DATA,REAL
2026-03-22T20:22:22.390322,KXBTCD-26MAR2222-T67899.99 (1h),0.43,MARKET_DATA,REAL
2026-03-22T20:22:22.484809,KXBTCD-26MAR2222-T67699.99 (1h),0.74,MARKET_DATA,REAL
2026-03-22T20:22:22.582339,KXBTCD-26MAR2222-T68099.99 (1h),0.23,MARKET_DATA,REAL
2026-03-22T20:22:24.472761,KXHIGHNY-26MAR22-B62.5 (Market),0.99,MARKET_DATA,REAL
2026-03-22T20:22:24.473053,KXHIGHNY (F),51.98,MARKET_DATA,REAL
2026-03-22T20:22:27.183711,KXHIGHLAX-26MAR22-T75 (Market),0.99,MARKET_DATA,REAL
2026-03-22T20:22:27.184832,KXHIGHLAX (F),62.6,MARKET_DATA,REAL
2026-03-22T20:22:31.208709,KXHIGHCHI-26MAR22-T65 (Market),0.99,MARKET_DATA,REAL
2026-03-22T20:22:31.210294,KXHIGHCHI (F),33.8,MARKET_DATA,REAL
2026-03-22T20:22:35.092226,KXHIGHMIA-26MAR22-B81.5 (Market),0.99,MARKET_DATA,REAL
2026-03-22T20:22:35.092748,KXHIGHMIA (F),71.6,MARKET_DATA,REAL
2026-03-22T20:22:38.594217,BTC-USD (Coinbase),67931.39,MARKET_DATA,REAL
2026-03-22T20:22:38.689692,KXBTC15M-26MAR222130-30 (15m),0.76,MARKET_DATA,REAL
2026-03-22T20:22:40.879882,KXBTCD-26MAR2222-T67899.99 (1h),0.51,MARKET_DATA,REAL
2026-03-22T20:22:40.967935,KXBTCD-26MAR2222-T67699.99 (1h),0.78,MARKET_DATA,REAL
2026-03-22T20:22:41.051386,KXBTCD-26MAR2222-T68099.99 (1h),0.27,MARKET_DATA,REAL
2026-03-22T20:22:43.540476,KXHIGHNY-26MAR22-B62.5 (Market),0.99,MARKET_DATA,REAL
2026-03-22T20:22:43.541527,KXHIGHNY (F),51.98,MARKET_DATA,REAL
2026-03-22T20:22:46.948154,KXHIGHLAX-26MAR22-T75 (Market),0.99,MARKET_DATA,REAL
2026-03-22T20:22:46.948630,KXHIGHLAX (F),62.6,MARKET_DATA,REAL
2026-03-22T20:22:49.062722,KXHIGHCHI-26MAR22-T65 (Market),0.99,MARKET_DATA,REAL
2026-03-22T20:22:49.063153,KXHIGHCHI (F),33.8,MARKET_DATA,REAL
2026-03-22T20:22:51.144139,KXHIGHMIA-26MAR22-B81.5 (Market),0.99,MARKET_DATA,REAL
2026-03-22T20:22:51.144760,KXHIGHMIA (F),71.6,MARKET_DATA,REAL
2026-03-22T20:22:54.595810,BTC-USD (Coinbase),68017.88,MARKET_DATA,REAL
2026-03-22T20:22:54.762186,KXBTC15M-26MAR222130-30 (15m),0.78,MARKET_DATA,REAL
2026-03-22T20:22:56.759809,KXBTCD-26MAR2222-T67999.99 (1h),0.39,MARKET_DATA,REAL
2026-03-22T20:22:56.844513,KXBTCD-26MAR2222-T67799.99 (1h),0.74,MARKET_DATA,REAL
2026-03-22T20:22:56.928542,KXBTCD-26MAR2222-T68199.99 (1h),0.2,MARKET_DATA,REAL
2026-03-22T20:22:58.158650,KXHIGHNY-26MAR22-B62.5 (Market),0.99,MARKET_DATA,REAL
2026-03-22T20:22:58.159156,KXHIGHNY (F),51.98,MARKET_DATA,REAL
2026-03-22T20:23:00.336784,KXHIGHLAX-26MAR22-T75 (Market),0.99,MARKET_DATA,REAL
2026-03-22T20:23:00.337655,KXHIGHLAX (F),62.6,MARKET_DATA,REAL
2026-03-22T20:23:02.508764,KXHIGHCHI-26MAR22-T65 (Market),0.99,MARKET_DATA,REAL
2026-03-22T20:23:02.509473,KXHIGHCHI (F),33.8,MARKET_DATA,REAL
2026-03-22T20:23:04.718819,KXHIGHMIA-26MAR22-B81.5 (Market),0.99,MARKET_DATA,REAL
2026-03-22T20:23:04.720107,KXHIGHMIA (F),71.6,MARKET_DATA,REAL
2026-03-22T20:23:08.185546,BTC-USD (Coinbase),68071.97,MARKET_DATA,REAL
2026-03-22T20:23:08.327594,KXBTC15M-26MAR222130-30 (15m),0.93,MARKET_DATA,REAL
2026-03-22T20:23:10.500328,KXBTCD-26MAR2222-T68099.99 (1h),0.36,MARKET_DATA,REAL
2026-03-22T20:23:10.586130,KXBTCD-26MAR2222-T67899.99 (1h),0.68,MARKET_DATA,REAL
2026-03-22T20:23:10.670478,KXBTCD-26MAR2222-T68299.99 (1h),0.22,MARKET_DATA,REAL
2026-03-22T20:23:11.928245,KXHIGHNY-26MAR22-B62.5 (Market),0.99,MARKET_DATA,REAL
2026-03-22T20:23:11.928684,KXHIGHNY (F),51.98,MARKET_DATA,REAL
2026-03-22T20:23:14.051339,KXHIGHLAX-26MAR22-T75 (Market),0.99,MARKET_DATA,REAL
2026-03-22T20:23:14.052080,KXHIGHLAX (F),62.6,MARKET_DATA,REAL
2026-03-22T20:23:16.175782,KXHIGHCHI-26MAR22-T65 (Market),0.99,MARKET_DATA,REAL
2026-03-22T20:23:16.176227,KXHIGHCHI (F),33.8,MARKET_DATA,REAL
2026-03-22T20:23:18.287882,KXHIGHMIA-26MAR22-B81.5 (Market),0.99,MARKET_DATA,REAL
2026-03-22T20:23:18.288270,KXHIGHMIA (F),71.6,MARKET_DATA,REAL
2026-03-22T20:23:21.760065,BTC-USD (Coinbase),68048.59,MARKET_DATA,REAL
2026-03-22T20:23:21.887430,KXBTC15M-26MAR222130-30 (15m),0.934,MARKET_DATA,REAL
2026-03-22T20:23:23.939866,KXBTCD-26MAR2222-T68099.99 (1h),0.4,MARKET_DATA,REAL
2026-03-22T20:23:24.027278,KXBTCD-26MAR2222-T67899.99 (1h),0.65,MARKET_DATA,REAL
2026-03-22T20:23:24.113422,KXBTCD-26MAR2222-T68299.99 (1h),0.2,MARKET_DATA,REAL
2026-03-22T20:23:25.357499,KXHIGHNY-26MAR22-B62.5 (Market),0.99,MARKET_DATA,REAL
2026-03-22T20:23:25.358068,KXHIGHNY (F),51.98,MARKET_DATA,REAL
2026-03-22T20:23:27.581110,KXHIGHLAX-26MAR22-T75 (Market),0.99,MARKET_DATA,REAL
2026-03-22T20:23:27.581508,KXHIGHLAX (F),62.6,MARKET_DATA,REAL
2026-03-22T20:23:30.400870,KXHIGHCHI-26MAR22-T65 (Market),0.99,MARKET_DATA,REAL
2026-03-22T20:23:30.401509,KXHIGHCHI (F),33.8,MARKET_DATA,REAL
2026-03-22T20:23:33.661111,KXHIGHMIA-26MAR22-B81.5 (Market),0.99,MARKET_DATA,REAL
2026-03-22T20:23:33.661539,KXHIGHMIA (F),71.6,MARKET_DATA,REAL
2026-03-22T20:23:37.101687,BTC-USD (Coinbase),68075.69,MARKET_DATA,REAL
2026-03-22T20:23:37.208965,KXBTC15M-26MAR222130-30 (15m),0.941,MARKET_DATA,REAL
2026-03-22T20:23:39.245712,KXBTCD-26MAR2222-T68099.99 (1h),0.43,MARKET_DATA,REAL
2026-03-22T20:23:39.329396,KXBTCD-26MAR2222-T67899.99 (1h),0.68,MARKET_DATA,REAL
2026-03-22T20:23:39.414598,KXBTCD-26MAR2222-T68299.99 (1h),0.23,MARKET_DATA,REAL
2026-03-22T20:23:41.112886,KXHIGHNY-26MAR22-B62.5 (Market),0.99,MARKET_DATA,REAL
2026-03-22T20:23:41.113350,KXHIGHNY (F),51.98,MARKET_DATA,REAL
2026-03-22T20:23:44.897151,KXHIGHLAX-26MAR22-T75 (Market),0.99,MARKET_DATA,REAL
2026-03-22T20:23:44.898543,KXHIGHLAX (F),62.6,MARKET_DATA,REAL
2026-03-22T20:23:48.246435,KXHIGHCHI-26MAR22-T65 (Market),0.99,MARKET_DATA,REAL
2026-03-22T20:23:48.247043,KXHIGHCHI (F),33.8,MARKET_DATA,REAL
2026-03-22T20:23:51.783456,KXHIGHMIA-26MAR22-B81.5 (Market),0.99,MARKET_DATA,REAL
2026-03-22T20:23:51.783982,KXHIGHMIA (F),71.6,MARKET_DATA,REAL
2026-03-22T20:23:55.405978,BTC-USD (Coinbase),68068.0,MARKET_DATA,REAL
2026-03-22T20:23:55.581492,KXBTC15M-26MAR222130-30 (15m),0.954,MARKET_DATA,REAL
2026-03-22T20:23:57.713872,KXBTCD-26MAR2222-T68099.99 (1h),0.43,MARKET_DATA,REAL
2026-03-22T20:23:57.803375,KXBTCD-26MAR2222-T67899.99 (1h),0.67,MARKET_DATA,REAL
2026-03-22T20:23:57.887924,KXBTCD-26MAR2222-T68299.99 (1h),0.21,MARKET_DATA,REAL
2026-03-22T20:24:00.300337,KXHIGHNY-26MAR22-B62.5 (Market),0.99,MARKET_DATA,REAL
2026-03-22T20:24:00.300869,KXHIGHNY (F),51.98,MARKET_DATA,REAL
2026-03-22T20:24:03.592790,KXHIGHLAX-26MAR22-T75 (Market),0.99,MARKET_DATA,REAL
2026-03-22T20:24:03.593274,KXHIGHLAX (F),62.6,MARKET_DATA,REAL
2026-03-22T20:24:05.778890,KXHIGHCHI-26MAR22-T65 (Market),0.99,MARKET_DATA,REAL
2026-03-22T20:24:05.780015,KXHIGHCHI (F),33.8,MARKET_DATA,REAL
2026-03-22T20:24:07.910324,KXHIGHMIA-26MAR22-B81.5 (Market),0.99,MARKET_DATA,REAL
2026-03-22T20:24:07.910762,KXHIGHMIA (F),71.6,MARKET_DATA,REAL
2026-03-22T20:24:11.388377,BTC-USD (Coinbase),68093.99,MARKET_DATA,REAL
2026-03-22T20:24:11.476806,KXBTC15M-26MAR222130-30 (15m),0.969,MARKET_DATA,REAL
2026-03-22T20:24:13.650648,KXBTCD-26MAR2222-T68099.99 (1h),0.47,MARKET_DATA,REAL
2026-03-22T20:24:13.742353,KXBTCD-26MAR2222-T67899.99 (1h),0.71,MARKET_DATA,REAL
2026-03-22T20:24:13.826387,KXBTCD-26MAR2222-T68299.99 (1h),0.23,MARKET_DATA,REAL
2026-03-22T20:24:15.093313,KXHIGHNY-26MAR22-B62.5 (Market),0.99,MARKET_DATA,REAL
2026-03-22T20:24:15.094214,KXHIGHNY (F),51.98,MARKET_DATA,REAL
2026-03-22T20:24:17.266718,KXHIGHLAX-26MAR22-T75 (Market),0.99,MARKET_DATA,REAL
2026-03-22T20:24:17.267413,KXHIGHLAX (F),62.6,MARKET_DATA,REAL
2026-03-22T20:24:19.434243,KXHIGHCHI-26MAR22-T65 (Market),0.99,MARKET_DATA,REAL
2026-03-22T20:24:19.435269,KXHIGHCHI (F),33.8,MARKET_DATA,REAL
2026-03-22T20:24:21.606709,KXHIGHMIA-26MAR22-B81.5 (Market),0.99,MARKET_DATA,REAL
2026-03-22T20:24:21.607143,KXHIGHMIA (F),71.6,MARKET_DATA,REAL
2026-03-22T20:24:25.166052,BTC-USD (Coinbase),68084.11,MARKET_DATA,REAL
2026-03-22T20:24:25.254606,KXBTC15M-26MAR222130-30 (15m),0.974,MARKET_DATA,REAL
2026-03-22T20:24:27.315684,KXBTCD-26MAR2222-T68099.99 (1h),0.46,MARKET_DATA,REAL
2026-03-22T20:24:27.398726,KXBTCD-26MAR2222-T67899.99 (1h),0.71,MARKET_DATA,REAL
2026-03-22T20:24:27.490343,KXBTCD-26MAR2222-T68299.99 (1h),0.21,MARKET_DATA,REAL
2026-03-22T20:24:28.724497,KXHIGHNY-26MAR22-B62.5 (Market),0.99,MARKET_DATA,REAL
2026-03-22T20:24:28.724860,KXHIGHNY (F),51.98,MARKET_DATA,REAL
2026-03-22T20:24:30.863133,KXHIGHLAX-26MAR22-T75 (Market),0.99,MARKET_DATA,REAL
2026-03-22T20:24:30.863519,KXHIGHLAX (F),62.6,MARKET_DATA,REAL
2026-03-22T20:24:33.035691,KXHIGHCHI-26MAR22-T65 (Market),0.99,MARKET_DATA,REAL
2026-03-22T20:24:33.036154,KXHIGHCHI (F),33.8,MARKET_DATA,REAL
2026-03-22T20:24:35.170792,KXHIGHMIA-26MAR22-B81.5 (Market),0.99,MARKET_DATA,REAL
2026-03-22T20:24:35.171697,KXHIGHMIA (F),71.6,MARKET_DATA,REAL
2026-03-22T20:24:38.699816,BTC-USD (Coinbase),68094.95,MARKET_DATA,REAL
2026-03-22T20:24:38.813704,KXBTC15M-26MAR222130-30 (15m),0.971,MARKET_DATA,REAL
2026-03-22T20:24:40.925685,KXBTCD-26MAR2222-T68099.99 (1h),0.45,MARKET_DATA,REAL
2026-03-22T20:24:41.010585,KXBTCD-26MAR2222-T67899.99 (1h),0.71,MARKET_DATA,REAL
2026-03-22T20:24:41.092992,KXBTCD-26MAR2222-T68299.99 (1h),0.21,MARKET_DATA,REAL
2026-03-22T20:24:42.354681,KXHIGHNY-26MAR22-B62.5 (Market),0.99,MARKET_DATA,REAL
2026-03-22T20:24:42.355252,KXHIGHNY (F),51.98,MARKET_DATA,REAL
2026-03-22T20:24:44.502598,KXHIGHLAX-26MAR22-T75 (Market),0.99,MARKET_DATA,REAL
2026-03-22T20:24:44.503485,KXHIGHLAX (F),62.6,MARKET_DATA,REAL
2026-03-22T20:24:46.627921,KXHIGHCHI-26MAR22-T65 (Market),0.99,MARKET_DATA,REAL
2026-03-22T20:24:46.628833,KXHIGHCHI (F),33.8,MARKET_DATA,REAL
2026-03-22T20:24:48.776707,KXHIGHMIA-26MAR22-B81.5 (Market),0.99,MARKET_DATA,REAL
2026-03-22T20:24:48.777129,KXHIGHMIA (F),71.6,MARKET_DATA,REAL
2026-03-22T20:24:52.226375,BTC-USD (Coinbase),68096.16,MARKET_DATA,REAL
2026-03-22T20:24:52.312654,KXBTC15M-26MAR222130-30 (15m),0.984,MARKET_DATA,REAL
2026-03-22T20:24:54.480602,KXBTCD-26MAR2222-T68099.99 (1h),0.47,MARKET_DATA,REAL
2026-03-22T20:24:54.564579,KXBTCD-26MAR2222-T67899.99 (1h),0.73,MARKET_DATA,REAL
2026-03-22T20:24:54.658435,KXBTCD-26MAR2222-T68299.99 (1h),0.22,MARKET_DATA,REAL
2026-03-22T20:24:55.884728,KXHIGHNY-26MAR22-B62.5 (Market),0.99,MARKET_DATA,REAL
2026-03-22T20:24:55.885317,KXHIGHNY (F),51.98,MARKET_DATA,REAL
2026-03-22T20:24:58.023267,KXHIGHLAX-26MAR22-T75 (Market),0.99,MARKET_DATA,REAL
2026-03-22T20:24:58.024393,KXHIGHLAX (F),62.6,MARKET_DATA,REAL
2026-03-22T20:25:01.422509,KXHIGHCHI-26MAR22-T65 (Market),0.99,MARKET_DATA,REAL
2026-03-22T20:25:01.423309,KXHIGHCHI (F),33.8,MARKET_DATA,REAL
2026-03-22T20:25:04.654966,KXHIGHMIA-26MAR22-B81.5 (Market),0.99,MARKET_DATA,REAL
2026-03-22T20:25:04.655414,KXHIGHMIA (F),71.6,MARKET_DATA,REAL
2026-03-22T20:25:08.163008,BTC-USD (Coinbase),68106.25,MARKET_DATA,REAL
2026-03-22T20:25:08.323599,KXBTC15M-26MAR222130-30 (15m),0.987,MARKET_DATA,REAL
2026-03-22T20:25:10.425063,KXBTCD-26MAR2222-T68099.99 (1h),0.48,MARKET_DATA,REAL
2026-03-22T20:25:10.519978,KXBTCD-26MAR2222-T67899.99 (1h),0.73,MARKET_DATA,REAL
2026-03-22T20:25:10.606079,KXBTCD-26MAR2222-T68299.99 (1h),0.22,MARKET_DATA,REAL
2026-03-22T20:25:10.702009,KXBTCD-26MAR2222-T68099.99,0.49,SIGNAL_BUY,EXECUTED
2026-03-22T20:25:13.033375,KXHIGHNY-26MAR22-B62.5 (Market),0.99,MARKET_DATA,REAL
2026-03-22T20:25:13.033948,KXHIGHNY (F),51.98,MARKET_DATA,REAL
2026-03-22T20:25:16.346536,KXHIGHLAX-26MAR22-T75 (Market),0.99,MARKET_DATA,REAL
2026-03-22T20:25:16.347518,KXHIGHLAX (F),62.6,MARKET_DATA,REAL
2026-03-22T20:25:18.494939,KXHIGHCHI-26MAR22-T65 (Market),0.99,MARKET_DATA,REAL
2026-03-22T20:25:18.495558,KXHIGHCHI (F),33.8,MARKET_DATA,REAL
2026-03-22T20:25:20.658612,KXHIGHMIA-26MAR22-B81.5 (Market),0.99,MARKET_DATA,REAL
2026-03-22T20:25:20.659692,KXHIGHMIA (F),71.6,MARKET_DATA,REAL
2026-03-22T20:25:24.249011,BTC-USD (Coinbase),68087.26,MARKET_DATA,REAL
2026-03-22T20:25:24.331947,KXBTC15M-26MAR222130-30 (15m),0.991,MARKET_DATA,REAL
2026-03-22T20:25:26.385971,KXBTCD-26MAR2222-T68099.99 (1h),0.48,MARKET_DATA,REAL
2026-03-22T20:25:26.473772,KXBTCD-26MAR2222-T67899.99 (1h),0.73,MARKET_DATA,REAL
2026-03-22T20:25:26.575309,KXBTCD-26MAR2222-T68299.99 (1h),0.21,MARKET_DATA,REAL
2026-03-22T20:25:27.814695,KXHIGHNY-26MAR22-B62.5 (Market),0.99,MARKET_DATA,REAL
2026-03-22T20:25:27.815766,KXHIGHNY (F),51.98,MARKET_DATA,REAL
2026-03-22T20:25:30.037935,KXHIGHLAX-26MAR22-T75 (Market),0.99,MARKET_DATA,REAL
2026-03-22T20:25:30.038398,KXHIGHLAX (F),62.6,MARKET_DATA,REAL
2026-03-22T20:25:32.162038,KXHIGHCHI-26MAR22-T65 (Market),0.99,MARKET_DATA,REAL
2026-03-22T20:25:32.162525,KXHIGHCHI (F),33.8,MARKET_DATA,REAL
2026-03-22T20:25:34.294059,KXHIGHMIA-26MAR22-B81.5 (Market),0.99,MARKET_DATA,REAL
2026-03-22T20:25:34.294679,KXHIGHMIA (F),71.6,MARKET_DATA,REAL
2026-03-22T20:25:37.823608,BTC-USD (Coinbase),68102.69,MARKET_DATA,REAL
2026-03-22T20:25:37.911396,KXBTC15M-26MAR222130-30 (15m),0.989,MARKET_DATA,REAL
2026-03-22T20:25:40.057465,KXBTCD-26MAR2222-T68099.99 (1h),0.48,MARKET_DATA,REAL
2026-03-22T20:25:40.147239,KXBTCD-26MAR2222-T67899.99 (1h),0.74,MARKET_DATA,REAL
2026-03-22T20:25:40.234357,KXBTCD-26MAR2222-T68299.99 (1h),0.22,MARKET_DATA,REAL
2026-03-22T20:25:41.431210,KXHIGHNY-26MAR22-B62.5 (Market),0.99,MARKET_DATA,REAL
2026-03-22T20:25:41.432145,KXHIGHNY (F),51.98,MARKET_DATA,REAL
2026-03-22T20:25:43.595589,KXHIGHLAX-26MAR22-T75 (Market),0.99,MARKET_DATA,REAL
2026-03-22T20:25:43.596514,KXHIGHLAX (F),62.6,MARKET_DATA,REAL
2026-03-22T20:25:45.813937,KXHIGHCHI-26MAR22-T65 (Market),0.99,MARKET_DATA,REAL
2026-03-22T20:25:45.814654,KXHIGHCHI (F),33.8,MARKET_DATA,REAL
2026-03-22T20:25:47.958172,KXHIGHMIA-26MAR22-B81.5 (Market),0.99,MARKET_DATA,REAL
2026-03-22T20:25:47.958983,KXHIGHMIA (F),71.6,MARKET_DATA,REAL
2026-03-22T20:25:51.563941,BTC-USD (Coinbase),68110.31,MARKET_DATA,REAL
2026-03-22T20:25:51.650206,KXBTC15M-26MAR222130-30 (15m),0.995,MARKET_DATA,REAL
2026-03-22T20:25:53.685995,KXBTCD-26MAR2222-T68099.99 (1h),0.48,MARKET_DATA,REAL
2026-03-22T20:25:53.773939,KXBTCD-26MAR2222-T67899.99 (1h),0.74,MARKET_DATA,REAL
2026-03-22T20:25:53.862365,KXBTCD-26MAR2222-T68299.99 (1h),0.23,MARKET_DATA,REAL
2026-03-22T20:25:55.070250,KXHIGHNY-26MAR22-B62.5 (Market),0.99,MARKET_DATA,REAL
2026-03-22T20:25:55.071194,KXHIGHNY (F),51.98,MARKET_DATA,REAL
2026-03-22T20:25:57.221621,KXHIGHLAX-26MAR22-T75 (Market),0.99,MARKET_DATA,REAL
2026-03-22T20:25:57.222260,KXHIGHLAX (F),62.6,MARKET_DATA,REAL
2026-03-22T20:25:59.360116,KXHIGHCHI-26MAR22-T65 (Market),0.99,MARKET_DATA,REAL
2026-03-22T20:25:59.360678,KXHIGHCHI (F),33.8,MARKET_DATA,REAL
2026-03-22T20:26:01.869404,KXHIGHMIA-26MAR22-B81.5 (Market),0.99,MARKET_DATA,REAL
2026-03-22T20:26:01.870082,KXHIGHMIA (F),71.6,MARKET_DATA,REAL
2026-03-22T20:26:05.406679,BTC-USD (Coinbase),68113.27,MARKET_DATA,REAL
2026-03-22T20:26:05.494902,KXBTC15M-26MAR222130-30 (15m),0.995,MARKET_DATA,REAL
2026-03-22T20:26:07.557514,KXBTCD-26MAR2222-T68099.99 (1h),0.49,MARKET_DATA,REAL
2026-03-22T20:26:07.644010,KXBTCD-26MAR2222-T67899.99 (1h),0.74,MARKET_DATA,REAL
2026-03-22T20:26:07.731353,KXBTCD-26MAR2222-T68299.99 (1h),0.23,MARKET_DATA,REAL
2026-03-22T20:26:09.670732,KXHIGHNY-26MAR22-B62.5 (Market),0.99,MARKET_DATA,REAL
2026-03-22T20:26:09.671784,KXHIGHNY (F),51.98,MARKET_DATA,REAL
2026-03-22T20:26:12.125944,KXHIGHLAX-26MAR22-T75 (Market),0.99,MARKET_DATA,REAL
2026-03-22T20:26:12.126562,KXHIGHLAX (F),62.6,MARKET_DATA,REAL
2026-03-22T20:26:16.044292,KXHIGHCHI-26MAR22-T65 (Market),0.99,MARKET_DATA,REAL
2026-03-22T20:26:16.045617,KXHIGHCHI (F),33.8,MARKET_DATA,REAL
2026-03-22T20:26:19.415846,KXHIGHMIA-26MAR22-B81.5 (Market),0.99,MARKET_DATA,REAL
2026-03-22T20:26:19.416786,KXHIGHMIA (F),71.6,MARKET_DATA,REAL
2026-03-22T20:26:22.884848,BTC-USD (Coinbase),68105.41,MARKET_DATA,REAL
2026-03-22T20:26:23.052082,KXBTC15M-26MAR222130-30 (15m),0.996,MARKET_DATA,REAL
2026-03-22T20:26:25.038955,KXBTCD-26MAR2222-T68099.99 (1h),0.49,MARKET_DATA,REAL
2026-03-22T20:26:25.124206,KXBTCD-26MAR2222-T67899.99 (1h),0.75,MARKET_DATA,REAL
2026-03-22T20:26:25.216683,KXBTCD-26MAR2222-T68299.99 (1h),0.22,MARKET_DATA,REAL
2026-03-22T20:26:27.644719,KXHIGHNY-26MAR22-B62.5 (Market),0.99,MARKET_DATA,REAL
2026-03-22T20:26:27.645771,KXHIGHNY (F),51.98,MARKET_DATA,REAL
2026-03-22T20:26:31.011804,KXHIGHLAX-26MAR22-T75 (Market),0.99,MARKET_DATA,REAL
2026-03-22T20:26:31.013012,KXHIGHLAX (F),62.6,MARKET_DATA,REAL
2026-03-22T20:26:33.193826,KXHIGHCHI-26MAR22-T65 (Market),0.99,MARKET_DATA,REAL
2026-03-22T20:26:33.194274,KXHIGHCHI (F),33.8,MARKET_DATA,REAL
2026-03-22T20:26:35.356430,KXHIGHMIA-26MAR22-B81.5 (Market),0.99,MARKET_DATA,REAL
2026-03-22T20:26:35.357489,KXHIGHMIA (F),71.6,MARKET_DATA,REAL
2026-03-22T20:26:38.806953,BTC-USD (Coinbase),68107.61,MARKET_DATA,REAL
2026-03-22T20:26:38.895633,KXBTC15M-26MAR222130-30 (15m),0.995,MARKET_DATA,REAL
2026-03-22T20:26:41.116838,KXBTCD-26MAR2222-T68099.99 (1h),0.48,MARKET_DATA,REAL
2026-03-22T20:26:41.204561,KXBTCD-26MAR2222-T67899.99 (1h),0.76,MARKET_DATA,REAL
2026-03-22T20:26:41.293447,KXBTCD-26MAR2222-T68299.99 (1h),0.21,MARKET_DATA,REAL
2026-03-22T20:26:42.532532,KXHIGHNY-26MAR22-B62.5 (Market),0.99,MARKET_DATA,REAL
2026-03-22T20:26:42.532905,KXHIGHNY (F),51.98,MARKET_DATA,REAL
2026-03-22T20:26:44.691205,KXHIGHLAX-26MAR22-T75 (Market),0.99,MARKET_DATA,REAL
2026-03-22T20:26:44.691680,KXHIGHLAX (F),62.6,MARKET_DATA,REAL
2026-03-22T20:26:46.818481,KXHIGHCHI-26MAR22-T65 (Market),0.99,MARKET_DATA,REAL
2026-03-22T20:26:46.819399,KXHIGHCHI (F),33.8,MARKET_DATA,REAL
2026-03-22T20:26:48.948130,KXHIGHMIA-26MAR22-B81.5 (Market),0.99,MARKET_DATA,REAL
2026-03-22T20:26:48.948832,KXHIGHMIA (F),71.6,MARKET_DATA,REAL
2026-03-22T20:26:52.476059,BTC-USD (Coinbase),68090.0,MARKET_DATA,REAL
2026-03-22T20:26:52.562068,KXBTC15M-26MAR222130-30 (15m),0.994,MARKET_DATA,REAL
2026-03-22T20:26:54.751703,KXBTCD-26MAR2222-T68099.99 (1h),0.48,MARKET_DATA,REAL
2026-03-22T20:26:54.839214,KXBTCD-26MAR2222-T67899.99 (1h),0.74,MARKET_DATA,REAL
2026-03-22T20:26:54.924373,KXBTCD-26MAR2222-T68299.99 (1h),0.2,MARKET_DATA,REAL
2026-03-22T20:26:56.149612,KXHIGHNY-26MAR22-B62.5 (Market),0.99,MARKET_DATA,REAL
2026-03-22T20:26:56.150379,KXHIGHNY (F),51.98,MARKET_DATA,REAL
2026-03-22T20:26:58.306312,KXHIGHLAX-26MAR22-T75 (Market),0.99,MARKET_DATA,REAL
2026-03-22T20:26:58.307237,KXHIGHLAX (F),62.6,MARKET_DATA,REAL
2026-03-22T20:27:00.542332,KXHIGHCHI-26MAR22-T65 (Market),0.99,MARKET_DATA,REAL
2026-03-22T20:27:00.543206,KXHIGHCHI (F),33.8,MARKET_DATA,REAL
2026-03-22T20:27:02.743803,KXHIGHMIA-26MAR22-B81.5 (Market),0.99,MARKET_DATA,REAL
2026-03-22T20:27:02.744456,KXHIGHMIA (F),71.6,MARKET_DATA,REAL
2026-03-22T20:27:06.211934,BTC-USD (Coinbase),68068.36,MARKET_DATA,REAL
2026-03-22T20:27:06.300880,KXBTC15M-26MAR222130-30 (15m),0.993,MARKET_DATA,REAL
2026-03-22T20:27:08.386071,KXBTCD-26MAR2222-T68099.99 (1h),0.41,MARKET_DATA,REAL
2026-03-22T20:27:08.473473,KXBTCD-26MAR2222-T67899.99 (1h),0.75,MARKET_DATA,REAL
2026-03-22T20:27:08.563669,KXBTCD-26MAR2222-T68299.99 (1h),0.2,MARKET_DATA,REAL
2026-03-22T20:27:09.780963,KXHIGHNY-26MAR22-B62.5 (Market),0.99,MARKET_DATA,REAL
2026-03-22T20:27:09.782163,KXHIGHNY (F),51.98,MARKET_DATA,REAL
2026-03-22T20:27:11.907515,KXHIGHLAX-26MAR22-T75 (Market),0.99,MARKET_DATA,REAL
2026-03-22T20:27:11.908091,KXHIGHLAX (F),62.6,MARKET_DATA,REAL
2026-03-22T20:27:14.087540,KXHIGHCHI-26MAR22-T65 (Market),0.99,MARKET_DATA,REAL
2026-03-22T20:27:14.088143,KXHIGHCHI (F),33.8,MARKET_DATA,REAL
2026-03-22T20:27:16.270783,KXHIGHMIA-26MAR22-B81.5 (Market),0.99,MARKET_DATA,REAL
2026-03-22T20:27:16.271322,KXHIGHMIA (F),71.6,MARKET_DATA,REAL
2026-03-22T20:27:19.785832,BTC-USD (Coinbase),68066.26,MARKET_DATA,REAL
2026-03-22T20:27:19.918334,KXBTC15M-26MAR222130-30 (15m),0.993,MARKET_DATA,REAL
2026-03-22T20:27:22.014043,KXBTCD-26MAR2222-T68099.99 (1h),0.42,MARKET_DATA,REAL
2026-03-22T20:27:22.105920,KXBTCD-26MAR2222-T67899.99 (1h),0.72,MARKET_DATA,REAL
2026-03-22T20:27:22.199433,KXBTCD-26MAR2222-T68299.99 (1h),0.18,MARKET_DATA,REAL
2026-03-22T20:27:23.402200,KXHIGHNY-26MAR22-B62.5 (Market),0.99,MARKET_DATA,REAL
2026-03-22T20:27:23.402714,KXHIGHNY (F),51.98,MARKET_DATA,REAL
2026-03-22T20:27:25.592974,KXHIGHLAX-26MAR22-T75 (Market),0.99,MARKET_DATA,REAL
2026-03-22T20:27:25.593606,KXHIGHLAX (F),62.6,MARKET_DATA,REAL
2026-03-22T20:27:28.897539,KXHIGHCHI-26MAR22-T65 (Market),0.99,MARKET_DATA,REAL
2026-03-22T20:27:28.897907,KXHIGHCHI (F),33.8,MARKET_DATA,REAL
2026-03-22T20:27:32.251020,KXHIGHMIA-26MAR22-B81.5 (Market),0.99,MARKET_DATA,REAL
2026-03-22T20:27:32.251466,KXHIGHMIA (F),71.6,MARKET_DATA,REAL
2026-03-22T20:27:35.714697,BTC-USD (Coinbase),68084.1,MARKET_DATA,REAL
2026-03-22T20:27:35.890772,KXBTC15M-26MAR222130-30 (15m),0.994,MARKET_DATA,REAL
2026-03-22T20:27:37.980251,KXBTCD-26MAR2222-T68099.99 (1h),0.42,MARKET_DATA,REAL
2026-03-22T20:27:38.068935,KXBTCD-26MAR2222-T67899.99 (1h),0.72,MARKET_DATA,REAL
2026-03-22T20:27:38.159417,KXBTCD-26MAR2222-T68299.99 (1h),0.18,MARKET_DATA,REAL
2026-03-22T20:27:40.622875,KXHIGHNY-26MAR22-B62.5 (Market),0.99,MARKET_DATA,REAL
2026-03-22T20:27:40.624000,KXHIGHNY (F),51.98,MARKET_DATA,REAL
2026-03-22T20:27:43.949685,KXHIGHLAX-26MAR22-T75 (Market),0.99,MARKET_DATA,REAL
2026-03-22T20:27:43.950536,KXHIGHLAX (F),62.6,MARKET_DATA,REAL
2026-03-22T20:27:46.133560,KXHIGHCHI-26MAR22-T65 (Market),0.99,MARKET_DATA,REAL
2026-03-22T20:27:46.134564,KXHIGHCHI (F),33.8,MARKET_DATA,REAL
2026-03-22T20:27:48.345689,KXHIGHMIA-26MAR22-B81.5 (Market),0.99,MARKET_DATA,REAL
2026-03-22T20:27:48.346185,KXHIGHMIA (F),71.6,MARKET_DATA,REAL
2026-03-22T20:27:51.876527,BTC-USD (Coinbase),68095.5,MARKET_DATA,REAL
2026-03-22T20:27:51.990554,KXBTC15M-26MAR222130-30 (15m),0.996,MARKET_DATA,REAL
2026-03-22T20:27:54.038198,KXBTCD-26MAR2222-T68099.99 (1h),0.47,MARKET_DATA,REAL
2026-03-22T20:27:54.127759,KXBTCD-26MAR2222-T67899.99 (1h),0.76,MARKET_DATA,REAL
2026-03-22T20:27:54.218146,KXBTCD-26MAR2222-T68299.99 (1h),0.2,MARKET_DATA,REAL
2026-03-22T20:27:55.452583,KXHIGHNY-26MAR22-B62.5 (Market),0.99,MARKET_DATA,REAL
2026-03-22T20:27:55.453659,KXHIGHNY (F),51.98,MARKET_DATA,REAL
2026-03-22T20:27:57.699739,KXHIGHLAX-26MAR22-T75 (Market),0.99,MARKET_DATA,REAL
2026-03-22T20:27:57.700146,KXHIGHLAX (F),62.6,MARKET_DATA,REAL
2026-03-22T20:28:00.094368,KXHIGHCHI-26MAR22-T65 (Market),0.99,MARKET_DATA,REAL
2026-03-22T20:28:00.094875,KXHIGHCHI (F),33.8,MARKET_DATA,REAL
2026-03-22T20:28:02.278506,KXHIGHMIA-26MAR22-B81.5 (Market),0.99,MARKET_DATA,REAL
2026-03-22T20:28:02.279118,KXHIGHMIA (F),71.6,MARKET_DATA,REAL
2026-03-22T20:28:05.722769,BTC-USD (Coinbase),68068.36,MARKET_DATA,REAL
2026-03-22T20:28:05.813737,KXBTC15M-26MAR222130-30 (15m),0.999,MARKET_DATA,REAL
2026-03-22T20:28:07.870210,KXBTCD-26MAR2222-T68099.99 (1h),0.44,MARKET_DATA,REAL
2026-03-22T20:28:07.958185,KXBTCD-26MAR2222-T67899.99 (1h),0.74,MARKET_DATA,REAL
2026-03-22T20:28:08.044263,KXBTCD-26MAR2222-T68299.99 (1h),0.17,MARKET_DATA,REAL
2026-03-22T20:28:09.315572,KXHIGHNY-26MAR22-B62.5 (Market),0.99,MARKET_DATA,REAL
2026-03-22T20:28:09.316420,KXHIGHNY (F),51.98,MARKET_DATA,REAL
2026-03-22T20:28:11.539645,KXHIGHLAX-26MAR22-T75 (Market),0.99,MARKET_DATA,REAL
2026-03-22T20:28:11.540101,KXHIGHLAX (F),62.6,MARKET_DATA,REAL
2026-03-22T20:28:13.662077,KXHIGHCHI-26MAR22-T65 (Market),0.99,MARKET_DATA,REAL
2026-03-22T20:28:13.662979,KXHIGHCHI (F),33.8,MARKET_DATA,REAL
2026-03-22T20:28:15.806566,KXHIGHMIA-26MAR22-B81.5 (Market),0.99,MARKET_DATA,REAL
2026-03-22T20:28:15.807024,KXHIGHMIA (F),71.6,MARKET_DATA,REAL
2026-03-22T20:28:19.297753,BTC-USD (Coinbase),68077.0,MARKET_DATA,REAL
2026-03-22T20:28:19.387661,KXBTC15M-26MAR222130-30 (15m),0.999,MARKET_DATA,REAL
2026-03-22T20:28:21.458831,KXBTCD-26MAR2222-T68099.99 (1h),0.44,MARKET_DATA,REAL
2026-03-22T20:28:21.551069,KXBTCD-26MAR2222-T67899.99 (1h),0.74,MARKET_DATA,REAL
2026-03-22T20:28:21.634618,KXBTCD-26MAR2222-T68299.99 (1h),0.17,MARKET_DATA,REAL
2026-03-22T20:28:21.724246,KXBTCD-26MAR2222-T68099.99,0.44999999999999996,SIGNAL_BUY,EXECUTED
2026-03-22T20:28:22.884009,KXHIGHNY-26MAR22-B62.5 (Market),0.99,MARKET_DATA,REAL
2026-03-22T20:28:22.884794,KXHIGHNY (F),51.98,MARKET_DATA,REAL
2026-03-22T20:28:25.076407,KXHIGHLAX-26MAR22-T75 (Market),0.99,MARKET_DATA,REAL
2026-03-22T20:28:25.080232,KXHIGHLAX (F),62.6,MARKET_DATA,REAL
2026-03-22T20:28:27.196529,KXHIGHCHI-26MAR22-T65 (Market),0.99,MARKET_DATA,REAL
2026-03-22T20:28:27.197016,KXHIGHCHI (F),33.8,MARKET_DATA,REAL
2026-03-22T20:28:29.375617,KXHIGHMIA-26MAR22-B81.5 (Market),0.99,MARKET_DATA,REAL
2026-03-22T20:28:29.376083,KXHIGHMIA (F),71.6,MARKET_DATA,REAL
2026-03-22T20:28:32.959324,BTC-USD (Coinbase),68068.36,MARKET_DATA,REAL
2026-03-22T20:28:33.044007,KXBTC15M-26MAR222130-30 (15m),0.999,MARKET_DATA,REAL
2026-03-22T20:28:35.131710,KXBTCD-26MAR2222-T68099.99 (1h),0.44,MARKET_DATA,REAL
2026-03-22T20:28:35.215717,KXBTCD-26MAR2222-T67899.99 (1h),0.75,MARKET_DATA,REAL
2026-03-22T20:28:35.304916,KXBTCD-26MAR2222-T68299.99 (1h),0.16,MARKET_DATA,REAL
2026-03-22T20:28:36.559868,KXHIGHNY-26MAR22-B62.5 (Market),0.99,MARKET_DATA,REAL
2026-03-22T20:28:36.560297,KXHIGHNY (F),51.98,MARKET_DATA,REAL
2026-03-22T20:28:38.784325,KXHIGHLAX-26MAR22-T75 (Market),0.99,MARKET_DATA,REAL
2026-03-22T20:28:38.785131,KXHIGHLAX (F),62.6,MARKET_DATA,REAL
2026-03-22T20:28:42.126279,KXHIGHCHI-26MAR22-T65 (Market),0.99,MARKET_DATA,REAL
2026-03-22T20:28:42.126902,KXHIGHCHI (F),33.8,MARKET_DATA,REAL
2026-03-22T20:28:45.444055,KXHIGHMIA-26MAR22-B81.5 (Market),0.99,MARKET_DATA,REAL
2026-03-22T20:28:45.444830,KXHIGHMIA (F),71.6,MARKET_DATA,REAL
2026-03-22T20:28:49.016546,BTC-USD (Coinbase),68083.98,MARKET_DATA,REAL
2026-03-22T20:28:49.211013,KXBTC15M-26MAR222130-30 (15m),0.999,MARKET_DATA,REAL
2026-03-22T20:28:51.311626,KXBTCD-26MAR2222-T68099.99 (1h),0.44,MARKET_DATA,REAL
2026-03-22T20:28:51.397885,KXBTCD-26MAR2222-T67899.99 (1h),0.77,MARKET_DATA,REAL
2026-03-22T20:28:51.485452,KXBTCD-26MAR2222-T68299.99 (1h),0.17,MARKET_DATA,REAL
2026-03-22T20:28:53.839039,KXHIGHNY-26MAR22-B62.5 (Market),0.99,MARKET_DATA,REAL
2026-03-22T20:28:53.840235,KXHIGHNY (F),51.98,MARKET_DATA,REAL
2026-03-22T20:28:57.375243,KXHIGHLAX-26MAR22-T75 (Market),0.99,MARKET_DATA,REAL
2026-03-22T20:28:57.376340,KXHIGHLAX (F),62.6,MARKET_DATA,REAL
2026-03-22T20:28:59.509900,KXHIGHCHI-26MAR22-T65 (Market),0.99,MARKET_DATA,REAL
2026-03-22T20:28:59.510656,KXHIGHCHI (F),33.8,MARKET_DATA,REAL
2026-03-22T20:29:01.679686,KXHIGHMIA-26MAR22-B81.5 (Market),0.99,MARKET_DATA,REAL
2026-03-22T20:29:01.680216,KXHIGHMIA (F),71.6,MARKET_DATA,REAL
2026-03-22T20:29:05.260228,BTC-USD (Coinbase),68093.54,MARKET_DATA,REAL
2026-03-22T20:29:05.347601,KXBTC15M-26MAR222130-30 (15m),0.999,MARKET_DATA,REAL
2026-03-22T20:29:07.342259,KXBTCD-26MAR2222-T68099.99 (1h),0.45,MARKET_DATA,REAL
2026-03-22T20:29:07.433632,KXBTCD-26MAR2222-T67899.99 (1h),0.78,MARKET_DATA,REAL
2026-03-22T20:29:07.521416,KXBTCD-26MAR2222-T68299.99 (1h),0.17,MARKET_DATA,REAL
2026-03-22T20:29:08.826233,KXHIGHNY-26MAR22-B62.5 (Market),0.99,MARKET_DATA,REAL
2026-03-22T20:29:08.827202,KXHIGHNY (F),51.98,MARKET_DATA,REAL
2026-03-22T20:29:10.981330,KXHIGHLAX-26MAR22-T75 (Market),0.99,MARKET_DATA,REAL
2026-03-22T20:29:10.982180,KXHIGHLAX (F),62.6,MARKET_DATA,REAL
2026-03-22T20:29:13.134655,KXHIGHCHI-26MAR22-T65 (Market),0.99,MARKET_DATA,REAL
2026-03-22T20:29:13.135396,KXHIGHCHI (F),33.8,MARKET_DATA,REAL
2026-03-22T20:29:15.291621,KXHIGHMIA-26MAR22-B81.5 (Market),0.99,MARKET_DATA,REAL
2026-03-22T20:29:15.292511,KXHIGHMIA (F),71.6,MARKET_DATA,REAL
2026-03-22T20:29:18.727332,BTC-USD (Coinbase),68091.25,MARKET_DATA,REAL
2026-03-22T20:29:18.817313,KXBTC15M-26MAR222130-30 (15m),0.999,MARKET_DATA,REAL
2026-03-22T20:29:20.871822,KXBTCD-26MAR2222-T68099.99 (1h),0.46,MARKET_DATA,REAL
2026-03-22T20:29:20.955652,KXBTCD-26MAR2222-T67899.99 (1h),0.79,MARKET_DATA,REAL
2026-03-22T20:29:21.040019,KXBTCD-26MAR2222-T68299.99 (1h),0.17,MARKET_DATA,REAL
2026-03-22T20:29:22.295631,KXHIGHNY-26MAR22-B62.5 (Market),0.99,MARKET_DATA,REAL
2026-03-22T20:29:22.296040,KXHIGHNY (F),51.98,MARKET_DATA,REAL
2026-03-22T20:29:24.551930,KXHIGHLAX-26MAR22-T75 (Market),0.99,MARKET_DATA,REAL
2026-03-22T20:29:24.552785,KXHIGHLAX (F),62.6,MARKET_DATA,REAL
2026-03-22T20:29:26.710860,KXHIGHCHI-26MAR22-T65 (Market),0.99,MARKET_DATA,REAL
2026-03-22T20:29:26.711578,KXHIGHCHI (F),33.8,MARKET_DATA,REAL
2026-03-22T20:29:28.900098,KXHIGHMIA-26MAR22-B81.5 (Market),0.99,MARKET_DATA,REAL
2026-03-22T20:29:28.900558,KXHIGHMIA (F),71.6,MARKET_DATA,REAL
2026-03-22T20:29:32.424769,BTC-USD (Coinbase),68093.01,MARKET_DATA,REAL
2026-03-22T20:29:32.511464,KXBTC15M-26MAR222130-30 (15m),0.999,MARKET_DATA,REAL
2026-03-22T20:29:34.533170,KXBTCD-26MAR2222-T68099.99 (1h),0.46,MARKET_DATA,REAL
2026-03-22T20:29:34.621556,KXBTCD-26MAR2222-T67899.99 (1h),0.79,MARKET_DATA,REAL
2026-03-22T20:29:34.707422,KXBTCD-26MAR2222-T68299.99 (1h),0.17,MARKET_DATA,REAL
2026-03-22T20:29:35.938033,KXHIGHNY-26MAR22-B62.5 (Market),0.99,MARKET_DATA,REAL
2026-03-22T20:29:35.938871,KXHIGHNY (F),51.98,MARKET_DATA,REAL
2026-03-22T20:29:38.108444,KXHIGHLAX-26MAR22-T75 (Market),0.99,MARKET_DATA,REAL
2026-03-22T20:29:38.108886,KXHIGHLAX (F),62.6,MARKET_DATA,REAL
2026-03-22T20:29:40.399780,KXHIGHCHI-26MAR22-T65 (Market),0.99,MARKET_DATA,REAL
2026-03-22T20:29:40.400442,KXHIGHCHI (F),33.8,MARKET_DATA,REAL
2026-03-22T20:29:42.636955,KXHIGHMIA-26MAR22-B81.5 (Market),0.99,MARKET_DATA,REAL
2026-03-22T20:29:42.637870,KXHIGHMIA (F),71.6,MARKET_DATA,REAL
2026-03-22T20:29:46.115251,BTC-USD (Coinbase),68096.42,MARKET_DATA,REAL
2026-03-22T20:29:46.205573,KXBTC15M-26MAR222130-30 (15m),0.999,MARKET_DATA,REAL
2026-03-22T20:29:48.205717,KXBTCD-26MAR2222-T68099.99 (1h),0.47,MARKET_DATA,REAL
2026-03-22T20:29:48.290062,KXBTCD-26MAR2222-T67899.99 (1h),0.8,MARKET_DATA,REAL
2026-03-22T20:29:48.375106,KXBTCD-26MAR2222-T68299.99 (1h),0.17,MARKET_DATA,REAL
2026-03-22T20:29:49.581744,KXHIGHNY-26MAR22-B62.5 (Market),0.99,MARKET_DATA,REAL
2026-03-22T20:29:49.582150,KXHIGHNY (F),51.98,MARKET_DATA,REAL
2026-03-22T20:29:51.736924,KXHIGHLAX-26MAR22-T75 (Market),0.99,MARKET_DATA,REAL
2026-03-22T20:29:51.737842,KXHIGHLAX (F),62.6,MARKET_DATA,REAL
2026-03-22T20:29:55.058358,KXHIGHCHI-26MAR22-T65 (Market),0.99,MARKET_DATA,REAL
2026-03-22T20:29:55.059378,KXHIGHCHI (F),33.8,MARKET_DATA,REAL
2026-03-22T20:29:58.490375,KXHIGHMIA-26MAR22-B81.5 (Market),0.99,MARKET_DATA,REAL
2026-03-22T20:29:58.491094,KXHIGHMIA (F),71.6,MARKET_DATA,REAL
2026-03-22T20:30:01.956763,BTC-USD (Coinbase),68069.02,MARKET_DATA,REAL
2026-03-22T20:30:02.122146,KXBTC15M-26MAR222130-30 (15m),0.999,MARKET_DATA,REAL
2026-03-22T20:30:04.306877,KXBTCD-26MAR2222-T68099.99 (1h),0.47,MARKET_DATA,REAL
2026-03-22T20:30:04.397545,KXBTCD-26MAR2222-T67899.99 (1h),0.77,MARKET_DATA,REAL
2026-03-22T20:30:04.486428,KXBTCD-26MAR2222-T68299.99 (1h),0.15,MARKET_DATA,REAL
2026-03-22T20:30:06.865343,KXHIGHNY-26MAR22-B62.5 (Market),0.99,MARKET_DATA,REAL
2026-03-22T20:30:06.865894,KXHIGHNY (F),51.98,MARKET_DATA,REAL
2026-03-22T20:30:10.249014,KXHIGHLAX-26MAR22-T75 (Market),0.99,MARKET_DATA,REAL
2026-03-22T20:30:10.249926,KXHIGHLAX (F),62.6,MARKET_DATA,REAL
2026-03-22T20:30:12.445170,KXHIGHCHI-26MAR22-T65 (Market),0.99,MARKET_DATA,REAL
2026-03-22T20:30:12.446135,KXHIGHCHI (F),33.8,MARKET_DATA,REAL
2026-03-22T20:30:14.604341,KXHIGHMIA-26MAR22-B81.5 (Market),0.99,MARKET_DATA,REAL
2026-03-22T20:30:14.605523,KXHIGHMIA (F),71.6,MARKET_DATA,REAL
2026-03-22T20:30:18.128407,BTC-USD (Coinbase),68101.9,MARKET_DATA,REAL
2026-03-22T20:30:18.213880,KXBTC15M-26MAR222130-30 (15m),1.0,MARKET_DATA,REAL
2026-03-22T20:30:20.309417,KXBTCD-26MAR2222-T68099.99 (1h),0.47,MARKET_DATA,REAL
2026-03-22T20:30:20.395072,KXBTCD-26MAR2222-T67899.99 (1h),0.81,MARKET_DATA,REAL
2026-03-22T20:30:20.481344,KXBTCD-26MAR2222-T68299.99 (1h),0.17,MARKET_DATA,REAL
2026-03-22T20:30:21.773594,KXHIGHNY-26MAR22-B62.5 (Market),0.99,MARKET_DATA,REAL
2026-03-22T20:30:21.773979,KXHIGHNY (F),51.98,MARKET_DATA,REAL
2026-03-22T20:30:23.949490,KXHIGHLAX-26MAR22-T75 (Market),0.99,MARKET_DATA,REAL
2026-03-22T20:30:23.950243,KXHIGHLAX (F),62.6,MARKET_DATA,REAL
2026-03-22T20:30:26.192081,KXHIGHCHI-26MAR22-T65 (Market),0.99,MARKET_DATA,REAL
2026-03-22T20:30:26.192949,KXHIGHCHI (F),33.8,MARKET_DATA,REAL
2026-03-22T20:30:28.430176,KXHIGHMIA-26MAR22-B81.5 (Market),0.99,MARKET_DATA,REAL
2026-03-22T20:30:28.430628,KXHIGHMIA (F),71.6,MARKET_DATA,REAL
2026-03-22T20:30:31.872346,BTC-USD (Coinbase),68052.61,MARKET_DATA,REAL
2026-03-22T20:30:31.965799,KXBTC15M-26MAR222130-30 (15m),1.0,MARKET_DATA,REAL
2026-03-22T20:30:34.060799,KXBTCD-26MAR2222-T67999.99 (1h),0.58,MARKET_DATA,REAL
2026-03-22T20:30:34.148262,KXBTCD-26MAR2222-T67799.99 (1h),0.87,MARKET_DATA,REAL
2026-03-22T20:30:34.237513,KXBTCD-26MAR2222-T68199.99 (1h),0.23,MARKET_DATA,REAL
2026-03-22T20:30:35.442762,KXHIGHNY-26MAR22-B62.5 (Market),0.99,MARKET_DATA,REAL
2026-03-22T20:30:35.443521,KXHIGHNY (F),51.98,MARKET_DATA,REAL
2026-03-22T20:30:37.627308,KXHIGHLAX-26MAR22-T75 (Market),0.99,MARKET_DATA,REAL
2026-03-22T20:30:37.627994,KXHIGHLAX (F),62.6,MARKET_DATA,REAL
2026-03-22T20:30:39.758464,KXHIGHCHI-26MAR22-T65 (Market),0.99,MARKET_DATA,REAL
2026-03-22T20:30:39.759411,KXHIGHCHI (F),33.8,MARKET_DATA,REAL
2026-03-22T20:30:42.144927,KXHIGHMIA-26MAR22-B81.5 (Market),0.99,MARKET_DATA,REAL
2026-03-22T20:30:42.145729,KXHIGHMIA (F),71.6,MARKET_DATA,REAL
2026-03-22T20:30:45.603959,BTC-USD (Coinbase),68013.99,MARKET_DATA,REAL
2026-03-22T20:30:45.690852,KXBTC15M-26MAR222130-30 (15m),1.0,MARKET_DATA,REAL
2026-03-22T20:30:47.750239,KXBTCD-26MAR2222-T67999.99 (1h),0.49,MARKET_DATA,REAL
2026-03-22T20:30:47.836248,KXBTCD-26MAR2222-T67799.99 (1h),0.82,MARKET_DATA,REAL
2026-03-22T20:30:47.924340,KXBTCD-26MAR2222-T68199.99 (1h),0.18,MARKET_DATA,REAL
2026-03-22T20:30:49.191926,KXHIGHNY-26MAR22-B62.5 (Market),0.99,MARKET_DATA,REAL
2026-03-22T20:30:49.192237,KXHIGHNY (F),51.98,MARKET_DATA,REAL
2026-03-22T20:30:51.359501,KXHIGHLAX-26MAR22-T75 (Market),0.99,MARKET_DATA,REAL
2026-03-22T20:30:51.360517,KXHIGHLAX (F),62.6,MARKET_DATA,REAL
2026-03-22T20:30:53.503284,KXHIGHCHI-26MAR22-T65 (Market),0.99,MARKET_DATA,REAL
2026-03-22T20:30:53.503759,KXHIGHCHI (F),33.8,MARKET_DATA,REAL
2026-03-22T20:30:55.622288,KXHIGHMIA-26MAR22-B81.5 (Market),0.99,MARKET_DATA,REAL
2026-03-22T20:30:55.623566,KXHIGHMIA (F),71.6,MARKET_DATA,REAL
2026-03-22T20:30:59.197061,BTC-USD (Coinbase),68042.93,MARKET_DATA,REAL
2026-03-22T20:30:59.281765,KXBTC15M-26MAR222130-30 (15m),1.0,MARKET_DATA,REAL
2026-03-22T20:31:01.315715,KXBTCD-26MAR2222-T67999.99 (1h),0.52,MARKET_DATA,REAL
2026-03-22T20:31:01.402546,KXBTCD-26MAR2222-T67799.99 (1h),0.86,MARKET_DATA,REAL
2026-03-22T20:31:01.489516,KXBTCD-26MAR2222-T68199.99 (1h),0.23,MARKET_DATA,REAL
2026-03-22T20:31:02.753012,KXHIGHNY-26MAR22-B62.5 (Market),0.99,MARKET_DATA,REAL
2026-03-22T20:31:02.753397,KXHIGHNY (F),51.98,MARKET_DATA,REAL
2026-03-22T20:31:04.917105,KXHIGHLAX-26MAR22-T75 (Market),0.99,MARKET_DATA,REAL
2026-03-22T20:31:04.917652,KXHIGHLAX (F),62.6,MARKET_DATA,REAL
2026-03-22T20:31:08.349938,KXHIGHCHI-26MAR22-T65 (Market),0.99,MARKET_DATA,REAL
2026-03-22T20:31:08.350580,KXHIGHCHI (F),33.8,MARKET_DATA,REAL
2026-03-22T20:31:11.829335,KXHIGHMIA-26MAR22-B81.5 (Market),0.99,MARKET_DATA,REAL
2026-03-22T20:31:11.829761,KXHIGHMIA (F),71.6,MARKET_DATA,REAL
2026-03-22T20:31:15.306742,BTC-USD (Coinbase),68075.97,MARKET_DATA,REAL
2026-03-22T20:31:15.478112,KXBTC15M-26MAR222145-45 (15m),0.43,MARKET_DATA,REAL
2026-03-22T20:31:17.527908,KXBTCD-26MAR2222-T68099.99 (1h),0.45,MARKET_DATA,REAL
2026-03-22T20:31:17.616683,KXBTCD-26MAR2222-T67899.99 (1h),0.77,MARKET_DATA,REAL
2026-03-22T20:31:17.704035,KXBTCD-26MAR2222-T68299.99 (1h),0.15,MARKET_DATA,REAL
2026-03-22T20:31:20.233233,KXHIGHNY-26MAR22-B62.5 (Market),0.99,MARKET_DATA,REAL
2026-03-22T20:31:20.234558,KXHIGHNY (F),51.98,MARKET_DATA,REAL
2026-03-22T20:31:23.689175,KXHIGHLAX-26MAR22-T75 (Market),0.99,MARKET_DATA,REAL
2026-03-22T20:31:23.689670,KXHIGHLAX (F),62.6,MARKET_DATA,REAL
2026-03-22T20:31:25.810401,KXHIGHCHI-26MAR22-T65 (Market),0.99,MARKET_DATA,REAL
2026-03-22T20:31:25.810825,KXHIGHCHI (F),33.8,MARKET_DATA,REAL
2026-03-22T20:31:28.093573,KXHIGHMIA-26MAR22-B81.5 (Market),0.99,MARKET_DATA,REAL
2026-03-22T20:31:28.094682,KXHIGHMIA (F),71.6,MARKET_DATA,REAL
2026-03-22T20:31:31.556174,BTC-USD (Coinbase),68128.38,MARKET_DATA,REAL
2026-03-22T20:31:31.655630,KXBTC15M-26MAR222145-45 (15m),0.53,MARKET_DATA,REAL
2026-03-22T20:31:33.850188,KXBTCD-26MAR2222-T68099.99 (1h),0.48,MARKET_DATA,REAL
2026-03-22T20:31:33.938960,KXBTCD-26MAR2222-T67899.99 (1h),0.85,MARKET_DATA,REAL
2026-03-22T20:31:34.032855,KXBTCD-26MAR2222-T68299.99 (1h),0.21,MARKET_DATA,REAL
2026-03-22T20:31:34.126197,KXBTCD-26MAR2222-T68099.99,0.49,SIGNAL_BUY,EXECUTED
2026-03-22T20:31:35.285529,KXHIGHNY-26MAR22-B62.5 (Market),0.99,MARKET_DATA,REAL
2026-03-22T20:31:35.285958,KXHIGHNY (F),51.98,MARKET_DATA,REAL
2026-03-22T20:31:37.449000,KXHIGHLAX-26MAR22-T75 (Market),0.99,MARKET_DATA,REAL
2026-03-22T20:31:37.450488,KXHIGHLAX (F),62.6,MARKET_DATA,REAL
2026-03-22T20:31:39.615649,KXHIGHCHI-26MAR22-T65 (Market),0.99,MARKET_DATA,REAL
2026-03-22T20:31:39.616189,KXHIGHCHI (F),33.8,MARKET_DATA,REAL
2026-03-22T20:31:41.760015,KXHIGHMIA-26MAR22-B81.5 (Market),0.99,MARKET_DATA,REAL
2026-03-22T20:31:41.760981,KXHIGHMIA (F),71.6,MARKET_DATA,REAL
2026-03-22T20:31:45.327175,BTC-USD (Coinbase),68136.35,MARKET_DATA,REAL
2026-03-22T20:31:45.419538,KXBTC15M-26MAR222145-45 (15m),0.6,MARKET_DATA,REAL
2026-03-22T20:31:47.494266,KXBTCD-26MAR2222-T68099.99 (1h),0.53,MARKET_DATA,REAL
2026-03-22T20:31:47.578512,KXBTCD-26MAR2222-T67899.99 (1h),0.86,MARKET_DATA,REAL
2026-03-22T20:31:47.724297,KXBTCD-26MAR2222-T68299.99 (1h),0.21,MARKET_DATA,REAL
2026-03-22T20:31:49.005667,KXHIGHNY-26MAR22-B62.5 (Market),0.99,MARKET_DATA,REAL
2026-03-22T20:31:49.006801,KXHIGHNY (F),51.98,MARKET_DATA,REAL
2026-03-22T20:31:51.222267,KXHIGHLAX-26MAR22-T75 (Market),0.99,MARKET_DATA,REAL
2026-03-22T20:31:51.222654,KXHIGHLAX (F),62.6,MARKET_DATA,REAL
2026-03-22T20:31:53.407719,KXHIGHCHI-26MAR22-T65 (Market),0.99,MARKET_DATA,REAL
2026-03-22T20:31:53.409361,KXHIGHCHI (F),33.8,MARKET_DATA,REAL
2026-03-22T20:31:55.554254,KXHIGHMIA-26MAR22-B81.5 (Market),0.99,MARKET_DATA,REAL
2026-03-22T20:31:55.555502,KXHIGHMIA (F),71.6,MARKET_DATA,REAL
2026-03-22T20:31:59.274027,BTC-USD (Coinbase),68086.0,MARKET_DATA,REAL
2026-03-22T20:31:59.406314,KXBTC15M-26MAR222145-45 (15m),0.54,MARKET_DATA,REAL
2026-03-22T20:32:01.742567,KXBTCD-26MAR2222-T68099.99 (1h),0.47,MARKET_DATA,REAL
2026-03-22T20:32:01.829188,KXBTCD-26MAR2222-T67899.99 (1h),0.81,MARKET_DATA,REAL
2026-03-22T20:32:01.920655,KXBTCD-26MAR2222-T68299.99 (1h),0.17,MARKET_DATA,REAL
2026-03-22T20:32:03.222396,KXHIGHNY-26MAR22-B62.5 (Market),0.99,MARKET_DATA,REAL
2026-03-22T20:32:03.223858,KXHIGHNY (F),51.98,MARKET_DATA,REAL
2026-03-22T20:32:05.416887,KXHIGHLAX-26MAR22-T75 (Market),0.99,MARKET_DATA,REAL
2026-03-22T20:32:05.417398,KXHIGHLAX (F),62.6,MARKET_DATA,REAL
2026-03-22T20:32:07.900420,KXHIGHCHI-26MAR22-T65 (Market),0.99,MARKET_DATA,REAL
2026-03-22T20:32:07.901519,KXHIGHCHI (F),33.8,MARKET_DATA,REAL
2026-03-22T20:32:10.104763,KXHIGHMIA-26MAR22-B81.5 (Market),0.99,MARKET_DATA,REAL
2026-03-22T20:32:10.105830,KXHIGHMIA (F),71.6,MARKET_DATA,REAL
2026-03-22T20:32:13.641389,BTC-USD (Coinbase),68093.54,MARKET_DATA,REAL
2026-03-22T20:32:13.729024,KXBTC15M-26MAR222145-45 (15m),0.47,MARKET_DATA,REAL
2026-03-22T20:32:16.096511,KXBTCD-26MAR2222-T68099.99 (1h),0.45,MARKET_DATA,REAL
2026-03-22T20:32:16.181705,KXBTCD-26MAR2222-T67899.99 (1h),0.8,MARKET_DATA,REAL
2026-03-22T20:32:16.324114,KXBTCD-26MAR2222-T68299.99 (1h),0.17,MARKET_DATA,REAL
2026-03-22T20:32:17.560150,KXHIGHNY-26MAR22-B62.5 (Market),0.99,MARKET_DATA,REAL
2026-03-22T20:32:17.561844,KXHIGHNY (F),51.98,MARKET_DATA,REAL
2026-03-22T20:32:19.748652,KXHIGHLAX-26MAR22-T75 (Market),0.99,MARKET_DATA,REAL
2026-03-22T20:32:19.749680,KXHIGHLAX (F),62.6,MARKET_DATA,REAL
2026-03-22T20:32:23.166573,KXHIGHCHI-26MAR22-T65 (Market),0.99,MARKET_DATA,REAL
2026-03-22T20:32:23.167859,KXHIGHCHI (F),33.8,MARKET_DATA,REAL
2026-03-22T20:32:26.526887,KXHIGHMIA-26MAR22-B81.5 (Market),0.99,MARKET_DATA,REAL
2026-03-22T20:32:26.528682,KXHIGHMIA (F),71.6,MARKET_DATA,REAL
2026-03-22T20:32:30.167859,BTC-USD (Coinbase),68114.0,MARKET_DATA,REAL
2026-03-22T20:32:30.336471,KXBTC15M-26MAR222145-45 (15m),0.51,MARKET_DATA,REAL
2026-03-22T20:32:32.629735,KXBTCD-26MAR2222-T68099.99 (1h),0.5,MARKET_DATA,REAL
2026-03-22T20:32:32.718503,KXBTCD-26MAR2222-T67899.99 (1h),0.82,MARKET_DATA,REAL
2026-03-22T20:32:32.805236,KXBTCD-26MAR2222-T68299.99 (1h),0.19,MARKET_DATA,REAL
2026-03-22T20:32:35.138001,KXHIGHNY-26MAR22-B62.5 (Market),0.99,MARKET_DATA,REAL
2026-03-22T20:32:35.139550,KXHIGHNY (F),51.98,MARKET_DATA,REAL
2026-03-22T20:32:38.535585,KXHIGHLAX-26MAR22-T75 (Market),0.99,MARKET_DATA,REAL
2026-03-22T20:32:38.537250,KXHIGHLAX (F),62.6,MARKET_DATA,REAL
2026-03-22T20:32:40.784226,KXHIGHCHI-26MAR22-T65 (Market),0.99,MARKET_DATA,REAL
2026-03-22T20:32:40.785374,KXHIGHCHI (F),33.8,MARKET_DATA,REAL
2026-03-22T20:32:43.026639,KXHIGHMIA-26MAR22-B81.5 (Market),0.99,MARKET_DATA,REAL
2026-03-22T20:32:43.028300,KXHIGHMIA (F),71.6,MARKET_DATA,REAL
2026-03-22T20:32:46.465654,BTC-USD (Coinbase),68115.59,MARKET_DATA,REAL
2026-03-22T20:32:46.552613,KXBTC15M-26MAR222145-45 (15m),0.49,MARKET_DATA,REAL
2026-03-22T20:32:48.937269,KXBTCD-26MAR2222-T68099.99 (1h),0.51,MARKET_DATA,REAL
2026-03-22T20:32:49.026089,KXBTCD-26MAR2222-T67899.99 (1h),0.82,MARKET_DATA,REAL
2026-03-22T20:32:49.116221,KXBTCD-26MAR2222-T68299.99 (1h),0.18,MARKET_DATA,REAL
2026-03-22T20:32:50.467664,KXHIGHNY-26MAR22-B62.5 (Market),0.99,MARKET_DATA,REAL
2026-03-22T20:32:50.469650,KXHIGHNY (F),51.98,MARKET_DATA,REAL
2026-03-22T20:32:52.627249,KXHIGHLAX-26MAR22-T75 (Market),0.99,MARKET_DATA,REAL
2026-03-22T20:32:52.628559,KXHIGHLAX (F),62.6,MARKET_DATA,REAL
2026-03-22T20:32:54.768314,KXHIGHCHI-26MAR22-T65 (Market),0.99,MARKET_DATA,REAL
2026-03-22T20:32:54.769757,KXHIGHCHI (F),33.8,MARKET_DATA,REAL
2026-03-22T20:32:56.894760,KXHIGHMIA-26MAR22-B81.5 (Market),0.99,MARKET_DATA,REAL
2026-03-22T20:32:56.896478,KXHIGHMIA (F),71.6,MARKET_DATA,REAL
2026-03-22T20:33:00.354689,BTC-USD (Coinbase),68103.0,MARKET_DATA,REAL
2026-03-22T20:33:00.443567,KXBTC15M-26MAR222145-45 (15m),0.5,MARKET_DATA,REAL
2026-03-22T20:33:02.554570,KXBTCD-26MAR2222-T68099.99 (1h),0.47,MARKET_DATA,REAL
2026-03-22T20:33:02.641978,KXBTCD-26MAR2222-T67899.99 (1h),0.81,MARKET_DATA,REAL
2026-03-22T20:33:02.729812,KXBTCD-26MAR2222-T68299.99 (1h),0.17,MARKET_DATA,REAL
2026-03-22T20:33:03.950708,KXHIGHNY-26MAR22-B62.5 (Market),0.99,MARKET_DATA,REAL
2026-03-22T20:33:03.952354,KXHIGHNY (F),51.98,MARKET_DATA,REAL
2026-03-22T20:33:06.174518,KXHIGHLAX-26MAR22-T75 (Market),0.99,MARKET_DATA,REAL
2026-03-22T20:33:06.175896,KXHIGHLAX (F),62.6,MARKET_DATA,REAL
2026-03-22T20:33:08.361459,KXHIGHCHI-26MAR22-T65 (Market),0.99,MARKET_DATA,REAL
2026-03-22T20:33:08.363073,KXHIGHCHI (F),33.8,MARKET_DATA,REAL
2026-03-22T20:33:10.538333,KXHIGHMIA-26MAR22-B81.5 (Market),0.99,MARKET_DATA,REAL
2026-03-22T20:33:10.539034,KXHIGHMIA (F),71.6,MARKET_DATA,REAL
2026-03-22T20:33:14.172814,BTC-USD (Coinbase),68122.71,MARKET_DATA,REAL
2026-03-22T20:33:14.258979,KXBTC15M-26MAR222145-45 (15m),0.57,MARKET_DATA,REAL
2026-03-22T20:33:16.632214,KXBTCD-26MAR2222-T68099.99 (1h),0.5,MARKET_DATA,REAL
2026-03-22T20:33:16.723675,KXBTCD-26MAR2222-T67899.99 (1h),0.81,MARKET_DATA,REAL
2026-03-22T20:33:16.808706,KXBTCD-26MAR2222-T68299.99 (1h),0.17,MARKET_DATA,REAL
2026-03-22T20:33:18.011236,KXHIGHNY-26MAR22-B62.5 (Market),0.99,MARKET_DATA,REAL
2026-03-22T20:33:18.012788,KXHIGHNY (F),51.98,MARKET_DATA,REAL
2026-03-22T20:33:20.252083,KXHIGHLAX-26MAR22-T75 (Market),0.99,MARKET_DATA,REAL
2026-03-22T20:33:20.252824,KXHIGHLAX (F),62.6,MARKET_DATA,REAL
2026-03-22T20:33:22.462938,KXHIGHCHI-26MAR22-T65 (Market),0.99,MARKET_DATA,REAL
2026-03-22T20:33:22.463686,KXHIGHCHI (F),33.8,MARKET_DATA,REAL
2026-03-22T20:33:24.635117,KXHIGHMIA-26MAR22-B81.5 (Market),0.99,MARKET_DATA,REAL
2026-03-22T20:33:24.636777,KXHIGHMIA (F),71.6,MARKET_DATA,REAL
2026-03-22T20:33:28.109819,BTC-USD (Coinbase),68117.71,MARKET_DATA,REAL
2026-03-22T20:33:28.202002,KXBTC15M-26MAR222145-45 (15m),0.56,MARKET_DATA,REAL
2026-03-22T20:33:30.368441,KXBTCD-26MAR2222-T68099.99 (1h),0.5,MARKET_DATA,REAL
2026-03-22T20:33:30.510873,KXBTCD-26MAR2222-T67899.99 (1h),0.81,MARKET_DATA,REAL
2026-03-22T20:33:30.601385,KXBTCD-26MAR2222-T68299.99 (1h),0.18,MARKET_DATA,REAL
2026-03-22T20:33:31.877154,KXHIGHNY-26MAR22-B62.5 (Market),0.99,MARKET_DATA,REAL
2026-03-22T20:33:31.878999,KXHIGHNY (F),51.98,MARKET_DATA,REAL
2026-03-22T20:33:34.075501,KXHIGHLAX-26MAR22-T75 (Market),0.99,MARKET_DATA,REAL
2026-03-22T20:33:34.076541,KXHIGHLAX (F),62.6,MARKET_DATA,REAL
2026-03-22T20:33:37.744086,KXHIGHCHI-26MAR22-T65 (Market),0.99,MARKET_DATA,REAL
2026-03-22T20:33:37.745858,KXHIGHCHI (F),33.8,MARKET_DATA,REAL
2026-03-22T20:33:41.064195,KXHIGHMIA-26MAR22-B81.5 (Market),0.99,MARKET_DATA,REAL
2026-03-22T20:33:41.066068,KXHIGHMIA (F),71.6,MARKET_DATA,REAL
2026-03-22T20:33:44.710914,BTC-USD (Coinbase),68124.0,MARKET_DATA,REAL
2026-03-22T20:33:44.879350,KXBTC15M-26MAR222145-45 (15m),0.54,MARKET_DATA,REAL
2026-03-22T20:33:46.986668,KXBTCD-26MAR2222-T68099.99 (1h),0.5,MARKET_DATA,REAL
2026-03-22T20:33:47.075700,KXBTCD-26MAR2222-T67899.99 (1h),0.81,MARKET_DATA,REAL
2026-03-22T20:33:47.166812,KXBTCD-26MAR2222-T68299.99 (1h),0.17,MARKET_DATA,REAL
2026-03-22T20:33:49.655248,KXHIGHNY-26MAR22-B62.5 (Market),0.99,MARKET_DATA,REAL
2026-03-22T20:33:49.656498,KXHIGHNY (F),51.98,MARKET_DATA,REAL
2026-03-22T20:33:53.349794,KXHIGHLAX-26MAR22-T75 (Market),0.99,MARKET_DATA,REAL
2026-03-22T20:33:53.351139,KXHIGHLAX (F),62.6,MARKET_DATA,REAL
2026-03-22T20:33:55.825206,KXHIGHCHI-26MAR22-T65 (Market),0.99,MARKET_DATA,REAL
2026-03-22T20:33:55.826295,KXHIGHCHI (F),33.8,MARKET_DATA,REAL
2026-03-22T20:33:58.031392,KXHIGHMIA-26MAR22-B81.5 (Market),0.99,MARKET_DATA,REAL
2026-03-22T20:33:58.032394,KXHIGHMIA (F),71.6,MARKET_DATA,REAL
2026-03-22T20:34:01.511748,BTC-USD (Coinbase),68071.51,MARKET_DATA,REAL
2026-03-22T20:34:01.598059,KXBTC15M-26MAR222145-45 (15m),0.55,MARKET_DATA,REAL
2026-03-22T20:34:03.730199,KXBTCD-26MAR2222-T68099.99 (1h),0.46,MARKET_DATA,REAL
2026-03-22T20:34:03.812192,KXBTCD-26MAR2222-T67899.99 (1h),0.83,MARKET_DATA,REAL
2026-03-22T20:34:03.904330,KXBTCD-26MAR2222-T68299.99 (1h),0.16,MARKET_DATA,REAL
2026-03-22T20:34:05.197969,KXHIGHNY-26MAR22-B62.5 (Market),0.99,MARKET_DATA,REAL
2026-03-22T20:34:05.199054,KXHIGHNY (F),51.98,MARKET_DATA,REAL
2026-03-22T20:34:07.344436,KXHIGHLAX-26MAR22-T75 (Market),0.99,MARKET_DATA,REAL
2026-03-22T20:34:07.345985,KXHIGHLAX (F),62.6,MARKET_DATA,REAL
2026-03-22T20:34:09.521863,KXHIGHCHI-26MAR22-T65 (Market),0.99,MARKET_DATA,REAL
2026-03-22T20:34:09.523149,KXHIGHCHI (F),33.8,MARKET_DATA,REAL
2026-03-22T20:34:11.654458,KXHIGHMIA-26MAR22-B81.5 (Market),0.99,MARKET_DATA,REAL
2026-03-22T20:34:11.655110,KXHIGHMIA (F),71.6,MARKET_DATA,REAL
2026-03-22T20:34:15.191052,BTC-USD (Coinbase),68029.5,MARKET_DATA,REAL
2026-03-22T20:34:15.308828,KXBTC15M-26MAR222145-45 (15m),0.43,MARKET_DATA,REAL
2026-03-22T20:34:17.438060,KXBTCD-26MAR2222-T67999.99 (1h),0.61,MARKET_DATA,REAL
2026-03-22T20:34:17.527551,KXBTCD-26MAR2222-T67799.99 (1h),0.85,MARKET_DATA,REAL
2026-03-22T20:34:17.614786,KXBTCD-26MAR2222-T68199.99 (1h),0.25,MARKET_DATA,REAL
2026-03-22T20:34:18.875198,KXHIGHNY-26MAR22-B62.5 (Market),0.99,MARKET_DATA,REAL
2026-03-22T20:34:18.875885,KXHIGHNY (F),51.98,MARKET_DATA,REAL
2026-03-22T20:34:26.078306,KXHIGHLAX-26MAR22-T75 (Market),0.99,MARKET_DATA,REAL
2026-03-22T20:34:26.079857,KXHIGHLAX (F),62.6,MARKET_DATA,REAL
2026-03-22T20:34:29.680488,KXHIGHCHI-26MAR22-T65 (Market),0.99,MARKET_DATA,REAL
2026-03-22T20:34:29.681212,KXHIGHCHI (F),33.8,MARKET_DATA,REAL
2026-03-22T20:34:33.282611,KXHIGHMIA-26MAR22-B81.5 (Market),0.99,MARKET_DATA,REAL
2026-03-22T20:34:33.284032,KXHIGHMIA (F),71.6,MARKET_DATA,REAL
2026-03-22T20:34:36.882098,BTC-USD (Coinbase),68025.96,MARKET_DATA,REAL
2026-03-22T20:34:36.971752,KXBTC15M-26MAR222145-45 (15m),0.31,MARKET_DATA,REAL
2026-03-22T20:34:39.171557,KXBTCD-26MAR2222-T67999.99 (1h),0.53,MARKET_DATA,REAL
2026-03-22T20:34:39.298994,KXBTCD-26MAR2222-T67799.99 (1h),0.84,MARKET_DATA,REAL
2026-03-22T20:34:39.388974,KXBTCD-26MAR2222-T68199.99 (1h),0.2,MARKET_DATA,REAL
2026-03-22T20:34:39.488057,KXBTCD-26MAR2222-T67999.99,0.55,SIGNAL_BUY,EXECUTED
2026-03-22T20:34:41.282231,KXHIGHNY-26MAR22-B62.5 (Market),0.99,MARKET_DATA,REAL
2026-03-22T20:34:41.282814,KXHIGHNY (F),51.98,MARKET_DATA,REAL
2026-03-22T20:34:43.779227,KXHIGHLAX-26MAR22-T75 (Market),0.99,MARKET_DATA,REAL
2026-03-22T20:34:43.780865,KXHIGHLAX (F),62.6,MARKET_DATA,REAL
2026-03-22T20:34:47.129150,KXHIGHCHI-26MAR22-T65 (Market),0.99,MARKET_DATA,REAL
2026-03-22T20:34:47.130342,KXHIGHCHI (F),33.8,MARKET_DATA,REAL
2026-03-22T20:34:50.625319,KXHIGHMIA-26MAR22-B81.5 (Market),0.99,MARKET_DATA,REAL
2026-03-22T20:34:50.625679,KXHIGHMIA (F),71.6,MARKET_DATA,REAL
2026-03-22T20:34:54.194771,BTC-USD (Coinbase),68021.95,MARKET_DATA,REAL
2026-03-22T20:34:54.360476,KXBTC15M-26MAR222145-45 (15m),0.31,MARKET_DATA,REAL
2026-03-22T20:34:56.445502,KXBTCD-26MAR2222-T67999.99 (1h),0.49,MARKET_DATA,REAL
2026-03-22T20:34:56.533402,KXBTCD-26MAR2222-T67799.99 (1h),0.84,MARKET_DATA,REAL
2026-03-22T20:34:56.619970,KXBTCD-26MAR2222-T68199.99 (1h),0.19,MARKET_DATA,REAL
2026-03-22T20:34:59.354665,KXHIGHNY-26MAR22-B62.5 (Market),0.99,MARKET_DATA,REAL
2026-03-22T20:34:59.355031,KXHIGHNY (F),51.98,MARKET_DATA,REAL
2026-03-22T20:35:02.822202,KXHIGHLAX-26MAR22-T75 (Market),0.99,MARKET_DATA,REAL
2026-03-22T20:35:02.823547,KXHIGHLAX (F),62.6,MARKET_DATA,REAL
2026-03-22T20:35:05.009199,KXHIGHCHI-26MAR22-T65 (Market),0.99,MARKET_DATA,REAL
2026-03-22T20:35:05.009841,KXHIGHCHI (F),33.8,MARKET_DATA,REAL
2026-03-22T20:35:07.163379,KXHIGHMIA-26MAR22-B81.5 (Market),0.99,MARKET_DATA,REAL
2026-03-22T20:35:07.164538,KXHIGHMIA (F),71.6,MARKET_DATA,REAL
2026-03-22T20:35:10.744884,BTC-USD (Coinbase),68050.36,MARKET_DATA,REAL
2026-03-22T20:35:10.834257,KXBTC15M-26MAR222145-45 (15m),0.32,MARKET_DATA,REAL
2026-03-22T20:35:12.969983,KXBTCD-26MAR2222-T68099.99 (1h),0.37,MARKET_DATA,REAL
2026-03-22T20:35:13.111563,KXBTCD-26MAR2222-T67899.99 (1h),0.73,MARKET_DATA,REAL
2026-03-22T20:35:13.209475,KXBTCD-26MAR2222-T68299.99 (1h),0.1,MARKET_DATA,REAL
2026-03-22T20:35:14.449047,KXHIGHNY-26MAR22-B62.5 (Market),0.99,MARKET_DATA,REAL
2026-03-22T20:35:14.450980,KXHIGHNY (F),51.98,MARKET_DATA,REAL
2026-03-22T20:35:16.589989,KXHIGHLAX-26MAR22-T75 (Market),0.99,MARKET_DATA,REAL
2026-03-22T20:35:16.590623,KXHIGHLAX (F),62.6,MARKET_DATA,REAL
2026-03-22T20:35:18.705775,KXHIGHCHI-26MAR22-T65 (Market),0.99,MARKET_DATA,REAL
2026-03-22T20:35:18.707131,KXHIGHCHI (F),33.8,MARKET_DATA,REAL
2026-03-22T20:35:20.855418,KXHIGHMIA-26MAR22-B81.5 (Market),0.99,MARKET_DATA,REAL
2026-03-22T20:35:20.856047,KXHIGHMIA (F),71.6,MARKET_DATA,REAL
2026-03-22T20:35:24.496654,BTC-USD (Coinbase),68050.03,MARKET_DATA,REAL
2026-03-22T20:35:24.582280,KXBTC15M-26MAR222145-45 (15m),0.38,MARKET_DATA,REAL
2026-03-22T20:35:26.795130,KXBTCD-26MAR2222-T68099.99 (1h),0.35,MARKET_DATA,REAL
2026-03-22T20:35:26.884970,KXBTCD-26MAR2222-T67899.99 (1h),0.72,MARKET_DATA,REAL
2026-03-22T20:35:26.975682,KXBTCD-26MAR2222-T68299.99 (1h),0.11,MARKET_DATA,REAL
2026-03-22T20:35:28.260175,KXHIGHNY-26MAR22-B62.5 (Market),0.99,MARKET_DATA,REAL
2026-03-22T20:35:28.261684,KXHIGHNY (F),51.98,MARKET_DATA,REAL
2026-03-22T20:35:30.613258,KXHIGHLAX-26MAR22-T75 (Market),0.99,MARKET_DATA,REAL
2026-03-22T20:35:30.614757,KXHIGHLAX (F),62.6,MARKET_DATA,REAL
2026-03-22T20:35:32.746817,KXHIGHCHI-26MAR22-T65 (Market),0.99,MARKET_DATA,REAL
2026-03-22T20:35:32.748237,KXHIGHCHI (F),33.8,MARKET_DATA,REAL
2026-03-22T20:35:34.905656,KXHIGHMIA-26MAR22-B81.5 (Market),0.99,MARKET_DATA,REAL
2026-03-22T20:35:34.906848,KXHIGHMIA (F),71.6,MARKET_DATA,REAL
2026-03-22T20:35:38.356404,BTC-USD (Coinbase),68049.45,MARKET_DATA,REAL
2026-03-22T20:35:38.444445,KXBTC15M-26MAR222145-45 (15m),0.39,MARKET_DATA,REAL
2026-03-22T20:35:40.723922,KXBTCD-26MAR2222-T67999.99 (1h),0.57,MARKET_DATA,REAL
2026-03-22T20:35:40.815580,KXBTCD-26MAR2222-T67799.99 (1h),0.88,MARKET_DATA,REAL
2026-03-22T20:35:40.918925,KXBTCD-26MAR2222-T68199.99 (1h),0.23,MARKET_DATA,REAL
2026-03-22T20:35:42.197551,KXHIGHNY-26MAR22-B62.5 (Market),0.99,MARKET_DATA,REAL
2026-03-22T20:35:42.199143,KXHIGHNY (F),51.98,MARKET_DATA,REAL
2026-03-22T20:35:44.324151,KXHIGHLAX-26MAR22-T75 (Market),0.99,MARKET_DATA,REAL
2026-03-22T20:35:44.324498,KXHIGHLAX (F),62.6,MARKET_DATA,REAL
2026-03-22T20:35:46.450411,KXHIGHCHI-26MAR22-T65 (Market),0.99,MARKET_DATA,REAL
2026-03-22T20:35:46.451010,KXHIGHCHI (F),33.8,MARKET_DATA,REAL
2026-03-22T20:35:48.590073,KXHIGHMIA-26MAR22-B81.5 (Market),0.99,MARKET_DATA,REAL
2026-03-22T20:35:48.591683,KXHIGHMIA (F),71.6,MARKET_DATA,REAL
2026-03-22T20:35:52.093123,BTC-USD (Coinbase),68021.34,MARKET_DATA,REAL
2026-03-22T20:35:52.189991,KXBTC15M-26MAR222145-45 (15m),0.37,MARKET_DATA,REAL
2026-03-22T20:35:54.319544,KXBTCD-26MAR2222-T67999.99 (1h),0.52,MARKET_DATA,REAL
2026-03-22T20:35:54.409262,KXBTCD-26MAR2222-T67799.99 (1h),0.88,MARKET_DATA,REAL
2026-03-22T20:35:54.500552,KXBTCD-26MAR2222-T68199.99 (1h),0.19,MARKET_DATA,REAL
2026-03-22T20:35:55.700008,KXHIGHNY-26MAR22-B62.5 (Market),0.99,MARKET_DATA,REAL
2026-03-22T20:35:55.701157,KXHIGHNY (F),51.98,MARKET_DATA,REAL
2026-03-22T20:35:57.925543,KXHIGHLAX-26MAR22-T75 (Market),0.99,MARKET_DATA,REAL
2026-03-22T20:35:57.926488,KXHIGHLAX (F),62.6,MARKET_DATA,REAL
2026-03-22T20:36:01.309880,KXHIGHCHI-26MAR22-T65 (Market),0.99,MARKET_DATA,REAL
2026-03-22T20:36:01.311554,KXHIGHCHI (F),33.8,MARKET_DATA,REAL
2026-03-22T20:36:04.839338,KXHIGHMIA-26MAR22-B81.5 (Market),0.99,MARKET_DATA,REAL
2026-03-22T20:36:04.841055,KXHIGHMIA (F),71.6,MARKET_DATA,REAL
2026-03-22T20:36:08.319740,BTC-USD (Coinbase),68037.99,MARKET_DATA,REAL
2026-03-22T20:36:08.485210,KXBTC15M-26MAR222145-45 (15m),0.33,MARKET_DATA,REAL
2026-03-22T20:36:10.604664,KXBTCD-26MAR2222-T67999.99 (1h),0.55,MARKET_DATA,REAL
2026-03-22T20:36:10.693304,KXBTCD-26MAR2222-T67799.99 (1h),0.87,MARKET_DATA,REAL
2026-03-22T20:36:10.780886,KXBTCD-26MAR2222-T68199.99 (1h),0.2,MARKET_DATA,REAL
2026-03-22T20:36:13.195732,KXHIGHNY-26MAR22-B62.5 (Market),0.99,MARKET_DATA,REAL
2026-03-22T20:36:13.196102,KXHIGHNY (F),51.98,MARKET_DATA,REAL
2026-03-22T20:36:16.496665,KXHIGHLAX-26MAR22-T75 (Market),0.99,MARKET_DATA,REAL
2026-03-22T20:36:16.498241,KXHIGHLAX (F),62.6,MARKET_DATA,REAL
2026-03-22T20:36:18.952921,KXHIGHCHI-26MAR22-T65 (Market),0.99,MARKET_DATA,REAL
2026-03-22T20:36:18.954119,KXHIGHCHI (F),33.8,MARKET_DATA,REAL
2026-03-22T20:36:21.108437,KXHIGHMIA-26MAR22-B81.5 (Market),0.99,MARKET_DATA,REAL
2026-03-22T20:36:21.109460,KXHIGHMIA (F),71.6,MARKET_DATA,REAL
2026-03-22T20:36:24.573419,BTC-USD (Coinbase),68020.98,MARKET_DATA,REAL
2026-03-22T20:36:24.660066,KXBTC15M-26MAR222145-45 (15m),0.29,MARKET_DATA,REAL
2026-03-22T20:36:26.796717,KXBTCD-26MAR2222-T67999.99 (1h),0.52,MARKET_DATA,REAL
2026-03-22T20:36:26.888880,KXBTCD-26MAR2222-T67799.99 (1h),0.87,MARKET_DATA,REAL
2026-03-22T20:36:26.981168,KXBTCD-26MAR2222-T68199.99 (1h),0.18,MARKET_DATA,REAL
2026-03-22T20:36:28.242223,KXHIGHNY-26MAR22-B62.5 (Market),0.99,MARKET_DATA,REAL
2026-03-22T20:36:28.243696,KXHIGHNY (F),51.98,MARKET_DATA,REAL
2026-03-22T20:36:30.445649,KXHIGHLAX-26MAR22-T75 (Market),0.99,MARKET_DATA,REAL
2026-03-22T20:36:30.446344,KXHIGHLAX (F),62.6,MARKET_DATA,REAL
2026-03-22T20:36:32.623980,KXHIGHCHI-26MAR22-T65 (Market),0.99,MARKET_DATA,REAL
2026-03-22T20:36:32.625138,KXHIGHCHI (F),33.8,MARKET_DATA,REAL
2026-03-22T20:36:34.765752,KXHIGHMIA-26MAR22-B81.5 (Market),0.99,MARKET_DATA,REAL
2026-03-22T20:36:34.767114,KXHIGHMIA (F),71.6,MARKET_DATA,REAL
2026-03-22T20:36:38.265220,BTC-USD (Coinbase),68024.25,MARKET_DATA,REAL
2026-03-22T20:36:38.364407,KXBTC15M-26MAR222145-45 (15m),0.33,MARKET_DATA,REAL
2026-03-22T20:36:40.541014,KXBTCD-26MAR2222-T67999.99 (1h),0.55,MARKET_DATA,REAL
2026-03-22T20:36:40.632587,KXBTCD-26MAR2222-T67799.99 (1h),0.87,MARKET_DATA,REAL
2026-03-22T20:36:40.724263,KXBTCD-26MAR2222-T68199.99 (1h),0.2,MARKET_DATA,REAL
2026-03-22T20:36:42.021135,KXHIGHNY-26MAR22-B62.5 (Market),0.99,MARKET_DATA,REAL
2026-03-22T20:36:42.022044,KXHIGHNY (F),51.98,MARKET_DATA,REAL
2026-03-22T20:36:44.252194,KXHIGHLAX-26MAR22-T75 (Market),0.99,MARKET_DATA,REAL
2026-03-22T20:36:44.253384,KXHIGHLAX (F),62.6,MARKET_DATA,REAL
2026-03-22T20:36:46.394433,KXHIGHCHI-26MAR22-T65 (Market),0.99,MARKET_DATA,REAL
2026-03-22T20:36:46.395262,KXHIGHCHI (F),33.8,MARKET_DATA,REAL
2026-03-22T20:36:48.603216,KXHIGHMIA-26MAR22-B81.5 (Market),0.99,MARKET_DATA,REAL
2026-03-22T20:36:48.604239,KXHIGHMIA (F),71.6,MARKET_DATA,REAL
2026-03-22T20:36:52.184581,BTC-USD (Coinbase),68067.4,MARKET_DATA,REAL
2026-03-22T20:36:52.271115,KXBTC15M-26MAR222145-45 (15m),0.34,MARKET_DATA,REAL
2026-03-22T20:36:54.406014,KXBTCD-26MAR2222-T68099.99 (1h),0.4,MARKET_DATA,REAL
2026-03-22T20:36:54.551108,KXBTCD-26MAR2222-T67899.99 (1h),0.8,MARKET_DATA,REAL
2026-03-22T20:36:54.638236,KXBTCD-26MAR2222-T68299.99 (1h),0.13,MARKET_DATA,REAL
2026-03-22T20:36:55.821303,KXHIGHNY-26MAR22-B62.5 (Market),0.99,MARKET_DATA,REAL
2026-03-22T20:36:55.822847,KXHIGHNY (F),51.98,MARKET_DATA,REAL
2026-03-22T20:36:58.024844,KXHIGHLAX-26MAR22-T75 (Market),0.99,MARKET_DATA,REAL
2026-03-22T20:36:58.026204,KXHIGHLAX (F),62.6,MARKET_DATA,REAL
2026-03-22T20:37:00.177456,KXHIGHCHI-26MAR22-T65 (Market),0.99,MARKET_DATA,REAL
2026-03-22T20:37:00.178517,KXHIGHCHI (F),33.8,MARKET_DATA,REAL
2026-03-22T20:37:02.337358,KXHIGHMIA-26MAR22-B81.5 (Market),0.99,MARKET_DATA,REAL
2026-03-22T20:37:02.338609,KXHIGHMIA (F),71.6,MARKET_DATA,REAL
2026-03-22T20:37:05.797266,BTC-USD (Coinbase),68050.81,MARKET_DATA,REAL
2026-03-22T20:37:05.886037,KXBTC15M-26MAR222145-45 (15m),0.35,MARKET_DATA,REAL
2026-03-22T20:37:07.930185,KXBTCD-26MAR2222-T68099.99 (1h),0.36,MARKET_DATA,REAL
2026-03-22T20:37:08.029845,KXBTCD-26MAR2222-T67899.99 (1h),0.76,MARKET_DATA,REAL
2026-03-22T20:37:08.120664,KXBTCD-26MAR2222-T68299.99 (1h),0.11,MARKET_DATA,REAL
2026-03-22T20:37:09.341567,KXHIGHNY-26MAR22-B62.5 (Market),0.99,MARKET_DATA,REAL
2026-03-22T20:37:09.343039,KXHIGHNY (F),51.98,MARKET_DATA,REAL
2026-03-22T20:37:11.545893,KXHIGHLAX-26MAR22-T75 (Market),0.99,MARKET_DATA,REAL
2026-03-22T20:37:11.546880,KXHIGHLAX (F),62.6,MARKET_DATA,REAL
2026-03-22T20:37:14.884121,KXHIGHCHI-26MAR22-T65 (Market),0.99,MARKET_DATA,REAL
2026-03-22T20:37:14.885107,KXHIGHCHI (F),33.8,MARKET_DATA,REAL
2026-03-22T20:37:18.488282,KXHIGHMIA-26MAR22-B81.5 (Market),0.99,MARKET_DATA,REAL
2026-03-22T20:37:18.489426,KXHIGHMIA (F),71.6,MARKET_DATA,REAL
2026-03-22T20:37:22.018557,BTC-USD (Coinbase),68058.58,MARKET_DATA,REAL
2026-03-22T20:37:22.191577,KXBTC15M-26MAR222145-45 (15m),0.4,MARKET_DATA,REAL
2026-03-22T20:37:24.257390,KXBTCD-26MAR2222-T68099.99 (1h),0.4,MARKET_DATA,REAL
2026-03-22T20:37:24.348882,KXBTCD-26MAR2222-T67899.99 (1h),0.78,MARKET_DATA,REAL
2026-03-22T20:37:24.437767,KXBTCD-26MAR2222-T68299.99 (1h),0.11,MARKET_DATA,REAL
2026-03-22T20:37:26.966998,KXHIGHNY-26MAR22-B62.5 (Market),0.99,MARKET_DATA,REAL
2026-03-22T20:37:26.968348,KXHIGHNY (F),51.98,MARKET_DATA,REAL
2026-03-22T20:37:30.373904,KXHIGHLAX-26MAR22-T75 (Market),0.99,MARKET_DATA,REAL
2026-03-22T20:37:30.375382,KXHIGHLAX (F),62.6,MARKET_DATA,REAL
2026-03-22T20:37:32.810003,KXHIGHCHI-26MAR22-T65 (Market),0.99,MARKET_DATA,REAL
2026-03-22T20:37:32.810627,KXHIGHCHI (F),33.8,MARKET_DATA,REAL
2026-03-22T20:37:35.004136,KXHIGHMIA-26MAR22-B81.5 (Market),0.99,MARKET_DATA,REAL
2026-03-22T20:37:35.005054,KXHIGHMIA (F),71.6,MARKET_DATA,REAL
2026-03-22T20:37:38.636853,BTC-USD (Coinbase),68051.33,MARKET_DATA,REAL
2026-03-22T20:37:38.723746,KXBTC15M-26MAR222145-45 (15m),0.38,MARKET_DATA,REAL
2026-03-22T20:37:40.807138,KXBTCD-26MAR2222-T67999.99 (1h),0.6,MARKET_DATA,REAL
2026-03-22T20:37:40.897419,KXBTCD-26MAR2222-T67799.99 (1h),0.89,MARKET_DATA,REAL
2026-03-22T20:37:40.989851,KXBTCD-26MAR2222-T68199.99 (1h),0.22,MARKET_DATA,REAL
2026-03-22T20:37:41.094282,KXBTCD-26MAR2222-T67999.99,0.62,SIGNAL_BUY,EXECUTED
2026-03-22T20:37:42.222719,KXHIGHNY-26MAR22-B62.5 (Market),0.99,MARKET_DATA,REAL
2026-03-22T20:37:42.223848,KXHIGHNY (F),51.98,MARKET_DATA,REAL
2026-03-22T20:37:44.443821,KXHIGHLAX-26MAR22-T75 (Market),0.99,MARKET_DATA,REAL
2026-03-22T20:37:44.444826,KXHIGHLAX (F),62.6,MARKET_DATA,REAL
2026-03-22T20:37:46.618250,KXHIGHCHI-26MAR22-T65 (Market),0.99,MARKET_DATA,REAL
2026-03-22T20:37:46.619495,KXHIGHCHI (F),33.8,MARKET_DATA,REAL
2026-03-22T20:37:48.781696,KXHIGHMIA-26MAR22-B81.5 (Market),0.99,MARKET_DATA,REAL
2026-03-22T20:37:48.783129,KXHIGHMIA (F),71.6,MARKET_DATA,REAL
2026-03-22T20:37:52.350213,BTC-USD (Coinbase),68021.33,MARKET_DATA,REAL
2026-03-22T20:37:52.439350,KXBTC15M-26MAR222145-45 (15m),0.36,MARKET_DATA,REAL
2026-03-22T20:37:54.509711,KXBTCD-26MAR2222-T67999.99 (1h),0.54,MARKET_DATA,REAL
2026-03-22T20:37:54.651182,KXBTCD-26MAR2222-T67799.99 (1h),0.87,MARKET_DATA,REAL
2026-03-22T20:37:54.742881,KXBTCD-26MAR2222-T68199.99 (1h),0.2,MARKET_DATA,REAL
2026-03-22T20:37:55.966889,KXHIGHNY-26MAR22-B62.5 (Market),0.99,MARKET_DATA,REAL
2026-03-22T20:37:55.967771,KXHIGHNY (F),51.98,MARKET_DATA,REAL
2026-03-22T20:37:58.176182,KXHIGHLAX-26MAR22-T75 (Market),0.99,MARKET_DATA,REAL
2026-03-22T20:37:58.177745,KXHIGHLAX (F),62.6,MARKET_DATA,REAL
2026-03-22T20:38:01.462876,KXHIGHCHI-26MAR22-T65 (Market),0.99,MARKET_DATA,REAL
2026-03-22T20:38:01.464014,KXHIGHCHI (F),33.8,MARKET_DATA,REAL
2026-03-22T20:38:03.975270,KXHIGHMIA-26MAR22-B81.5 (Market),0.99,MARKET_DATA,REAL
2026-03-22T20:38:03.976504,KXHIGHMIA (F),71.6,MARKET_DATA,REAL
2026-03-22T20:38:07.542534,BTC-USD (Coinbase),68097.69,MARKET_DATA,REAL
2026-03-22T20:38:07.639332,KXBTC15M-26MAR222145-45 (15m),0.3,MARKET_DATA,REAL
2026-03-22T20:38:09.830614,KXBTCD-26MAR2222-T68099.99 (1h),0.44,MARKET_DATA,REAL
2026-03-22T20:38:09.922975,KXBTCD-26MAR2222-T67899.99 (1h),0.74,MARKET_DATA,REAL
2026-03-22T20:38:10.015585,KXBTCD-26MAR2222-T68299.99 (1h),0.09,MARKET_DATA,REAL
2026-03-22T20:38:11.532478,KXHIGHNY-26MAR22-B62.5 (Market),0.99,MARKET_DATA,REAL
2026-03-22T20:38:11.532935,KXHIGHNY (F),51.98,MARKET_DATA,REAL
2026-03-22T20:38:14.001508,KXHIGHLAX-26MAR22-T75 (Market),0.99,MARKET_DATA,REAL
2026-03-22T20:38:14.001927,KXHIGHLAX (F),62.6,MARKET_DATA,REAL
2026-03-22T20:38:17.375196,KXHIGHCHI-26MAR22-T65 (Market),0.99,MARKET_DATA,REAL
2026-03-22T20:38:17.376713,KXHIGHCHI (F),33.8,MARKET_DATA,REAL
2026-03-22T20:38:20.729430,KXHIGHMIA-26MAR22-B81.5 (Market),0.99,MARKET_DATA,REAL
2026-03-22T20:38:20.731117,KXHIGHMIA (F),71.6,MARKET_DATA,REAL
2026-03-22T20:38:24.366314,BTC-USD (Coinbase),68119.99,MARKET_DATA,REAL
2026-03-22T20:38:24.585694,KXBTC15M-26MAR222145-45 (15m),0.61,MARKET_DATA,REAL
2026-03-22T20:38:26.684828,KXBTCD-26MAR2222-T68099.99 (1h),0.53,MARKET_DATA,REAL
2026-03-22T20:38:26.771031,KXBTCD-26MAR2222-T67899.99 (1h),0.87,MARKET_DATA,REAL
2026-03-22T20:38:26.858259,KXBTCD-26MAR2222-T68299.99 (1h),0.13,MARKET_DATA,REAL
2026-03-22T20:38:29.237648,KXHIGHNY-26MAR22-B62.5 (Market),0.99,MARKET_DATA,REAL
2026-03-22T20:38:29.238241,KXHIGHNY (F),51.98,MARKET_DATA,REAL
2026-03-22T20:38:32.555377,KXHIGHLAX-26MAR22-T75 (Market),0.99,MARKET_DATA,REAL
2026-03-22T20:38:32.556986,KXHIGHLAX (F),62.6,MARKET_DATA,REAL
2026-03-22T20:38:34.751150,KXHIGHCHI-26MAR22-T65 (Market),0.99,MARKET_DATA,REAL
2026-03-22T20:38:34.752032,KXHIGHCHI (F),33.8,MARKET_DATA,REAL
2026-03-22T20:38:36.916016,KXHIGHMIA-26MAR22-B81.5 (Market),0.99,MARKET_DATA,REAL
2026-03-22T20:38:36.916402,KXHIGHMIA (F),71.6,MARKET_DATA,REAL
2026-03-22T20:38:40.355415,BTC-USD (Coinbase),68109.3,MARKET_DATA,REAL
2026-03-22T20:38:40.443648,KXBTC15M-26MAR222145-45 (15m),0.62,MARKET_DATA,REAL
2026-03-22T20:38:42.538524,KXBTCD-26MAR2222-T68099.99 (1h),0.5,MARKET_DATA,REAL
2026-03-22T20:38:42.629522,KXBTCD-26MAR2222-T67899.99 (1h),0.87,MARKET_DATA,REAL
2026-03-22T20:38:42.725492,KXBTCD-26MAR2222-T68299.99 (1h),0.13,MARKET_DATA,REAL
2026-03-22T20:38:44.029895,KXHIGHNY-26MAR22-B62.5 (Market),0.99,MARKET_DATA,REAL
2026-03-22T20:38:44.031824,KXHIGHNY (F),51.98,MARKET_DATA,REAL
2026-03-22T20:38:46.270136,KXHIGHLAX-26MAR22-T75 (Market),0.99,MARKET_DATA,REAL
2026-03-22T20:38:46.270805,KXHIGHLAX (F),62.6,MARKET_DATA,REAL
2026-03-22T20:38:48.446070,KXHIGHCHI-26MAR22-T65 (Market),0.99,MARKET_DATA,REAL
2026-03-22T20:38:48.446912,KXHIGHCHI (F),33.8,MARKET_DATA,REAL
2026-03-22T20:38:50.652338,KXHIGHMIA-26MAR22-B81.5 (Market),0.99,MARKET_DATA,REAL
2026-03-22T20:38:50.652733,KXHIGHMIA (F),71.6,MARKET_DATA,REAL
2026-03-22T20:38:54.123367,BTC-USD (Coinbase),68109.3,MARKET_DATA,REAL
2026-03-22T20:38:54.212226,KXBTC15M-26MAR222145-45 (15m),0.6,MARKET_DATA,REAL
2026-03-22T20:38:56.713464,KXBTCD-26MAR2222-T68099.99 (1h),0.54,MARKET_DATA,REAL
2026-03-22T20:38:56.803131,KXBTCD-26MAR2222-T67899.99 (1h),0.87,MARKET_DATA,REAL
2026-03-22T20:38:56.888154,KXBTCD-26MAR2222-T68299.99 (1h),0.15,MARKET_DATA,REAL
2026-03-22T20:38:58.180999,KXHIGHNY-26MAR22-B62.5 (Market),0.99,MARKET_DATA,REAL
2026-03-22T20:38:58.182432,KXHIGHNY (F),51.98,MARKET_DATA,REAL
2026-03-22T20:39:00.350514,KXHIGHLAX-26MAR22-T75 (Market),0.99,MARKET_DATA,REAL
2026-03-22T20:39:00.351631,KXHIGHLAX (F),62.6,MARKET_DATA,REAL
2026-03-22T20:39:02.561706,KXHIGHCHI-26MAR22-T65 (Market),0.99,MARKET_DATA,REAL
2026-03-22T20:39:02.563117,KXHIGHCHI (F),33.8,MARKET_DATA,REAL
2026-03-22T20:39:04.761297,KXHIGHMIA-26MAR22-B81.5 (Market),0.99,MARKET_DATA,REAL
2026-03-22T20:39:04.762505,KXHIGHMIA (F),71.6,MARKET_DATA,REAL
2026-03-22T20:39:08.132019,BTC-USD (Coinbase),68091.74,MARKET_DATA,REAL
2026-03-22T20:39:08.225442,KXBTC15M-26MAR222145-45 (15m),0.59,MARKET_DATA,REAL
2026-03-22T20:39:10.497918,KXBTCD-26MAR2222-T68099.99 (1h),0.47,MARKET_DATA,REAL
2026-03-22T20:39:10.586644,KXBTCD-26MAR2222-T67899.99 (1h),0.85,MARKET_DATA,REAL
2026-03-22T20:39:10.675411,KXBTCD-26MAR2222-T68299.99 (1h),0.15,MARKET_DATA,REAL
2026-03-22T20:39:11.945544,KXHIGHNY-26MAR22-B62.5 (Market),0.99,MARKET_DATA,REAL
2026-03-22T20:39:11.947162,KXHIGHNY (F),51.98,MARKET_DATA,REAL
2026-03-22T20:39:14.142024,KXHIGHLAX-26MAR22-T75 (Market),0.99,MARKET_DATA,REAL
2026-03-22T20:39:14.143155,KXHIGHLAX (F),62.6,MARKET_DATA,REAL
2026-03-22T20:39:16.275350,KXHIGHCHI-26MAR22-T65 (Market),0.99,MARKET_DATA,REAL
2026-03-22T20:39:16.277225,KXHIGHCHI (F),33.8,MARKET_DATA,REAL
2026-03-22T20:39:18.438042,KXHIGHMIA-26MAR22-B81.5 (Market),0.99,MARKET_DATA,REAL
2026-03-22T20:39:18.439914,KXHIGHMIA (F),71.6,MARKET_DATA,REAL
2026-03-22T20:39:22.008185,BTC-USD (Coinbase),68087.26,MARKET_DATA,REAL
2026-03-22T20:39:22.100386,KXBTC15M-26MAR222145-45 (15m),0.48,MARKET_DATA,REAL
2026-03-22T20:39:24.159597,KXBTCD-26MAR2222-T68099.99 (1h),0.45,MARKET_DATA,REAL
2026-03-22T20:39:24.311777,KXBTCD-26MAR2222-T67899.99 (1h),0.84,MARKET_DATA,REAL
2026-03-22T20:39:24.399887,KXBTCD-26MAR2222-T68299.99 (1h),0.13,MARKET_DATA,REAL
2026-03-22T20:39:25.722420,KXHIGHNY-26MAR22-B62.5 (Market),0.99,MARKET_DATA,REAL
2026-03-22T20:39:25.724021,KXHIGHNY (F),51.98,MARKET_DATA,REAL
2026-03-22T20:39:27.933116,KXHIGHLAX-26MAR22-T75 (Market),0.99,MARKET_DATA,REAL
2026-03-22T20:39:27.933880,KXHIGHLAX (F),62.6,MARKET_DATA,REAL
2026-03-22T20:39:31.262276,KXHIGHCHI-26MAR22-T65 (Market),0.99,MARKET_DATA,REAL
2026-03-22T20:39:31.263448,KXHIGHCHI (F),33.8,MARKET_DATA,REAL
2026-03-22T20:39:34.719756,KXHIGHMIA-26MAR22-B81.5 (Market),0.99,MARKET_DATA,REAL
2026-03-22T20:39:34.721242,KXHIGHMIA (F),71.6,MARKET_DATA,REAL
2026-03-22T20:39:38.077509,BTC-USD (Coinbase),68089.99,MARKET_DATA,REAL
2026-03-22T20:39:38.245998,KXBTC15M-26MAR222145-45 (15m),0.52,MARKET_DATA,REAL
2026-03-22T20:39:40.443181,KXBTCD-26MAR2222-T68099.99 (1h),0.45,MARKET_DATA,REAL
2026-03-22T20:39:40.535534,KXBTCD-26MAR2222-T67899.99 (1h),0.86,MARKET_DATA,REAL
2026-03-22T20:39:40.621487,KXBTCD-26MAR2222-T68299.99 (1h),0.13,MARKET_DATA,REAL
2026-03-22T20:39:43.051690,KXHIGHNY-26MAR22-B62.5 (Market),0.99,MARKET_DATA,REAL
2026-03-22T20:39:43.052795,KXHIGHNY (F),51.98,MARKET_DATA,REAL
2026-03-22T20:39:46.569958,KXHIGHLAX-26MAR22-T75 (Market),0.99,MARKET_DATA,REAL
2026-03-22T20:39:46.571021,KXHIGHLAX (F),62.6,MARKET_DATA,REAL
2026-03-22T20:39:48.773487,KXHIGHCHI-26MAR22-T65 (Market),0.99,MARKET_DATA,REAL
2026-03-22T20:39:48.774484,KXHIGHCHI (F),33.8,MARKET_DATA,REAL
2026-03-22T20:39:50.954612,KXHIGHMIA-26MAR22-B81.5 (Market),0.99,MARKET_DATA,REAL
2026-03-22T20:39:50.955794,KXHIGHMIA (F),71.6,MARKET_DATA,REAL
2026-03-22T20:39:54.362476,BTC-USD (Coinbase),68093.56,MARKET_DATA,REAL
2026-03-22T20:39:54.449624,KXBTC15M-26MAR222145-45 (15m),0.52,MARKET_DATA,REAL
2026-03-22T20:39:56.656957,KXBTCD-26MAR2222-T68099.99 (1h),0.48,MARKET_DATA,REAL
2026-03-22T20:39:56.755520,KXBTCD-26MAR2222-T67899.99 (1h),0.85,MARKET_DATA,REAL
2026-03-22T20:39:56.846472,KXBTCD-26MAR2222-T68299.99 (1h),0.12,MARKET_DATA,REAL
2026-03-22T20:39:58.115874,KXHIGHNY-26MAR22-B62.5 (Market),0.99,MARKET_DATA,REAL
2026-03-22T20:39:58.117552,KXHIGHNY (F),51.98,MARKET_DATA,REAL
2026-03-22T20:40:00.260898,KXHIGHLAX-26MAR22-T75 (Market),0.99,MARKET_DATA,REAL
2026-03-22T20:40:00.261299,KXHIGHLAX (F),62.6,MARKET_DATA,REAL
2026-03-22T20:40:02.442423,KXHIGHCHI-26MAR22-T65 (Market),0.99,MARKET_DATA,REAL
2026-03-22T20:40:02.443879,KXHIGHCHI (F),33.8,MARKET_DATA,REAL
2026-03-22T20:40:04.646572,KXHIGHMIA-26MAR22-B81.5 (Market),0.99,MARKET_DATA,REAL
2026-03-22T20:40:04.647788,KXHIGHMIA (F),71.6,MARKET_DATA,REAL
2026-03-22T20:40:08.022954,BTC-USD (Coinbase),68095.99,MARKET_DATA,REAL
2026-03-22T20:40:08.115627,KXBTC15M-26MAR222145-45 (15m),0.5,MARKET_DATA,REAL
2026-03-22T20:40:10.118792,KXBTCD-26MAR2222-T68099.99 (1h),0.46,MARKET_DATA,REAL
2026-03-22T20:40:10.207540,KXBTCD-26MAR2222-T67899.99 (1h),0.85,MARKET_DATA,REAL
2026-03-22T20:40:10.334631,KXBTCD-26MAR2222-T68299.99 (1h),0.12,MARKET_DATA,REAL
2026-03-22T20:40:11.491370,KXHIGHNY-26MAR22-B62.5 (Market),0.99,MARKET_DATA,REAL
2026-03-22T20:40:11.492047,KXHIGHNY (F),51.98,MARKET_DATA,REAL
2026-03-22T20:40:13.567462,KXHIGHLAX-26MAR22-T75 (Market),0.99,MARKET_DATA,REAL
2026-03-22T20:40:13.568440,KXHIGHLAX (F),62.6,MARKET_DATA,REAL
2026-03-22T20:40:15.756932,KXHIGHCHI-26MAR22-T65 (Market),0.99,MARKET_DATA,REAL
2026-03-22T20:40:15.757871,KXHIGHCHI (F),33.8,MARKET_DATA,REAL
2026-03-22T20:40:17.911174,KXHIGHMIA-26MAR22-B81.5 (Market),0.99,MARKET_DATA,REAL
2026-03-22T20:40:17.911850,KXHIGHMIA (F),71.6,MARKET_DATA,REAL
2026-03-22T20:40:21.304258,BTC-USD (Coinbase),68084.1,MARKET_DATA,REAL
2026-03-22T20:40:21.389460,KXBTC15M-26MAR222145-45 (15m),0.49,MARKET_DATA,REAL
2026-03-22T20:40:23.500636,KXBTCD-26MAR2222-T68099.99 (1h),0.43,MARKET_DATA,REAL
2026-03-22T20:40:23.593129,KXBTCD-26MAR2222-T67899.99 (1h),0.83,MARKET_DATA,REAL
2026-03-22T20:40:23.681541,KXBTCD-26MAR2222-T68299.99 (1h),0.12,MARKET_DATA,REAL
2026-03-22T20:40:24.961236,KXHIGHNY-26MAR22-B62.5 (Market),0.99,MARKET_DATA,REAL
2026-03-22T20:40:24.962525,KXHIGHNY (F),51.98,MARKET_DATA,REAL
2026-03-22T20:40:27.184463,KXHIGHLAX-26MAR22-T75 (Market),0.99,MARKET_DATA,REAL
2026-03-22T20:40:27.185696,KXHIGHLAX (F),62.6,MARKET_DATA,REAL
2026-03-22T20:40:29.381387,KXHIGHCHI-26MAR22-T65 (Market),0.99,MARKET_DATA,REAL
2026-03-22T20:40:29.381733,KXHIGHCHI (F),33.8,MARKET_DATA,REAL
2026-03-22T20:40:31.578331,KXHIGHMIA-26MAR22-B81.5 (Market),0.99,MARKET_DATA,REAL
2026-03-22T20:40:31.579218,KXHIGHMIA (F),71.6,MARKET_DATA,REAL
2026-03-22T20:40:35.096778,BTC-USD (Coinbase),68081.31,MARKET_DATA,REAL
2026-03-22T20:40:35.190610,KXBTC15M-26MAR222145-45 (15m),0.45,MARKET_DATA,REAL
2026-03-22T20:40:37.326770,KXBTCD-26MAR2222-T68099.99 (1h),0.44,MARKET_DATA,REAL
2026-03-22T20:40:37.419698,KXBTCD-26MAR2222-T67899.99 (1h),0.84,MARKET_DATA,REAL
2026-03-22T20:40:37.522720,KXBTCD-26MAR2222-T68299.99 (1h),0.1,MARKET_DATA,REAL
2026-03-22T20:40:38.879907,KXHIGHNY-26MAR22-B62.5 (Market),0.99,MARKET_DATA,REAL
2026-03-22T20:40:38.881263,KXHIGHNY (F),51.98,MARKET_DATA,REAL
2026-03-22T20:40:41.088125,KXHIGHLAX-26MAR22-T75 (Market),0.99,MARKET_DATA,REAL
2026-03-22T20:40:41.088549,KXHIGHLAX (F),62.6,MARKET_DATA,REAL
2026-03-22T20:40:44.362541,KXHIGHCHI-26MAR22-T65 (Market),0.99,MARKET_DATA,REAL
2026-03-22T20:40:44.363350,KXHIGHCHI (F),33.8,MARKET_DATA,REAL
2026-03-22T20:40:48.045618,KXHIGHMIA-26MAR22-B81.5 (Market),0.99,MARKET_DATA,REAL
2026-03-22T20:40:48.047256,KXHIGHMIA (F),71.6,MARKET_DATA,REAL
2026-03-22T20:40:51.451872,BTC-USD (Coinbase),68071.49,MARKET_DATA,REAL
2026-03-22T20:40:51.621664,KXBTC15M-26MAR222145-45 (15m),0.32,MARKET_DATA,REAL
2026-03-22T20:40:53.874475,KXBTCD-26MAR2222-T68099.99 (1h),0.39,MARKET_DATA,REAL
2026-03-22T20:40:53.956720,KXBTCD-26MAR2222-T67899.99 (1h),0.8,MARKET_DATA,REAL
2026-03-22T20:40:54.085788,KXBTCD-26MAR2222-T68299.99 (1h),0.1,MARKET_DATA,REAL
2026-03-22T20:40:54.182042,KXBTCD-26MAR2222-T68099.99,0.41000000000000003,SIGNAL_BUY,EXECUTED
2026-03-22T20:40:56.555855,KXHIGHNY-26MAR22-B62.5 (Market),0.99,MARKET_DATA,REAL
2026-03-22T20:40:56.556488,KXHIGHNY (F),51.98,MARKET_DATA,REAL
2026-03-22T20:41:00.279181,KXHIGHLAX-26MAR22-T75 (Market),0.99,MARKET_DATA,REAL
2026-03-22T20:41:00.280202,KXHIGHLAX (F),62.6,MARKET_DATA,REAL
2026-03-22T20:41:02.662653,KXHIGHCHI-26MAR22-T65 (Market),0.99,MARKET_DATA,REAL
2026-03-22T20:41:02.663898,KXHIGHCHI (F),33.8,MARKET_DATA,REAL
2026-03-22T20:41:04.898370,KXHIGHMIA-26MAR22-B81.5 (Market),0.99,MARKET_DATA,REAL
2026-03-22T20:41:04.899410,KXHIGHMIA (F),71.6,MARKET_DATA,REAL
2026-03-22T20:41:08.403641,BTC-USD (Coinbase),68058.91,MARKET_DATA,REAL
2026-03-22T20:41:08.504401,KXBTC15M-26MAR222145-45 (15m),0.38,MARKET_DATA,REAL
2026-03-22T20:41:10.672209,KXBTCD-26MAR2222-T67999.99 (1h),0.62,MARKET_DATA,REAL
2026-03-22T20:41:10.758881,KXBTCD-26MAR2222-T67799.99 (1h),0.92,MARKET_DATA,REAL
2026-03-22T20:41:10.849983,KXBTCD-26MAR2222-T68199.99 (1h),0.2,MARKET_DATA,REAL
2026-03-22T20:41:12.190482,KXHIGHNY-26MAR22-B62.5 (Market),0.99,MARKET_DATA,REAL
2026-03-22T20:41:12.191258,KXHIGHNY (F),51.98,MARKET_DATA,REAL
2026-03-22T20:41:14.611553,KXHIGHLAX-26MAR22-T75 (Market),0.99,MARKET_DATA,REAL
2026-03-22T20:41:14.612457,KXHIGHLAX (F),62.6,MARKET_DATA,REAL
2026-03-22T20:41:17.007279,KXHIGHCHI-26MAR22-T65 (Market),0.99,MARKET_DATA,REAL
2026-03-22T20:41:17.008396,KXHIGHCHI (F),33.8,MARKET_DATA,REAL
2026-03-22T20:41:19.632193,KXHIGHMIA-26MAR22-B81.5 (Market),0.99,MARKET_DATA,REAL
2026-03-22T20:41:19.634229,KXHIGHMIA (F),71.6,MARKET_DATA,REAL
2026-03-22T20:41:23.126355,BTC-USD (Coinbase),68068.35,MARKET_DATA,REAL
2026-03-22T20:41:23.214521,KXBTC15M-26MAR222145-45 (15m),0.41,MARKET_DATA,REAL
2026-03-22T20:41:25.405958,KXBTCD-26MAR2222-T68099.99 (1h),0.4,MARKET_DATA,REAL
2026-03-22T20:41:25.498143,KXBTCD-26MAR2222-T67899.99 (1h),0.82,MARKET_DATA,REAL
2026-03-22T20:41:25.590965,KXBTCD-26MAR2222-T68299.99 (1h),0.1,MARKET_DATA,REAL
2026-03-22T20:41:26.901020,KXHIGHNY-26MAR22-B62.5 (Market),0.99,MARKET_DATA,REAL
2026-03-22T20:41:26.902101,KXHIGHNY (F),51.98,MARKET_DATA,REAL
2026-03-22T20:41:29.108582,KXHIGHLAX-26MAR22-T75 (Market),0.99,MARKET_DATA,REAL
2026-03-22T20:41:29.109311,KXHIGHLAX (F),62.6,MARKET_DATA,REAL
2026-03-22T20:41:31.582447,KXHIGHCHI-26MAR22-T65 (Market),0.99,MARKET_DATA,REAL
2026-03-22T20:41:31.582793,KXHIGHCHI (F),33.8,MARKET_DATA,REAL
2026-03-22T20:41:33.750962,KXHIGHMIA-26MAR22-B81.5 (Market),0.99,MARKET_DATA,REAL
2026-03-22T20:41:33.751837,KXHIGHMIA (F),71.6,MARKET_DATA,REAL
2026-03-22T20:41:37.367711,BTC-USD (Coinbase),68059.98,MARKET_DATA,REAL
2026-03-22T20:41:37.457971,KXBTC15M-26MAR222145-45 (15m),0.35,MARKET_DATA,REAL
2026-03-22T20:41:39.805250,KXBTCD-26MAR2222-T68099.99 (1h),0.4,MARKET_DATA,REAL
2026-03-22T20:41:39.891250,KXBTCD-26MAR2222-T67899.99 (1h),0.82,MARKET_DATA,REAL
2026-03-22T20:41:39.978817,KXBTCD-26MAR2222-T68299.99 (1h),0.09,MARKET_DATA,REAL
2026-03-22T20:41:41.297464,KXHIGHNY-26MAR22-B62.5 (Market),0.99,MARKET_DATA,REAL
2026-03-22T20:41:41.298807,KXHIGHNY (F),51.98,MARKET_DATA,REAL
2026-03-22T20:41:43.535910,KXHIGHLAX-26MAR22-T75 (Market),0.99,MARKET_DATA,REAL
2026-03-22T20:41:43.536668,KXHIGHLAX (F),62.6,MARKET_DATA,REAL
2026-03-22T20:41:47.137194,KXHIGHCHI-26MAR22-T65 (Market),0.99,MARKET_DATA,REAL
2026-03-22T20:41:47.138687,KXHIGHCHI (F),33.8,MARKET_DATA,REAL
2026-03-22T20:41:50.477901,KXHIGHMIA-26MAR22-B81.5 (Market),0.99,MARKET_DATA,REAL
2026-03-22T20:41:50.478633,KXHIGHMIA (F),71.6,MARKET_DATA,REAL
2026-03-22T20:41:53.848421,BTC-USD (Coinbase),68071.01,MARKET_DATA,REAL
2026-03-22T20:41:54.066928,KXBTC15M-26MAR222145-45 (15m),0.35,MARKET_DATA,REAL
2026-03-22T20:41:56.132121,KXBTCD-26MAR2222-T68099.99 (1h),0.39,MARKET_DATA,REAL
2026-03-22T20:41:56.220144,KXBTCD-26MAR2222-T67899.99 (1h),0.82,MARKET_DATA,REAL
2026-03-22T20:41:56.317953,KXBTCD-26MAR2222-T68299.99 (1h),0.09,MARKET_DATA,REAL
2026-03-22T20:41:58.743713,KXHIGHNY-26MAR22-B62.5 (Market),0.99,MARKET_DATA,REAL
2026-03-22T20:41:58.744464,KXHIGHNY (F),51.98,MARKET_DATA,REAL
2026-03-22T20:42:02.091073,KXHIGHLAX-26MAR22-T75 (Market),0.99,MARKET_DATA,REAL
2026-03-22T20:42:02.091829,KXHIGHLAX (F),62.6,MARKET_DATA,REAL
2026-03-22T20:42:04.181150,KXHIGHCHI-26MAR22-T65 (Market),0.99,MARKET_DATA,REAL
2026-03-22T20:42:04.182234,KXHIGHCHI (F),33.8,MARKET_DATA,REAL
2026-03-22T20:42:06.435183,KXHIGHMIA-26MAR22-B81.5 (Market),0.99,MARKET_DATA,REAL
2026-03-22T20:42:06.436669,KXHIGHMIA (F),71.6,MARKET_DATA,REAL
2026-03-22T20:42:09.807864,BTC-USD (Coinbase),68054.94,MARKET_DATA,REAL
2026-03-22T20:42:09.893100,KXBTC15M-26MAR222145-45 (15m),0.37,MARKET_DATA,REAL
2026-03-22T20:42:11.968490,KXBTCD-26MAR2222-T68099.99 (1h),0.41,MARKET_DATA,REAL
2026-03-22T20:42:12.051586,KXBTCD-26MAR2222-T67899.99 (1h),0.81,MARKET_DATA,REAL
2026-03-22T20:42:12.142209,KXBTCD-26MAR2222-T68299.99 (1h),0.08,MARKET_DATA,REAL
2026-03-22T20:42:13.449897,KXHIGHNY-26MAR22-B62.5 (Market),0.99,MARKET_DATA,REAL
2026-03-22T20:42:13.450600,KXHIGHNY (F),51.98,MARKET_DATA,REAL
2026-03-22T20:42:15.566455,KXHIGHLAX-26MAR22-T75 (Market),0.99,MARKET_DATA,REAL
2026-03-22T20:42:15.567842,KXHIGHLAX (F),62.6,MARKET_DATA,REAL
2026-03-22T20:42:17.755983,KXHIGHCHI-26MAR22-T65 (Market),0.99,MARKET_DATA,REAL
2026-03-22T20:42:17.756390,KXHIGHCHI (F),33.8,MARKET_DATA,REAL
2026-03-22T20:42:19.945751,KXHIGHMIA-26MAR22-B81.5 (Market),0.99,MARKET_DATA,REAL
2026-03-22T20:42:19.946175,KXHIGHMIA (F),71.6,MARKET_DATA,REAL
2026-03-22T20:42:23.344363,BTC-USD (Coinbase),68057.62,MARKET_DATA,REAL
2026-03-22T20:42:23.436126,KXBTC15M-26MAR222145-45 (15m),0.29,MARKET_DATA,REAL
2026-03-22T20:42:25.599918,KXBTCD-26MAR2222-T68099.99 (1h),0.38,MARKET_DATA,REAL
2026-03-22T20:42:25.690746,KXBTCD-26MAR2222-T67899.99 (1h),0.81,MARKET_DATA,REAL
2026-03-22T20:42:25.781831,KXBTCD-26MAR2222-T68299.99 (1h),0.07,MARKET_DATA,REAL
2026-03-22T20:42:27.024122,KXHIGHNY-26MAR22-B62.5 (Market),0.99,MARKET_DATA,REAL
2026-03-22T20:42:27.025256,KXHIGHNY (F),51.98,MARKET_DATA,REAL
2026-03-22T20:42:29.244446,KXHIGHLAX-26MAR22-T75 (Market),0.99,MARKET_DATA,REAL
2026-03-22T20:42:29.245600,KXHIGHLAX (F),62.6,MARKET_DATA,REAL
2026-03-22T20:42:31.384109,KXHIGHCHI-26MAR22-T65 (Market),0.99,MARKET_DATA,REAL
2026-03-22T20:42:31.385243,KXHIGHCHI (F),33.8,MARKET_DATA,REAL
2026-03-22T20:42:33.541988,KXHIGHMIA-26MAR22-B81.5 (Market),0.99,MARKET_DATA,REAL
2026-03-22T20:42:33.543200,KXHIGHMIA (F),71.6,MARKET_DATA,REAL
2026-03-22T20:42:37.107577,BTC-USD (Coinbase),68036.82,MARKET_DATA,REAL
2026-03-22T20:42:37.196954,KXBTC15M-26MAR222145-45 (15m),0.2,MARKET_DATA,REAL
2026-03-22T20:42:37.203492,KXBTC15M-26MAR222145-45,0.8,SIGNAL_BUY,EXECUTED
2026-03-22T20:42:39.234828,KXBTCD-26MAR2222-T67999.99 (1h),0.59,MARKET_DATA,REAL
2026-03-22T20:42:39.327233,KXBTCD-26MAR2222-T67799.99 (1h),0.93,MARKET_DATA,REAL
2026-03-22T20:42:39.416455,KXBTCD-26MAR2222-T68199.99 (1h),0.17,MARKET_DATA,REAL
2026-03-22T20:42:40.686894,KXHIGHNY-26MAR22-B62.5 (Market),0.99,MARKET_DATA,REAL
2026-03-22T20:42:40.688547,KXHIGHNY (F),51.98,MARKET_DATA,REAL
2026-03-22T20:42:42.963203,KXHIGHLAX-26MAR22-T75 (Market),0.99,MARKET_DATA,REAL
2026-03-22T20:42:42.963833,KXHIGHLAX (F),62.6,MARKET_DATA,REAL
2026-03-22T20:42:45.126287,KXHIGHCHI-26MAR22-T65 (Market),0.99,MARKET_DATA,REAL
2026-03-22T20:42:45.127128,KXHIGHCHI (F),33.8,MARKET_DATA,REAL
2026-03-22T20:42:47.323160,KXHIGHMIA-26MAR22-B81.5 (Market),0.99,MARKET_DATA,REAL
2026-03-22T20:42:47.324855,KXHIGHMIA (F),71.6,MARKET_DATA,REAL
2026-03-22T20:42:50.790775,BTC-USD (Coinbase),68049.88,MARKET_DATA,REAL
2026-03-22T20:42:50.875930,KXBTC15M-26MAR222145-45 (15m),0.17,MARKET_DATA,REAL
2026-03-22T20:42:52.926775,KXBTCD-26MAR2222-T67999.99 (1h),0.61,MARKET_DATA,REAL
2026-03-22T20:42:53.010309,KXBTCD-26MAR2222-T67799.99 (1h),0.93,MARKET_DATA,REAL
2026-03-22T20:42:53.100882,KXBTCD-26MAR2222-T68199.99 (1h),0.16,MARKET_DATA,REAL
2026-03-22T20:42:54.331949,KXHIGHNY-26MAR22-B62.5 (Market),0.99,MARKET_DATA,REAL
2026-03-22T20:42:54.332309,KXHIGHNY (F),51.98,MARKET_DATA,REAL
2026-03-22T20:42:56.484585,KXHIGHLAX-26MAR22-T75 (Market),0.99,MARKET_DATA,REAL
2026-03-22T20:42:56.485740,KXHIGHLAX (F),62.6,MARKET_DATA,REAL
2026-03-22T20:42:59.884121,KXHIGHCHI-26MAR22-T65 (Market),0.99,MARKET_DATA,REAL
2026-03-22T20:42:59.885921,KXHIGHCHI (F),33.8,MARKET_DATA,REAL
2026-03-22T20:43:03.321315,KXHIGHMIA-26MAR22-B81.5 (Market),0.99,MARKET_DATA,REAL
2026-03-22T20:43:03.321954,KXHIGHMIA (F),71.6,MARKET_DATA,REAL
2026-03-22T20:43:06.852583,BTC-USD (Coinbase),68058.0,MARKET_DATA,REAL
2026-03-22T20:43:07.067229,KXBTC15M-26MAR222145-45 (15m),0.25,MARKET_DATA,REAL
2026-03-22T20:43:09.163670,KXBTCD-26MAR2222-T68099.99 (1h),0.35,MARKET_DATA,REAL
2026-03-22T20:43:09.254632,KXBTCD-26MAR2222-T67899.99 (1h),0.84,MARKET_DATA,REAL
2026-03-22T20:43:09.340462,KXBTCD-26MAR2222-T68299.99 (1h),0.07,MARKET_DATA,REAL
2026-03-22T20:43:11.816403,KXHIGHNY-26MAR22-B62.5 (Market),0.99,MARKET_DATA,REAL
2026-03-22T20:43:11.818168,KXHIGHNY (F),51.98,MARKET_DATA,REAL
2026-03-22T20:43:16.190596,KXHIGHLAX-26MAR22-T75 (Market),0.99,MARKET_DATA,REAL
2026-03-22T20:43:16.192099,KXHIGHLAX (F),62.6,MARKET_DATA,REAL
2026-03-22T20:43:18.997249,KXHIGHCHI-26MAR22-T65 (Market),0.99,MARKET_DATA,REAL
2026-03-22T20:43:18.998461,KXHIGHCHI (F),33.8,MARKET_DATA,REAL
2026-03-22T20:43:21.442833,KXHIGHMIA-26MAR22-B81.5 (Market),0.99,MARKET_DATA,REAL
2026-03-22T20:43:21.443198,KXHIGHMIA (F),71.6,MARKET_DATA,REAL
2026-03-22T20:43:25.100364,BTC-USD (Coinbase),68054.89,MARKET_DATA,REAL
2026-03-22T20:43:25.189525,KXBTC15M-26MAR222145-45 (15m),0.21,MARKET_DATA,REAL
2026-03-22T20:43:27.317911,KXBTCD-26MAR2222-T68099.99 (1h),0.36,MARKET_DATA,REAL
2026-03-22T20:43:27.407495,KXBTCD-26MAR2222-T67899.99 (1h),0.84,MARKET_DATA,REAL
2026-03-22T20:43:27.499633,KXBTCD-26MAR2222-T68299.99 (1h),0.06,MARKET_DATA,REAL
2026-03-22T20:43:29.836761,KXHIGHNY-26MAR22-B62.5 (Market),0.99,MARKET_DATA,REAL
2026-03-22T20:43:29.838023,KXHIGHNY (F),51.98,MARKET_DATA,REAL
2026-03-22T20:43:32.032864,KXHIGHLAX-26MAR22-T75 (Market),0.99,MARKET_DATA,REAL
2026-03-22T20:43:32.033533,KXHIGHLAX (F),62.6,MARKET_DATA,REAL
2026-03-22T20:43:34.188435,KXHIGHCHI-26MAR22-T65 (Market),0.99,MARKET_DATA,REAL
2026-03-22T20:43:34.189491,KXHIGHCHI (F),33.8,MARKET_DATA,REAL
2026-03-22T20:43:36.381254,KXHIGHMIA-26MAR22-B81.5 (Market),0.99,MARKET_DATA,REAL
2026-03-22T20:43:36.382684,KXHIGHMIA (F),71.6,MARKET_DATA,REAL
2026-03-22T20:43:39.893653,BTC-USD (Coinbase),68017.96,MARKET_DATA,REAL
2026-03-22T20:43:39.979888,KXBTC15M-26MAR222145-45 (15m),0.095,MARKET_DATA,REAL
2026-03-22T20:43:42.189999,KXBTCD-26MAR2222-T67999.99 (1h),0.53,MARKET_DATA,REAL
2026-03-22T20:43:42.271348,KXBTCD-26MAR2222-T67799.99 (1h),0.92,MARKET_DATA,REAL
2026-03-22T20:43:42.359948,KXBTCD-26MAR2222-T68199.99 (1h),0.12,MARKET_DATA,REAL
2026-03-22T20:43:43.658052,KXHIGHNY-26MAR22-B62.5 (Market),0.99,MARKET_DATA,REAL
2026-03-22T20:43:43.660110,KXHIGHNY (F),51.98,MARKET_DATA,REAL
2026-03-22T20:43:45.872100,KXHIGHLAX-26MAR22-T75 (Market),0.99,MARKET_DATA,REAL
2026-03-22T20:43:45.872789,KXHIGHLAX (F),62.6,MARKET_DATA,REAL
2026-03-22T20:43:48.123773,KXHIGHCHI-26MAR22-T65 (Market),0.99,MARKET_DATA,REAL
2026-03-22T20:43:48.124145,KXHIGHCHI (F),33.8,MARKET_DATA,REAL
2026-03-22T20:43:50.271807,KXHIGHMIA-26MAR22-B81.5 (Market),0.99,MARKET_DATA,REAL
2026-03-22T20:43:50.272850,KXHIGHMIA (F),71.6,MARKET_DATA,REAL
2026-03-22T20:43:53.621255,BTC-USD (Coinbase),67980.15,MARKET_DATA,REAL
2026-03-22T20:43:53.710025,KXBTC15M-26MAR222145-45 (15m),0.005,MARKET_DATA,REAL
2026-03-22T20:43:56.247245,KXBTCD-26MAR2222-T67999.99 (1h),0.51,MARKET_DATA,REAL
2026-03-22T20:43:56.340787,KXBTCD-26MAR2222-T67799.99 (1h),0.91,MARKET_DATA,REAL
2026-03-22T20:43:56.428584,KXBTCD-26MAR2222-T68199.99 (1h),0.12,MARKET_DATA,REAL
2026-03-22T20:43:57.727306,KXHIGHNY-26MAR22-B62.5 (Market),0.99,MARKET_DATA,REAL
2026-03-22T20:43:57.729300,KXHIGHNY (F),51.98,MARKET_DATA,REAL
2026-03-22T20:43:59.908436,KXHIGHLAX-26MAR22-T75 (Market),0.99,MARKET_DATA,REAL
2026-03-22T20:43:59.909882,KXHIGHLAX (F),62.6,MARKET_DATA,REAL
2026-03-22T20:44:03.350666,KXHIGHCHI-26MAR22-T65 (Market),0.99,MARKET_DATA,REAL
2026-03-22T20:44:03.351466,KXHIGHCHI (F),33.8,MARKET_DATA,REAL
2026-03-22T20:44:06.695538,KXHIGHMIA-26MAR22-B81.5 (Market),0.99,MARKET_DATA,REAL
2026-03-22T20:44:06.697384,KXHIGHMIA (F),71.6,MARKET_DATA,REAL
2026-03-22T20:44:10.243102,BTC-USD (Coinbase),67994.18,MARKET_DATA,REAL
2026-03-22T20:44:10.469530,KXBTC15M-26MAR222145-45 (15m),0.002,MARKET_DATA,REAL
2026-03-22T20:44:12.554041,KXBTCD-26MAR2222-T67999.99 (1h),0.48,MARKET_DATA,REAL
2026-03-22T20:44:12.642774,KXBTCD-26MAR2222-T67799.99 (1h),0.9,MARKET_DATA,REAL
2026-03-22T20:44:12.734652,KXBTCD-26MAR2222-T68199.99 (1h),0.11,MARKET_DATA,REAL
2026-03-22T20:44:15.220277,KXHIGHNY-26MAR22-B62.5 (Market),0.99,MARKET_DATA,REAL
2026-03-22T20:44:15.221664,KXHIGHNY (F),51.98,MARKET_DATA,REAL
2026-03-22T20:44:18.999981,KXHIGHLAX-26MAR22-T75 (Market),0.99,MARKET_DATA,REAL
2026-03-22T20:44:19.000669,KXHIGHLAX (F),62.6,MARKET_DATA,REAL
2026-03-22T20:44:21.329296,KXHIGHCHI-26MAR22-T65 (Market),0.99,MARKET_DATA,REAL
2026-03-22T20:44:21.329945,KXHIGHCHI (F),33.8,MARKET_DATA,REAL
2026-03-22T20:44:23.632476,KXHIGHMIA-26MAR22-B81.5 (Market),0.99,MARKET_DATA,REAL
2026-03-22T20:44:23.632841,KXHIGHMIA (F),71.6,MARKET_DATA,REAL
2026-03-22T20:44:27.004719,BTC-USD (Coinbase),67995.68,MARKET_DATA,REAL
2026-03-22T20:44:27.091294,KXBTC15M-26MAR222145-45 (15m),0.001,MARKET_DATA,REAL
2026-03-22T20:44:29.192043,KXBTCD-26MAR2222-T67999.99 (1h),0.47,MARKET_DATA,REAL
2026-03-22T20:44:29.281320,KXBTCD-26MAR2222-T67799.99 (1h),0.9,MARKET_DATA,REAL
2026-03-22T20:44:29.370337,KXBTCD-26MAR2222-T68199.99 (1h),0.11,MARKET_DATA,REAL
2026-03-22T20:44:30.657355,KXHIGHNY-26MAR22-B62.5 (Market),0.99,MARKET_DATA,REAL
2026-03-22T20:44:30.658992,KXHIGHNY (F),51.98,MARKET_DATA,REAL
2026-03-22T20:44:32.889558,KXHIGHLAX-26MAR22-T75 (Market),0.99,MARKET_DATA,REAL
2026-03-22T20:44:32.891149,KXHIGHLAX (F),62.6,MARKET_DATA,REAL
2026-03-22T20:44:35.123545,KXHIGHCHI-26MAR22-T65 (Market),0.99,MARKET_DATA,REAL
2026-03-22T20:44:35.125092,KXHIGHCHI (F),33.8,MARKET_DATA,REAL
2026-03-22T20:44:37.396480,KXHIGHMIA-26MAR22-B81.5 (Market),0.99,MARKET_DATA,REAL
2026-03-22T20:44:37.396825,KXHIGHMIA (F),71.6,MARKET_DATA,REAL
2026-03-22T20:44:40.835435,BTC-USD (Coinbase),68012.67,MARKET_DATA,REAL
2026-03-22T20:44:40.923898,KXBTC15M-26MAR222145-45 (15m),0.001,MARKET_DATA,REAL
2026-03-22T20:44:42.960919,KXBTCD-26MAR2222-T67999.99 (1h),0.52,MARKET_DATA,REAL
2026-03-22T20:44:43.058357,KXBTCD-26MAR2222-T67799.99 (1h),0.91,MARKET_DATA,REAL
2026-03-22T20:44:43.147833,KXBTCD-26MAR2222-T68199.99 (1h),0.13,MARKET_DATA,REAL
2026-03-22T20:44:44.377814,KXHIGHNY-26MAR22-B62.5 (Market),0.99,MARKET_DATA,REAL
2026-03-22T20:44:44.378283,KXHIGHNY (F),51.98,MARKET_DATA,REAL
2026-03-22T20:44:46.542750,KXHIGHLAX-26MAR22-T75 (Market),0.99,MARKET_DATA,REAL
2026-03-22T20:44:46.544225,KXHIGHLAX (F),62.6,MARKET_DATA,REAL
2026-03-22T20:44:48.710114,KXHIGHCHI-26MAR22-T65 (Market),0.99,MARKET_DATA,REAL
2026-03-22T20:44:48.711422,KXHIGHCHI (F),33.8,MARKET_DATA,REAL
2026-03-22T20:44:50.828122,KXHIGHMIA-26MAR22-B81.5 (Market),0.99,MARKET_DATA,REAL
2026-03-22T20:44:50.828812,KXHIGHMIA (F),71.6,MARKET_DATA,REAL
2026-03-22T20:44:54.297048,BTC-USD (Coinbase),67999.48,MARKET_DATA,REAL
2026-03-22T20:44:54.387205,KXBTC15M-26MAR222145-45 (15m),0.001,MARKET_DATA,REAL
2026-03-22T20:44:56.596439,KXBTCD-26MAR2222-T67999.99 (1h),0.5,MARKET_DATA,REAL
2026-03-22T20:44:56.688021,KXBTCD-26MAR2222-T67799.99 (1h),0.91,MARKET_DATA,REAL
2026-03-22T20:44:56.778266,KXBTCD-26MAR2222-T68199.99 (1h),0.12,MARKET_DATA,REAL
2026-03-22T20:44:58.018775,KXHIGHNY-26MAR22-B62.5 (Market),0.99,MARKET_DATA,REAL
2026-03-22T20:44:58.020193,KXHIGHNY (F),51.98,MARKET_DATA,REAL
2026-03-22T20:45:00.207626,KXHIGHLAX-26MAR22-T75 (Market),0.99,MARKET_DATA,REAL
2026-03-22T20:45:00.209136,KXHIGHLAX (F),62.6,MARKET_DATA,REAL
2026-03-22T20:45:02.732784,KXHIGHCHI-26MAR22-T65 (Market),0.99,MARKET_DATA,REAL
2026-03-22T20:45:02.733753,KXHIGHCHI (F),33.8,MARKET_DATA,REAL
2026-03-22T20:45:05.010923,KXHIGHMIA-26MAR22-B81.5 (Market),0.99,MARKET_DATA,REAL
2026-03-22T20:45:05.012558,KXHIGHMIA (F),71.6,MARKET_DATA,REAL
2026-03-22T20:45:08.435344,BTC-USD (Coinbase),68057.99,MARKET_DATA,REAL
2026-03-22T20:45:08.524780,KXBTC15M-26MAR222145-45 (15m),1.0,MARKET_DATA,REAL
2026-03-22T20:45:10.696602,KXBTCD-26MAR2222-T68099.99 (1h),0.36,MARKET_DATA,REAL
2026-03-22T20:45:10.784359,KXBTCD-26MAR2222-T67899.99 (1h),0.84,MARKET_DATA,REAL
2026-03-22T20:45:10.872838,KXBTCD-26MAR2222-T68299.99 (1h),0.06,MARKET_DATA,REAL
2026-03-22T20:45:10.975212,KXBTCD-26MAR2222-T68099.99,0.64,SIGNAL_BUY,EXECUTED
2026-03-22T20:45:12.119816,KXHIGHNY-26MAR22-B62.5 (Market),0.99,MARKET_DATA,REAL
2026-03-22T20:45:12.121547,KXHIGHNY (F),51.98,MARKET_DATA,REAL
2026-03-22T20:45:14.333311,KXHIGHLAX-26MAR22-T75 (Market),0.99,MARKET_DATA,REAL
2026-03-22T20:45:14.334467,KXHIGHLAX (F),62.6,MARKET_DATA,REAL
2026-03-22T20:45:17.746249,KXHIGHCHI-26MAR22-T65 (Market),0.99,MARKET_DATA,REAL
2026-03-22T20:45:17.747509,KXHIGHCHI (F),33.8,MARKET_DATA,REAL
2026-03-22T20:45:21.744344,KXHIGHMIA-26MAR22-B81.5 (Market),0.99,MARKET_DATA,REAL
2026-03-22T20:45:21.745461,KXHIGHMIA (F),71.6,MARKET_DATA,REAL
2026-03-22T20:45:25.218725,BTC-USD (Coinbase),68046.02,MARKET_DATA,REAL
2026-03-22T20:45:25.387608,KXBTC15M-26MAR222200-00 (15m),0.56,MARKET_DATA,REAL
2026-03-22T20:45:27.547202,KXBTCD-26MAR2222-T67999.99 (1h),0.59,MARKET_DATA,REAL
2026-03-22T20:45:27.629963,KXBTCD-26MAR2222-T67799.99 (1h),0.93,MARKET_DATA,REAL
2026-03-22T20:45:27.714960,KXBTCD-26MAR2222-T68199.99 (1h),0.13,MARKET_DATA,REAL
2026-03-22T20:45:30.072790,KXHIGHNY-26MAR22-B62.5 (Market),0.99,MARKET_DATA,REAL
2026-03-22T20:45:30.074214,KXHIGHNY (F),51.98,MARKET_DATA,REAL
2026-03-22T20:45:33.403232,KXHIGHLAX-26MAR22-T75 (Market),0.99,MARKET_DATA,REAL
2026-03-22T20:45:33.403812,KXHIGHLAX (F),62.6,MARKET_DATA,REAL
2026-03-22T20:45:35.969815,KXHIGHCHI-26MAR22-T65 (Market),0.99,MARKET_DATA,REAL
2026-03-22T20:45:35.970929,KXHIGHCHI (F),33.8,MARKET_DATA,REAL
2026-03-22T20:45:38.144443,KXHIGHMIA-26MAR22-B81.5 (Market),0.99,MARKET_DATA,REAL
2026-03-22T20:45:38.145951,KXHIGHMIA (F),71.6,MARKET_DATA,REAL
2026-03-22T20:45:41.850570,BTC-USD (Coinbase),68068.35,MARKET_DATA,REAL
2026-03-22T20:45:41.938705,KXBTC15M-26MAR222200-00 (15m),0.62,MARKET_DATA,REAL
2026-03-22T20:45:44.126424,KXBTCD-26MAR2222-T68099.99 (1h),0.38,MARKET_DATA,REAL
2026-03-22T20:45:44.213824,KXBTCD-26MAR2222-T67899.99 (1h),0.86,MARKET_DATA,REAL
2026-03-22T20:45:44.301315,KXBTCD-26MAR2222-T68299.99 (1h),0.06,MARKET_DATA,REAL
2026-03-22T20:45:45.564940,KXHIGHNY-26MAR22-B62.5 (Market),0.99,MARKET_DATA,REAL
2026-03-22T20:45:45.566630,KXHIGHNY (F),51.98,MARKET_DATA,REAL
2026-03-22T20:45:47.740885,KXHIGHLAX-26MAR22-T75 (Market),0.99,MARKET_DATA,REAL
2026-03-22T20:45:47.742057,KXHIGHLAX (F),62.6,MARKET_DATA,REAL
2026-03-22T20:45:49.849626,KXHIGHCHI-26MAR22-T65 (Market),0.99,MARKET_DATA,REAL
2026-03-22T20:45:49.850706,KXHIGHCHI (F),33.8,MARKET_DATA,REAL
2026-03-22T20:45:52.029248,KXHIGHMIA-26MAR22-B81.5 (Market),0.99,MARKET_DATA,REAL
2026-03-22T20:45:52.030738,KXHIGHMIA (F),71.6,MARKET_DATA,REAL
2026-03-22T20:45:55.379540,BTC-USD (Coinbase),68060.0,MARKET_DATA,REAL
2026-03-22T20:45:55.465561,KXBTC15M-26MAR222200-00 (15m),0.63,MARKET_DATA,REAL
2026-03-22T20:45:57.721059,KXBTCD-26MAR2222-T68099.99 (1h),0.36,MARKET_DATA,REAL
2026-03-22T20:45:57.864500,KXBTCD-26MAR2222-T67899.99 (1h),0.86,MARKET_DATA,REAL
2026-03-22T20:45:57.952916,KXBTCD-26MAR2222-T68299.99 (1h),0.05,MARKET_DATA,REAL
2026-03-22T20:45:59.195217,KXHIGHNY-26MAR22-B62.5 (Market),0.99,MARKET_DATA,REAL
2026-03-22T20:45:59.197390,KXHIGHNY (F),51.98,MARKET_DATA,REAL
2026-03-22T20:46:01.401552,KXHIGHLAX-26MAR22-T75 (Market),0.99,MARKET_DATA,REAL
2026-03-22T20:46:01.402218,KXHIGHLAX (F),62.6,MARKET_DATA,REAL
2026-03-22T20:46:03.459315,KXHIGHCHI-26MAR22-T65 (Market),0.99,MARKET_DATA,REAL
2026-03-22T20:46:03.459719,KXHIGHCHI (F),33.8,MARKET_DATA,REAL
2026-03-22T20:46:05.659096,KXHIGHMIA-26MAR22-B81.5 (Market),0.99,MARKET_DATA,REAL
2026-03-22T20:46:05.660131,KXHIGHMIA (F),71.6,MARKET_DATA,REAL
2026-03-22T20:46:09.078066,BTC-USD (Coinbase),68043.16,MARKET_DATA,REAL
2026-03-22T20:46:09.167149,KXBTC15M-26MAR222200-00 (15m),0.59,MARKET_DATA,REAL
2026-03-22T20:46:11.262740,KXBTCD-26MAR2222-T67999.99 (1h),0.64,MARKET_DATA,REAL
2026-03-22T20:46:11.351847,KXBTCD-26MAR2222-T67799.99 (1h),0.94,MARKET_DATA,REAL
2026-03-22T20:46:11.442677,KXBTCD-26MAR2222-T68199.99 (1h),0.15,MARKET_DATA,REAL
2026-03-22T20:46:12.706942,KXHIGHNY-26MAR22-B62.5 (Market),0.99,MARKET_DATA,REAL
2026-03-22T20:46:12.707362,KXHIGHNY (F),51.98,MARKET_DATA,REAL
2026-03-22T20:46:15.093385,KXHIGHLAX-26MAR22-T75 (Market),0.99,MARKET_DATA,REAL
2026-03-22T20:46:15.094453,KXHIGHLAX (F),62.6,MARKET_DATA,REAL
2026-03-22T20:46:17.274555,KXHIGHCHI-26MAR22-T65 (Market),0.99,MARKET_DATA,REAL
2026-03-22T20:46:17.275784,KXHIGHCHI (F),33.8,MARKET_DATA,REAL
2026-03-22T20:46:19.475915,KXHIGHMIA-26MAR22-B81.5 (Market),0.99,MARKET_DATA,REAL
2026-03-22T20:46:19.476685,KXHIGHMIA (F),71.6,MARKET_DATA,REAL
2026-03-22T20:46:22.925666,BTC-USD (Coinbase),68046.3,MARKET_DATA,REAL
2026-03-22T20:46:23.019325,KXBTC15M-26MAR222200-00 (15m),0.6,MARKET_DATA,REAL
2026-03-22T20:46:25.126477,KXBTCD-26MAR2222-T68099.99 (1h),0.35,MARKET_DATA,REAL
2026-03-22T20:46:25.215052,KXBTCD-26MAR2222-T67899.99 (1h),0.86,MARKET_DATA,REAL
2026-03-22T20:46:25.346670,KXBTCD-26MAR2222-T68299.99 (1h),0.05,MARKET_DATA,REAL
2026-03-22T20:46:26.659106,KXHIGHNY-26MAR22-B62.5 (Market),0.99,MARKET_DATA,REAL
2026-03-22T20:46:26.660025,KXHIGHNY (F),51.98,MARKET_DATA,REAL
2026-03-22T20:46:28.816208,KXHIGHLAX-26MAR22-T75 (Market),0.99,MARKET_DATA,REAL
2026-03-22T20:46:28.816967,KXHIGHLAX (F),62.6,MARKET_DATA,REAL
2026-03-22T20:46:32.578071,KXHIGHCHI-26MAR22-T65 (Market),0.99,MARKET_DATA,REAL
2026-03-22T20:46:32.579475,KXHIGHCHI (F),33.8,MARKET_DATA,REAL
2026-03-22T20:46:35.975773,KXHIGHMIA-26MAR22-B81.5 (Market),0.99,MARKET_DATA,REAL
2026-03-22T20:46:35.977223,KXHIGHMIA (F),71.6,MARKET_DATA,REAL
2026-03-22T20:46:39.816873,BTC-USD (Coinbase),68105.99,MARKET_DATA,REAL
2026-03-22T20:46:39.985966,KXBTC15M-26MAR222200-00 (15m),0.66,MARKET_DATA,REAL
2026-03-22T20:46:42.042484,KXBTCD-26MAR2222-T68099.99 (1h),0.49,MARKET_DATA,REAL
2026-03-22T20:46:42.136979,KXBTCD-26MAR2222-T67899.99 (1h),0.92,MARKET_DATA,REAL
2026-03-22T20:46:42.226193,KXBTCD-26MAR2222-T68299.99 (1h),0.08,MARKET_DATA,REAL
2026-03-22T20:46:44.687587,KXHIGHNY-26MAR22-B62.5 (Market),0.99,MARKET_DATA,REAL
2026-03-22T20:46:44.689145,KXHIGHNY (F),51.98,MARKET_DATA,REAL
2026-03-22T20:46:48.132703,KXHIGHLAX-26MAR22-T75 (Market),0.99,MARKET_DATA,REAL
2026-03-22T20:46:48.134012,KXHIGHLAX (F),62.6,MARKET_DATA,REAL
2026-03-22T20:46:50.325130,KXHIGHCHI-26MAR22-T65 (Market),0.99,MARKET_DATA,REAL
2026-03-22T20:46:50.326531,KXHIGHCHI (F),33.8,MARKET_DATA,REAL
2026-03-22T20:46:52.495624,KXHIGHMIA-26MAR22-B81.5 (Market),0.99,MARKET_DATA,REAL
2026-03-22T20:46:52.496507,KXHIGHMIA (F),71.6,MARKET_DATA,REAL
2026-03-22T20:46:56.020687,BTC-USD (Coinbase),68074.66,MARKET_DATA,REAL
2026-03-22T20:46:56.111350,KXBTC15M-26MAR222200-00 (15m),0.65,MARKET_DATA,REAL
2026-03-22T20:46:58.170204,KXBTCD-26MAR2222-T68099.99 (1h),0.44,MARKET_DATA,REAL
2026-03-22T20:46:58.304681,KXBTCD-26MAR2222-T67899.99 (1h),0.9,MARKET_DATA,REAL
2026-03-22T20:46:58.394821,KXBTCD-26MAR2222-T68299.99 (1h),0.06,MARKET_DATA,REAL
2026-03-22T20:46:59.654811,KXHIGHNY-26MAR22-B62.5 (Market),0.99,MARKET_DATA,REAL
2026-03-22T20:46:59.655894,KXHIGHNY (F),51.98,MARKET_DATA,REAL
2026-03-22T20:47:01.817983,KXHIGHLAX-26MAR22-T75 (Market),0.99,MARKET_DATA,REAL
2026-03-22T20:47:01.818920,KXHIGHLAX (F),62.6,MARKET_DATA,REAL
2026-03-22T20:47:03.992872,KXHIGHCHI-26MAR22-T65 (Market),0.99,MARKET_DATA,REAL
2026-03-22T20:47:03.993502,KXHIGHCHI (F),33.8,MARKET_DATA,REAL
2026-03-22T20:47:06.128343,KXHIGHMIA-26MAR22-B81.5 (Market),0.99,MARKET_DATA,REAL
2026-03-22T20:47:06.129854,KXHIGHMIA (F),71.6,MARKET_DATA,REAL
2026-03-22T20:47:09.710801,BTC-USD (Coinbase),68118.0,MARKET_DATA,REAL
2026-03-22T20:47:09.803047,KXBTC15M-26MAR222200-00 (15m),0.72,MARKET_DATA,REAL
2026-03-22T20:47:11.888204,KXBTCD-26MAR2222-T68099.99 (1h),0.5,MARKET_DATA,REAL
2026-03-22T20:47:11.977040,KXBTCD-26MAR2222-T67899.99 (1h),0.9,MARKET_DATA,REAL
2026-03-22T20:47:12.067730,KXBTCD-26MAR2222-T68299.99 (1h),0.07,MARKET_DATA,REAL
2026-03-22T20:47:13.339095,KXHIGHNY-26MAR22-B62.5 (Market),0.99,MARKET_DATA,REAL
2026-03-22T20:47:13.340462,KXHIGHNY (F),51.98,MARKET_DATA,REAL
2026-03-22T20:47:15.523472,KXHIGHLAX-26MAR22-T75 (Market),0.99,MARKET_DATA,REAL
2026-03-22T20:47:15.524800,KXHIGHLAX (F),62.6,MARKET_DATA,REAL
2026-03-22T20:47:18.044194,KXHIGHCHI-26MAR22-T65 (Market),0.99,MARKET_DATA,REAL
2026-03-22T20:47:18.044521,KXHIGHCHI (F),33.8,MARKET_DATA,REAL
2026-03-22T20:47:20.222989,KXHIGHMIA-26MAR22-B81.5 (Market),0.99,MARKET_DATA,REAL
2026-03-22T20:47:20.223868,KXHIGHMIA (F),71.6,MARKET_DATA,REAL
2026-03-22T20:47:23.638243,BTC-USD (Coinbase),68100.93,MARKET_DATA,REAL
2026-03-22T20:47:23.754669,KXBTC15M-26MAR222200-00 (15m),0.72,MARKET_DATA,REAL
2026-03-22T20:47:25.936393,KXBTCD-26MAR2222-T68099.99 (1h),0.49,MARKET_DATA,REAL
2026-03-22T20:47:26.020878,KXBTCD-26MAR2222-T67899.99 (1h),0.92,MARKET_DATA,REAL
2026-03-22T20:47:26.112197,KXBTCD-26MAR2222-T68299.99 (1h),0.08,MARKET_DATA,REAL
2026-03-22T20:47:27.408648,KXHIGHNY-26MAR22-B62.5 (Market),0.99,MARKET_DATA,REAL
2026-03-22T20:47:27.409558,KXHIGHNY (F),51.98,MARKET_DATA,REAL
2026-03-22T20:47:29.558649,KXHIGHLAX-26MAR22-T75 (Market),0.99,MARKET_DATA,REAL
2026-03-22T20:47:29.560145,KXHIGHLAX (F),62.6,MARKET_DATA,REAL
2026-03-22T20:47:31.787496,KXHIGHCHI-26MAR22-T65 (Market),0.99,MARKET_DATA,REAL
2026-03-22T20:47:31.788158,KXHIGHCHI (F),33.8,MARKET_DATA,REAL
2026-03-22T20:47:33.965532,KXHIGHMIA-26MAR22-B81.5 (Market),0.99,MARKET_DATA,REAL
2026-03-22T20:47:33.966215,KXHIGHMIA (F),71.6,MARKET_DATA,REAL
2026-03-22T20:47:37.331756,BTC-USD (Coinbase),68062.06,MARKET_DATA,REAL
2026-03-22T20:47:37.421227,KXBTC15M-26MAR222200-00 (15m),0.7,MARKET_DATA,REAL
2026-03-22T20:47:39.466185,KXBTCD-26MAR2222-T68099.99 (1h),0.38,MARKET_DATA,REAL
2026-03-22T20:47:39.558296,KXBTCD-26MAR2222-T67899.99 (1h),0.88,MARKET_DATA,REAL
2026-03-22T20:47:39.644413,KXBTCD-26MAR2222-T68299.99 (1h),0.05,MARKET_DATA,REAL
2026-03-22T20:47:40.906833,KXHIGHNY-26MAR22-B62.5 (Market),0.99,MARKET_DATA,REAL
2026-03-22T20:47:40.907220,KXHIGHNY (F),51.98,MARKET_DATA,REAL
2026-03-22T20:47:43.125059,KXHIGHLAX-26MAR22-T75 (Market),0.99,MARKET_DATA,REAL
2026-03-22T20:47:43.126472,KXHIGHLAX (F),62.6,MARKET_DATA,REAL
2026-03-22T20:47:46.545600,KXHIGHCHI-26MAR22-T65 (Market),0.99,MARKET_DATA,REAL
2026-03-22T20:47:46.546356,KXHIGHCHI (F),33.8,MARKET_DATA,REAL
2026-03-22T20:47:50.055408,KXHIGHMIA-26MAR22-B81.5 (Market),0.99,MARKET_DATA,REAL
2026-03-22T20:47:50.056932,KXHIGHMIA (F),71.6,MARKET_DATA,REAL
2026-03-22T20:47:53.448726,BTC-USD (Coinbase),68048.0,MARKET_DATA,REAL
2026-03-22T20:47:53.618336,KXBTC15M-26MAR222200-00 (15m),0.54,MARKET_DATA,REAL
2026-03-22T20:47:55.653727,KXBTCD-26MAR2222-T67999.99 (1h),0.65,MARKET_DATA,REAL
2026-03-22T20:47:55.744077,KXBTCD-26MAR2222-T67799.99 (1h),0.94,MARKET_DATA,REAL
2026-03-22T20:47:55.834383,KXBTCD-26MAR2222-T68199.99 (1h),0.13,MARKET_DATA,REAL
2026-03-22T20:47:58.312357,KXHIGHNY-26MAR22-B62.5 (Market),0.99,MARKET_DATA,REAL
2026-03-22T20:47:58.313635,KXHIGHNY (F),51.98,MARKET_DATA,REAL
2026-03-22T20:48:01.680723,KXHIGHLAX-26MAR22-T75 (Market),0.99,MARKET_DATA,REAL
2026-03-22T20:48:01.681699,KXHIGHLAX (F),62.6,MARKET_DATA,REAL
2026-03-22T20:48:03.848580,KXHIGHCHI-26MAR22-T65 (Market),0.99,MARKET_DATA,REAL
2026-03-22T20:48:03.849901,KXHIGHCHI (F),33.8,MARKET_DATA,REAL
2026-03-22T20:48:06.045380,KXHIGHMIA-26MAR22-B81.5 (Market),0.99,MARKET_DATA,REAL
2026-03-22T20:48:06.046163,KXHIGHMIA (F),71.6,MARKET_DATA,REAL
2026-03-22T20:48:09.448150,BTC-USD (Coinbase),68021.11,MARKET_DATA,REAL
2026-03-22T20:48:09.534328,KXBTC15M-26MAR222200-00 (15m),0.53,MARKET_DATA,REAL
2026-03-22T20:48:11.693318,KXBTCD-26MAR2222-T67999.99 (1h),0.57,MARKET_DATA,REAL
2026-03-22T20:48:11.804708,KXBTCD-26MAR2222-T67799.99 (1h),0.94,MARKET_DATA,REAL
2026-03-22T20:48:11.907925,KXBTCD-26MAR2222-T68199.99 (1h),0.12,MARKET_DATA,REAL
2026-03-22T20:48:12.004273,KXBTCD-26MAR2222-T67999.99,0.5900000000000001,SIGNAL_BUY,EXECUTED
2026-03-22T20:48:13.254333,KXHIGHNY-26MAR22-B62.5 (Market),0.99,MARKET_DATA,REAL
2026-03-22T20:48:13.255495,KXHIGHNY (F),51.98,MARKET_DATA,REAL
2026-03-22T20:48:15.386564,KXHIGHLAX-26MAR22-T75 (Market),0.99,MARKET_DATA,REAL
2026-03-22T20:48:15.387724,KXHIGHLAX (F),62.6,MARKET_DATA,REAL
2026-03-22T20:48:17.562384,KXHIGHCHI-26MAR22-T65 (Market),0.99,MARKET_DATA,REAL
2026-03-22T20:48:17.563494,KXHIGHCHI (F),33.8,MARKET_DATA,REAL
2026-03-22T20:48:19.720375,KXHIGHMIA-26MAR22-B81.5 (Market),0.99,MARKET_DATA,REAL
2026-03-22T20:48:19.721413,KXHIGHMIA (F),71.6,MARKET_DATA,REAL
2026-03-22T20:48:23.201908,BTC-USD (Coinbase),68004.0,MARKET_DATA,REAL
2026-03-22T20:48:23.284833,KXBTC15M-26MAR222200-00 (15m),0.53,MARKET_DATA,REAL
2026-03-22T20:48:25.361697,KXBTCD-26MAR2222-T67999.99 (1h),0.54,MARKET_DATA,REAL
2026-03-22T20:48:25.452005,KXBTCD-26MAR2222-T67799.99 (1h),0.9,MARKET_DATA,REAL
2026-03-22T20:48:25.541002,KXBTCD-26MAR2222-T68199.99 (1h),0.08,MARKET_DATA,REAL
2026-03-22T20:48:26.776219,KXHIGHNY-26MAR22-B62.5 (Market),0.99,MARKET_DATA,REAL
2026-03-22T20:48:26.777722,KXHIGHNY (F),51.98,MARKET_DATA,REAL
2026-03-22T20:48:28.997688,KXHIGHLAX-26MAR22-T75 (Market),0.99,MARKET_DATA,REAL
2026-03-22T20:48:28.998806,KXHIGHLAX (F),62.6,MARKET_DATA,REAL
2026-03-22T20:48:31.218619,KXHIGHCHI-26MAR22-T65 (Market),0.99,MARKET_DATA,REAL
2026-03-22T20:48:31.219090,KXHIGHCHI (F),33.8,MARKET_DATA,REAL
2026-03-22T20:48:33.415642,KXHIGHMIA-26MAR22-B81.5 (Market),0.99,MARKET_DATA,REAL
2026-03-22T20:48:33.416800,KXHIGHMIA (F),71.6,MARKET_DATA,REAL
2026-03-22T20:48:36.912522,BTC-USD (Coinbase),67962.63,MARKET_DATA,REAL
2026-03-22T20:48:37.001505,KXBTC15M-26MAR222200-00 (15m),0.48,MARKET_DATA,REAL
2026-03-22T20:48:39.098837,KXBTCD-26MAR2222-T67999.99 (1h),0.38,MARKET_DATA,REAL
2026-03-22T20:48:39.187349,KXBTCD-26MAR2222-T67799.99 (1h),0.88,MARKET_DATA,REAL
2026-03-22T20:48:39.278056,KXBTCD-26MAR2222-T68199.99 (1h),0.06,MARKET_DATA,REAL
2026-03-22T20:48:40.566461,KXHIGHNY-26MAR22-B62.5 (Market),0.99,MARKET_DATA,REAL
2026-03-22T20:48:40.567138,KXHIGHNY (F),51.98,MARKET_DATA,REAL
2026-03-22T20:48:42.785957,KXHIGHLAX-26MAR22-T75 (Market),0.99,MARKET_DATA,REAL
2026-03-22T20:48:42.787548,KXHIGHLAX (F),62.6,MARKET_DATA,REAL
2026-03-22T20:48:44.859221,KXHIGHCHI-26MAR22-T65 (Market),0.99,MARKET_DATA,REAL
2026-03-22T20:48:44.860587,KXHIGHCHI (F),33.8,MARKET_DATA,REAL
2026-03-22T20:48:47.082718,KXHIGHMIA-26MAR22-B81.5 (Market),0.99,MARKET_DATA,REAL
2026-03-22T20:48:47.083158,KXHIGHMIA (F),71.6,MARKET_DATA,REAL
2026-03-22T20:48:50.566692,BTC-USD (Coinbase),67970.0,MARKET_DATA,REAL
2026-03-22T20:48:50.651892,KXBTC15M-26MAR222200-00 (15m),0.39,MARKET_DATA,REAL
2026-03-22T20:48:52.878387,KXBTCD-26MAR2222-T67999.99 (1h),0.4,MARKET_DATA,REAL
2026-03-22T20:48:52.971735,KXBTCD-26MAR2222-T67799.99 (1h),0.9,MARKET_DATA,REAL
2026-03-22T20:48:53.060074,KXBTCD-26MAR2222-T68199.99 (1h),0.06,MARKET_DATA,REAL
2026-03-22T20:48:54.386474,KXHIGHNY-26MAR22-B62.5 (Market),0.99,MARKET_DATA,REAL
2026-03-22T20:48:54.388151,KXHIGHNY (F),51.98,MARKET_DATA,REAL
2026-03-22T20:48:56.578367,KXHIGHLAX-26MAR22-T75 (Market),0.99,MARKET_DATA,REAL
2026-03-22T20:48:56.579323,KXHIGHLAX (F),62.6,MARKET_DATA,REAL
2026-03-22T20:49:00.098391,KXHIGHCHI-26MAR22-T65 (Market),0.99,MARKET_DATA,REAL
2026-03-22T20:49:00.098776,KXHIGHCHI (F),33.8,MARKET_DATA,REAL
2026-03-22T20:49:03.750567,KXHIGHMIA-26MAR22-B81.5 (Market),0.99,MARKET_DATA,REAL
2026-03-22T20:49:03.750972,KXHIGHMIA (F),71.6,MARKET_DATA,REAL
2026-03-22T20:49:07.114985,BTC-USD (Coinbase),67970.7,MARKET_DATA,REAL
2026-03-22T20:49:07.325499,KXBTC15M-26MAR222200-00 (15m),0.38,MARKET_DATA,REAL
2026-03-22T20:49:09.339989,KXBTCD-26MAR2222-T67999.99 (1h),0.4,MARKET_DATA,REAL
2026-03-22T20:49:09.428298,KXBTCD-26MAR2222-T67799.99 (1h),0.9,MARKET_DATA,REAL
2026-03-22T20:49:09.516776,KXBTCD-26MAR2222-T68199.99 (1h),0.06,MARKET_DATA,REAL
2026-03-22T20:49:11.916712,KXHIGHNY-26MAR22-B62.5 (Market),0.99,MARKET_DATA,REAL
2026-03-22T20:49:11.917098,KXHIGHNY (F),51.98,MARKET_DATA,REAL
2026-03-22T20:49:15.215059,KXHIGHLAX-26MAR22-T75 (Market),0.99,MARKET_DATA,REAL
2026-03-22T20:49:15.215557,KXHIGHLAX (F),62.6,MARKET_DATA,REAL
2026-03-22T20:49:17.443783,KXHIGHCHI-26MAR22-T65 (Market),0.99,MARKET_DATA,REAL
2026-03-22T20:49:17.444436,KXHIGHCHI (F),33.8,MARKET_DATA,REAL
2026-03-22T20:49:19.655059,KXHIGHMIA-26MAR22-B81.5 (Market),0.99,MARKET_DATA,REAL
2026-03-22T20:49:19.655693,KXHIGHMIA (F),71.6,MARKET_DATA,REAL
2026-03-22T20:49:23.035973,BTC-USD (Coinbase),67967.55,MARKET_DATA,REAL
2026-03-22T20:49:23.118972,KXBTC15M-26MAR222200-00 (15m),0.4,MARKET_DATA,REAL
2026-03-22T20:49:25.150567,KXBTCD-26MAR2222-T67999.99 (1h),0.39,MARKET_DATA,REAL
2026-03-22T20:49:25.238326,KXBTCD-26MAR2222-T67799.99 (1h),0.92,MARKET_DATA,REAL
2026-03-22T20:49:25.330737,KXBTCD-26MAR2222-T68199.99 (1h),0.06,MARKET_DATA,REAL
2026-03-22T20:49:26.593262,KXHIGHNY-26MAR22-B62.5 (Market),0.99,MARKET_DATA,REAL
2026-03-22T20:49:26.593921,KXHIGHNY (F),51.98,MARKET_DATA,REAL
2026-03-22T20:49:28.771719,KXHIGHLAX-26MAR22-T75 (Market),0.99,MARKET_DATA,REAL
2026-03-22T20:49:28.772362,KXHIGHLAX (F),62.6,MARKET_DATA,REAL
2026-03-22T20:49:30.967420,KXHIGHCHI-26MAR22-T65 (Market),0.99,MARKET_DATA,REAL
2026-03-22T20:49:30.968059,KXHIGHCHI (F),33.8,MARKET_DATA,REAL
2026-03-22T20:49:33.077321,KXHIGHMIA-26MAR22-B81.5 (Market),0.99,MARKET_DATA,REAL
2026-03-22T20:49:33.078048,KXHIGHMIA (F),71.6,MARKET_DATA,REAL
2026-03-22T20:49:36.506728,BTC-USD (Coinbase),67946.05,MARKET_DATA,REAL
2026-03-22T20:49:36.594294,KXBTC15M-26MAR222200-00 (15m),0.38,MARKET_DATA,REAL
2026-03-22T20:49:38.815514,KXBTCD-26MAR2222-T67999.99 (1h),0.37,MARKET_DATA,REAL
2026-03-22T20:49:38.901705,KXBTCD-26MAR2222-T67799.99 (1h),0.89,MARKET_DATA,REAL
2026-03-22T20:49:39.032730,KXBTCD-26MAR2222-T68199.99 (1h),0.06,MARKET_DATA,REAL
2026-03-22T20:49:40.221199,KXHIGHNY-26MAR22-B62.5 (Market),0.99,MARKET_DATA,REAL
2026-03-22T20:49:40.221905,KXHIGHNY (F),51.98,MARKET_DATA,REAL
2026-03-22T20:49:42.356302,KXHIGHLAX-26MAR22-T75 (Market),0.99,MARKET_DATA,REAL
2026-03-22T20:49:42.356700,KXHIGHLAX (F),62.6,MARKET_DATA,REAL
2026-03-22T20:49:44.491005,KXHIGHCHI-26MAR22-T65 (Market),0.99,MARKET_DATA,REAL
2026-03-22T20:49:44.491616,KXHIGHCHI (F),33.8,MARKET_DATA,REAL
2026-03-22T20:49:46.695313,KXHIGHMIA-26MAR22-B81.5 (Market),0.99,MARKET_DATA,REAL
2026-03-22T20:49:46.695973,KXHIGHMIA (F),71.6,MARKET_DATA,REAL
2026-03-22T20:49:50.068792,BTC-USD (Coinbase),67943.74,MARKET_DATA,REAL
2026-03-22T20:49:50.156016,KXBTC15M-26MAR222200-00 (15m),0.34,MARKET_DATA,REAL
2026-03-22T20:49:52.164492,KXBTCD-26MAR2222-T67899.99 (1h),0.63,MARKET_DATA,REAL
2026-03-22T20:49:52.248879,KXBTCD-26MAR2222-T67699.99 (1h),0.95,MARKET_DATA,REAL
2026-03-22T20:49:52.335194,KXBTCD-26MAR2222-T68099.99 (1h),0.13,MARKET_DATA,REAL
2026-03-22T20:49:53.541421,KXHIGHNY-26MAR22-B62.5 (Market),0.99,MARKET_DATA,REAL
2026-03-22T20:49:53.542094,KXHIGHNY (F),51.98,MARKET_DATA,REAL
2026-03-22T20:49:55.662456,KXHIGHLAX-26MAR22-T75 (Market),0.99,MARKET_DATA,REAL
2026-03-22T20:49:55.662992,KXHIGHLAX (F),62.6,MARKET_DATA,REAL
2026-03-22T20:49:57.806193,KXHIGHCHI-26MAR22-T65 (Market),0.99,MARKET_DATA,REAL
2026-03-22T20:49:57.806583,KXHIGHCHI (F),33.8,MARKET_DATA,REAL
2026-03-22T20:49:59.935709,KXHIGHMIA-26MAR22-B81.5 (Market),0.99,MARKET_DATA,REAL
2026-03-22T20:49:59.936570,KXHIGHMIA (F),71.6,MARKET_DATA,REAL
2026-03-22T20:50:03.316252,BTC-USD (Coinbase),67936.06,MARKET_DATA,REAL
2026-03-22T20:50:03.405692,KXBTC15M-26MAR222200-00 (15m),0.32,MARKET_DATA,REAL
2026-03-22T20:50:05.513644,KXBTCD-26MAR2222-T67899.99 (1h),0.61,MARKET_DATA,REAL
2026-03-22T20:50:05.602465,KXBTCD-26MAR2222-T67699.99 (1h),0.95,MARKET_DATA,REAL
2026-03-22T20:50:05.687622,KXBTCD-26MAR2222-T68099.99 (1h),0.1,MARKET_DATA,REAL
2026-03-22T20:50:06.926088,KXHIGHNY-26MAR22-B62.5 (Market),0.99,MARKET_DATA,REAL
2026-03-22T20:50:06.926699,KXHIGHNY (F),51.98,MARKET_DATA,REAL
2026-03-22T20:50:09.033286,KXHIGHLAX-26MAR22-T75 (Market),0.99,MARKET_DATA,REAL
2026-03-22T20:50:09.033879,KXHIGHLAX (F),62.6,MARKET_DATA,REAL
2026-03-22T20:50:12.494153,KXHIGHCHI-26MAR22-T65 (Market),0.99,MARKET_DATA,REAL
2026-03-22T20:50:12.494884,KXHIGHCHI (F),33.8,MARKET_DATA,REAL
2026-03-22T20:50:15.701650,KXHIGHMIA-26MAR22-B81.5 (Market),0.99,MARKET_DATA,REAL
2026-03-22T20:50:15.702350,KXHIGHMIA (F),71.6,MARKET_DATA,REAL
2026-03-22T20:50:19.095480,BTC-USD (Coinbase),67943.99,MARKET_DATA,REAL
2026-03-22T20:50:19.264516,KXBTC15M-26MAR222200-00 (15m),0.33,MARKET_DATA,REAL
2026-03-22T20:50:21.221379,KXBTCD-26MAR2222-T67899.99 (1h),0.62,MARKET_DATA,REAL
2026-03-22T20:50:21.353426,KXBTCD-26MAR2222-T67699.99 (1h),0.96,MARKET_DATA,REAL
2026-03-22T20:50:21.438238,KXBTCD-26MAR2222-T68099.99 (1h),0.11,MARKET_DATA,REAL
2026-03-22T20:50:23.696624,KXHIGHNY-26MAR22-B62.5 (Market),0.99,MARKET_DATA,REAL
2026-03-22T20:50:23.697236,KXHIGHNY (F),51.98,MARKET_DATA,REAL
2026-03-22T20:50:27.052331,KXHIGHLAX-26MAR22-T75 (Market),0.99,MARKET_DATA,REAL
2026-03-22T20:50:27.052835,KXHIGHLAX (F),62.6,MARKET_DATA,REAL
2026-03-22T20:50:29.144616,KXHIGHCHI-26MAR22-T65 (Market),0.99,MARKET_DATA,REAL
2026-03-22T20:50:29.145144,KXHIGHCHI (F),33.8,MARKET_DATA,REAL
2026-03-22T20:50:31.281376,KXHIGHMIA-26MAR22-B81.5 (Market),0.99,MARKET_DATA,REAL
2026-03-22T20:50:31.282026,KXHIGHMIA (F),71.6,MARKET_DATA,REAL
2026-03-22T20:50:34.639264,BTC-USD (Coinbase),67901.42,MARKET_DATA,REAL
2026-03-22T20:50:34.725142,KXBTC15M-26MAR222200-00 (15m),0.31,MARKET_DATA,REAL
2026-03-22T20:50:36.845360,KXBTCD-26MAR2222-T67899.99 (1h),0.64,MARKET_DATA,REAL
2026-03-22T20:50:36.930301,KXBTCD-26MAR2222-T67699.99 (1h),0.96,MARKET_DATA,REAL
2026-03-22T20:50:37.016567,KXBTCD-26MAR2222-T68099.99 (1h),0.1,MARKET_DATA,REAL
2026-03-22T20:50:38.291021,KXHIGHNY-26MAR22-B62.5 (Market),0.99,MARKET_DATA,REAL
2026-03-22T20:50:38.291813,KXHIGHNY (F),51.98,MARKET_DATA,REAL
2026-03-22T20:50:40.453166,KXHIGHLAX-26MAR22-T75 (Market),0.99,MARKET_DATA,REAL
2026-03-22T20:50:40.453532,KXHIGHLAX (F),62.6,MARKET_DATA,REAL
2026-03-22T20:50:42.619436,KXHIGHCHI-26MAR22-T65 (Market),0.99,MARKET_DATA,REAL
2026-03-22T20:50:42.620096,KXHIGHCHI (F),33.8,MARKET_DATA,REAL
2026-03-22T20:50:44.799997,KXHIGHMIA-26MAR22-B81.5 (Market),0.99,MARKET_DATA,REAL
2026-03-22T20:50:44.800661,KXHIGHMIA (F),71.6,MARKET_DATA,REAL
2026-03-22T20:50:48.152428,BTC-USD (Coinbase),67900.01,MARKET_DATA,REAL
2026-03-22T20:50:48.241811,KXBTC15M-26MAR222200-00 (15m),0.24,MARKET_DATA,REAL
2026-03-22T20:50:50.583484,KXBTCD-26MAR2222-T67899.99 (1h),0.5,MARKET_DATA,REAL
2026-03-22T20:50:50.664945,KXBTCD-26MAR2222-T67699.99 (1h),0.94,MARKET_DATA,REAL
2026-03-22T20:50:50.742231,KXBTCD-26MAR2222-T68099.99 (1h),0.07,MARKET_DATA,REAL
2026-03-22T20:50:51.967749,KXHIGHNY-26MAR22-B62.5 (Market),0.99,MARKET_DATA,REAL
2026-03-22T20:50:51.968512,KXHIGHNY (F),51.98,MARKET_DATA,REAL
2026-03-22T20:50:54.076052,KXHIGHLAX-26MAR22-T75 (Market),0.99,MARKET_DATA,REAL
2026-03-22T20:50:54.076443,KXHIGHLAX (F),62.6,MARKET_DATA,REAL
2026-03-22T20:50:56.188635,KXHIGHCHI-26MAR22-T65 (Market),0.99,MARKET_DATA,REAL
2026-03-22T20:50:56.189129,KXHIGHCHI (F),33.8,MARKET_DATA,REAL
2026-03-22T20:50:58.293779,KXHIGHMIA-26MAR22-B81.5 (Market),0.99,MARKET_DATA,REAL
2026-03-22T20:50:58.294201,KXHIGHMIA (F),71.6,MARKET_DATA,REAL
2026-03-22T20:51:01.666587,BTC-USD (Coinbase),67891.95,MARKET_DATA,REAL
2026-03-22T20:51:01.743989,KXBTC15M-26MAR222200-00 (15m),0.21,MARKET_DATA,REAL
2026-03-22T20:51:01.748545,KXBTC15M-26MAR222200-00,0.79,SIGNAL_BUY,EXECUTED
2026-03-22T20:51:03.727604,KXBTCD-26MAR2222-T67899.99 (1h),0.48,MARKET_DATA,REAL
2026-03-22T20:51:03.806574,KXBTCD-26MAR2222-T67699.99 (1h),0.94,MARKET_DATA,REAL
2026-03-22T20:51:03.888075,KXBTCD-26MAR2222-T68099.99 (1h),0.06,MARKET_DATA,REAL
2026-03-22T20:51:05.074288,KXHIGHNY-26MAR22-B62.5 (Market),0.99,MARKET_DATA,REAL
2026-03-22T20:51:05.074974,KXHIGHNY (F),51.98,MARKET_DATA,REAL
2026-03-22T20:51:07.161484,KXHIGHLAX-26MAR22-T75 (Market),0.99,MARKET_DATA,REAL
2026-03-22T20:51:07.161878,KXHIGHLAX (F),62.6,MARKET_DATA,REAL
2026-03-22T20:51:09.317778,KXHIGHCHI-26MAR22-T65 (Market),0.99,MARKET_DATA,REAL
2026-03-22T20:51:09.318424,KXHIGHCHI (F),33.8,MARKET_DATA,REAL
2026-03-22T20:51:11.422895,KXHIGHMIA-26MAR22-B81.5 (Market),0.99,MARKET_DATA,REAL
2026-03-22T20:51:11.423332,KXHIGHMIA (F),71.6,MARKET_DATA,REAL
2026-03-22T20:51:14.897341,BTC-USD (Coinbase),67926.59,MARKET_DATA,REAL
2026-03-22T20:51:14.977684,KXBTC15M-26MAR222200-00 (15m),0.22,MARKET_DATA,REAL
2026-03-22T20:51:16.879315,KXBTCD-26MAR2222-T67899.99 (1h),0.51,MARKET_DATA,REAL
2026-03-22T20:51:16.958699,KXBTCD-26MAR2222-T67699.99 (1h),0.96,MARKET_DATA,REAL
2026-03-22T20:51:17.038905,KXBTCD-26MAR2222-T68099.99 (1h),0.08,MARKET_DATA,REAL
2026-03-22T20:51:17.123952,KXBTCD-26MAR2222-T67899.99,0.52,SIGNAL_BUY,EXECUTED
2026-03-22T20:51:18.251319,KXHIGHNY-26MAR22-B62.5 (Market),0.99,MARKET_DATA,REAL
2026-03-22T20:51:18.251675,KXHIGHNY (F),51.98,MARKET_DATA,REAL
2026-03-22T20:51:20.359013,KXHIGHLAX-26MAR22-T75 (Market),0.99,MARKET_DATA,REAL
2026-03-22T20:51:20.359377,KXHIGHLAX (F),62.6,MARKET_DATA,REAL
2026-03-22T20:51:23.648148,KXHIGHCHI-26MAR22-T65 (Market),0.99,MARKET_DATA,REAL
2026-03-22T20:51:23.648803,KXHIGHCHI (F),33.8,MARKET_DATA,REAL
2026-03-22T20:51:26.909640,KXHIGHMIA-26MAR22-B81.5 (Market),0.99,MARKET_DATA,REAL
2026-03-22T20:51:26.910357,KXHIGHMIA (F),71.6,MARKET_DATA,REAL
2026-03-22T20:51:30.457273,BTC-USD (Coinbase),67945.5,MARKET_DATA,REAL
2026-03-22T20:51:30.616463,KXBTC15M-26MAR222200-00 (15m),0.35,MARKET_DATA,REAL
2026-03-22T20:51:32.714060,KXBTCD-26MAR2222-T67899.99 (1h),0.69,MARKET_DATA,REAL
2026-03-22T20:51:32.795408,KXBTCD-26MAR2222-T67699.99 (1h),0.97,MARKET_DATA,REAL
2026-03-22T20:51:32.872652,KXBTCD-26MAR2222-T68099.99 (1h),0.12,MARKET_DATA,REAL
2026-03-22T20:51:35.173247,KXHIGHNY-26MAR22-B62.5 (Market),0.99,MARKET_DATA,REAL
2026-03-22T20:51:35.174502,KXHIGHNY (F),51.98,MARKET_DATA,REAL
2026-03-22T20:51:38.397516,KXHIGHLAX-26MAR22-T75 (Market),0.99,MARKET_DATA,REAL
2026-03-22T20:51:38.397981,KXHIGHLAX (F),62.6,MARKET_DATA,REAL
2026-03-22T20:51:40.516320,KXHIGHCHI-26MAR22-T65 (Market),0.99,MARKET_DATA,REAL
2026-03-22T20:51:40.517007,KXHIGHCHI (F),33.8,MARKET_DATA,REAL
2026-03-22T20:51:42.691639,KXHIGHMIA-26MAR22-B81.5 (Market),0.99,MARKET_DATA,REAL
2026-03-22T20:51:42.692316,KXHIGHMIA (F),71.6,MARKET_DATA,REAL
2026-03-22T20:51:46.211027,BTC-USD (Coinbase),67920.31,MARKET_DATA,REAL
2026-03-22T20:51:46.302512,KXBTC15M-26MAR222200-00 (15m),0.3,MARKET_DATA,REAL
2026-03-22T20:51:48.286880,KXBTCD-26MAR2222-T67899.99 (1h),0.63,MARKET_DATA,REAL
2026-03-22T20:51:48.367240,KXBTCD-26MAR2222-T67699.99 (1h),0.96,MARKET_DATA,REAL
2026-03-22T20:51:48.446263,KXBTCD-26MAR2222-T68099.99 (1h),0.07,MARKET_DATA,REAL
2026-03-22T20:51:49.672326,KXHIGHNY-26MAR22-B62.5 (Market),0.99,MARKET_DATA,REAL
2026-03-22T20:51:49.672980,KXHIGHNY (F),51.98,MARKET_DATA,REAL
2026-03-22T20:51:51.875528,KXHIGHLAX-26MAR22-T75 (Market),0.99,MARKET_DATA,REAL
2026-03-22T20:51:51.875869,KXHIGHLAX (F),62.6,MARKET_DATA,REAL
2026-03-22T20:51:53.990821,KXHIGHCHI-26MAR22-T65 (Market),0.99,MARKET_DATA,REAL
2026-03-22T20:51:53.991209,KXHIGHCHI (F),33.8,MARKET_DATA,REAL
2026-03-22T20:51:56.152174,KXHIGHMIA-26MAR22-B81.5 (Market),0.99,MARKET_DATA,REAL
2026-03-22T20:51:56.153063,KXHIGHMIA (F),71.6,MARKET_DATA,REAL
2026-03-22T20:51:59.605273,BTC-USD (Coinbase),67924.0,MARKET_DATA,REAL
2026-03-22T20:51:59.682646,KXBTC15M-26MAR222200-00 (15m),0.26,MARKET_DATA,REAL
2026-03-22T20:52:01.636391,KXBTCD-26MAR2222-T67899.99 (1h),0.58,MARKET_DATA,REAL
2026-03-22T20:52:01.713452,KXBTCD-26MAR2222-T67699.99 (1h),0.96,MARKET_DATA,REAL
2026-03-22T20:52:01.792097,KXBTCD-26MAR2222-T68099.99 (1h),0.06,MARKET_DATA,REAL
2026-03-22T20:52:03.088935,KXHIGHNY-26MAR22-B62.5 (Market),0.99,MARKET_DATA,REAL
2026-03-22T20:52:03.089357,KXHIGHNY (F),51.98,MARKET_DATA,REAL
2026-03-22T20:52:05.226702,KXHIGHLAX-26MAR22-T75 (Market),0.99,MARKET_DATA,REAL
2026-03-22T20:52:05.227424,KXHIGHLAX (F),62.6,MARKET_DATA,REAL
2026-03-22T20:52:07.416747,KXHIGHCHI-26MAR22-T65 (Market),0.99,MARKET_DATA,REAL
2026-03-22T20:52:07.417129,KXHIGHCHI (F),33.8,MARKET_DATA,REAL
2026-03-22T20:52:09.553657,KXHIGHMIA-26MAR22-B81.5 (Market),0.99,MARKET_DATA,REAL
2026-03-22T20:52:09.554118,KXHIGHMIA (F),71.6,MARKET_DATA,REAL
2026-03-22T20:52:12.934528,BTC-USD (Coinbase),67932.0,MARKET_DATA,REAL
2026-03-22T20:52:13.015135,KXBTC15M-26MAR222200-00 (15m),0.28,MARKET_DATA,REAL
2026-03-22T20:52:14.928686,KXBTCD-26MAR2222-T67899.99 (1h),0.61,MARKET_DATA,REAL
2026-03-22T20:52:15.069168,KXBTCD-26MAR2222-T67699.99 (1h),0.97,MARKET_DATA,REAL
2026-03-22T20:52:15.151206,KXBTCD-26MAR2222-T68099.99 (1h),0.07,MARKET_DATA,REAL
2026-03-22T20:52:16.540330,KXHIGHNY-26MAR22-B62.5 (Market),0.99,MARKET_DATA,REAL
2026-03-22T20:52:16.540865,KXHIGHNY (F),51.98,MARKET_DATA,REAL
2026-03-22T20:52:18.722179,KXHIGHLAX-26MAR22-T75 (Market),0.99,MARKET_DATA,REAL
2026-03-22T20:52:18.722594,KXHIGHLAX (F),62.6,MARKET_DATA,REAL
2026-03-22T20:52:20.878300,KXHIGHCHI-26MAR22-T65 (Market),0.99,MARKET_DATA,REAL
2026-03-22T20:52:20.878748,KXHIGHCHI (F),33.8,MARKET_DATA,REAL
2026-03-22T20:52:23.051426,KXHIGHMIA-26MAR22-B81.5 (Market),0.99,MARKET_DATA,REAL
2026-03-22T20:52:23.051755,KXHIGHMIA (F),71.6,MARKET_DATA,REAL
2026-03-22T20:52:26.408651,BTC-USD (Coinbase),67967.55,MARKET_DATA,REAL
2026-03-22T20:52:26.488389,KXBTC15M-26MAR222200-00 (15m),0.24,MARKET_DATA,REAL
2026-03-22T20:52:28.520744,KXBTCD-26MAR2222-T67999.99 (1h),0.3,MARKET_DATA,REAL
2026-03-22T20:52:28.599819,KXBTCD-26MAR2222-T67799.99 (1h),0.89,MARKET_DATA,REAL
2026-03-22T20:52:28.675493,KXBTCD-26MAR2222-T68199.99 (1h),0.02,MARKET_DATA,REAL
2026-03-22T20:52:30.058328,KXHIGHNY-26MAR22-B62.5 (Market),0.99,MARKET_DATA,REAL
2026-03-22T20:52:30.058787,KXHIGHNY (F),51.98,MARKET_DATA,REAL
2026-03-22T20:52:32.242072,KXHIGHLAX-26MAR22-T75 (Market),0.99,MARKET_DATA,REAL
2026-03-22T20:52:32.242527,KXHIGHLAX (F),62.6,MARKET_DATA,REAL
2026-03-22T20:52:35.530275,KXHIGHCHI-26MAR22-T65 (Market),0.99,MARKET_DATA,REAL
2026-03-22T20:52:35.530930,KXHIGHCHI (F),33.8,MARKET_DATA,REAL
2026-03-22T20:52:38.695187,KXHIGHMIA-26MAR22-B81.5 (Market),0.99,MARKET_DATA,REAL
2026-03-22T20:52:38.695592,KXHIGHMIA (F),71.6,MARKET_DATA,REAL
2026-03-22T20:52:42.054399,BTC-USD (Coinbase),67999.07,MARKET_DATA,REAL
2026-03-22T20:52:42.210667,KXBTC15M-26MAR222200-00 (15m),0.47,MARKET_DATA,REAL
2026-03-22T20:52:44.177804,KXBTCD-26MAR2222-T67999.99 (1h),0.48,MARKET_DATA,REAL
2026-03-22T20:52:44.253893,KXBTCD-26MAR2222-T67799.99 (1h),0.96,MARKET_DATA,REAL
2026-03-22T20:52:44.334296,KXBTCD-26MAR2222-T68199.99 (1h),0.02,MARKET_DATA,REAL
2026-03-22T20:52:46.655992,KXHIGHNY-26MAR22-B62.5 (Market),0.99,MARKET_DATA,REAL
2026-03-22T20:52:46.656370,KXHIGHNY (F),51.98,MARKET_DATA,REAL
2026-03-22T20:52:50.047507,KXHIGHLAX-26MAR22-T75 (Market),0.99,MARKET_DATA,REAL
2026-03-22T20:52:50.047899,KXHIGHLAX (F),62.6,MARKET_DATA,REAL
2026-03-22T20:52:52.230911,KXHIGHCHI-26MAR22-T65 (Market),0.99,MARKET_DATA,REAL
2026-03-22T20:52:52.231343,KXHIGHCHI (F),33.8,MARKET_DATA,REAL
2026-03-22T20:52:54.443584,KXHIGHMIA-26MAR22-B81.5 (Market),0.99,MARKET_DATA,REAL
2026-03-22T20:52:54.444332,KXHIGHMIA (F),71.6,MARKET_DATA,REAL
2026-03-22T20:52:57.842079,BTC-USD (Coinbase),67978.01,MARKET_DATA,REAL
2026-03-22T20:52:57.928733,KXBTC15M-26MAR222200-00 (15m),0.51,MARKET_DATA,REAL
2026-03-22T20:52:59.935766,KXBTCD-26MAR2222-T67999.99 (1h),0.44,MARKET_DATA,REAL
2026-03-22T20:53:00.013200,KXBTCD-26MAR2222-T67799.99 (1h),0.95,MARKET_DATA,REAL
2026-03-22T20:53:00.097596,KXBTCD-26MAR2222-T68199.99 (1h),0.02,MARKET_DATA,REAL
2026-03-22T20:53:01.370251,KXHIGHNY-26MAR22-B62.5 (Market),0.99,MARKET_DATA,REAL
2026-03-22T20:53:01.370661,KXHIGHNY (F),51.98,MARKET_DATA,REAL
2026-03-22T20:53:03.906789,KXHIGHLAX-26MAR22-T75 (Market),0.99,MARKET_DATA,REAL
2026-03-22T20:53:03.907182,KXHIGHLAX (F),62.6,MARKET_DATA,REAL
2026-03-22T20:53:06.277188,KXHIGHCHI-26MAR22-T65 (Market),0.99,MARKET_DATA,REAL
2026-03-22T20:53:06.277696,KXHIGHCHI (F),33.8,MARKET_DATA,REAL
2026-03-22T20:53:08.524318,KXHIGHMIA-26MAR22-B81.5 (Market),0.99,MARKET_DATA,REAL
2026-03-22T20:53:08.525060,KXHIGHMIA (F),71.6,MARKET_DATA,REAL
2026-03-22T20:53:12.039347,BTC-USD (Coinbase),67961.25,MARKET_DATA,REAL
2026-03-22T20:53:12.118633,KXBTC15M-26MAR222200-00 (15m),0.36,MARKET_DATA,REAL
2026-03-22T20:53:14.184797,KXBTCD-26MAR2222-T67999.99 (1h),0.39,MARKET_DATA,REAL
2026-03-22T20:53:14.262710,KXBTCD-26MAR2222-T67799.99 (1h),0.93,MARKET_DATA,REAL
2026-03-22T20:53:14.345497,KXBTCD-26MAR2222-T68199.99 (1h),0.02,MARKET_DATA,REAL
2026-03-22T20:53:15.600698,KXHIGHNY-26MAR22-B62.5 (Market),0.99,MARKET_DATA,REAL
2026-03-22T20:53:15.601073,KXHIGHNY (F),51.98,MARKET_DATA,REAL
2026-03-22T20:53:17.742565,KXHIGHLAX-26MAR22-T75 (Market),0.99,MARKET_DATA,REAL
2026-03-22T20:53:17.743200,KXHIGHLAX (F),62.6,MARKET_DATA,REAL
2026-03-22T20:53:19.921852,KXHIGHCHI-26MAR22-T65 (Market),0.99,MARKET_DATA,REAL
2026-03-22T20:53:19.922252,KXHIGHCHI (F),33.8,MARKET_DATA,REAL
2026-03-22T20:53:22.179530,KXHIGHMIA-26MAR22-B81.5 (Market),0.99,MARKET_DATA,REAL
2026-03-22T20:53:22.180119,KXHIGHMIA (F),71.6,MARKET_DATA,REAL
2026-03-22T20:53:25.547286,BTC-USD (Coinbase),67991.71,MARKET_DATA,REAL
2026-03-22T20:53:25.624832,KXBTC15M-26MAR222200-00 (15m),0.42,MARKET_DATA,REAL
2026-03-22T20:53:27.781921,KXBTCD-26MAR2222-T67999.99 (1h),0.45,MARKET_DATA,REAL
2026-03-22T20:53:27.864246,KXBTCD-26MAR2222-T67799.99 (1h),0.94,MARKET_DATA,REAL
2026-03-22T20:53:27.953123,KXBTCD-26MAR2222-T68199.99 (1h),0.02,MARKET_DATA,REAL
2026-03-22T20:53:29.151040,KXHIGHNY-26MAR22-B62.5 (Market),0.99,MARKET_DATA,REAL
2026-03-22T20:53:29.151390,KXHIGHNY (F),51.98,MARKET_DATA,REAL
2026-03-22T20:53:31.256602,KXHIGHLAX-26MAR22-T75 (Market),0.99,MARKET_DATA,REAL
2026-03-22T20:53:31.257003,KXHIGHLAX (F),62.6,MARKET_DATA,REAL
2026-03-22T20:53:33.368806,KXHIGHCHI-26MAR22-T65 (Market),0.99,MARKET_DATA,REAL
2026-03-22T20:53:33.369544,KXHIGHCHI (F),33.8,MARKET_DATA,REAL
2026-03-22T20:53:35.542582,KXHIGHMIA-26MAR22-B81.5 (Market),0.99,MARKET_DATA,REAL
2026-03-22T20:53:35.543021,KXHIGHMIA (F),71.6,MARKET_DATA,REAL
2026-03-22T20:53:38.905325,BTC-USD (Coinbase),68021.98,MARKET_DATA,REAL
2026-03-22T20:53:38.986932,KXBTC15M-26MAR222200-00 (15m),0.57,MARKET_DATA,REAL
2026-03-22T20:53:41.052566,KXBTCD-26MAR2222-T67999.99 (1h),0.57,MARKET_DATA,REAL
2026-03-22T20:53:41.135403,KXBTCD-26MAR2222-T67799.99 (1h),0.96,MARKET_DATA,REAL
2026-03-22T20:53:41.212843,KXBTCD-26MAR2222-T68199.99 (1h),0.04,MARKET_DATA,REAL
2026-03-22T20:53:42.450329,KXHIGHNY-26MAR22-B62.5 (Market),0.99,MARKET_DATA,REAL
2026-03-22T20:53:42.451036,KXHIGHNY (F),51.98,MARKET_DATA,REAL
2026-03-22T20:53:44.581706,KXHIGHLAX-26MAR22-T75 (Market),0.99,MARKET_DATA,REAL
2026-03-22T20:53:44.582342,KXHIGHLAX (F),62.6,MARKET_DATA,REAL
2026-03-22T20:53:47.791778,KXHIGHCHI-26MAR22-T65 (Market),0.99,MARKET_DATA,REAL
2026-03-22T20:53:47.792457,KXHIGHCHI (F),33.8,MARKET_DATA,REAL
2026-03-22T20:53:51.055229,KXHIGHMIA-26MAR22-B81.5 (Market),0.99,MARKET_DATA,REAL
2026-03-22T20:53:51.055893,KXHIGHMIA (F),71.6,MARKET_DATA,REAL
2026-03-22T20:53:54.410217,BTC-USD (Coinbase),68019.94,MARKET_DATA,REAL
2026-03-22T20:53:54.588880,KXBTC15M-26MAR222200-00 (15m),0.51,MARKET_DATA,REAL
2026-03-22T20:53:56.558616,KXBTCD-26MAR2222-T67999.99 (1h),0.56,MARKET_DATA,REAL
2026-03-22T20:53:56.643275,KXBTCD-26MAR2222-T67799.99 (1h),0.96,MARKET_DATA,REAL
2026-03-22T20:53:56.721160,KXBTCD-26MAR2222-T68199.99 (1h),0.03,MARKET_DATA,REAL
2026-03-22T20:53:59.093419,KXHIGHNY-26MAR22-B62.5 (Market),0.99,MARKET_DATA,REAL
2026-03-22T20:53:59.094313,KXHIGHNY (F),51.98,MARKET_DATA,REAL
2026-03-22T20:54:02.863335,KXHIGHLAX-26MAR22-T75 (Market),0.99,MARKET_DATA,REAL
2026-03-22T20:54:02.863921,KXHIGHLAX (F),62.6,MARKET_DATA,REAL
2026-03-22T20:54:04.999414,KXHIGHCHI-26MAR22-T65 (Market),0.99,MARKET_DATA,REAL
2026-03-22T20:54:04.999813,KXHIGHCHI (F),33.8,MARKET_DATA,REAL
2026-03-22T20:54:07.155029,KXHIGHMIA-26MAR22-B81.5 (Market),0.99,MARKET_DATA,REAL
2026-03-22T20:54:07.155402,KXHIGHMIA (F),71.6,MARKET_DATA,REAL
2026-03-22T20:54:10.525439,BTC-USD (Coinbase),68022.29,MARKET_DATA,REAL
2026-03-22T20:54:10.604613,KXBTC15M-26MAR222200-00 (15m),0.56,MARKET_DATA,REAL
2026-03-22T20:54:12.627867,KXBTCD-26MAR2222-T67999.99 (1h),0.54,MARKET_DATA,REAL
2026-03-22T20:54:12.709297,KXBTCD-26MAR2222-T67799.99 (1h),0.98,MARKET_DATA,REAL
2026-03-22T20:54:12.789548,KXBTCD-26MAR2222-T68199.99 (1h),0.03,MARKET_DATA,REAL
2026-03-22T20:54:14.012209,KXHIGHNY-26MAR22-B62.5 (Market),0.99,MARKET_DATA,REAL
2026-03-22T20:54:14.012617,KXHIGHNY (F),51.98,MARKET_DATA,REAL
2026-03-22T20:54:16.212347,KXHIGHLAX-26MAR22-T75 (Market),0.99,MARKET_DATA,REAL
2026-03-22T20:54:16.212905,KXHIGHLAX (F),62.6,MARKET_DATA,REAL
2026-03-22T20:54:18.409246,KXHIGHCHI-26MAR22-T65 (Market),0.99,MARKET_DATA,REAL
2026-03-22T20:54:18.409700,KXHIGHCHI (F),33.8,MARKET_DATA,REAL
2026-03-22T20:54:20.559683,KXHIGHMIA-26MAR22-B81.5 (Market),0.99,MARKET_DATA,REAL
2026-03-22T20:54:20.560217,KXHIGHMIA (F),71.6,MARKET_DATA,REAL
2026-03-22T20:54:23.909150,BTC-USD (Coinbase),68020.39,MARKET_DATA,REAL
2026-03-22T20:54:23.987040,KXBTC15M-26MAR222200-00 (15m),0.55,MARKET_DATA,REAL
2026-03-22T20:54:26.013291,KXBTCD-26MAR2222-T67999.99 (1h),0.55,MARKET_DATA,REAL
2026-03-22T20:54:26.089161,KXBTCD-26MAR2222-T67799.99 (1h),0.97,MARKET_DATA,REAL
2026-03-22T20:54:26.168222,KXBTCD-26MAR2222-T68199.99 (1h),0.03,MARKET_DATA,REAL
2026-03-22T20:54:26.255858,KXBTCD-26MAR2222-T67999.99,0.45,SIGNAL_BUY,EXECUTED
2026-03-22T20:54:27.383065,KXHIGHNY-26MAR22-B62.5 (Market),0.99,MARKET_DATA,REAL
2026-03-22T20:54:27.383659,KXHIGHNY (F),51.98,MARKET_DATA,REAL
2026-03-22T20:54:29.471097,KXHIGHLAX-26MAR22-T75 (Market),0.99,MARKET_DATA,REAL
2026-03-22T20:54:29.471494,KXHIGHLAX (F),62.6,MARKET_DATA,REAL
2026-03-22T20:54:31.627938,KXHIGHCHI-26MAR22-T65 (Market),0.99,MARKET_DATA,REAL
2026-03-22T20:54:31.628350,KXHIGHCHI (F),33.8,MARKET_DATA,REAL
2026-03-22T20:54:33.753773,KXHIGHMIA-26MAR22-B81.5 (Market),0.99,MARKET_DATA,REAL
2026-03-22T20:54:33.754267,KXHIGHMIA (F),71.6,MARKET_DATA,REAL
2026-03-22T20:54:37.671607,BTC-USD (Coinbase),67964.41,MARKET_DATA,REAL
2026-03-22T20:54:37.749484,KXBTC15M-26MAR222200-00 (15m),0.55,MARKET_DATA,REAL
2026-03-22T20:54:39.684011,KXBTCD-26MAR2222-T67999.99 (1h),0.45,MARKET_DATA,REAL
2026-03-22T20:54:39.759443,KXBTCD-26MAR2222-T67799.99 (1h),0.97,MARKET_DATA,REAL
2026-03-22T20:54:39.893582,KXBTCD-26MAR2222-T68199.99 (1h),0.03,MARKET_DATA,REAL
2026-03-22T20:54:41.072037,KXHIGHNY-26MAR22-B62.5 (Market),0.99,MARKET_DATA,REAL
2026-03-22T20:54:41.072697,KXHIGHNY (F),51.98,MARKET_DATA,REAL
2026-03-22T20:54:43.194898,KXHIGHLAX-26MAR22-T75 (Market),0.99,MARKET_DATA,REAL
2026-03-22T20:54:43.195561,KXHIGHLAX (F),62.6,MARKET_DATA,REAL
2026-03-22T20:54:45.295615,KXHIGHCHI-26MAR22-T65 (Market),0.99,MARKET_DATA,REAL
2026-03-22T20:54:45.296258,KXHIGHCHI (F),33.8,MARKET_DATA,REAL
2026-03-22T20:54:47.402085,KXHIGHMIA-26MAR22-B81.5 (Market),0.99,MARKET_DATA,REAL
2026-03-22T20:54:47.402557,KXHIGHMIA (F),71.6,MARKET_DATA,REAL
2026-03-22T20:54:50.888303,BTC-USD (Coinbase),67902.88,MARKET_DATA,REAL
2026-03-22T20:54:50.971394,KXBTC15M-26MAR222200-00 (15m),0.15,MARKET_DATA,REAL
2026-03-22T20:54:52.883458,KXBTCD-26MAR2222-T67899.99 (1h),0.5,MARKET_DATA,REAL
2026-03-22T20:54:52.977218,KXBTCD-26MAR2222-T67699.99 (1h),0.97,MARKET_DATA,REAL
2026-03-22T20:54:53.052911,KXBTCD-26MAR2222-T68099.99 (1h),0.04,MARKET_DATA,REAL
2026-03-22T20:54:54.306278,KXHIGHNY-26MAR22-B62.5 (Market),0.99,MARKET_DATA,REAL
2026-03-22T20:54:54.306933,KXHIGHNY (F),51.98,MARKET_DATA,REAL
2026-03-22T20:54:56.463858,KXHIGHLAX-26MAR22-T75 (Market),0.99,MARKET_DATA,REAL
2026-03-22T20:54:56.464283,KXHIGHLAX (F),62.6,MARKET_DATA,REAL
2026-03-22T20:54:59.752402,KXHIGHCHI-26MAR22-T65 (Market),0.99,MARKET_DATA,REAL
2026-03-22T20:54:59.752810,KXHIGHCHI (F),33.8,MARKET_DATA,REAL
2026-03-22T20:55:03.059376,KXHIGHMIA-26MAR22-B81.5 (Market),0.99,MARKET_DATA,REAL
2026-03-22T20:55:03.059959,KXHIGHMIA (F),71.6,MARKET_DATA,REAL
2026-03-22T20:55:06.509985,BTC-USD (Coinbase),67904.54,MARKET_DATA,REAL
2026-03-22T20:55:06.677166,KXBTC15M-26MAR222200-00 (15m),0.13,MARKET_DATA,REAL
2026-03-22T20:55:08.595214,KXBTCD-26MAR2222-T67899.99 (1h),0.49,MARKET_DATA,REAL
2026-03-22T20:55:08.678531,KXBTCD-26MAR2222-T67699.99 (1h),0.97,MARKET_DATA,REAL
2026-03-22T20:55:08.760155,KXBTCD-26MAR2222-T68099.99 (1h),0.02,MARKET_DATA,REAL
2026-03-22T20:55:11.036976,KXHIGHNY-26MAR22-B62.5 (Market),0.99,MARKET_DATA,REAL
2026-03-22T20:55:11.037655,KXHIGHNY (F),51.98,MARKET_DATA,REAL
2026-03-22T20:55:14.243861,KXHIGHLAX-26MAR22-T75 (Market),0.99,MARKET_DATA,REAL
2026-03-22T20:55:14.244562,KXHIGHLAX (F),62.6,MARKET_DATA,REAL
2026-03-22T20:55:16.362692,KXHIGHCHI-26MAR22-T65 (Market),0.99,MARKET_DATA,REAL
2026-03-22T20:55:16.363108,KXHIGHCHI (F),33.8,MARKET_DATA,REAL
2026-03-22T20:55:18.495172,KXHIGHMIA-26MAR22-B81.5 (Market),0.99,MARKET_DATA,REAL
2026-03-22T20:55:18.495834,KXHIGHMIA (F),71.6,MARKET_DATA,REAL
2026-03-22T20:55:21.848408,BTC-USD (Coinbase),67923.44,MARKET_DATA,REAL
2026-03-22T20:55:21.928518,KXBTC15M-26MAR222200-00 (15m),0.18,MARKET_DATA,REAL
2026-03-22T20:55:23.852283,KXBTCD-26MAR2222-T67899.99 (1h),0.64,MARKET_DATA,REAL
2026-03-22T20:55:23.932506,KXBTCD-26MAR2222-T67699.99 (1h),0.99,MARKET_DATA,REAL
2026-03-22T20:55:24.015383,KXBTCD-26MAR2222-T68099.99 (1h),0.03,MARKET_DATA,REAL
2026-03-22T20:55:25.312796,KXHIGHNY-26MAR22-B62.5 (Market),0.99,MARKET_DATA,REAL
2026-03-22T20:55:25.313375,KXHIGHNY (F),51.98,MARKET_DATA,REAL
2026-03-22T20:55:27.449885,KXHIGHLAX-26MAR22-T75 (Market),0.99,MARKET_DATA,REAL
2026-03-22T20:55:27.450610,KXHIGHLAX (F),62.6,MARKET_DATA,REAL
2026-03-22T20:55:29.576449,KXHIGHCHI-26MAR22-T65 (Market),0.99,MARKET_DATA,REAL
2026-03-22T20:55:29.576819,KXHIGHCHI (F),33.8,MARKET_DATA,REAL
2026-03-22T20:55:31.777136,KXHIGHMIA-26MAR22-B81.5 (Market),0.99,MARKET_DATA,REAL
2026-03-22T20:55:31.777898,KXHIGHMIA (F),71.6,MARKET_DATA,REAL
2026-03-22T20:55:35.137161,BTC-USD (Coinbase),67920.3,MARKET_DATA,REAL
2026-03-22T20:55:35.220106,KXBTC15M-26MAR222200-00 (15m),0.16,MARKET_DATA,REAL
2026-03-22T20:55:37.218269,KXBTCD-26MAR2222-T67899.99 (1h),0.58,MARKET_DATA,REAL
2026-03-22T20:55:37.299670,KXBTCD-26MAR2222-T67699.99 (1h),0.99,MARKET_DATA,REAL
2026-03-22T20:55:37.380070,KXBTCD-26MAR2222-T68099.99 (1h),0.04,MARKET_DATA,REAL
2026-03-22T20:55:38.604999,KXHIGHNY-26MAR22-B62.5 (Market),0.99,MARKET_DATA,REAL
2026-03-22T20:55:38.605613,KXHIGHNY (F),51.98,MARKET_DATA,REAL
2026-03-22T20:55:40.804400,KXHIGHLAX-26MAR22-T75 (Market),0.99,MARKET_DATA,REAL
2026-03-22T20:55:40.804879,KXHIGHLAX (F),62.6,MARKET_DATA,REAL
2026-03-22T20:55:42.939953,KXHIGHCHI-26MAR22-T65 (Market),0.99,MARKET_DATA,REAL
2026-03-22T20:55:42.940357,KXHIGHCHI (F),33.8,MARKET_DATA,REAL
2026-03-22T20:55:45.112200,KXHIGHMIA-26MAR22-B81.5 (Market),0.99,MARKET_DATA,REAL
2026-03-22T20:55:45.112648,KXHIGHMIA (F),71.6,MARKET_DATA,REAL
2026-03-22T20:55:48.543488,BTC-USD (Coinbase),67920.31,MARKET_DATA,REAL
2026-03-22T20:55:48.627292,KXBTC15M-26MAR222200-00 (15m),0.16,MARKET_DATA,REAL
2026-03-22T20:55:50.513043,KXBTCD-26MAR2222-T67899.99 (1h),0.65,MARKET_DATA,REAL
2026-03-22T20:55:50.590138,KXBTCD-26MAR2222-T67699.99 (1h),0.99,MARKET_DATA,REAL
2026-03-22T20:55:50.669764,KXBTCD-26MAR2222-T68099.99 (1h),0.03,MARKET_DATA,REAL
2026-03-22T20:55:51.886444,KXHIGHNY-26MAR22-B62.5 (Market),0.99,MARKET_DATA,REAL
2026-03-22T20:55:51.887082,KXHIGHNY (F),51.98,MARKET_DATA,REAL
2026-03-22T20:55:54.070709,KXHIGHLAX-26MAR22-T75 (Market),0.99,MARKET_DATA,REAL
2026-03-22T20:55:54.071320,KXHIGHLAX (F),62.6,MARKET_DATA,REAL
2026-03-22T20:55:56.184341,KXHIGHCHI-26MAR22-T65 (Market),0.99,MARKET_DATA,REAL
2026-03-22T20:55:56.184951,KXHIGHCHI (F),33.8,MARKET_DATA,REAL
2026-03-22T20:55:58.310515,KXHIGHMIA-26MAR22-B81.5 (Market),0.99,MARKET_DATA,REAL
2026-03-22T20:55:58.311131,KXHIGHMIA (F),71.6,MARKET_DATA,REAL
2026-03-22T20:56:01.668095,BTC-USD (Coinbase),67923.46,MARKET_DATA,REAL
2026-03-22T20:56:01.749110,KXBTC15M-26MAR222200-00 (15m),0.17,MARKET_DATA,REAL
2026-03-22T20:56:03.674286,KXBTCD-26MAR2222-T67899.99 (1h),0.61,MARKET_DATA,REAL
2026-03-22T20:56:03.755686,KXBTCD-26MAR2222-T67699.99 (1h),0.99,MARKET_DATA,REAL
2026-03-22T20:56:03.836347,KXBTCD-26MAR2222-T68099.99 (1h),0.02,MARKET_DATA,REAL
2026-03-22T20:56:05.052973,KXHIGHNY-26MAR22-B62.5 (Market),0.99,MARKET_DATA,REAL
2026-03-22T20:56:05.053350,KXHIGHNY (F),51.98,MARKET_DATA,REAL
2026-03-22T20:56:07.209210,KXHIGHLAX-26MAR22-T75 (Market),0.99,MARKET_DATA,REAL
2026-03-22T20:56:07.209858,KXHIGHLAX (F),62.6,MARKET_DATA,REAL
2026-03-22T20:56:10.478392,KXHIGHCHI-26MAR22-T65 (Market),0.99,MARKET_DATA,REAL
2026-03-22T20:56:10.479029,KXHIGHCHI (F),33.8,MARKET_DATA,REAL
2026-03-22T20:56:13.801986,KXHIGHMIA-26MAR22-B81.5 (Market),0.99,MARKET_DATA,REAL
2026-03-22T20:56:13.802550,KXHIGHMIA (F),71.6,MARKET_DATA,REAL
2026-03-22T20:56:17.203180,BTC-USD (Coinbase),67904.66,MARKET_DATA,REAL
2026-03-22T20:56:17.362478,KXBTC15M-26MAR222200-00 (15m),0.16,MARKET_DATA,REAL
2026-03-22T20:56:19.521002,KXBTCD-26MAR2222-T67899.99 (1h),0.48,MARKET_DATA,REAL
2026-03-22T20:56:19.650350,KXBTCD-26MAR2222-T67699.99 (1h),0.99,MARKET_DATA,REAL
2026-03-22T20:56:19.784785,KXBTCD-26MAR2222-T68099.99 (1h),0.02,MARKET_DATA,REAL
2026-03-22T20:56:22.069322,KXHIGHNY-26MAR22-B62.5 (Market),0.99,MARKET_DATA,REAL
2026-03-22T20:56:22.069982,KXHIGHNY (F),51.98,MARKET_DATA,REAL
2026-03-22T20:56:25.280078,KXHIGHLAX-26MAR22-T75 (Market),0.99,MARKET_DATA,REAL
2026-03-22T20:56:25.280685,KXHIGHLAX (F),62.6,MARKET_DATA,REAL
2026-03-22T20:56:27.346142,KXHIGHCHI-26MAR22-T65 (Market),0.99,MARKET_DATA,REAL
2026-03-22T20:56:27.346784,KXHIGHCHI (F),33.8,MARKET_DATA,REAL
2026-03-22T20:56:29.429446,KXHIGHMIA-26MAR22-B81.5 (Market),0.99,MARKET_DATA,REAL
2026-03-22T20:56:29.429846,KXHIGHMIA (F),71.6,MARKET_DATA,REAL
2026-03-22T20:56:32.793611,BTC-USD (Coinbase),67919.0,MARKET_DATA,REAL
2026-03-22T20:56:32.878473,KXBTC15M-26MAR222200-00 (15m),0.091,MARKET_DATA,REAL
2026-03-22T20:56:34.815066,KXBTCD-26MAR2222-T67899.99 (1h),0.59,MARKET_DATA,REAL
2026-03-22T20:56:34.894766,KXBTCD-26MAR2222-T67699.99 (1h),0.99,MARKET_DATA,REAL
2026-03-22T20:56:34.974801,KXBTCD-26MAR2222-T68099.99 (1h),0.02,MARKET_DATA,REAL
2026-03-22T20:56:36.195427,KXHIGHNY-26MAR22-B62.5 (Market),0.99,MARKET_DATA,REAL
2026-03-22T20:56:36.195811,KXHIGHNY (F),51.98,MARKET_DATA,REAL
2026-03-22T20:56:38.302119,KXHIGHLAX-26MAR22-T75 (Market),0.99,MARKET_DATA,REAL
2026-03-22T20:56:38.302712,KXHIGHLAX (F),62.6,MARKET_DATA,REAL
2026-03-22T20:56:40.383343,KXHIGHCHI-26MAR22-T65 (Market),0.99,MARKET_DATA,REAL
2026-03-22T20:56:40.384008,KXHIGHCHI (F),33.8,MARKET_DATA,REAL
2026-03-22T20:56:42.483795,KXHIGHMIA-26MAR22-B81.5 (Market),0.99,MARKET_DATA,REAL
2026-03-22T20:56:42.484438,KXHIGHMIA (F),71.6,MARKET_DATA,REAL
2026-03-22T20:56:45.903454,BTC-USD (Coinbase),67954.09,MARKET_DATA,REAL
2026-03-22T20:56:45.997295,KXBTC15M-26MAR222200-00 (15m),0.13,MARKET_DATA,REAL
2026-03-22T20:56:48.004798,KXBTCD-26MAR2222-T67999.99 (1h),0.23,MARKET_DATA,REAL
2026-03-22T20:56:48.087087,KXBTCD-26MAR2222-T67799.99 (1h),0.96,MARKET_DATA,REAL
2026-03-22T20:56:48.173865,KXBTCD-26MAR2222-T68199.99 (1h),0.01,MARKET_DATA,REAL
2026-03-22T20:56:49.370062,KXHIGHNY-26MAR22-B62.5 (Market),0.99,MARKET_DATA,REAL
2026-03-22T20:56:49.370447,KXHIGHNY (F),51.98,MARKET_DATA,REAL
2026-03-22T20:56:51.515665,KXHIGHLAX-26MAR22-T75 (Market),0.99,MARKET_DATA,REAL
2026-03-22T20:56:51.516058,KXHIGHLAX (F),62.6,MARKET_DATA,REAL
2026-03-22T20:56:53.652764,KXHIGHCHI-26MAR22-T65 (Market),0.99,MARKET_DATA,REAL
2026-03-22T20:56:53.653162,KXHIGHCHI (F),33.8,MARKET_DATA,REAL
2026-03-22T20:56:56.268515,KXHIGHMIA-26MAR22-B81.5 (Market),0.99,MARKET_DATA,REAL
2026-03-22T20:56:56.269404,KXHIGHMIA (F),71.6,MARKET_DATA,REAL
2026-03-22T20:56:59.756695,BTC-USD (Coinbase),67948.66,MARKET_DATA,REAL
2026-03-22T20:56:59.837204,KXBTC15M-26MAR222200-00 (15m),0.22,MARKET_DATA,REAL
2026-03-22T20:57:02.008712,KXBTCD-26MAR2222-T67899.99 (1h),0.81,MARKET_DATA,REAL
2026-03-22T20:57:02.130042,KXBTCD-26MAR2222-T67699.99 (1h),0.99,MARKET_DATA,REAL
2026-03-22T20:57:02.210588,KXBTCD-26MAR2222-T68099.99 (1h),0.02,MARKET_DATA,REAL
2026-03-22T20:57:03.770821,KXHIGHNY-26MAR22-B62.5 (Market),0.99,MARKET_DATA,REAL
2026-03-22T20:57:03.771455,KXHIGHNY (F),51.98,MARKET_DATA,REAL
2026-03-22T20:57:05.953233,KXHIGHLAX-26MAR22-T75 (Market),0.99,MARKET_DATA,REAL
2026-03-22T20:57:05.953851,KXHIGHLAX (F),62.6,MARKET_DATA,REAL
2026-03-22T20:57:08.089030,KXHIGHCHI-26MAR22-T65 (Market),0.99,MARKET_DATA,REAL
2026-03-22T20:57:08.089665,KXHIGHCHI (F),33.8,MARKET_DATA,REAL
2026-03-22T20:57:10.196573,KXHIGHMIA-26MAR22-B81.5 (Market),0.99,MARKET_DATA,REAL
2026-03-22T20:57:10.196952,KXHIGHMIA (F),71.6,MARKET_DATA,REAL
2026-03-22T20:57:13.557378,BTC-USD (Coinbase),67923.46,MARKET_DATA,REAL
2026-03-22T20:57:13.635404,KXBTC15M-26MAR222200-00 (15m),0.13,MARKET_DATA,REAL
2026-03-22T20:57:15.580940,KXBTCD-26MAR2222-T67899.99 (1h),0.66,MARKET_DATA,REAL
2026-03-22T20:57:15.668395,KXBTCD-26MAR2222-T67699.99 (1h),0.99,MARKET_DATA,REAL
2026-03-22T20:57:15.747758,KXBTCD-26MAR2222-T68099.99 (1h),0.02,MARKET_DATA,REAL
2026-03-22T20:57:16.889915,KXHIGHNY-26MAR22-B62.5 (Market),0.99,MARKET_DATA,REAL
2026-03-22T20:57:16.890329,KXHIGHNY (F),51.98,MARKET_DATA,REAL
2026-03-22T20:57:19.019897,KXHIGHLAX-26MAR22-T75 (Market),0.99,MARKET_DATA,REAL
2026-03-22T20:57:19.020472,KXHIGHLAX (F),62.6,MARKET_DATA,REAL
2026-03-22T20:57:22.348056,KXHIGHCHI-26MAR22-T65 (Market),0.99,MARKET_DATA,REAL
2026-03-22T20:57:22.348700,KXHIGHCHI (F),33.8,MARKET_DATA,REAL
2026-03-22T20:57:25.561416,KXHIGHMIA-26MAR22-B81.5 (Market),0.99,MARKET_DATA,REAL
2026-03-22T20:57:25.562010,KXHIGHMIA (F),71.6,MARKET_DATA,REAL
2026-03-22T20:57:28.926711,BTC-USD (Coinbase),67911.1,MARKET_DATA,REAL
2026-03-22T20:57:29.086552,KXBTC15M-26MAR222200-00 (15m),0.09,MARKET_DATA,REAL
2026-03-22T20:57:31.005327,KXBTCD-26MAR2222-T67899.99 (1h),0.65,MARKET_DATA,REAL
2026-03-22T20:57:31.087634,KXBTCD-26MAR2222-T67699.99 (1h),0.99,MARKET_DATA,REAL
2026-03-22T20:57:31.170589,KXBTCD-26MAR2222-T68099.99 (1h),0.01,MARKET_DATA,REAL
2026-03-22T20:57:33.529276,KXHIGHNY-26MAR22-B62.5 (Market),0.99,MARKET_DATA,REAL
2026-03-22T20:57:33.529654,KXHIGHNY (F),51.98,MARKET_DATA,REAL
2026-03-22T20:57:36.839018,KXHIGHLAX-26MAR22-T75 (Market),0.99,MARKET_DATA,REAL
2026-03-22T20:57:36.839670,KXHIGHLAX (F),62.6,MARKET_DATA,REAL
2026-03-22T20:57:39.018526,KXHIGHCHI-26MAR22-T65 (Market),0.99,MARKET_DATA,REAL
2026-03-22T20:57:39.019277,KXHIGHCHI (F),33.8,MARKET_DATA,REAL
2026-03-22T20:57:41.190325,KXHIGHMIA-26MAR22-B81.5 (Market),0.99,MARKET_DATA,REAL
2026-03-22T20:57:41.190748,KXHIGHMIA (F),71.6,MARKET_DATA,REAL
2026-03-22T20:57:44.548122,BTC-USD (Coinbase),67896.01,MARKET_DATA,REAL
2026-03-22T20:57:44.631612,KXBTC15M-26MAR222200-00 (15m),0.05,MARKET_DATA,REAL
2026-03-22T20:57:46.726059,KXBTCD-26MAR2222-T67899.99 (1h),0.46,MARKET_DATA,REAL
2026-03-22T20:57:46.806510,KXBTCD-26MAR2222-T67699.99 (1h),0.99,MARKET_DATA,REAL
2026-03-22T20:57:46.887996,KXBTCD-26MAR2222-T68099.99 (1h),0.01,MARKET_DATA,REAL
2026-03-22T20:57:48.028811,KXHIGHNY-26MAR22-B62.5 (Market),0.99,MARKET_DATA,REAL
2026-03-22T20:57:48.029267,KXHIGHNY (F),51.98,MARKET_DATA,REAL
2026-03-22T20:57:50.108706,KXHIGHLAX-26MAR22-T75 (Market),0.99,MARKET_DATA,REAL
2026-03-22T20:57:50.109341,KXHIGHLAX (F),62.6,MARKET_DATA,REAL
2026-03-22T20:57:52.232337,KXHIGHCHI-26MAR22-T65 (Market),0.99,MARKET_DATA,REAL
2026-03-22T20:57:52.232998,KXHIGHCHI (F),33.8,MARKET_DATA,REAL
2026-03-22T20:57:54.337030,KXHIGHMIA-26MAR22-B81.5 (Market),0.99,MARKET_DATA,REAL
2026-03-22T20:57:54.337660,KXHIGHMIA (F),71.6,MARKET_DATA,REAL
2026-03-22T20:57:57.705187,BTC-USD (Coinbase),67910.88,MARKET_DATA,REAL
2026-03-22T20:57:57.783985,KXBTC15M-26MAR222200-00 (15m),0.031,MARKET_DATA,REAL
2026-03-22T20:57:59.693078,KXBTCD-26MAR2222-T67899.99 (1h),0.59,MARKET_DATA,REAL
2026-03-22T20:57:59.777593,KXBTCD-26MAR2222-T67699.99 (1h),0.99,MARKET_DATA,REAL
2026-03-22T20:57:59.854552,KXBTCD-26MAR2222-T68099.99 (1h),0.01,MARKET_DATA,REAL
2026-03-22T20:58:01.030213,KXHIGHNY-26MAR22-B62.5 (Market),0.99,MARKET_DATA,REAL
2026-03-22T20:58:01.030807,KXHIGHNY (F),51.98,MARKET_DATA,REAL
2026-03-22T20:58:03.105390,KXHIGHLAX-26MAR22-T75 (Market),0.99,MARKET_DATA,REAL
2026-03-22T20:58:03.105780,KXHIGHLAX (F),62.6,MARKET_DATA,REAL
2026-03-22T20:58:05.235567,KXHIGHCHI-26MAR22-T65 (Market),0.99,MARKET_DATA,REAL
2026-03-22T20:58:05.236041,KXHIGHCHI (F),33.8,MARKET_DATA,REAL
2026-03-22T20:58:07.458176,KXHIGHMIA-26MAR22-B81.5 (Market),0.99,MARKET_DATA,REAL
2026-03-22T20:58:07.458655,KXHIGHMIA (F),71.6,MARKET_DATA,REAL
2026-03-22T20:58:10.813541,BTC-USD (Coinbase),67920.02,MARKET_DATA,REAL
2026-03-22T20:58:10.891559,KXBTC15M-26MAR222200-00 (15m),0.026,MARKET_DATA,REAL
2026-03-22T20:58:12.895635,KXBTCD-26MAR2222-T67899.99 (1h),0.68,MARKET_DATA,REAL
2026-03-22T20:58:12.978766,KXBTCD-26MAR2222-T67699.99 (1h),0.99,MARKET_DATA,REAL
2026-03-22T20:58:13.059732,KXBTCD-26MAR2222-T68099.99 (1h),0.01,MARKET_DATA,REAL
2026-03-22T20:58:14.235263,KXHIGHNY-26MAR22-B62.5 (Market),0.99,MARKET_DATA,REAL
2026-03-22T20:58:14.235856,KXHIGHNY (F),51.98,MARKET_DATA,REAL
2026-03-22T20:58:16.373943,KXHIGHLAX-26MAR22-T75 (Market),0.99,MARKET_DATA,REAL
2026-03-22T20:58:16.374714,KXHIGHLAX (F),62.6,MARKET_DATA,REAL
2026-03-22T20:58:18.467117,KXHIGHCHI-26MAR22-T65 (Market),0.99,MARKET_DATA,REAL
2026-03-22T20:58:18.467750,KXHIGHCHI (F),33.8,MARKET_DATA,REAL
2026-03-22T20:58:20.570434,KXHIGHMIA-26MAR22-B81.5 (Market),0.99,MARKET_DATA,REAL
2026-03-22T20:58:20.571070,KXHIGHMIA (F),71.6,MARKET_DATA,REAL
2026-03-22T20:58:23.938604,BTC-USD (Coinbase),67918.01,MARKET_DATA,REAL
2026-03-22T20:58:24.019451,KXBTC15M-26MAR222200-00 (15m),0.041,MARKET_DATA,REAL
2026-03-22T20:58:25.905785,KXBTCD-26MAR2222-T67899.99 (1h),0.76,MARKET_DATA,REAL
2026-03-22T20:58:25.989477,KXBTCD-26MAR2222-T67699.99 (1h),0.99,MARKET_DATA,REAL
2026-03-22T20:58:26.076244,KXBTCD-26MAR2222-T68099.99 (1h),0.01,MARKET_DATA,REAL
2026-03-22T20:58:27.255638,KXHIGHNY-26MAR22-B62.5 (Market),0.99,MARKET_DATA,REAL
2026-03-22T20:58:27.256244,KXHIGHNY (F),51.98,MARKET_DATA,REAL
2026-03-22T20:58:29.386429,KXHIGHLAX-26MAR22-T75 (Market),0.99,MARKET_DATA,REAL
2026-03-22T20:58:29.387050,KXHIGHLAX (F),62.6,MARKET_DATA,REAL
2026-03-22T20:58:32.505261,KXHIGHCHI-26MAR22-T65 (Market),0.99,MARKET_DATA,REAL
2026-03-22T20:58:32.505882,KXHIGHCHI (F),33.8,MARKET_DATA,REAL
2026-03-22T20:58:35.756378,KXHIGHMIA-26MAR22-B81.5 (Market),0.99,MARKET_DATA,REAL
2026-03-22T20:58:35.756745,KXHIGHMIA (F),71.6,MARKET_DATA,REAL
2026-03-22T20:58:39.109665,BTC-USD (Coinbase),67928.01,MARKET_DATA,REAL
2026-03-22T20:58:39.268840,KXBTC15M-26MAR222200-00 (15m),0.014,MARKET_DATA,REAL
2026-03-22T20:58:41.164281,KXBTCD-26MAR2222-T67899.99 (1h),0.81,MARKET_DATA,REAL
2026-03-22T20:58:41.244513,KXBTCD-26MAR2222-T67699.99 (1h),0.99,MARKET_DATA,REAL
2026-03-22T20:58:41.324912,KXBTCD-26MAR2222-T68099.99 (1h),0.01,MARKET_DATA,REAL
2026-03-22T20:58:43.729654,KXHIGHNY-26MAR22-B62.5 (Market),0.99,MARKET_DATA,REAL
2026-03-22T20:58:43.730299,KXHIGHNY (F),51.98,MARKET_DATA,REAL
2026-03-22T20:58:46.955001,KXHIGHLAX-26MAR22-T75 (Market),0.99,MARKET_DATA,REAL
2026-03-22T20:58:46.955647,KXHIGHLAX (F),62.6,MARKET_DATA,REAL
2026-03-22T20:58:49.039046,KXHIGHCHI-26MAR22-T65 (Market),0.99,MARKET_DATA,REAL
2026-03-22T20:58:49.039711,KXHIGHCHI (F),33.8,MARKET_DATA,REAL
2026-03-22T20:58:51.162806,KXHIGHMIA-26MAR22-B81.5 (Market),0.99,MARKET_DATA,REAL
2026-03-22T20:58:51.163249,KXHIGHMIA (F),71.6,MARKET_DATA,REAL
2026-03-22T20:58:54.509824,BTC-USD (Coinbase),67919.93,MARKET_DATA,REAL
2026-03-22T20:58:54.591623,KXBTC15M-26MAR222200-00 (15m),0.002,MARKET_DATA,REAL
2026-03-22T20:58:56.509638,KXBTCD-26MAR2222-T67899.99 (1h),0.8,MARKET_DATA,REAL
2026-03-22T20:58:56.589394,KXBTCD-26MAR2222-T67699.99 (1h),0.99,MARKET_DATA,REAL
2026-03-22T20:58:56.671454,KXBTCD-26MAR2222-T68099.99 (1h),0.01,MARKET_DATA,REAL
2026-03-22T20:58:57.817573,KXHIGHNY-26MAR22-B62.5 (Market),0.99,MARKET_DATA,REAL
2026-03-22T20:58:57.818207,KXHIGHNY (F),51.98,MARKET_DATA,REAL
2026-03-22T20:58:59.938195,KXHIGHLAX-26MAR22-T75 (Market),0.99,MARKET_DATA,REAL
2026-03-22T20:58:59.938846,KXHIGHLAX (F),62.6,MARKET_DATA,REAL
2026-03-22T20:59:02.218283,KXHIGHCHI-26MAR22-T65 (Market),0.99,MARKET_DATA,REAL
2026-03-22T20:59:02.218937,KXHIGHCHI (F),33.8,MARKET_DATA,REAL
2026-03-22T20:59:04.367603,KXHIGHMIA-26MAR22-B81.5 (Market),0.99,MARKET_DATA,REAL
2026-03-22T20:59:04.368287,KXHIGHMIA (F),71.6,MARKET_DATA,REAL
2026-03-22T20:59:07.716239,BTC-USD (Coinbase),67904.55,MARKET_DATA,REAL
2026-03-22T20:59:07.798816,KXBTC15M-26MAR222200-00 (15m),0.001,MARKET_DATA,REAL
2026-03-22T20:59:09.746194,KXBTCD-26MAR2222-T67899.99 (1h),0.72,MARKET_DATA,REAL
2026-03-22T20:59:09.823695,KXBTCD-26MAR2222-T67699.99 (1h),0.99,MARKET_DATA,REAL
2026-03-22T20:59:09.906427,KXBTCD-26MAR2222-T68099.99 (1h),0.01,MARKET_DATA,REAL
2026-03-22T20:59:11.063672,KXHIGHNY-26MAR22-B62.5 (Market),0.99,MARKET_DATA,REAL
2026-03-22T20:59:11.064285,KXHIGHNY (F),51.98,MARKET_DATA,REAL
2026-03-22T20:59:13.148428,KXHIGHLAX-26MAR22-T75 (Market),0.99,MARKET_DATA,REAL
2026-03-22T20:59:13.149063,KXHIGHLAX (F),62.6,MARKET_DATA,REAL
2026-03-22T20:59:15.294810,KXHIGHCHI-26MAR22-T65 (Market),0.99,MARKET_DATA,REAL
2026-03-22T20:59:15.295497,KXHIGHCHI (F),33.8,MARKET_DATA,REAL
2026-03-22T20:59:17.422019,KXHIGHMIA-26MAR22-B81.5 (Market),0.99,MARKET_DATA,REAL
2026-03-22T20:59:17.422421,KXHIGHMIA (F),71.6,MARKET_DATA,REAL
2026-03-22T20:59:20.801438,BTC-USD (Coinbase),67914.0,MARKET_DATA,REAL
2026-03-22T20:59:20.880721,KXBTC15M-26MAR222200-00 (15m),0.001,MARKET_DATA,REAL
2026-03-22T20:59:22.820419,KXBTCD-26MAR2222-T67899.99 (1h),0.75,MARKET_DATA,REAL
2026-03-22T20:59:22.899745,KXBTCD-26MAR2222-T67699.99 (1h),0.99,MARKET_DATA,REAL
2026-03-22T20:59:22.979671,KXBTCD-26MAR2222-T68099.99 (1h),0.01,MARKET_DATA,REAL
2026-03-22T20:59:24.163009,KXHIGHNY-26MAR22-B62.5 (Market),0.99,MARKET_DATA,REAL
2026-03-22T20:59:24.163542,KXHIGHNY (F),51.98,MARKET_DATA,REAL
2026-03-22T20:59:26.338604,KXHIGHLAX-26MAR22-T75 (Market),0.99,MARKET_DATA,REAL
2026-03-22T20:59:26.338977,KXHIGHLAX (F),62.6,MARKET_DATA,REAL
2026-03-22T20:59:28.482033,KXHIGHCHI-26MAR22-T65 (Market),0.99,MARKET_DATA,REAL
2026-03-22T20:59:28.482629,KXHIGHCHI (F),33.8,MARKET_DATA,REAL
2026-03-22T20:59:30.560139,KXHIGHMIA-26MAR22-B81.5 (Market),0.99,MARKET_DATA,REAL
2026-03-22T20:59:30.560792,KXHIGHMIA (F),71.6,MARKET_DATA,REAL
2026-03-22T20:59:33.907619,BTC-USD (Coinbase),67914.03,MARKET_DATA,REAL
2026-03-22T20:59:33.987532,KXBTC15M-26MAR222200-00 (15m),0.001,MARKET_DATA,REAL
2026-03-22T20:59:35.921174,KXBTCD-26MAR2222-T67899.99 (1h),0.96,MARKET_DATA,REAL
2026-03-22T20:59:36.001215,KXBTCD-26MAR2222-T67699.99 (1h),0.99,MARKET_DATA,REAL
2026-03-22T20:59:36.089728,KXBTCD-26MAR2222-T68099.99 (1h),0.01,MARKET_DATA,REAL
2026-03-22T20:59:37.273710,KXHIGHNY-26MAR22-B62.5 (Market),0.99,MARKET_DATA,REAL
2026-03-22T20:59:37.274250,KXHIGHNY (F),51.98,MARKET_DATA,REAL
2026-03-22T20:59:39.412914,KXHIGHLAX-26MAR22-T75 (Market),0.99,MARKET_DATA,REAL
2026-03-22T20:59:39.413474,KXHIGHLAX (F),62.6,MARKET_DATA,REAL
2026-03-22T20:59:42.750468,KXHIGHCHI-26MAR22-T65 (Market),0.99,MARKET_DATA,REAL
2026-03-22T20:59:42.750805,KXHIGHCHI (F),33.8,MARKET_DATA,REAL
2026-03-22T20:59:45.941098,KXHIGHMIA-26MAR22-B81.5 (Market),0.99,MARKET_DATA,REAL
2026-03-22T20:59:45.941745,KXHIGHMIA (F),71.6,MARKET_DATA,REAL
2026-03-22T20:59:49.326840,BTC-USD (Coinbase),67917.07,MARKET_DATA,REAL
2026-03-22T20:59:49.483260,KXBTC15M-26MAR222200-00 (15m),0.001,MARKET_DATA,REAL
2026-03-22T20:59:51.396628,KXBTCD-26MAR2222-T67899.99 (1h),0.99,MARKET_DATA,REAL
2026-03-22T20:59:51.520518,KXBTCD-26MAR2222-T67699.99 (1h),0.99,MARKET_DATA,REAL
2026-03-22T20:59:51.599640,KXBTCD-26MAR2222-T68099.99 (1h),0.01,MARKET_DATA,REAL
2026-03-22T20:59:53.958712,KXHIGHNY-26MAR22-B62.5 (Market),0.99,MARKET_DATA,REAL
2026-03-22T20:59:53.959390,KXHIGHNY (F),51.98,MARKET_DATA,REAL
2026-03-22T20:59:57.165245,KXHIGHLAX-26MAR22-T75 (Market),0.99,MARKET_DATA,REAL
2026-03-22T20:59:57.165878,KXHIGHLAX (F),62.6,MARKET_DATA,REAL
2026-03-22T20:59:59.245972,KXHIGHCHI-26MAR22-T65 (Market),0.99,MARKET_DATA,REAL
2026-03-22T20:59:59.246633,KXHIGHCHI (F),33.8,MARKET_DATA,REAL
2026-03-22T21:00:01.307600,KXHIGHMIA-26MAR22-B81.5 (Market),0.99,MARKET_DATA,REAL
2026-03-22T21:00:01.308037,KXHIGHMIA (F),71.6,MARKET_DATA,REAL
2026-03-22T21:00:04.665672,BTC-USD (Coinbase),67910.84,MARKET_DATA,REAL
2026-03-22T21:00:04.747066,KXBTC15M-26MAR222200-00 (15m),0.001,MARKET_DATA,REAL
2026-03-22T21:00:06.847665,KXBTCD-26MAR2223-T67899.99 (1h),0.0,MARKET_DATA,REAL
2026-03-22T21:00:06.953543,KXBTCD-26MAR2223-T67699.99 (1h),0.0,MARKET_DATA,REAL
2026-03-22T21:00:07.031384,KXBTCD-26MAR2223-T68099.99 (1h),0.0,MARKET_DATA,REAL
2026-03-22T21:00:08.205518,KXHIGHNY-26MAR22-B62.5 (Market),0.99,MARKET_DATA,REAL
2026-03-22T21:00:08.205883,KXHIGHNY (F),51.98,MARKET_DATA,REAL
2026-03-22T21:00:10.301423,KXHIGHLAX-26MAR22-T75 (Market),0.99,MARKET_DATA,REAL
2026-03-22T21:00:10.302084,KXHIGHLAX (F),62.6,MARKET_DATA,REAL
2026-03-22T21:00:12.368688,KXHIGHCHI-26MAR22-T65 (Market),0.99,MARKET_DATA,REAL
2026-03-22T21:00:12.369348,KXHIGHCHI (F),33.8,MARKET_DATA,REAL
2026-03-22T21:00:14.458430,KXHIGHMIA-26MAR22-B81.5 (Market),0.99,MARKET_DATA,REAL
2026-03-22T21:00:14.458796,KXHIGHMIA (F),71.6,MARKET_DATA,REAL
2026-03-22T21:00:17.837558,BTC-USD (Coinbase),67895.0,MARKET_DATA,REAL
2026-03-22T21:00:17.920524,KXBTC15M-26MAR222200-00 (15m),0.001,MARKET_DATA,REAL
2026-03-22T21:00:19.871245,KXBTCD-26MAR2223-T67899.99 (1h),0.5,MARKET_DATA,REAL
2026-03-22T21:00:19.952507,KXBTCD-26MAR2223-T67699.99 (1h),0.01,MARKET_DATA,REAL
2026-03-22T21:00:20.031760,KXBTCD-26MAR2223-T68099.99 (1h),0.01,MARKET_DATA,REAL
2026-03-22T21:00:20.170041,KXBTCD-26MAR2223-T67899.99,0.5,SIGNAL_BUY,EXECUTED
2026-03-22T21:00:21.286301,KXHIGHNY-26MAR22-B62.5 (Market),0.99,MARKET_DATA,REAL
2026-03-22T21:00:21.286710,KXHIGHNY (F),51.98,MARKET_DATA,REAL
2026-03-22T21:00:23.360828,KXHIGHLAX-26MAR22-T75 (Market),0.99,MARKET_DATA,REAL
2026-03-22T21:00:23.361247,KXHIGHLAX (F),62.6,MARKET_DATA,REAL
2026-03-22T21:00:25.464018,KXHIGHCHI-26MAR22-T65 (Market),0.99,MARKET_DATA,REAL
2026-03-22T21:00:25.464563,KXHIGHCHI (F),33.8,MARKET_DATA,REAL
2026-03-22T21:00:27.548518,KXHIGHMIA-26MAR22-B81.5 (Market),0.99,MARKET_DATA,REAL
2026-03-22T21:00:27.549210,KXHIGHMIA (F),71.6,MARKET_DATA,REAL
2026-03-22T21:00:31.044764,BTC-USD (Coinbase),67905.48,MARKET_DATA,REAL
2026-03-22T21:00:31.122096,KXBTC15M-26MAR222200-00 (15m),0.001,MARKET_DATA,REAL
2026-03-22T21:00:33.024587,KXBTCD-26MAR2223-T67899.99 (1h),0.47,MARKET_DATA,REAL
2026-03-22T21:00:33.104599,KXBTCD-26MAR2223-T67699.99 (1h),0.01,MARKET_DATA,REAL
2026-03-22T21:00:33.190169,KXBTCD-26MAR2223-T68099.99 (1h),0.01,MARKET_DATA,REAL
2026-03-22T21:00:34.365095,KXHIGHNY-26MAR22-B62.5 (Market),0.99,MARKET_DATA,REAL
2026-03-22T21:00:34.365732,KXHIGHNY (F),51.98,MARKET_DATA,REAL
2026-03-22T21:00:36.433799,KXHIGHLAX-26MAR22-T75 (Market),0.99,MARKET_DATA,REAL
2026-03-22T21:00:36.434456,KXHIGHLAX (F),62.6,MARKET_DATA,REAL
2026-03-22T21:00:38.538292,KXHIGHCHI-26MAR22-T65 (Market),0.99,MARKET_DATA,REAL
2026-03-22T21:00:38.538666,KXHIGHCHI (F),33.8,MARKET_DATA,REAL
2026-03-22T21:00:40.606511,KXHIGHMIA-26MAR22-B81.5 (Market),0.99,MARKET_DATA,REAL
2026-03-22T21:00:40.606957,KXHIGHMIA (F),71.6,MARKET_DATA,REAL
2026-03-22T21:00:44.036026,BTC-USD (Coinbase),67913.98,MARKET_DATA,REAL
2026-03-22T21:00:44.118077,KXBTC15M-26MAR222200-00 (15m),0.001,MARKET_DATA,REAL
2026-03-22T21:00:46.047228,KXBTCD-26MAR2223-T67899.99 (1h),0.5,MARKET_DATA,REAL
2026-03-22T21:00:46.126095,KXBTCD-26MAR2223-T67699.99 (1h),0.73,MARKET_DATA,REAL
2026-03-22T21:00:46.208198,KXBTCD-26MAR2223-T68099.99 (1h),0.26,MARKET_DATA,REAL
2026-03-22T21:00:47.436660,KXHIGHNY-26MAR22-B62.5 (Market),0.99,MARKET_DATA,REAL
2026-03-22T21:00:47.437061,KXHIGHNY (F),51.98,MARKET_DATA,REAL
2026-03-22T21:00:49.514759,KXHIGHLAX-26MAR22-T75 (Market),0.99,MARKET_DATA,REAL
2026-03-22T21:00:49.515154,KXHIGHLAX (F),62.6,MARKET_DATA,REAL
2026-03-22T21:00:52.787468,KXHIGHCHI-26MAR22-T65 (Market),0.99,MARKET_DATA,REAL
2026-03-22T21:00:52.788186,KXHIGHCHI (F),33.8,MARKET_DATA,REAL
2026-03-22T21:00:55.979157,KXHIGHMIA-26MAR22-B81.5 (Market),0.99,MARKET_DATA,REAL
2026-03-22T21:00:55.979774,KXHIGHMIA (F),71.6,MARKET_DATA,REAL
2026-03-22T21:00:59.413334,BTC-USD (Coinbase),67910.86,MARKET_DATA,REAL
2026-03-22T21:00:59.567233,KXBTC15M-26MAR222215-15 (15m),0.5,MARKET_DATA,REAL
2026-03-22T21:01:01.484733,KXBTCD-26MAR2223-T67899.99 (1h),0.52,MARKET_DATA,REAL
2026-03-22T21:01:01.565326,KXBTCD-26MAR2223-T67699.99 (1h),0.73,MARKET_DATA,REAL
2026-03-22T21:01:01.645011,KXBTCD-26MAR2223-T68099.99 (1h),0.25,MARKET_DATA,REAL
2026-03-22T21:01:03.977825,KXHIGHNY-26MAR22-B62.5 (Market),0.99,MARKET_DATA,REAL
2026-03-22T21:01:03.978210,KXHIGHNY (F),51.98,MARKET_DATA,REAL
2026-03-22T21:01:07.192366,KXHIGHLAX-26MAR22-T75 (Market),0.99,MARKET_DATA,REAL
2026-03-22T21:01:07.193118,KXHIGHLAX (F),62.6,MARKET_DATA,REAL
2026-03-22T21:01:09.278790,KXHIGHCHI-26MAR22-T65 (Market),0.99,MARKET_DATA,REAL
2026-03-22T21:01:09.279178,KXHIGHCHI (F),33.8,MARKET_DATA,REAL
2026-03-22T21:01:11.416734,KXHIGHMIA-26MAR22-B81.5 (Market),0.99,MARKET_DATA,REAL
2026-03-22T21:01:11.417106,KXHIGHMIA (F),71.6,MARKET_DATA,REAL
2026-03-22T21:01:14.906920,BTC-USD (Coinbase),67916.05,MARKET_DATA,REAL
2026-03-22T21:01:14.989920,KXBTC15M-26MAR222215-15 (15m),0.51,MARKET_DATA,REAL
2026-03-22T21:01:16.909094,KXBTCD-26MAR2223-T67899.99 (1h),0.51,MARKET_DATA,REAL
2026-03-22T21:01:16.998345,KXBTCD-26MAR2223-T67699.99 (1h),0.79,MARKET_DATA,REAL
2026-03-22T21:01:17.080950,KXBTCD-26MAR2223-T68099.99 (1h),0.26,MARKET_DATA,REAL
2026-03-22T21:01:18.325533,KXHIGHNY-26MAR22-B62.5 (Market),0.99,MARKET_DATA,REAL
2026-03-22T21:01:18.325989,KXHIGHNY (F),51.98,MARKET_DATA,REAL
2026-03-22T21:01:20.437699,KXHIGHLAX-26MAR22-T75 (Market),0.99,MARKET_DATA,REAL
2026-03-22T21:01:20.438357,KXHIGHLAX (F),62.6,MARKET_DATA,REAL
2026-03-22T21:01:22.529813,KXHIGHCHI-26MAR22-T65 (Market),0.99,MARKET_DATA,REAL
2026-03-22T21:01:22.530235,KXHIGHCHI (F),33.8,MARKET_DATA,REAL
2026-03-22T21:01:24.655815,KXHIGHMIA-26MAR22-B81.5 (Market),0.99,MARKET_DATA,REAL
2026-03-22T21:01:24.656229,KXHIGHMIA (F),71.6,MARKET_DATA,REAL
2026-03-22T21:01:28.151368,BTC-USD (Coinbase),67943.99,MARKET_DATA,REAL
2026-03-22T21:01:28.230727,KXBTC15M-26MAR222215-15 (15m),0.57,MARKET_DATA,REAL
2026-03-22T21:01:30.089517,KXBTCD-26MAR2223-T67899.99 (1h),0.53,MARKET_DATA,REAL
2026-03-22T21:01:30.168722,KXBTCD-26MAR2223-T67699.99 (1h),0.8,MARKET_DATA,REAL
2026-03-22T21:01:30.250821,KXBTCD-26MAR2223-T68099.99 (1h),0.27,MARKET_DATA,REAL
2026-03-22T21:01:31.400786,KXHIGHNY-26MAR22-B62.5 (Market),0.99,MARKET_DATA,REAL
2026-03-22T21:01:31.401376,KXHIGHNY (F),51.98,MARKET_DATA,REAL
2026-03-22T21:01:33.528433,KXHIGHLAX-26MAR22-T75 (Market),0.99,MARKET_DATA,REAL
2026-03-22T21:01:33.529055,KXHIGHLAX (F),62.6,MARKET_DATA,REAL
2026-03-22T21:01:35.659792,KXHIGHCHI-26MAR22-T65 (Market),0.99,MARKET_DATA,REAL
2026-03-22T21:01:35.660298,KXHIGHCHI (F),33.8,MARKET_DATA,REAL
2026-03-22T21:01:37.798389,KXHIGHMIA-26MAR22-B81.5 (Market),0.99,MARKET_DATA,REAL
2026-03-22T21:01:37.799013,KXHIGHMIA (F),71.6,MARKET_DATA,REAL
2026-03-22T21:01:41.226231,BTC-USD (Coinbase),67926.26,MARKET_DATA,REAL
2026-03-22T21:01:41.307824,KXBTC15M-26MAR222215-15 (15m),0.52,MARKET_DATA,REAL
2026-03-22T21:01:43.215716,KXBTCD-26MAR2223-T67899.99 (1h),0.53,MARKET_DATA,REAL
2026-03-22T21:01:43.293744,KXBTCD-26MAR2223-T67699.99 (1h),0.79,MARKET_DATA,REAL
2026-03-22T21:01:43.415908,KXBTCD-26MAR2223-T68099.99 (1h),0.26,MARKET_DATA,REAL
2026-03-22T21:01:54.537713,KXHIGHNY-26MAR22-B62.5 (Market),0.99,MARKET_DATA,REAL
2026-03-22T21:01:54.538338,KXHIGHNY (F),51.98,MARKET_DATA,REAL
2026-03-22T21:01:56.688845,KXHIGHLAX-26MAR22-T75 (Market),0.99,MARKET_DATA,REAL
2026-03-22T21:01:56.689234,KXHIGHLAX (F),62.6,MARKET_DATA,REAL
2026-03-22T21:01:59.837310,KXHIGHCHI-26MAR22-T65 (Market),0.99,MARKET_DATA,REAL
2026-03-22T21:01:59.837797,KXHIGHCHI (F),33.8,MARKET_DATA,REAL
2026-03-22T21:02:03.006713,KXHIGHMIA-26MAR22-B81.5 (Market),0.99,MARKET_DATA,REAL
2026-03-22T21:02:03.007338,KXHIGHMIA (F),71.6,MARKET_DATA,REAL
2026-03-22T21:02:06.446968,BTC-USD (Coinbase),67956.0,MARKET_DATA,REAL
2026-03-22T21:02:06.599059,KXBTC15M-26MAR222215-15 (15m),0.62,MARKET_DATA,REAL
2026-03-22T21:02:08.634818,KXBTCD-26MAR2223-T67899.99 (1h),0.55,MARKET_DATA,REAL
2026-03-22T21:02:08.715891,KXBTCD-26MAR2223-T67699.99 (1h),0.8,MARKET_DATA,REAL
2026-03-22T21:02:08.835887,KXBTCD-26MAR2223-T68099.99 (1h),0.26,MARKET_DATA,REAL
2026-03-22T21:02:11.238007,KXHIGHNY-26MAR22-B62.5 (Market),0.99,MARKET_DATA,REAL
2026-03-22T21:02:11.238428,KXHIGHNY (F),51.98,MARKET_DATA,REAL
2026-03-22T21:02:14.483502,KXHIGHLAX-26MAR22-T75 (Market),0.99,MARKET_DATA,REAL
2026-03-22T21:02:14.483914,KXHIGHLAX (F),62.6,MARKET_DATA,REAL
2026-03-22T21:02:16.641082,KXHIGHCHI-26MAR22-T65 (Market),0.99,MARKET_DATA,REAL
2026-03-22T21:02:16.641695,KXHIGHCHI (F),33.8,MARKET_DATA,REAL
2026-03-22T21:02:18.792311,KXHIGHMIA-26MAR22-B81.5 (Market),0.99,MARKET_DATA,REAL
2026-03-22T21:02:18.792888,KXHIGHMIA (F),71.6,MARKET_DATA,REAL
2026-03-22T21:02:22.255262,BTC-USD (Coinbase),67929.61,MARKET_DATA,REAL
2026-03-22T21:02:22.333463,KXBTC15M-26MAR222215-15 (15m),0.56,MARKET_DATA,REAL
2026-03-22T21:02:24.316601,KXBTCD-26MAR2223-T67899.99 (1h),0.53,MARKET_DATA,REAL
2026-03-22T21:02:24.394355,KXBTCD-26MAR2223-T67699.99 (1h),0.79,MARKET_DATA,REAL
2026-03-22T21:02:24.478039,KXBTCD-26MAR2223-T68099.99 (1h),0.26,MARKET_DATA,REAL
2026-03-22T21:02:25.717170,KXHIGHNY-26MAR22-B62.5 (Market),0.99,MARKET_DATA,REAL
2026-03-22T21:02:25.717776,KXHIGHNY (F),51.98,MARKET_DATA,REAL
2026-03-22T21:02:27.825980,KXHIGHLAX-26MAR22-T75 (Market),0.99,MARKET_DATA,REAL
2026-03-22T21:02:27.826591,KXHIGHLAX (F),62.6,MARKET_DATA,REAL
2026-03-22T21:02:29.972704,KXHIGHCHI-26MAR22-T65 (Market),0.99,MARKET_DATA,REAL
2026-03-22T21:02:29.973335,KXHIGHCHI (F),33.8,MARKET_DATA,REAL
2026-03-22T21:02:32.061915,KXHIGHMIA-26MAR22-B81.5 (Market),0.99,MARKET_DATA,REAL
2026-03-22T21:02:32.062550,KXHIGHMIA (F),71.6,MARKET_DATA,REAL
2026-03-22T21:02:35.498347,BTC-USD (Coinbase),67929.61,MARKET_DATA,REAL
2026-03-22T21:02:35.577011,KXBTC15M-26MAR222215-15 (15m),0.55,MARKET_DATA,REAL
2026-03-22T21:02:37.456437,KXBTCD-26MAR2223-T67899.99 (1h),0.53,MARKET_DATA,REAL
2026-03-22T21:02:37.536312,KXBTCD-26MAR2223-T67699.99 (1h),0.8,MARKET_DATA,REAL
2026-03-22T21:02:37.666166,KXBTCD-26MAR2223-T68099.99 (1h),0.27,MARKET_DATA,REAL
2026-03-22T21:02:38.847021,KXHIGHNY-26MAR22-B62.5 (Market),0.99,MARKET_DATA,REAL
2026-03-22T21:02:38.847679,KXHIGHNY (F),51.98,MARKET_DATA,REAL
2026-03-22T21:02:40.945349,KXHIGHLAX-26MAR22-T75 (Market),0.99,MARKET_DATA,REAL
2026-03-22T21:02:40.945810,KXHIGHLAX (F),62.6,MARKET_DATA,REAL
2026-03-22T21:02:42.998191,KXHIGHCHI-26MAR22-T65 (Market),0.99,MARKET_DATA,REAL
2026-03-22T21:02:42.998848,KXHIGHCHI (F),33.8,MARKET_DATA,REAL
2026-03-22T21:02:45.130913,KXHIGHMIA-26MAR22-B81.5 (Market),0.99,MARKET_DATA,REAL
2026-03-22T21:02:45.131505,KXHIGHMIA (F),71.6,MARKET_DATA,REAL
2026-03-22T21:02:48.558262,BTC-USD (Coinbase),67918.59,MARKET_DATA,REAL
2026-03-22T21:02:48.640207,KXBTC15M-26MAR222215-15 (15m),0.55,MARKET_DATA,REAL
2026-03-22T21:02:50.600776,KXBTCD-26MAR2223-T67899.99 (1h),0.51,MARKET_DATA,REAL
2026-03-22T21:02:50.688217,KXBTCD-26MAR2223-T67699.99 (1h),0.78,MARKET_DATA,REAL
2026-03-22T21:02:50.779925,KXBTCD-26MAR2223-T68099.99 (1h),0.24,MARKET_DATA,REAL
2026-03-22T21:02:52.008172,KXHIGHNY-26MAR22-B62.5 (Market),0.99,MARKET_DATA,REAL
2026-03-22T21:02:52.008865,KXHIGHNY (F),51.98,MARKET_DATA,REAL
2026-03-22T21:02:54.127175,KXHIGHLAX-26MAR22-T75 (Market),0.99,MARKET_DATA,REAL
2026-03-22T21:02:54.129659,KXHIGHLAX (F),62.6,MARKET_DATA,REAL
2026-03-22T21:02:56.287500,KXHIGHCHI-26MAR22-T65 (Market),0.99,MARKET_DATA,REAL
2026-03-22T21:02:56.287872,KXHIGHCHI (F),33.8,MARKET_DATA,REAL
2026-03-22T21:02:58.411141,KXHIGHMIA-26MAR22-B81.5 (Market),0.99,MARKET_DATA,REAL
2026-03-22T21:02:58.411593,KXHIGHMIA (F),71.6,MARKET_DATA,REAL
2026-03-22T21:03:01.896491,BTC-USD (Coinbase),67915.72,MARKET_DATA,REAL
2026-03-22T21:03:01.974160,KXBTC15M-26MAR222215-15 (15m),0.52,MARKET_DATA,REAL
2026-03-22T21:03:03.971911,KXBTCD-26MAR2223-T67899.99 (1h),0.49,MARKET_DATA,REAL
2026-03-22T21:03:04.053074,KXBTCD-26MAR2223-T67699.99 (1h),0.78,MARKET_DATA,REAL
2026-03-22T21:03:04.132750,KXBTCD-26MAR2223-T68099.99 (1h),0.21,MARKET_DATA,REAL
2026-03-22T21:03:16.683461,KXHIGHLAX-26MAR22-T75 (Market),0.99,MARKET_DATA,REAL
2026-03-22T21:03:16.684074,KXHIGHLAX (F),62.6,MARKET_DATA,REAL
2026-03-22T21:03:19.902064,KXHIGHCHI-26MAR22-T65 (Market),0.99,MARKET_DATA,REAL
2026-03-22T21:03:19.902633,KXHIGHCHI (F),33.8,MARKET_DATA,REAL
2026-03-22T21:03:23.080791,KXHIGHMIA-26MAR22-B81.5 (Market),0.99,MARKET_DATA,REAL
2026-03-22T21:03:23.081212,KXHIGHMIA (F),71.6,MARKET_DATA,REAL
2026-03-22T21:03:26.434165,BTC-USD (Coinbase),67892.64,MARKET_DATA,REAL
2026-03-22T21:03:26.588587,KXBTC15M-26MAR222215-15 (15m),0.5,MARKET_DATA,REAL
2026-03-22T21:03:28.591174,KXBTCD-26MAR2223-T67899.99 (1h),0.47,MARKET_DATA,REAL
2026-03-22T21:03:28.670223,KXBTCD-26MAR2223-T67699.99 (1h),0.75,MARKET_DATA,REAL
2026-03-22T21:03:28.749144,KXBTCD-26MAR2223-T68099.99 (1h),0.21,MARKET_DATA,REAL
2026-03-22T21:03:28.833412,KXBTCD-26MAR2223-T67899.99,0.53,SIGNAL_BUY,EXECUTED
2026-03-22T21:03:31.161254,KXHIGHNY-26MAR22-B62.5 (Market),0.99,MARKET_DATA,REAL
2026-03-22T21:03:31.161719,KXHIGHNY (F),51.98,MARKET_DATA,REAL
2026-03-22T21:03:33.223849,KXHIGHLAX-26MAR22-T75 (Market),0.99,MARKET_DATA,REAL
2026-03-22T21:03:33.224498,KXHIGHLAX (F),60.8,MARKET_DATA,REAL
2026-03-22T21:03:35.347745,KXHIGHCHI-26MAR22-T65 (Market),0.99,MARKET_DATA,REAL
2026-03-22T21:03:35.348375,KXHIGHCHI (F),33.8,MARKET_DATA,REAL
2026-03-22T21:03:37.456377,KXHIGHMIA-26MAR22-B81.5 (Market),0.99,MARKET_DATA,REAL
2026-03-22T21:03:37.457033,KXHIGHMIA (F),71.6,MARKET_DATA,REAL
2026-03-22T21:03:40.902458,BTC-USD (Coinbase),67880.3,MARKET_DATA,REAL
2026-03-22T21:03:40.983095,KXBTC15M-26MAR222215-15 (15m),0.5,MARKET_DATA,REAL
2026-03-22T21:03:42.903720,KXBTCD-26MAR2223-T67899.99 (1h),0.46,MARKET_DATA,REAL
2026-03-22T21:03:42.985010,KXBTCD-26MAR2223-T67699.99 (1h),0.74,MARKET_DATA,REAL
2026-03-22T21:03:43.061773,KXBTCD-26MAR2223-T68099.99 (1h),0.22,MARKET_DATA,REAL
2026-03-22T21:03:44.255366,KXHIGHNY-26MAR22-B62.5 (Market),0.99,MARKET_DATA,REAL
2026-03-22T21:03:44.255954,KXHIGHNY (F),51.98,MARKET_DATA,REAL
2026-03-22T21:03:46.309710,KXHIGHLAX-26MAR22-T75 (Market),0.99,MARKET_DATA,REAL
2026-03-22T21:03:46.310379,KXHIGHLAX (F),60.8,MARKET_DATA,REAL
2026-03-22T21:03:48.462589,KXHIGHCHI-26MAR22-T65 (Market),0.99,MARKET_DATA,REAL
2026-03-22T21:03:48.462966,KXHIGHCHI (F),33.8,MARKET_DATA,REAL
2026-03-22T21:03:50.573502,KXHIGHMIA-26MAR22-B81.5 (Market),0.99,MARKET_DATA,REAL
2026-03-22T21:03:50.574067,KXHIGHMIA (F),71.6,MARKET_DATA,REAL
2026-03-22T21:03:54.000317,BTC-USD (Coinbase),67882.45,MARKET_DATA,REAL
2026-03-22T21:03:54.081128,KXBTC15M-26MAR222215-15 (15m),0.5,MARKET_DATA,REAL
2026-03-22T21:03:55.990871,KXBTCD-26MAR2223-T67899.99 (1h),0.46,MARKET_DATA,REAL
2026-03-22T21:03:56.069842,KXBTCD-26MAR2223-T67699.99 (1h),0.75,MARKET_DATA,REAL
2026-03-22T21:03:56.149209,KXBTCD-26MAR2223-T68099.99 (1h),0.22,MARKET_DATA,REAL
2026-03-22T21:03:57.299926,KXHIGHNY-26MAR22-B62.5 (Market),0.99,MARKET_DATA,REAL
2026-03-22T21:03:57.300337,KXHIGHNY (F),51.98,MARKET_DATA,REAL
2026-03-22T21:03:59.501909,KXHIGHLAX-26MAR22-T75 (Market),0.99,MARKET_DATA,REAL
2026-03-22T21:03:59.502286,KXHIGHLAX (F),60.8,MARKET_DATA,REAL
2026-03-22T21:04:01.898128,KXHIGHCHI-26MAR22-T65 (Market),0.99,MARKET_DATA,REAL
2026-03-22T21:04:01.898816,KXHIGHCHI (F),33.8,MARKET_DATA,REAL
2026-03-22T21:04:04.070194,KXHIGHMIA-26MAR22-B81.5 (Market),0.99,MARKET_DATA,REAL
2026-03-22T21:04:04.070784,KXHIGHMIA (F),71.6,MARKET_DATA,REAL
2026-03-22T21:04:07.509331,BTC-USD (Coinbase),67898.08,MARKET_DATA,REAL
2026-03-22T21:04:07.588769,KXBTC15M-26MAR222215-15 (15m),0.5,MARKET_DATA,REAL
2026-03-22T21:04:09.494943,KXBTCD-26MAR2223-T67899.99 (1h),0.5,MARKET_DATA,REAL
2026-03-22T21:04:09.580361,KXBTCD-26MAR2223-T67699.99 (1h),0.76,MARKET_DATA,REAL
2026-03-22T21:04:09.658945,KXBTCD-26MAR2223-T68099.99 (1h),0.22,MARKET_DATA,REAL
2026-03-22T21:04:10.867393,KXHIGHNY-26MAR22-B62.5 (Market),0.99,MARKET_DATA,REAL
2026-03-22T21:04:10.868053,KXHIGHNY (F),51.98,MARKET_DATA,REAL
2026-03-22T21:04:13.019634,KXHIGHLAX-26MAR22-T75 (Market),0.99,MARKET_DATA,REAL
2026-03-22T21:04:13.020079,KXHIGHLAX (F),60.8,MARKET_DATA,REAL
2026-03-22T21:04:15.140133,KXHIGHCHI-26MAR22-T65 (Market),0.99,MARKET_DATA,REAL
2026-03-22T21:04:15.140513,KXHIGHCHI (F),33.8,MARKET_DATA,REAL
2026-03-22T21:04:17.287433,KXHIGHMIA-26MAR22-B81.5 (Market),0.99,MARKET_DATA,REAL
2026-03-22T21:04:17.288155,KXHIGHMIA (F),71.6,MARKET_DATA,REAL
2026-03-22T21:04:20.637029,BTC-USD (Coinbase),67885.65,MARKET_DATA,REAL
2026-03-22T21:04:20.718920,KXBTC15M-26MAR222215-15 (15m),0.5,MARKET_DATA,REAL
2026-03-22T21:04:22.683334,KXBTCD-26MAR2223-T67899.99 (1h),0.47,MARKET_DATA,REAL
2026-03-22T21:04:22.821253,KXBTCD-26MAR2223-T67699.99 (1h),0.75,MARKET_DATA,REAL
2026-03-22T21:04:22.902130,KXBTCD-26MAR2223-T68099.99 (1h),0.21,MARKET_DATA,REAL
2026-03-22T21:04:24.034488,KXHIGHNY-26MAR22-B62.5 (Market),0.99,MARKET_DATA,REAL
2026-03-22T21:04:24.035108,KXHIGHNY (F),51.98,MARKET_DATA,REAL
2026-03-22T21:04:27.148338,KXHIGHLAX-26MAR22-T75 (Market),0.99,MARKET_DATA,REAL
2026-03-22T21:04:27.149067,KXHIGHLAX (F),60.8,MARKET_DATA,REAL
2026-03-22T21:04:30.430993,KXHIGHCHI-26MAR22-T65 (Market),0.99,MARKET_DATA,REAL
2026-03-22T21:04:30.431725,KXHIGHCHI (F),33.8,MARKET_DATA,REAL
2026-03-22T21:04:33.600144,KXHIGHMIA-26MAR22-B81.5 (Market),0.99,MARKET_DATA,REAL
2026-03-22T21:04:33.600543,KXHIGHMIA (F),71.6,MARKET_DATA,REAL
2026-03-22T21:04:36.949500,BTC-USD (Coinbase),67907.69,MARKET_DATA,REAL
2026-03-22T21:04:37.103585,KXBTC15M-26MAR222215-15 (15m),0.5,MARKET_DATA,REAL
2026-03-22T21:04:39.064185,KXBTCD-26MAR2223-T67899.99 (1h),0.49,MARKET_DATA,REAL
2026-03-22T21:04:39.147612,KXBTCD-26MAR2223-T67699.99 (1h),0.77,MARKET_DATA,REAL
2026-03-22T21:04:39.236275,KXBTCD-26MAR2223-T68099.99 (1h),0.22,MARKET_DATA,REAL
2026-03-22T21:04:41.475093,KXHIGHNY-26MAR22-B62.5 (Market),0.99,MARKET_DATA,REAL
2026-03-22T21:04:41.475702,KXHIGHNY (F),51.98,MARKET_DATA,REAL
2026-03-22T21:04:43.591479,KXHIGHLAX-26MAR22-T75 (Market),0.99,MARKET_DATA,REAL
2026-03-22T21:04:43.592039,KXHIGHLAX (F),60.8,MARKET_DATA,REAL
2026-03-22T21:04:45.705429,KXHIGHCHI-26MAR22-T65 (Market),0.99,MARKET_DATA,REAL
2026-03-22T21:04:45.705903,KXHIGHCHI (F),33.8,MARKET_DATA,REAL
2026-03-22T21:04:47.810036,KXHIGHMIA-26MAR22-B81.5 (Market),0.99,MARKET_DATA,REAL
2026-03-22T21:04:47.810717,KXHIGHMIA (F),71.6,MARKET_DATA,REAL
2026-03-22T21:04:51.208550,BTC-USD (Coinbase),67887.99,MARKET_DATA,REAL
2026-03-22T21:04:51.290634,KXBTC15M-26MAR222215-15 (15m),0.45,MARKET_DATA,REAL
2026-03-22T21:04:53.198282,KXBTCD-26MAR2223-T67899.99 (1h),0.48,MARKET_DATA,REAL
2026-03-22T21:04:53.276314,KXBTCD-26MAR2223-T67699.99 (1h),0.77,MARKET_DATA,REAL
2026-03-22T21:04:53.357992,KXBTCD-26MAR2223-T68099.99 (1h),0.2,MARKET_DATA,REAL
2026-03-22T21:04:54.598430,KXHIGHNY-26MAR22-B62.5 (Market),0.99,MARKET_DATA,REAL
2026-03-22T21:04:54.598828,KXHIGHNY (F),51.98,MARKET_DATA,REAL
2026-03-22T21:04:56.720814,KXHIGHLAX-26MAR22-T75 (Market),0.99,MARKET_DATA,REAL
2026-03-22T21:04:56.721223,KXHIGHLAX (F),60.8,MARKET_DATA,REAL
2026-03-22T21:04:58.884328,KXHIGHCHI-26MAR22-T65 (Market),0.99,MARKET_DATA,REAL
2026-03-22T21:04:58.885157,KXHIGHCHI (F),33.8,MARKET_DATA,REAL
2026-03-22T21:05:01.004640,KXHIGHMIA-26MAR22-B81.5 (Market),0.99,MARKET_DATA,REAL
2026-03-22T21:05:01.005177,KXHIGHMIA (F),71.6,MARKET_DATA,REAL
2026-03-22T21:05:04.369062,BTC-USD (Coinbase),67931.01,MARKET_DATA,REAL
2026-03-22T21:05:04.453001,KXBTC15M-26MAR222215-15 (15m),0.51,MARKET_DATA,REAL
2026-03-22T21:05:06.675123,KXBTCD-26MAR2223-T67899.99 (1h),0.53,MARKET_DATA,REAL
2026-03-22T21:05:06.754698,KXBTCD-26MAR2223-T67699.99 (1h),0.8,MARKET_DATA,REAL
2026-03-22T21:05:06.886539,KXBTCD-26MAR2223-T68099.99 (1h),0.22,MARKET_DATA,REAL
2026-03-22T21:05:08.086308,KXHIGHNY-26MAR22-B62.5 (Market),0.99,MARKET_DATA,REAL
2026-03-22T21:05:08.086772,KXHIGHNY (F),51.98,MARKET_DATA,REAL
2026-03-22T21:05:10.202092,KXHIGHLAX-26MAR22-T75 (Market),0.99,MARKET_DATA,REAL
2026-03-22T21:05:10.203115,KXHIGHLAX (F),60.8,MARKET_DATA,REAL
2026-03-22T21:05:12.287563,KXHIGHCHI-26MAR22-T65 (Market),0.99,MARKET_DATA,REAL
2026-03-22T21:05:12.287914,KXHIGHCHI (F),33.8,MARKET_DATA,REAL
2026-03-22T21:05:14.481765,KXHIGHMIA-26MAR22-B81.5 (Market),0.99,MARKET_DATA,REAL
2026-03-22T21:05:14.482402,KXHIGHMIA (F),71.6,MARKET_DATA,REAL
2026-03-22T21:05:17.829963,BTC-USD (Coinbase),67909.55,MARKET_DATA,REAL
2026-03-22T21:05:17.912614,KXBTC15M-26MAR222215-15 (15m),0.52,MARKET_DATA,REAL
2026-03-22T21:05:19.835332,KXBTCD-26MAR2223-T67899.99 (1h),0.5,MARKET_DATA,REAL
2026-03-22T21:05:19.914050,KXBTCD-26MAR2223-T67699.99 (1h),0.79,MARKET_DATA,REAL
2026-03-22T21:05:20.010178,KXBTCD-26MAR2223-T68099.99 (1h),0.22,MARKET_DATA,REAL
2026-03-22T21:05:21.152492,KXHIGHNY-26MAR22-B62.5 (Market),0.99,MARKET_DATA,REAL
2026-03-22T21:05:21.153120,KXHIGHNY (F),51.98,MARKET_DATA,REAL
2026-03-22T21:05:23.285333,KXHIGHLAX-26MAR22-T75 (Market),0.99,MARKET_DATA,REAL
2026-03-22T21:05:23.285768,KXHIGHLAX (F),60.8,MARKET_DATA,REAL
2026-03-22T21:05:25.428615,KXHIGHCHI-26MAR22-T65 (Market),0.99,MARKET_DATA,REAL
2026-03-22T21:05:25.428983,KXHIGHCHI (F),33.8,MARKET_DATA,REAL
2026-03-22T21:05:27.594824,KXHIGHMIA-26MAR22-B81.5 (Market),0.99,MARKET_DATA,REAL
2026-03-22T21:05:27.595206,KXHIGHMIA (F),71.6,MARKET_DATA,REAL
2026-03-22T21:05:30.977526,BTC-USD (Coinbase),67927.02,MARKET_DATA,REAL
2026-03-22T21:05:31.062729,KXBTC15M-26MAR222215-15 (15m),0.54,MARKET_DATA,REAL
2026-03-22T21:05:33.011789,KXBTCD-26MAR2223-T67899.99 (1h),0.5,MARKET_DATA,REAL
2026-03-22T21:05:33.092775,KXBTCD-26MAR2223-T67699.99 (1h),0.79,MARKET_DATA,REAL
2026-03-22T21:05:33.178881,KXBTCD-26MAR2223-T68099.99 (1h),0.25,MARKET_DATA,REAL
2026-03-22T21:05:34.471684,KXHIGHNY-26MAR22-B62.5 (Market),0.99,MARKET_DATA,REAL
2026-03-22T21:05:34.472335,KXHIGHNY (F),51.98,MARKET_DATA,REAL
2026-03-22T21:05:37.724649,KXHIGHLAX-26MAR22-T75 (Market),0.99,MARKET_DATA,REAL
2026-03-22T21:05:37.725371,KXHIGHLAX (F),60.8,MARKET_DATA,REAL
2026-03-22T21:05:40.949471,KXHIGHCHI-26MAR22-T65 (Market),0.99,MARKET_DATA,REAL
2026-03-22T21:05:40.950137,KXHIGHCHI (F),33.8,MARKET_DATA,REAL
2026-03-22T21:05:44.166976,KXHIGHMIA-26MAR22-B81.5 (Market),0.99,MARKET_DATA,REAL
2026-03-22T21:05:44.167357,KXHIGHMIA (F),71.6,MARKET_DATA,REAL
2026-03-22T21:05:47.535329,BTC-USD (Coinbase),67939.21,MARKET_DATA,REAL
2026-03-22T21:05:47.690658,KXBTC15M-26MAR222215-15 (15m),0.61,MARKET_DATA,REAL
2026-03-22T21:05:49.791314,KXBTCD-26MAR2223-T67899.99 (1h),0.55,MARKET_DATA,REAL
2026-03-22T21:05:49.873335,KXBTCD-26MAR2223-T67699.99 (1h),0.83,MARKET_DATA,REAL
2026-03-22T21:05:49.953627,KXBTCD-26MAR2223-T68099.99 (1h),0.26,MARKET_DATA,REAL
2026-03-22T21:05:52.238184,KXHIGHNY-26MAR22-B62.5 (Market),0.99,MARKET_DATA,REAL
2026-03-22T21:05:52.238787,KXHIGHNY (F),51.98,MARKET_DATA,REAL
2026-03-22T21:05:54.348351,KXHIGHLAX-26MAR22-T75 (Market),0.99,MARKET_DATA,REAL
2026-03-22T21:05:54.349095,KXHIGHLAX (F),60.8,MARKET_DATA,REAL
2026-03-22T21:05:56.450011,KXHIGHCHI-26MAR22-T65 (Market),0.99,MARKET_DATA,REAL
2026-03-22T21:05:56.450662,KXHIGHCHI (F),33.8,MARKET_DATA,REAL
2026-03-22T21:05:58.529164,KXHIGHMIA-26MAR22-B81.5 (Market),0.99,MARKET_DATA,REAL
2026-03-22T21:05:58.529917,KXHIGHMIA (F),71.6,MARKET_DATA,REAL
2026-03-22T21:06:01.890121,BTC-USD (Coinbase),67910.86,MARKET_DATA,REAL
2026-03-22T21:06:01.975116,KXBTC15M-26MAR222215-15 (15m),0.52,MARKET_DATA,REAL
2026-03-22T21:06:04.120696,KXBTCD-26MAR2223-T67899.99 (1h),0.5,MARKET_DATA,REAL
2026-03-22T21:06:04.199610,KXBTCD-26MAR2223-T67699.99 (1h),0.79,MARKET_DATA,REAL
2026-03-22T21:06:04.281106,KXBTCD-26MAR2223-T68099.99 (1h),0.23,MARKET_DATA,REAL
2026-03-22T21:06:05.709818,KXHIGHNY-26MAR22-B62.5 (Market),0.99,MARKET_DATA,REAL
2026-03-22T21:06:05.710431,KXHIGHNY (F),51.98,MARKET_DATA,REAL
2026-03-22T21:06:07.876564,KXHIGHLAX-26MAR22-T75 (Market),0.99,MARKET_DATA,REAL
2026-03-22T21:06:07.876957,KXHIGHLAX (F),60.8,MARKET_DATA,REAL
2026-03-22T21:06:09.998072,KXHIGHCHI-26MAR22-T65 (Market),0.99,MARKET_DATA,REAL
2026-03-22T21:06:09.998759,KXHIGHCHI (F),33.8,MARKET_DATA,REAL
2026-03-22T21:06:12.128855,KXHIGHMIA-26MAR22-B81.5 (Market),0.99,MARKET_DATA,REAL
2026-03-22T21:06:12.129298,KXHIGHMIA (F),71.6,MARKET_DATA,REAL
2026-03-22T21:06:15.603582,BTC-USD (Coinbase),67944.38,MARKET_DATA,REAL
2026-03-22T21:06:15.687964,KXBTC15M-26MAR222215-15 (15m),0.51,MARKET_DATA,REAL
2026-03-22T21:06:17.694220,KXBTCD-26MAR2223-T67899.99 (1h),0.55,MARKET_DATA,REAL
2026-03-22T21:06:17.774569,KXBTCD-26MAR2223-T67699.99 (1h),0.83,MARKET_DATA,REAL
2026-03-22T21:06:17.856015,KXBTCD-26MAR2223-T68099.99 (1h),0.27,MARKET_DATA,REAL
2026-03-22T21:06:19.041111,KXHIGHNY-26MAR22-B62.5 (Market),0.99,MARKET_DATA,REAL
2026-03-22T21:06:19.041595,KXHIGHNY (F),51.98,MARKET_DATA,REAL
2026-03-22T21:06:21.147975,KXHIGHLAX-26MAR22-T75 (Market),0.99,MARKET_DATA,REAL
2026-03-22T21:06:21.148393,KXHIGHLAX (F),60.8,MARKET_DATA,REAL
2026-03-22T21:06:23.309854,KXHIGHCHI-26MAR22-T65 (Market),0.99,MARKET_DATA,REAL
2026-03-22T21:06:23.310301,KXHIGHCHI (F),33.8,MARKET_DATA,REAL
2026-03-22T21:06:25.474594,KXHIGHMIA-26MAR22-B81.5 (Market),0.99,MARKET_DATA,REAL
2026-03-22T21:06:25.475197,KXHIGHMIA (F),71.6,MARKET_DATA,REAL
2026-03-22T21:06:28.877490,BTC-USD (Coinbase),67965.71,MARKET_DATA,REAL
2026-03-22T21:06:28.958235,KXBTC15M-26MAR222215-15 (15m),0.69,MARKET_DATA,REAL
2026-03-22T21:06:30.878770,KXBTCD-26MAR2223-T67999.99 (1h),0.42,MARKET_DATA,REAL
2026-03-22T21:06:30.960261,KXBTCD-26MAR2223-T67799.99 (1h),0.73,MARKET_DATA,REAL
2026-03-22T21:06:31.037968,KXBTCD-26MAR2223-T68199.99 (1h),0.18,MARKET_DATA,REAL
2026-03-22T21:06:31.118840,KXBTCD-26MAR2223-T67999.99,0.58,SIGNAL_BUY,EXECUTED
2026-03-22T21:06:32.247947,KXHIGHNY-26MAR22-B62.5 (Market),0.99,MARKET_DATA,REAL
2026-03-22T21:06:32.248514,KXHIGHNY (F),51.98,MARKET_DATA,REAL
2026-03-22T21:06:34.338520,KXHIGHLAX-26MAR22-T75 (Market),0.99,MARKET_DATA,REAL
2026-03-22T21:06:34.339191,KXHIGHLAX (F),60.8,MARKET_DATA,REAL
2026-03-22T21:06:36.470924,KXHIGHCHI-26MAR22-T65 (Market),0.99,MARKET_DATA,REAL
2026-03-22T21:06:36.471586,KXHIGHCHI (F),33.8,MARKET_DATA,REAL
2026-03-22T21:06:38.637384,KXHIGHMIA-26MAR22-B81.5 (Market),0.99,MARKET_DATA,REAL
2026-03-22T21:06:38.638104,KXHIGHMIA (F),71.6,MARKET_DATA,REAL
2026-03-22T21:06:42.059124,BTC-USD (Coinbase),67948.66,MARKET_DATA,REAL
2026-03-22T21:06:42.136508,KXBTC15M-26MAR222215-15 (15m),0.68,MARKET_DATA,REAL
2026-03-22T21:06:44.040480,KXBTCD-26MAR2223-T67899.99 (1h),0.59,MARKET_DATA,REAL
2026-03-22T21:06:44.121902,KXBTCD-26MAR2223-T67699.99 (1h),0.83,MARKET_DATA,REAL
2026-03-22T21:06:44.200132,KXBTCD-26MAR2223-T68099.99 (1h),0.28,MARKET_DATA,REAL
2026-03-22T21:06:45.396513,KXHIGHNY-26MAR22-B62.5 (Market),0.99,MARKET_DATA,REAL
2026-03-22T21:06:45.397221,KXHIGHNY (F),51.98,MARKET_DATA,REAL
2026-03-22T21:06:48.656921,KXHIGHLAX-26MAR22-T75 (Market),0.99,MARKET_DATA,REAL
2026-03-22T21:06:48.657579,KXHIGHLAX (F),60.8,MARKET_DATA,REAL
2026-03-22T21:06:51.797713,KXHIGHCHI-26MAR22-T65 (Market),0.99,MARKET_DATA,REAL
2026-03-22T21:06:51.798166,KXHIGHCHI (F),33.8,MARKET_DATA,REAL
2026-03-22T21:06:55.111973,KXHIGHMIA-26MAR22-B81.5 (Market),0.99,MARKET_DATA,REAL
2026-03-22T21:06:55.112605,KXHIGHMIA (F),71.6,MARKET_DATA,REAL
2026-03-22T21:06:58.576744,BTC-USD (Coinbase),67951.09,MARKET_DATA,REAL
2026-03-22T21:06:58.732777,KXBTC15M-26MAR222215-15 (15m),0.65,MARKET_DATA,REAL
2026-03-22T21:07:00.634343,KXBTCD-26MAR2223-T67999.99 (1h),0.41,MARKET_DATA,REAL
2026-03-22T21:07:00.754286,KXBTCD-26MAR2223-T67799.99 (1h),0.71,MARKET_DATA,REAL
2026-03-22T21:07:00.834644,KXBTCD-26MAR2223-T68199.99 (1h),0.17,MARKET_DATA,REAL
2026-03-22T21:07:03.117035,KXHIGHNY-26MAR22-B62.5 (Market),0.99,MARKET_DATA,REAL
2026-03-22T21:07:03.117701,KXHIGHNY (F),51.98,MARKET_DATA,REAL
2026-03-22T21:07:05.315808,KXHIGHLAX-26MAR22-T75 (Market),0.99,MARKET_DATA,REAL
2026-03-22T21:07:05.316459,KXHIGHLAX (F),60.8,MARKET_DATA,REAL
2026-03-22T21:07:07.426412,KXHIGHCHI-26MAR22-T65 (Market),0.99,MARKET_DATA,REAL
2026-03-22T21:07:07.426899,KXHIGHCHI (F),33.8,MARKET_DATA,REAL
2026-03-22T21:07:09.504549,KXHIGHMIA-26MAR22-B81.5 (Market),0.99,MARKET_DATA,REAL
2026-03-22T21:07:09.504966,KXHIGHMIA (F),71.6,MARKET_DATA,REAL
2026-03-22T21:07:12.937570,BTC-USD (Coinbase),67922.93,MARKET_DATA,REAL
2026-03-22T21:07:13.063330,KXBTC15M-26MAR222215-15 (15m),0.71,MARKET_DATA,REAL
2026-03-22T21:07:15.046618,KXBTCD-26MAR2223-T67899.99 (1h),0.52,MARKET_DATA,REAL
2026-03-22T21:07:15.123991,KXBTCD-26MAR2223-T67699.99 (1h),0.8,MARKET_DATA,REAL
2026-03-22T21:07:15.200852,KXBTCD-26MAR2223-T68099.99 (1h),0.23,MARKET_DATA,REAL
2026-03-22T21:07:16.459963,KXHIGHNY-26MAR22-B62.5 (Market),0.99,MARKET_DATA,REAL
2026-03-22T21:07:16.460656,KXHIGHNY (F),51.98,MARKET_DATA,REAL
2026-03-22T21:07:18.581908,KXHIGHLAX-26MAR22-T75 (Market),0.99,MARKET_DATA,REAL
2026-03-22T21:07:18.582626,KXHIGHLAX (F),60.8,MARKET_DATA,REAL
2026-03-22T21:07:20.778533,KXHIGHCHI-26MAR22-T65 (Market),0.99,MARKET_DATA,REAL
2026-03-22T21:07:20.779207,KXHIGHCHI (F),33.8,MARKET_DATA,REAL
2026-03-22T21:07:22.859184,KXHIGHMIA-26MAR22-B81.5 (Market),0.99,MARKET_DATA,REAL
2026-03-22T21:07:22.859563,KXHIGHMIA (F),71.6,MARKET_DATA,REAL
2026-03-22T21:07:26.258666,BTC-USD (Coinbase),67926.61,MARKET_DATA,REAL
2026-03-22T21:07:26.339333,KXBTC15M-26MAR222215-15 (15m),0.58,MARKET_DATA,REAL
2026-03-22T21:07:28.302680,KXBTCD-26MAR2223-T67899.99 (1h),0.53,MARKET_DATA,REAL
2026-03-22T21:07:28.431822,KXBTCD-26MAR2223-T67699.99 (1h),0.8,MARKET_DATA,REAL
2026-03-22T21:07:28.509618,KXBTCD-26MAR2223-T68099.99 (1h),0.25,MARKET_DATA,REAL
2026-03-22T21:07:29.700469,KXHIGHNY-26MAR22-B62.5 (Market),0.99,MARKET_DATA,REAL
2026-03-22T21:07:29.701098,KXHIGHNY (F),51.98,MARKET_DATA,REAL
2026-03-22T21:07:31.838419,KXHIGHLAX-26MAR22-T75 (Market),0.99,MARKET_DATA,REAL
2026-03-22T21:07:31.838844,KXHIGHLAX (F),60.8,MARKET_DATA,REAL
2026-03-22T21:07:33.942290,KXHIGHCHI-26MAR22-T65 (Market),0.99,MARKET_DATA,REAL
2026-03-22T21:07:33.942716,KXHIGHCHI (F),33.8,MARKET_DATA,REAL
2026-03-22T21:07:36.080834,KXHIGHMIA-26MAR22-B81.5 (Market),0.99,MARKET_DATA,REAL
2026-03-22T21:07:36.081481,KXHIGHMIA (F),71.6,MARKET_DATA,REAL
2026-03-22T21:07:39.422652,BTC-USD (Coinbase),67954.09,MARKET_DATA,REAL
2026-03-22T21:07:39.504495,KXBTC15M-26MAR222215-15 (15m),0.66,MARKET_DATA,REAL
2026-03-22T21:07:41.410218,KXBTCD-26MAR2223-T67999.99 (1h),0.42,MARKET_DATA,REAL
2026-03-22T21:07:41.489230,KXBTCD-26MAR2223-T67799.99 (1h),0.71,MARKET_DATA,REAL
2026-03-22T21:07:41.573900,KXBTCD-26MAR2223-T68199.99 (1h),0.18,MARKET_DATA,REAL
2026-03-22T21:07:42.776553,KXHIGHNY-26MAR22-B62.5 (Market),0.99,MARKET_DATA,REAL
2026-03-22T21:07:42.777254,KXHIGHNY (F),51.98,MARKET_DATA,REAL
2026-03-22T21:07:44.881799,KXHIGHLAX-26MAR22-T75 (Market),0.99,MARKET_DATA,REAL
2026-03-22T21:07:44.882413,KXHIGHLAX (F),60.8,MARKET_DATA,REAL
2026-03-22T21:07:47.030849,KXHIGHCHI-26MAR22-T65 (Market),0.99,MARKET_DATA,REAL
2026-03-22T21:07:47.031442,KXHIGHCHI (F),33.8,MARKET_DATA,REAL
2026-03-22T21:07:49.113380,KXHIGHMIA-26MAR22-B81.5 (Market),0.99,MARKET_DATA,REAL
2026-03-22T21:07:49.114029,KXHIGHMIA (F),71.6,MARKET_DATA,REAL
2026-03-22T21:07:52.459875,BTC-USD (Coinbase),67952.0,MARKET_DATA,REAL
2026-03-22T21:07:52.543041,KXBTC15M-26MAR222215-15 (15m),0.68,MARKET_DATA,REAL
2026-03-22T21:07:54.539892,KXBTCD-26MAR2223-T67999.99 (1h),0.42,MARKET_DATA,REAL
2026-03-22T21:07:54.618769,KXBTCD-26MAR2223-T67799.99 (1h),0.71,MARKET_DATA,REAL
2026-03-22T21:07:54.695736,KXBTCD-26MAR2223-T68199.99 (1h),0.18,MARKET_DATA,REAL
2026-03-22T21:07:55.920648,KXHIGHNY-26MAR22-B62.5 (Market),0.99,MARKET_DATA,REAL
2026-03-22T21:07:55.921078,KXHIGHNY (F),51.98,MARKET_DATA,REAL
2026-03-22T21:07:59.150977,KXHIGHLAX-26MAR22-T75 (Market),0.99,MARKET_DATA,REAL
2026-03-22T21:07:59.151630,KXHIGHLAX (F),60.8,MARKET_DATA,REAL
2026-03-22T21:08:02.368782,KXHIGHCHI-26MAR22-T65 (Market),0.99,MARKET_DATA,REAL
2026-03-22T21:08:02.369345,KXHIGHCHI (F),33.8,MARKET_DATA,REAL
2026-03-22T21:08:05.584831,KXHIGHMIA-26MAR22-B81.5 (Market),0.99,MARKET_DATA,REAL
2026-03-22T21:08:05.585455,KXHIGHMIA (F),71.6,MARKET_DATA,REAL
2026-03-22T21:08:08.939824,BTC-USD (Coinbase),67991.83,MARKET_DATA,REAL
2026-03-22T21:08:09.143691,KXBTC15M-26MAR222215-15 (15m),0.8,MARKET_DATA,REAL
2026-03-22T21:08:11.112260,KXBTCD-26MAR2223-T67999.99 (1h),0.47,MARKET_DATA,REAL
2026-03-22T21:08:11.193677,KXBTCD-26MAR2223-T67799.99 (1h),0.75,MARKET_DATA,REAL
2026-03-22T21:08:11.273692,KXBTCD-26MAR2223-T68199.99 (1h),0.19,MARKET_DATA,REAL
2026-03-22T21:08:13.538923,KXHIGHNY-26MAR22-B62.5 (Market),0.99,MARKET_DATA,REAL
2026-03-22T21:08:13.539533,KXHIGHNY (F),51.98,MARKET_DATA,REAL
2026-03-22T21:08:15.586737,KXHIGHLAX-26MAR22-T75 (Market),0.99,MARKET_DATA,REAL
2026-03-22T21:08:15.587345,KXHIGHLAX (F),60.8,MARKET_DATA,REAL
2026-03-22T21:08:17.642537,KXHIGHCHI-26MAR22-T65 (Market),0.99,MARKET_DATA,REAL
2026-03-22T21:08:17.643199,KXHIGHCHI (F),33.8,MARKET_DATA,REAL
2026-03-22T21:08:19.701564,KXHIGHMIA-26MAR22-B81.5 (Market),0.99,MARKET_DATA,REAL
2026-03-22T21:08:19.702152,KXHIGHMIA (F),71.6,MARKET_DATA,REAL
2026-03-22T21:08:23.194347,BTC-USD (Coinbase),68014.0,MARKET_DATA,REAL
2026-03-22T21:08:23.273649,KXBTC15M-26MAR222215-15 (15m),0.79,MARKET_DATA,REAL
2026-03-22T21:08:25.179800,KXBTCD-26MAR2223-T67999.99 (1h),0.48,MARKET_DATA,REAL
2026-03-22T21:08:25.257373,KXBTCD-26MAR2223-T67799.99 (1h),0.79,MARKET_DATA,REAL
2026-03-22T21:08:25.340455,KXBTCD-26MAR2223-T68199.99 (1h),0.24,MARKET_DATA,REAL
2026-03-22T21:08:26.586568,KXHIGHNY-26MAR22-B62.5 (Market),0.99,MARKET_DATA,REAL
2026-03-22T21:08:26.586958,KXHIGHNY (F),51.98,MARKET_DATA,REAL
2026-03-22T21:08:28.649636,KXHIGHLAX-26MAR22-T75 (Market),0.99,MARKET_DATA,REAL
2026-03-22T21:08:28.650261,KXHIGHLAX (F),60.8,MARKET_DATA,REAL
2026-03-22T21:08:30.761642,KXHIGHCHI-26MAR22-T65 (Market),0.99,MARKET_DATA,REAL
2026-03-22T21:08:30.762254,KXHIGHCHI (F),33.8,MARKET_DATA,REAL
2026-03-22T21:08:32.895054,KXHIGHMIA-26MAR22-B81.5 (Market),0.99,MARKET_DATA,REAL
2026-03-22T21:08:32.895600,KXHIGHMIA (F),71.6,MARKET_DATA,REAL
2026-03-22T21:08:36.253322,BTC-USD (Coinbase),67986.33,MARKET_DATA,REAL
2026-03-22T21:08:36.334537,KXBTC15M-26MAR222215-15 (15m),0.8,MARKET_DATA,REAL
2026-03-22T21:08:38.334845,KXBTCD-26MAR2223-T67999.99 (1h),0.46,MARKET_DATA,REAL
2026-03-22T21:08:38.416458,KXBTCD-26MAR2223-T67799.99 (1h),0.75,MARKET_DATA,REAL
2026-03-22T21:08:38.561024,KXBTCD-26MAR2223-T68199.99 (1h),0.2,MARKET_DATA,REAL
2026-03-22T21:08:39.844248,KXHIGHNY-26MAR22-B62.5 (Market),0.99,MARKET_DATA,REAL
2026-03-22T21:08:39.844794,KXHIGHNY (F),51.98,MARKET_DATA,REAL
2026-03-22T21:08:42.036203,KXHIGHLAX-26MAR22-T75 (Market),0.99,MARKET_DATA,REAL
2026-03-22T21:08:42.036620,KXHIGHLAX (F),60.8,MARKET_DATA,REAL
2026-03-22T21:08:44.123823,KXHIGHCHI-26MAR22-T65 (Market),0.99,MARKET_DATA,REAL
2026-03-22T21:08:44.124274,KXHIGHCHI (F),33.8,MARKET_DATA,REAL
2026-03-22T21:08:46.280977,KXHIGHMIA-26MAR22-B81.5 (Market),0.99,MARKET_DATA,REAL
2026-03-22T21:08:46.281632,KXHIGHMIA (F),71.6,MARKET_DATA,REAL
2026-03-22T21:08:49.646287,BTC-USD (Coinbase),68002.2,MARKET_DATA,REAL
2026-03-22T21:08:49.726891,KXBTC15M-26MAR222215-15 (15m),0.82,MARKET_DATA,REAL
2026-03-22T21:08:49.731048,KXBTC15M-26MAR222215-15,0.83,SIGNAL_BUY,EXECUTED
2026-03-22T21:08:51.710347,KXBTCD-26MAR2223-T67999.99 (1h),0.48,MARKET_DATA,REAL
2026-03-22T21:08:51.792443,KXBTCD-26MAR2223-T67799.99 (1h),0.76,MARKET_DATA,REAL
2026-03-22T21:08:51.871354,KXBTCD-26MAR2223-T68199.99 (1h),0.21,MARKET_DATA,REAL
2026-03-22T21:08:53.030063,KXHIGHNY-26MAR22-B62.5 (Market),0.99,MARKET_DATA,REAL
2026-03-22T21:08:53.030708,KXHIGHNY (F),51.98,MARKET_DATA,REAL
2026-03-22T21:08:55.136778,KXHIGHLAX-26MAR22-T75 (Market),0.99,MARKET_DATA,REAL
2026-03-22T21:08:55.137420,KXHIGHLAX (F),60.8,MARKET_DATA,REAL
2026-03-22T21:08:57.251056,KXHIGHCHI-26MAR22-T65 (Market),0.99,MARKET_DATA,REAL
2026-03-22T21:08:57.251485,KXHIGHCHI (F),33.8,MARKET_DATA,REAL
2026-03-22T21:08:59.332574,KXHIGHMIA-26MAR22-B81.5 (Market),0.99,MARKET_DATA,REAL
2026-03-22T21:08:59.333175,KXHIGHMIA (F),71.6,MARKET_DATA,REAL
2026-03-22T21:09:02.771038,BTC-USD (Coinbase),67999.24,MARKET_DATA,REAL
2026-03-22T21:09:02.869088,KXBTC15M-26MAR222215-15 (15m),0.82,MARKET_DATA,REAL
2026-03-22T21:09:04.814933,KXBTCD-26MAR2223-T67999.99 (1h),0.48,MARKET_DATA,REAL
2026-03-22T21:09:04.897780,KXBTCD-26MAR2223-T67799.99 (1h),0.77,MARKET_DATA,REAL
2026-03-22T21:09:04.978993,KXBTCD-26MAR2223-T68199.99 (1h),0.21,MARKET_DATA,REAL
2026-03-22T21:09:06.199074,KXHIGHNY-26MAR22-B62.5 (Market),0.99,MARKET_DATA,REAL
2026-03-22T21:09:06.199464,KXHIGHNY (F),51.98,MARKET_DATA,REAL
2026-03-22T21:09:09.387782,KXHIGHLAX-26MAR22-T75 (Market),0.99,MARKET_DATA,REAL
2026-03-22T21:09:09.388399,KXHIGHLAX (F),60.8,MARKET_DATA,REAL
2026-03-22T21:09:12.614352,KXHIGHCHI-26MAR22-T65 (Market),0.99,MARKET_DATA,REAL
2026-03-22T21:09:12.615018,KXHIGHCHI (F),33.8,MARKET_DATA,REAL
2026-03-22T21:09:15.862064,KXHIGHMIA-26MAR22-B81.5 (Market),0.99,MARKET_DATA,REAL
2026-03-22T21:09:15.862653,KXHIGHMIA (F),71.6,MARKET_DATA,REAL
2026-03-22T21:09:19.287489,BTC-USD (Coinbase),67989.61,MARKET_DATA,REAL
2026-03-22T21:09:19.455431,KXBTC15M-26MAR222215-15 (15m),0.83,MARKET_DATA,REAL
2026-03-22T21:09:21.380014,KXBTCD-26MAR2223-T67999.99 (1h),0.48,MARKET_DATA,REAL
2026-03-22T21:09:21.460713,KXBTCD-26MAR2223-T67799.99 (1h),0.75,MARKET_DATA,REAL
2026-03-22T21:09:21.536643,KXBTCD-26MAR2223-T68199.99 (1h),0.21,MARKET_DATA,REAL
2026-03-22T21:09:23.883673,KXHIGHNY-26MAR22-B62.5 (Market),0.99,MARKET_DATA,REAL
2026-03-22T21:09:23.884264,KXHIGHNY (F),51.98,MARKET_DATA,REAL
2026-03-22T21:09:26.027733,KXHIGHLAX-26MAR22-T75 (Market),0.99,MARKET_DATA,REAL
2026-03-22T21:09:26.028471,KXHIGHLAX (F),60.8,MARKET_DATA,REAL
2026-03-22T21:09:28.134479,KXHIGHCHI-26MAR22-T65 (Market),0.99,MARKET_DATA,REAL
2026-03-22T21:09:28.134903,KXHIGHCHI (F),33.8,MARKET_DATA,REAL
2026-03-22T21:09:30.270887,KXHIGHMIA-26MAR22-B81.5 (Market),0.99,MARKET_DATA,REAL
2026-03-22T21:09:30.271710,KXHIGHMIA (F),71.6,MARKET_DATA,REAL
2026-03-22T21:09:33.758677,BTC-USD (Coinbase),67980.05,MARKET_DATA,REAL
2026-03-22T21:09:33.841999,KXBTC15M-26MAR222215-15 (15m),0.8,MARKET_DATA,REAL
2026-03-22T21:09:35.813084,KXBTCD-26MAR2223-T67999.99 (1h),0.48,MARKET_DATA,REAL
2026-03-22T21:09:35.889795,KXBTCD-26MAR2223-T67799.99 (1h),0.75,MARKET_DATA,REAL
2026-03-22T21:09:35.967414,KXBTCD-26MAR2223-T68199.99 (1h),0.19,MARKET_DATA,REAL
2026-03-22T21:09:36.056130,KXBTCD-26MAR2223-T67999.99,0.52,SIGNAL_BUY,EXECUTED
2026-03-22T21:09:37.185355,KXHIGHNY-26MAR22-B62.5 (Market),0.99,MARKET_DATA,REAL
2026-03-22T21:09:37.185892,KXHIGHNY (F),51.98,MARKET_DATA,REAL
2026-03-22T21:09:39.365229,KXHIGHLAX-26MAR22-T75 (Market),0.99,MARKET_DATA,REAL
2026-03-22T21:09:39.365880,KXHIGHLAX (F),60.8,MARKET_DATA,REAL
2026-03-22T21:09:41.513421,KXHIGHCHI-26MAR22-T65 (Market),0.99,MARKET_DATA,REAL
2026-03-22T21:09:41.513849,KXHIGHCHI (F),33.8,MARKET_DATA,REAL
2026-03-22T21:09:43.681897,KXHIGHMIA-26MAR22-B81.5 (Market),0.99,MARKET_DATA,REAL
2026-03-22T21:09:43.682292,KXHIGHMIA (F),71.6,MARKET_DATA,REAL
2026-03-22T21:09:47.298401,BTC-USD (Coinbase),67973.67,MARKET_DATA,REAL
2026-03-22T21:09:47.377436,KXBTC15M-26MAR222215-15 (15m),0.8,MARKET_DATA,REAL
2026-03-22T21:09:49.379276,KXBTCD-26MAR2223-T67999.99 (1h),0.44,MARKET_DATA,REAL
2026-03-22T21:09:49.461306,KXBTCD-26MAR2223-T67799.99 (1h),0.74,MARKET_DATA,REAL
2026-03-22T21:09:49.540524,KXBTCD-26MAR2223-T68199.99 (1h),0.2,MARKET_DATA,REAL
2026-03-22T21:09:50.870147,KXHIGHNY-26MAR22-B62.5 (Market),0.99,MARKET_DATA,REAL
2026-03-22T21:09:50.870651,KXHIGHNY (F),51.98,MARKET_DATA,REAL
2026-03-22T21:09:53.014003,KXHIGHLAX-26MAR22-T75 (Market),0.99,MARKET_DATA,REAL
2026-03-22T21:09:53.014424,KXHIGHLAX (F),60.8,MARKET_DATA,REAL
2026-03-22T21:09:55.217755,KXHIGHCHI-26MAR22-T65 (Market),0.99,MARKET_DATA,REAL
2026-03-22T21:09:55.218472,KXHIGHCHI (F),33.8,MARKET_DATA,REAL
2026-03-22T21:09:57.338269,KXHIGHMIA-26MAR22-B81.5 (Market),0.99,MARKET_DATA,REAL
2026-03-22T21:09:57.338641,KXHIGHMIA (F),71.6,MARKET_DATA,REAL
2026-03-22T21:10:00.907581,BTC-USD (Coinbase),68050.91,MARKET_DATA,REAL
2026-03-22T21:10:00.990460,KXBTC15M-26MAR222215-15 (15m),0.918,MARKET_DATA,REAL
2026-03-22T21:10:00.992113,KXBTC15M-26MAR222215-15,0.919,SIGNAL_BUY,HARVEST_ONLY
2026-03-22T21:10:02.928953,KXBTCD-26MAR2223-T67999.99 (1h),0.56,MARKET_DATA,REAL
2026-03-22T21:10:03.007985,KXBTCD-26MAR2223-T67799.99 (1h),0.78,MARKET_DATA,REAL
2026-03-22T21:10:03.085960,KXBTCD-26MAR2223-T68199.99 (1h),0.28,MARKET_DATA,REAL
2026-03-22T21:10:04.361786,KXHIGHNY-26MAR22-B62.5 (Market),0.99,MARKET_DATA,REAL
2026-03-22T21:10:04.362173,KXHIGHNY (F),51.98,MARKET_DATA,REAL
2026-03-22T21:10:06.522436,KXHIGHLAX-26MAR22-T75 (Market),0.99,MARKET_DATA,REAL
2026-03-22T21:10:06.523096,KXHIGHLAX (F),60.8,MARKET_DATA,REAL
2026-03-22T21:10:08.639407,KXHIGHCHI-26MAR22-T65 (Market),0.99,MARKET_DATA,REAL
2026-03-22T21:10:08.639752,KXHIGHCHI (F),33.8,MARKET_DATA,REAL
2026-03-22T21:10:10.781951,KXHIGHMIA-26MAR22-B81.5 (Market),0.99,MARKET_DATA,REAL
2026-03-22T21:10:10.782387,KXHIGHMIA (F),71.6,MARKET_DATA,REAL
2026-03-22T21:10:14.332665,BTC-USD (Coinbase),68043.13,MARKET_DATA,REAL
2026-03-22T21:10:14.414054,KXBTC15M-26MAR222215-15 (15m),0.88,MARKET_DATA,REAL
2026-03-22T21:10:16.430015,KXBTCD-26MAR2223-T67999.99 (1h),0.5,MARKET_DATA,REAL
2026-03-22T21:10:16.506623,KXBTCD-26MAR2223-T67799.99 (1h),0.81,MARKET_DATA,REAL
2026-03-22T21:10:16.587974,KXBTCD-26MAR2223-T68199.99 (1h),0.23,MARKET_DATA,REAL
2026-03-22T21:10:17.798262,KXHIGHNY-26MAR22-B62.5 (Market),0.99,MARKET_DATA,REAL
2026-03-22T21:10:17.798635,KXHIGHNY (F),51.98,MARKET_DATA,REAL
2026-03-22T21:10:21.020836,KXHIGHLAX-26MAR22-T75 (Market),0.99,MARKET_DATA,REAL
2026-03-22T21:10:21.021263,KXHIGHLAX (F),60.8,MARKET_DATA,REAL
2026-03-22T21:10:24.213737,KXHIGHCHI-26MAR22-T65 (Market),0.99,MARKET_DATA,REAL
2026-03-22T21:10:24.214506,KXHIGHCHI (F),33.8,MARKET_DATA,REAL
2026-03-22T21:10:27.409229,KXHIGHMIA-26MAR22-B81.5 (Market),0.99,MARKET_DATA,REAL
2026-03-22T21:10:27.409971,KXHIGHMIA (F),71.6,MARKET_DATA,REAL
2026-03-22T21:10:31.013267,BTC-USD (Coinbase),68024.26,MARKET_DATA,REAL
2026-03-22T21:10:31.167818,KXBTC15M-26MAR222215-15 (15m),0.933,MARKET_DATA,REAL
2026-03-22T21:10:33.164597,KXBTCD-26MAR2223-T67999.99 (1h),0.54,MARKET_DATA,REAL
2026-03-22T21:10:33.249559,KXBTCD-26MAR2223-T67799.99 (1h),0.8,MARKET_DATA,REAL
2026-03-22T21:10:33.330718,KXBTCD-26MAR2223-T68199.99 (1h),0.25,MARKET_DATA,REAL
2026-03-22T21:10:35.661421,KXHIGHNY-26MAR22-B62.5 (Market),0.99,MARKET_DATA,REAL
2026-03-22T21:10:35.662041,KXHIGHNY (F),51.98,MARKET_DATA,REAL
2026-03-22T21:10:37.813359,KXHIGHLAX-26MAR22-T75 (Market),0.99,MARKET_DATA,REAL
2026-03-22T21:10:37.813715,KXHIGHLAX (F),60.8,MARKET_DATA,REAL
2026-03-22T21:10:39.993778,KXHIGHCHI-26MAR22-T65 (Market),0.99,MARKET_DATA,REAL
2026-03-22T21:10:39.994194,KXHIGHCHI (F),33.8,MARKET_DATA,REAL
2026-03-22T21:10:42.151159,KXHIGHMIA-26MAR22-B81.5 (Market),0.99,MARKET_DATA,REAL
2026-03-22T21:10:42.151726,KXHIGHMIA (F),71.6,MARKET_DATA,REAL
2026-03-22T21:10:45.639209,BTC-USD (Coinbase),67992.05,MARKET_DATA,REAL
2026-03-22T21:10:45.719923,KXBTC15M-26MAR222215-15 (15m),0.86,MARKET_DATA,REAL
2026-03-22T21:10:47.667734,KXBTCD-26MAR2223-T67999.99 (1h),0.49,MARKET_DATA,REAL
2026-03-22T21:10:47.746514,KXBTCD-26MAR2223-T67799.99 (1h),0.75,MARKET_DATA,REAL
2026-03-22T21:10:47.829756,KXBTCD-26MAR2223-T68199.99 (1h),0.23,MARKET_DATA,REAL
2026-03-22T21:10:49.122053,KXHIGHNY-26MAR22-B62.5 (Market),0.99,MARKET_DATA,REAL
2026-03-22T21:10:49.122687,KXHIGHNY (F),51.98,MARKET_DATA,REAL
2026-03-22T21:10:51.254192,KXHIGHLAX-26MAR22-T75 (Market),0.99,MARKET_DATA,REAL
2026-03-22T21:10:51.254803,KXHIGHLAX (F),60.8,MARKET_DATA,REAL
2026-03-22T21:10:53.509117,KXHIGHCHI-26MAR22-T65 (Market),0.99,MARKET_DATA,REAL
2026-03-22T21:10:53.509773,KXHIGHCHI (F),33.8,MARKET_DATA,REAL
2026-03-22T21:10:55.722063,KXHIGHMIA-26MAR22-B81.5 (Market),0.99,MARKET_DATA,REAL
2026-03-22T21:10:55.722520,KXHIGHMIA (F),71.6,MARKET_DATA,REAL
2026-03-22T21:10:59.223827,BTC-USD (Coinbase),67988.26,MARKET_DATA,REAL
2026-03-22T21:10:59.305181,KXBTC15M-26MAR222215-15 (15m),0.84,MARKET_DATA,REAL
2026-03-22T21:11:01.414558,KXBTCD-26MAR2223-T67999.99 (1h),0.45,MARKET_DATA,REAL
2026-03-22T21:11:01.495456,KXBTCD-26MAR2223-T67799.99 (1h),0.73,MARKET_DATA,REAL
2026-03-22T21:11:01.575774,KXBTCD-26MAR2223-T68199.99 (1h),0.21,MARKET_DATA,REAL
2026-03-22T21:11:02.821952,KXHIGHNY-26MAR22-B62.5 (Market),0.99,MARKET_DATA,REAL
2026-03-22T21:11:02.822367,KXHIGHNY (F),51.98,MARKET_DATA,REAL
2026-03-22T21:11:05.095832,KXHIGHLAX-26MAR22-T75 (Market),0.99,MARKET_DATA,REAL
2026-03-22T21:11:05.096195,KXHIGHLAX (F),60.8,MARKET_DATA,REAL
2026-03-22T21:11:07.410484,KXHIGHCHI-26MAR22-T65 (Market),0.99,MARKET_DATA,REAL
2026-03-22T21:11:07.410917,KXHIGHCHI (F),33.8,MARKET_DATA,REAL
2026-03-22T21:11:09.541573,KXHIGHMIA-26MAR22-B81.5 (Market),0.99,MARKET_DATA,REAL
2026-03-22T21:11:09.541939,KXHIGHMIA (F),71.6,MARKET_DATA,REAL
2026-03-22T21:11:13.038825,BTC-USD (Coinbase),67977.0,MARKET_DATA,REAL
2026-03-22T21:11:13.116778,KXBTC15M-26MAR222215-15 (15m),0.8,MARKET_DATA,REAL
2026-03-22T21:11:15.158782,KXBTCD-26MAR2223-T67999.99 (1h),0.45,MARKET_DATA,REAL
2026-03-22T21:11:15.240583,KXBTCD-26MAR2223-T67799.99 (1h),0.72,MARKET_DATA,REAL
2026-03-22T21:11:15.320018,KXBTCD-26MAR2223-T68199.99 (1h),0.21,MARKET_DATA,REAL
2026-03-22T21:11:16.680276,KXHIGHNY-26MAR22-B62.5 (Market),0.99,MARKET_DATA,REAL
2026-03-22T21:11:16.680734,KXHIGHNY (F),51.98,MARKET_DATA,REAL
2026-03-22T21:11:18.963802,KXHIGHLAX-26MAR22-T75 (Market),0.99,MARKET_DATA,REAL
2026-03-22T21:11:18.964604,KXHIGHLAX (F),60.8,MARKET_DATA,REAL
2026-03-22T21:11:21.189159,KXHIGHCHI-26MAR22-T65 (Market),0.99,MARKET_DATA,REAL
2026-03-22T21:11:21.189628,KXHIGHCHI (F),33.8,MARKET_DATA,REAL
2026-03-22T21:11:23.387855,KXHIGHMIA-26MAR22-B81.5 (Market),0.99,MARKET_DATA,REAL
2026-03-22T21:11:23.388215,KXHIGHMIA (F),71.6,MARKET_DATA,REAL
2026-03-22T21:11:27.098903,BTC-USD (Coinbase),67960.88,MARKET_DATA,REAL
2026-03-22T21:11:27.175829,KXBTC15M-26MAR222215-15 (15m),0.77,MARKET_DATA,REAL
2026-03-22T21:11:29.940441,KXBTCD-26MAR2223-T67999.99 (1h),0.43,MARKET_DATA,REAL
2026-03-22T21:11:30.075935,KXBTCD-26MAR2223-T67799.99 (1h),0.71,MARKET_DATA,REAL
2026-03-22T21:11:30.178589,KXBTCD-26MAR2223-T68199.99 (1h),0.22,MARKET_DATA,REAL
2026-03-22T21:11:31.916656,KXHIGHNY-26MAR22-B62.5 (Market),0.99,MARKET_DATA,REAL
2026-03-22T21:11:31.917079,KXHIGHNY (F),51.98,MARKET_DATA,REAL
2026-03-22T21:11:35.763719,KXHIGHLAX-26MAR22-T75 (Market),0.99,MARKET_DATA,REAL
2026-03-22T21:11:35.764627,KXHIGHLAX (F),60.8,MARKET_DATA,REAL
2026-03-22T21:11:39.560348,KXHIGHCHI-26MAR22-T65 (Market),0.99,MARKET_DATA,REAL
2026-03-22T21:11:39.561198,KXHIGHCHI (F),33.8,MARKET_DATA,REAL
2026-03-22T21:11:43.279207,KXHIGHMIA-26MAR22-B81.5 (Market),0.99,MARKET_DATA,REAL
2026-03-22T21:11:43.279632,KXHIGHMIA (F),71.6,MARKET_DATA,REAL
2026-03-22T21:11:46.922530,BTC-USD (Coinbase),67973.03,MARKET_DATA,REAL
2026-03-22T21:11:47.143940,KXBTC15M-26MAR222215-15 (15m),0.81,MARKET_DATA,REAL
2026-03-22T21:11:49.353360,KXBTCD-26MAR2223-T67999.99 (1h),0.43,MARKET_DATA,REAL
2026-03-22T21:11:49.432487,KXBTCD-26MAR2223-T67799.99 (1h),0.73,MARKET_DATA,REAL
2026-03-22T21:11:49.561625,KXBTCD-26MAR2223-T68199.99 (1h),0.22,MARKET_DATA,REAL
2026-03-22T21:11:52.412061,KXHIGHNY-26MAR22-B62.5 (Market),0.99,MARKET_DATA,REAL
2026-03-22T21:11:52.412899,KXHIGHNY (F),51.98,MARKET_DATA,REAL
2026-03-22T21:11:55.041378,KXHIGHLAX-26MAR22-T75 (Market),0.99,MARKET_DATA,REAL
2026-03-22T21:11:55.041917,KXHIGHLAX (F),60.8,MARKET_DATA,REAL
2026-03-22T21:11:57.704141,KXHIGHCHI-26MAR22-T65 (Market),0.99,MARKET_DATA,REAL
2026-03-22T21:11:57.704548,KXHIGHCHI (F),33.8,MARKET_DATA,REAL
2026-03-22T21:12:00.377053,KXHIGHMIA-26MAR22-B81.5 (Market),0.99,MARKET_DATA,REAL
2026-03-22T21:12:00.377908,KXHIGHMIA (F),71.6,MARKET_DATA,REAL
2026-03-22T21:12:03.951108,BTC-USD (Coinbase),67988.88,MARKET_DATA,REAL
2026-03-22T21:12:04.031852,KXBTC15M-26MAR222215-15 (15m),0.85,MARKET_DATA,REAL
2026-03-22T21:12:06.312210,KXBTCD-26MAR2223-T67999.99 (1h),0.46,MARKET_DATA,REAL
2026-03-22T21:12:06.391134,KXBTCD-26MAR2223-T67799.99 (1h),0.73,MARKET_DATA,REAL
2026-03-22T21:12:06.471126,KXBTCD-26MAR2223-T68199.99 (1h),0.22,MARKET_DATA,REAL
2026-03-22T21:12:08.181481,KXHIGHNY-26MAR22-B62.5 (Market),0.99,MARKET_DATA,REAL
2026-03-22T21:12:08.182181,KXHIGHNY (F),51.98,MARKET_DATA,REAL
2026-03-22T21:12:10.820897,KXHIGHLAX-26MAR22-T75 (Market),0.99,MARKET_DATA,REAL
2026-03-22T21:12:10.821764,KXHIGHLAX (F),60.8,MARKET_DATA,REAL
2026-03-22T21:12:13.504353,KXHIGHCHI-26MAR22-T65 (Market),0.99,MARKET_DATA,REAL
2026-03-22T21:12:13.505080,KXHIGHCHI (F),33.8,MARKET_DATA,REAL
2026-03-22T21:12:16.197394,KXHIGHMIA-26MAR22-B81.5 (Market),0.99,MARKET_DATA,REAL
2026-03-22T21:12:16.198111,KXHIGHMIA (F),71.6,MARKET_DATA,REAL
2026-03-22T21:12:19.790653,BTC-USD (Coinbase),67970.7,MARKET_DATA,REAL
2026-03-22T21:12:19.870336,KXBTC15M-26MAR222215-15 (15m),0.87,MARKET_DATA,REAL
2026-03-22T21:12:22.148638,KXBTCD-26MAR2223-T67999.99 (1h),0.43,MARKET_DATA,REAL
2026-03-22T21:12:22.231830,KXBTCD-26MAR2223-T67799.99 (1h),0.73,MARKET_DATA,REAL
2026-03-22T21:12:22.313298,KXBTCD-26MAR2223-T68199.99 (1h),0.22,MARKET_DATA,REAL
2026-03-22T21:12:24.106147,KXHIGHNY-26MAR22-B62.5 (Market),0.99,MARKET_DATA,REAL
2026-03-22T21:12:24.106891,KXHIGHNY (F),51.98,MARKET_DATA,REAL
2026-03-22T21:12:26.768639,KXHIGHLAX-26MAR22-T75 (Market),0.99,MARKET_DATA,REAL
2026-03-22T21:12:26.769375,KXHIGHLAX (F),60.8,MARKET_DATA,REAL
2026-03-22T21:12:29.464318,KXHIGHCHI-26MAR22-T65 (Market),0.99,MARKET_DATA,REAL
2026-03-22T21:12:29.464762,KXHIGHCHI (F),33.8,MARKET_DATA,REAL
2026-03-22T21:12:32.064105,KXHIGHMIA-26MAR22-B81.5 (Market),0.99,MARKET_DATA,REAL
2026-03-22T21:12:32.064520,KXHIGHMIA (F),71.6,MARKET_DATA,REAL
2026-03-22T21:12:35.626325,BTC-USD (Coinbase),67982.71,MARKET_DATA,REAL
2026-03-22T21:12:35.706139,KXBTC15M-26MAR222215-15 (15m),0.85,MARKET_DATA,REAL
2026-03-22T21:12:38.035721,KXBTCD-26MAR2223-T67999.99 (1h),0.42,MARKET_DATA,REAL
2026-03-22T21:12:38.116630,KXBTCD-26MAR2223-T67799.99 (1h),0.76,MARKET_DATA,REAL
2026-03-22T21:12:38.195606,KXBTCD-26MAR2223-T68199.99 (1h),0.2,MARKET_DATA,REAL
2026-03-22T21:12:38.284612,KXBTCD-26MAR2223-T67999.99,0.43999999999999995,SIGNAL_BUY,EXECUTED
2026-03-22T21:12:39.900905,KXHIGHNY-26MAR22-B62.5 (Market),0.99,MARKET_DATA,REAL
2026-03-22T21:12:39.901728,KXHIGHNY (F),51.98,MARKET_DATA,REAL
2026-03-22T21:12:43.731774,KXHIGHLAX-26MAR22-T75 (Market),0.99,MARKET_DATA,REAL
2026-03-22T21:12:43.732211,KXHIGHLAX (F),60.8,MARKET_DATA,REAL
2026-03-22T21:12:47.503701,KXHIGHCHI-26MAR22-T65 (Market),0.99,MARKET_DATA,REAL
2026-03-22T21:12:47.504450,KXHIGHCHI (F),33.8,MARKET_DATA,REAL
2026-03-22T21:12:51.203316,KXHIGHMIA-26MAR22-B81.5 (Market),0.99,MARKET_DATA,REAL
2026-03-22T21:12:51.203939,KXHIGHMIA (F),71.6,MARKET_DATA,REAL
2026-03-22T21:12:54.763257,BTC-USD (Coinbase),67996.0,MARKET_DATA,REAL
2026-03-22T21:12:54.917968,KXBTC15M-26MAR222215-15 (15m),0.962,MARKET_DATA,REAL
2026-03-22T21:12:56.867488,KXBTCD-26MAR2223-T67999.99 (1h),0.48,MARKET_DATA,REAL
2026-03-22T21:12:56.949072,KXBTCD-26MAR2223-T67799.99 (1h),0.76,MARKET_DATA,REAL
2026-03-22T21:12:57.028729,KXBTCD-26MAR2223-T68199.99 (1h),0.22,MARKET_DATA,REAL
2026-03-22T21:12:59.696782,KXHIGHNY-26MAR22-B62.5 (Market),0.99,MARKET_DATA,REAL
2026-03-22T21:12:59.697164,KXHIGHNY (F),51.98,MARKET_DATA,REAL
2026-03-22T21:13:02.071149,KXHIGHLAX-26MAR22-T75 (Market),0.99,MARKET_DATA,REAL
2026-03-22T21:13:02.071576,KXHIGHLAX (F),60.8,MARKET_DATA,REAL
2026-03-22T21:13:04.621760,KXHIGHCHI-26MAR22-T65 (Market),0.99,MARKET_DATA,REAL
2026-03-22T21:13:04.622150,KXHIGHCHI (F),33.8,MARKET_DATA,REAL
2026-03-22T21:13:06.958146,KXHIGHMIA-26MAR22-B81.5 (Market),0.99,MARKET_DATA,REAL
2026-03-22T21:13:06.958541,KXHIGHMIA (F),71.6,MARKET_DATA,REAL
2026-03-22T21:13:10.474255,BTC-USD (Coinbase),67972.99,MARKET_DATA,REAL
2026-03-22T21:13:10.560579,KXBTC15M-26MAR222215-15 (15m),0.939,MARKET_DATA,REAL
2026-03-22T21:13:12.703070,KXBTCD-26MAR2223-T67999.99 (1h),0.43,MARKET_DATA,REAL
2026-03-22T21:13:12.784234,KXBTCD-26MAR2223-T67799.99 (1h),0.73,MARKET_DATA,REAL
2026-03-22T21:13:12.866013,KXBTCD-26MAR2223-T68199.99 (1h),0.19,MARKET_DATA,REAL
2026-03-22T21:13:14.248971,KXHIGHNY-26MAR22-B62.5 (Market),0.99,MARKET_DATA,REAL
2026-03-22T21:13:14.249484,KXHIGHNY (F),51.98,MARKET_DATA,REAL
2026-03-22T21:13:16.382557,KXHIGHLAX-26MAR22-T75 (Market),0.99,MARKET_DATA,REAL
2026-03-22T21:13:16.382963,KXHIGHLAX (F),60.8,MARKET_DATA,REAL
2026-03-22T21:13:18.572665,KXHIGHCHI-26MAR22-T65 (Market),0.99,MARKET_DATA,REAL
2026-03-22T21:13:18.573287,KXHIGHCHI (F),33.8,MARKET_DATA,REAL
2026-03-22T21:13:20.712611,KXHIGHMIA-26MAR22-B81.5 (Market),0.99,MARKET_DATA,REAL
2026-03-22T21:13:20.713000,KXHIGHMIA (F),71.6,MARKET_DATA,REAL
2026-03-22T21:13:24.054246,BTC-USD (Coinbase),67970.04,MARKET_DATA,REAL
2026-03-22T21:13:24.155017,KXBTC15M-26MAR222215-15 (15m),0.946,MARKET_DATA,REAL
2026-03-22T21:13:26.145831,KXBTCD-26MAR2223-T67999.99 (1h),0.43,MARKET_DATA,REAL
2026-03-22T21:13:26.222548,KXBTCD-26MAR2223-T67799.99 (1h),0.73,MARKET_DATA,REAL
2026-03-22T21:13:26.304312,KXBTCD-26MAR2223-T68199.99 (1h),0.19,MARKET_DATA,REAL
2026-03-22T21:13:27.495954,KXHIGHNY-26MAR22-B62.5 (Market),0.99,MARKET_DATA,REAL
2026-03-22T21:13:27.496380,KXHIGHNY (F),51.98,MARKET_DATA,REAL
2026-03-22T21:13:29.614278,KXHIGHLAX-26MAR22-T75 (Market),0.99,MARKET_DATA,REAL
2026-03-22T21:13:29.614808,KXHIGHLAX (F),60.8,MARKET_DATA,REAL
2026-03-22T21:13:31.712034,KXHIGHCHI-26MAR22-T65 (Market),0.99,MARKET_DATA,REAL
2026-03-22T21:13:31.713357,KXHIGHCHI (F),33.8,MARKET_DATA,REAL
2026-03-22T21:13:33.802825,KXHIGHMIA-26MAR22-B81.5 (Market),0.99,MARKET_DATA,REAL
2026-03-22T21:13:33.804711,KXHIGHMIA (F),71.6,MARKET_DATA,REAL
2026-03-22T21:13:37.156824,BTC-USD (Coinbase),67958.33,MARKET_DATA,REAL
2026-03-22T21:13:37.237344,KXBTC15M-26MAR222215-15 (15m),0.958,MARKET_DATA,REAL
2026-03-22T21:13:39.140871,KXBTCD-26MAR2223-T67899.99 (1h),0.57,MARKET_DATA,REAL
2026-03-22T21:13:39.225017,KXBTCD-26MAR2223-T67699.99 (1h),0.8,MARKET_DATA,REAL
2026-03-22T21:13:39.307540,KXBTCD-26MAR2223-T68099.99 (1h),0.28,MARKET_DATA,REAL
2026-03-22T21:13:40.572198,KXHIGHNY-26MAR22-B62.5 (Market),0.99,MARKET_DATA,REAL
2026-03-22T21:13:40.572584,KXHIGHNY (F),51.98,MARKET_DATA,REAL
2026-03-22T21:13:42.650227,KXHIGHLAX-26MAR22-T75 (Market),0.99,MARKET_DATA,REAL
2026-03-22T21:13:42.651293,KXHIGHLAX (F),60.8,MARKET_DATA,REAL
2026-03-22T21:13:44.761546,KXHIGHCHI-26MAR22-T65 (Market),0.99,MARKET_DATA,REAL
2026-03-22T21:13:44.762286,KXHIGHCHI (F),33.8,MARKET_DATA,REAL
2026-03-22T21:13:46.869058,KXHIGHMIA-26MAR22-B81.5 (Market),0.99,MARKET_DATA,REAL
2026-03-22T21:13:46.870067,KXHIGHMIA (F),71.6,MARKET_DATA,REAL
2026-03-22T21:13:50.268975,BTC-USD (Coinbase),67914.53,MARKET_DATA,REAL
2026-03-22T21:13:50.353215,KXBTC15M-26MAR222215-15 (15m),0.57,MARKET_DATA,REAL
2026-03-22T21:13:52.350621,KXBTCD-26MAR2223-T67899.99 (1h),0.51,MARKET_DATA,REAL
2026-03-22T21:13:52.432705,KXBTCD-26MAR2223-T67699.99 (1h),0.78,MARKET_DATA,REAL
2026-03-22T21:13:52.520414,KXBTCD-26MAR2223-T68099.99 (1h),0.23,MARKET_DATA,REAL
2026-03-22T21:13:53.662429,KXHIGHNY-26MAR22-B62.5 (Market),0.99,MARKET_DATA,REAL
2026-03-22T21:13:53.663230,KXHIGHNY (F),51.98,MARKET_DATA,REAL
2026-03-22T21:13:56.797819,KXHIGHLAX-26MAR22-T75 (Market),0.99,MARKET_DATA,REAL
2026-03-22T21:13:56.798499,KXHIGHLAX (F),60.8,MARKET_DATA,REAL
2026-03-22T21:14:00.196636,KXHIGHCHI-26MAR22-T65 (Market),0.99,MARKET_DATA,REAL
2026-03-22T21:14:00.197269,KXHIGHCHI (F),33.8,MARKET_DATA,REAL
2026-03-22T21:14:03.665142,KXHIGHMIA-26MAR22-B81.5 (Market),0.99,MARKET_DATA,REAL
2026-03-22T21:14:03.665723,KXHIGHMIA (F),71.6,MARKET_DATA,REAL
2026-03-22T21:14:07.050019,BTC-USD (Coinbase),67832.7,MARKET_DATA,REAL
2026-03-22T21:14:07.209808,KXBTC15M-26MAR222215-15 (15m),0.01,MARKET_DATA,REAL
2026-03-22T21:14:09.144877,KXBTCD-26MAR2223-T67799.99 (1h),0.53,MARKET_DATA,REAL
2026-03-22T21:14:09.224205,KXBTCD-26MAR2223-T67599.99 (1h),0.81,MARKET_DATA,REAL
2026-03-22T21:14:09.313496,KXBTCD-26MAR2223-T67999.99 (1h),0.28,MARKET_DATA,REAL
2026-03-22T21:14:11.623767,KXHIGHNY-26MAR22-B62.5 (Market),0.99,MARKET_DATA,REAL
2026-03-22T21:14:11.624577,KXHIGHNY (F),51.98,MARKET_DATA,REAL
2026-03-22T21:14:14.120119,KXHIGHLAX-26MAR22-T75 (Market),0.99,MARKET_DATA,REAL
2026-03-22T21:14:14.120522,KXHIGHLAX (F),60.8,MARKET_DATA,REAL
2026-03-22T21:14:16.273846,KXHIGHCHI-26MAR22-T65 (Market),0.99,MARKET_DATA,REAL
2026-03-22T21:14:16.274514,KXHIGHCHI (F),33.8,MARKET_DATA,REAL
2026-03-22T21:14:18.336147,KXHIGHMIA-26MAR22-B81.5 (Market),0.99,MARKET_DATA,REAL
2026-03-22T21:14:18.337321,KXHIGHMIA (F),71.6,MARKET_DATA,REAL
2026-03-22T21:14:21.703028,BTC-USD (Coinbase),67871.89,MARKET_DATA,REAL
2026-03-22T21:14:21.781789,KXBTC15M-26MAR222215-15 (15m),0.016,MARKET_DATA,REAL
2026-03-22T21:14:23.759987,KXBTCD-26MAR2223-T67899.99 (1h),0.45,MARKET_DATA,REAL
2026-03-22T21:14:23.836914,KXBTCD-26MAR2223-T67699.99 (1h),0.72,MARKET_DATA,REAL
2026-03-22T21:14:23.916299,KXBTCD-26MAR2223-T68099.99 (1h),0.17,MARKET_DATA,REAL
2026-03-22T21:14:25.114253,KXHIGHNY-26MAR22-B62.5 (Market),0.99,MARKET_DATA,REAL
2026-03-22T21:14:25.115659,KXHIGHNY (F),51.98,MARKET_DATA,REAL
2026-03-22T21:14:27.249696,KXHIGHLAX-26MAR22-T75 (Market),0.99,MARKET_DATA,REAL
2026-03-22T21:14:27.250091,KXHIGHLAX (F),60.8,MARKET_DATA,REAL
2026-03-22T21:14:29.353218,KXHIGHCHI-26MAR22-T65 (Market),0.99,MARKET_DATA,REAL
2026-03-22T21:14:29.353777,KXHIGHCHI (F),33.8,MARKET_DATA,REAL
2026-03-22T21:14:31.499697,KXHIGHMIA-26MAR22-B81.5 (Market),0.99,MARKET_DATA,REAL
2026-03-22T21:14:31.500549,KXHIGHMIA (F),71.6,MARKET_DATA,REAL
2026-03-22T21:14:34.846832,BTC-USD (Coinbase),67838.41,MARKET_DATA,REAL
2026-03-22T21:14:34.927438,KXBTC15M-26MAR222215-15 (15m),0.003,MARKET_DATA,REAL
2026-03-22T21:14:36.807930,KXBTCD-26MAR2223-T67799.99 (1h),0.56,MARKET_DATA,REAL
2026-03-22T21:14:36.886111,KXBTCD-26MAR2223-T67599.99 (1h),0.81,MARKET_DATA,REAL
2026-03-22T21:14:36.965203,KXBTCD-26MAR2223-T67999.99 (1h),0.25,MARKET_DATA,REAL
2026-03-22T21:14:38.157715,KXHIGHNY-26MAR22-B62.5 (Market),0.99,MARKET_DATA,REAL
2026-03-22T21:14:38.158433,KXHIGHNY (F),51.98,MARKET_DATA,REAL
2026-03-22T21:14:40.199380,KXHIGHLAX-26MAR22-T75 (Market),0.99,MARKET_DATA,REAL
2026-03-22T21:14:40.200431,KXHIGHLAX (F),60.8,MARKET_DATA,REAL
2026-03-22T21:14:42.344017,KXHIGHCHI-26MAR22-T65 (Market),0.99,MARKET_DATA,REAL
2026-03-22T21:14:42.345269,KXHIGHCHI (F),33.8,MARKET_DATA,REAL
2026-03-22T21:14:44.536728,KXHIGHMIA-26MAR22-B81.5 (Market),0.99,MARKET_DATA,REAL
2026-03-22T21:14:44.537810,KXHIGHMIA (F),71.6,MARKET_DATA,REAL
2026-03-22T21:14:47.919010,BTC-USD (Coinbase),67834.06,MARKET_DATA,REAL
2026-03-22T21:14:48.010706,KXBTC15M-26MAR222215-15 (15m),0.001,MARKET_DATA,REAL
2026-03-22T21:14:50.045805,KXBTCD-26MAR2223-T67799.99 (1h),0.53,MARKET_DATA,REAL
2026-03-22T21:14:50.131067,KXBTCD-26MAR2223-T67599.99 (1h),0.81,MARKET_DATA,REAL
2026-03-22T21:14:50.215980,KXBTCD-26MAR2223-T67999.99 (1h),0.25,MARKET_DATA,REAL
2026-03-22T21:14:51.443299,KXHIGHNY-26MAR22-B62.5 (Market),0.99,MARKET_DATA,REAL
2026-03-22T21:14:51.444641,KXHIGHNY (F),51.98,MARKET_DATA,REAL
2026-03-22T21:14:53.669396,KXHIGHLAX-26MAR22-T75 (Market),0.99,MARKET_DATA,REAL
2026-03-22T21:14:53.670057,KXHIGHLAX (F),60.8,MARKET_DATA,REAL
2026-03-22T21:14:55.927495,KXHIGHCHI-26MAR22-T65 (Market),0.99,MARKET_DATA,REAL
2026-03-22T21:14:55.928884,KXHIGHCHI (F),33.8,MARKET_DATA,REAL
2026-03-22T21:14:58.084938,KXHIGHMIA-26MAR22-B81.5 (Market),0.99,MARKET_DATA,REAL
2026-03-22T21:14:58.085661,KXHIGHMIA (F),71.6,MARKET_DATA,REAL
2026-03-22T21:15:01.495137,BTC-USD (Coinbase),67837.51,MARKET_DATA,REAL
2026-03-22T21:15:01.577321,KXBTC15M-26MAR222215-15 (15m),0.001,MARKET_DATA,REAL
2026-03-22T21:15:03.601829,KXBTCD-26MAR2223-T67799.99 (1h),0.53,MARKET_DATA,REAL
2026-03-22T21:15:03.684872,KXBTCD-26MAR2223-T67599.99 (1h),0.8,MARKET_DATA,REAL
2026-03-22T21:15:03.771291,KXBTCD-26MAR2223-T67999.99 (1h),0.24,MARKET_DATA,REAL
2026-03-22T21:15:05.123888,KXHIGHNY-26MAR22-B62.5 (Market),0.99,MARKET_DATA,REAL
2026-03-22T21:15:05.124387,KXHIGHNY (F),51.98,MARKET_DATA,REAL
2026-03-22T21:15:08.293147,KXHIGHLAX-26MAR22-T75 (Market),0.99,MARKET_DATA,REAL
2026-03-22T21:15:08.293896,KXHIGHLAX (F),60.8,MARKET_DATA,REAL
2026-03-22T21:15:11.488709,KXHIGHCHI-26MAR22-T65 (Market),0.99,MARKET_DATA,REAL
2026-03-22T21:15:11.489496,KXHIGHCHI (F),33.8,MARKET_DATA,REAL
2026-03-22T21:15:14.733374,KXHIGHMIA-26MAR22-B81.5 (Market),0.99,MARKET_DATA,REAL
2026-03-22T21:15:14.734464,KXHIGHMIA (F),71.6,MARKET_DATA,REAL
2026-03-22T21:15:18.150932,BTC-USD (Coinbase),67833.65,MARKET_DATA,REAL
2026-03-22T21:15:18.311455,KXBTC15M-26MAR222230-30 (15m),0.44,MARKET_DATA,REAL
2026-03-22T21:15:20.329645,KXBTCD-26MAR2223-T67799.99 (1h),0.54,MARKET_DATA,REAL
2026-03-22T21:15:20.414423,KXBTCD-26MAR2223-T67599.99 (1h),0.8,MARKET_DATA,REAL
2026-03-22T21:15:20.492430,KXBTCD-26MAR2223-T67999.99 (1h),0.23,MARKET_DATA,REAL
2026-03-22T21:15:22.893210,KXHIGHNY-26MAR22-B62.5 (Market),0.99,MARKET_DATA,REAL
2026-03-22T21:15:22.894664,KXHIGHNY (F),51.98,MARKET_DATA,REAL
2026-03-22T21:15:25.067830,KXHIGHLAX-26MAR22-T75 (Market),0.99,MARKET_DATA,REAL
2026-03-22T21:15:25.068351,KXHIGHLAX (F),60.8,MARKET_DATA,REAL
2026-03-22T21:15:27.279951,KXHIGHCHI-26MAR22-T65 (Market),0.99,MARKET_DATA,REAL
2026-03-22T21:15:27.280632,KXHIGHCHI (F),33.8,MARKET_DATA,REAL
2026-03-22T21:15:29.420862,KXHIGHMIA-26MAR22-B81.5 (Market),0.99,MARKET_DATA,REAL
2026-03-22T21:15:29.421544,KXHIGHMIA (F),71.6,MARKET_DATA,REAL
2026-03-22T21:15:32.804554,BTC-USD (Coinbase),67838.4,MARKET_DATA,REAL
2026-03-22T21:15:32.887794,KXBTC15M-26MAR222230-30 (15m),0.44,MARKET_DATA,REAL
2026-03-22T21:15:34.834342,KXBTCD-26MAR2223-T67799.99 (1h),0.55,MARKET_DATA,REAL
2026-03-22T21:15:34.914992,KXBTCD-26MAR2223-T67599.99 (1h),0.81,MARKET_DATA,REAL
2026-03-22T21:15:35.000286,KXBTCD-26MAR2223-T67999.99 (1h),0.24,MARKET_DATA,REAL
2026-03-22T21:15:36.344229,KXHIGHNY-26MAR22-B62.5 (Market),0.99,MARKET_DATA,REAL
2026-03-22T21:15:36.345090,KXHIGHNY (F),51.98,MARKET_DATA,REAL
2026-03-22T21:15:38.537392,KXHIGHLAX-26MAR22-T75 (Market),0.99,MARKET_DATA,REAL
2026-03-22T21:15:38.537821,KXHIGHLAX (F),60.8,MARKET_DATA,REAL
2026-03-22T21:15:40.656286,KXHIGHCHI-26MAR22-T65 (Market),0.99,MARKET_DATA,REAL
2026-03-22T21:15:40.656833,KXHIGHCHI (F),33.8,MARKET_DATA,REAL
2026-03-22T21:15:42.785542,KXHIGHMIA-26MAR22-B81.5 (Market),0.99,MARKET_DATA,REAL
2026-03-22T21:15:42.786046,KXHIGHMIA (F),71.6,MARKET_DATA,REAL
2026-03-22T21:15:46.196274,BTC-USD (Coinbase),67814.8,MARKET_DATA,REAL
2026-03-22T21:15:46.276199,KXBTC15M-26MAR222230-30 (15m),0.49,MARKET_DATA,REAL
2026-03-22T21:15:48.286739,KXBTCD-26MAR2223-T67799.99 (1h),0.56,MARKET_DATA,REAL
2026-03-22T21:15:48.391925,KXBTCD-26MAR2223-T67599.99 (1h),0.81,MARKET_DATA,REAL
2026-03-22T21:15:48.472325,KXBTCD-26MAR2223-T67999.99 (1h),0.23,MARKET_DATA,REAL
2026-03-22T21:15:48.567251,KXBTCD-26MAR2223-T67799.99,0.5700000000000001,SIGNAL_BUY,EXECUTED
2026-03-22T21:15:49.754279,KXHIGHNY-26MAR22-B62.5 (Market),0.99,MARKET_DATA,REAL
2026-03-22T21:15:49.754778,KXHIGHNY (F),51.98,MARKET_DATA,REAL
2026-03-22T21:15:51.980415,KXHIGHLAX-26MAR22-T75 (Market),0.99,MARKET_DATA,REAL
2026-03-22T21:15:51.981433,KXHIGHLAX (F),60.8,MARKET_DATA,REAL
2026-03-22T21:15:54.185160,KXHIGHCHI-26MAR22-T65 (Market),0.99,MARKET_DATA,REAL
2026-03-22T21:15:54.185559,KXHIGHCHI (F),33.8,MARKET_DATA,REAL
2026-03-22T21:15:56.351744,KXHIGHMIA-26MAR22-B81.5 (Market),0.99,MARKET_DATA,REAL
2026-03-22T21:15:56.352400,KXHIGHMIA (F),71.6,MARKET_DATA,REAL
2026-03-22T21:15:59.782798,BTC-USD (Coinbase),67795.3,MARKET_DATA,REAL
2026-03-22T21:15:59.878945,KXBTC15M-26MAR222230-30 (15m),0.43,MARKET_DATA,REAL
2026-03-22T21:16:01.771794,KXBTCD-26MAR2223-T67799.99 (1h),0.52,MARKET_DATA,REAL
2026-03-22T21:16:01.852417,KXBTCD-26MAR2223-T67599.99 (1h),0.78,MARKET_DATA,REAL
2026-03-22T21:16:01.932989,KXBTCD-26MAR2223-T67999.99 (1h),0.22,MARKET_DATA,REAL
2026-03-22T21:16:03.104395,KXHIGHNY-26MAR22-B62.5 (Market),0.99,MARKET_DATA,REAL
2026-03-22T21:16:03.105141,KXHIGHNY (F),51.98,MARKET_DATA,REAL
2026-03-22T21:16:05.226852,KXHIGHLAX-26MAR22-T75 (Market),0.99,MARKET_DATA,REAL
2026-03-22T21:16:05.227544,KXHIGHLAX (F),60.8,MARKET_DATA,REAL
2026-03-22T21:16:07.375358,KXHIGHCHI-26MAR22-T65 (Market),0.99,MARKET_DATA,REAL
2026-03-22T21:16:07.375928,KXHIGHCHI (F),33.8,MARKET_DATA,REAL
2026-03-22T21:16:09.503688,KXHIGHMIA-26MAR22-B81.5 (Market),0.99,MARKET_DATA,REAL
2026-03-22T21:16:09.504635,KXHIGHMIA (F),71.6,MARKET_DATA,REAL
2026-03-22T21:16:12.972365,BTC-USD (Coinbase),67796.86,MARKET_DATA,REAL
2026-03-22T21:16:13.053368,KXBTC15M-26MAR222230-30 (15m),0.41,MARKET_DATA,REAL
2026-03-22T21:16:15.111076,KXBTCD-26MAR2223-T67799.99 (1h),0.5,MARKET_DATA,REAL
2026-03-22T21:16:15.194427,KXBTCD-26MAR2223-T67599.99 (1h),0.77,MARKET_DATA,REAL
2026-03-22T21:16:15.273554,KXBTCD-26MAR2223-T67999.99 (1h),0.2,MARKET_DATA,REAL
2026-03-22T21:16:16.431439,KXHIGHNY-26MAR22-B62.5 (Market),0.99,MARKET_DATA,REAL
2026-03-22T21:16:16.432267,KXHIGHNY (F),51.98,MARKET_DATA,REAL
2026-03-22T21:16:19.709478,KXHIGHLAX-26MAR22-T75 (Market),0.99,MARKET_DATA,REAL
2026-03-22T21:16:19.711164,KXHIGHLAX (F),60.8,MARKET_DATA,REAL
2026-03-22T21:16:23.105687,KXHIGHCHI-26MAR22-T65 (Market),0.99,MARKET_DATA,REAL
2026-03-22T21:16:23.106938,KXHIGHCHI (F),33.8,MARKET_DATA,REAL
2026-03-22T21:16:26.325318,KXHIGHMIA-26MAR22-B81.5 (Market),0.99,MARKET_DATA,REAL
2026-03-22T21:16:26.326577,KXHIGHMIA (F),71.6,MARKET_DATA,REAL
2026-03-22T21:16:29.801251,BTC-USD (Coinbase),67821.3,MARKET_DATA,REAL
2026-03-22T21:16:29.969450,KXBTC15M-26MAR222230-30 (15m),0.38,MARKET_DATA,REAL
2026-03-22T21:16:31.964986,KXBTCD-26MAR2223-T67799.99 (1h),0.51,MARKET_DATA,REAL
2026-03-22T21:16:32.046349,KXBTCD-26MAR2223-T67599.99 (1h),0.78,MARKET_DATA,REAL
2026-03-22T21:16:32.129423,KXBTCD-26MAR2223-T67999.99 (1h),0.22,MARKET_DATA,REAL
2026-03-22T21:16:34.656289,KXHIGHNY-26MAR22-B62.5 (Market),0.99,MARKET_DATA,REAL
2026-03-22T21:16:34.657450,KXHIGHNY (F),51.98,MARKET_DATA,REAL
2026-03-22T21:16:36.879473,KXHIGHLAX-26MAR22-T75 (Market),0.99,MARKET_DATA,REAL
2026-03-22T21:16:36.879998,KXHIGHLAX (F),60.8,MARKET_DATA,REAL
2026-03-22T21:16:40.005620,KXHIGHCHI-26MAR22-T65 (Market),0.99,MARKET_DATA,REAL
2026-03-22T21:16:40.006073,KXHIGHCHI (F),33.8,MARKET_DATA,REAL
2026-03-22T21:16:43.051961,KXHIGHMIA-26MAR22-B81.5 (Market),0.99,MARKET_DATA,REAL
2026-03-22T21:16:43.052718,KXHIGHMIA (F),71.6,MARKET_DATA,REAL
2026-03-22T21:16:47.079623,BTC-USD (Coinbase),67855.76,MARKET_DATA,REAL
2026-03-22T21:16:47.183760,KXBTC15M-26MAR222230-30 (15m),0.49,MARKET_DATA,REAL
2026-03-22T21:16:49.790559,KXBTCD-26MAR2223-T67799.99 (1h),0.57,MARKET_DATA,REAL
2026-03-22T21:16:49.877287,KXBTCD-26MAR2223-T67599.99 (1h),0.83,MARKET_DATA,REAL
2026-03-22T21:16:49.972587,KXBTCD-26MAR2223-T67999.99 (1h),0.26,MARKET_DATA,REAL
2026-03-22T21:16:52.119812,KXHIGHNY-26MAR22-B62.5 (Market),0.99,MARKET_DATA,REAL
2026-03-22T21:16:52.120702,KXHIGHNY (F),51.98,MARKET_DATA,REAL
2026-03-22T21:16:55.749687,KXHIGHLAX-26MAR22-T75 (Market),0.99,MARKET_DATA,REAL
2026-03-22T21:16:55.767048,KXHIGHLAX (F),60.8,MARKET_DATA,REAL
2026-03-22T21:16:58.803106,KXHIGHCHI-26MAR22-T65 (Market),0.99,MARKET_DATA,REAL
2026-03-22T21:16:58.804464,KXHIGHCHI (F),33.8,MARKET_DATA,REAL
2026-03-22T21:17:02.013039,KXHIGHMIA-26MAR22-B81.5 (Market),0.99,MARKET_DATA,REAL
2026-03-22T21:17:02.014277,KXHIGHMIA (F),71.6,MARKET_DATA,REAL
2026-03-22T21:17:05.709154,BTC-USD (Coinbase),67879.35,MARKET_DATA,REAL
2026-03-22T21:17:05.794460,KXBTC15M-26MAR222230-30 (15m),0.56,MARKET_DATA,REAL
2026-03-22T21:17:08.461364,KXBTCD-26MAR2223-T67899.99 (1h),0.44,MARKET_DATA,REAL
2026-03-22T21:17:08.545474,KXBTCD-26MAR2223-T67699.99 (1h),0.74,MARKET_DATA,REAL
2026-03-22T21:17:08.630806,KXBTCD-26MAR2223-T68099.99 (1h),0.18,MARKET_DATA,REAL
2026-03-22T21:17:10.624847,KXHIGHNY-26MAR22-B62.5 (Market),0.99,MARKET_DATA,REAL
2026-03-22T21:17:10.625902,KXHIGHNY (F),51.98,MARKET_DATA,REAL
2026-03-22T21:17:13.700436,KXHIGHLAX-26MAR22-T75 (Market),0.99,MARKET_DATA,REAL
2026-03-22T21:17:13.701789,KXHIGHLAX (F),60.8,MARKET_DATA,REAL
2026-03-22T21:17:16.675588,KXHIGHCHI-26MAR22-T65 (Market),0.99,MARKET_DATA,REAL
2026-03-22T21:17:16.677227,KXHIGHCHI (F),33.8,MARKET_DATA,REAL
2026-03-22T21:17:19.697931,KXHIGHMIA-26MAR22-B81.5 (Market),0.99,MARKET_DATA,REAL
2026-03-22T21:17:19.698788,KXHIGHMIA (F),71.6,MARKET_DATA,REAL
2026-03-22T21:17:23.364952,BTC-USD (Coinbase),67841.56,MARKET_DATA,REAL
2026-03-22T21:17:23.454555,KXBTC15M-26MAR222230-30 (15m),0.49,MARKET_DATA,REAL
2026-03-22T21:17:26.178833,KXBTCD-26MAR2223-T67799.99 (1h),0.58,MARKET_DATA,REAL
2026-03-22T21:17:26.266082,KXBTCD-26MAR2223-T67599.99 (1h),0.82,MARKET_DATA,REAL
2026-03-22T21:17:26.348722,KXBTCD-26MAR2223-T67999.99 (1h),0.28,MARKET_DATA,REAL
2026-03-22T21:17:28.453738,KXHIGHNY-26MAR22-B62.5 (Market),0.99,MARKET_DATA,REAL
2026-03-22T21:17:28.455550,KXHIGHNY (F),51.98,MARKET_DATA,REAL
2026-03-22T21:17:32.665177,KXHIGHLAX-26MAR22-T75 (Market),0.99,MARKET_DATA,REAL
2026-03-22T21:17:32.665990,KXHIGHLAX (F),60.8,MARKET_DATA,REAL
2026-03-22T21:17:36.926653,KXHIGHCHI-26MAR22-T65 (Market),0.99,MARKET_DATA,REAL
2026-03-22T21:17:36.927378,KXHIGHCHI (F),33.8,MARKET_DATA,REAL
2026-03-22T21:17:41.164311,KXHIGHMIA-26MAR22-B81.5 (Market),0.99,MARKET_DATA,REAL
2026-03-22T21:17:41.165982,KXHIGHMIA (F),71.6,MARKET_DATA,REAL
2026-03-22T21:17:44.874575,BTC-USD (Coinbase),67839.25,MARKET_DATA,REAL
2026-03-22T21:17:45.083946,KXBTC15M-26MAR222230-30 (15m),0.52,MARKET_DATA,REAL
2026-03-22T21:17:48.082113,KXBTCD-26MAR2223-T67799.99 (1h),0.56,MARKET_DATA,REAL
2026-03-22T21:17:48.168364,KXBTCD-26MAR2223-T67599.99 (1h),0.83,MARKET_DATA,REAL
2026-03-22T21:17:48.250854,KXBTCD-26MAR2223-T67999.99 (1h),0.24,MARKET_DATA,REAL
2026-03-22T21:17:51.534296,KXHIGHNY-26MAR22-B62.5 (Market),0.99,MARKET_DATA,REAL
2026-03-22T21:17:51.535541,KXHIGHNY (F),51.98,MARKET_DATA,REAL
2026-03-22T21:17:54.844489,KXHIGHLAX-26MAR22-T75 (Market),0.99,MARKET_DATA,REAL
2026-03-22T21:17:54.845889,KXHIGHLAX (F),60.8,MARKET_DATA,REAL
2026-03-22T21:17:57.500333,KXHIGHCHI-26MAR22-T65 (Market),0.99,MARKET_DATA,REAL
2026-03-22T21:17:57.501427,KXHIGHCHI (F),33.8,MARKET_DATA,REAL
2026-03-22T21:18:00.879511,KXHIGHMIA-26MAR22-B81.5 (Market),0.99,MARKET_DATA,REAL
2026-03-22T21:18:00.880766,KXHIGHMIA (F),71.6,MARKET_DATA,REAL
2026-03-22T21:18:04.596334,BTC-USD (Coinbase),67812.0,MARKET_DATA,REAL
2026-03-22T21:18:04.684314,KXBTC15M-26MAR222230-30 (15m),0.45,MARKET_DATA,REAL
2026-03-22T21:18:07.387833,KXBTCD-26MAR2223-T67799.99 (1h),0.51,MARKET_DATA,REAL
2026-03-22T21:18:07.475792,KXBTCD-26MAR2223-T67599.99 (1h),0.82,MARKET_DATA,REAL
2026-03-22T21:18:07.562606,KXBTCD-26MAR2223-T67999.99 (1h),0.19,MARKET_DATA,REAL
2026-03-22T21:18:09.864075,KXHIGHNY-26MAR22-B62.5 (Market),0.99,MARKET_DATA,REAL
2026-03-22T21:18:09.865371,KXHIGHNY (F),51.98,MARKET_DATA,REAL
2026-03-22T21:18:12.983852,KXHIGHLAX-26MAR22-T75 (Market),0.99,MARKET_DATA,REAL
2026-03-22T21:18:12.984799,KXHIGHLAX (F),60.8,MARKET_DATA,REAL
2026-03-22T21:18:15.892126,KXHIGHCHI-26MAR22-T65 (Market),0.99,MARKET_DATA,REAL
2026-03-22T21:18:15.892556,KXHIGHCHI (F),33.8,MARKET_DATA,REAL
2026-03-22T21:18:19.076776,KXHIGHMIA-26MAR22-B81.5 (Market),0.99,MARKET_DATA,REAL
2026-03-22T21:18:19.077628,KXHIGHMIA (F),71.6,MARKET_DATA,REAL
2026-03-22T21:18:22.728588,BTC-USD (Coinbase),67819.98,MARKET_DATA,REAL
2026-03-22T21:18:22.810243,KXBTC15M-26MAR222230-30 (15m),0.41,MARKET_DATA,REAL
2026-03-22T21:18:25.577267,KXBTCD-26MAR2223-T67799.99 (1h),0.51,MARKET_DATA,REAL
2026-03-22T21:18:25.658729,KXBTCD-26MAR2223-T67599.99 (1h),0.81,MARKET_DATA,REAL
2026-03-22T21:18:25.744064,KXBTCD-26MAR2223-T67999.99 (1h),0.22,MARKET_DATA,REAL
2026-03-22T21:18:28.161316,KXHIGHNY-26MAR22-B62.5 (Market),0.99,MARKET_DATA,REAL
2026-03-22T21:18:28.162447,KXHIGHNY (F),51.98,MARKET_DATA,REAL
2026-03-22T21:18:31.409736,KXHIGHLAX-26MAR22-T75 (Market),0.99,MARKET_DATA,REAL
2026-03-22T21:18:31.410688,KXHIGHLAX (F),60.8,MARKET_DATA,REAL
2026-03-22T21:18:34.515821,KXHIGHCHI-26MAR22-T65 (Market),0.99,MARKET_DATA,REAL
2026-03-22T21:18:34.516944,KXHIGHCHI (F),33.8,MARKET_DATA,REAL
2026-03-22T21:18:37.593258,KXHIGHMIA-26MAR22-B81.5 (Market),0.99,MARKET_DATA,REAL
2026-03-22T21:18:37.594718,KXHIGHMIA (F),71.6,MARKET_DATA,REAL
2026-03-22T21:18:41.310617,BTC-USD (Coinbase),67828.0,MARKET_DATA,REAL
2026-03-22T21:18:41.394128,KXBTC15M-26MAR222230-30 (15m),0.4,MARKET_DATA,REAL
2026-03-22T21:18:44.092836,KXBTCD-26MAR2223-T67799.99 (1h),0.53,MARKET_DATA,REAL
2026-03-22T21:18:44.178096,KXBTCD-26MAR2223-T67599.99 (1h),0.8,MARKET_DATA,REAL
2026-03-22T21:18:44.262073,KXBTCD-26MAR2223-T67999.99 (1h),0.2,MARKET_DATA,REAL
2026-03-22T21:18:46.444112,KXHIGHNY-26MAR22-B62.5 (Market),0.99,MARKET_DATA,REAL
2026-03-22T21:18:46.445299,KXHIGHNY (F),51.98,MARKET_DATA,REAL
2026-03-22T21:18:50.774754,KXHIGHLAX-26MAR22-T75 (Market),0.99,MARKET_DATA,REAL
2026-03-22T21:18:50.776468,KXHIGHLAX (F),60.8,MARKET_DATA,REAL
2026-03-22T21:18:55.110207,KXHIGHCHI-26MAR22-T65 (Market),0.99,MARKET_DATA,REAL
2026-03-22T21:18:55.111339,KXHIGHCHI (F),33.8,MARKET_DATA,REAL
2026-03-22T21:18:59.281165,KXHIGHMIA-26MAR22-B81.5 (Market),0.99,MARKET_DATA,REAL
2026-03-22T21:18:59.281925,KXHIGHMIA (F),71.6,MARKET_DATA,REAL
2026-03-22T21:19:02.984006,BTC-USD (Coinbase),67864.13,MARKET_DATA,REAL
2026-03-22T21:19:03.153163,KXBTC15M-26MAR222230-30 (15m),0.53,MARKET_DATA,REAL
2026-03-22T21:19:05.792184,KXBTCD-26MAR2223-T67899.99 (1h),0.43,MARKET_DATA,REAL
2026-03-22T21:19:05.916261,KXBTCD-26MAR2223-T67699.99 (1h),0.74,MARKET_DATA,REAL
2026-03-22T21:19:06.001264,KXBTCD-26MAR2223-T68099.99 (1h),0.15,MARKET_DATA,REAL
2026-03-22T21:19:06.100352,KXBTCD-26MAR2223-T67899.99,0.57,SIGNAL_BUY,EXECUTED
2026-03-22T21:19:09.312124,KXHIGHNY-26MAR22-B62.5 (Market),0.99,MARKET_DATA,REAL
2026-03-22T21:19:09.313136,KXHIGHNY (F),51.98,MARKET_DATA,REAL
2026-03-22T21:19:12.399932,KXHIGHLAX-26MAR22-T75 (Market),0.99,MARKET_DATA,REAL
2026-03-22T21:19:12.401156,KXHIGHLAX (F),60.8,MARKET_DATA,REAL
2026-03-22T21:19:15.581065,KXHIGHCHI-26MAR22-T65 (Market),0.99,MARKET_DATA,REAL
2026-03-22T21:19:15.585162,KXHIGHCHI (F),33.8,MARKET_DATA,REAL
2026-03-22T21:19:18.673580,KXHIGHMIA-26MAR22-B81.5 (Market),0.99,MARKET_DATA,REAL
2026-03-22T21:19:18.680308,KXHIGHMIA (F),71.6,MARKET_DATA,REAL
2026-03-22T21:19:22.424489,BTC-USD (Coinbase),67905.03,MARKET_DATA,REAL
2026-03-22T21:19:22.512808,KXBTC15M-26MAR222230-30 (15m),0.69,MARKET_DATA,REAL
2026-03-22T21:19:25.313374,KXBTCD-26MAR2223-T67899.99 (1h),0.51,MARKET_DATA,REAL
2026-03-22T21:19:25.402580,KXBTCD-26MAR2223-T67699.99 (1h),0.8,MARKET_DATA,REAL
2026-03-22T21:19:25.489417,KXBTCD-26MAR2223-T68099.99 (1h),0.21,MARKET_DATA,REAL
2026-03-22T21:19:27.642835,KXHIGHNY-26MAR22-B62.5 (Market),0.99,MARKET_DATA,REAL
2026-03-22T21:19:27.644466,KXHIGHNY (F),51.98,MARKET_DATA,REAL
2026-03-22T21:19:30.743122,KXHIGHLAX-26MAR22-T75 (Market),0.99,MARKET_DATA,REAL
2026-03-22T21:19:30.744393,KXHIGHLAX (F),60.8,MARKET_DATA,REAL
2026-03-22T21:19:33.764644,KXHIGHCHI-26MAR22-T65 (Market),0.99,MARKET_DATA,REAL
2026-03-22T21:19:33.766549,KXHIGHCHI (F),33.8,MARKET_DATA,REAL
2026-03-22T21:19:36.884874,KXHIGHMIA-26MAR22-B81.5 (Market),0.99,MARKET_DATA,REAL
2026-03-22T21:19:36.885715,KXHIGHMIA (F),71.6,MARKET_DATA,REAL
2026-03-22T21:19:40.697021,BTC-USD (Coinbase),67932.0,MARKET_DATA,REAL
2026-03-22T21:19:40.783223,KXBTC15M-26MAR222230-30 (15m),0.72,MARKET_DATA,REAL
2026-03-22T21:19:43.616597,KXBTCD-26MAR2223-T67899.99 (1h),0.52,MARKET_DATA,REAL
2026-03-22T21:19:43.705375,KXBTCD-26MAR2223-T67699.99 (1h),0.8,MARKET_DATA,REAL
2026-03-22T21:19:43.790523,KXBTCD-26MAR2223-T68099.99 (1h),0.23,MARKET_DATA,REAL
2026-03-22T21:19:46.034316,KXHIGHNY-26MAR22-B62.5 (Market),0.99,MARKET_DATA,REAL
2026-03-22T21:19:46.035073,KXHIGHNY (F),51.98,MARKET_DATA,REAL
2026-03-22T21:19:49.205046,KXHIGHLAX-26MAR22-T75 (Market),0.99,MARKET_DATA,REAL
2026-03-22T21:19:49.206546,KXHIGHLAX (F),60.8,MARKET_DATA,REAL
2026-03-22T21:19:52.226315,KXHIGHCHI-26MAR22-T65 (Market),0.99,MARKET_DATA,REAL
2026-03-22T21:19:52.227729,KXHIGHCHI (F),33.8,MARKET_DATA,REAL
2026-03-22T21:19:55.310867,KXHIGHMIA-26MAR22-B81.5 (Market),0.99,MARKET_DATA,REAL
2026-03-22T21:19:55.312387,KXHIGHMIA (F),71.6,MARKET_DATA,REAL
2026-03-22T21:19:59.060735,BTC-USD (Coinbase),67915.01,MARKET_DATA,REAL
2026-03-22T21:19:59.143956,KXBTC15M-26MAR222230-30 (15m),0.7,MARKET_DATA,REAL
2026-03-22T21:20:01.851300,KXBTCD-26MAR2223-T67899.99 (1h),0.5,MARKET_DATA,REAL
2026-03-22T21:20:01.975777,KXBTCD-26MAR2223-T67699.99 (1h),0.8,MARKET_DATA,REAL
2026-03-22T21:20:02.059987,KXBTCD-26MAR2223-T68099.99 (1h),0.21,MARKET_DATA,REAL
2026-03-22T21:20:04.187182,KXHIGHNY-26MAR22-B62.5 (Market),0.99,MARKET_DATA,REAL
2026-03-22T21:20:04.188546,KXHIGHNY (F),51.98,MARKET_DATA,REAL
2026-03-22T21:20:08.477796,KXHIGHLAX-26MAR22-T75 (Market),0.99,MARKET_DATA,REAL
2026-03-22T21:20:08.479212,KXHIGHLAX (F),60.8,MARKET_DATA,REAL
2026-03-22T21:20:12.719320,KXHIGHCHI-26MAR22-T65 (Market),0.99,MARKET_DATA,REAL
2026-03-22T21:20:12.720704,KXHIGHCHI (F),33.8,MARKET_DATA,REAL
2026-03-22T21:20:17.018197,KXHIGHMIA-26MAR22-B81.5 (Market),0.99,MARKET_DATA,REAL
2026-03-22T21:20:17.019593,KXHIGHMIA (F),71.6,MARKET_DATA,REAL
2026-03-22T21:20:20.713987,BTC-USD (Coinbase),67921.51,MARKET_DATA,REAL
2026-03-22T21:20:20.883975,KXBTC15M-26MAR222230-30 (15m),0.67,MARKET_DATA,REAL
2026-03-22T21:20:23.506063,KXBTCD-26MAR2223-T67899.99 (1h),0.5,MARKET_DATA,REAL
2026-03-22T21:20:23.596858,KXBTCD-26MAR2223-T67699.99 (1h),0.8,MARKET_DATA,REAL
2026-03-22T21:20:23.680616,KXBTCD-26MAR2223-T68099.99 (1h),0.22,MARKET_DATA,REAL
2026-03-22T21:20:26.983206,KXHIGHNY-26MAR22-B62.5 (Market),0.99,MARKET_DATA,REAL
2026-03-22T21:20:26.984633,KXHIGHNY (F),51.98,MARKET_DATA,REAL
2026-03-22T21:20:29.993851,KXHIGHLAX-26MAR22-T75 (Market),0.99,MARKET_DATA,REAL
2026-03-22T21:20:29.995117,KXHIGHLAX (F),60.8,MARKET_DATA,REAL
2026-03-22T21:20:33.083004,KXHIGHCHI-26MAR22-T65 (Market),0.99,MARKET_DATA,REAL
2026-03-22T21:20:33.083849,KXHIGHCHI (F),33.8,MARKET_DATA,REAL
2026-03-22T21:20:36.190685,KXHIGHMIA-26MAR22-B81.5 (Market),0.99,MARKET_DATA,REAL
2026-03-22T21:20:36.192346,KXHIGHMIA (F),71.6,MARKET_DATA,REAL
2026-03-22T21:20:39.869389,BTC-USD (Coinbase),67960.74,MARKET_DATA,REAL
2026-03-22T21:20:40.005301,KXBTC15M-26MAR222230-30 (15m),0.79,MARKET_DATA,REAL
2026-03-22T21:20:42.599046,KXBTCD-26MAR2223-T67999.99 (1h),0.43,MARKET_DATA,REAL
2026-03-22T21:20:42.683409,KXBTCD-26MAR2223-T67799.99 (1h),0.72,MARKET_DATA,REAL
2026-03-22T21:20:42.765808,KXBTCD-26MAR2223-T68199.99 (1h),0.17,MARKET_DATA,REAL
2026-03-22T21:20:44.904742,KXHIGHNY-26MAR22-B62.5 (Market),0.99,MARKET_DATA,REAL
2026-03-22T21:20:44.905444,KXHIGHNY (F),51.98,MARKET_DATA,REAL
2026-03-22T21:20:48.018619,KXHIGHLAX-26MAR22-T75 (Market),0.99,MARKET_DATA,REAL
2026-03-22T21:20:48.020174,KXHIGHLAX (F),60.8,MARKET_DATA,REAL
2026-03-22T21:20:51.143576,KXHIGHCHI-26MAR22-T65 (Market),0.99,MARKET_DATA,REAL
2026-03-22T21:20:51.144413,KXHIGHCHI (F),33.8,MARKET_DATA,REAL
2026-03-22T21:20:54.205824,KXHIGHMIA-26MAR22-B81.5 (Market),0.99,MARKET_DATA,REAL
2026-03-22T21:20:54.207733,KXHIGHMIA (F),71.6,MARKET_DATA,REAL
2026-03-22T21:20:57.961613,BTC-USD (Coinbase),67977.04,MARKET_DATA,REAL
2026-03-22T21:20:58.050500,KXBTC15M-26MAR222230-30 (15m),0.82,MARKET_DATA,REAL
2026-03-22T21:21:00.781899,KXBTCD-26MAR2223-T67999.99 (1h),0.43,MARKET_DATA,REAL
2026-03-22T21:21:00.872005,KXBTCD-26MAR2223-T67799.99 (1h),0.75,MARKET_DATA,REAL
2026-03-22T21:21:01.005133,KXBTCD-26MAR2223-T68199.99 (1h),0.16,MARKET_DATA,REAL
2026-03-22T21:21:03.102243,KXHIGHNY-26MAR22-B62.5 (Market),0.99,MARKET_DATA,REAL
2026-03-22T21:21:03.102899,KXHIGHNY (F),51.98,MARKET_DATA,REAL
2026-03-22T21:21:06.324727,KXHIGHLAX-26MAR22-T75 (Market),0.99,MARKET_DATA,REAL
2026-03-22T21:21:06.325409,KXHIGHLAX (F),60.8,MARKET_DATA,REAL
2026-03-22T21:21:09.673208,KXHIGHCHI-26MAR22-T65 (Market),0.99,MARKET_DATA,REAL
2026-03-22T21:21:09.676009,KXHIGHCHI (F),33.8,MARKET_DATA,REAL
2026-03-22T21:21:12.042144,KXHIGHMIA-26MAR22-B81.5 (Market),0.99,MARKET_DATA,REAL
2026-03-22T21:21:12.042637,KXHIGHMIA (F),71.6,MARKET_DATA,REAL
2026-03-22T21:21:15.579495,BTC-USD (Coinbase),67955.32,MARKET_DATA,REAL
2026-03-22T21:21:15.662282,KXBTC15M-26MAR222230-30 (15m),0.81,MARKET_DATA,REAL
2026-03-22T21:21:15.671893,KXBTC15M-26MAR222230-30,0.82,SIGNAL_BUY,EXECUTED
2026-03-22T21:21:17.994842,KXBTCD-26MAR2223-T67999.99 (1h),0.43,MARKET_DATA,REAL
2026-03-22T21:21:18.075216,KXBTCD-26MAR2223-T67799.99 (1h),0.75,MARKET_DATA,REAL
2026-03-22T21:21:18.164269,KXBTCD-26MAR2223-T68199.99 (1h),0.15,MARKET_DATA,REAL
2026-03-22T21:21:20.778315,KXHIGHNY-26MAR22-B62.5 (Market),0.99,MARKET_DATA,REAL
2026-03-22T21:21:20.779258,KXHIGHNY (F),51.98,MARKET_DATA,REAL
2026-03-22T21:21:25.248552,KXHIGHLAX-26MAR22-T75 (Market),0.99,MARKET_DATA,REAL
2026-03-22T21:21:25.250656,KXHIGHLAX (F),60.8,MARKET_DATA,REAL
2026-03-22T21:21:29.675717,KXHIGHCHI-26MAR22-T65 (Market),0.99,MARKET_DATA,REAL
2026-03-22T21:21:29.677056,KXHIGHCHI (F),33.8,MARKET_DATA,REAL
2026-03-22T21:21:34.046032,KXHIGHMIA-26MAR22-B81.5 (Market),0.99,MARKET_DATA,REAL
2026-03-22T21:21:34.046958,KXHIGHMIA (F),71.6,MARKET_DATA,REAL
2026-03-22T21:21:37.888053,BTC-USD (Coinbase),68001.53,MARKET_DATA,REAL
2026-03-22T21:21:38.051160,KXBTC15M-26MAR222230-30 (15m),0.84,MARKET_DATA,REAL
2026-03-22T21:21:40.826297,KXBTCD-26MAR2223-T67999.99 (1h),0.41,MARKET_DATA,REAL
2026-03-22T21:21:40.930103,KXBTCD-26MAR2223-T67799.99 (1h),0.81,MARKET_DATA,REAL
2026-03-22T21:21:41.018927,KXBTCD-26MAR2223-T68199.99 (1h),0.18,MARKET_DATA,REAL
2026-03-22T21:21:44.820725,KXHIGHNY-26MAR22-B62.5 (Market),0.99,MARKET_DATA,REAL
2026-03-22T21:21:44.821461,KXHIGHNY (F),51.98,MARKET_DATA,REAL
2026-03-22T21:21:48.127078,KXHIGHLAX-26MAR22-T75 (Market),0.99,MARKET_DATA,REAL
2026-03-22T21:21:48.128092,KXHIGHLAX (F),60.8,MARKET_DATA,REAL
2026-03-22T21:21:51.606871,KXHIGHCHI-26MAR22-T65 (Market),0.99,MARKET_DATA,REAL
2026-03-22T21:21:51.609738,KXHIGHCHI (F),33.8,MARKET_DATA,REAL
2026-03-22T21:21:54.871026,KXHIGHMIA-26MAR22-B81.5 (Market),0.99,MARKET_DATA,REAL
2026-03-22T21:21:54.871894,KXHIGHMIA (F),71.6,MARKET_DATA,REAL
2026-03-22T21:21:58.747091,BTC-USD (Coinbase),67991.07,MARKET_DATA,REAL
2026-03-22T21:21:58.830794,KXBTC15M-26MAR222230-30 (15m),0.87,MARKET_DATA,REAL
2026-03-22T21:22:01.726320,KXBTCD-26MAR2223-T67999.99 (1h),0.47,MARKET_DATA,REAL
2026-03-22T21:22:01.859018,KXBTCD-26MAR2223-T67799.99 (1h),0.79,MARKET_DATA,REAL
2026-03-22T21:22:01.943298,KXBTCD-26MAR2223-T68199.99 (1h),0.18,MARKET_DATA,REAL
2026-03-22T21:22:04.397209,KXHIGHNY-26MAR22-B62.5 (Market),0.99,MARKET_DATA,REAL
2026-03-22T21:22:04.398002,KXHIGHNY (F),51.98,MARKET_DATA,REAL
2026-03-22T21:22:07.755380,KXHIGHLAX-26MAR22-T75 (Market),0.99,MARKET_DATA,REAL
2026-03-22T21:22:07.756351,KXHIGHLAX (F),60.8,MARKET_DATA,REAL
2026-03-22T21:22:11.129900,KXHIGHCHI-26MAR22-T65 (Market),0.99,MARKET_DATA,REAL
2026-03-22T21:22:11.130687,KXHIGHCHI (F),33.8,MARKET_DATA,REAL
2026-03-22T21:22:14.380027,KXHIGHMIA-26MAR22-B81.5 (Market),0.99,MARKET_DATA,REAL
2026-03-22T21:22:14.380885,KXHIGHMIA (F),71.6,MARKET_DATA,REAL
2026-03-22T21:22:18.281542,BTC-USD (Coinbase),67972.11,MARKET_DATA,REAL
2026-03-22T21:22:18.367913,KXBTC15M-26MAR222230-30 (15m),0.85,MARKET_DATA,REAL
2026-03-22T21:22:21.307226,KXBTCD-26MAR2223-T67999.99 (1h),0.45,MARKET_DATA,REAL
2026-03-22T21:22:21.394251,KXBTCD-26MAR2223-T67799.99 (1h),0.77,MARKET_DATA,REAL
2026-03-22T21:22:21.493867,KXBTCD-26MAR2223-T68199.99 (1h),0.16,MARKET_DATA,REAL
2026-03-22T21:22:23.758925,KXHIGHNY-26MAR22-B62.5 (Market),0.99,MARKET_DATA,REAL
2026-03-22T21:22:23.759428,KXHIGHNY (F),51.98,MARKET_DATA,REAL
2026-03-22T21:22:28.370961,KXHIGHLAX-26MAR22-T75 (Market),0.99,MARKET_DATA,REAL
2026-03-22T21:22:28.372391,KXHIGHLAX (F),60.8,MARKET_DATA,REAL
2026-03-22T21:22:32.827375,KXHIGHCHI-26MAR22-T65 (Market),0.99,MARKET_DATA,REAL
2026-03-22T21:22:32.828366,KXHIGHCHI (F),33.8,MARKET_DATA,REAL
2026-03-22T21:22:37.203377,KXHIGHMIA-26MAR22-B81.5 (Market),0.99,MARKET_DATA,REAL
2026-03-22T21:22:37.205046,KXHIGHMIA (F),71.6,MARKET_DATA,REAL
2026-03-22T21:22:41.081756,BTC-USD (Coinbase),67972.67,MARKET_DATA,REAL
2026-03-22T21:22:41.241774,KXBTC15M-26MAR222230-30 (15m),0.86,MARKET_DATA,REAL
2026-03-22T21:22:43.645471,KXBTCD-26MAR2223-T67999.99 (1h),0.47,MARKET_DATA,REAL
2026-03-22T21:22:43.726593,KXBTCD-26MAR2223-T67799.99 (1h),0.77,MARKET_DATA,REAL
2026-03-22T21:22:43.805421,KXBTCD-26MAR2223-T68199.99 (1h),0.15,MARKET_DATA,REAL
2026-03-22T21:22:47.095889,KXHIGHNY-26MAR22-B62.5 (Market),0.99,MARKET_DATA,REAL
2026-03-22T21:22:47.096972,KXHIGHNY (F),51.98,MARKET_DATA,REAL
2026-03-22T21:22:50.230979,KXHIGHLAX-26MAR22-T75 (Market),0.99,MARKET_DATA,REAL
2026-03-22T21:22:50.232191,KXHIGHLAX (F),60.8,MARKET_DATA,REAL
2026-03-22T21:22:53.397671,KXHIGHCHI-26MAR22-T65 (Market),0.99,MARKET_DATA,REAL
2026-03-22T21:22:53.399363,KXHIGHCHI (F),33.8,MARKET_DATA,REAL
2026-03-22T21:22:56.550401,KXHIGHMIA-26MAR22-B81.5 (Market),0.99,MARKET_DATA,REAL
2026-03-22T21:22:56.551504,KXHIGHMIA (F),71.6,MARKET_DATA,REAL
2026-03-22T21:23:00.461427,BTC-USD (Coinbase),67973.86,MARKET_DATA,REAL
2026-03-22T21:23:00.551758,KXBTC15M-26MAR222230-30 (15m),0.87,MARKET_DATA,REAL
2026-03-22T21:23:03.517044,KXBTCD-26MAR2223-T67999.99 (1h),0.45,MARKET_DATA,REAL
2026-03-22T21:23:03.639136,KXBTCD-26MAR2223-T67799.99 (1h),0.79,MARKET_DATA,REAL
2026-03-22T21:23:03.723166,KXBTCD-26MAR2223-T68199.99 (1h),0.15,MARKET_DATA,REAL
2026-03-22T21:23:05.867345,KXHIGHNY-26MAR22-B62.5 (Market),0.99,MARKET_DATA,REAL
2026-03-22T21:23:05.868362,KXHIGHNY (F),51.98,MARKET_DATA,REAL
2026-03-22T21:23:09.055820,KXHIGHLAX-26MAR22-T75 (Market),0.99,MARKET_DATA,REAL
2026-03-22T21:23:09.056722,KXHIGHLAX (F),60.8,MARKET_DATA,REAL
2026-03-22T21:23:12.052887,KXHIGHCHI-26MAR22-T65 (Market),0.99,MARKET_DATA,REAL
2026-03-22T21:23:12.053778,KXHIGHCHI (F),33.8,MARKET_DATA,REAL
2026-03-22T21:23:15.065500,KXHIGHMIA-26MAR22-B81.5 (Market),0.99,MARKET_DATA,REAL
2026-03-22T21:23:15.067069,KXHIGHMIA (F),71.6,MARKET_DATA,REAL
2026-03-22T21:23:19.003139,BTC-USD (Coinbase),67967.55,MARKET_DATA,REAL
2026-03-22T21:23:19.089491,KXBTC15M-26MAR222230-30 (15m),0.87,MARKET_DATA,REAL
2026-03-22T21:23:21.958163,KXBTCD-26MAR2223-T67999.99 (1h),0.44,MARKET_DATA,REAL
2026-03-22T21:23:22.043811,KXBTCD-26MAR2223-T67799.99 (1h),0.78,MARKET_DATA,REAL
2026-03-22T21:23:22.147247,KXBTCD-26MAR2223-T68199.99 (1h),0.15,MARKET_DATA,REAL
2026-03-22T21:23:24.255821,KXHIGHNY-26MAR22-B62.5 (Market),0.99,MARKET_DATA,REAL
2026-03-22T21:23:24.256728,KXHIGHNY (F),51.98,MARKET_DATA,REAL
2026-03-22T21:23:27.317541,KXHIGHLAX-26MAR22-T75 (Market),0.99,MARKET_DATA,REAL
2026-03-22T21:23:27.318665,KXHIGHLAX (F),60.8,MARKET_DATA,REAL
2026-03-22T21:23:30.384599,KXHIGHCHI-26MAR22-T65 (Market),0.99,MARKET_DATA,REAL
2026-03-22T21:23:30.386142,KXHIGHCHI (F),33.8,MARKET_DATA,REAL
2026-03-22T21:23:33.394963,KXHIGHMIA-26MAR22-B81.5 (Market),0.99,MARKET_DATA,REAL
2026-03-22T21:23:33.396304,KXHIGHMIA (F),71.6,MARKET_DATA,REAL
2026-03-22T21:23:37.172357,BTC-USD (Coinbase),68029.04,MARKET_DATA,REAL
2026-03-22T21:23:37.259578,KXBTC15M-26MAR222230-30 (15m),0.924,MARKET_DATA,REAL
2026-03-22T21:23:39.902275,KXBTCD-26MAR2223-T67999.99 (1h),0.53,MARKET_DATA,REAL
2026-03-22T21:23:39.983642,KXBTCD-26MAR2223-T67799.99 (1h),0.84,MARKET_DATA,REAL
2026-03-22T21:23:40.068228,KXBTCD-26MAR2223-T68199.99 (1h),0.2,MARKET_DATA,REAL
2026-03-22T21:23:42.315138,KXHIGHNY-26MAR22-B62.5 (Market),0.99,MARKET_DATA,REAL
2026-03-22T21:23:42.315527,KXHIGHNY (F),51.98,MARKET_DATA,REAL
2026-03-22T21:23:46.517005,KXHIGHLAX-26MAR22-T75 (Market),0.99,MARKET_DATA,REAL
2026-03-22T21:23:46.518508,KXHIGHLAX (F),60.8,MARKET_DATA,REAL
2026-03-22T21:23:50.709310,KXHIGHCHI-26MAR22-T65 (Market),0.99,MARKET_DATA,REAL
2026-03-22T21:23:50.710442,KXHIGHCHI (F),33.8,MARKET_DATA,REAL
2026-03-22T21:23:54.913164,KXHIGHMIA-26MAR22-B81.5 (Market),0.99,MARKET_DATA,REAL
2026-03-22T21:23:54.914408,KXHIGHMIA (F),71.6,MARKET_DATA,REAL
2026-03-22T21:23:58.681904,BTC-USD (Coinbase),68011.66,MARKET_DATA,REAL
2026-03-22T21:23:58.850867,KXBTC15M-26MAR222230-30 (15m),0.953,MARKET_DATA,REAL
2026-03-22T21:24:01.510446,KXBTCD-26MAR2223-T67999.99 (1h),0.51,MARKET_DATA,REAL
2026-03-22T21:24:01.595961,KXBTCD-26MAR2223-T67799.99 (1h),0.83,MARKET_DATA,REAL
2026-03-22T21:24:01.683770,KXBTCD-26MAR2223-T68199.99 (1h),0.2,MARKET_DATA,REAL
2026-03-22T21:24:04.991926,KXHIGHNY-26MAR22-B62.5 (Market),0.99,MARKET_DATA,REAL
2026-03-22T21:24:04.993100,KXHIGHNY (F),51.98,MARKET_DATA,REAL
2026-03-22T21:24:08.336600,KXHIGHLAX-26MAR22-T75 (Market),0.99,MARKET_DATA,REAL
2026-03-22T21:24:08.338025,KXHIGHLAX (F),60.8,MARKET_DATA,REAL
2026-03-22T21:24:11.351716,KXHIGHCHI-26MAR22-T65 (Market),0.99,MARKET_DATA,REAL
2026-03-22T21:24:11.356742,KXHIGHCHI (F),33.8,MARKET_DATA,REAL
2026-03-22T21:24:14.453415,KXHIGHMIA-26MAR22-B81.5 (Market),0.99,MARKET_DATA,REAL
2026-03-22T21:24:14.455765,KXHIGHMIA (F),71.6,MARKET_DATA,REAL
2026-03-22T21:24:18.138252,BTC-USD (Coinbase),67991.99,MARKET_DATA,REAL
2026-03-22T21:24:18.223105,KXBTC15M-26MAR222230-30 (15m),0.942,MARKET_DATA,REAL
2026-03-22T21:24:21.009276,KXBTCD-26MAR2223-T67999.99 (1h),0.45,MARKET_DATA,REAL
2026-03-22T21:24:21.094616,KXBTCD-26MAR2223-T67799.99 (1h),0.8,MARKET_DATA,REAL
2026-03-22T21:24:21.180460,KXBTCD-26MAR2223-T68199.99 (1h),0.17,MARKET_DATA,REAL
2026-03-22T21:24:23.307163,KXHIGHNY-26MAR22-B62.5 (Market),0.99,MARKET_DATA,REAL
2026-03-22T21:24:23.308550,KXHIGHNY (F),51.98,MARKET_DATA,REAL
2026-03-22T21:24:26.365163,KXHIGHLAX-26MAR22-T75 (Market),0.99,MARKET_DATA,REAL
2026-03-22T21:24:26.366811,KXHIGHLAX (F),60.8,MARKET_DATA,REAL
2026-03-22T21:24:29.422949,KXHIGHCHI-26MAR22-T65 (Market),0.99,MARKET_DATA,REAL
2026-03-22T21:24:29.424572,KXHIGHCHI (F),33.8,MARKET_DATA,REAL
2026-03-22T21:24:32.442959,KXHIGHMIA-26MAR22-B81.5 (Market),0.99,MARKET_DATA,REAL
2026-03-22T21:24:32.444404,KXHIGHMIA (F),71.6,MARKET_DATA,REAL
2026-03-22T21:24:36.196631,BTC-USD (Coinbase),68005.55,MARKET_DATA,REAL
2026-03-22T21:24:36.304715,KXBTC15M-26MAR222230-30 (15m),0.943,MARKET_DATA,REAL
2026-03-22T21:24:39.336458,KXBTCD-26MAR2223-T67999.99 (1h),0.47,MARKET_DATA,REAL
2026-03-22T21:24:39.417667,KXBTCD-26MAR2223-T67799.99 (1h),0.82,MARKET_DATA,REAL
2026-03-22T21:24:39.497310,KXBTCD-26MAR2223-T68199.99 (1h),0.17,MARKET_DATA,REAL
2026-03-22T21:24:41.956098,KXHIGHNY-26MAR22-B62.5 (Market),0.99,MARKET_DATA,REAL
2026-03-22T21:24:41.956873,KXHIGHNY (F),51.98,MARKET_DATA,REAL
2026-03-22T21:24:45.053525,KXHIGHLAX-26MAR22-T75 (Market),0.99,MARKET_DATA,REAL
2026-03-22T21:24:45.054944,KXHIGHLAX (F),60.8,MARKET_DATA,REAL
2026-03-22T21:24:48.137911,KXHIGHCHI-26MAR22-T65 (Market),0.99,MARKET_DATA,REAL
2026-03-22T21:24:48.139691,KXHIGHCHI (F),33.8,MARKET_DATA,REAL
2026-03-22T21:24:51.242758,KXHIGHMIA-26MAR22-B81.5 (Market),0.99,MARKET_DATA,REAL
2026-03-22T21:24:51.244164,KXHIGHMIA (F),71.6,MARKET_DATA,REAL
2026-03-22T21:24:54.935957,BTC-USD (Coinbase),68016.97,MARKET_DATA,REAL
2026-03-22T21:24:55.018588,KXBTC15M-26MAR222230-30 (15m),0.955,MARKET_DATA,REAL
2026-03-22T21:24:57.671784,KXBTCD-26MAR2223-T67999.99 (1h),0.49,MARKET_DATA,REAL
2026-03-22T21:24:57.779365,KXBTCD-26MAR2223-T67799.99 (1h),0.84,MARKET_DATA,REAL
2026-03-22T21:24:57.860928,KXBTCD-26MAR2223-T68199.99 (1h),0.18,MARKET_DATA,REAL
2026-03-22T21:25:00.361451,KXHIGHNY-26MAR22-B62.5 (Market),0.99,MARKET_DATA,REAL
2026-03-22T21:25:00.362451,KXHIGHNY (F),51.98,MARKET_DATA,REAL
2026-03-22T21:25:04.660516,KXHIGHLAX-26MAR22-T75 (Market),0.99,MARKET_DATA,REAL
2026-03-22T21:25:04.661929,KXHIGHLAX (F),60.8,MARKET_DATA,REAL
2026-03-22T21:25:09.024997,KXHIGHCHI-26MAR22-T65 (Market),0.99,MARKET_DATA,REAL
2026-03-22T21:25:09.032502,KXHIGHCHI (F),33.8,MARKET_DATA,REAL
2026-03-22T21:25:13.354986,KXHIGHMIA-26MAR22-B81.5 (Market),0.99,MARKET_DATA,REAL
2026-03-22T21:25:13.356036,KXHIGHMIA (F),71.6,MARKET_DATA,REAL
2026-03-22T21:25:17.141755,BTC-USD (Coinbase),67990.0,MARKET_DATA,REAL
2026-03-22T21:25:17.312893,KXBTC15M-26MAR222230-30 (15m),0.953,MARKET_DATA,REAL
2026-03-22T21:25:20.140536,KXBTCD-26MAR2223-T67999.99 (1h),0.46,MARKET_DATA,REAL
2026-03-22T21:25:20.223266,KXBTCD-26MAR2223-T67799.99 (1h),0.83,MARKET_DATA,REAL
2026-03-22T21:25:20.307072,KXBTCD-26MAR2223-T68199.99 (1h),0.16,MARKET_DATA,REAL
2026-03-22T21:25:20.399390,KXBTCD-26MAR2223-T67999.99,0.54,SIGNAL_BUY,EXECUTED
2026-03-22T21:25:23.711367,KXHIGHNY-26MAR22-B62.5 (Market),0.99,MARKET_DATA,REAL
2026-03-22T21:25:23.712634,KXHIGHNY (F),51.98,MARKET_DATA,REAL
2026-03-22T21:25:26.999969,KXHIGHLAX-26MAR22-T75 (Market),0.99,MARKET_DATA,REAL
2026-03-22T21:25:27.001132,KXHIGHLAX (F),60.8,MARKET_DATA,REAL
2026-03-22T21:25:30.373772,KXHIGHCHI-26MAR22-T65 (Market),0.99,MARKET_DATA,REAL
2026-03-22T21:25:30.374959,KXHIGHCHI (F),33.8,MARKET_DATA,REAL
2026-03-22T21:25:33.525025,KXHIGHMIA-26MAR22-B81.5 (Market),0.99,MARKET_DATA,REAL
2026-03-22T21:25:33.526282,KXHIGHMIA (F),71.6,MARKET_DATA,REAL
2026-03-22T21:25:37.454935,BTC-USD (Coinbase),68009.03,MARKET_DATA,REAL
2026-03-22T21:25:37.555216,KXBTC15M-26MAR222230-30 (15m),0.963,MARKET_DATA,REAL
2026-03-22T21:25:40.313108,KXBTCD-26MAR2223-T67999.99 (1h),0.5,MARKET_DATA,REAL
2026-03-22T21:25:40.397925,KXBTCD-26MAR2223-T67799.99 (1h),0.84,MARKET_DATA,REAL
2026-03-22T21:25:40.479722,KXBTCD-26MAR2223-T68199.99 (1h),0.17,MARKET_DATA,REAL
2026-03-22T21:25:42.847799,KXHIGHNY-26MAR22-B62.5 (Market),0.99,MARKET_DATA,REAL
2026-03-22T21:25:42.848533,KXHIGHNY (F),51.98,MARKET_DATA,REAL
2026-03-22T21:25:46.228387,KXHIGHLAX-26MAR22-T75 (Market),0.99,MARKET_DATA,REAL
2026-03-22T21:25:46.229267,KXHIGHLAX (F),60.8,MARKET_DATA,REAL
2026-03-22T21:25:49.528220,KXHIGHCHI-26MAR22-T65 (Market),0.99,MARKET_DATA,REAL
2026-03-22T21:25:49.528885,KXHIGHCHI (F),33.8,MARKET_DATA,REAL
2026-03-22T21:25:52.662945,KXHIGHMIA-26MAR22-B81.5 (Market),0.99,MARKET_DATA,REAL
2026-03-22T21:25:52.664155,KXHIGHMIA (F),71.6,MARKET_DATA,REAL
2026-03-22T21:25:56.460071,BTC-USD (Coinbase),68008.51,MARKET_DATA,REAL
2026-03-22T21:25:56.549354,KXBTC15M-26MAR222230-30 (15m),0.973,MARKET_DATA,REAL
2026-03-22T21:25:59.394408,KXBTCD-26MAR2223-T67999.99 (1h),0.49,MARKET_DATA,REAL
2026-03-22T21:25:59.485282,KXBTCD-26MAR2223-T67799.99 (1h),0.86,MARKET_DATA,REAL
2026-03-22T21:25:59.595705,KXBTCD-26MAR2223-T68199.99 (1h),0.16,MARKET_DATA,REAL
2026-03-22T21:26:01.993699,KXHIGHNY-26MAR22-B62.5 (Market),0.99,MARKET_DATA,REAL
2026-03-22T21:26:01.995065,KXHIGHNY (F),51.98,MARKET_DATA,REAL
2026-03-22T21:26:06.339000,KXHIGHLAX-26MAR22-T75 (Market),0.99,MARKET_DATA,REAL
2026-03-22T21:26:06.340240,KXHIGHLAX (F),60.8,MARKET_DATA,REAL
2026-03-22T21:26:10.839494,KXHIGHCHI-26MAR22-T65 (Market),0.99,MARKET_DATA,REAL
2026-03-22T21:26:10.840320,KXHIGHCHI (F),33.8,MARKET_DATA,REAL
2026-03-22T21:26:15.261024,KXHIGHMIA-26MAR22-B81.5 (Market),0.99,MARKET_DATA,REAL
2026-03-22T21:26:15.261856,KXHIGHMIA (F),71.6,MARKET_DATA,REAL
2026-03-22T21:26:19.103634,BTC-USD (Coinbase),68052.6,MARKET_DATA,REAL
2026-03-22T21:26:19.266949,KXBTC15M-26MAR222230-30 (15m),0.983,MARKET_DATA,REAL
2026-03-22T21:26:22.005023,KXBTCD-26MAR2223-T68099.99 (1h),0.32,MARKET_DATA,REAL
2026-03-22T21:26:22.088315,KXBTCD-26MAR2223-T67899.99 (1h),0.72,MARKET_DATA,REAL
2026-03-22T21:26:22.172131,KXBTCD-26MAR2223-T68299.99 (1h),0.1,MARKET_DATA,REAL
2026-03-22T21:26:25.720408,KXHIGHNY-26MAR22-B62.5 (Market),0.99,MARKET_DATA,REAL
2026-03-22T21:26:25.721360,KXHIGHNY (F),51.98,MARKET_DATA,REAL
2026-03-22T21:26:28.886699,KXHIGHLAX-26MAR22-T75 (Market),0.99,MARKET_DATA,REAL
2026-03-22T21:26:28.888631,KXHIGHLAX (F),60.8,MARKET_DATA,REAL
2026-03-22T21:26:31.827069,KXHIGHCHI-26MAR22-T65 (Market),0.99,MARKET_DATA,REAL
2026-03-22T21:26:31.828176,KXHIGHCHI (F),33.8,MARKET_DATA,REAL
2026-03-22T21:26:35.145544,KXHIGHMIA-26MAR22-B81.5 (Market),0.99,MARKET_DATA,REAL
2026-03-22T21:26:35.146340,KXHIGHMIA (F),71.6,MARKET_DATA,REAL
2026-03-22T21:26:38.876546,BTC-USD (Coinbase),68200.0,MARKET_DATA,REAL
2026-03-22T21:26:38.961471,KXBTC15M-26MAR222230-30 (15m),0.991,MARKET_DATA,REAL
2026-03-22T21:26:41.896859,KXBTCD-26MAR2223-T68199.99 (1h),0.44,MARKET_DATA,REAL
2026-03-22T21:26:41.981486,KXBTCD-26MAR2223-T67999.99 (1h),0.75,MARKET_DATA,REAL
2026-03-22T21:26:42.109960,KXBTCD-26MAR2223-T68399.99 (1h),0.17,MARKET_DATA,REAL
2026-03-22T21:26:44.447354,KXHIGHNY-26MAR22-B62.5 (Market),0.99,MARKET_DATA,REAL
2026-03-22T21:26:44.448641,KXHIGHNY (F),51.98,MARKET_DATA,REAL
2026-03-22T21:26:47.567941,KXHIGHLAX-26MAR22-T75 (Market),0.99,MARKET_DATA,REAL
2026-03-22T21:26:47.568380,KXHIGHLAX (F),60.8,MARKET_DATA,REAL
2026-03-22T21:26:50.871837,KXHIGHCHI-26MAR22-T65 (Market),0.99,MARKET_DATA,REAL
2026-03-22T21:26:50.872608,KXHIGHCHI (F),33.8,MARKET_DATA,REAL
2026-03-22T21:26:53.939344,KXHIGHMIA-26MAR22-B81.5 (Market),0.99,MARKET_DATA,REAL
2026-03-22T21:26:53.940158,KXHIGHMIA (F),71.6,MARKET_DATA,REAL
2026-03-22T21:26:57.791352,BTC-USD (Coinbase),68212.3,MARKET_DATA,REAL
2026-03-22T21:26:57.877203,KXBTC15M-26MAR222230-30 (15m),0.996,MARKET_DATA,REAL
2026-03-22T21:27:01.010007,KXBTCD-26MAR2223-T68199.99 (1h),0.5,MARKET_DATA,REAL
2026-03-22T21:27:01.091600,KXBTCD-26MAR2223-T67999.99 (1h),0.74,MARKET_DATA,REAL
2026-03-22T21:27:01.174108,KXBTCD-26MAR2223-T68399.99 (1h),0.21,MARKET_DATA,REAL
2026-03-22T21:27:04.113658,KXHIGHNY-26MAR22-B62.5 (Market),0.99,MARKET_DATA,REAL
2026-03-22T21:27:04.115679,KXHIGHNY (F),51.98,MARKET_DATA,REAL
2026-03-22T21:27:08.933269,KXHIGHLAX-26MAR22-T75 (Market),0.99,MARKET_DATA,REAL
2026-03-22T21:27:08.934314,KXHIGHLAX (F),60.8,MARKET_DATA,REAL
2026-03-22T21:27:13.773642,KXHIGHCHI-26MAR22-T65 (Market),0.99,MARKET_DATA,REAL
2026-03-22T21:27:13.776554,KXHIGHCHI (F),33.8,MARKET_DATA,REAL
2026-03-22T21:27:18.493110,KXHIGHMIA-26MAR22-B81.5 (Market),0.99,MARKET_DATA,REAL
2026-03-22T21:27:18.494576,KXHIGHMIA (F),71.6,MARKET_DATA,REAL
2026-03-22T21:27:22.452550,BTC-USD (Coinbase),68219.55,MARKET_DATA,REAL
2026-03-22T21:27:22.617509,KXBTC15M-26MAR222230-30 (15m),0.996,MARKET_DATA,REAL
2026-03-22T21:27:25.784631,KXBTCD-26MAR2223-T68199.99 (1h),0.5,MARKET_DATA,REAL
2026-03-22T21:27:25.868512,KXBTCD-26MAR2223-T67999.99 (1h),0.79,MARKET_DATA,REAL
2026-03-22T21:27:25.952995,KXBTCD-26MAR2223-T68399.99 (1h),0.23,MARKET_DATA,REAL
2026-03-22T21:27:29.955072,KXHIGHNY-26MAR22-B62.5 (Market),0.99,MARKET_DATA,REAL
2026-03-22T21:27:29.956667,KXHIGHNY (F),51.98,MARKET_DATA,REAL
2026-03-22T21:27:33.747585,KXHIGHLAX-26MAR22-T75 (Market),0.99,MARKET_DATA,REAL
2026-03-22T21:27:33.748422,KXHIGHLAX (F),60.8,MARKET_DATA,REAL
2026-03-22T21:27:37.448213,KXHIGHCHI-26MAR22-T65 (Market),0.99,MARKET_DATA,REAL
2026-03-22T21:27:37.449753,KXHIGHCHI (F),33.8,MARKET_DATA,REAL
2026-03-22T21:27:41.172345,KXHIGHMIA-26MAR22-B81.5 (Market),0.99,MARKET_DATA,REAL
2026-03-22T21:27:41.173404,KXHIGHMIA (F),71.6,MARKET_DATA,REAL
2026-03-22T21:27:45.009366,BTC-USD (Coinbase),68193.0,MARKET_DATA,REAL
2026-03-22T21:27:45.098502,KXBTC15M-26MAR222230-30 (15m),0.999,MARKET_DATA,REAL
2026-03-22T21:27:48.317796,KXBTCD-26MAR2223-T68199.99 (1h),0.44,MARKET_DATA,REAL
2026-03-22T21:27:48.403547,KXBTCD-26MAR2223-T67999.99 (1h),0.78,MARKET_DATA,REAL
2026-03-22T21:27:48.486727,KXBTCD-26MAR2223-T68399.99 (1h),0.2,MARKET_DATA,REAL
2026-03-22T21:27:51.276501,KXHIGHNY-26MAR22-B62.5 (Market),0.99,MARKET_DATA,REAL
2026-03-22T21:27:51.277432,KXHIGHNY (F),51.98,MARKET_DATA,REAL
2026-03-22T21:27:54.907181,KXHIGHLAX-26MAR22-T75 (Market),0.99,MARKET_DATA,REAL
2026-03-22T21:27:54.908406,KXHIGHLAX (F),60.8,MARKET_DATA,REAL
2026-03-22T21:27:58.522669,KXHIGHCHI-26MAR22-T65 (Market),0.99,MARKET_DATA,REAL
2026-03-22T21:27:58.523827,KXHIGHCHI (F),33.8,MARKET_DATA,REAL
2026-03-22T21:28:02.109775,KXHIGHMIA-26MAR22-B81.5 (Market),0.99,MARKET_DATA,REAL
2026-03-22T21:28:02.111743,KXHIGHMIA (F),71.6,MARKET_DATA,REAL
2026-03-22T21:28:05.947187,BTC-USD (Coinbase),68155.87,MARKET_DATA,REAL
2026-03-22T21:28:06.031597,KXBTC15M-26MAR222230-30 (15m),0.999,MARKET_DATA,REAL
2026-03-22T21:28:09.065444,KXBTCD-26MAR2223-T68199.99 (1h),0.39,MARKET_DATA,REAL
2026-03-22T21:28:09.150178,KXBTCD-26MAR2223-T67999.99 (1h),0.73,MARKET_DATA,REAL
2026-03-22T21:28:09.237155,KXBTCD-26MAR2223-T68399.99 (1h),0.16,MARKET_DATA,REAL
2026-03-22T21:28:12.006203,KXHIGHNY-26MAR22-B62.5 (Market),0.99,MARKET_DATA,REAL
2026-03-22T21:28:12.008183,KXHIGHNY (F),51.98,MARKET_DATA,REAL
2026-03-22T21:28:16.994017,KXHIGHLAX-26MAR22-T75 (Market),0.99,MARKET_DATA,REAL
2026-03-22T21:28:16.994814,KXHIGHLAX (F),60.8,MARKET_DATA,REAL
2026-03-22T21:28:22.220204,KXHIGHCHI-26MAR22-T65 (Market),0.99,MARKET_DATA,REAL
2026-03-22T21:28:22.221790,KXHIGHCHI (F),33.8,MARKET_DATA,REAL
2026-03-22T21:28:27.117860,KXHIGHMIA-26MAR22-B81.5 (Market),0.99,MARKET_DATA,REAL
2026-03-22T21:28:27.118788,KXHIGHMIA (F),71.6,MARKET_DATA,REAL
2026-03-22T21:28:31.087167,BTC-USD (Coinbase),68167.98,MARKET_DATA,REAL
2026-03-22T21:28:31.260477,KXBTC15M-26MAR222230-30 (15m),0.999,MARKET_DATA,REAL
2026-03-22T21:28:34.373018,KXBTCD-26MAR2223-T68199.99 (1h),0.4,MARKET_DATA,REAL
2026-03-22T21:28:34.457933,KXBTCD-26MAR2223-T67999.99 (1h),0.72,MARKET_DATA,REAL
2026-03-22T21:28:34.544863,KXBTCD-26MAR2223-T68399.99 (1h),0.14,MARKET_DATA,REAL
2026-03-22T21:28:34.633066,KXBTCD-26MAR2223-T68199.99,0.42000000000000004,SIGNAL_BUY,EXECUTED
2026-03-22T21:28:38.483189,KXHIGHNY-26MAR22-B62.5 (Market),0.99,MARKET_DATA,REAL
2026-03-22T21:28:38.484672,KXHIGHNY (F),51.98,MARKET_DATA,REAL
2026-03-22T21:28:42.251409,KXHIGHLAX-26MAR22-T75 (Market),0.99,MARKET_DATA,REAL
2026-03-22T21:28:42.252796,KXHIGHLAX (F),60.8,MARKET_DATA,REAL
2026-03-22T21:28:45.904867,KXHIGHCHI-26MAR22-T65 (Market),0.99,MARKET_DATA,REAL
2026-03-22T21:28:45.905735,KXHIGHCHI (F),33.8,MARKET_DATA,REAL
2026-03-22T21:28:49.647479,KXHIGHMIA-26MAR22-B81.5 (Market),0.99,MARKET_DATA,REAL
2026-03-22T21:28:49.648383,KXHIGHMIA (F),71.6,MARKET_DATA,REAL
2026-03-22T21:28:53.588707,BTC-USD (Coinbase),68182.99,MARKET_DATA,REAL
2026-03-22T21:28:53.670072,KXBTC15M-26MAR222230-30 (15m),0.999,MARKET_DATA,REAL
2026-03-22T21:28:56.589369,KXBTCD-26MAR2223-T68199.99 (1h),0.42,MARKET_DATA,REAL
2026-03-22T21:28:56.670443,KXBTCD-26MAR2223-T67999.99 (1h),0.74,MARKET_DATA,REAL
2026-03-22T21:28:56.760240,KXBTCD-26MAR2223-T68399.99 (1h),0.16,MARKET_DATA,REAL
2026-03-22T21:28:59.552327,KXHIGHNY-26MAR22-B62.5 (Market),0.99,MARKET_DATA,REAL
2026-03-22T21:28:59.553732,KXHIGHNY (F),51.98,MARKET_DATA,REAL
2026-03-22T21:29:03.707950,KXHIGHLAX-26MAR22-T75 (Market),0.99,MARKET_DATA,REAL
2026-03-22T21:29:03.708850,KXHIGHLAX (F),60.8,MARKET_DATA,REAL
2026-03-22T21:29:07.276090,KXHIGHCHI-26MAR22-T65 (Market),0.99,MARKET_DATA,REAL
2026-03-22T21:29:07.277030,KXHIGHCHI (F),33.8,MARKET_DATA,REAL
2026-03-22T21:29:11.029936,KXHIGHMIA-26MAR22-B81.5 (Market),0.99,MARKET_DATA,REAL
2026-03-22T21:29:11.031510,KXHIGHMIA (F),71.6,MARKET_DATA,REAL
2026-03-22T21:29:15.217425,BTC-USD (Coinbase),68169.16,MARKET_DATA,REAL
2026-03-22T21:29:15.303267,KXBTC15M-26MAR222230-30 (15m),0.999,MARKET_DATA,REAL
2026-03-22T21:29:18.455609,KXBTCD-26MAR2223-T68199.99 (1h),0.41,MARKET_DATA,REAL
2026-03-22T21:29:18.538968,KXBTCD-26MAR2223-T67999.99 (1h),0.74,MARKET_DATA,REAL
2026-03-22T21:29:18.624852,KXBTCD-26MAR2223-T68399.99 (1h),0.15,MARKET_DATA,REAL
2026-03-22T21:29:21.408299,KXHIGHNY-26MAR22-B62.5 (Market),0.99,MARKET_DATA,REAL
2026-03-22T21:29:21.409314,KXHIGHNY (F),51.98,MARKET_DATA,REAL
2026-03-22T21:29:26.553482,KXHIGHLAX-26MAR22-T75 (Market),0.99,MARKET_DATA,REAL
2026-03-22T21:29:26.555185,KXHIGHLAX (F),60.8,MARKET_DATA,REAL
2026-03-22T21:29:31.309227,KXHIGHCHI-26MAR22-T65 (Market),0.99,MARKET_DATA,REAL
2026-03-22T21:29:31.310459,KXHIGHCHI (F),33.8,MARKET_DATA,REAL
2026-03-22T21:29:36.121382,KXHIGHMIA-26MAR22-B81.5 (Market),0.99,MARKET_DATA,REAL
2026-03-22T21:29:36.122883,KXHIGHMIA (F),71.6,MARKET_DATA,REAL
2026-03-22T21:29:39.953720,BTC-USD (Coinbase),68228.49,MARKET_DATA,REAL
2026-03-22T21:29:40.138714,KXBTC15M-26MAR222230-30 (15m),0.999,MARKET_DATA,REAL
2026-03-22T21:29:43.144728,KXBTCD-26MAR2223-T68199.99 (1h),0.51,MARKET_DATA,REAL
2026-03-22T21:29:43.231310,KXBTCD-26MAR2223-T67999.99 (1h),0.83,MARKET_DATA,REAL
2026-03-22T21:29:43.316945,KXBTCD-26MAR2223-T68399.99 (1h),0.22,MARKET_DATA,REAL
2026-03-22T21:29:47.221775,KXHIGHNY-26MAR22-B62.5 (Market),0.99,MARKET_DATA,REAL
2026-03-22T21:29:47.223183,KXHIGHNY (F),51.98,MARKET_DATA,REAL
2026-03-22T21:29:50.884506,KXHIGHLAX-26MAR22-T75 (Market),0.99,MARKET_DATA,REAL
2026-03-22T21:29:50.886203,KXHIGHLAX (F),60.8,MARKET_DATA,REAL
2026-03-22T21:29:54.553278,KXHIGHCHI-26MAR22-T65 (Market),0.99,MARKET_DATA,REAL
2026-03-22T21:29:54.554533,KXHIGHCHI (F),33.8,MARKET_DATA,REAL
2026-03-22T21:29:58.249348,KXHIGHMIA-26MAR22-B81.5 (Market),0.99,MARKET_DATA,REAL
2026-03-22T21:29:58.250404,KXHIGHMIA (F),71.6,MARKET_DATA,REAL
2026-03-22T21:30:01.976712,BTC-USD (Coinbase),68250.33,MARKET_DATA,REAL
2026-03-22T21:30:02.057567,KXBTC15M-26MAR222230-30 (15m),0.999,MARKET_DATA,REAL
2026-03-22T21:30:04.739791,KXBTCD-26MAR2223-T68199.99 (1h),0.54,MARKET_DATA,REAL
2026-03-22T21:30:04.825368,KXBTCD-26MAR2223-T67999.99 (1h),0.84,MARKET_DATA,REAL
2026-03-22T21:30:04.917247,KXBTCD-26MAR2223-T68399.99 (1h),0.25,MARKET_DATA,REAL
2026-03-22T21:30:07.020833,KXHIGHNY-26MAR22-B62.5 (Market),0.99,MARKET_DATA,REAL
2026-03-22T21:30:07.022242,KXHIGHNY (F),51.98,MARKET_DATA,REAL
2026-03-22T21:30:10.118404,KXHIGHLAX-26MAR22-T75 (Market),0.99,MARKET_DATA,REAL
2026-03-22T21:30:10.119484,KXHIGHLAX (F),60.8,MARKET_DATA,REAL
2026-03-22T21:30:13.142773,KXHIGHCHI-26MAR22-T65 (Market),0.99,MARKET_DATA,REAL
2026-03-22T21:30:13.143724,KXHIGHCHI (F),33.8,MARKET_DATA,REAL
2026-03-22T21:30:16.262803,KXHIGHMIA-26MAR22-B81.5 (Market),0.99,MARKET_DATA,REAL
2026-03-22T21:30:16.263669,KXHIGHMIA (F),71.6,MARKET_DATA,REAL
2026-03-22T21:30:19.956566,BTC-USD (Coinbase),68259.62,MARKET_DATA,REAL
2026-03-22T21:30:20.042289,KXBTC15M-26MAR222230-30 (15m),1.0,MARKET_DATA,REAL
2026-03-22T21:30:22.695626,KXBTCD-26MAR2223-T68299.99 (1h),0.41,MARKET_DATA,REAL
2026-03-22T21:30:22.780199,KXBTCD-26MAR2223-T68099.99 (1h),0.71,MARKET_DATA,REAL
2026-03-22T21:30:22.864338,KXBTCD-26MAR2223-T68499.99 (1h),0.14,MARKET_DATA,REAL
2026-03-22T21:30:25.101881,KXHIGHNY-26MAR22-B62.5 (Market),0.99,MARKET_DATA,REAL
2026-03-22T21:30:25.102542,KXHIGHNY (F),51.98,MARKET_DATA,REAL
2026-03-22T21:30:29.362762,KXHIGHLAX-26MAR22-T75 (Market),0.99,MARKET_DATA,REAL
2026-03-22T21:30:29.366938,KXHIGHLAX (F),60.8,MARKET_DATA,REAL
2026-03-22T21:30:33.580806,KXHIGHCHI-26MAR22-T65 (Market),0.99,MARKET_DATA,REAL
2026-03-22T21:30:33.583306,KXHIGHCHI (F),33.8,MARKET_DATA,REAL
2026-03-22T21:30:38.085481,KXHIGHMIA-26MAR22-B81.5 (Market),0.99,MARKET_DATA,REAL
2026-03-22T21:30:38.086559,KXHIGHMIA (F),71.6,MARKET_DATA,REAL
2026-03-22T21:30:41.859022,BTC-USD (Coinbase),68247.91,MARKET_DATA,REAL
2026-03-22T21:30:42.025171,KXBTC15M-26MAR222245-45 (15m),0.55,MARKET_DATA,REAL
2026-03-22T21:30:44.847158,KXBTCD-26MAR2223-T68199.99 (1h),0.53,MARKET_DATA,REAL
2026-03-22T21:30:44.929361,KXBTCD-26MAR2223-T67999.99 (1h),0.84,MARKET_DATA,REAL
2026-03-22T21:30:45.013640,KXBTCD-26MAR2223-T68399.99 (1h),0.24,MARKET_DATA,REAL
2026-03-22T21:30:48.532316,KXHIGHNY-26MAR22-B62.5 (Market),0.99,MARKET_DATA,REAL
2026-03-22T21:30:48.533353,KXHIGHNY (F),51.98,MARKET_DATA,REAL
2026-03-22T21:30:51.927895,KXHIGHLAX-26MAR22-T75 (Market),0.99,MARKET_DATA,REAL
2026-03-22T21:30:51.928869,KXHIGHLAX (F),60.8,MARKET_DATA,REAL
2026-03-22T21:30:55.187359,KXHIGHCHI-26MAR22-T65 (Market),0.99,MARKET_DATA,REAL
2026-03-22T21:30:55.188627,KXHIGHCHI (F),33.8,MARKET_DATA,REAL
2026-03-22T21:30:58.387214,KXHIGHMIA-26MAR22-B81.5 (Market),0.99,MARKET_DATA,REAL
2026-03-22T21:30:58.388614,KXHIGHMIA (F),71.6,MARKET_DATA,REAL
2026-03-22T21:31:02.125669,BTC-USD (Coinbase),68248.01,MARKET_DATA,REAL
2026-03-22T21:31:02.214620,KXBTC15M-26MAR222245-45 (15m),0.55,MARKET_DATA,REAL
2026-03-22T21:31:05.134080,KXBTCD-26MAR2223-T68199.99 (1h),0.45,MARKET_DATA,REAL
2026-03-22T21:31:05.219302,KXBTCD-26MAR2223-T67999.99 (1h),0.81,MARKET_DATA,REAL
2026-03-22T21:31:05.300340,KXBTCD-26MAR2223-T68399.99 (1h),0.24,MARKET_DATA,REAL
2026-03-22T21:31:07.728534,KXHIGHNY-26MAR22-B62.5 (Market),0.99,MARKET_DATA,REAL
2026-03-22T21:31:07.730033,KXHIGHNY (F),51.98,MARKET_DATA,REAL
2026-03-22T21:31:10.913117,KXHIGHLAX-26MAR22-T75 (Market),0.99,MARKET_DATA,REAL
2026-03-22T21:31:10.913986,KXHIGHLAX (F),60.8,MARKET_DATA,REAL
2026-03-22T21:31:14.250407,KXHIGHCHI-26MAR22-T65 (Market),0.99,MARKET_DATA,REAL
2026-03-22T21:31:14.251080,KXHIGHCHI (F),33.8,MARKET_DATA,REAL
2026-03-22T21:31:17.385303,KXHIGHMIA-26MAR22-B81.5 (Market),0.99,MARKET_DATA,REAL
2026-03-22T21:31:17.386040,KXHIGHMIA (F),71.6,MARKET_DATA,REAL
2026-03-22T21:31:21.144262,BTC-USD (Coinbase),68206.96,MARKET_DATA,REAL
2026-03-22T21:31:21.229481,KXBTC15M-26MAR222245-45 (15m),0.46,MARKET_DATA,REAL
2026-03-22T21:31:23.835469,KXBTCD-26MAR2223-T68199.99 (1h),0.5,MARKET_DATA,REAL
2026-03-22T21:31:23.928277,KXBTCD-26MAR2223-T67999.99 (1h),0.81,MARKET_DATA,REAL
2026-03-22T21:31:24.011631,KXBTCD-26MAR2223-T68399.99 (1h),0.18,MARKET_DATA,REAL
2026-03-22T21:31:26.147604,KXHIGHNY-26MAR22-B62.5 (Market),0.99,MARKET_DATA,REAL
2026-03-22T21:31:26.149392,KXHIGHNY (F),51.98,MARKET_DATA,REAL
2026-03-22T21:31:29.327998,KXHIGHLAX-26MAR22-T75 (Market),0.99,MARKET_DATA,REAL
2026-03-22T21:31:29.328864,KXHIGHLAX (F),60.8,MARKET_DATA,REAL
2026-03-22T21:31:32.379865,KXHIGHCHI-26MAR22-T65 (Market),0.99,MARKET_DATA,REAL
2026-03-22T21:31:32.381433,KXHIGHCHI (F),33.8,MARKET_DATA,REAL
2026-03-22T21:31:35.389594,KXHIGHMIA-26MAR22-B81.5 (Market),0.99,MARKET_DATA,REAL
2026-03-22T21:31:35.391441,KXHIGHMIA (F),71.6,MARKET_DATA,REAL
2026-03-22T21:31:39.086273,BTC-USD (Coinbase),68211.04,MARKET_DATA,REAL
2026-03-22T21:31:39.169795,KXBTC15M-26MAR222245-45 (15m),0.47,MARKET_DATA,REAL
2026-03-22T21:31:41.832859,KXBTCD-26MAR2223-T68199.99 (1h),0.47,MARKET_DATA,REAL
2026-03-22T21:31:41.913973,KXBTCD-26MAR2223-T67999.99 (1h),0.81,MARKET_DATA,REAL
2026-03-22T21:31:41.995097,KXBTCD-26MAR2223-T68399.99 (1h),0.19,MARKET_DATA,REAL
2026-03-22T21:31:42.075805,KXBTCD-26MAR2223-T68199.99,0.49,SIGNAL_BUY,EXECUTED
2026-03-22T21:31:44.233623,KXHIGHNY-26MAR22-B62.5 (Market),0.99,MARKET_DATA,REAL
2026-03-22T21:31:44.234595,KXHIGHNY (F),51.98,MARKET_DATA,REAL
2026-03-22T21:31:48.342643,KXHIGHLAX-26MAR22-T75 (Market),0.99,MARKET_DATA,REAL
2026-03-22T21:31:48.344243,KXHIGHLAX (F),60.8,MARKET_DATA,REAL
2026-03-22T21:31:52.624015,KXHIGHCHI-26MAR22-T65 (Market),0.99,MARKET_DATA,REAL
2026-03-22T21:31:52.625239,KXHIGHCHI (F),33.8,MARKET_DATA,REAL
2026-03-22T21:31:56.970550,KXHIGHMIA-26MAR22-B81.5 (Market),0.99,MARKET_DATA,REAL
2026-03-22T21:31:56.971840,KXHIGHMIA (F),71.6,MARKET_DATA,REAL
2026-03-22T21:32:00.766142,BTC-USD (Coinbase),68196.0,MARKET_DATA,REAL
2026-03-22T21:32:00.984151,KXBTC15M-26MAR222245-45 (15m),0.45,MARKET_DATA,REAL
2026-03-22T21:32:03.593769,KXBTCD-26MAR2223-T68199.99 (1h),0.43,MARKET_DATA,REAL
2026-03-22T21:32:03.678534,KXBTCD-26MAR2223-T67999.99 (1h),0.79,MARKET_DATA,REAL
2026-03-22T21:32:03.762526,KXBTCD-26MAR2223-T68399.99 (1h),0.17,MARKET_DATA,REAL
2026-03-22T21:32:07.119964,KXHIGHNY-26MAR22-B62.5 (Market),0.99,MARKET_DATA,REAL
2026-03-22T21:32:07.120991,KXHIGHNY (F),51.98,MARKET_DATA,REAL
2026-03-22T21:32:10.305538,KXHIGHLAX-26MAR22-T75 (Market),0.99,MARKET_DATA,REAL
2026-03-22T21:32:10.306288,KXHIGHLAX (F),60.8,MARKET_DATA,REAL
2026-03-22T21:32:13.440189,KXHIGHCHI-26MAR22-T65 (Market),0.99,MARKET_DATA,REAL
2026-03-22T21:32:13.441597,KXHIGHCHI (F),33.8,MARKET_DATA,REAL
2026-03-22T21:32:16.626029,KXHIGHMIA-26MAR22-B81.5 (Market),0.99,MARKET_DATA,REAL
2026-03-22T21:32:16.626995,KXHIGHMIA (F),71.6,MARKET_DATA,REAL
2026-03-22T21:32:20.395081,BTC-USD (Coinbase),68257.97,MARKET_DATA,REAL
2026-03-22T21:32:20.474472,KXBTC15M-26MAR222245-45 (15m),0.51,MARKET_DATA,REAL
2026-03-22T21:32:23.208679,KXBTCD-26MAR2223-T68299.99 (1h),0.35,MARKET_DATA,REAL
2026-03-22T21:32:23.335936,KXBTCD-26MAR2223-T68099.99 (1h),0.75,MARKET_DATA,REAL
2026-03-22T21:32:23.419317,KXBTCD-26MAR2223-T68499.99 (1h),0.13,MARKET_DATA,REAL
2026-03-22T21:32:25.914287,KXHIGHNY-26MAR22-B62.5 (Market),0.99,MARKET_DATA,REAL
2026-03-22T21:32:25.916309,KXHIGHNY (F),51.98,MARKET_DATA,REAL
2026-03-22T21:32:28.876676,KXHIGHLAX-26MAR22-T75 (Market),0.99,MARKET_DATA,REAL
2026-03-22T21:32:28.877578,KXHIGHLAX (F),60.8,MARKET_DATA,REAL
2026-03-22T21:32:32.000608,KXHIGHCHI-26MAR22-T65 (Market),0.99,MARKET_DATA,REAL
2026-03-22T21:32:32.001276,KXHIGHCHI (F),33.8,MARKET_DATA,REAL
2026-03-22T21:32:35.121683,KXHIGHMIA-26MAR22-B81.5 (Market),0.99,MARKET_DATA,REAL
2026-03-22T21:32:35.122999,KXHIGHMIA (F),71.6,MARKET_DATA,REAL
2026-03-22T21:32:39.042188,BTC-USD (Coinbase),68269.95,MARKET_DATA,REAL
2026-03-22T21:32:39.134112,KXBTC15M-26MAR222245-45 (15m),0.57,MARKET_DATA,REAL
2026-03-22T21:32:41.786486,KXBTCD-26MAR2223-T68299.99 (1h),0.39,MARKET_DATA,REAL
2026-03-22T21:32:41.876989,KXBTCD-26MAR2223-T68099.99 (1h),0.76,MARKET_DATA,REAL
2026-03-22T21:32:41.976969,KXBTCD-26MAR2223-T68499.99 (1h),0.11,MARKET_DATA,REAL
2026-03-22T21:32:44.190403,KXHIGHNY-26MAR22-B62.5 (Market),0.99,MARKET_DATA,REAL
2026-03-22T21:32:44.191989,KXHIGHNY (F),51.98,MARKET_DATA,REAL
2026-03-22T21:32:47.353100,KXHIGHLAX-26MAR22-T75 (Market),0.99,MARKET_DATA,REAL
2026-03-22T21:32:47.354717,KXHIGHLAX (F),60.8,MARKET_DATA,REAL
2026-03-22T21:32:50.541108,KXHIGHCHI-26MAR22-T65 (Market),0.99,MARKET_DATA,REAL
2026-03-22T21:32:50.542037,KXHIGHCHI (F),33.8,MARKET_DATA,REAL
2026-03-22T21:32:53.855890,KXHIGHMIA-26MAR22-B81.5 (Market),0.99,MARKET_DATA,REAL
2026-03-22T21:32:53.856764,KXHIGHMIA (F),71.6,MARKET_DATA,REAL
2026-03-22T21:32:57.552904,BTC-USD (Coinbase),68244.76,MARKET_DATA,REAL
2026-03-22T21:32:57.659348,KXBTC15M-26MAR222245-45 (15m),0.57,MARKET_DATA,REAL
2026-03-22T21:33:00.390618,KXBTCD-26MAR2223-T68199.99 (1h),0.54,MARKET_DATA,REAL
2026-03-22T21:33:00.474516,KXBTCD-26MAR2223-T67999.99 (1h),0.84,MARKET_DATA,REAL
2026-03-22T21:33:00.558164,KXBTCD-26MAR2223-T68399.99 (1h),0.22,MARKET_DATA,REAL
2026-03-22T21:33:02.860591,KXHIGHNY-26MAR22-B62.5 (Market),0.99,MARKET_DATA,REAL
2026-03-22T21:33:02.861359,KXHIGHNY (F),51.98,MARKET_DATA,REAL
2026-03-22T21:33:07.311740,KXHIGHLAX-26MAR22-T75 (Market),0.99,MARKET_DATA,REAL
2026-03-22T21:33:07.312627,KXHIGHLAX (F),60.8,MARKET_DATA,REAL
2026-03-22T21:33:11.693723,KXHIGHCHI-26MAR22-T65 (Market),0.99,MARKET_DATA,REAL
2026-03-22T21:33:11.694785,KXHIGHCHI (F),33.8,MARKET_DATA,REAL
2026-03-22T21:33:15.402560,KXHIGHMIA-26MAR22-B81.5 (Market),0.99,MARKET_DATA,REAL
2026-03-22T21:33:15.403377,KXHIGHMIA (F),71.6,MARKET_DATA,REAL
2026-03-22T21:33:19.278349,BTC-USD (Coinbase),68241.09,MARKET_DATA,REAL
2026-03-22T21:33:19.429536,KXBTC15M-26MAR222245-45 (15m),0.56,MARKET_DATA,REAL
2026-03-22T21:33:21.876889,KXBTCD-26MAR2223-T68199.99 (1h),0.55,MARKET_DATA,REAL
2026-03-22T21:33:21.960620,KXBTCD-26MAR2223-T67999.99 (1h),0.87,MARKET_DATA,REAL
2026-03-22T21:33:22.047170,KXBTCD-26MAR2223-T68399.99 (1h),0.2,MARKET_DATA,REAL
2026-03-22T21:33:25.593157,KXHIGHNY-26MAR22-B62.5 (Market),0.99,MARKET_DATA,REAL
2026-03-22T21:33:25.594033,KXHIGHNY (F),51.98,MARKET_DATA,REAL
2026-03-22T21:33:28.885320,KXHIGHLAX-26MAR22-T75 (Market),0.99,MARKET_DATA,REAL
2026-03-22T21:33:28.886090,KXHIGHLAX (F),60.8,MARKET_DATA,REAL
2026-03-22T21:33:32.259838,KXHIGHCHI-26MAR22-T65 (Market),0.99,MARKET_DATA,REAL
2026-03-22T21:33:32.260833,KXHIGHCHI (F),33.8,MARKET_DATA,REAL
2026-03-22T21:33:35.727766,KXHIGHMIA-26MAR22-B81.5 (Market),0.99,MARKET_DATA,REAL
2026-03-22T21:33:35.728523,KXHIGHMIA (F),71.6,MARKET_DATA,REAL
2026-03-22T21:33:39.497992,BTC-USD (Coinbase),68235.91,MARKET_DATA,REAL
2026-03-22T21:33:39.594551,KXBTC15M-26MAR222245-45 (15m),0.54,MARKET_DATA,REAL
2026-03-22T21:33:42.350905,KXBTCD-26MAR2223-T68199.99 (1h),0.54,MARKET_DATA,REAL
2026-03-22T21:33:42.475339,KXBTCD-26MAR2223-T67999.99 (1h),0.87,MARKET_DATA,REAL
2026-03-22T21:33:42.558265,KXBTCD-26MAR2223-T68399.99 (1h),0.2,MARKET_DATA,REAL
2026-03-22T21:33:45.018372,KXHIGHNY-26MAR22-B62.5 (Market),0.99,MARKET_DATA,REAL
2026-03-22T21:33:45.019258,KXHIGHNY (F),51.98,MARKET_DATA,REAL
2026-03-22T21:33:48.529696,KXHIGHLAX-26MAR22-T75 (Market),0.99,MARKET_DATA,REAL
2026-03-22T21:33:48.530432,KXHIGHLAX (F),60.8,MARKET_DATA,REAL
2026-03-22T21:33:51.786937,KXHIGHCHI-26MAR22-T65 (Market),0.99,MARKET_DATA,REAL
2026-03-22T21:33:51.787746,KXHIGHCHI (F),33.8,MARKET_DATA,REAL
2026-03-22T21:33:55.117067,KXHIGHMIA-26MAR22-B81.5 (Market),0.99,MARKET_DATA,REAL
2026-03-22T21:33:55.117826,KXHIGHMIA (F),71.6,MARKET_DATA,REAL
2026-03-22T21:33:58.858917,BTC-USD (Coinbase),68221.78,MARKET_DATA,REAL
2026-03-22T21:33:58.948979,KXBTC15M-26MAR222245-45 (15m),0.48,MARKET_DATA,REAL
2026-03-22T21:34:01.847299,KXBTCD-26MAR2223-T68199.99 (1h),0.51,MARKET_DATA,REAL
2026-03-22T21:34:01.933577,KXBTCD-26MAR2223-T67999.99 (1h),0.86,MARKET_DATA,REAL
2026-03-22T21:34:02.145776,KXBTCD-26MAR2223-T68399.99 (1h),0.17,MARKET_DATA,REAL
2026-03-22T21:34:04.988048,KXHIGHNY-26MAR22-B62.5 (Market),0.99,MARKET_DATA,REAL
2026-03-22T21:34:04.989267,KXHIGHNY (F),51.98,MARKET_DATA,REAL
2026-03-22T21:34:09.397367,KXHIGHLAX-26MAR22-T75 (Market),0.99,MARKET_DATA,REAL
2026-03-22T21:34:09.398711,KXHIGHLAX (F),60.8,MARKET_DATA,REAL
2026-03-22T21:34:13.174495,KXHIGHCHI-26MAR22-T65 (Market),0.99,MARKET_DATA,REAL
2026-03-22T21:34:13.175281,KXHIGHCHI (F),33.8,MARKET_DATA,REAL
2026-03-22T21:34:17.632433,KXHIGHMIA-26MAR22-B81.5 (Market),0.99,MARKET_DATA,REAL
2026-03-22T21:34:17.633019,KXHIGHMIA (F),71.6,MARKET_DATA,REAL
2026-03-22T21:34:21.311375,BTC-USD (Coinbase),68232.0,MARKET_DATA,REAL
2026-03-22T21:34:21.470828,KXBTC15M-26MAR222245-45 (15m),0.52,MARKET_DATA,REAL
2026-03-22T21:34:24.316025,KXBTCD-26MAR2223-T68199.99 (1h),0.54,MARKET_DATA,REAL
2026-03-22T21:34:24.399717,KXBTCD-26MAR2223-T67999.99 (1h),0.87,MARKET_DATA,REAL
2026-03-22T21:34:24.490665,KXBTCD-26MAR2223-T68399.99 (1h),0.19,MARKET_DATA,REAL
2026-03-22T21:34:27.963979,KXHIGHNY-26MAR22-B62.5 (Market),0.99,MARKET_DATA,REAL
2026-03-22T21:34:27.965454,KXHIGHNY (F),51.98,MARKET_DATA,REAL
2026-03-22T21:34:31.242927,KXHIGHLAX-26MAR22-T75 (Market),0.99,MARKET_DATA,REAL
2026-03-22T21:34:31.243993,KXHIGHLAX (F),60.8,MARKET_DATA,REAL
2026-03-22T21:34:34.367327,KXHIGHCHI-26MAR22-T65 (Market),0.99,MARKET_DATA,REAL
2026-03-22T21:34:34.368935,KXHIGHCHI (F),33.8,MARKET_DATA,REAL
2026-03-22T21:34:37.499903,KXHIGHMIA-26MAR22-B81.5 (Market),0.99,MARKET_DATA,REAL
2026-03-22T21:34:37.501372,KXHIGHMIA (F),71.6,MARKET_DATA,REAL
2026-03-22T21:34:41.163407,BTC-USD (Coinbase),68240.68,MARKET_DATA,REAL
2026-03-22T21:34:41.250743,KXBTC15M-26MAR222245-45 (15m),0.55,MARKET_DATA,REAL
2026-03-22T21:34:43.863385,KXBTCD-26MAR2223-T68199.99 (1h),0.54,MARKET_DATA,REAL
2026-03-22T21:34:43.945821,KXBTCD-26MAR2223-T67999.99 (1h),0.88,MARKET_DATA,REAL
2026-03-22T21:34:44.027094,KXBTCD-26MAR2223-T68399.99 (1h),0.18,MARKET_DATA,REAL
2026-03-22T21:34:44.125514,KXBTCD-26MAR2223-T68199.99,0.56,SIGNAL_BUY,EXECUTED
2026-03-22T21:34:46.213770,KXHIGHNY-26MAR22-B62.5 (Market),0.99,MARKET_DATA,REAL
2026-03-22T21:34:46.215252,KXHIGHNY (F),51.98,MARKET_DATA,REAL
2026-03-22T21:34:49.429622,KXHIGHLAX-26MAR22-T75 (Market),0.99,MARKET_DATA,REAL
2026-03-22T21:34:49.430680,KXHIGHLAX (F),60.8,MARKET_DATA,REAL
2026-03-22T21:34:52.638132,KXHIGHCHI-26MAR22-T65 (Market),0.99,MARKET_DATA,REAL
2026-03-22T21:34:52.639116,KXHIGHCHI (F),33.8,MARKET_DATA,REAL
2026-03-22T21:34:55.242935,KXHIGHMIA-26MAR22-B81.5 (Market),0.99,MARKET_DATA,REAL
2026-03-22T21:34:55.243320,KXHIGHMIA (F),71.6,MARKET_DATA,REAL
2026-03-22T21:34:59.077562,BTC-USD (Coinbase),68249.04,MARKET_DATA,REAL
2026-03-22T21:34:59.161825,KXBTC15M-26MAR222245-45 (15m),0.53,MARKET_DATA,REAL
2026-03-22T21:35:01.852677,KXBTCD-26MAR2223-T68299.99 (1h),0.37,MARKET_DATA,REAL
2026-03-22T21:35:01.934851,KXBTCD-26MAR2223-T68099.99 (1h),0.75,MARKET_DATA,REAL
2026-03-22T21:35:02.047733,KXBTCD-26MAR2223-T68499.99 (1h),0.09,MARKET_DATA,REAL
2026-03-22T21:35:04.206895,KXHIGHNY-26MAR22-B62.5 (Market),0.99,MARKET_DATA,REAL
2026-03-22T21:35:04.207612,KXHIGHNY (F),51.98,MARKET_DATA,REAL
2026-03-22T21:35:07.362384,KXHIGHLAX-26MAR22-T75 (Market),0.99,MARKET_DATA,REAL
2026-03-22T21:35:07.364116,KXHIGHLAX (F),60.8,MARKET_DATA,REAL
2026-03-22T21:35:10.555484,KXHIGHCHI-26MAR22-T65 (Market),0.99,MARKET_DATA,REAL
2026-03-22T21:35:10.556829,KXHIGHCHI (F),33.8,MARKET_DATA,REAL
2026-03-22T21:35:13.901511,KXHIGHMIA-26MAR22-B81.5 (Market),0.99,MARKET_DATA,REAL
2026-03-22T21:35:13.902206,KXHIGHMIA (F),71.6,MARKET_DATA,REAL
2026-03-22T21:35:17.705767,BTC-USD (Coinbase),68257.38,MARKET_DATA,REAL
2026-03-22T21:35:17.790720,KXBTC15M-26MAR222245-45 (15m),0.61,MARKET_DATA,REAL
2026-03-22T21:35:20.478534,KXBTCD-26MAR2223-T68299.99 (1h),0.39,MARKET_DATA,REAL
2026-03-22T21:35:20.586509,KXBTCD-26MAR2223-T68099.99 (1h),0.78,MARKET_DATA,REAL
2026-03-22T21:35:20.673150,KXBTCD-26MAR2223-T68499.99 (1h),0.12,MARKET_DATA,REAL
2026-03-22T21:35:22.908139,KXHIGHNY-26MAR22-B62.5 (Market),0.99,MARKET_DATA,REAL
2026-03-22T21:35:22.909960,KXHIGHNY (F),51.98,MARKET_DATA,REAL
2026-03-22T21:35:27.307065,KXHIGHLAX-26MAR22-T75 (Market),0.99,MARKET_DATA,REAL
2026-03-22T21:35:27.309203,KXHIGHLAX (F),60.8,MARKET_DATA,REAL
2026-03-22T21:35:31.599645,KXHIGHCHI-26MAR22-T65 (Market),0.99,MARKET_DATA,REAL
2026-03-22T21:35:31.600734,KXHIGHCHI (F),33.8,MARKET_DATA,REAL
2026-03-22T21:35:35.928232,KXHIGHMIA-26MAR22-B81.5 (Market),0.99,MARKET_DATA,REAL
2026-03-22T21:35:35.928963,KXHIGHMIA (F),71.6,MARKET_DATA,REAL
2026-03-22T21:35:39.730270,BTC-USD (Coinbase),68245.19,MARKET_DATA,REAL
2026-03-22T21:35:39.915591,KXBTC15M-26MAR222245-45 (15m),0.57,MARKET_DATA,REAL
2026-03-22T21:35:42.800969,KXBTCD-26MAR2223-T68199.99 (1h),0.55,MARKET_DATA,REAL
2026-03-22T21:35:42.884876,KXBTCD-26MAR2223-T67999.99 (1h),0.88,MARKET_DATA,REAL
2026-03-22T21:35:42.967203,KXBTCD-26MAR2223-T68399.99 (1h),0.2,MARKET_DATA,REAL
2026-03-22T21:35:46.359610,KXHIGHNY-26MAR22-B62.5 (Market),0.99,MARKET_DATA,REAL
2026-03-22T21:35:46.360986,KXHIGHNY (F),51.98,MARKET_DATA,REAL
2026-03-22T21:35:49.465560,KXHIGHLAX-26MAR22-T75 (Market),0.99,MARKET_DATA,REAL
2026-03-22T21:35:49.466661,KXHIGHLAX (F),60.8,MARKET_DATA,REAL
2026-03-22T21:35:52.960981,KXHIGHCHI-26MAR22-T65 (Market),0.99,MARKET_DATA,REAL
2026-03-22T21:35:52.961674,KXHIGHCHI (F),33.8,MARKET_DATA,REAL
2026-03-22T21:35:56.130886,KXHIGHMIA-26MAR22-B81.5 (Market),0.99,MARKET_DATA,REAL
2026-03-22T21:35:56.132608,KXHIGHMIA (F),71.6,MARKET_DATA,REAL
2026-03-22T21:35:59.917162,BTC-USD (Coinbase),68229.01,MARKET_DATA,REAL
2026-03-22T21:36:00.021853,KXBTC15M-26MAR222245-45 (15m),0.52,MARKET_DATA,REAL
2026-03-22T21:36:02.668684,KXBTCD-26MAR2223-T68199.99 (1h),0.53,MARKET_DATA,REAL
2026-03-22T21:36:02.752347,KXBTCD-26MAR2223-T67999.99 (1h),0.89,MARKET_DATA,REAL
2026-03-22T21:36:02.832878,KXBTCD-26MAR2223-T68399.99 (1h),0.17,MARKET_DATA,REAL
2026-03-22T21:36:05.012163,KXHIGHNY-26MAR22-B62.5 (Market),0.99,MARKET_DATA,REAL
2026-03-22T21:36:05.012883,KXHIGHNY (F),51.98,MARKET_DATA,REAL
2026-03-22T21:36:08.069517,KXHIGHLAX-26MAR22-T75 (Market),0.99,MARKET_DATA,REAL
2026-03-22T21:36:08.071280,KXHIGHLAX (F),60.8,MARKET_DATA,REAL
2026-03-22T21:36:10.919006,KXHIGHCHI-26MAR22-T65 (Market),0.99,MARKET_DATA,REAL
2026-03-22T21:36:10.919869,KXHIGHCHI (F),33.8,MARKET_DATA,REAL
2026-03-22T21:36:14.080237,KXHIGHMIA-26MAR22-B81.5 (Market),0.99,MARKET_DATA,REAL
2026-03-22T21:36:14.080904,KXHIGHMIA (F),71.6,MARKET_DATA,REAL
2026-03-22T21:36:17.921996,BTC-USD (Coinbase),68272.11,MARKET_DATA,REAL
2026-03-22T21:36:18.008613,KXBTC15M-26MAR222245-45 (15m),0.6,MARKET_DATA,REAL
2026-03-22T21:36:20.658137,KXBTCD-26MAR2223-T68299.99 (1h),0.38,MARKET_DATA,REAL
2026-03-22T21:36:20.746522,KXBTCD-26MAR2223-T68099.99 (1h),0.77,MARKET_DATA,REAL
2026-03-22T21:36:20.835775,KXBTCD-26MAR2223-T68499.99 (1h),0.1,MARKET_DATA,REAL
2026-03-22T21:36:23.119452,KXHIGHNY-26MAR22-B62.5 (Market),0.99,MARKET_DATA,REAL
2026-03-22T21:36:23.120195,KXHIGHNY (F),51.98,MARKET_DATA,REAL
2026-03-22T21:36:26.282558,KXHIGHLAX-26MAR22-T75 (Market),0.99,MARKET_DATA,REAL
2026-03-22T21:36:26.283834,KXHIGHLAX (F),60.8,MARKET_DATA,REAL
2026-03-22T21:36:29.504084,KXHIGHCHI-26MAR22-T65 (Market),0.99,MARKET_DATA,REAL
2026-03-22T21:36:29.504948,KXHIGHCHI (F),33.8,MARKET_DATA,REAL
2026-03-22T21:36:32.762333,KXHIGHMIA-26MAR22-B81.5 (Market),0.99,MARKET_DATA,REAL
2026-03-22T21:36:32.763753,KXHIGHMIA (F),71.6,MARKET_DATA,REAL
2026-03-22T21:36:36.507834,BTC-USD (Coinbase),68287.21,MARKET_DATA,REAL
2026-03-22T21:36:36.590314,KXBTC15M-26MAR222245-45 (15m),0.7,MARKET_DATA,REAL
2026-03-22T21:36:39.139258,KXBTCD-26MAR2223-T68299.99 (1h),0.43,MARKET_DATA,REAL
2026-03-22T21:36:39.225607,KXBTCD-26MAR2223-T68099.99 (1h),0.8,MARKET_DATA,REAL
2026-03-22T21:36:39.310378,KXBTCD-26MAR2223-T68499.99 (1h),0.1,MARKET_DATA,REAL
2026-03-22T21:36:40.953984,KXHIGHNY-26MAR22-B62.5 (Market),0.99,MARKET_DATA,REAL
2026-03-22T21:36:40.954741,KXHIGHNY (F),51.98,MARKET_DATA,REAL
2026-03-22T21:36:45.272154,KXHIGHLAX-26MAR22-T75 (Market),0.99,MARKET_DATA,REAL
2026-03-22T21:36:45.274023,KXHIGHLAX (F),60.8,MARKET_DATA,REAL
2026-03-22T21:36:49.504391,KXHIGHCHI-26MAR22-T65 (Market),0.99,MARKET_DATA,REAL
2026-03-22T21:36:49.505704,KXHIGHCHI (F),33.8,MARKET_DATA,REAL
2026-03-22T21:36:53.750589,KXHIGHMIA-26MAR22-B81.5 (Market),0.99,MARKET_DATA,REAL
2026-03-22T21:36:53.751769,KXHIGHMIA (F),71.6,MARKET_DATA,REAL
2026-03-22T21:36:57.454302,BTC-USD (Coinbase),68278.66,MARKET_DATA,REAL
2026-03-22T21:36:57.615396,KXBTC15M-26MAR222245-45 (15m),0.68,MARKET_DATA,REAL
2026-03-22T21:37:00.278982,KXBTCD-26MAR2223-T68299.99 (1h),0.43,MARKET_DATA,REAL
2026-03-22T21:37:00.361656,KXBTCD-26MAR2223-T68099.99 (1h),0.84,MARKET_DATA,REAL
2026-03-22T21:37:00.440034,KXBTCD-26MAR2223-T68499.99 (1h),0.11,MARKET_DATA,REAL
2026-03-22T21:37:03.577315,KXHIGHNY-26MAR22-B62.5 (Market),0.99,MARKET_DATA,REAL
2026-03-22T21:37:03.578364,KXHIGHNY (F),51.98,MARKET_DATA,REAL
2026-03-22T21:37:06.650504,KXHIGHLAX-26MAR22-T75 (Market),0.99,MARKET_DATA,REAL
2026-03-22T21:37:06.652491,KXHIGHLAX (F),60.8,MARKET_DATA,REAL
2026-03-22T21:37:09.699463,KXHIGHCHI-26MAR22-T65 (Market),0.99,MARKET_DATA,REAL
2026-03-22T21:37:09.700415,KXHIGHCHI (F),33.8,MARKET_DATA,REAL
2026-03-22T21:37:12.504373,KXHIGHMIA-26MAR22-B81.5 (Market),0.99,MARKET_DATA,REAL
2026-03-22T21:37:12.505579,KXHIGHMIA (F),71.6,MARKET_DATA,REAL
2026-03-22T21:37:16.177904,BTC-USD (Coinbase),68253.75,MARKET_DATA,REAL
2026-03-22T21:37:16.263964,KXBTC15M-26MAR222245-45 (15m),0.63,MARKET_DATA,REAL
2026-03-22T21:37:18.851446,KXBTCD-26MAR2223-T68299.99 (1h),0.37,MARKET_DATA,REAL
2026-03-22T21:37:18.935709,KXBTCD-26MAR2223-T68099.99 (1h),0.81,MARKET_DATA,REAL
2026-03-22T21:37:19.019781,KXBTCD-26MAR2223-T68499.99 (1h),0.1,MARKET_DATA,REAL
2026-03-22T21:37:21.170229,KXHIGHNY-26MAR22-B62.5 (Market),0.99,MARKET_DATA,REAL
2026-03-22T21:37:21.171570,KXHIGHNY (F),51.98,MARKET_DATA,REAL
2026-03-22T21:37:24.252083,KXHIGHLAX-26MAR22-T75 (Market),0.99,MARKET_DATA,REAL
2026-03-22T21:37:24.253394,KXHIGHLAX (F),60.8,MARKET_DATA,REAL
2026-03-22T21:37:27.337000,KXHIGHCHI-26MAR22-T65 (Market),0.99,MARKET_DATA,REAL
2026-03-22T21:37:27.338484,KXHIGHCHI (F),33.8,MARKET_DATA,REAL
2026-03-22T21:37:30.590281,KXHIGHMIA-26MAR22-B81.5 (Market),0.99,MARKET_DATA,REAL
2026-03-22T21:37:30.591492,KXHIGHMIA (F),71.6,MARKET_DATA,REAL
2026-03-22T21:37:34.318602,BTC-USD (Coinbase),68266.91,MARKET_DATA,REAL
2026-03-22T21:37:34.400442,KXBTC15M-26MAR222245-45 (15m),0.64,MARKET_DATA,REAL
2026-03-22T21:37:37.033920,KXBTCD-26MAR2223-T68299.99 (1h),0.38,MARKET_DATA,REAL
2026-03-22T21:37:37.121467,KXBTCD-26MAR2223-T68099.99 (1h),0.82,MARKET_DATA,REAL
2026-03-22T21:37:37.208048,KXBTCD-26MAR2223-T68499.99 (1h),0.1,MARKET_DATA,REAL
2026-03-22T21:37:39.557690,KXHIGHNY-26MAR22-B62.5 (Market),0.99,MARKET_DATA,REAL
2026-03-22T21:37:39.558969,KXHIGHNY (F),51.98,MARKET_DATA,REAL
2026-03-22T21:37:42.392825,KXHIGHLAX-26MAR22-T75 (Market),0.99,MARKET_DATA,REAL
2026-03-22T21:37:42.393351,KXHIGHLAX (F),60.8,MARKET_DATA,REAL
2026-03-22T21:37:45.733738,KXHIGHCHI-26MAR22-T65 (Market),0.99,MARKET_DATA,REAL
2026-03-22T21:37:45.734719,KXHIGHCHI (F),33.8,MARKET_DATA,REAL
2026-03-22T21:37:48.944524,KXHIGHMIA-26MAR22-B81.5 (Market),0.99,MARKET_DATA,REAL
2026-03-22T21:37:48.945311,KXHIGHMIA (F),71.6,MARKET_DATA,REAL
2026-03-22T21:37:52.733732,BTC-USD (Coinbase),68244.76,MARKET_DATA,REAL
2026-03-22T21:37:52.819468,KXBTC15M-26MAR222245-45 (15m),0.57,MARKET_DATA,REAL
2026-03-22T21:37:55.658093,KXBTCD-26MAR2223-T68199.99 (1h),0.61,MARKET_DATA,REAL
2026-03-22T21:37:55.744170,KXBTCD-26MAR2223-T67999.99 (1h),0.91,MARKET_DATA,REAL
2026-03-22T21:37:55.829268,KXBTCD-26MAR2223-T68399.99 (1h),0.18,MARKET_DATA,REAL
2026-03-22T21:37:55.918184,KXBTCD-26MAR2223-T68199.99,0.62,SIGNAL_BUY,EXECUTED
2026-03-22T21:37:57.962605,KXHIGHNY-26MAR22-B62.5 (Market),0.99,MARKET_DATA,REAL
2026-03-22T21:37:57.964165,KXHIGHNY (F),51.98,MARKET_DATA,REAL
2026-03-22T21:38:02.555150,KXHIGHLAX-26MAR22-T75 (Market),0.99,MARKET_DATA,REAL
2026-03-22T21:38:02.556666,KXHIGHLAX (F),60.8,MARKET_DATA,REAL
2026-03-22T21:38:06.817041,KXHIGHCHI-26MAR22-T65 (Market),0.99,MARKET_DATA,REAL
2026-03-22T21:38:06.818252,KXHIGHCHI (F),33.8,MARKET_DATA,REAL
2026-03-22T21:38:11.086622,KXHIGHMIA-26MAR22-B81.5 (Market),0.99,MARKET_DATA,REAL
2026-03-22T21:38:11.088104,KXHIGHMIA (F),71.6,MARKET_DATA,REAL
2026-03-22T21:38:14.879368,BTC-USD (Coinbase),68262.19,MARKET_DATA,REAL
2026-03-22T21:38:15.062013,KXBTC15M-26MAR222245-45 (15m),0.65,MARKET_DATA,REAL
2026-03-22T21:38:17.821988,KXBTCD-26MAR2223-T68299.99 (1h),0.37,MARKET_DATA,REAL
2026-03-22T21:38:17.902346,KXBTCD-26MAR2223-T68099.99 (1h),0.81,MARKET_DATA,REAL
2026-03-22T21:38:17.983825,KXBTCD-26MAR2223-T68499.99 (1h),0.09,MARKET_DATA,REAL
2026-03-22T21:38:21.259742,KXHIGHNY-26MAR22-B62.5 (Market),0.99,MARKET_DATA,REAL
2026-03-22T21:38:21.261091,KXHIGHNY (F),51.98,MARKET_DATA,REAL
2026-03-22T21:38:24.504588,KXHIGHLAX-26MAR22-T75 (Market),0.99,MARKET_DATA,REAL
2026-03-22T21:38:24.506075,KXHIGHLAX (F),60.8,MARKET_DATA,REAL
2026-03-22T21:38:27.618651,KXHIGHCHI-26MAR22-T65 (Market),0.99,MARKET_DATA,REAL
2026-03-22T21:38:27.619722,KXHIGHCHI (F),33.8,MARKET_DATA,REAL
2026-03-22T21:38:30.665997,KXHIGHMIA-26MAR22-B81.5 (Market),0.99,MARKET_DATA,REAL
2026-03-22T21:38:30.667078,KXHIGHMIA (F),71.6,MARKET_DATA,REAL
2026-03-22T21:38:34.435695,BTC-USD (Coinbase),68255.36,MARKET_DATA,REAL
2026-03-22T21:38:34.523915,KXBTC15M-26MAR222245-45 (15m),0.62,MARKET_DATA,REAL
2026-03-22T21:38:37.484986,KXBTCD-26MAR2223-T68299.99 (1h),0.34,MARKET_DATA,REAL
2026-03-22T21:38:37.608066,KXBTCD-26MAR2223-T68099.99 (1h),0.81,MARKET_DATA,REAL
2026-03-22T21:38:37.693547,KXBTCD-26MAR2223-T68499.99 (1h),0.08,MARKET_DATA,REAL
2026-03-22T21:38:39.799061,KXHIGHNY-26MAR22-B62.5 (Market),0.99,MARKET_DATA,REAL
2026-03-22T21:38:39.800242,KXHIGHNY (F),51.98,MARKET_DATA,REAL
2026-03-22T21:38:42.862442,KXHIGHLAX-26MAR22-T75 (Market),0.99,MARKET_DATA,REAL
2026-03-22T21:38:42.863903,KXHIGHLAX (F),60.8,MARKET_DATA,REAL
2026-03-22T21:38:45.948718,KXHIGHCHI-26MAR22-T65 (Market),0.99,MARKET_DATA,REAL
2026-03-22T21:38:45.950234,KXHIGHCHI (F),33.8,MARKET_DATA,REAL
2026-03-22T21:38:49.035941,KXHIGHMIA-26MAR22-B81.5 (Market),0.99,MARKET_DATA,REAL
2026-03-22T21:38:49.037321,KXHIGHMIA (F),71.6,MARKET_DATA,REAL
2026-03-22T21:38:52.823982,BTC-USD (Coinbase),68253.31,MARKET_DATA,REAL
2026-03-22T21:38:52.927449,KXBTC15M-26MAR222245-45 (15m),0.61,MARKET_DATA,REAL
2026-03-22T21:38:55.642330,KXBTCD-26MAR2223-T68199.99 (1h),0.58,MARKET_DATA,REAL
2026-03-22T21:38:55.725047,KXBTCD-26MAR2223-T67999.99 (1h),0.91,MARKET_DATA,REAL
2026-03-22T21:38:55.812460,KXBTCD-26MAR2223-T68399.99 (1h),0.15,MARKET_DATA,REAL
2026-03-22T21:38:57.972595,KXHIGHNY-26MAR22-B62.5 (Market),0.99,MARKET_DATA,REAL
2026-03-22T21:38:57.974369,KXHIGHNY (F),51.98,MARKET_DATA,REAL
2026-03-22T21:39:01.035308,KXHIGHLAX-26MAR22-T75 (Market),0.99,MARKET_DATA,REAL
2026-03-22T21:39:01.037059,KXHIGHLAX (F),60.8,MARKET_DATA,REAL
2026-03-22T21:39:04.091815,KXHIGHCHI-26MAR22-T65 (Market),0.99,MARKET_DATA,REAL
2026-03-22T21:39:04.093169,KXHIGHCHI (F),33.8,MARKET_DATA,REAL
2026-03-22T21:39:07.133145,KXHIGHMIA-26MAR22-B81.5 (Market),0.99,MARKET_DATA,REAL
2026-03-22T21:39:07.134578,KXHIGHMIA (F),71.6,MARKET_DATA,REAL
2026-03-22T21:39:10.849800,BTC-USD (Coinbase),68250.94,MARKET_DATA,REAL
2026-03-22T21:39:10.934021,KXBTC15M-26MAR222245-45 (15m),0.6,MARKET_DATA,REAL
2026-03-22T21:39:13.679405,KXBTCD-26MAR2223-T68199.99 (1h),0.58,MARKET_DATA,REAL
2026-03-22T21:39:13.766310,KXBTCD-26MAR2223-T67999.99 (1h),0.93,MARKET_DATA,REAL
2026-03-22T21:39:13.904680,KXBTCD-26MAR2223-T68399.99 (1h),0.15,MARKET_DATA,REAL
2026-03-22T21:39:16.024090,KXHIGHNY-26MAR22-B62.5 (Market),0.99,MARKET_DATA,REAL
2026-03-22T21:39:16.025251,KXHIGHNY (F),51.98,MARKET_DATA,REAL
2026-03-22T21:39:20.304834,KXHIGHLAX-26MAR22-T75 (Market),0.99,MARKET_DATA,REAL
2026-03-22T21:39:20.306744,KXHIGHLAX (F),60.8,MARKET_DATA,REAL
2026-03-22T21:39:24.633349,KXHIGHCHI-26MAR22-T65 (Market),0.99,MARKET_DATA,REAL
2026-03-22T21:39:24.634704,KXHIGHCHI (F),33.8,MARKET_DATA,REAL
2026-03-22T21:39:29.078925,KXHIGHMIA-26MAR22-B81.5 (Market),0.99,MARKET_DATA,REAL
2026-03-22T21:39:29.080428,KXHIGHMIA (F),71.6,MARKET_DATA,REAL
2026-03-22T21:39:32.813809,BTC-USD (Coinbase),68225.86,MARKET_DATA,REAL
2026-03-22T21:39:33.009452,KXBTC15M-26MAR222245-45 (15m),0.52,MARKET_DATA,REAL
2026-03-22T21:39:35.884422,KXBTCD-26MAR2223-T68199.99 (1h),0.51,MARKET_DATA,REAL
2026-03-22T21:39:35.970898,KXBTCD-26MAR2223-T67999.99 (1h),0.92,MARKET_DATA,REAL
2026-03-22T21:39:36.174460,KXBTCD-26MAR2223-T68399.99 (1h),0.12,MARKET_DATA,REAL
2026-03-22T21:39:39.615412,KXHIGHNY-26MAR22-B62.5 (Market),0.99,MARKET_DATA,REAL
2026-03-22T21:39:39.617054,KXHIGHNY (F),51.98,MARKET_DATA,REAL
2026-03-22T21:39:42.704571,KXHIGHLAX-26MAR22-T75 (Market),0.99,MARKET_DATA,REAL
2026-03-22T21:39:42.706300,KXHIGHLAX (F),60.8,MARKET_DATA,REAL
2026-03-22T21:39:45.772487,KXHIGHCHI-26MAR22-T65 (Market),0.99,MARKET_DATA,REAL
2026-03-22T21:39:45.773216,KXHIGHCHI (F),33.8,MARKET_DATA,REAL
2026-03-22T21:39:49.189656,KXHIGHMIA-26MAR22-B81.5 (Market),0.99,MARKET_DATA,REAL
2026-03-22T21:39:49.191114,KXHIGHMIA (F),71.6,MARKET_DATA,REAL
2026-03-22T21:39:52.962650,BTC-USD (Coinbase),68195.85,MARKET_DATA,REAL
2026-03-22T21:39:53.049628,KXBTC15M-26MAR222245-45 (15m),0.37,MARKET_DATA,REAL
2026-03-22T21:39:55.661205,KXBTCD-26MAR2223-T68199.99 (1h),0.45,MARKET_DATA,REAL
2026-03-22T21:39:55.745937,KXBTCD-26MAR2223-T67999.99 (1h),0.88,MARKET_DATA,REAL
2026-03-22T21:39:55.834339,KXBTCD-26MAR2223-T68399.99 (1h),0.1,MARKET_DATA,REAL
2026-03-22T21:39:58.095539,KXHIGHNY-26MAR22-B62.5 (Market),0.99,MARKET_DATA,REAL
2026-03-22T21:39:58.097198,KXHIGHNY (F),51.98,MARKET_DATA,REAL
2026-03-22T21:40:01.438366,KXHIGHLAX-26MAR22-T75 (Market),0.99,MARKET_DATA,REAL
2026-03-22T21:40:01.440466,KXHIGHLAX (F),60.8,MARKET_DATA,REAL
2026-03-22T21:40:04.841510,KXHIGHCHI-26MAR22-T65 (Market),0.99,MARKET_DATA,REAL
2026-03-22T21:40:04.842956,KXHIGHCHI (F),33.8,MARKET_DATA,REAL
2026-03-22T21:40:07.963104,KXHIGHMIA-26MAR22-B81.5 (Market),0.99,MARKET_DATA,REAL
2026-03-22T21:40:07.963843,KXHIGHMIA (F),71.6,MARKET_DATA,REAL
2026-03-22T21:40:11.748671,BTC-USD (Coinbase),68220.32,MARKET_DATA,REAL
2026-03-22T21:40:11.846370,KXBTC15M-26MAR222245-45 (15m),0.44,MARKET_DATA,REAL
2026-03-22T21:40:15.040141,KXBTCD-26MAR2223-T68199.99 (1h),0.49,MARKET_DATA,REAL
2026-03-22T21:40:15.127470,KXBTCD-26MAR2223-T67999.99 (1h),0.92,MARKET_DATA,REAL
2026-03-22T21:40:15.216431,KXBTCD-26MAR2223-T68399.99 (1h),0.11,MARKET_DATA,REAL
2026-03-22T21:40:17.578814,KXHIGHNY-26MAR22-B62.5 (Market),0.99,MARKET_DATA,REAL
2026-03-22T21:40:17.580317,KXHIGHNY (F),51.98,MARKET_DATA,REAL
2026-03-22T21:40:22.058881,KXHIGHLAX-26MAR22-T75 (Market),0.99,MARKET_DATA,REAL
2026-03-22T21:40:22.060196,KXHIGHLAX (F),60.8,MARKET_DATA,REAL
2026-03-22T21:40:26.647986,KXHIGHCHI-26MAR22-T65 (Market),0.99,MARKET_DATA,REAL
2026-03-22T21:40:26.649819,KXHIGHCHI (F),33.8,MARKET_DATA,REAL
2026-03-22T21:40:31.080299,KXHIGHMIA-26MAR22-B81.5 (Market),0.99,MARKET_DATA,REAL
2026-03-22T21:40:31.082106,KXHIGHMIA (F),71.6,MARKET_DATA,REAL
2026-03-22T21:40:34.929433,BTC-USD (Coinbase),68254.96,MARKET_DATA,REAL
2026-03-22T21:40:35.090175,KXBTC15M-26MAR222245-45 (15m),0.6,MARKET_DATA,REAL
2026-03-22T21:40:37.760511,KXBTCD-26MAR2223-T68299.99 (1h),0.33,MARKET_DATA,REAL
2026-03-22T21:40:37.847191,KXBTCD-26MAR2223-T68099.99 (1h),0.8,MARKET_DATA,REAL
2026-03-22T21:40:37.930760,KXBTCD-26MAR2223-T68499.99 (1h),0.07,MARKET_DATA,REAL
2026-03-22T21:40:41.345311,KXHIGHNY-26MAR22-B62.5 (Market),0.99,MARKET_DATA,REAL
2026-03-22T21:40:41.346039,KXHIGHNY (F),51.98,MARKET_DATA,REAL
2026-03-22T21:40:44.523412,KXHIGHLAX-26MAR22-T75 (Market),0.99,MARKET_DATA,REAL
2026-03-22T21:40:44.524164,KXHIGHLAX (F),60.8,MARKET_DATA,REAL
2026-03-22T21:40:47.618927,KXHIGHCHI-26MAR22-T65 (Market),0.99,MARKET_DATA,REAL
2026-03-22T21:40:47.619851,KXHIGHCHI (F),33.8,MARKET_DATA,REAL
2026-03-22T21:40:50.626132,KXHIGHMIA-26MAR22-B81.5 (Market),0.99,MARKET_DATA,REAL
2026-03-22T21:40:50.627566,KXHIGHMIA (F),71.6,MARKET_DATA,REAL
2026-03-22T21:40:54.306900,BTC-USD (Coinbase),68252.28,MARKET_DATA,REAL
2026-03-22T21:40:54.403404,KXBTC15M-26MAR222245-45 (15m),0.67,MARKET_DATA,REAL
2026-03-22T21:40:57.477559,KXBTCD-26MAR2223-T68199.99 (1h),0.57,MARKET_DATA,REAL
2026-03-22T21:40:57.562064,KXBTCD-26MAR2223-T67999.99 (1h),0.93,MARKET_DATA,REAL
2026-03-22T21:40:57.648191,KXBTCD-26MAR2223-T68399.99 (1h),0.14,MARKET_DATA,REAL
2026-03-22T21:40:57.734887,KXBTCD-26MAR2223-T68199.99,0.6,SIGNAL_BUY,EXECUTED
2026-03-22T21:40:59.858290,KXHIGHNY-26MAR22-B62.5 (Market),0.99,MARKET_DATA,REAL
2026-03-22T21:40:59.891122,KXHIGHNY (F),51.98,MARKET_DATA,REAL
2026-03-22T21:41:02.938694,KXHIGHLAX-26MAR22-T75 (Market),0.99,MARKET_DATA,REAL
2026-03-22T21:41:02.940587,KXHIGHLAX (F),60.8,MARKET_DATA,REAL
2026-03-22T21:41:06.044733,KXHIGHCHI-26MAR22-T65 (Market),0.99,MARKET_DATA,REAL
2026-03-22T21:41:06.046246,KXHIGHCHI (F),33.8,MARKET_DATA,REAL
2026-03-22T21:41:09.101449,KXHIGHMIA-26MAR22-B81.5 (Market),0.99,MARKET_DATA,REAL
2026-03-22T21:41:09.102771,KXHIGHMIA (F),71.6,MARKET_DATA,REAL
2026-03-22T21:41:12.875132,BTC-USD (Coinbase),68251.73,MARKET_DATA,REAL
2026-03-22T21:41:12.955140,KXBTC15M-26MAR222245-45 (15m),0.65,MARKET_DATA,REAL
2026-03-22T21:41:15.593814,KXBTCD-26MAR2223-T68199.99 (1h),0.59,MARKET_DATA,REAL
2026-03-22T21:41:15.677051,KXBTCD-26MAR2223-T67999.99 (1h),0.93,MARKET_DATA,REAL
2026-03-22T21:41:15.762980,KXBTCD-26MAR2223-T68399.99 (1h),0.14,MARKET_DATA,REAL
2026-03-22T21:41:17.927066,KXHIGHNY-26MAR22-B62.5 (Market),0.99,MARKET_DATA,REAL
2026-03-22T21:41:17.928689,KXHIGHNY (F),51.98,MARKET_DATA,REAL
2026-03-22T21:41:21.088422,KXHIGHLAX-26MAR22-T75 (Market),0.99,MARKET_DATA,REAL
2026-03-22T21:41:21.089128,KXHIGHLAX (F),60.8,MARKET_DATA,REAL
2026-03-22T21:41:24.345406,KXHIGHCHI-26MAR22-T65 (Market),0.99,MARKET_DATA,REAL
2026-03-22T21:41:24.346097,KXHIGHCHI (F),33.8,MARKET_DATA,REAL
2026-03-22T21:41:27.544841,KXHIGHMIA-26MAR22-B81.5 (Market),0.99,MARKET_DATA,REAL
2026-03-22T21:41:27.545913,KXHIGHMIA (F),71.6,MARKET_DATA,REAL
2026-03-22T21:41:31.357949,BTC-USD (Coinbase),68252.19,MARKET_DATA,REAL
2026-03-22T21:41:31.450946,KXBTC15M-26MAR222245-45 (15m),0.6,MARKET_DATA,REAL
2026-03-22T21:41:34.126309,KXBTCD-26MAR2223-T68299.99 (1h),0.32,MARKET_DATA,REAL
2026-03-22T21:41:34.213177,KXBTCD-26MAR2223-T68099.99 (1h),0.82,MARKET_DATA,REAL
2026-03-22T21:41:34.318492,KXBTCD-26MAR2223-T68499.99 (1h),0.06,MARKET_DATA,REAL
2026-03-22T21:41:36.471104,KXHIGHNY-26MAR22-B62.5 (Market),0.99,MARKET_DATA,REAL
2026-03-22T21:41:36.471777,KXHIGHNY (F),51.98,MARKET_DATA,REAL
2026-03-22T21:41:41.010508,KXHIGHLAX-26MAR22-T75 (Market),0.99,MARKET_DATA,REAL
2026-03-22T21:41:41.011904,KXHIGHLAX (F),60.8,MARKET_DATA,REAL
2026-03-22T21:41:45.333980,KXHIGHCHI-26MAR22-T65 (Market),0.99,MARKET_DATA,REAL
2026-03-22T21:41:45.335429,KXHIGHCHI (F),33.8,MARKET_DATA,REAL
2026-03-22T21:41:49.605335,KXHIGHMIA-26MAR22-B81.5 (Market),0.99,MARKET_DATA,REAL
2026-03-22T21:41:49.607265,KXHIGHMIA (F),71.6,MARKET_DATA,REAL
2026-03-22T21:41:53.393720,BTC-USD (Coinbase),68287.21,MARKET_DATA,REAL
2026-03-22T21:41:53.553510,KXBTC15M-26MAR222245-45 (15m),0.82,MARKET_DATA,REAL
2026-03-22T21:41:53.562820,KXBTC15M-26MAR222245-45,0.83,SIGNAL_BUY,EXECUTED
2026-03-22T21:41:56.503143,KXBTCD-26MAR2223-T68299.99 (1h),0.37,MARKET_DATA,REAL
2026-03-22T21:41:56.583109,KXBTCD-26MAR2223-T68099.99 (1h),0.88,MARKET_DATA,REAL
2026-03-22T21:41:56.665536,KXBTCD-26MAR2223-T68499.99 (1h),0.07,MARKET_DATA,REAL
2026-03-22T21:42:00.429083,KXHIGHNY-26MAR22-B62.5 (Market),0.99,MARKET_DATA,REAL
2026-03-22T21:42:00.430180,KXHIGHNY (F),51.98,MARKET_DATA,REAL
2026-03-22T21:42:03.676222,KXHIGHLAX-26MAR22-T75 (Market),0.99,MARKET_DATA,REAL
2026-03-22T21:42:03.677229,KXHIGHLAX (F),60.8,MARKET_DATA,REAL
2026-03-22T21:42:07.170602,KXHIGHCHI-26MAR22-T65 (Market),0.99,MARKET_DATA,REAL
2026-03-22T21:42:07.171474,KXHIGHCHI (F),33.8,MARKET_DATA,REAL
2026-03-22T21:42:10.024648,KXHIGHMIA-26MAR22-B81.5 (Market),0.99,MARKET_DATA,REAL
2026-03-22T21:42:10.025483,KXHIGHMIA (F),71.6,MARKET_DATA,REAL
2026-03-22T21:42:13.892857,BTC-USD (Coinbase),68303.58,MARKET_DATA,REAL
2026-03-22T21:42:13.979376,KXBTC15M-26MAR222245-45 (15m),0.916,MARKET_DATA,REAL
2026-03-22T21:42:13.982602,KXBTC15M-26MAR222245-45,0.92,SIGNAL_BUY,HARVEST_ONLY
2026-03-22T21:42:16.575207,KXBTCD-26MAR2223-T68299.99 (1h),0.46,MARKET_DATA,REAL
2026-03-22T21:42:16.661695,KXBTCD-26MAR2223-T68099.99 (1h),0.91,MARKET_DATA,REAL
2026-03-22T21:42:16.743608,KXBTCD-26MAR2223-T68499.99 (1h),0.08,MARKET_DATA,REAL
2026-03-22T21:42:19.005336,KXHIGHNY-26MAR22-B62.5 (Market),0.99,MARKET_DATA,REAL
2026-03-22T21:42:19.006915,KXHIGHNY (F),51.98,MARKET_DATA,REAL
2026-03-22T21:42:22.019502,KXHIGHLAX-26MAR22-T75 (Market),0.99,MARKET_DATA,REAL
2026-03-22T21:42:22.020234,KXHIGHLAX (F),60.8,MARKET_DATA,REAL
2026-03-22T21:42:25.075092,KXHIGHCHI-26MAR22-T65 (Market),0.99,MARKET_DATA,REAL
2026-03-22T21:42:25.076202,KXHIGHCHI (F),33.8,MARKET_DATA,REAL
2026-03-22T21:42:28.158668,KXHIGHMIA-26MAR22-B81.5 (Market),0.99,MARKET_DATA,REAL
2026-03-22T21:42:28.159807,KXHIGHMIA (F),71.6,MARKET_DATA,REAL
2026-03-22T21:42:32.076527,BTC-USD (Coinbase),68306.0,MARKET_DATA,REAL
2026-03-22T21:42:32.161066,KXBTC15M-26MAR222245-45 (15m),0.956,MARKET_DATA,REAL
2026-03-22T21:42:34.803245,KXBTCD-26MAR2223-T68299.99 (1h),0.46,MARKET_DATA,REAL
2026-03-22T21:42:34.891163,KXBTCD-26MAR2223-T68099.99 (1h),0.92,MARKET_DATA,REAL
2026-03-22T21:42:34.974477,KXBTCD-26MAR2223-T68499.99 (1h),0.08,MARKET_DATA,REAL
2026-03-22T21:42:37.160467,KXHIGHNY-26MAR22-B62.5 (Market),0.99,MARKET_DATA,REAL
2026-03-22T21:42:37.161699,KXHIGHNY (F),51.98,MARKET_DATA,REAL
2026-03-22T21:42:40.229408,KXHIGHLAX-26MAR22-T75 (Market),0.99,MARKET_DATA,REAL
2026-03-22T21:42:40.231639,KXHIGHLAX (F),60.8,MARKET_DATA,REAL
2026-03-22T21:42:43.268754,KXHIGHCHI-26MAR22-T65 (Market),0.99,MARKET_DATA,REAL
2026-03-22T21:42:43.269561,KXHIGHCHI (F),33.8,MARKET_DATA,REAL
2026-03-22T21:42:46.341612,KXHIGHMIA-26MAR22-B81.5 (Market),0.99,MARKET_DATA,REAL
2026-03-22T21:42:46.342514,KXHIGHMIA (F),71.6,MARKET_DATA,REAL
2026-03-22T21:42:50.154777,BTC-USD (Coinbase),68337.05,MARKET_DATA,REAL
2026-03-22T21:42:50.240813,KXBTC15M-26MAR222245-45 (15m),0.97,MARKET_DATA,REAL
2026-03-22T21:42:53.329219,KXBTCD-26MAR2223-T68299.99 (1h),0.46,MARKET_DATA,REAL
2026-03-22T21:42:53.413632,KXBTCD-26MAR2223-T68099.99 (1h),0.93,MARKET_DATA,REAL
2026-03-22T21:42:53.495306,KXBTCD-26MAR2223-T68499.99 (1h),0.09,MARKET_DATA,REAL
2026-03-22T21:42:55.849671,KXHIGHNY-26MAR22-B62.5 (Market),0.99,MARKET_DATA,REAL
2026-03-22T21:42:55.850511,KXHIGHNY (F),51.98,MARKET_DATA,REAL
2026-03-22T21:43:00.165046,KXHIGHLAX-26MAR22-T75 (Market),0.99,MARKET_DATA,REAL
2026-03-22T21:43:00.165962,KXHIGHLAX (F),60.8,MARKET_DATA,REAL
2026-03-22T21:43:04.766445,KXHIGHCHI-26MAR22-T65 (Market),0.99,MARKET_DATA,REAL
2026-03-22T21:43:04.767620,KXHIGHCHI (F),33.8,MARKET_DATA,REAL
2026-03-22T21:43:08.994363,KXHIGHMIA-26MAR22-B81.5 (Market),0.99,MARKET_DATA,REAL
2026-03-22T21:43:08.995699,KXHIGHMIA (F),71.6,MARKET_DATA,REAL
2026-03-22T21:43:12.655258,BTC-USD (Coinbase),68361.68,MARKET_DATA,REAL
2026-03-22T21:43:12.813859,KXBTC15M-26MAR222245-45 (15m),0.998,MARKET_DATA,REAL
2026-03-22T21:43:15.605265,KXBTCD-26MAR2223-T68399.99 (1h),0.38,MARKET_DATA,REAL
2026-03-22T21:43:15.710982,KXBTCD-26MAR2223-T68199.99 (1h),0.86,MARKET_DATA,REAL
2026-03-22T21:43:15.808297,KXBTCD-26MAR2223-T68599.99 (1h),0.06,MARKET_DATA,REAL
2026-03-22T21:43:19.210007,KXHIGHNY-26MAR22-B62.5 (Market),0.99,MARKET_DATA,REAL
2026-03-22T21:43:19.211401,KXHIGHNY (F),51.98,MARKET_DATA,REAL
2026-03-22T21:43:22.309493,KXHIGHLAX-26MAR22-T75 (Market),0.99,MARKET_DATA,REAL
2026-03-22T21:43:22.313601,KXHIGHLAX (F),60.8,MARKET_DATA,REAL
2026-03-22T21:43:25.370184,KXHIGHCHI-26MAR22-T65 (Market),0.99,MARKET_DATA,REAL
2026-03-22T21:43:25.371247,KXHIGHCHI (F),33.8,MARKET_DATA,REAL
2026-03-22T21:43:28.541704,KXHIGHMIA-26MAR22-B81.5 (Market),0.99,MARKET_DATA,REAL
2026-03-22T21:43:28.542365,KXHIGHMIA (F),71.6,MARKET_DATA,REAL
2026-03-22T21:43:32.296038,BTC-USD (Coinbase),68348.71,MARKET_DATA,REAL
2026-03-22T21:43:32.379189,KXBTC15M-26MAR222245-45 (15m),0.995,MARKET_DATA,REAL
2026-03-22T21:43:35.047937,KXBTCD-26MAR2223-T68299.99 (1h),0.55,MARKET_DATA,REAL
2026-03-22T21:43:35.137068,KXBTCD-26MAR2223-T68099.99 (1h),0.92,MARKET_DATA,REAL
2026-03-22T21:43:35.267074,KXBTCD-26MAR2223-T68499.99 (1h),0.14,MARKET_DATA,REAL
2026-03-22T21:43:37.327036,KXHIGHNY-26MAR22-B62.5 (Market),0.99,MARKET_DATA,REAL
2026-03-22T21:43:37.327754,KXHIGHNY (F),51.98,MARKET_DATA,REAL
2026-03-22T21:43:40.477800,KXHIGHLAX-26MAR22-T75 (Market),0.99,MARKET_DATA,REAL
2026-03-22T21:43:40.478500,KXHIGHLAX (F),60.8,MARKET_DATA,REAL
2026-03-22T21:43:43.732836,KXHIGHCHI-26MAR22-T65 (Market),0.99,MARKET_DATA,REAL
2026-03-22T21:43:43.733615,KXHIGHCHI (F),33.8,MARKET_DATA,REAL
2026-03-22T21:43:46.942870,KXHIGHMIA-26MAR22-B81.5 (Market),0.99,MARKET_DATA,REAL
2026-03-22T21:43:46.944239,KXHIGHMIA (F),71.6,MARKET_DATA,REAL
2026-03-22T21:43:50.617472,BTC-USD (Coinbase),68282.55,MARKET_DATA,REAL
2026-03-22T21:43:50.701517,KXBTC15M-26MAR222245-45 (15m),0.991,MARKET_DATA,REAL
2026-03-22T21:43:53.350929,KXBTCD-26MAR2223-T68299.99 (1h),0.44,MARKET_DATA,REAL
2026-03-22T21:43:53.440972,KXBTCD-26MAR2223-T68099.99 (1h),0.88,MARKET_DATA,REAL
2026-03-22T21:43:53.526022,KXBTCD-26MAR2223-T68499.99 (1h),0.07,MARKET_DATA,REAL
2026-03-22T21:43:55.749281,KXHIGHNY-26MAR22-B62.5 (Market),0.99,MARKET_DATA,REAL
2026-03-22T21:43:55.749955,KXHIGHNY (F),51.98,MARKET_DATA,REAL
2026-03-22T21:43:58.850082,KXHIGHLAX-26MAR22-T75 (Market),0.99,MARKET_DATA,REAL
2026-03-22T21:43:58.851353,KXHIGHLAX (F),60.8,MARKET_DATA,REAL
2026-03-22T21:44:02.289525,KXHIGHCHI-26MAR22-T65 (Market),0.99,MARKET_DATA,REAL
2026-03-22T21:44:02.290918,KXHIGHCHI (F),33.8,MARKET_DATA,REAL
2026-03-22T21:44:05.443706,KXHIGHMIA-26MAR22-B81.5 (Market),0.99,MARKET_DATA,REAL
2026-03-22T21:44:05.445128,KXHIGHMIA (F),71.6,MARKET_DATA,REAL
2026-03-22T21:44:09.200329,BTC-USD (Coinbase),68289.44,MARKET_DATA,REAL
2026-03-22T21:44:09.284019,KXBTC15M-26MAR222245-45 (15m),0.982,MARKET_DATA,REAL
2026-03-22T21:44:12.006788,KXBTCD-26MAR2223-T68299.99 (1h),0.43,MARKET_DATA,REAL
2026-03-22T21:44:12.087707,KXBTCD-26MAR2223-T68099.99 (1h),0.89,MARKET_DATA,REAL
2026-03-22T21:44:12.170697,KXBTCD-26MAR2223-T68499.99 (1h),0.07,MARKET_DATA,REAL
2026-03-22T21:44:14.349694,KXHIGHNY-26MAR22-B62.5 (Market),0.99,MARKET_DATA,REAL
2026-03-22T21:44:14.351189,KXHIGHNY (F),51.98,MARKET_DATA,REAL
2026-03-22T21:44:18.585344,KXHIGHLAX-26MAR22-T75 (Market),0.99,MARKET_DATA,REAL
2026-03-22T21:44:18.586825,KXHIGHLAX (F),60.8,MARKET_DATA,REAL
2026-03-22T21:44:22.940491,KXHIGHCHI-26MAR22-T65 (Market),0.99,MARKET_DATA,REAL
2026-03-22T21:44:22.941841,KXHIGHCHI (F),33.8,MARKET_DATA,REAL
2026-03-22T21:44:27.287829,KXHIGHMIA-26MAR22-B81.5 (Market),0.99,MARKET_DATA,REAL
2026-03-22T21:44:27.288917,KXHIGHMIA (F),71.6,MARKET_DATA,REAL
2026-03-22T21:44:30.993762,BTC-USD (Coinbase),68272.01,MARKET_DATA,REAL
2026-03-22T21:44:31.160321,KXBTC15M-26MAR222245-45 (15m),0.997,MARKET_DATA,REAL
2026-03-22T21:44:33.784218,KXBTCD-26MAR2223-T68299.99 (1h),0.39,MARKET_DATA,REAL
2026-03-22T21:44:33.868597,KXBTCD-26MAR2223-T68099.99 (1h),0.89,MARKET_DATA,REAL
2026-03-22T21:44:33.952037,KXBTCD-26MAR2223-T68499.99 (1h),0.06,MARKET_DATA,REAL
2026-03-22T21:44:37.387272,KXHIGHNY-26MAR22-B62.5 (Market),0.99,MARKET_DATA,REAL
2026-03-22T21:44:37.390859,KXHIGHNY (F),51.98,MARKET_DATA,REAL
2026-03-22T21:44:40.512600,KXHIGHLAX-26MAR22-T75 (Market),0.99,MARKET_DATA,REAL
2026-03-22T21:44:40.513891,KXHIGHLAX (F),60.8,MARKET_DATA,REAL
2026-03-22T21:44:43.641582,KXHIGHCHI-26MAR22-T65 (Market),0.99,MARKET_DATA,REAL
2026-03-22T21:44:43.642557,KXHIGHCHI (F),33.8,MARKET_DATA,REAL
2026-03-22T21:44:46.670382,KXHIGHMIA-26MAR22-B81.5 (Market),0.99,MARKET_DATA,REAL
2026-03-22T21:44:46.671507,KXHIGHMIA (F),71.6,MARKET_DATA,REAL
2026-03-22T21:44:50.341336,BTC-USD (Coinbase),68230.01,MARKET_DATA,REAL
2026-03-22T21:44:50.422440,KXBTC15M-26MAR222245-45 (15m),0.999,MARKET_DATA,REAL
2026-03-22T21:44:53.581775,KXBTCD-26MAR2223-T68199.99 (1h),0.7,MARKET_DATA,REAL
2026-03-22T21:44:53.667311,KXBTCD-26MAR2223-T67999.99 (1h),0.94,MARKET_DATA,REAL
2026-03-22T21:44:53.750517,KXBTCD-26MAR2223-T68399.99 (1h),0.17,MARKET_DATA,REAL
2026-03-22T21:44:55.994396,KXHIGHNY-26MAR22-B62.5 (Market),0.99,MARKET_DATA,REAL
2026-03-22T21:44:55.998008,KXHIGHNY (F),51.98,MARKET_DATA,REAL
2026-03-22T21:44:59.445968,KXHIGHLAX-26MAR22-T75 (Market),0.99,MARKET_DATA,REAL
2026-03-22T21:44:59.447389,KXHIGHLAX (F),60.8,MARKET_DATA,REAL
2026-03-22T21:45:02.545220,KXHIGHCHI-26MAR22-T65 (Market),0.99,MARKET_DATA,REAL
2026-03-22T21:45:02.546393,KXHIGHCHI (F),33.8,MARKET_DATA,REAL
2026-03-22T21:45:05.490804,KXHIGHMIA-26MAR22-B81.5 (Market),0.99,MARKET_DATA,REAL
2026-03-22T21:45:05.491712,KXHIGHMIA (F),71.6,MARKET_DATA,REAL
2026-03-22T21:45:09.342877,BTC-USD (Coinbase),68232.14,MARKET_DATA,REAL
2026-03-22T21:45:09.438085,KXBTC15M-26MAR222245-45 (15m),0.999,MARKET_DATA,REAL
2026-03-22T21:45:11.988727,KXBTCD-26MAR2223-T68199.99 (1h),0.59,MARKET_DATA,REAL
2026-03-22T21:45:12.118723,KXBTCD-26MAR2223-T67999.99 (1h),0.93,MARKET_DATA,REAL
2026-03-22T21:45:12.201904,KXBTCD-26MAR2223-T68399.99 (1h),0.11,MARKET_DATA,REAL
2026-03-22T21:45:12.371296,KXBTCD-26MAR2223-T68199.99,0.6,SIGNAL_BUY,EXECUTED
2026-03-22T21:45:14.528346,KXHIGHNY-26MAR22-B62.5 (Market),0.99,MARKET_DATA,REAL
2026-03-22T21:45:14.529632,KXHIGHNY (F),51.98,MARKET_DATA,REAL
2026-03-22T21:45:17.637223,KXHIGHLAX-26MAR22-T75 (Market),0.99,MARKET_DATA,REAL
2026-03-22T21:45:17.638652,KXHIGHLAX (F),60.8,MARKET_DATA,REAL
2026-03-22T21:45:21.230272,KXHIGHCHI-26MAR22-T65 (Market),0.99,MARKET_DATA,REAL
2026-03-22T21:45:21.234460,KXHIGHCHI (F),33.8,MARKET_DATA,REAL
2026-03-22T21:45:25.035635,KXHIGHMIA-26MAR22-B81.5 (Market),0.99,MARKET_DATA,REAL
2026-03-22T21:45:25.036072,KXHIGHMIA (F),71.6,MARKET_DATA,REAL
2026-03-22T21:45:28.627908,BTC-USD (Coinbase),68216.41,MARKET_DATA,REAL
2026-03-22T21:45:28.721198,KXBTC15M-26MAR222245-45 (15m),0.999,MARKET_DATA,REAL
2026-03-22T21:45:31.441620,KXBTCD-26MAR2223-T68199.99 (1h),0.53,MARKET_DATA,REAL
2026-03-22T21:45:31.521516,KXBTCD-26MAR2223-T67999.99 (1h),0.93,MARKET_DATA,REAL
2026-03-22T21:45:31.610979,KXBTCD-26MAR2223-T68399.99 (1h),0.1,MARKET_DATA,REAL
2026-03-22T21:45:33.975308,KXHIGHNY-26MAR22-B62.5 (Market),0.99,MARKET_DATA,REAL
2026-03-22T21:45:33.976703,KXHIGHNY (F),51.98,MARKET_DATA,REAL
2026-03-22T21:45:38.475804,KXHIGHLAX-26MAR22-T75 (Market),0.99,MARKET_DATA,REAL
2026-03-22T21:45:38.476923,KXHIGHLAX (F),60.8,MARKET_DATA,REAL
2026-03-22T21:45:42.407007,KXHIGHCHI-26MAR22-T65 (Market),0.99,MARKET_DATA,REAL
2026-03-22T21:45:42.407961,KXHIGHCHI (F),33.8,MARKET_DATA,REAL
2026-03-22T21:45:46.891331,KXHIGHMIA-26MAR22-B81.5 (Market),0.99,MARKET_DATA,REAL
2026-03-22T21:45:46.892098,KXHIGHMIA (F),71.6,MARKET_DATA,REAL
2026-03-22T21:45:50.735691,BTC-USD (Coinbase),68225.86,MARKET_DATA,REAL
2026-03-22T21:45:50.895368,KXBTC15M-26MAR222300-00 (15m),0.38,MARKET_DATA,REAL
2026-03-22T21:45:53.967736,KXBTCD-26MAR2223-T68199.99 (1h),0.55,MARKET_DATA,REAL
2026-03-22T21:45:54.054388,KXBTCD-26MAR2223-T67999.99 (1h),0.92,MARKET_DATA,REAL
2026-03-22T21:45:54.135148,KXBTCD-26MAR2223-T68399.99 (1h),0.09,MARKET_DATA,REAL
2026-03-22T21:45:57.762968,KXHIGHNY-26MAR22-B62.5 (Market),0.99,MARKET_DATA,REAL
2026-03-22T21:45:57.764012,KXHIGHNY (F),51.98,MARKET_DATA,REAL
2026-03-22T21:46:01.170733,KXHIGHLAX-26MAR22-T75 (Market),0.99,MARKET_DATA,REAL
2026-03-22T21:46:01.171501,KXHIGHLAX (F),60.8,MARKET_DATA,REAL
2026-03-22T21:46:04.400023,KXHIGHCHI-26MAR22-T65 (Market),0.99,MARKET_DATA,REAL
2026-03-22T21:46:04.400760,KXHIGHCHI (F),33.8,MARKET_DATA,REAL
2026-03-22T21:46:06.640276,KXHIGHMIA-26MAR22-B81.5 (Market),0.99,MARKET_DATA,REAL
2026-03-22T21:46:06.641176,KXHIGHMIA (F),71.6,MARKET_DATA,REAL
2026-03-22T21:46:10.688103,BTC-USD (Coinbase),68236.83,MARKET_DATA,REAL
2026-03-22T21:46:10.771024,KXBTC15M-26MAR222300-00 (15m),0.42,MARKET_DATA,REAL
2026-03-22T21:46:13.678808,KXBTCD-26MAR2223-T68199.99 (1h),0.53,MARKET_DATA,REAL
2026-03-22T21:46:13.759726,KXBTCD-26MAR2223-T67999.99 (1h),0.94,MARKET_DATA,REAL
2026-03-22T21:46:13.840840,KXBTCD-26MAR2223-T68399.99 (1h),0.09,MARKET_DATA,REAL
2026-03-22T21:46:16.025652,KXHIGHNY-26MAR22-B62.5 (Market),0.99,MARKET_DATA,REAL
2026-03-22T21:46:16.026562,KXHIGHNY (F),51.98,MARKET_DATA,REAL
2026-03-22T21:46:19.315354,KXHIGHLAX-26MAR22-T75 (Market),0.99,MARKET_DATA,REAL
2026-03-22T21:46:19.316541,KXHIGHLAX (F),60.8,MARKET_DATA,REAL
2026-03-22T21:46:22.574163,KXHIGHCHI-26MAR22-T65 (Market),0.99,MARKET_DATA,REAL
2026-03-22T21:46:22.574583,KXHIGHCHI (F),33.8,MARKET_DATA,REAL
2026-03-22T21:46:26.011768,KXHIGHMIA-26MAR22-B81.5 (Market),0.99,MARKET_DATA,REAL
2026-03-22T21:46:26.012623,KXHIGHMIA (F),71.6,MARKET_DATA,REAL
2026-03-22T21:46:29.737809,BTC-USD (Coinbase),68230.01,MARKET_DATA,REAL
2026-03-22T21:46:29.821886,KXBTC15M-26MAR222300-00 (15m),0.41,MARKET_DATA,REAL
2026-03-22T21:46:32.413452,KXBTCD-26MAR2223-T68199.99 (1h),0.58,MARKET_DATA,REAL
2026-03-22T21:46:32.497160,KXBTCD-26MAR2223-T67999.99 (1h),0.95,MARKET_DATA,REAL
2026-03-22T21:46:32.579540,KXBTCD-26MAR2223-T68399.99 (1h),0.09,MARKET_DATA,REAL
2026-03-22T21:46:34.796350,KXHIGHNY-26MAR22-B62.5 (Market),0.99,MARKET_DATA,REAL
2026-03-22T21:46:34.797168,KXHIGHNY (F),51.98,MARKET_DATA,REAL
2026-03-22T21:46:38.033711,KXHIGHLAX-26MAR22-T75 (Market),0.99,MARKET_DATA,REAL
2026-03-22T21:46:38.034527,KXHIGHLAX (F),60.8,MARKET_DATA,REAL
2026-03-22T21:46:41.115244,KXHIGHCHI-26MAR22-T65 (Market),0.99,MARKET_DATA,REAL
2026-03-22T21:46:41.116382,KXHIGHCHI (F),33.8,MARKET_DATA,REAL
2026-03-22T21:46:45.087790,KXHIGHMIA-26MAR22-B81.5 (Market),0.99,MARKET_DATA,REAL
2026-03-22T21:46:45.088517,KXHIGHMIA (F),71.6,MARKET_DATA,REAL
2026-03-22T21:46:48.999111,BTC-USD (Coinbase),68238.89,MARKET_DATA,REAL
2026-03-22T21:46:49.082071,KXBTC15M-26MAR222300-00 (15m),0.4,MARKET_DATA,REAL
2026-03-22T21:46:51.991716,KXBTCD-26MAR2223-T68199.99 (1h),0.6,MARKET_DATA,REAL
2026-03-22T21:46:52.120026,KXBTCD-26MAR2223-T67999.99 (1h),0.96,MARKET_DATA,REAL
2026-03-22T21:46:52.203726,KXBTCD-26MAR2223-T68399.99 (1h),0.09,MARKET_DATA,REAL
2026-03-22T21:46:54.437650,KXHIGHNY-26MAR22-B62.5 (Market),0.99,MARKET_DATA,REAL
2026-03-22T21:46:54.438706,KXHIGHNY (F),51.98,MARKET_DATA,REAL
2026-03-22T21:46:58.887255,KXHIGHLAX-26MAR22-T75 (Market),0.99,MARKET_DATA,REAL
2026-03-22T21:46:58.888325,KXHIGHLAX (F),60.8,MARKET_DATA,REAL
2026-03-22T21:47:03.362529,KXHIGHCHI-26MAR22-T65 (Market),0.99,MARKET_DATA,REAL
2026-03-22T21:47:03.363402,KXHIGHCHI (F),33.8,MARKET_DATA,REAL
2026-03-22T21:47:07.599325,KXHIGHMIA-26MAR22-B81.5 (Market),0.99,MARKET_DATA,REAL
2026-03-22T21:47:07.600756,KXHIGHMIA (F),71.6,MARKET_DATA,REAL
2026-03-22T21:47:11.391202,BTC-USD (Coinbase),68264.01,MARKET_DATA,REAL
2026-03-22T21:47:11.556977,KXBTC15M-26MAR222300-00 (15m),0.46,MARKET_DATA,REAL
2026-03-22T21:47:14.549367,KXBTCD-26MAR2223-T68299.99 (1h),0.35,MARKET_DATA,REAL
2026-03-22T21:47:14.640917,KXBTCD-26MAR2223-T68099.99 (1h),0.88,MARKET_DATA,REAL
2026-03-22T21:47:14.723688,KXBTCD-26MAR2223-T68499.99 (1h),0.05,MARKET_DATA,REAL
2026-03-22T21:47:18.267746,KXHIGHNY-26MAR22-B62.5 (Market),0.99,MARKET_DATA,REAL
2026-03-22T21:47:18.268488,KXHIGHNY (F),51.98,MARKET_DATA,REAL
2026-03-22T21:47:21.237430,KXHIGHLAX-26MAR22-T75 (Market),0.99,MARKET_DATA,REAL
2026-03-22T21:47:21.238772,KXHIGHLAX (F),60.8,MARKET_DATA,REAL
2026-03-22T21:47:24.537486,KXHIGHCHI-26MAR22-T65 (Market),0.99,MARKET_DATA,REAL
2026-03-22T21:47:24.538374,KXHIGHCHI (F),33.8,MARKET_DATA,REAL
2026-03-22T21:47:27.894402,KXHIGHMIA-26MAR22-B81.5 (Market),0.99,MARKET_DATA,REAL
2026-03-22T21:47:27.895142,KXHIGHMIA (F),71.6,MARKET_DATA,REAL
2026-03-22T21:47:31.725072,BTC-USD (Coinbase),68241.22,MARKET_DATA,REAL
2026-03-22T21:47:31.813271,KXBTC15M-26MAR222300-00 (15m),0.41,MARKET_DATA,REAL
2026-03-22T21:47:34.782294,KXBTCD-26MAR2223-T68199.99 (1h),0.62,MARKET_DATA,REAL
2026-03-22T21:47:34.865689,KXBTCD-26MAR2223-T67999.99 (1h),0.96,MARKET_DATA,REAL
2026-03-22T21:47:34.942762,KXBTCD-26MAR2223-T68399.99 (1h),0.09,MARKET_DATA,REAL
2026-03-22T21:47:37.419682,KXHIGHNY-26MAR22-B62.5 (Market),0.99,MARKET_DATA,REAL
2026-03-22T21:47:37.420488,KXHIGHNY (F),51.98,MARKET_DATA,REAL
2026-03-22T21:47:40.662893,KXHIGHLAX-26MAR22-T75 (Market),0.99,MARKET_DATA,REAL
2026-03-22T21:47:40.664077,KXHIGHLAX (F),60.8,MARKET_DATA,REAL
2026-03-22T21:47:43.942263,KXHIGHCHI-26MAR22-T65 (Market),0.99,MARKET_DATA,REAL
2026-03-22T21:47:43.943200,KXHIGHCHI (F),33.8,MARKET_DATA,REAL
2026-03-22T21:47:47.234112,KXHIGHMIA-26MAR22-B81.5 (Market),0.99,MARKET_DATA,REAL
2026-03-22T21:47:47.234637,KXHIGHMIA (F),71.6,MARKET_DATA,REAL
2026-03-22T21:47:51.037563,BTC-USD (Coinbase),68205.02,MARKET_DATA,REAL
2026-03-22T21:47:51.118010,KXBTC15M-26MAR222300-00 (15m),0.34,MARKET_DATA,REAL
2026-03-22T21:47:53.752442,KXBTCD-26MAR2223-T68199.99 (1h),0.55,MARKET_DATA,REAL
2026-03-22T21:47:53.841339,KXBTCD-26MAR2223-T67999.99 (1h),0.95,MARKET_DATA,REAL
2026-03-22T21:47:53.968110,KXBTCD-26MAR2223-T68399.99 (1h),0.06,MARKET_DATA,REAL
2026-03-22T21:47:56.125731,KXHIGHNY-26MAR22-B62.5 (Market),0.99,MARKET_DATA,REAL
2026-03-22T21:47:56.126742,KXHIGHNY (F),51.98,MARKET_DATA,REAL
2026-03-22T21:48:00.751776,KXHIGHLAX-26MAR22-T75 (Market),0.99,MARKET_DATA,REAL
2026-03-22T21:48:00.752743,KXHIGHLAX (F),60.8,MARKET_DATA,REAL
2026-03-22T21:48:05.299933,KXHIGHCHI-26MAR22-T65 (Market),0.99,MARKET_DATA,REAL
2026-03-22T21:48:05.300566,KXHIGHCHI (F),33.8,MARKET_DATA,REAL
2026-03-22T21:48:09.156372,KXHIGHMIA-26MAR22-B81.5 (Market),0.99,MARKET_DATA,REAL
2026-03-22T21:48:09.157685,KXHIGHMIA (F),71.6,MARKET_DATA,REAL
2026-03-22T21:48:12.733230,BTC-USD (Coinbase),68204.31,MARKET_DATA,REAL
2026-03-22T21:48:12.891178,KXBTC15M-26MAR222300-00 (15m),0.29,MARKET_DATA,REAL
2026-03-22T21:48:15.623702,KXBTCD-26MAR2223-T68199.99 (1h),0.5,MARKET_DATA,REAL
2026-03-22T21:48:15.704341,KXBTCD-26MAR2223-T67999.99 (1h),0.95,MARKET_DATA,REAL
2026-03-22T21:48:15.786142,KXBTCD-26MAR2223-T68399.99 (1h),0.06,MARKET_DATA,REAL
2026-03-22T21:48:15.872003,KXBTCD-26MAR2223-T68199.99,0.51,SIGNAL_BUY,EXECUTED
2026-03-22T21:48:17.962788,KXHIGHNY-26MAR22-B62.5 (Market),0.99,MARKET_DATA,REAL
2026-03-22T21:48:17.963478,KXHIGHNY (F),51.98,MARKET_DATA,REAL
2026-03-22T21:48:21.356385,KXHIGHLAX-26MAR22-T75 (Market),0.99,MARKET_DATA,REAL
2026-03-22T21:48:21.357546,KXHIGHLAX (F),60.8,MARKET_DATA,REAL
2026-03-22T21:48:24.659970,KXHIGHCHI-26MAR22-T65 (Market),0.99,MARKET_DATA,REAL
2026-03-22T21:48:24.660680,KXHIGHCHI (F),33.8,MARKET_DATA,REAL
2026-03-22T21:48:27.673593,KXHIGHMIA-26MAR22-B81.5 (Market),0.99,MARKET_DATA,REAL
2026-03-22T21:48:27.675296,KXHIGHMIA (F),71.6,MARKET_DATA,REAL
2026-03-22T21:48:31.421241,BTC-USD (Coinbase),68234.81,MARKET_DATA,REAL
2026-03-22T21:48:31.502818,KXBTC15M-26MAR222300-00 (15m),0.39,MARKET_DATA,REAL
2026-03-22T21:48:34.205733,KXBTCD-26MAR2223-T68199.99 (1h),0.58,MARKET_DATA,REAL
2026-03-22T21:48:34.307854,KXBTCD-26MAR2223-T67999.99 (1h),0.96,MARKET_DATA,REAL
2026-03-22T21:48:34.395815,KXBTCD-26MAR2223-T68399.99 (1h),0.09,MARKET_DATA,REAL
2026-03-22T21:48:38.024753,KXHIGHNY-26MAR22-B62.5 (Market),0.99,MARKET_DATA,REAL
2026-03-22T21:48:38.025604,KXHIGHNY (F),51.98,MARKET_DATA,REAL
2026-03-22T21:48:41.492532,KXHIGHLAX-26MAR22-T75 (Market),0.99,MARKET_DATA,REAL
2026-03-22T21:48:41.493467,KXHIGHLAX (F),60.8,MARKET_DATA,REAL
2026-03-22T21:48:44.929481,KXHIGHCHI-26MAR22-T65 (Market),0.99,MARKET_DATA,REAL
2026-03-22T21:48:44.931821,KXHIGHCHI (F),33.8,MARKET_DATA,REAL
2026-03-22T21:48:48.116472,KXHIGHMIA-26MAR22-B81.5 (Market),0.99,MARKET_DATA,REAL
2026-03-22T21:48:48.117971,KXHIGHMIA (F),71.6,MARKET_DATA,REAL
2026-03-22T21:48:52.018328,BTC-USD (Coinbase),68210.0,MARKET_DATA,REAL
2026-03-22T21:48:52.107389,KXBTC15M-26MAR222300-00 (15m),0.33,MARKET_DATA,REAL
2026-03-22T21:48:54.901330,KXBTCD-26MAR2223-T68199.99 (1h),0.53,MARKET_DATA,REAL
2026-03-22T21:48:54.989179,KXBTCD-26MAR2223-T67999.99 (1h),0.96,MARKET_DATA,REAL
2026-03-22T21:48:55.076627,KXBTCD-26MAR2223-T68399.99 (1h),0.06,MARKET_DATA,REAL
2026-03-22T21:48:57.380818,KXHIGHNY-26MAR22-B62.5 (Market),0.99,MARKET_DATA,REAL
2026-03-22T21:48:57.381905,KXHIGHNY (F),51.98,MARKET_DATA,REAL
2026-03-22T21:49:00.673251,KXHIGHLAX-26MAR22-T75 (Market),0.99,MARKET_DATA,REAL
2026-03-22T21:49:00.674142,KXHIGHLAX (F),60.8,MARKET_DATA,REAL
2026-03-22T21:49:03.824687,KXHIGHCHI-26MAR22-T65 (Market),0.99,MARKET_DATA,REAL
2026-03-22T21:49:03.826189,KXHIGHCHI (F),33.8,MARKET_DATA,REAL
2026-03-22T21:49:07.087374,KXHIGHMIA-26MAR22-B81.5 (Market),0.99,MARKET_DATA,REAL
2026-03-22T21:49:07.088522,KXHIGHMIA (F),71.6,MARKET_DATA,REAL
2026-03-22T21:49:10.902897,BTC-USD (Coinbase),68211.02,MARKET_DATA,REAL
2026-03-22T21:49:10.987779,KXBTC15M-26MAR222300-00 (15m),0.31,MARKET_DATA,REAL
2026-03-22T21:49:13.802689,KXBTCD-26MAR2223-T68199.99 (1h),0.56,MARKET_DATA,REAL
2026-03-22T21:49:13.893291,KXBTCD-26MAR2223-T67999.99 (1h),0.96,MARKET_DATA,REAL
2026-03-22T21:49:13.979565,KXBTCD-26MAR2223-T68399.99 (1h),0.07,MARKET_DATA,REAL
2026-03-22T21:49:16.343700,KXHIGHNY-26MAR22-B62.5 (Market),0.99,MARKET_DATA,REAL
2026-03-22T21:49:16.344443,KXHIGHNY (F),51.98,MARKET_DATA,REAL
2026-03-22T21:49:20.395749,KXHIGHLAX-26MAR22-T75 (Market),0.99,MARKET_DATA,REAL
2026-03-22T21:49:20.396579,KXHIGHLAX (F),60.8,MARKET_DATA,REAL
2026-03-22T21:49:24.856564,KXHIGHCHI-26MAR22-T65 (Market),0.99,MARKET_DATA,REAL
2026-03-22T21:49:24.858305,KXHIGHCHI (F),33.8,MARKET_DATA,REAL
2026-03-22T21:49:29.466884,KXHIGHMIA-26MAR22-B81.5 (Market),0.99,MARKET_DATA,REAL
2026-03-22T21:49:29.468753,KXHIGHMIA (F),71.6,MARKET_DATA,REAL
2026-03-22T21:49:33.348290,BTC-USD (Coinbase),68212.87,MARKET_DATA,REAL
2026-03-22T21:49:33.505807,KXBTC15M-26MAR222300-00 (15m),0.33,MARKET_DATA,REAL
2026-03-22T21:49:36.413241,KXBTCD-26MAR2223-T68199.99 (1h),0.53,MARKET_DATA,REAL
2026-03-22T21:49:36.497577,KXBTCD-26MAR2223-T67999.99 (1h),0.96,MARKET_DATA,REAL
2026-03-22T21:49:36.579144,KXBTCD-26MAR2223-T68399.99 (1h),0.06,MARKET_DATA,REAL
2026-03-22T21:49:40.118931,KXHIGHNY-26MAR22-B62.5 (Market),0.99,MARKET_DATA,REAL
2026-03-22T21:49:40.120059,KXHIGHNY (F),51.98,MARKET_DATA,REAL
2026-03-22T21:49:43.373566,KXHIGHLAX-26MAR22-T75 (Market),0.99,MARKET_DATA,REAL
2026-03-22T21:49:43.376033,KXHIGHLAX (F),60.8,MARKET_DATA,REAL
2026-03-22T21:49:46.484799,KXHIGHCHI-26MAR22-T65 (Market),0.99,MARKET_DATA,REAL
2026-03-22T21:49:46.485562,KXHIGHCHI (F),33.8,MARKET_DATA,REAL
2026-03-22T21:49:49.656976,KXHIGHMIA-26MAR22-B81.5 (Market),0.99,MARKET_DATA,REAL
2026-03-22T21:49:49.657777,KXHIGHMIA (F),71.6,MARKET_DATA,REAL
2026-03-22T21:49:53.509757,BTC-USD (Coinbase),68214.6,MARKET_DATA,REAL
2026-03-22T21:49:53.599057,KXBTC15M-26MAR222300-00 (15m),0.33,MARKET_DATA,REAL
2026-03-22T21:49:56.376018,KXBTCD-26MAR2223-T68199.99 (1h),0.51,MARKET_DATA,REAL
2026-03-22T21:49:56.460627,KXBTCD-26MAR2223-T67999.99 (1h),0.96,MARKET_DATA,REAL
2026-03-22T21:49:56.543028,KXBTCD-26MAR2223-T68399.99 (1h),0.05,MARKET_DATA,REAL
2026-03-22T21:49:58.891843,KXHIGHNY-26MAR22-B62.5 (Market),0.99,MARKET_DATA,REAL
2026-03-22T21:49:58.892788,KXHIGHNY (F),51.98,MARKET_DATA,REAL
2026-03-22T21:50:01.834481,KXHIGHLAX-26MAR22-T75 (Market),0.99,MARKET_DATA,REAL
2026-03-22T21:50:01.835664,KXHIGHLAX (F),60.8,MARKET_DATA,REAL
2026-03-22T21:50:04.849550,KXHIGHCHI-26MAR22-T65 (Market),0.99,MARKET_DATA,REAL
2026-03-22T21:50:04.850973,KXHIGHCHI (F),33.8,MARKET_DATA,REAL
2026-03-22T21:50:08.015454,KXHIGHMIA-26MAR22-B81.5 (Market),0.99,MARKET_DATA,REAL
2026-03-22T21:50:08.016712,KXHIGHMIA (F),71.6,MARKET_DATA,REAL
2026-03-22T21:50:11.838414,BTC-USD (Coinbase),68221.06,MARKET_DATA,REAL
2026-03-22T21:50:11.921513,KXBTC15M-26MAR222300-00 (15m),0.35,MARKET_DATA,REAL
2026-03-22T21:50:15.133702,KXBTCD-26MAR2223-T68199.99 (1h),0.55,MARKET_DATA,REAL
2026-03-22T21:50:15.222480,KXBTCD-26MAR2223-T67999.99 (1h),0.96,MARKET_DATA,REAL
2026-03-22T21:50:15.311279,KXBTCD-26MAR2223-T68399.99 (1h),0.05,MARKET_DATA,REAL
2026-03-22T21:50:17.816267,KXHIGHNY-26MAR22-B62.5 (Market),0.99,MARKET_DATA,REAL
2026-03-22T21:50:17.817032,KXHIGHNY (F),51.98,MARKET_DATA,REAL
2026-03-22T21:50:20.274642,KXHIGHLAX-26MAR22-T75 (Market),0.99,MARKET_DATA,REAL
2026-03-22T21:50:20.275300,KXHIGHLAX (F),60.8,MARKET_DATA,REAL
2026-03-22T21:50:23.650429,KXHIGHCHI-26MAR22-T65 (Market),0.99,MARKET_DATA,REAL
2026-03-22T21:50:23.651344,KXHIGHCHI (F),33.8,MARKET_DATA,REAL
2026-03-22T21:50:27.062105,KXHIGHMIA-26MAR22-B81.5 (Market),0.99,MARKET_DATA,REAL
2026-03-22T21:50:27.062475,KXHIGHMIA (F),71.6,MARKET_DATA,REAL
2026-03-22T21:50:30.635435,BTC-USD (Coinbase),68221.05,MARKET_DATA,REAL
2026-03-22T21:50:30.721935,KXBTC15M-26MAR222300-00 (15m),0.36,MARKET_DATA,REAL
2026-03-22T21:50:33.516180,KXBTCD-26MAR2223-T68199.99 (1h),0.61,MARKET_DATA,REAL
2026-03-22T21:50:33.600150,KXBTCD-26MAR2223-T67999.99 (1h),0.96,MARKET_DATA,REAL
2026-03-22T21:50:33.683014,KXBTCD-26MAR2223-T68399.99 (1h),0.05,MARKET_DATA,REAL
2026-03-22T21:50:35.892615,KXHIGHNY-26MAR22-B62.5 (Market),0.99,MARKET_DATA,REAL
2026-03-22T21:50:35.894321,KXHIGHNY (F),51.98,MARKET_DATA,REAL
2026-03-22T21:50:40.177330,KXHIGHLAX-26MAR22-T75 (Market),0.99,MARKET_DATA,REAL
2026-03-22T21:50:40.178319,KXHIGHLAX (F),60.8,MARKET_DATA,REAL
2026-03-22T21:50:44.489066,KXHIGHCHI-26MAR22-T65 (Market),0.99,MARKET_DATA,REAL
2026-03-22T21:50:44.490217,KXHIGHCHI (F),33.8,MARKET_DATA,REAL
2026-03-22T21:50:48.965590,KXHIGHMIA-26MAR22-B81.5 (Market),0.99,MARKET_DATA,REAL
2026-03-22T21:50:48.967227,KXHIGHMIA (F),71.6,MARKET_DATA,REAL
2026-03-22T21:50:52.635025,BTC-USD (Coinbase),68203.8,MARKET_DATA,REAL
2026-03-22T21:50:52.798489,KXBTC15M-26MAR222300-00 (15m),0.31,MARKET_DATA,REAL
2026-03-22T21:50:55.467073,KXBTCD-26MAR2223-T68199.99 (1h),0.53,MARKET_DATA,REAL
2026-03-22T21:50:55.807531,KXBTCD-26MAR2223-T67999.99 (1h),0.97,MARKET_DATA,REAL
2026-03-22T21:50:55.888479,KXBTCD-26MAR2223-T68399.99 (1h),0.04,MARKET_DATA,REAL
2026-03-22T21:50:59.489394,KXHIGHNY-26MAR22-B62.5 (Market),0.99,MARKET_DATA,REAL
2026-03-22T21:50:59.490181,KXHIGHNY (F),51.98,MARKET_DATA,REAL
2026-03-22T21:51:02.653176,KXHIGHLAX-26MAR22-T75 (Market),0.99,MARKET_DATA,REAL
2026-03-22T21:51:02.653955,KXHIGHLAX (F),60.8,MARKET_DATA,REAL
2026-03-22T21:51:05.848518,KXHIGHCHI-26MAR22-T65 (Market),0.99,MARKET_DATA,REAL
2026-03-22T21:51:05.849459,KXHIGHCHI (F),33.8,MARKET_DATA,REAL
2026-03-22T21:51:09.089092,KXHIGHMIA-26MAR22-B81.5 (Market),0.99,MARKET_DATA,REAL
2026-03-22T21:51:09.089794,KXHIGHMIA (F),71.6,MARKET_DATA,REAL
2026-03-22T21:51:12.925066,BTC-USD (Coinbase),68216.41,MARKET_DATA,REAL
2026-03-22T21:51:13.005087,KXBTC15M-26MAR222300-00 (15m),0.35,MARKET_DATA,REAL
2026-03-22T21:51:15.764005,KXBTCD-26MAR2223-T68199.99 (1h),0.59,MARKET_DATA,REAL
2026-03-22T21:51:15.848485,KXBTCD-26MAR2223-T67999.99 (1h),0.98,MARKET_DATA,REAL
2026-03-22T21:51:15.927714,KXBTCD-26MAR2223-T68399.99 (1h),0.04,MARKET_DATA,REAL
2026-03-22T21:51:16.017731,KXBTCD-26MAR2223-T68199.99,0.6,SIGNAL_BUY,EXECUTED
2026-03-22T21:51:17.735584,KXHIGHNY-26MAR22-B62.5 (Market),0.99,MARKET_DATA,REAL
2026-03-22T21:51:17.736302,KXHIGHNY (F),51.98,MARKET_DATA,REAL
2026-03-22T21:51:20.949775,KXHIGHLAX-26MAR22-T75 (Market),0.99,MARKET_DATA,REAL
2026-03-22T21:51:20.950560,KXHIGHLAX (F),60.8,MARKET_DATA,REAL
2026-03-22T21:51:24.131569,KXHIGHCHI-26MAR22-T65 (Market),0.99,MARKET_DATA,REAL
2026-03-22T21:51:24.132956,KXHIGHCHI (F),33.8,MARKET_DATA,REAL
2026-03-22T21:51:27.022504,KXHIGHMIA-26MAR22-B81.5 (Market),0.99,MARKET_DATA,REAL
2026-03-22T21:51:27.022993,KXHIGHMIA (F),71.6,MARKET_DATA,REAL
2026-03-22T21:51:30.824659,BTC-USD (Coinbase),68241.6,MARKET_DATA,REAL
2026-03-22T21:51:30.916522,KXBTC15M-26MAR222300-00 (15m),0.4,MARKET_DATA,REAL
2026-03-22T21:51:33.707862,KXBTCD-26MAR2223-T68199.99 (1h),0.62,MARKET_DATA,REAL
2026-03-22T21:51:33.791556,KXBTCD-26MAR2223-T67999.99 (1h),0.99,MARKET_DATA,REAL
2026-03-22T21:51:33.875105,KXBTCD-26MAR2223-T68399.99 (1h),0.04,MARKET_DATA,REAL
2026-03-22T21:51:36.274653,KXHIGHNY-26MAR22-B62.5 (Market),0.99,MARKET_DATA,REAL
2026-03-22T21:51:36.275627,KXHIGHNY (F),51.98,MARKET_DATA,REAL
2026-03-22T21:51:39.812182,KXHIGHLAX-26MAR22-T75 (Market),0.99,MARKET_DATA,REAL
2026-03-22T21:51:39.813005,KXHIGHLAX (F),60.8,MARKET_DATA,REAL
2026-03-22T21:51:43.053978,KXHIGHCHI-26MAR22-T65 (Market),0.99,MARKET_DATA,REAL
2026-03-22T21:51:43.054806,KXHIGHCHI (F),33.8,MARKET_DATA,REAL
2026-03-22T21:51:46.522541,KXHIGHMIA-26MAR22-B81.5 (Market),0.99,MARKET_DATA,REAL
2026-03-22T21:51:46.523355,KXHIGHMIA (F),71.6,MARKET_DATA,REAL
2026-03-22T21:51:50.411652,BTC-USD (Coinbase),68235.31,MARKET_DATA,REAL
2026-03-22T21:51:50.498620,KXBTC15M-26MAR222300-00 (15m),0.38,MARKET_DATA,REAL
2026-03-22T21:51:53.524149,KXBTCD-26MAR2223-T68199.99 (1h),0.62,MARKET_DATA,REAL
2026-03-22T21:51:53.616219,KXBTCD-26MAR2223-T67999.99 (1h),0.99,MARKET_DATA,REAL
2026-03-22T21:51:53.731562,KXBTCD-26MAR2223-T68399.99 (1h),0.04,MARKET_DATA,REAL
2026-03-22T21:51:56.257677,KXHIGHNY-26MAR22-B62.5 (Market),0.99,MARKET_DATA,REAL
2026-03-22T21:51:56.259302,KXHIGHNY (F),51.98,MARKET_DATA,REAL
2026-03-22T21:52:00.928082,KXHIGHLAX-26MAR22-T75 (Market),0.99,MARKET_DATA,REAL
2026-03-22T21:52:00.928561,KXHIGHLAX (F),60.8,MARKET_DATA,REAL
2026-03-22T21:52:05.101110,KXHIGHCHI-26MAR22-T65 (Market),0.99,MARKET_DATA,REAL
2026-03-22T21:52:05.101881,KXHIGHCHI (F),33.8,MARKET_DATA,REAL
2026-03-22T21:52:09.449936,KXHIGHMIA-26MAR22-B81.5 (Market),0.99,MARKET_DATA,REAL
2026-03-22T21:52:09.452125,KXHIGHMIA (F),71.6,MARKET_DATA,REAL
2026-03-22T21:52:13.357533,BTC-USD (Coinbase),68225.85,MARKET_DATA,REAL
2026-03-22T21:52:13.521681,KXBTC15M-26MAR222300-00 (15m),0.33,MARKET_DATA,REAL
2026-03-22T21:52:16.289437,KXBTCD-26MAR2223-T68199.99 (1h),0.6,MARKET_DATA,REAL
2026-03-22T21:52:16.376252,KXBTCD-26MAR2223-T67999.99 (1h),0.99,MARKET_DATA,REAL
2026-03-22T21:52:16.459709,KXBTCD-26MAR2223-T68399.99 (1h),0.04,MARKET_DATA,REAL
2026-03-22T21:52:19.841853,KXHIGHNY-26MAR22-B62.5 (Market),0.99,MARKET_DATA,REAL
2026-03-22T21:52:19.850824,KXHIGHNY (F),51.98,MARKET_DATA,REAL
2026-03-22T21:52:22.728547,KXHIGHLAX-26MAR22-T75 (Market),0.99,MARKET_DATA,REAL
2026-03-22T21:52:22.729498,KXHIGHLAX (F),60.8,MARKET_DATA,REAL
2026-03-22T21:52:25.956677,KXHIGHCHI-26MAR22-T65 (Market),0.99,MARKET_DATA,REAL
2026-03-22T21:52:25.958082,KXHIGHCHI (F),33.8,MARKET_DATA,REAL
2026-03-22T21:52:29.241839,KXHIGHMIA-26MAR22-B81.5 (Market),0.99,MARKET_DATA,REAL
2026-03-22T21:52:29.242577,KXHIGHMIA (F),71.6,MARKET_DATA,REAL
2026-03-22T21:52:32.982358,BTC-USD (Coinbase),68229.99,MARKET_DATA,REAL
2026-03-22T21:52:33.082564,KXBTC15M-26MAR222300-00 (15m),0.31,MARKET_DATA,REAL
2026-03-22T21:52:35.720782,KXBTCD-26MAR2223-T68199.99 (1h),0.62,MARKET_DATA,REAL
2026-03-22T21:52:35.806277,KXBTCD-26MAR2223-T67999.99 (1h),0.99,MARKET_DATA,REAL
2026-03-22T21:52:35.890552,KXBTCD-26MAR2223-T68399.99 (1h),0.04,MARKET_DATA,REAL
2026-03-22T21:52:38.019293,KXHIGHNY-26MAR22-B62.5 (Market),0.99,MARKET_DATA,REAL
2026-03-22T21:52:38.020310,KXHIGHNY (F),51.98,MARKET_DATA,REAL
2026-03-22T21:52:41.142997,KXHIGHLAX-26MAR22-T75 (Market),0.99,MARKET_DATA,REAL
2026-03-22T21:52:41.144367,KXHIGHLAX (F),60.8,MARKET_DATA,REAL
2026-03-22T21:52:44.216969,KXHIGHCHI-26MAR22-T65 (Market),0.99,MARKET_DATA,REAL
2026-03-22T21:52:44.218385,KXHIGHCHI (F),33.8,MARKET_DATA,REAL
2026-03-22T21:52:47.271019,KXHIGHMIA-26MAR22-B81.5 (Market),0.99,MARKET_DATA,REAL
2026-03-22T21:52:47.272853,KXHIGHMIA (F),71.6,MARKET_DATA,REAL
2026-03-22T21:52:51.052893,BTC-USD (Coinbase),68230.02,MARKET_DATA,REAL
2026-03-22T21:52:51.166338,KXBTC15M-26MAR222300-00 (15m),0.33,MARKET_DATA,REAL
2026-03-22T21:52:53.773143,KXBTCD-26MAR2223-T68199.99 (1h),0.64,MARKET_DATA,REAL
2026-03-22T21:52:53.859443,KXBTCD-26MAR2223-T67999.99 (1h),0.99,MARKET_DATA,REAL
2026-03-22T21:52:53.937022,KXBTCD-26MAR2223-T68399.99 (1h),0.01,MARKET_DATA,REAL
2026-03-22T21:52:56.167453,KXHIGHNY-26MAR22-B62.5 (Market),0.99,MARKET_DATA,REAL
2026-03-22T21:52:56.168800,KXHIGHNY (F),51.98,MARKET_DATA,REAL
2026-03-22T21:52:59.299060,KXHIGHLAX-26MAR22-T75 (Market),0.99,MARKET_DATA,REAL
2026-03-22T21:52:59.299922,KXHIGHLAX (F),60.8,MARKET_DATA,REAL
2026-03-22T21:53:02.265804,KXHIGHCHI-26MAR22-T65 (Market),0.99,MARKET_DATA,REAL
2026-03-22T21:53:02.266625,KXHIGHCHI (F),33.8,MARKET_DATA,REAL
2026-03-22T21:53:05.315247,KXHIGHMIA-26MAR22-B81.5 (Market),0.99,MARKET_DATA,REAL
2026-03-22T21:53:05.344233,KXHIGHMIA (F),71.6,MARKET_DATA,REAL
2026-03-22T21:53:09.174678,BTC-USD (Coinbase),68229.62,MARKET_DATA,REAL
2026-03-22T21:53:09.259612,KXBTC15M-26MAR222300-00 (15m),0.36,MARKET_DATA,REAL
2026-03-22T21:53:11.915770,KXBTCD-26MAR2223-T68199.99 (1h),0.64,MARKET_DATA,REAL
2026-03-22T21:53:12.003835,KXBTCD-26MAR2223-T67999.99 (1h),0.99,MARKET_DATA,REAL
2026-03-22T21:53:12.084335,KXBTCD-26MAR2223-T68399.99 (1h),0.02,MARKET_DATA,REAL
2026-03-22T21:53:14.236171,KXHIGHNY-26MAR22-B62.5 (Market),0.99,MARKET_DATA,REAL
2026-03-22T21:53:14.237749,KXHIGHNY (F),51.98,MARKET_DATA,REAL
2026-03-22T21:53:18.418237,KXHIGHLAX-26MAR22-T75 (Market),0.99,MARKET_DATA,REAL
2026-03-22T21:53:18.420035,KXHIGHLAX (F),60.8,MARKET_DATA,REAL
2026-03-22T21:53:22.657284,KXHIGHCHI-26MAR22-T65 (Market),0.99,MARKET_DATA,REAL
2026-03-22T21:53:22.658847,KXHIGHCHI (F),33.8,MARKET_DATA,REAL
2026-03-22T21:53:26.958081,KXHIGHMIA-26MAR22-B81.5 (Market),0.99,MARKET_DATA,REAL
2026-03-22T21:53:26.959196,KXHIGHMIA (F),71.6,MARKET_DATA,REAL
2026-03-22T21:53:30.741277,BTC-USD (Coinbase),68194.36,MARKET_DATA,REAL
2026-03-22T21:53:30.904331,KXBTC15M-26MAR222300-00 (15m),0.24,MARKET_DATA,REAL
2026-03-22T21:53:30.912697,KXBTC15M-26MAR222300-00,0.76,SIGNAL_BUY,EXECUTED
2026-03-22T21:53:33.503027,KXBTCD-26MAR2223-T68199.99 (1h),0.44,MARKET_DATA,REAL
2026-03-22T21:53:33.612276,KXBTCD-26MAR2223-T67999.99 (1h),0.99,MARKET_DATA,REAL
2026-03-22T21:53:33.697203,KXBTCD-26MAR2223-T68399.99 (1h),0.01,MARKET_DATA,REAL
2026-03-22T21:53:37.141725,KXHIGHNY-26MAR22-B62.5 (Market),0.99,MARKET_DATA,REAL
2026-03-22T21:53:37.143493,KXHIGHNY (F),51.98,MARKET_DATA,REAL
2026-03-22T21:53:40.433065,KXHIGHLAX-26MAR22-T75 (Market),0.99,MARKET_DATA,REAL
2026-03-22T21:53:40.433919,KXHIGHLAX (F),60.8,MARKET_DATA,REAL
2026-03-22T21:53:43.755497,KXHIGHCHI-26MAR22-T65 (Market),0.99,MARKET_DATA,REAL
2026-03-22T21:53:43.756863,KXHIGHCHI (F),33.8,MARKET_DATA,REAL
2026-03-22T21:53:46.767831,KXHIGHMIA-26MAR22-B81.5 (Market),0.99,MARKET_DATA,REAL
2026-03-22T21:53:46.768667,KXHIGHMIA (F),71.6,MARKET_DATA,REAL
2026-03-22T21:53:50.688123,BTC-USD (Coinbase),68184.89,MARKET_DATA,REAL
2026-03-22T21:53:50.773975,KXBTC15M-26MAR222300-00 (15m),0.18,MARKET_DATA,REAL
2026-03-22T21:53:53.424429,KXBTCD-26MAR2223-T68199.99 (1h),0.37,MARKET_DATA,REAL
2026-03-22T21:53:53.512983,KXBTCD-26MAR2223-T67999.99 (1h),0.98,MARKET_DATA,REAL
2026-03-22T21:53:53.598081,KXBTCD-26MAR2223-T68399.99 (1h),0.01,MARKET_DATA,REAL
2026-03-22T21:53:56.474282,KXHIGHNY-26MAR22-B62.5 (Market),0.99,MARKET_DATA,REAL
2026-03-22T21:53:56.474787,KXHIGHNY (F),51.98,MARKET_DATA,REAL
2026-03-22T21:53:59.877531,KXHIGHLAX-26MAR22-T75 (Market),0.99,MARKET_DATA,REAL
2026-03-22T21:53:59.878596,KXHIGHLAX (F),60.8,MARKET_DATA,REAL
2026-03-22T21:54:02.645390,KXHIGHCHI-26MAR22-T65 (Market),0.99,MARKET_DATA,REAL
2026-03-22T21:54:02.645878,KXHIGHCHI (F),33.8,MARKET_DATA,REAL
2026-03-22T21:54:06.027827,KXHIGHMIA-26MAR22-B81.5 (Market),0.99,MARKET_DATA,REAL
2026-03-22T21:54:06.028631,KXHIGHMIA (F),71.6,MARKET_DATA,REAL
2026-03-22T21:54:09.846998,BTC-USD (Coinbase),68176.0,MARKET_DATA,REAL
2026-03-22T21:54:09.932611,KXBTC15M-26MAR222300-00 (15m),0.16,MARKET_DATA,REAL
2026-03-22T21:54:12.733962,KXBTCD-26MAR2223-T68199.99 (1h),0.38,MARKET_DATA,REAL
2026-03-22T21:54:12.814799,KXBTCD-26MAR2223-T67999.99 (1h),0.98,MARKET_DATA,REAL
2026-03-22T21:54:12.895134,KXBTCD-26MAR2223-T68399.99 (1h),0.01,MARKET_DATA,REAL
2026-03-22T21:54:15.286899,KXHIGHNY-26MAR22-B62.5 (Market),0.99,MARKET_DATA,REAL
2026-03-22T21:54:15.288204,KXHIGHNY (F),51.98,MARKET_DATA,REAL
2026-03-22T21:54:19.727825,KXHIGHLAX-26MAR22-T75 (Market),0.99,MARKET_DATA,REAL
2026-03-22T21:54:19.728690,KXHIGHLAX (F),60.8,MARKET_DATA,REAL
2026-03-22T21:54:24.270575,KXHIGHCHI-26MAR22-T65 (Market),0.99,MARKET_DATA,REAL
2026-03-22T21:54:24.272225,KXHIGHCHI (F),33.8,MARKET_DATA,REAL
2026-03-22T21:54:28.546690,KXHIGHMIA-26MAR22-B81.5 (Market),0.99,MARKET_DATA,REAL
2026-03-22T21:54:28.548297,KXHIGHMIA (F),71.6,MARKET_DATA,REAL
2026-03-22T21:54:32.235877,BTC-USD (Coinbase),68174.95,MARKET_DATA,REAL
2026-03-22T21:54:32.529875,KXBTC15M-26MAR222300-00 (15m),0.11,MARKET_DATA,REAL
2026-03-22T21:54:35.651111,KXBTCD-26MAR2223-T68199.99 (1h),0.33,MARKET_DATA,REAL
2026-03-22T21:54:35.736653,KXBTCD-26MAR2223-T67999.99 (1h),0.98,MARKET_DATA,REAL
2026-03-22T21:54:35.848267,KXBTCD-26MAR2223-T68399.99 (1h),0.01,MARKET_DATA,REAL
2026-03-22T21:54:39.299834,KXHIGHNY-26MAR22-B62.5 (Market),0.99,MARKET_DATA,REAL
2026-03-22T21:54:39.301401,KXHIGHNY (F),51.98,MARKET_DATA,REAL
2026-03-22T21:54:42.425368,KXHIGHLAX-26MAR22-T75 (Market),0.99,MARKET_DATA,REAL
2026-03-22T21:54:42.426859,KXHIGHLAX (F),60.8,MARKET_DATA,REAL
2026-03-22T21:54:45.515074,KXHIGHCHI-26MAR22-T65 (Market),0.99,MARKET_DATA,REAL
2026-03-22T21:54:45.515818,KXHIGHCHI (F),33.8,MARKET_DATA,REAL
2026-03-22T21:54:48.537216,KXHIGHMIA-26MAR22-B81.5 (Market),0.99,MARKET_DATA,REAL
2026-03-22T21:54:48.539231,KXHIGHMIA (F),71.6,MARKET_DATA,REAL
2026-03-22T21:54:52.229327,BTC-USD (Coinbase),68214.01,MARKET_DATA,REAL
2026-03-22T21:54:52.333874,KXBTC15M-26MAR222300-00 (15m),0.14,MARKET_DATA,REAL
2026-03-22T21:54:55.221401,KXBTCD-26MAR2223-T68199.99 (1h),0.49,MARKET_DATA,REAL
2026-03-22T21:54:55.305934,KXBTCD-26MAR2223-T67999.99 (1h),0.98,MARKET_DATA,REAL
2026-03-22T21:54:55.391236,KXBTCD-26MAR2223-T68399.99 (1h),0.01,MARKET_DATA,REAL
2026-03-22T21:54:57.526493,KXHIGHNY-26MAR22-B62.5 (Market),0.99,MARKET_DATA,REAL
2026-03-22T21:54:57.527137,KXHIGHNY (F),51.98,MARKET_DATA,REAL
2026-03-22T21:55:00.749142,KXHIGHLAX-26MAR22-T75 (Market),0.99,MARKET_DATA,REAL
2026-03-22T21:55:00.750704,KXHIGHLAX (F),60.8,MARKET_DATA,REAL
2026-03-22T21:55:03.792138,KXHIGHCHI-26MAR22-T65 (Market),0.99,MARKET_DATA,REAL
2026-03-22T21:55:03.793625,KXHIGHCHI (F),33.8,MARKET_DATA,REAL
2026-03-22T21:55:06.946807,KXHIGHMIA-26MAR22-B81.5 (Market),0.99,MARKET_DATA,REAL
2026-03-22T21:55:06.948027,KXHIGHMIA (F),71.6,MARKET_DATA,REAL
2026-03-22T21:55:10.735257,BTC-USD (Coinbase),68214.45,MARKET_DATA,REAL
2026-03-22T21:55:10.867022,KXBTC15M-26MAR222300-00 (15m),0.22,MARKET_DATA,REAL
2026-03-22T21:55:13.482174,KXBTCD-26MAR2223-T68199.99 (1h),0.56,MARKET_DATA,REAL
2026-03-22T21:55:13.566268,KXBTCD-26MAR2223-T67999.99 (1h),0.99,MARKET_DATA,REAL
2026-03-22T21:55:13.648587,KXBTCD-26MAR2223-T68399.99 (1h),0.01,MARKET_DATA,REAL
2026-03-22T21:55:15.985131,KXHIGHNY-26MAR22-B62.5 (Market),0.99,MARKET_DATA,REAL
2026-03-22T21:55:15.986429,KXHIGHNY (F),51.98,MARKET_DATA,REAL
2026-03-22T21:55:19.196167,KXHIGHLAX-26MAR22-T75 (Market),0.99,MARKET_DATA,REAL
2026-03-22T21:55:19.200819,KXHIGHLAX (F),60.8,MARKET_DATA,REAL
2026-03-22T21:55:22.229937,KXHIGHCHI-26MAR22-T65 (Market),0.99,MARKET_DATA,REAL
2026-03-22T21:55:22.231531,KXHIGHCHI (F),33.8,MARKET_DATA,REAL
2026-03-22T21:55:25.723905,KXHIGHMIA-26MAR22-B81.5 (Market),0.99,MARKET_DATA,REAL
2026-03-22T21:55:25.724631,KXHIGHMIA (F),71.6,MARKET_DATA,REAL
2026-03-22T21:55:29.575821,BTC-USD (Coinbase),68216.41,MARKET_DATA,REAL
2026-03-22T21:55:29.654360,KXBTC15M-26MAR222300-00 (15m),0.23,MARKET_DATA,REAL
2026-03-22T21:55:32.577979,KXBTCD-26MAR2223-T68199.99 (1h),0.6,MARKET_DATA,REAL
2026-03-22T21:55:32.659194,KXBTCD-26MAR2223-T67999.99 (1h),0.99,MARKET_DATA,REAL
2026-03-22T21:55:32.742051,KXBTCD-26MAR2223-T68399.99 (1h),0.01,MARKET_DATA,REAL
2026-03-22T21:55:35.065604,KXHIGHNY-26MAR22-B62.5 (Market),0.99,MARKET_DATA,REAL
2026-03-22T21:55:35.066055,KXHIGHNY (F),51.98,MARKET_DATA,REAL
2026-03-22T21:55:38.839004,KXHIGHLAX-26MAR22-T75 (Market),0.99,MARKET_DATA,REAL
2026-03-22T21:55:38.839913,KXHIGHLAX (F),60.8,MARKET_DATA,REAL
2026-03-22T21:55:42.620258,KXHIGHCHI-26MAR22-T65 (Market),0.99,MARKET_DATA,REAL
2026-03-22T21:55:42.620673,KXHIGHCHI (F),33.8,MARKET_DATA,REAL
2026-03-22T21:55:46.032339,KXHIGHMIA-26MAR22-B81.5 (Market),0.99,MARKET_DATA,REAL
2026-03-22T21:55:46.032906,KXHIGHMIA (F),71.6,MARKET_DATA,REAL
2026-03-22T21:55:49.450600,BTC-USD (Coinbase),68178.59,MARKET_DATA,REAL
2026-03-22T21:55:49.608425,KXBTC15M-26MAR222300-00 (15m),0.12,MARKET_DATA,REAL
2026-03-22T21:55:52.017325,KXBTCD-26MAR2223-T68199.99 (1h),0.28,MARKET_DATA,REAL
2026-03-22T21:55:52.108707,KXBTCD-26MAR2223-T67999.99 (1h),0.99,MARKET_DATA,REAL
2026-03-22T21:55:52.189656,KXBTCD-26MAR2223-T68399.99 (1h),0.01,MARKET_DATA,REAL
2026-03-22T21:55:55.495609,KXHIGHNY-26MAR22-B62.5 (Market),0.99,MARKET_DATA,REAL
2026-03-22T21:55:55.497400,KXHIGHNY (F),51.98,MARKET_DATA,REAL
2026-03-22T21:55:58.721003,KXHIGHLAX-26MAR22-T75 (Market),0.99,MARKET_DATA,REAL
2026-03-22T21:55:58.723325,KXHIGHLAX (F),60.8,MARKET_DATA,REAL
2026-03-22T21:56:01.970928,KXHIGHCHI-26MAR22-T65 (Market),0.99,MARKET_DATA,REAL
2026-03-22T21:56:01.972165,KXHIGHCHI (F),33.8,MARKET_DATA,REAL
2026-03-22T21:56:05.319963,KXHIGHMIA-26MAR22-B81.5 (Market),0.99,MARKET_DATA,REAL
2026-03-22T21:56:05.320752,KXHIGHMIA (F),71.6,MARKET_DATA,REAL
2026-03-22T21:56:09.140012,BTC-USD (Coinbase),68220.64,MARKET_DATA,REAL
2026-03-22T21:56:09.239687,KXBTC15M-26MAR222300-00 (15m),0.22,MARKET_DATA,REAL
2026-03-22T21:56:11.960540,KXBTCD-26MAR2223-T68199.99 (1h),0.48,MARKET_DATA,REAL
2026-03-22T21:56:12.045073,KXBTCD-26MAR2223-T67999.99 (1h),0.99,MARKET_DATA,REAL
2026-03-22T21:56:12.131677,KXBTCD-26MAR2223-T68399.99 (1h),0.01,MARKET_DATA,REAL
2026-03-22T21:56:14.521364,KXHIGHNY-26MAR22-B62.5 (Market),0.99,MARKET_DATA,REAL
2026-03-22T21:56:14.522315,KXHIGHNY (F),51.98,MARKET_DATA,REAL
2026-03-22T21:56:17.854470,KXHIGHLAX-26MAR22-T75 (Market),0.99,MARKET_DATA,REAL
2026-03-22T21:56:17.855588,KXHIGHLAX (F),60.8,MARKET_DATA,REAL
2026-03-22T21:56:21.133500,KXHIGHCHI-26MAR22-T65 (Market),0.99,MARKET_DATA,REAL
2026-03-22T21:56:21.134533,KXHIGHCHI (F),33.8,MARKET_DATA,REAL
2026-03-22T21:56:24.362072,KXHIGHMIA-26MAR22-B81.5 (Market),0.99,MARKET_DATA,REAL
2026-03-22T21:56:24.362972,KXHIGHMIA (F),71.6,MARKET_DATA,REAL
2026-03-22T21:56:28.104924,BTC-USD (Coinbase),68232.15,MARKET_DATA,REAL
2026-03-22T21:56:28.190475,KXBTC15M-26MAR222300-00 (15m),0.24,MARKET_DATA,REAL
2026-03-22T21:56:30.953414,KXBTCD-26MAR2223-T68199.99 (1h),0.7,MARKET_DATA,REAL
2026-03-22T21:56:31.082397,KXBTCD-26MAR2223-T67999.99 (1h),0.99,MARKET_DATA,REAL
2026-03-22T21:56:31.162667,KXBTCD-26MAR2223-T68399.99 (1h),0.01,MARKET_DATA,REAL
2026-03-22T21:56:33.311617,KXHIGHNY-26MAR22-B62.5 (Market),0.99,MARKET_DATA,REAL
2026-03-22T21:56:33.312323,KXHIGHNY (F),51.98,MARKET_DATA,REAL
2026-03-22T21:56:36.621626,KXHIGHLAX-26MAR22-T75 (Market),0.99,MARKET_DATA,REAL
2026-03-22T21:56:36.622526,KXHIGHLAX (F),60.8,MARKET_DATA,REAL
2026-03-22T21:56:39.660725,KXHIGHCHI-26MAR22-T65 (Market),0.99,MARKET_DATA,REAL
2026-03-22T21:56:39.661493,KXHIGHCHI (F),33.8,MARKET_DATA,REAL
2026-03-22T21:56:43.078949,KXHIGHMIA-26MAR22-B81.5 (Market),0.99,MARKET_DATA,REAL
2026-03-22T21:56:43.079736,KXHIGHMIA (F),71.6,MARKET_DATA,REAL
2026-03-22T21:56:47.006539,BTC-USD (Coinbase),68254.21,MARKET_DATA,REAL
2026-03-22T21:56:47.092694,KXBTC15M-26MAR222300-00 (15m),0.23,MARKET_DATA,REAL
2026-03-22T21:56:50.162321,KXBTCD-26MAR2223-T68299.99 (1h),0.08,MARKET_DATA,REAL
2026-03-22T21:56:50.247522,KXBTCD-26MAR2223-T68099.99 (1h),0.99,MARKET_DATA,REAL
2026-03-22T21:56:50.342747,KXBTCD-26MAR2223-T68499.99 (1h),0.01,MARKET_DATA,REAL
2026-03-22T21:56:52.856532,KXHIGHNY-26MAR22-B62.5 (Market),0.99,MARKET_DATA,REAL
2026-03-22T21:56:52.857360,KXHIGHNY (F),51.98,MARKET_DATA,REAL
2026-03-22T21:56:57.251171,KXHIGHLAX-26MAR22-T75 (Market),0.99,MARKET_DATA,REAL
2026-03-22T21:56:57.252045,KXHIGHLAX (F),60.8,MARKET_DATA,REAL
2026-03-22T21:57:01.603843,KXHIGHCHI-26MAR22-T65 (Market),0.99,MARKET_DATA,REAL
2026-03-22T21:57:01.605222,KXHIGHCHI (F),33.8,MARKET_DATA,REAL
2026-03-22T21:57:06.041072,KXHIGHMIA-26MAR22-B81.5 (Market),0.99,MARKET_DATA,REAL
2026-03-22T21:57:06.042078,KXHIGHMIA (F),71.6,MARKET_DATA,REAL
2026-03-22T21:57:09.794432,BTC-USD (Coinbase),68251.88,MARKET_DATA,REAL
2026-03-22T21:57:09.956854,KXBTC15M-26MAR222300-00 (15m),0.34,MARKET_DATA,REAL
2026-03-22T21:57:12.795382,KXBTCD-26MAR2223-T68199.99 (1h),0.73,MARKET_DATA,REAL
2026-03-22T21:57:12.877391,KXBTCD-26MAR2223-T67999.99 (1h),0.99,MARKET_DATA,REAL
2026-03-22T21:57:12.958243,KXBTCD-26MAR2223-T68399.99 (1h),0.01,MARKET_DATA,REAL
2026-03-22T21:57:16.531912,KXHIGHNY-26MAR22-B62.5 (Market),0.99,MARKET_DATA,REAL
2026-03-22T21:57:16.532995,KXHIGHNY (F),51.98,MARKET_DATA,REAL
2026-03-22T21:57:19.757217,KXHIGHLAX-26MAR22-T75 (Market),0.99,MARKET_DATA,REAL
2026-03-22T21:57:19.757866,KXHIGHLAX (F),60.8,MARKET_DATA,REAL
2026-03-22T21:57:22.897596,KXHIGHCHI-26MAR22-T65 (Market),0.99,MARKET_DATA,REAL
2026-03-22T21:57:22.898779,KXHIGHCHI (F),33.8,MARKET_DATA,REAL
2026-03-22T21:57:26.103315,KXHIGHMIA-26MAR22-B81.5 (Market),0.99,MARKET_DATA,REAL
2026-03-22T21:57:26.104092,KXHIGHMIA (F),71.6,MARKET_DATA,REAL
2026-03-22T21:57:29.906724,BTC-USD (Coinbase),68247.33,MARKET_DATA,REAL
2026-03-22T21:57:29.991508,KXBTC15M-26MAR222300-00 (15m),0.28,MARKET_DATA,REAL
2026-03-22T21:57:32.739353,KXBTCD-26MAR2223-T68199.99 (1h),0.82,MARKET_DATA,REAL
2026-03-22T21:57:32.823117,KXBTCD-26MAR2223-T67999.99 (1h),0.99,MARKET_DATA,REAL
2026-03-22T21:57:32.904532,KXBTCD-26MAR2223-T68399.99 (1h),0.01,MARKET_DATA,REAL
2026-03-22T21:57:35.143838,KXHIGHNY-26MAR22-B62.5 (Market),0.99,MARKET_DATA,REAL
2026-03-22T21:57:35.144888,KXHIGHNY (F),51.98,MARKET_DATA,REAL
2026-03-22T21:57:38.327972,KXHIGHLAX-26MAR22-T75 (Market),0.99,MARKET_DATA,REAL
2026-03-22T21:57:38.329036,KXHIGHLAX (F),60.8,MARKET_DATA,REAL
2026-03-22T21:57:41.559447,KXHIGHCHI-26MAR22-T65 (Market),0.99,MARKET_DATA,REAL
2026-03-22T21:57:41.560430,KXHIGHCHI (F),33.8,MARKET_DATA,REAL
2026-03-22T21:57:44.800979,KXHIGHMIA-26MAR22-B81.5 (Market),0.99,MARKET_DATA,REAL
2026-03-22T21:57:44.802224,KXHIGHMIA (F),71.6,MARKET_DATA,REAL
2026-03-22T21:57:48.495149,BTC-USD (Coinbase),68243.98,MARKET_DATA,REAL
2026-03-22T21:57:48.591423,KXBTC15M-26MAR222300-00 (15m),0.3,MARKET_DATA,REAL
2026-03-22T21:57:51.253430,KXBTCD-26MAR2223-T68299.99 (1h),0.06,MARKET_DATA,REAL
2026-03-22T21:57:51.382976,KXBTCD-26MAR2223-T68099.99 (1h),0.99,MARKET_DATA,REAL
2026-03-22T21:57:51.464710,KXBTCD-26MAR2223-T68499.99 (1h),0.01,MARKET_DATA,REAL
2026-03-22T21:57:53.795945,KXHIGHNY-26MAR22-B62.5 (Market),0.99,MARKET_DATA,REAL
2026-03-22T21:57:53.798454,KXHIGHNY (F),51.98,MARKET_DATA,REAL
2026-03-22T21:57:57.040763,KXHIGHLAX-26MAR22-T75 (Market),0.99,MARKET_DATA,REAL
2026-03-22T21:57:57.041507,KXHIGHLAX (F),60.8,MARKET_DATA,REAL
2026-03-22T21:58:00.211067,KXHIGHCHI-26MAR22-T65 (Market),0.99,MARKET_DATA,REAL
2026-03-22T21:58:00.212568,KXHIGHCHI (F),33.8,MARKET_DATA,REAL
2026-03-22T21:58:03.328371,KXHIGHMIA-26MAR22-B81.5 (Market),0.99,MARKET_DATA,REAL
2026-03-22T21:58:03.329507,KXHIGHMIA (F),71.6,MARKET_DATA,REAL
2026-03-22T21:58:07.097532,BTC-USD (Coinbase),68266.72,MARKET_DATA,REAL
2026-03-22T21:58:07.194131,KXBTC15M-26MAR222300-00 (15m),0.31,MARKET_DATA,REAL
2026-03-22T21:58:09.872731,KXBTCD-26MAR2223-T68299.99 (1h),0.09,MARKET_DATA,REAL
2026-03-22T21:58:09.955947,KXBTCD-26MAR2223-T68099.99 (1h),0.99,MARKET_DATA,REAL
2026-03-22T21:58:10.041070,KXBTCD-26MAR2223-T68499.99 (1h),0.01,MARKET_DATA,REAL
2026-03-22T21:58:12.209374,KXHIGHNY-26MAR22-B62.5 (Market),0.99,MARKET_DATA,REAL
2026-03-22T21:58:12.209962,KXHIGHNY (F),51.98,MARKET_DATA,REAL
2026-03-22T21:58:16.649985,KXHIGHLAX-26MAR22-T75 (Market),0.99,MARKET_DATA,REAL
2026-03-22T21:58:16.650723,KXHIGHLAX (F),60.8,MARKET_DATA,REAL
2026-03-22T21:58:21.024152,KXHIGHCHI-26MAR22-T65 (Market),0.99,MARKET_DATA,REAL
2026-03-22T21:58:21.025262,KXHIGHCHI (F),33.8,MARKET_DATA,REAL
2026-03-22T21:58:25.524509,KXHIGHMIA-26MAR22-B81.5 (Market),0.99,MARKET_DATA,REAL
2026-03-22T21:58:25.526115,KXHIGHMIA (F),71.6,MARKET_DATA,REAL
2026-03-22T21:58:29.254138,BTC-USD (Coinbase),68288.85,MARKET_DATA,REAL
2026-03-22T21:58:29.422432,KXBTC15M-26MAR222300-00 (15m),0.78,MARKET_DATA,REAL
2026-03-22T21:58:32.093129,KXBTCD-26MAR2223-T68299.99 (1h),0.39,MARKET_DATA,REAL
2026-03-22T21:58:32.183359,KXBTCD-26MAR2223-T68099.99 (1h),0.99,MARKET_DATA,REAL
2026-03-22T21:58:32.265360,KXBTCD-26MAR2223-T68499.99 (1h),0.01,MARKET_DATA,REAL
2026-03-22T21:58:32.372365,KXBTCD-26MAR2223-T68299.99,0.61,SIGNAL_BUY,EXECUTED
2026-03-22T21:58:35.789810,KXHIGHNY-26MAR22-B62.5 (Market),0.99,MARKET_DATA,REAL
2026-03-22T21:58:35.790692,KXHIGHNY (F),51.98,MARKET_DATA,REAL
2026-03-22T21:58:38.856469,KXHIGHLAX-26MAR22-T75 (Market),0.99,MARKET_DATA,REAL
2026-03-22T21:58:38.857738,KXHIGHLAX (F),60.8,MARKET_DATA,REAL
2026-03-22T21:58:41.934052,KXHIGHCHI-26MAR22-T65 (Market),0.99,MARKET_DATA,REAL
2026-03-22T21:58:41.935132,KXHIGHCHI (F),33.8,MARKET_DATA,REAL
2026-03-22T21:58:45.209385,KXHIGHMIA-26MAR22-B81.5 (Market),0.99,MARKET_DATA,REAL
2026-03-22T21:58:45.210597,KXHIGHMIA (F),71.6,MARKET_DATA,REAL
2026-03-22T21:58:49.053653,BTC-USD (Coinbase),68288.85,MARKET_DATA,REAL
2026-03-22T21:58:49.136607,KXBTC15M-26MAR222300-00 (15m),0.85,MARKET_DATA,REAL
2026-03-22T21:58:51.876998,KXBTCD-26MAR2223-T68299.99 (1h),0.16,MARKET_DATA,REAL
2026-03-22T21:58:52.003409,KXBTCD-26MAR2223-T68099.99 (1h),0.99,MARKET_DATA,REAL
2026-03-22T21:58:52.129059,KXBTCD-26MAR2223-T68499.99 (1h),0.01,MARKET_DATA,REAL
2026-03-22T21:58:54.285947,KXHIGHNY-26MAR22-B62.5 (Market),0.99,MARKET_DATA,REAL
2026-03-22T21:58:54.286757,KXHIGHNY (F),51.98,MARKET_DATA,REAL
2026-03-22T21:58:57.422194,KXHIGHLAX-26MAR22-T75 (Market),0.99,MARKET_DATA,REAL
2026-03-22T21:58:57.422923,KXHIGHLAX (F),60.8,MARKET_DATA,REAL
2026-03-22T21:59:00.485447,KXHIGHCHI-26MAR22-T65 (Market),0.99,MARKET_DATA,REAL
2026-03-22T21:59:00.486237,KXHIGHCHI (F),33.8,MARKET_DATA,REAL
2026-03-22T21:59:04.202223,KXHIGHMIA-26MAR22-B81.5 (Market),0.99,MARKET_DATA,REAL
2026-03-22T21:59:04.203638,KXHIGHMIA (F),71.6,MARKET_DATA,REAL
2026-03-22T21:59:08.100538,BTC-USD (Coinbase),68309.2,MARKET_DATA,REAL
2026-03-22T21:59:08.185909,KXBTC15M-26MAR222300-00 (15m),0.902,MARKET_DATA,REAL
2026-03-22T21:59:11.220173,KXBTCD-26MAR2223-T68299.99 (1h),0.22,MARKET_DATA,REAL
2026-03-22T21:59:11.341943,KXBTCD-26MAR2223-T68099.99 (1h),0.99,MARKET_DATA,REAL
2026-03-22T21:59:11.440681,KXBTCD-26MAR2223-T68499.99 (1h),0.01,MARKET_DATA,REAL
2026-03-22T21:59:13.936388,KXHIGHNY-26MAR22-B62.5 (Market),0.99,MARKET_DATA,REAL
2026-03-22T21:59:13.937090,KXHIGHNY (F),51.98,MARKET_DATA,REAL
2026-03-22T21:59:18.229724,KXHIGHLAX-26MAR22-T75 (Market),0.99,MARKET_DATA,REAL
2026-03-22T21:59:18.232332,KXHIGHLAX (F),60.8,MARKET_DATA,REAL
2026-03-22T21:59:22.640001,KXHIGHCHI-26MAR22-T65 (Market),0.99,MARKET_DATA,REAL
2026-03-22T21:59:22.640899,KXHIGHCHI (F),33.8,MARKET_DATA,REAL
2026-03-22T21:59:26.929087,KXHIGHMIA-26MAR22-B81.5 (Market),0.99,MARKET_DATA,REAL
2026-03-22T21:59:26.930098,KXHIGHMIA (F),71.6,MARKET_DATA,REAL
2026-03-22T21:59:30.726853,BTC-USD (Coinbase),68299.12,MARKET_DATA,REAL
2026-03-22T21:59:30.904354,KXBTC15M-26MAR222300-00 (15m),0.999,MARKET_DATA,REAL
2026-03-22T21:59:33.770664,KXBTCD-26MAR2223-T68299.99 (1h),0.2,MARKET_DATA,REAL
2026-03-22T21:59:33.850425,KXBTCD-26MAR2223-T68099.99 (1h),0.99,MARKET_DATA,REAL
2026-03-22T21:59:33.936478,KXBTCD-26MAR2223-T68499.99 (1h),0.01,MARKET_DATA,REAL
2026-03-22T21:59:37.275602,KXHIGHNY-26MAR22-B62.5 (Market),0.99,MARKET_DATA,REAL
2026-03-22T21:59:37.276737,KXHIGHNY (F),51.98,MARKET_DATA,REAL
2026-03-22T21:59:40.593366,KXHIGHLAX-26MAR22-T75 (Market),0.99,MARKET_DATA,REAL
2026-03-22T21:59:40.594462,KXHIGHLAX (F),60.8,MARKET_DATA,REAL
2026-03-22T21:59:43.415962,KXHIGHCHI-26MAR22-T65 (Market),0.99,MARKET_DATA,REAL
2026-03-22T21:59:43.416793,KXHIGHCHI (F),33.8,MARKET_DATA,REAL
2026-03-22T21:59:46.602349,KXHIGHMIA-26MAR22-B81.5 (Market),0.99,MARKET_DATA,REAL
2026-03-22T21:59:46.603051,KXHIGHMIA (F),71.6,MARKET_DATA,REAL
2026-03-22T21:59:50.290670,BTC-USD (Coinbase),68302.43,MARKET_DATA,REAL
2026-03-22T21:59:50.404205,KXBTC15M-26MAR222300-00 (15m),0.999,MARKET_DATA,REAL
2026-03-22T21:59:53.128521,KXBTCD-26MAR2223-T68299.99 (1h),0.07,MARKET_DATA,REAL
2026-03-22T21:59:53.212587,KXBTCD-26MAR2223-T68099.99 (1h),0.99,MARKET_DATA,REAL
2026-03-22T21:59:53.292753,KXBTCD-26MAR2223-T68499.99 (1h),0.01,MARKET_DATA,REAL
2026-03-22T21:59:55.042309,KXHIGHNY-26MAR22-B62.5 (Market),0.99,MARKET_DATA,REAL
2026-03-22T21:59:55.043289,KXHIGHNY (F),51.98,MARKET_DATA,REAL
2026-03-22T21:59:58.457310,KXHIGHLAX-26MAR22-T75 (Market),0.99,MARKET_DATA,REAL
2026-03-22T21:59:58.458173,KXHIGHLAX (F),60.8,MARKET_DATA,REAL
2026-03-22T22:00:01.612859,KXHIGHCHI-26MAR22-T65 (Market),0.99,MARKET_DATA,REAL
2026-03-22T22:00:01.616215,KXHIGHCHI (F),33.8,MARKET_DATA,REAL
2026-03-22T22:00:04.986515,KXHIGHMIA-26MAR22-B81.5 (Market),0.99,MARKET_DATA,REAL
2026-03-22T22:00:04.987635,KXHIGHMIA (F),71.6,MARKET_DATA,REAL
2026-03-22T22:00:08.997869,BTC-USD (Coinbase),68343.53,MARKET_DATA,REAL
2026-03-22T22:00:09.083252,KXBTC15M-26MAR222300-00 (15m),0.999,MARKET_DATA,REAL
2026-03-22T22:00:11.636013,KXBTCD-26MAR2300-T68399.99 (1h),0.0,MARKET_DATA,REAL
2026-03-22T22:00:11.720604,KXBTCD-26MAR2300-T68199.99 (1h),0.0,MARKET_DATA,REAL
2026-03-22T22:00:11.813502,KXBTCD-26MAR2300-T68599.99 (1h),0.0,MARKET_DATA,REAL
2026-03-22T22:00:14.103806,KXHIGHNY-26MAR22-B62.5 (Market),0.99,MARKET_DATA,REAL
2026-03-22T22:00:14.105968,KXHIGHNY (F),51.98,MARKET_DATA,REAL
2026-03-22T22:00:17.462781,KXHIGHLAX-26MAR22-T75 (Market),0.99,MARKET_DATA,REAL
2026-03-22T22:00:17.464037,KXHIGHLAX (F),60.8,MARKET_DATA,REAL
2026-03-22T22:00:20.930862,KXHIGHCHI-26MAR22-T65 (Market),0.99,MARKET_DATA,REAL
2026-03-22T22:00:20.932108,KXHIGHCHI (F),33.8,MARKET_DATA,REAL
2026-03-22T22:00:24.456930,KXHIGHMIA-26MAR22-B81.5 (Market),0.99,MARKET_DATA,REAL
2026-03-22T22:00:24.457788,KXHIGHMIA (F),69.8,MARKET_DATA,REAL
2026-03-22T22:00:28.149405,BTC-USD (Coinbase),68361.99,MARKET_DATA,REAL
2026-03-22T22:00:28.229013,KXBTC15M-26MAR222300-00 (15m),0.999,MARKET_DATA,REAL
2026-03-22T22:00:30.914307,KXBTCD-26MAR2300-T68399.99 (1h),0.4,MARKET_DATA,REAL
2026-03-22T22:00:30.996206,KXBTCD-26MAR2300-T68199.99 (1h),0.67,MARKET_DATA,REAL
2026-03-22T22:00:31.075656,KXBTCD-26MAR2300-T68599.99 (1h),0.15,MARKET_DATA,REAL
2026-03-22T22:00:32.453307,KXHIGHNY-26MAR22-B62.5 (Market),0.99,MARKET_DATA,REAL
2026-03-22T22:00:32.454195,KXHIGHNY (F),51.98,MARKET_DATA,REAL
2026-03-22T22:00:35.817264,KXHIGHLAX-26MAR22-T75 (Market),0.99,MARKET_DATA,REAL
2026-03-22T22:00:35.819961,KXHIGHLAX (F),60.8,MARKET_DATA,REAL
2026-03-22T22:00:40.465652,KXHIGHCHI-26MAR22-T65 (Market),0.99,MARKET_DATA,REAL
2026-03-22T22:00:40.466369,KXHIGHCHI (F),33.8,MARKET_DATA,REAL
2026-03-22T22:00:44.943419,KXHIGHMIA-26MAR22-B81.5 (Market),0.99,MARKET_DATA,REAL
2026-03-22T22:00:44.944135,KXHIGHMIA (F),69.8,MARKET_DATA,REAL
2026-03-22T22:00:48.901840,BTC-USD (Coinbase),68386.5,MARKET_DATA,REAL
2026-03-22T22:00:49.059151,KXBTC15M-26MAR222315-15 (15m),0.65,MARKET_DATA,REAL
2026-03-22T22:00:52.059828,KXBTCD-26MAR2300-T68399.99 (1h),0.43,MARKET_DATA,REAL
2026-03-22T22:00:52.231985,KXBTCD-26MAR2300-T68199.99 (1h),0.73,MARKET_DATA,REAL
2026-03-22T22:00:52.317697,KXBTCD-26MAR2300-T68599.99 (1h),0.17,MARKET_DATA,REAL
2026-03-22T22:00:55.686640,KXHIGHNY-26MAR22-B62.5 (Market),0.99,MARKET_DATA,REAL
2026-03-22T22:00:55.688608,KXHIGHNY (F),51.98,MARKET_DATA,REAL
2026-03-22T22:00:59.334728,KXHIGHLAX-26MAR22-T75 (Market),0.99,MARKET_DATA,REAL
2026-03-22T22:00:59.335725,KXHIGHLAX (F),60.8,MARKET_DATA,REAL
2026-03-22T22:01:02.718208,KXHIGHCHI-26MAR22-T65 (Market),0.99,MARKET_DATA,REAL
2026-03-22T22:01:02.718969,KXHIGHCHI (F),33.8,MARKET_DATA,REAL
2026-03-22T22:01:06.042170,KXHIGHMIA-26MAR22-B81.5 (Market),0.99,MARKET_DATA,REAL
2026-03-22T22:01:06.043017,KXHIGHMIA (F),69.8,MARKET_DATA,REAL
2026-03-22T22:01:09.787681,BTC-USD (Coinbase),68367.6,MARKET_DATA,REAL
2026-03-22T22:01:09.875324,KXBTC15M-26MAR222315-15 (15m),0.67,MARKET_DATA,REAL
2026-03-22T22:01:12.797037,KXBTCD-26MAR2300-T68399.99 (1h),0.43,MARKET_DATA,REAL
2026-03-22T22:01:12.879196,KXBTCD-26MAR2300-T68199.99 (1h),0.72,MARKET_DATA,REAL
2026-03-22T22:01:12.967656,KXBTCD-26MAR2300-T68599.99 (1h),0.19,MARKET_DATA,REAL
2026-03-22T22:01:15.560564,KXHIGHNY-26MAR22-B62.5 (Market),0.99,MARKET_DATA,REAL
2026-03-22T22:01:15.561459,KXHIGHNY (F),51.98,MARKET_DATA,REAL
2026-03-22T22:01:18.431678,KXHIGHLAX-26MAR22-T75 (Market),0.99,MARKET_DATA,REAL
2026-03-22T22:01:18.432547,KXHIGHLAX (F),60.8,MARKET_DATA,REAL
2026-03-22T22:01:21.591737,KXHIGHCHI-26MAR22-T65 (Market),0.99,MARKET_DATA,REAL
2026-03-22T22:01:21.592487,KXHIGHCHI (F),33.8,MARKET_DATA,REAL
2026-03-22T22:01:24.627871,KXHIGHMIA-26MAR22-B81.5 (Market),0.99,MARKET_DATA,REAL
2026-03-22T22:01:24.628681,KXHIGHMIA (F),69.8,MARKET_DATA,REAL
2026-03-22T22:01:28.383809,BTC-USD (Coinbase),68400.0,MARKET_DATA,REAL
2026-03-22T22:01:28.470809,KXBTC15M-26MAR222315-15 (15m),0.68,MARKET_DATA,REAL
2026-03-22T22:01:31.306894,KXBTCD-26MAR2300-T68399.99 (1h),0.43,MARKET_DATA,REAL
2026-03-22T22:01:31.437457,KXBTCD-26MAR2300-T68199.99 (1h),0.72,MARKET_DATA,REAL
2026-03-22T22:01:31.574583,KXBTCD-26MAR2300-T68599.99 (1h),0.18,MARKET_DATA,REAL
2026-03-22T22:01:33.900473,KXHIGHNY-26MAR22-B62.5 (Market),0.99,MARKET_DATA,REAL
2026-03-22T22:01:33.901443,KXHIGHNY (F),51.98,MARKET_DATA,REAL
2026-03-22T22:01:38.233331,KXHIGHLAX-26MAR22-T75 (Market),0.99,MARKET_DATA,REAL
2026-03-22T22:01:38.234794,KXHIGHLAX (F),60.8,MARKET_DATA,REAL
2026-03-22T22:01:42.687080,KXHIGHCHI-26MAR22-T65 (Market),0.99,MARKET_DATA,REAL
2026-03-22T22:01:42.687886,KXHIGHCHI (F),33.8,MARKET_DATA,REAL
2026-03-22T22:01:46.824401,KXHIGHMIA-26MAR22-B81.5 (Market),0.99,MARKET_DATA,REAL
2026-03-22T22:01:46.825324,KXHIGHMIA (F),69.8,MARKET_DATA,REAL
2026-03-22T22:01:50.530574,BTC-USD (Coinbase),68471.55,MARKET_DATA,REAL
2026-03-22T22:01:50.688546,KXBTC15M-26MAR222315-15 (15m),0.8,MARKET_DATA,REAL
2026-03-22T22:01:53.338826,KXBTCD-26MAR2300-T68499.99 (1h),0.41,MARKET_DATA,REAL
2026-03-22T22:01:53.428355,KXBTCD-26MAR2300-T68299.99 (1h),0.69,MARKET_DATA,REAL
2026-03-22T22:01:53.525450,KXBTCD-26MAR2300-T68699.99 (1h),0.19,MARKET_DATA,REAL
2026-03-22T22:01:53.629426,KXBTCD-26MAR2300-T68499.99,0.59,SIGNAL_BUY,EXECUTED
2026-03-22T22:01:57.048320,KXHIGHNY-26MAR22-B62.5 (Market),0.99,MARKET_DATA,REAL
2026-03-22T22:01:57.049287,KXHIGHNY (F),51.98,MARKET_DATA,REAL
2026-03-22T22:02:00.165247,KXHIGHLAX-26MAR22-T75 (Market),0.99,MARKET_DATA,REAL
2026-03-22T22:02:00.166054,KXHIGHLAX (F),60.8,MARKET_DATA,REAL
2026-03-22T22:02:03.400783,KXHIGHCHI-26MAR22-T65 (Market),0.99,MARKET_DATA,REAL
2026-03-22T22:02:03.401697,KXHIGHCHI (F),33.8,MARKET_DATA,REAL
2026-03-22T22:02:06.853749,KXHIGHMIA-26MAR22-B81.5 (Market),0.99,MARKET_DATA,REAL
2026-03-22T22:02:06.856648,KXHIGHMIA (F),69.8,MARKET_DATA,REAL
2026-03-22T22:02:10.561069,BTC-USD (Coinbase),68446.0,MARKET_DATA,REAL
2026-03-22T22:02:10.640247,KXBTC15M-26MAR222315-15 (15m),0.8,MARKET_DATA,REAL
2026-03-22T22:02:13.780478,KXBTCD-26MAR2300-T68399.99 (1h),0.52,MARKET_DATA,REAL
2026-03-22T22:02:13.867693,KXBTCD-26MAR2300-T68199.99 (1h),0.76,MARKET_DATA,REAL
2026-03-22T22:02:14.023347,KXBTCD-26MAR2300-T68599.99 (1h),0.26,MARKET_DATA,REAL
2026-03-22T22:02:16.384172,KXHIGHNY-26MAR22-B62.5 (Market),0.99,MARKET_DATA,REAL
2026-03-22T22:02:16.385014,KXHIGHNY (F),51.98,MARKET_DATA,REAL
2026-03-22T22:02:19.458925,KXHIGHLAX-26MAR22-T75 (Market),0.99,MARKET_DATA,REAL
2026-03-22T22:02:19.460143,KXHIGHLAX (F),60.8,MARKET_DATA,REAL
2026-03-22T22:02:22.650284,KXHIGHCHI-26MAR22-T65 (Market),0.99,MARKET_DATA,REAL
2026-03-22T22:02:22.651321,KXHIGHCHI (F),33.8,MARKET_DATA,REAL
2026-03-22T22:02:26.035518,KXHIGHMIA-26MAR22-B81.5 (Market),0.99,MARKET_DATA,REAL
2026-03-22T22:02:26.036317,KXHIGHMIA (F),69.8,MARKET_DATA,REAL
2026-03-22T22:02:29.852679,BTC-USD (Coinbase),68468.39,MARKET_DATA,REAL
2026-03-22T22:02:29.939576,KXBTC15M-26MAR222315-15 (15m),0.81,MARKET_DATA,REAL
2026-03-22T22:02:32.653831,KXBTCD-26MAR2300-T68499.99 (1h),0.42,MARKET_DATA,REAL
2026-03-22T22:02:32.739085,KXBTCD-26MAR2300-T68299.99 (1h),0.69,MARKET_DATA,REAL
2026-03-22T22:02:32.819293,KXBTCD-26MAR2300-T68699.99 (1h),0.19,MARKET_DATA,REAL
2026-03-22T22:02:35.102223,KXHIGHNY-26MAR22-B62.5 (Market),0.99,MARKET_DATA,REAL
2026-03-22T22:02:35.103519,KXHIGHNY (F),51.98,MARKET_DATA,REAL
