Timestamp,Equity,Cash,Exposure,Realized_PnL,Unrealized_PnL
2026-03-22T19:35:10.876878,3000.0,3000.0,0.0,0.0,0
2026-03-22T19:36:19.380624,2999.76,2850.5200000000004,149.24,-0.24,0.0
2026-03-22T19:36:20.387373,2999.76,2850.5200000000004,149.24,-0.24,0.0
2026-03-22T19:36:21.396967,2999.76,2850.5200000000004,149.24,-0.24,0.0
2026-03-22T19:36:22.403894,3006.32,2850.5200000000004,149.24,-0.24,6.559999999999988
2026-03-22T19:36:23.412508,3006.32,2850.5200000000004,149.24,-0.24,6.559999999999988
2026-03-22T19:36:24.420714,3006.32,2850.5200000000004,149.24,-0.24,6.559999999999988
2026-03-22T19:36:25.429173,3006.32,2850.5200000000004,149.24,-0.24,6.559999999999988
2026-03-22T19:36:26.442780,3006.32,2850.5200000000004,149.24,-0.24,6.559999999999988
2026-03-22T19:36:27.454790,3006.32,2850.5200000000004,149.24,-0.24,6.559999999999988
2026-03-22T19:36:28.458650,3006.32,2850.5200000000004,149.24,-0.24,6.559999999999988
2026-03-22T19:36:29.462379,3006.32,2850.5200000000004,149.24,-0.24,6.559999999999988
2026-03-22T19:36:30.470821,3006.32,2850.5200000000004,149.24,-0.24,6.559999999999988
2026-03-22T19:36:31.480319,3006.32,2850.5200000000004,149.24,-0.24,6.559999999999988
2026-03-22T19:36:32.485335,3006.32,2850.5200000000004,149.24,-0.24,6.559999999999988
2026-03-22T19:36:33.490931,3006.32,2850.5200000000004,149.24,-0.24,6.559999999999988
2026-03-22T19:36:34.501455,3006.32,2850.5200000000004,149.24,-0.24,6.559999999999988
2026-03-22T19:36:35.513666,3006.32,2850.5200000000004,149.24,-0.24,6.559999999999988
2026-03-22T19:36:36.520610,2855.604,2855.604,0.0,-144.39600000000002,0
2026-03-22T19:36:37.524107,2855.604,2855.604,0.0,-144.39600000000002,0
2026-03-22T19:36:38.528493,2855.604,2855.604,0.0,-144.39600000000002,0
2026-03-22T19:36:39.533314,2855.604,2855.604,0.0,-144.39600000000002,0
2026-03-22T19:36:40.536831,2855.604,2855.604,0.0,-144.39600000000002,0
2026-03-22T19:36:41.545199,2855.604,2855.604,0.0,-144.39600000000002,0
2026-03-22T19:36:42.553571,2855.604,2855.604,0.0,-144.39600000000002,0
2026-03-22T19:36:43.562022,2855.604,2855.604,0.0,-144.39600000000002,0
2026-03-22T19:36:44.569557,2855.604,2855.604,0.0,-144.39600000000002,0
2026-03-22T19:36:45.585299,2855.604,2855.604,0.0,-144.39600000000002,0
2026-03-22T19:36:46.601457,2855.604,2855.604,0.0,-144.39600000000002,0
2026-03-22T19:36:47.618833,2855.604,2855.604,0.0,-144.39600000000002,0
2026-03-22T19:36:48.636038,2855.604,2855.604,0.0,-144.39600000000002,0
2026-03-22T19:36:49.645444,2855.604,2855.604,0.0,-144.39600000000002,0
2026-03-22T19:36:50.652389,2855.604,2855.604,0.0,-144.39600000000002,0
2026-03-22T19:36:51.670257,2855.604,2855.604,0.0,-144.39600000000002,0
2026-03-22T19:36:52.679123,2855.604,2855.604,0.0,-144.39600000000002,0
2026-03-22T19:36:53.686605,2855.604,2855.604,0.0,-144.39600000000002,0
2026-03-22T19:36:54.696459,2855.604,2855.604,0.0,-144.39600000000002,0
2026-03-22T19:36:55.709020,2855.604,2855.604,0.0,-144.39600000000002,0
2026-03-22T19:36:56.720633,2855.604,2855.604,0.0,-144.39600000000002,0
2026-03-22T19:36:57.737705,2855.604,2855.604,0.0,-144.39600000000002,0
2026-03-22T19:36:58.745529,2855.604,2855.604,0.0,-144.39600000000002,0
2026-03-22T19:36:59.753880,2855.604,2855.604,0.0,-144.39600000000002,0
2026-03-22T19:37:00.761823,2855.604,2855.604,0.0,-144.39600000000002,0
2026-03-22T19:37:01.770772,2855.604,2855.604,0.0,-144.39600000000002,0
2026-03-22T19:37:02.779001,2855.604,2855.604,0.0,-144.39600000000002,0
2026-03-22T19:37:03.782156,2855.604,2855.604,0.0,-144.39600000000002,0
2026-03-22T19:37:04.787539,2855.604,2855.604,0.0,-144.39600000000002,0
2026-03-22T19:37:05.795560,2855.604,2855.604,0.0,-144.39600000000002,0
2026-03-22T19:37:06.804200,2855.604,2712.8239999999996,142.78,-144.39600000000002,0
2026-03-22T19:37:07.811868,2854.574,2711.794,142.78,-145.42600000000002,0.0
2026-03-22T19:37:08.820413,2854.574,2711.794,142.78,-145.42600000000002,0.0
2026-03-22T19:37:09.835325,2854.574,2711.794,142.78,-145.42600000000002,0.0
2026-03-22T19:37:10.844962,2854.574,2711.794,142.78,-145.42600000000002,0.0
2026-03-22T19:37:11.853833,2854.574,2711.794,142.78,-145.42600000000002,0.0
2026-03-22T19:37:12.861752,2854.574,2711.794,142.78,-145.42600000000002,0.0
2026-03-22T19:37:13.870524,2854.574,2711.794,142.78,-145.42600000000002,0.0
2026-03-22T19:37:14.876712,2854.574,2711.794,142.78,-145.42600000000002,0.0
2026-03-22T19:37:15.887974,2854.574,2711.794,142.78,-145.42600000000002,0.0
2026-03-22T19:37:16.895701,2854.574,2711.794,142.78,-145.42600000000002,0.0
2026-03-22T19:37:17.904411,2856.994,2711.794,142.78,-145.42600000000002,2.420000000000002
2026-03-22T19:37:18.912476,2856.994,2711.794,142.78,-145.42600000000002,2.420000000000002
2026-03-22T19:37:19.920875,2856.994,2711.794,142.78,-145.42600000000002,2.420000000000002
2026-03-22T19:37:20.928686,2856.994,2711.794,142.78,-145.42600000000002,2.420000000000002
2026-03-22T19:37:21.944887,2856.994,2711.794,142.78,-145.42600000000002,2.420000000000002
2026-03-22T19:37:22.953325,2856.994,2711.794,142.78,-145.42600000000002,2.420000000000002
2026-03-22T19:37:23.961686,2856.994,2711.794,142.78,-145.42600000000002,2.420000000000002
2026-03-22T19:37:24.965780,2856.994,2711.794,142.78,-145.42600000000002,2.420000000000002
2026-03-22T19:37:25.972222,2856.994,2711.794,142.78,-145.42600000000002,2.420000000000002
2026-03-22T19:37:26.975662,2856.994,2711.794,142.78,-145.42600000000002,2.420000000000002
2026-03-22T19:37:27.989789,2856.994,2711.794,142.78,-145.42600000000002,2.420000000000002
2026-03-22T19:37:28.998875,2856.994,2711.794,142.78,-145.42600000000002,2.420000000000002
2026-03-22T19:37:30.018282,2856.994,2711.794,142.78,-145.42600000000002,2.420000000000002
2026-03-22T19:37:31.021379,2856.994,2711.794,142.78,-145.42600000000002,2.420000000000002
2026-03-22T19:37:32.029766,2856.994,2711.794,142.78,-145.42600000000002,2.420000000000002
2026-03-22T19:37:33.036725,2856.994,2711.794,142.78,-145.42600000000002,2.420000000000002
2026-03-22T19:37:34.044772,2856.994,2711.794,142.78,-145.42600000000002,2.420000000000002
2026-03-22T19:37:35.051871,2856.994,2711.794,142.78,-145.42600000000002,2.420000000000002
2026-03-22T19:37:36.054654,2856.994,2711.794,142.78,-145.42600000000002,2.420000000000002
2026-03-22T19:37:37.061480,2849.734,2711.794,142.78,-145.42600000000002,-4.839999999999978
2026-03-22T19:37:38.067893,2849.734,2711.794,142.78,-145.42600000000002,-4.839999999999978
2026-03-22T19:37:39.070589,2849.734,2711.794,142.78,-145.42600000000002,-4.839999999999978
2026-03-22T19:37:40.078443,2849.734,2711.794,142.78,-145.42600000000002,-4.839999999999978
2026-03-22T19:37:41.093692,2849.734,2711.794,142.78,-145.42600000000002,-4.839999999999978
2026-03-22T19:37:42.108609,2849.734,2711.794,142.78,-145.42600000000002,-4.839999999999978
2026-03-22T19:37:43.115094,2849.734,2711.794,142.78,-145.42600000000002,-4.839999999999978
2026-03-22T19:37:44.128708,2849.734,2711.794,142.78,-145.42600000000002,-4.839999999999978
2026-03-22T19:37:45.137188,2849.734,2711.794,142.78,-145.42600000000002,-4.839999999999978
2026-03-22T19:37:46.145040,2849.734,2711.794,142.78,-145.42600000000002,-4.839999999999978
2026-03-22T19:37:47.158111,2849.734,2711.794,142.78,-145.42600000000002,-4.839999999999978
2026-03-22T19:37:48.162281,2849.734,2711.794,142.78,-145.42600000000002,-4.839999999999978
2026-03-22T19:37:49.166637,2849.734,2711.794,142.78,-145.42600000000002,-4.839999999999978
2026-03-22T19:37:50.170281,2849.734,2711.794,142.78,-145.42600000000002,-4.839999999999978
2026-03-22T19:37:51.179909,2849.734,2711.794,142.78,-145.42600000000002,-4.839999999999978
2026-03-22T19:37:52.197463,2849.734,2711.794,142.78,-145.42600000000002,-4.839999999999978
2026-03-22T19:37:53.204956,2801.334,2801.334,0.0,-198.666,0
2026-03-22T19:37:54.212383,2801.334,2801.334,0.0,-198.666,0
2026-03-22T19:37:55.220345,2801.334,2801.334,0.0,-198.666,0
2026-03-22T19:37:56.229468,2801.334,2801.334,0.0,-198.666,0
2026-03-22T19:37:57.238314,2801.334,2801.334,0.0,-198.666,0
2026-03-22T19:37:58.242242,2801.334,2801.334,0.0,-198.666,0
2026-03-22T19:37:59.249787,2801.334,2801.334,0.0,-198.666,0
2026-03-22T19:38:00.254417,2801.334,2801.334,0.0,-198.666,0
2026-03-22T19:38:01.261718,2801.334,2801.334,0.0,-198.666,0
2026-03-22T19:38:02.273835,2801.334,2801.334,0.0,-198.666,0
2026-03-22T19:38:03.285911,2801.334,2801.334,0.0,-198.666,0
2026-03-22T19:38:04.289779,2801.334,2801.334,0.0,-198.666,0
2026-03-22T19:38:05.303428,2801.334,2801.334,0.0,-198.666,0
2026-03-22T19:38:06.314302,2801.334,2801.334,0.0,-198.666,0
2026-03-22T19:38:07.322154,2801.334,2801.334,0.0,-198.666,0
2026-03-22T19:38:08.328471,2801.334,2801.334,0.0,-198.666,0
2026-03-22T19:38:09.336728,2801.334,2801.334,0.0,-198.666,0
2026-03-22T19:38:10.353823,2801.334,2801.334,0.0,-198.666,0
2026-03-22T19:38:11.368577,2801.334,2801.334,0.0,-198.666,0
2026-03-22T19:38:12.394269,2801.334,2801.334,0.0,-198.666,0
2026-03-22T19:38:13.403404,2801.334,2801.334,0.0,-198.666,0
2026-03-22T19:38:14.412753,2801.334,2801.334,0.0,-198.666,0
2026-03-22T19:38:15.420172,2801.334,2801.334,0.0,-198.666,0
2026-03-22T19:38:16.433493,2801.334,2801.334,0.0,-198.666,0
2026-03-22T19:38:17.445680,2801.334,2801.334,0.0,-198.666,0
2026-03-22T19:38:18.460425,2801.334,2801.334,0.0,-198.666,0
2026-03-22T19:38:19.469975,2801.334,2801.334,0.0,-198.666,0
2026-03-22T19:38:20.478863,2801.334,2801.334,0.0,-198.666,0
2026-03-22T19:38:21.484455,2801.334,2801.334,0.0,-198.666,0
2026-03-22T19:38:22.495514,2801.334,2801.334,0.0,-198.666,0
2026-03-22T19:38:23.502305,2801.334,2801.334,0.0,-198.666,0
2026-03-22T19:38:24.514194,2801.334,2801.334,0.0,-198.666,0
2026-03-22T19:38:25.523442,2801.334,2801.334,0.0,-198.666,0
2026-03-22T19:38:26.538218,2801.334,2801.334,0.0,-198.666,0
2026-03-22T19:38:27.545107,2801.334,2801.334,0.0,-198.666,0
2026-03-22T19:38:28.552341,2801.334,2801.334,0.0,-198.666,0
2026-03-22T19:38:29.555448,2801.334,2801.334,0.0,-198.666,0
2026-03-22T19:38:30.570262,2801.334,2801.334,0.0,-198.666,0
2026-03-22T19:38:31.576575,2801.334,2801.334,0.0,-198.666,0
2026-03-22T19:38:32.586857,2801.334,2801.334,0.0,-198.666,0
2026-03-22T19:38:33.593889,2801.334,2801.334,0.0,-198.666,0
2026-03-22T19:38:34.604612,2801.334,2801.334,0.0,-198.666,0
2026-03-22T19:38:35.618326,2801.334,2801.334,0.0,-198.666,0
2026-03-22T19:38:36.626123,2801.334,2801.334,0.0,-198.666,0
2026-03-22T19:38:37.629382,2801.334,2801.334,0.0,-198.666,0
2026-03-22T19:38:38.641352,2801.334,2801.334,0.0,-198.666,0
2026-03-22T19:38:39.646259,2801.334,2801.334,0.0,-198.666,0
2026-03-22T19:38:40.652061,2801.334,2801.334,0.0,-198.666,0
2026-03-22T19:38:41.660599,2801.334,2801.334,0.0,-198.666,0
2026-03-22T19:38:42.669072,2801.334,2801.334,0.0,-198.666,0
2026-03-22T19:38:43.678937,2801.334,2801.334,0.0,-198.666,0
2026-03-22T19:38:44.687036,2801.334,2801.334,0.0,-198.666,0
2026-03-22T19:38:45.700026,2801.334,2801.334,0.0,-198.666,0
2026-03-22T19:38:46.702105,2801.334,2801.334,0.0,-198.666,0
2026-03-22T19:38:47.710223,2801.334,2801.334,0.0,-198.666,0
2026-03-22T19:38:48.721179,2801.334,2801.334,0.0,-198.666,0
2026-03-22T19:38:49.724281,2801.334,2801.334,0.0,-198.666,0
2026-03-22T19:38:50.731998,2801.334,2801.334,0.0,-198.666,0
2026-03-22T19:38:51.746205,2801.334,2801.334,0.0,-198.666,0
2026-03-22T19:38:52.760146,2801.334,2801.334,0.0,-198.666,0
2026-03-22T19:38:53.766047,2801.334,2801.334,0.0,-198.666,0
2026-03-22T19:38:54.770435,2801.334,2801.334,0.0,-198.666,0
2026-03-22T19:38:55.776435,2801.334,2801.334,0.0,-198.666,0
2026-03-22T19:38:56.783765,2801.334,2801.334,0.0,-198.666,0
2026-03-22T19:38:57.799193,2801.334,2801.334,0.0,-198.666,0
2026-03-22T19:38:58.807329,2801.334,2801.334,0.0,-198.666,0
2026-03-22T19:38:59.813818,2801.334,2801.334,0.0,-198.666,0
2026-03-22T19:39:00.823877,2801.334,2801.334,0.0,-198.666,0
2026-03-22T19:39:01.828677,2801.334,2801.334,0.0,-198.666,0
2026-03-22T19:39:02.835388,2801.334,2801.334,0.0,-198.666,0
2026-03-22T19:39:03.846290,2801.334,2801.334,0.0,-198.666,0
2026-03-22T19:39:04.850568,2801.334,2801.334,0.0,-198.666,0
2026-03-22T19:39:05.864801,2801.334,2801.334,0.0,-198.666,0
2026-03-22T19:39:06.873002,2801.334,2801.334,0.0,-198.666,0
2026-03-22T19:39:07.883001,2801.334,2801.334,0.0,-198.666,0
2026-03-22T19:39:08.891583,2801.334,2801.334,0.0,-198.666,0
2026-03-22T19:39:09.903542,2801.334,2801.334,0.0,-198.666,0
2026-03-22T19:39:10.912217,2801.334,2801.334,0.0,-198.666,0
2026-03-22T19:39:11.920782,2801.334,2801.334,0.0,-198.666,0
2026-03-22T19:39:12.924169,2801.334,2801.334,0.0,-198.666,0
2026-03-22T19:39:13.936516,2801.334,2801.334,0.0,-198.666,0
2026-03-22T19:39:14.951647,2801.334,2801.334,0.0,-198.666,0
2026-03-22T19:39:15.955220,2801.334,2801.334,0.0,-198.666,0
2026-03-22T19:39:16.969682,2801.334,2801.334,0.0,-198.666,0
2026-03-22T19:39:17.985299,2801.334,2801.334,0.0,-198.666,0
2026-03-22T19:39:18.993644,2801.334,2801.334,0.0,-198.666,0
2026-03-22T19:39:20.010744,2801.334,2801.334,0.0,-198.666,0
2026-03-22T19:39:21.023445,2801.334,2801.334,0.0,-198.666,0
2026-03-22T19:39:22.035838,2801.334,2801.334,0.0,-198.666,0
2026-03-22T19:39:23.055822,2801.334,2801.334,0.0,-198.666,0
2026-03-22T19:39:24.067922,2801.334,2801.334,0.0,-198.666,0
2026-03-22T19:39:25.085931,2801.334,2801.334,0.0,-198.666,0
2026-03-22T19:39:26.091713,2801.334,2801.334,0.0,-198.666,0
2026-03-22T19:39:27.102670,2801.334,2801.334,0.0,-198.666,0
2026-03-22T19:39:28.117206,2801.334,2801.334,0.0,-198.666,0
2026-03-22T19:39:29.121534,2801.334,2801.334,0.0,-198.666,0
2026-03-22T19:39:30.130085,2801.334,2801.334,0.0,-198.666,0
2026-03-22T19:39:31.139318,2801.334,2801.334,0.0,-198.666,0
2026-03-22T19:39:32.142606,2801.334,2801.334,0.0,-198.666,0
2026-03-22T19:39:33.155450,2801.334,2801.334,0.0,-198.666,0
2026-03-22T19:39:34.161585,2801.334,2801.334,0.0,-198.666,0
2026-03-22T19:39:35.180206,2801.334,2801.334,0.0,-198.666,0
2026-03-22T19:39:36.193518,2801.334,2801.334,0.0,-198.666,0
2026-03-22T19:39:37.205479,2801.334,2801.334,0.0,-198.666,0
2026-03-22T19:39:38.218119,2801.334,2801.334,0.0,-198.666,0
2026-03-22T19:39:39.228745,2801.334,2801.334,0.0,-198.666,0
2026-03-22T19:39:40.243993,2801.334,2801.334,0.0,-198.666,0
2026-03-22T19:39:41.262596,2801.334,2801.334,0.0,-198.666,0
2026-03-22T19:39:42.270259,2801.334,2801.334,0.0,-198.666,0
2026-03-22T19:39:43.275588,2801.334,2801.334,0.0,-198.666,0
2026-03-22T19:39:44.287528,2801.334,2801.334,0.0,-198.666,0
2026-03-22T19:39:45.301501,2801.334,2801.334,0.0,-198.666,0
2026-03-22T19:39:46.310733,2801.334,2801.334,0.0,-198.666,0
2026-03-22T19:39:47.329552,2801.334,2801.334,0.0,-198.666,0
2026-03-22T19:39:48.335089,2801.334,2801.334,0.0,-198.666,0
2026-03-22T19:39:49.345178,2801.334,2801.334,0.0,-198.666,0
2026-03-22T19:39:50.358768,2801.334,2801.334,0.0,-198.666,0
2026-03-22T19:39:51.369937,2801.334,2801.334,0.0,-198.666,0
2026-03-22T19:39:52.377388,2801.334,2801.334,0.0,-198.666,0
2026-03-22T19:39:53.382041,2801.334,2801.334,0.0,-198.666,0
2026-03-22T19:39:54.385353,2801.334,2801.334,0.0,-198.666,0
2026-03-22T19:39:55.394980,2801.334,2801.334,0.0,-198.666,0
2026-03-22T19:39:56.403250,2801.334,2801.334,0.0,-198.666,0
2026-03-22T19:39:57.417913,2801.334,2801.334,0.0,-198.666,0
2026-03-22T19:39:58.459087,2801.334,2801.334,0.0,-198.666,0
2026-03-22T19:39:59.474398,2801.334,2801.334,0.0,-198.666,0
2026-03-22T19:40:00.478309,2801.334,2801.334,0.0,-198.666,0
2026-03-22T19:40:01.485351,2801.334,2801.334,0.0,-198.666,0
2026-03-22T19:40:02.499187,2801.334,2801.334,0.0,-198.666,0
2026-03-22T19:40:03.503465,2801.334,2801.334,0.0,-198.666,0
2026-03-22T19:40:04.510011,2801.334,2801.334,0.0,-198.666,0
2026-03-22T19:40:05.526491,2801.334,2801.334,0.0,-198.666,0
2026-03-22T19:40:06.531935,2801.334,2801.334,0.0,-198.666,0
2026-03-22T19:40:07.549337,2801.334,2801.334,0.0,-198.666,0
2026-03-22T19:40:08.563695,2801.334,2801.334,0.0,-198.666,0
2026-03-22T19:40:09.574392,2801.334,2801.334,0.0,-198.666,0
2026-03-22T19:40:10.590280,2801.334,2801.334,0.0,-198.666,0
2026-03-22T19:40:11.604636,2801.334,2801.334,0.0,-198.666,0
2026-03-22T19:40:12.608675,2801.334,2801.334,0.0,-198.666,0
2026-03-22T19:40:13.621782,2801.334,2801.334,0.0,-198.666,0
2026-03-22T19:40:14.638885,2801.334,2801.334,0.0,-198.666,0
2026-03-22T19:40:15.653524,2801.334,2801.334,0.0,-198.666,0
2026-03-22T19:40:16.662515,2801.334,2801.334,0.0,-198.666,0
2026-03-22T19:40:17.666536,2801.334,2801.334,0.0,-198.666,0
2026-03-22T19:40:18.678003,2801.334,2801.334,0.0,-198.666,0
2026-03-22T19:40:19.681286,2801.334,2661.274,140.06,-198.666,0
2026-03-22T19:40:20.689500,2800.034,2659.974,140.06,-199.966,0.0
2026-03-22T19:40:21.707514,2800.034,2659.974,140.06,-199.966,0.0
2026-03-22T19:40:22.717231,2800.034,2659.974,140.06,-199.966,0.0
2026-03-22T19:40:23.730092,2800.034,2659.974,140.06,-199.966,0.0
2026-03-22T19:40:24.740219,2800.034,2659.974,140.06,-199.966,0.0
2026-03-22T19:40:25.754839,2800.034,2659.974,140.06,-199.966,0.0
2026-03-22T19:40:26.767418,2800.034,2659.974,140.06,-199.966,0.0
2026-03-22T19:40:27.777021,2800.034,2659.974,140.06,-199.966,0.0
2026-03-22T19:40:28.793539,2800.034,2659.974,140.06,-199.966,0.0
2026-03-22T19:40:29.805833,2800.034,2659.974,140.06,-199.966,0.0
2026-03-22T19:40:30.814700,2817.914,2659.974,140.06,-199.966,17.880000000000017
2026-03-22T19:40:31.826337,2817.914,2659.974,140.06,-199.966,17.880000000000017
2026-03-22T19:40:32.845954,2817.914,2659.974,140.06,-199.966,17.880000000000017
2026-03-22T19:40:33.849330,2817.914,2659.974,140.06,-199.966,17.880000000000017
2026-03-22T19:40:34.864292,2817.914,2659.974,140.06,-199.966,17.880000000000017
2026-03-22T19:40:35.880001,2817.914,2659.974,140.06,-199.966,17.880000000000017
2026-03-22T19:40:36.893488,2817.914,2659.974,140.06,-199.966,17.880000000000017
2026-03-22T19:40:37.903740,2817.914,2659.974,140.06,-199.966,17.880000000000017
2026-03-22T19:40:38.915217,2817.914,2659.974,140.06,-199.966,17.880000000000017
2026-03-22T19:40:39.926249,2817.914,2659.974,140.06,-199.966,17.880000000000017
2026-03-22T19:40:40.944134,2817.914,2659.974,140.06,-199.966,17.880000000000017
2026-03-22T19:40:41.949225,2817.914,2659.974,140.06,-199.966,17.880000000000017
2026-03-22T19:40:42.961092,2817.914,2659.974,140.06,-199.966,17.880000000000017
2026-03-22T19:40:43.980266,2817.914,2659.974,140.06,-199.966,17.880000000000017
2026-03-22T19:40:44.997845,2817.914,2659.974,140.06,-199.966,17.880000000000017
2026-03-22T19:40:46.002826,2817.914,2659.974,140.06,-199.966,17.880000000000017
2026-03-22T19:40:47.008742,2817.914,2659.974,140.06,-199.966,17.880000000000017
2026-03-22T19:40:48.012584,2817.914,2659.974,140.06,-199.966,17.880000000000017
2026-03-22T19:40:49.021474,2817.914,2659.974,140.06,-199.966,17.880000000000017
2026-03-22T19:40:50.028423,2815.834,2815.834,0.0,-184.166,0
2026-03-22T19:40:51.038876,2815.834,2815.834,0.0,-184.166,0
2026-03-22T19:40:52.057072,2815.834,2815.834,0.0,-184.166,0
2026-03-22T19:40:53.065493,2815.834,2815.834,0.0,-184.166,0
2026-03-22T19:40:54.080192,2815.834,2815.834,0.0,-184.166,0
2026-03-22T19:40:55.085483,2815.834,2815.834,0.0,-184.166,0
2026-03-22T19:40:56.096120,2815.834,2815.834,0.0,-184.166,0
2026-03-22T19:40:57.104569,2815.834,2815.834,0.0,-184.166,0
2026-03-22T19:40:58.118025,2815.834,2815.834,0.0,-184.166,0
2026-03-22T19:40:59.132069,2815.834,2815.834,0.0,-184.166,0
2026-03-22T19:41:00.139462,2815.834,2815.834,0.0,-184.166,0
2026-03-22T19:41:01.145688,2815.834,2815.834,0.0,-184.166,0
2026-03-22T19:41:02.149519,2815.834,2815.834,0.0,-184.166,0
2026-03-22T19:41:03.160867,2815.834,2815.834,0.0,-184.166,0
2026-03-22T19:41:04.167868,2815.834,2815.834,0.0,-184.166,0
2026-03-22T19:41:05.179854,2815.834,2815.834,0.0,-184.166,0
2026-03-22T19:41:06.188727,2815.834,2815.834,0.0,-184.166,0
2026-03-22T19:41:07.201563,2815.834,2815.834,0.0,-184.166,0
2026-03-22T19:41:08.216280,2815.834,2815.834,0.0,-184.166,0
2026-03-22T19:41:09.224089,2815.834,2815.834,0.0,-184.166,0
2026-03-22T19:41:10.236628,2815.834,2815.834,0.0,-184.166,0
2026-03-22T19:41:11.253601,2815.834,2815.834,0.0,-184.166,0
2026-03-22T19:41:12.264807,2815.834,2815.834,0.0,-184.166,0
2026-03-22T19:41:13.267999,2815.834,2815.834,0.0,-184.166,0
2026-03-22T19:41:14.271628,2815.834,2815.834,0.0,-184.166,0
2026-03-22T19:41:15.277642,2815.834,2815.834,0.0,-184.166,0
2026-03-22T19:41:16.297171,2815.834,2815.834,0.0,-184.166,0
2026-03-22T19:41:17.306720,2815.834,2815.834,0.0,-184.166,0
2026-03-22T19:41:18.318506,2815.834,2815.834,0.0,-184.166,0
2026-03-22T19:41:19.340177,2815.834,2815.834,0.0,-184.166,0
2026-03-22T19:41:20.347562,2815.834,2815.834,0.0,-184.166,0
2026-03-22T19:41:21.354715,2815.834,2815.834,0.0,-184.166,0
2026-03-22T19:41:22.371683,2815.834,2815.834,0.0,-184.166,0
2026-03-22T19:41:23.376541,2815.834,2815.834,0.0,-184.166,0
2026-03-22T19:41:24.386597,2815.834,2815.834,0.0,-184.166,0
2026-03-22T19:41:25.396434,2815.834,2815.834,0.0,-184.166,0
2026-03-22T19:41:26.416389,2815.834,2815.834,0.0,-184.166,0
2026-03-22T19:41:27.428484,2815.834,2815.834,0.0,-184.166,0
2026-03-22T19:41:28.436602,2815.834,2815.834,0.0,-184.166,0
2026-03-22T19:41:29.441538,2815.834,2815.834,0.0,-184.166,0
2026-03-22T19:41:30.459881,2815.834,2815.834,0.0,-184.166,0
2026-03-22T19:41:31.475819,2815.834,2815.834,0.0,-184.166,0
2026-03-22T19:41:32.493566,2815.834,2815.834,0.0,-184.166,0
2026-03-22T19:41:33.503385,2815.834,2815.834,0.0,-184.166,0
2026-03-22T19:41:34.506447,2815.834,2815.834,0.0,-184.166,0
2026-03-22T19:41:35.518765,2815.834,2815.834,0.0,-184.166,0
2026-03-22T19:41:36.535138,2815.834,2815.834,0.0,-184.166,0
2026-03-22T19:41:37.552204,2815.834,2815.834,0.0,-184.166,0
2026-03-22T19:41:38.568911,2815.834,2815.834,0.0,-184.166,0
2026-03-22T19:41:39.585297,2815.834,2815.834,0.0,-184.166,0
2026-03-22T19:41:40.592337,2815.834,2815.834,0.0,-184.166,0
2026-03-22T19:41:41.612786,2815.834,2815.834,0.0,-184.166,0
2026-03-22T19:41:42.619068,2815.834,2815.834,0.0,-184.166,0
2026-03-22T19:41:43.635430,2815.834,2815.834,0.0,-184.166,0
2026-03-22T19:41:44.648091,2815.834,2815.834,0.0,-184.166,0
2026-03-22T19:41:45.664764,2815.834,2815.834,0.0,-184.166,0
2026-03-22T19:41:46.675847,2815.834,2815.834,0.0,-184.166,0
2026-03-22T19:41:47.684821,2815.834,2815.834,0.0,-184.166,0
2026-03-22T19:41:48.692068,2815.834,2815.834,0.0,-184.166,0
2026-03-22T19:41:49.707590,2815.834,2815.834,0.0,-184.166,0
2026-03-22T19:41:50.725762,2815.834,2815.834,0.0,-184.166,0
2026-03-22T19:41:51.736399,2815.834,2815.834,0.0,-184.166,0
2026-03-22T19:41:52.740998,2815.834,2815.834,0.0,-184.166,0
2026-03-22T19:41:53.744818,2815.834,2815.834,0.0,-184.166,0
2026-03-22T19:41:54.751361,2815.834,2815.834,0.0,-184.166,0
2026-03-22T19:41:55.764384,2815.834,2815.834,0.0,-184.166,0
2026-03-22T19:41:56.781316,2815.834,2815.834,0.0,-184.166,0
2026-03-22T19:41:57.792634,2815.834,2815.834,0.0,-184.166,0
2026-03-22T19:41:58.808756,2815.834,2815.834,0.0,-184.166,0
2026-03-22T19:41:59.813060,2815.834,2815.834,0.0,-184.166,0
2026-03-22T19:42:00.819567,2815.834,2815.834,0.0,-184.166,0
2026-03-22T19:42:01.826267,2815.834,2815.834,0.0,-184.166,0
2026-03-22T19:42:02.835354,2815.834,2815.834,0.0,-184.166,0
2026-03-22T19:42:03.851801,2815.834,2815.834,0.0,-184.166,0
2026-03-22T19:42:04.863099,2815.834,2815.834,0.0,-184.166,0
2026-03-22T19:42:05.885575,2815.834,2815.834,0.0,-184.166,0
2026-03-22T19:42:06.901895,2815.834,2815.834,0.0,-184.166,0
2026-03-22T19:42:07.909828,2815.834,2815.834,0.0,-184.166,0
2026-03-22T19:42:08.926450,2815.834,2815.834,0.0,-184.166,0
2026-03-22T19:42:09.938081,2815.834,2815.834,0.0,-184.166,0
2026-03-22T19:42:10.952955,2815.834,2815.834,0.0,-184.166,0
2026-03-22T19:42:11.968107,2815.834,2815.834,0.0,-184.166,0
2026-03-22T19:42:12.973943,2815.834,2815.834,0.0,-184.166,0
2026-03-22T19:42:13.979369,2815.834,2815.834,0.0,-184.166,0
2026-03-22T19:42:14.995120,2815.834,2815.834,0.0,-184.166,0
2026-03-22T19:42:16.009979,2815.834,2815.834,0.0,-184.166,0
2026-03-22T19:42:17.018979,2815.834,2815.834,0.0,-184.166,0
2026-03-22T19:42:18.027301,2815.834,2815.834,0.0,-184.166,0
2026-03-22T19:42:19.040412,2815.834,2815.834,0.0,-184.166,0
2026-03-22T19:42:20.050448,2815.834,2815.834,0.0,-184.166,0
2026-03-22T19:42:21.060903,2815.834,2815.834,0.0,-184.166,0
2026-03-22T19:42:22.078860,2815.834,2815.834,0.0,-184.166,0
2026-03-22T19:42:23.087341,2815.834,2815.834,0.0,-184.166,0
2026-03-22T19:42:24.102224,2815.834,2815.834,0.0,-184.166,0
2026-03-22T19:42:25.117878,2815.834,2815.834,0.0,-184.166,0
2026-03-22T19:42:26.134642,2815.834,2815.834,0.0,-184.166,0
2026-03-22T19:42:27.148276,2815.834,2815.834,0.0,-184.166,0
2026-03-22T19:42:28.162359,2815.834,2815.834,0.0,-184.166,0
2026-03-22T19:42:29.177727,2815.834,2815.834,0.0,-184.166,0
2026-03-22T19:42:30.189435,2815.834,2815.834,0.0,-184.166,0
2026-03-22T19:42:31.208244,2815.834,2815.834,0.0,-184.166,0
2026-03-22T19:42:32.218489,2815.834,2815.834,0.0,-184.166,0
2026-03-22T19:42:33.225584,2815.834,2815.834,0.0,-184.166,0
2026-03-22T19:42:34.244626,2815.834,2815.834,0.0,-184.166,0
2026-03-22T19:42:35.258831,2815.834,2815.834,0.0,-184.166,0
2026-03-22T19:42:36.271412,2815.834,2815.834,0.0,-184.166,0
2026-03-22T19:42:37.279341,2815.834,2815.834,0.0,-184.166,0
2026-03-22T19:42:38.283481,2815.834,2815.834,0.0,-184.166,0
2026-03-22T19:42:39.292504,2815.834,2815.834,0.0,-184.166,0
2026-03-22T19:42:40.295407,2815.834,2815.834,0.0,-184.166,0
2026-03-22T19:42:41.314435,2815.834,2815.834,0.0,-184.166,0
2026-03-22T19:42:42.324343,2815.834,2815.834,0.0,-184.166,0
2026-03-22T19:42:43.343568,2815.834,2815.834,0.0,-184.166,0
2026-03-22T19:42:44.356285,2815.834,2815.834,0.0,-184.166,0
2026-03-22T19:42:45.364236,2815.834,2815.834,0.0,-184.166,0
2026-03-22T19:42:46.372053,2815.834,2815.834,0.0,-184.166,0
2026-03-22T19:42:47.384290,2815.834,2815.834,0.0,-184.166,0
2026-03-22T19:42:48.389269,2815.834,2815.834,0.0,-184.166,0
2026-03-22T19:42:49.393527,2815.834,2815.834,0.0,-184.166,0
2026-03-22T19:42:50.401738,2815.834,2815.834,0.0,-184.166,0
2026-03-22T19:42:51.421243,2815.834,2815.834,0.0,-184.166,0
2026-03-22T19:42:52.424208,2815.834,2815.834,0.0,-184.166,0
2026-03-22T19:42:53.429797,2815.834,2815.834,0.0,-184.166,0
2026-03-22T19:42:54.446411,2815.834,2815.834,0.0,-184.166,0
2026-03-22T19:42:55.452989,2815.834,2815.834,0.0,-184.166,0
2026-03-22T19:42:56.459010,2815.834,2815.834,0.0,-184.166,0
2026-03-22T19:42:57.470555,2815.834,2815.834,0.0,-184.166,0
2026-03-22T19:42:58.478492,2815.834,2815.834,0.0,-184.166,0
2026-03-22T19:42:59.485226,2815.834,2815.834,0.0,-184.166,0
2026-03-22T19:43:00.499830,2815.834,2815.834,0.0,-184.166,0
2026-03-22T19:43:01.512535,2815.834,2815.834,0.0,-184.166,0
2026-03-22T19:43:02.521999,2815.834,2815.834,0.0,-184.166,0
2026-03-22T19:43:03.529064,2815.834,2815.834,0.0,-184.166,0
2026-03-22T19:43:04.533910,2815.834,2815.834,0.0,-184.166,0
2026-03-22T19:43:05.548145,2815.834,2815.834,0.0,-184.166,0
2026-03-22T19:43:06.559819,2815.834,2815.834,0.0,-184.166,0
2026-03-22T19:43:07.569481,2815.834,2815.834,0.0,-184.166,0
2026-03-22T19:43:08.589371,2815.834,2815.834,0.0,-184.166,0
2026-03-22T19:43:09.591914,2815.834,2815.834,0.0,-184.166,0
2026-03-22T19:43:10.609417,2815.834,2815.834,0.0,-184.166,0
2026-03-22T19:43:11.625903,2815.834,2815.834,0.0,-184.166,0
2026-03-22T19:43:12.644847,2815.834,2815.834,0.0,-184.166,0
2026-03-22T19:43:13.660626,2815.834,2815.834,0.0,-184.166,0
2026-03-22T19:43:14.678557,2815.834,2815.834,0.0,-184.166,0
2026-03-22T19:43:15.692715,2815.834,2815.834,0.0,-184.166,0
2026-03-22T19:43:16.709442,2815.834,2815.834,0.0,-184.166,0
2026-03-22T19:43:17.716623,2815.834,2815.834,0.0,-184.166,0
2026-03-22T19:43:18.740978,2815.834,2815.834,0.0,-184.166,0
2026-03-22T19:43:19.751254,2815.834,2815.834,0.0,-184.166,0
2026-03-22T19:43:20.756242,2815.834,2815.834,0.0,-184.166,0
2026-03-22T19:43:21.775866,2815.834,2815.834,0.0,-184.166,0
2026-03-22T19:43:22.779342,2815.834,2815.834,0.0,-184.166,0
2026-03-22T19:43:23.791044,2815.834,2815.834,0.0,-184.166,0
2026-03-22T19:43:24.806656,2815.834,2815.834,0.0,-184.166,0
2026-03-22T19:43:25.828079,2815.834,2815.834,0.0,-184.166,0
2026-03-22T19:43:26.836367,2815.834,2815.834,0.0,-184.166,0
2026-03-22T19:43:27.851653,2815.834,2815.834,0.0,-184.166,0
2026-03-22T19:43:28.868595,2815.834,2815.834,0.0,-184.166,0
2026-03-22T19:43:29.873305,2815.834,2815.834,0.0,-184.166,0
2026-03-22T19:43:30.904130,2815.834,2815.834,0.0,-184.166,0
2026-03-22T19:43:31.917417,2815.834,2815.834,0.0,-184.166,0
2026-03-22T19:43:32.932975,2815.834,2815.834,0.0,-184.166,0
2026-03-22T19:43:33.950177,2815.834,2815.834,0.0,-184.166,0
2026-03-22T19:43:34.957957,2815.834,2815.834,0.0,-184.166,0
2026-03-22T19:43:35.974582,2815.834,2815.834,0.0,-184.166,0
2026-03-22T19:43:36.984071,2815.834,2815.834,0.0,-184.166,0
2026-03-22T19:43:38.000627,2815.834,2815.834,0.0,-184.166,0
2026-03-22T19:43:39.009608,2815.834,2815.834,0.0,-184.166,0
2026-03-22T19:43:40.025132,2815.834,2815.834,0.0,-184.166,0
2026-03-22T19:43:41.033911,2815.834,2815.834,0.0,-184.166,0
2026-03-22T19:43:42.050646,2815.834,2815.834,0.0,-184.166,0
2026-03-22T19:43:43.065488,2815.834,2815.834,0.0,-184.166,0
2026-03-22T19:43:44.075023,2815.834,2815.834,0.0,-184.166,0
2026-03-22T19:43:45.099284,2815.834,2815.834,0.0,-184.166,0
2026-03-22T19:43:46.115081,2815.834,2815.834,0.0,-184.166,0
2026-03-22T19:43:47.130764,2815.834,2815.834,0.0,-184.166,0
2026-03-22T19:43:48.140466,2815.834,2815.834,0.0,-184.166,0
2026-03-22T19:43:49.155484,2815.834,2815.834,0.0,-184.166,0
2026-03-22T19:43:50.174213,2815.834,2815.834,0.0,-184.166,0
2026-03-22T19:43:51.184397,2815.834,2815.834,0.0,-184.166,0
2026-03-22T19:43:52.196004,2815.834,2815.834,0.0,-184.166,0
2026-03-22T19:43:53.212586,2815.834,2815.834,0.0,-184.166,0
2026-03-22T19:43:54.228884,2815.834,2815.834,0.0,-184.166,0
2026-03-22T19:43:55.237599,2815.834,2815.834,0.0,-184.166,0
2026-03-22T19:43:56.244484,2815.834,2815.834,0.0,-184.166,0
2026-03-22T19:43:57.260973,2815.834,2815.834,0.0,-184.166,0
2026-03-22T19:43:58.276897,2815.834,2815.834,0.0,-184.166,0
2026-03-22T19:43:59.292637,2815.834,2815.834,0.0,-184.166,0
2026-03-22T19:44:00.310348,2815.834,2815.834,0.0,-184.166,0
2026-03-22T19:44:01.325935,2815.834,2815.834,0.0,-184.166,0
2026-03-22T19:44:02.334214,2815.834,2815.834,0.0,-184.166,0
2026-03-22T19:44:03.350337,2815.834,2815.834,0.0,-184.166,0
2026-03-22T19:44:04.358920,2815.834,2815.834,0.0,-184.166,0
2026-03-22T19:44:05.375910,2815.834,2815.834,0.0,-184.166,0
2026-03-22T19:44:06.391223,2815.834,2815.834,0.0,-184.166,0
2026-03-22T19:44:07.408887,2815.834,2815.834,0.0,-184.166,0
2026-03-22T19:44:08.416244,2815.834,2815.834,0.0,-184.166,0
2026-03-22T19:44:09.423349,2815.834,2815.834,0.0,-184.166,0
2026-03-22T19:44:10.441632,2815.834,2815.834,0.0,-184.166,0
2026-03-22T19:44:11.448225,2815.834,2815.834,0.0,-184.166,0
2026-03-22T19:44:12.465098,2815.834,2815.834,0.0,-184.166,0
2026-03-22T19:44:13.476438,2815.834,2815.834,0.0,-184.166,0
2026-03-22T19:44:14.486187,2815.834,2815.834,0.0,-184.166,0
2026-03-22T19:44:15.501237,2815.834,2815.834,0.0,-184.166,0
2026-03-22T19:44:16.513178,2815.834,2815.834,0.0,-184.166,0
2026-03-22T19:44:17.523935,2815.834,2815.834,0.0,-184.166,0
2026-03-22T19:44:18.538768,2815.834,2815.834,0.0,-184.166,0
2026-03-22T19:44:19.549182,2815.834,2815.834,0.0,-184.166,0
2026-03-22T19:44:20.560810,2815.834,2815.834,0.0,-184.166,0
2026-03-22T19:44:21.576280,2815.834,2815.834,0.0,-184.166,0
2026-03-22T19:44:22.586028,2815.834,2815.834,0.0,-184.166,0
2026-03-22T19:44:23.609934,2815.834,2815.834,0.0,-184.166,0
2026-03-22T19:44:24.627381,2815.834,2815.834,0.0,-184.166,0
2026-03-22T19:44:25.635908,2815.834,2815.834,0.0,-184.166,0
2026-03-22T19:44:26.649327,2815.834,2815.834,0.0,-184.166,0
2026-03-22T19:44:27.653536,2815.834,2815.834,0.0,-184.166,0
2026-03-22T19:44:28.664328,2815.834,2815.834,0.0,-184.166,0
2026-03-22T19:44:29.669312,2815.834,2815.834,0.0,-184.166,0
2026-03-22T19:44:30.677909,2815.834,2815.834,0.0,-184.166,0
2026-03-22T19:44:31.692705,2815.834,2815.834,0.0,-184.166,0
2026-03-22T19:44:32.706058,2815.834,2815.834,0.0,-184.166,0
2026-03-22T19:44:33.718758,2815.834,2815.834,0.0,-184.166,0
2026-03-22T19:44:34.733571,2815.834,2815.834,0.0,-184.166,0
2026-03-22T19:44:35.742746,2815.834,2815.834,0.0,-184.166,0
2026-03-22T19:44:36.753450,2815.834,2815.834,0.0,-184.166,0
2026-03-22T19:44:37.760019,2815.834,2815.834,0.0,-184.166,0
2026-03-22T19:44:38.777095,2815.834,2815.834,0.0,-184.166,0
2026-03-22T19:44:39.785951,2815.834,2815.834,0.0,-184.166,0
2026-03-22T19:44:40.793263,2815.834,2815.834,0.0,-184.166,0
2026-03-22T19:44:41.801258,2815.834,2815.834,0.0,-184.166,0
2026-03-22T19:44:42.810965,2815.834,2815.834,0.0,-184.166,0
2026-03-22T19:44:43.820342,2815.834,2815.834,0.0,-184.166,0
2026-03-22T19:44:44.835401,2815.834,2815.834,0.0,-184.166,0
2026-03-22T19:44:45.851108,2815.834,2815.834,0.0,-184.166,0
2026-03-22T19:44:46.858823,2815.834,2815.834,0.0,-184.166,0
2026-03-22T19:44:47.869976,2815.834,2815.834,0.0,-184.166,0
2026-03-22T19:44:48.880828,2815.834,2815.834,0.0,-184.166,0
2026-03-22T19:44:49.888244,2815.834,2815.834,0.0,-184.166,0
2026-03-22T19:44:50.894979,2815.834,2815.834,0.0,-184.166,0
2026-03-22T19:44:51.903637,2815.834,2815.834,0.0,-184.166,0
2026-03-22T19:44:52.911332,2815.834,2815.834,0.0,-184.166,0
2026-03-22T19:44:53.928017,2815.834,2815.834,0.0,-184.166,0
2026-03-22T19:44:54.943033,2815.834,2815.834,0.0,-184.166,0
2026-03-22T19:44:55.952954,2815.834,2815.834,0.0,-184.166,0
2026-03-22T19:44:56.961365,2815.834,2815.834,0.0,-184.166,0
2026-03-22T19:44:57.968265,2815.834,2815.834,0.0,-184.166,0
2026-03-22T19:44:58.982411,2815.834,2815.834,0.0,-184.166,0
2026-03-22T19:44:59.994691,2815.834,2815.834,0.0,-184.166,0
2026-03-22T19:45:01.013702,2815.834,2815.834,0.0,-184.166,0
2026-03-22T19:45:02.018258,2815.834,2815.834,0.0,-184.166,0
2026-03-22T19:45:03.025927,2815.834,2815.834,0.0,-184.166,0
2026-03-22T19:45:04.039494,2815.834,2815.834,0.0,-184.166,0
2026-03-22T19:45:05.048349,2815.834,2815.834,0.0,-184.166,0
2026-03-22T19:45:06.059269,2815.834,2815.834,0.0,-184.166,0
2026-03-22T19:45:07.076788,2815.834,2815.834,0.0,-184.166,0
2026-03-22T19:45:08.088613,2815.834,2815.834,0.0,-184.166,0
2026-03-22T19:45:09.108905,2815.834,2815.834,0.0,-184.166,0
2026-03-22T19:45:10.114939,2815.834,2815.834,0.0,-184.166,0
2026-03-22T19:45:11.127922,2815.834,2815.834,0.0,-184.166,0
2026-03-22T19:45:12.140989,2815.834,2815.834,0.0,-184.166,0
2026-03-22T19:45:13.148628,2815.834,2675.584,140.25,-184.166,0
2026-03-22T19:45:14.160755,2815.834,2675.584,140.25,-184.166,0
2026-03-22T19:45:15.178492,2814.724,2674.474,140.25,-185.276,0.0
2026-03-22T19:45:16.188550,2814.724,2674.474,140.25,-185.276,0.0
2026-03-22T19:45:17.192853,2814.724,2674.474,140.25,-185.276,0.0
2026-03-22T19:45:18.204650,2814.724,2674.474,140.25,-185.276,0.0
2026-03-22T19:45:19.208612,2814.724,2674.474,140.25,-185.276,0.0
2026-03-22T19:45:20.222240,2814.724,2674.474,140.25,-185.276,0.0
2026-03-22T19:45:21.237359,2814.724,2674.474,140.25,-185.276,0.0
2026-03-22T19:45:22.254593,2814.724,2674.474,140.25,-185.276,0.0
2026-03-22T19:45:23.271790,2814.724,2674.474,140.25,-185.276,0.0
2026-03-22T19:45:24.284683,2814.724,2674.474,140.25,-185.276,0.0
2026-03-22T19:45:25.302154,2814.724,2674.474,140.25,-185.276,0.0
2026-03-22T19:45:26.322913,2814.724,2674.474,140.25,-185.276,0.0
2026-03-22T19:45:27.346605,2814.724,2674.474,140.25,-185.276,0.0
2026-03-22T19:45:28.365015,2830.0240000000003,2674.474,140.25,-185.276,15.299999999999985
2026-03-22T19:45:29.369565,2830.0240000000003,2674.474,140.25,-185.276,15.299999999999985
2026-03-22T19:45:30.387449,2830.0240000000003,2674.474,140.25,-185.276,15.299999999999985
2026-03-22T19:45:31.401113,2830.0240000000003,2674.474,140.25,-185.276,15.299999999999985
2026-03-22T19:45:32.417608,2830.0240000000003,2674.474,140.25,-185.276,15.299999999999985
2026-03-22T19:45:33.434771,2830.0240000000003,2674.474,140.25,-185.276,15.299999999999985
2026-03-22T19:45:34.444388,2830.0240000000003,2674.474,140.25,-185.276,15.299999999999985
2026-03-22T19:45:35.454098,2830.0240000000003,2674.474,140.25,-185.276,15.299999999999985
2026-03-22T19:45:36.460048,2830.0240000000003,2674.474,140.25,-185.276,15.299999999999985
2026-03-22T19:45:37.468202,2830.0240000000003,2674.474,140.25,-185.276,15.299999999999985
2026-03-22T19:45:38.487380,2830.0240000000003,2674.474,140.25,-185.276,15.299999999999985
2026-03-22T19:45:39.492081,2830.0240000000003,2674.474,140.25,-185.276,15.299999999999985
2026-03-22T19:45:40.503317,2830.0240000000003,2674.474,140.25,-185.276,15.299999999999985
2026-03-22T19:45:41.510039,2830.0240000000003,2674.474,140.25,-185.276,15.299999999999985
2026-03-22T19:45:42.529783,2830.0240000000003,2674.474,140.25,-185.276,15.299999999999985
2026-03-22T19:45:43.548822,2830.0240000000003,2674.474,140.25,-185.276,15.299999999999985
2026-03-22T19:45:44.558076,2830.0240000000003,2674.474,140.25,-185.276,15.299999999999985
2026-03-22T19:45:45.568358,2830.0240000000003,2674.474,140.25,-185.276,15.299999999999985
2026-03-22T19:45:46.574632,2830.0240000000003,2674.474,140.25,-185.276,15.299999999999985
2026-03-22T19:45:47.592786,2830.0240000000003,2674.474,140.25,-185.276,15.299999999999985
2026-03-22T19:45:48.611794,2830.0240000000003,2674.474,140.25,-185.276,15.299999999999985
2026-03-22T19:45:49.621243,2830.0240000000003,2674.474,140.25,-185.276,15.299999999999985
2026-03-22T19:45:50.632349,2830.0240000000003,2674.474,140.25,-185.276,15.299999999999985
2026-03-22T19:45:51.644283,2830.0240000000003,2674.474,140.25,-185.276,15.299999999999985
2026-03-22T19:45:52.652666,2830.0240000000003,2674.474,140.25,-185.276,15.299999999999985
2026-03-22T19:45:53.656308,2830.0240000000003,2674.474,140.25,-185.276,15.299999999999985
2026-03-22T19:45:54.667157,2830.0240000000003,2674.474,140.25,-185.276,15.299999999999985
2026-03-22T19:45:55.677687,2794.324,2794.324,0.0,-205.67600000000004,0
2026-03-22T19:45:56.696837,2794.324,2794.324,0.0,-205.67600000000004,0
2026-03-22T19:45:57.714399,2794.324,2794.324,0.0,-205.67600000000004,0
2026-03-22T19:45:58.725714,2794.324,2794.324,0.0,-205.67600000000004,0
2026-03-22T19:45:59.736372,2794.324,2794.324,0.0,-205.67600000000004,0
2026-03-22T19:46:00.744532,2794.324,2794.324,0.0,-205.67600000000004,0
2026-03-22T19:46:01.752996,2794.324,2794.324,0.0,-205.67600000000004,0
2026-03-22T19:46:02.769410,2794.324,2794.324,0.0,-205.67600000000004,0
2026-03-22T19:46:03.780600,2794.324,2794.324,0.0,-205.67600000000004,0
2026-03-22T19:46:04.789183,2794.324,2794.324,0.0,-205.67600000000004,0
2026-03-22T19:46:05.796899,2794.324,2794.324,0.0,-205.67600000000004,0
2026-03-22T19:46:06.802860,2794.324,2794.324,0.0,-205.67600000000004,0
2026-03-22T19:46:07.810494,2794.324,2794.324,0.0,-205.67600000000004,0
2026-03-22T19:46:08.830793,2794.324,2794.324,0.0,-205.67600000000004,0
2026-03-22T19:46:09.835755,2794.324,2794.324,0.0,-205.67600000000004,0
2026-03-22T19:46:10.846295,2794.324,2794.324,0.0,-205.67600000000004,0
2026-03-22T19:46:11.851611,2794.324,2794.324,0.0,-205.67600000000004,0
2026-03-22T19:46:12.869733,2794.324,2794.324,0.0,-205.67600000000004,0
2026-03-22T19:46:13.885318,2794.324,2794.324,0.0,-205.67600000000004,0
2026-03-22T19:46:14.903637,2794.324,2794.324,0.0,-205.67600000000004,0
2026-03-22T19:46:15.912214,2794.324,2794.324,0.0,-205.67600000000004,0
2026-03-22T19:46:16.919369,2794.324,2794.324,0.0,-205.67600000000004,0
2026-03-22T19:46:17.936350,2794.324,2794.324,0.0,-205.67600000000004,0
2026-03-22T19:46:18.944992,2794.324,2794.324,0.0,-205.67600000000004,0
2026-03-22T19:46:19.951315,2794.324,2794.324,0.0,-205.67600000000004,0
2026-03-22T19:46:20.961115,2794.324,2794.324,0.0,-205.67600000000004,0
2026-03-22T19:46:21.968405,2794.324,2794.324,0.0,-205.67600000000004,0
2026-03-22T19:46:22.995339,2794.324,2794.324,0.0,-205.67600000000004,0
2026-03-22T19:46:24.005694,2794.324,2794.324,0.0,-205.67600000000004,0
2026-03-22T19:46:25.010794,2794.324,2794.324,0.0,-205.67600000000004,0
2026-03-22T19:46:26.018238,2794.324,2794.324,0.0,-205.67600000000004,0
2026-03-22T19:46:27.030307,2794.324,2794.324,0.0,-205.67600000000004,0
2026-03-22T19:46:28.036168,2794.324,2794.324,0.0,-205.67600000000004,0
2026-03-22T19:46:29.053577,2794.324,2794.324,0.0,-205.67600000000004,0
2026-03-22T19:46:30.058110,2794.324,2794.324,0.0,-205.67600000000004,0
2026-03-22T19:46:31.076779,2794.324,2794.324,0.0,-205.67600000000004,0
2026-03-22T19:46:32.090537,2794.324,2794.324,0.0,-205.67600000000004,0
2026-03-22T19:46:33.094405,2794.324,2794.324,0.0,-205.67600000000004,0
2026-03-22T19:46:34.106434,2794.324,2794.324,0.0,-205.67600000000004,0
2026-03-22T19:46:35.119854,2794.324,2794.324,0.0,-205.67600000000004,0
2026-03-22T19:46:36.127001,2794.324,2794.324,0.0,-205.67600000000004,0
2026-03-22T19:46:37.145461,2794.324,2794.324,0.0,-205.67600000000004,0
2026-03-22T19:46:38.154973,2794.324,2794.324,0.0,-205.67600000000004,0
2026-03-22T19:46:39.161428,2794.324,2794.324,0.0,-205.67600000000004,0
2026-03-22T19:46:40.168611,2794.324,2794.324,0.0,-205.67600000000004,0
2026-03-22T19:46:41.176540,2794.324,2794.324,0.0,-205.67600000000004,0
2026-03-22T19:46:42.193133,2794.324,2794.324,0.0,-205.67600000000004,0
2026-03-22T19:46:43.206625,2794.324,2794.324,0.0,-205.67600000000004,0
2026-03-22T19:46:44.211599,2794.324,2794.324,0.0,-205.67600000000004,0
2026-03-22T19:46:45.226316,2794.324,2794.324,0.0,-205.67600000000004,0
2026-03-22T19:46:46.230896,2794.324,2794.324,0.0,-205.67600000000004,0
2026-03-22T19:46:47.236041,2794.324,2794.324,0.0,-205.67600000000004,0
2026-03-22T19:46:48.244912,2794.324,2794.324,0.0,-205.67600000000004,0
2026-03-22T19:46:49.249903,2794.324,2794.324,0.0,-205.67600000000004,0
2026-03-22T19:46:50.260913,2794.324,2794.324,0.0,-205.67600000000004,0
2026-03-22T19:46:51.277410,2794.324,2794.324,0.0,-205.67600000000004,0
2026-03-22T19:46:52.284530,2794.324,2794.324,0.0,-205.67600000000004,0
2026-03-22T19:46:53.295451,2794.324,2794.324,0.0,-205.67600000000004,0
2026-03-22T19:46:54.300495,2794.324,2794.324,0.0,-205.67600000000004,0
2026-03-22T19:46:55.311107,2794.324,2794.324,0.0,-205.67600000000004,0
2026-03-22T19:46:56.326262,2794.324,2794.324,0.0,-205.67600000000004,0
2026-03-22T19:46:57.331909,2794.324,2794.324,0.0,-205.67600000000004,0
2026-03-22T19:46:58.336080,2794.324,2794.324,0.0,-205.67600000000004,0
2026-03-22T19:46:59.340135,2794.324,2794.324,0.0,-205.67600000000004,0
2026-03-22T19:47:00.344442,2794.324,2794.324,0.0,-205.67600000000004,0
2026-03-22T19:47:01.356101,2794.324,2794.324,0.0,-205.67600000000004,0
2026-03-22T19:47:02.361324,2794.324,2794.324,0.0,-205.67600000000004,0
2026-03-22T19:47:03.372786,2794.324,2794.324,0.0,-205.67600000000004,0
2026-03-22T19:47:04.377888,2794.324,2794.324,0.0,-205.67600000000004,0
2026-03-22T19:47:05.391680,2794.324,2794.324,0.0,-205.67600000000004,0
2026-03-22T19:47:06.404186,2794.324,2794.324,0.0,-205.67600000000004,0
2026-03-22T19:47:07.411515,2794.324,2794.324,0.0,-205.67600000000004,0
2026-03-22T19:47:08.419531,2794.324,2794.324,0.0,-205.67600000000004,0
2026-03-22T19:47:09.433682,2794.324,2794.324,0.0,-205.67600000000004,0
2026-03-22T19:47:10.445061,2794.324,2794.324,0.0,-205.67600000000004,0
2026-03-22T19:47:11.452868,2794.324,2794.324,0.0,-205.67600000000004,0
2026-03-22T19:47:12.479944,2794.324,2794.324,0.0,-205.67600000000004,0
2026-03-22T19:47:13.490702,2794.324,2794.324,0.0,-205.67600000000004,0
2026-03-22T19:47:14.500089,2794.324,2794.324,0.0,-205.67600000000004,0
2026-03-22T19:47:15.509750,2794.324,2794.324,0.0,-205.67600000000004,0
2026-03-22T19:47:16.517037,2794.324,2794.324,0.0,-205.67600000000004,0
2026-03-22T19:47:17.528534,2794.324,2794.324,0.0,-205.67600000000004,0
2026-03-22T19:47:18.536937,2794.324,2794.324,0.0,-205.67600000000004,0
2026-03-22T19:47:19.545192,2794.324,2794.324,0.0,-205.67600000000004,0
2026-03-22T19:47:20.552421,2794.324,2794.324,0.0,-205.67600000000004,0
2026-03-22T19:47:21.558962,2794.324,2794.324,0.0,-205.67600000000004,0
2026-03-22T19:47:22.566285,2794.324,2794.324,0.0,-205.67600000000004,0
2026-03-22T19:47:23.569988,2794.324,2794.324,0.0,-205.67600000000004,0
2026-03-22T19:47:24.585144,2794.324,2794.324,0.0,-205.67600000000004,0
2026-03-22T19:47:25.593766,2794.324,2794.324,0.0,-205.67600000000004,0
2026-03-22T19:47:26.610940,2794.324,2794.324,0.0,-205.67600000000004,0
2026-03-22T19:47:27.621770,2794.324,2794.324,0.0,-205.67600000000004,0
2026-03-22T19:47:28.629420,2794.324,2794.324,0.0,-205.67600000000004,0
2026-03-22T19:47:29.636037,2794.324,2794.324,0.0,-205.67600000000004,0
2026-03-22T19:47:30.645144,2794.324,2794.324,0.0,-205.67600000000004,0
2026-03-22T19:47:31.650720,2794.324,2794.324,0.0,-205.67600000000004,0
2026-03-22T19:47:32.656382,2794.324,2794.324,0.0,-205.67600000000004,0
2026-03-22T19:47:33.659893,2794.324,2794.324,0.0,-205.67600000000004,0
2026-03-22T19:47:34.670073,2794.324,2794.324,0.0,-205.67600000000004,0
2026-03-22T19:47:35.685956,2794.324,2794.324,0.0,-205.67600000000004,0
2026-03-22T19:47:36.694796,2794.324,2794.324,0.0,-205.67600000000004,0
2026-03-22T19:47:37.705479,2794.324,2794.324,0.0,-205.67600000000004,0
2026-03-22T19:47:38.711089,2794.324,2794.324,0.0,-205.67600000000004,0
2026-03-22T19:47:39.719745,2794.324,2794.324,0.0,-205.67600000000004,0
2026-03-22T19:47:40.728509,2794.324,2794.324,0.0,-205.67600000000004,0
2026-03-22T19:47:41.737318,2794.324,2794.324,0.0,-205.67600000000004,0
2026-03-22T19:47:42.744934,2794.324,2794.324,0.0,-205.67600000000004,0
2026-03-22T19:47:43.752917,2794.324,2794.324,0.0,-205.67600000000004,0
2026-03-22T19:47:44.762417,2794.324,2794.324,0.0,-205.67600000000004,0
2026-03-22T19:47:45.769526,2794.324,2794.324,0.0,-205.67600000000004,0
2026-03-22T19:47:46.779461,2794.324,2794.324,0.0,-205.67600000000004,0
2026-03-22T19:47:47.794117,2794.324,2794.324,0.0,-205.67600000000004,0
2026-03-22T19:47:48.802985,2794.324,2794.324,0.0,-205.67600000000004,0
2026-03-22T19:47:49.810493,2794.324,2794.324,0.0,-205.67600000000004,0
2026-03-22T19:47:50.819236,2794.324,2794.324,0.0,-205.67600000000004,0
2026-03-22T19:47:51.827715,2794.324,2794.324,0.0,-205.67600000000004,0
2026-03-22T19:47:52.834397,2794.324,2794.324,0.0,-205.67600000000004,0
2026-03-22T19:47:53.844526,2794.324,2794.324,0.0,-205.67600000000004,0
2026-03-22T19:47:54.852713,2794.324,2794.324,0.0,-205.67600000000004,0
2026-03-22T19:47:55.858248,2794.324,2794.324,0.0,-205.67600000000004,0
2026-03-22T19:47:56.869297,2794.324,2794.324,0.0,-205.67600000000004,0
2026-03-22T19:47:57.877802,2794.324,2794.324,0.0,-205.67600000000004,0
2026-03-22T19:47:58.885955,2794.324,2794.324,0.0,-205.67600000000004,0
2026-03-22T19:47:59.894491,2794.324,2794.324,0.0,-205.67600000000004,0
2026-03-22T19:48:00.902636,2794.324,2794.324,0.0,-205.67600000000004,0
2026-03-22T19:48:01.910984,2794.324,2794.324,0.0,-205.67600000000004,0
2026-03-22T19:48:02.919205,2794.324,2794.324,0.0,-205.67600000000004,0
2026-03-22T19:48:03.934469,2794.324,2794.324,0.0,-205.67600000000004,0
2026-03-22T19:48:04.938856,2794.324,2794.324,0.0,-205.67600000000004,0
2026-03-22T19:48:05.951208,2794.324,2794.324,0.0,-205.67600000000004,0
2026-03-22T19:48:06.960916,2794.324,2794.324,0.0,-205.67600000000004,0
2026-03-22T19:48:07.969453,2794.324,2794.324,0.0,-205.67600000000004,0
2026-03-22T19:48:08.982477,2794.324,2794.324,0.0,-205.67600000000004,0
2026-03-22T19:48:09.990624,2794.324,2794.324,0.0,-205.67600000000004,0
2026-03-22T19:48:10.997179,2794.324,2794.324,0.0,-205.67600000000004,0
2026-03-22T19:48:12.002770,2794.324,2794.324,0.0,-205.67600000000004,0
2026-03-22T19:48:13.011269,2794.324,2794.324,0.0,-205.67600000000004,0
2026-03-22T19:48:14.020256,2794.324,2794.324,0.0,-205.67600000000004,0
2026-03-22T19:48:15.027575,2794.324,2794.324,0.0,-205.67600000000004,0
2026-03-22T19:48:16.036102,2794.324,2654.844,139.48,-205.67600000000004,0
2026-03-22T19:48:17.044310,2794.324,2654.844,139.48,-205.67600000000004,0
2026-03-22T19:48:18.049460,2792.9539999999997,2653.4739999999997,139.48,-207.04600000000005,0.0
2026-03-22T19:48:19.064281,2792.9539999999997,2653.4739999999997,139.48,-207.04600000000005,0.0
2026-03-22T19:48:20.073105,2792.9539999999997,2653.4739999999997,139.48,-207.04600000000005,0.0
2026-03-22T19:48:21.091055,2792.9539999999997,2653.4739999999997,139.48,-207.04600000000005,0.0
2026-03-22T19:48:22.102675,2792.9539999999997,2653.4739999999997,139.48,-207.04600000000005,0.0
2026-03-22T19:48:23.110978,2792.9539999999997,2653.4739999999997,139.48,-207.04600000000005,0.0
2026-03-22T19:48:24.119388,2792.9539999999997,2653.4739999999997,139.48,-207.04600000000005,0.0
2026-03-22T19:48:25.130676,2792.9539999999997,2653.4739999999997,139.48,-207.04600000000005,0.0
2026-03-22T19:48:26.136481,2792.9539999999997,2653.4739999999997,139.48,-207.04600000000005,0.0
2026-03-22T19:48:27.144494,2792.9539999999997,2653.4739999999997,139.48,-207.04600000000005,0.0
2026-03-22T19:48:28.151654,2792.9539999999997,2653.4739999999997,139.48,-207.04600000000005,-1.759703494030873e-14
2026-03-22T19:48:29.161296,2792.9539999999997,2653.4739999999997,139.48,-207.04600000000005,-1.759703494030873e-14
2026-03-22T19:48:30.174386,2792.9539999999997,2653.4739999999997,139.48,-207.04600000000005,-1.759703494030873e-14
2026-03-22T19:48:31.177481,2792.9539999999997,2653.4739999999997,139.48,-207.04600000000005,-1.759703494030873e-14
2026-03-22T19:48:32.184522,2792.9539999999997,2653.4739999999997,139.48,-207.04600000000005,-1.759703494030873e-14
2026-03-22T19:48:33.194191,2792.9539999999997,2653.4739999999997,139.48,-207.04600000000005,-1.759703494030873e-14
2026-03-22T19:48:34.202455,2792.9539999999997,2653.4739999999997,139.48,-207.04600000000005,-1.759703494030873e-14
2026-03-22T19:48:35.208125,2792.9539999999997,2653.4739999999997,139.48,-207.04600000000005,-1.759703494030873e-14
2026-03-22T19:48:36.219271,2792.9539999999997,2653.4739999999997,139.48,-207.04600000000005,-1.759703494030873e-14
2026-03-22T19:48:37.234523,2792.9539999999997,2653.4739999999997,139.48,-207.04600000000005,-1.759703494030873e-14
2026-03-22T19:48:38.244151,2792.9539999999997,2653.4739999999997,139.48,-207.04600000000005,-1.759703494030873e-14
2026-03-22T19:48:39.252380,2792.9539999999997,2653.4739999999997,139.48,-207.04600000000005,-1.759703494030873e-14
2026-03-22T19:48:40.269238,2792.9539999999997,2653.4739999999997,139.48,-207.04600000000005,-1.759703494030873e-14
2026-03-22T19:48:41.276400,2792.9539999999997,2653.4739999999997,139.48,-207.04600000000005,-1.759703494030873e-14
2026-03-22T19:48:42.285865,2792.9539999999997,2653.4739999999997,139.48,-207.04600000000005,-1.759703494030873e-14
2026-03-22T19:48:43.294314,2792.9539999999997,2653.4739999999997,139.48,-207.04600000000005,-1.759703494030873e-14
2026-03-22T19:48:44.300873,2792.9539999999997,2653.4739999999997,139.48,-207.04600000000005,-1.759703494030873e-14
2026-03-22T19:48:45.309838,2792.9539999999997,2653.4739999999997,139.48,-207.04600000000005,-1.759703494030873e-14
2026-03-22T19:48:46.318017,2792.9539999999997,2653.4739999999997,139.48,-207.04600000000005,-1.759703494030873e-14
2026-03-22T19:48:47.323532,2816.094,2816.094,0.0,-183.90600000000003,0
2026-03-22T19:48:48.333631,2816.094,2816.094,0.0,-183.90600000000003,0
2026-03-22T19:48:49.344542,2816.094,2816.094,0.0,-183.90600000000003,0
2026-03-22T19:48:50.350623,2816.094,2816.094,0.0,-183.90600000000003,0
2026-03-22T19:48:51.361639,2816.094,2816.094,0.0,-183.90600000000003,0
2026-03-22T19:48:52.369348,2816.094,2816.094,0.0,-183.90600000000003,0
2026-03-22T19:48:53.385800,2816.094,2816.094,0.0,-183.90600000000003,0
2026-03-22T19:48:54.394245,2816.094,2816.094,0.0,-183.90600000000003,0
2026-03-22T19:48:55.401549,2816.094,2816.094,0.0,-183.90600000000003,0
2026-03-22T19:48:56.411377,2816.094,2816.094,0.0,-183.90600000000003,0
2026-03-22T19:48:57.417697,2816.094,2816.094,0.0,-183.90600000000003,0
2026-03-22T19:48:58.435341,2816.094,2816.094,0.0,-183.90600000000003,0
2026-03-22T19:48:59.444635,2816.094,2816.094,0.0,-183.90600000000003,0
2026-03-22T19:49:00.451366,2816.094,2816.094,0.0,-183.90600000000003,0
2026-03-22T19:49:01.460902,2816.094,2816.094,0.0,-183.90600000000003,0
2026-03-22T19:49:02.469555,2816.094,2816.094,0.0,-183.90600000000003,0
2026-03-22T19:49:03.477614,2816.094,2816.094,0.0,-183.90600000000003,0
2026-03-22T19:49:04.485259,2816.094,2816.094,0.0,-183.90600000000003,0
2026-03-22T19:49:05.494105,2816.094,2816.094,0.0,-183.90600000000003,0
2026-03-22T19:49:06.501226,2816.094,2816.094,0.0,-183.90600000000003,0
2026-03-22T19:49:07.517943,2816.094,2816.094,0.0,-183.90600000000003,0
2026-03-22T19:49:08.535481,2816.094,2816.094,0.0,-183.90600000000003,0
2026-03-22T19:49:09.541695,2816.094,2816.094,0.0,-183.90600000000003,0
2026-03-22T19:49:10.552840,2816.094,2816.094,0.0,-183.90600000000003,0
2026-03-22T19:49:11.560903,2816.094,2816.094,0.0,-183.90600000000003,0
2026-03-22T19:49:12.569259,2816.094,2816.094,0.0,-183.90600000000003,0
2026-03-22T19:49:13.584516,2816.094,2816.094,0.0,-183.90600000000003,0
2026-03-22T19:49:14.601340,2816.094,2816.094,0.0,-183.90600000000003,0
2026-03-22T19:49:15.609532,2816.094,2816.094,0.0,-183.90600000000003,0
2026-03-22T19:49:16.618116,2816.094,2816.094,0.0,-183.90600000000003,0
2026-03-22T19:49:17.628526,2816.094,2816.094,0.0,-183.90600000000003,0
2026-03-22T19:49:18.636467,2816.094,2816.094,0.0,-183.90600000000003,0
2026-03-22T19:49:19.644889,2816.094,2816.094,0.0,-183.90600000000003,0
2026-03-22T19:49:20.652541,2816.094,2816.094,0.0,-183.90600000000003,0
2026-03-22T19:49:21.660840,2816.094,2816.094,0.0,-183.90600000000003,0
2026-03-22T19:49:22.670530,2816.094,2816.094,0.0,-183.90600000000003,0
2026-03-22T19:49:23.685119,2816.094,2816.094,0.0,-183.90600000000003,0
2026-03-22T19:49:24.689606,2816.094,2816.094,0.0,-183.90600000000003,0
2026-03-22T19:49:25.694106,2816.094,2816.094,0.0,-183.90600000000003,0
2026-03-22T19:49:26.702936,2816.094,2816.094,0.0,-183.90600000000003,0
2026-03-22T19:49:27.711217,2816.094,2816.094,0.0,-183.90600000000003,0
2026-03-22T19:49:28.719823,2816.094,2816.094,0.0,-183.90600000000003,0
2026-03-22T19:49:29.735208,2816.094,2816.094,0.0,-183.90600000000003,0
2026-03-22T19:49:30.742663,2816.094,2816.094,0.0,-183.90600000000003,0
2026-03-22T19:49:31.752827,2816.094,2816.094,0.0,-183.90600000000003,0
2026-03-22T19:49:32.762823,2816.094,2816.094,0.0,-183.90600000000003,0
2026-03-22T19:49:33.785225,2816.094,2816.094,0.0,-183.90600000000003,0
2026-03-22T19:49:34.794842,2816.094,2816.094,0.0,-183.90600000000003,0
2026-03-22T19:49:35.802527,2816.094,2816.094,0.0,-183.90600000000003,0
2026-03-22T19:49:36.810967,2816.094,2816.094,0.0,-183.90600000000003,0
2026-03-22T19:49:37.819211,2816.094,2816.094,0.0,-183.90600000000003,0
2026-03-22T19:49:38.835191,2816.094,2816.094,0.0,-183.90600000000003,0
2026-03-22T19:49:39.841332,2816.094,2816.094,0.0,-183.90600000000003,0
2026-03-22T19:49:40.852911,2816.094,2816.094,0.0,-183.90600000000003,0
2026-03-22T19:49:41.860852,2816.094,2816.094,0.0,-183.90600000000003,0
2026-03-22T19:49:42.875939,2816.094,2816.094,0.0,-183.90600000000003,0
2026-03-22T19:49:43.885227,2816.094,2816.094,0.0,-183.90600000000003,0
2026-03-22T19:49:44.894259,2816.094,2816.094,0.0,-183.90600000000003,0
2026-03-22T19:49:45.906535,2816.094,2816.094,0.0,-183.90600000000003,0
2026-03-22T19:49:46.910890,2816.094,2816.094,0.0,-183.90600000000003,0
2026-03-22T19:49:47.921316,2816.094,2816.094,0.0,-183.90600000000003,0
2026-03-22T19:49:48.927688,2816.094,2816.094,0.0,-183.90600000000003,0
2026-03-22T19:49:49.935437,2816.094,2816.094,0.0,-183.90600000000003,0
2026-03-22T19:49:50.944310,2816.094,2816.094,0.0,-183.90600000000003,0
2026-03-22T19:49:51.952394,2816.094,2816.094,0.0,-183.90600000000003,0
2026-03-22T19:49:52.960942,2816.094,2816.094,0.0,-183.90600000000003,0
2026-03-22T19:49:53.969142,2816.094,2816.094,0.0,-183.90600000000003,0
2026-03-22T19:49:54.976290,2816.094,2816.094,0.0,-183.90600000000003,0
2026-03-22T19:49:55.985949,2816.094,2816.094,0.0,-183.90600000000003,0
2026-03-22T19:49:56.994279,2816.094,2816.094,0.0,-183.90600000000003,0
2026-03-22T19:49:58.002500,2816.094,2816.094,0.0,-183.90600000000003,0
2026-03-22T19:49:59.010984,2816.094,2816.094,0.0,-183.90600000000003,0
2026-03-22T19:50:00.019671,2816.094,2816.094,0.0,-183.90600000000003,0
2026-03-22T19:50:01.034726,2816.094,2816.094,0.0,-183.90600000000003,0
2026-03-22T19:50:02.042592,2816.094,2816.094,0.0,-183.90600000000003,0
2026-03-22T19:50:03.060671,2816.094,2816.094,0.0,-183.90600000000003,0
2026-03-22T19:50:04.076549,2816.094,2816.094,0.0,-183.90600000000003,0
2026-03-22T19:50:05.085805,2816.094,2816.094,0.0,-183.90600000000003,0
2026-03-22T19:50:06.094369,2816.094,2816.094,0.0,-183.90600000000003,0
2026-03-22T19:50:07.103196,2816.094,2816.094,0.0,-183.90600000000003,0
2026-03-22T19:50:08.111403,2816.094,2816.094,0.0,-183.90600000000003,0
2026-03-22T19:50:09.118194,2816.094,2816.094,0.0,-183.90600000000003,0
2026-03-22T19:50:10.135047,2816.094,2816.094,0.0,-183.90600000000003,0
2026-03-22T19:50:11.144338,2816.094,2816.094,0.0,-183.90600000000003,0
2026-03-22T19:50:12.153245,2816.094,2816.094,0.0,-183.90600000000003,0
2026-03-22T19:50:13.167849,2816.094,2816.094,0.0,-183.90600000000003,0
2026-03-22T19:50:14.175946,2816.094,2816.094,0.0,-183.90600000000003,0
2026-03-22T19:50:15.185980,2816.094,2816.094,0.0,-183.90600000000003,0
2026-03-22T19:50:16.194161,2816.094,2816.094,0.0,-183.90600000000003,0
2026-03-22T19:50:17.209902,2816.094,2816.094,0.0,-183.90600000000003,0
2026-03-22T19:50:18.219192,2816.094,2816.094,0.0,-183.90600000000003,0
2026-03-22T19:50:19.234564,2816.094,2816.094,0.0,-183.90600000000003,0
2026-03-22T19:50:20.244199,2816.094,2816.094,0.0,-183.90600000000003,0
2026-03-22T19:50:21.252523,2816.094,2816.094,0.0,-183.90600000000003,0
2026-03-22T19:50:22.261121,2816.094,2816.094,0.0,-183.90600000000003,0
2026-03-22T19:50:23.268032,2816.094,2816.094,0.0,-183.90600000000003,0
2026-03-22T19:50:24.277388,2816.094,2816.094,0.0,-183.90600000000003,0
2026-03-22T19:50:25.286989,2816.094,2816.094,0.0,-183.90600000000003,0
2026-03-22T19:50:26.294281,2816.094,2816.094,0.0,-183.90600000000003,0
2026-03-22T19:50:27.312177,2816.094,2816.094,0.0,-183.90600000000003,0
2026-03-22T19:50:28.319624,2816.094,2816.094,0.0,-183.90600000000003,0
2026-03-22T19:50:29.332045,2816.094,2816.094,0.0,-183.90600000000003,0
2026-03-22T19:50:30.344450,2816.094,2816.094,0.0,-183.90600000000003,0
2026-03-22T19:50:31.350603,2816.094,2816.094,0.0,-183.90600000000003,0
2026-03-22T19:50:32.367785,2816.094,2816.094,0.0,-183.90600000000003,0
2026-03-22T19:50:33.384662,2816.094,2816.094,0.0,-183.90600000000003,0
2026-03-22T19:50:34.394417,2816.094,2816.094,0.0,-183.90600000000003,0
2026-03-22T19:50:35.398558,2816.094,2816.094,0.0,-183.90600000000003,0
2026-03-22T19:50:36.402598,2816.094,2816.094,0.0,-183.90600000000003,0
2026-03-22T19:50:37.410818,2816.094,2816.094,0.0,-183.90600000000003,0
2026-03-22T19:50:38.419110,2816.094,2816.094,0.0,-183.90600000000003,0
2026-03-22T19:50:39.425953,2816.094,2816.094,0.0,-183.90600000000003,0
2026-03-22T19:50:40.436035,2816.094,2816.094,0.0,-183.90600000000003,0
2026-03-22T19:50:41.444234,2816.094,2816.094,0.0,-183.90600000000003,0
2026-03-22T19:50:42.452432,2816.094,2816.094,0.0,-183.90600000000003,0
2026-03-22T19:50:43.468446,2816.094,2816.094,0.0,-183.90600000000003,0
2026-03-22T19:50:44.485507,2816.094,2816.094,0.0,-183.90600000000003,0
2026-03-22T19:50:45.490701,2816.094,2816.094,0.0,-183.90600000000003,0
2026-03-22T19:50:46.503056,2816.094,2816.094,0.0,-183.90600000000003,0
2026-03-22T19:50:47.518919,2816.094,2816.094,0.0,-183.90600000000003,0
2026-03-22T19:50:48.524838,2816.094,2816.094,0.0,-183.90600000000003,0
2026-03-22T19:50:49.535688,2816.094,2816.094,0.0,-183.90600000000003,0
2026-03-22T19:50:50.544696,2816.094,2816.094,0.0,-183.90600000000003,0
2026-03-22T19:50:51.553276,2816.094,2816.094,0.0,-183.90600000000003,0
2026-03-22T19:50:52.558764,2816.094,2816.094,0.0,-183.90600000000003,0
2026-03-22T19:50:53.570711,2816.094,2816.094,0.0,-183.90600000000003,0
2026-03-22T19:50:54.580004,2816.094,2816.094,0.0,-183.90600000000003,0
2026-03-22T19:50:55.588720,2816.094,2816.094,0.0,-183.90600000000003,0
2026-03-22T19:50:56.595485,2816.094,2816.094,0.0,-183.90600000000003,0
2026-03-22T19:50:57.610169,2816.094,2816.094,0.0,-183.90600000000003,0
2026-03-22T19:50:58.619181,2816.094,2816.094,0.0,-183.90600000000003,0
2026-03-22T19:50:59.627238,2816.094,2816.094,0.0,-183.90600000000003,0
2026-03-22T19:51:00.644109,2816.094,2816.094,0.0,-183.90600000000003,0
2026-03-22T19:51:01.650502,2816.094,2816.094,0.0,-183.90600000000003,0
2026-03-22T19:51:02.662069,2816.094,2816.094,0.0,-183.90600000000003,0
2026-03-22T19:51:03.670205,2816.094,2816.094,0.0,-183.90600000000003,0
2026-03-22T19:51:04.677624,2816.094,2816.094,0.0,-183.90600000000003,0
2026-03-22T19:51:05.686604,2816.094,2816.094,0.0,-183.90600000000003,0
2026-03-22T19:51:06.695825,2816.094,2675.8740000000003,140.22,-183.90600000000003,0
2026-03-22T19:51:07.710041,2816.094,2675.8740000000003,140.22,-183.90600000000003,0
2026-03-22T19:51:08.719060,2816.094,2675.8740000000003,140.22,-183.90600000000003,0
2026-03-22T19:51:09.727517,2816.094,2675.8740000000003,140.22,-183.90600000000003,0
2026-03-22T19:51:10.735821,2815.644,2675.424,140.22,-184.35600000000002,0.0
2026-03-22T19:51:11.751462,2815.644,2675.424,140.22,-184.35600000000002,0.0
2026-03-22T19:51:12.760834,2815.644,2675.424,140.22,-184.35600000000002,0.0
2026-03-22T19:51:13.769476,2815.644,2675.424,140.22,-184.35600000000002,0.0
2026-03-22T19:51:14.784577,2815.644,2675.424,140.22,-184.35600000000002,0.0
2026-03-22T19:51:15.794084,2815.644,2675.424,140.22,-184.35600000000002,0.0
2026-03-22T19:51:16.809815,2815.644,2675.424,140.22,-184.35600000000002,0.0
2026-03-22T19:51:17.817932,2815.644,2675.424,140.22,-184.35600000000002,0.0
2026-03-22T19:51:18.835617,2815.644,2675.424,140.22,-184.35600000000002,0.0
2026-03-22T19:51:19.844173,2815.644,2675.424,140.22,-184.35600000000002,0.0
2026-03-22T19:51:20.852270,2817.354,2675.424,140.22,-184.35600000000002,1.7100000000000015
2026-03-22T19:51:21.861142,2817.354,2675.424,140.22,-184.35600000000002,1.7100000000000015
2026-03-22T19:51:22.869708,2817.354,2675.424,140.22,-184.35600000000002,1.7100000000000015
2026-03-22T19:51:23.885435,2817.3540000000003,2542.174,273.47,-184.35600000000002,1.7100000000000015
2026-03-22T19:51:24.901325,2816.5340000000006,2541.3540000000003,273.47,-185.17600000000002,1.7100000000000015
2026-03-22T19:51:25.908343,2816.5340000000006,2541.3540000000003,273.47,-185.17600000000002,1.7100000000000015
2026-03-22T19:51:26.925988,2816.5340000000006,2541.3540000000003,273.47,-185.17600000000002,1.7100000000000015
2026-03-22T19:51:27.935856,2816.5340000000006,2541.3540000000003,273.47,-185.17600000000002,1.7100000000000015
2026-03-22T19:51:28.942400,2816.5340000000006,2541.3540000000003,273.47,-185.17600000000002,1.7100000000000015
2026-03-22T19:51:29.952808,2816.5340000000006,2541.3540000000003,273.47,-185.17600000000002,1.7100000000000015
2026-03-22T19:51:30.961262,2816.5340000000006,2541.3540000000003,273.47,-185.17600000000002,1.7100000000000015
2026-03-22T19:51:31.975863,2816.5340000000006,2541.3540000000003,273.47,-185.17600000000002,1.7100000000000015
2026-03-22T19:51:32.981934,2816.5340000000006,2541.3540000000003,273.47,-185.17600000000002,1.7100000000000015
2026-03-22T19:51:33.986251,2816.5340000000006,2541.3540000000003,273.47,-185.17600000000002,1.7100000000000015
2026-03-22T19:51:34.992399,2813.8040000000005,2541.3540000000003,273.47,-185.17600000000002,-1.0200000000000014
2026-03-22T19:51:36.003075,2813.8040000000005,2541.3540000000003,273.47,-185.17600000000002,-1.0200000000000014
2026-03-22T19:51:37.019294,2813.8040000000005,2541.3540000000003,273.47,-185.17600000000002,-1.0200000000000014
2026-03-22T19:51:38.027920,2813.8040000000005,2541.3540000000003,273.47,-185.17600000000002,-1.0200000000000014
2026-03-22T19:51:39.031669,2813.8040000000005,2541.3540000000003,273.47,-185.17600000000002,-1.0200000000000014
2026-03-22T19:51:40.042764,2813.8040000000005,2541.3540000000003,273.47,-185.17600000000002,-1.0200000000000014
2026-03-22T19:51:41.047383,2813.8040000000005,2541.3540000000003,273.47,-185.17600000000002,-1.0200000000000014
2026-03-22T19:51:42.052357,2813.8040000000005,2541.3540000000003,273.47,-185.17600000000002,-1.0200000000000014
2026-03-22T19:51:43.060676,2813.8040000000005,2541.3540000000003,273.47,-185.17600000000002,-1.0200000000000014
2026-03-22T19:51:44.067903,2813.8040000000005,2541.3540000000003,273.47,-185.17600000000002,-1.0200000000000014
2026-03-22T19:51:45.075799,2813.8040000000005,2541.3540000000003,273.47,-185.17600000000002,-1.0200000000000014
2026-03-22T19:51:46.084558,2813.8040000000005,2541.3540000000003,273.47,-185.17600000000002,-1.0200000000000014
2026-03-22T19:51:47.094554,2813.8040000000005,2541.3540000000003,273.47,-185.17600000000002,-1.0200000000000014
2026-03-22T19:51:48.102281,2813.8040000000005,2541.3540000000003,273.47,-185.17600000000002,-1.0200000000000014
2026-03-22T19:51:49.110770,2813.8040000000005,2541.3540000000003,273.47,-185.17600000000002,-1.0200000000000014
2026-03-22T19:51:50.119133,2813.8040000000005,2541.3540000000003,273.47,-185.17600000000002,-1.0200000000000014
2026-03-22T19:51:51.127429,2822.0040000000004,2541.3540000000003,273.47,-185.17600000000002,7.179999999999984
2026-03-22T19:51:52.136212,2822.0040000000004,2541.3540000000003,273.47,-185.17600000000002,7.179999999999984
2026-03-22T19:51:53.144571,2822.0040000000004,2541.3540000000003,273.47,-185.17600000000002,7.179999999999984
2026-03-22T19:51:54.152746,2822.0040000000004,2541.3540000000003,273.47,-185.17600000000002,7.179999999999984
2026-03-22T19:51:55.160728,2822.0040000000004,2541.3540000000003,273.47,-185.17600000000002,7.179999999999984
2026-03-22T19:51:56.176005,2822.0040000000004,2541.3540000000003,273.47,-185.17600000000002,7.179999999999984
2026-03-22T19:51:57.185771,2822.0040000000004,2541.3540000000003,273.47,-185.17600000000002,7.179999999999984
2026-03-22T19:51:58.194167,2822.0040000000004,2541.3540000000003,273.47,-185.17600000000002,7.179999999999984
2026-03-22T19:51:59.197878,2822.0040000000004,2541.3540000000003,273.47,-185.17600000000002,7.179999999999984
2026-03-22T19:52:00.210660,2822.0040000000004,2541.3540000000003,273.47,-185.17600000000002,7.179999999999984
2026-03-22T19:52:01.225879,2822.0040000000004,2541.3540000000003,273.47,-185.17600000000002,7.179999999999984
2026-03-22T19:52:02.235639,2822.0040000000004,2541.3540000000003,273.47,-185.17600000000002,7.179999999999984
2026-03-22T19:52:03.242547,2822.0040000000004,2541.3540000000003,273.47,-185.17600000000002,7.179999999999984
2026-03-22T19:52:04.251596,2822.0040000000004,2541.3540000000003,273.47,-185.17600000000002,7.179999999999984
2026-03-22T19:52:05.258589,2822.0040000000004,2541.3540000000003,273.47,-185.17600000000002,7.179999999999984
2026-03-22T19:52:06.269501,2822.0040000000004,2541.3540000000003,273.47,-185.17600000000002,7.179999999999984
2026-03-22T19:52:07.276168,2799.114,2660.6040000000003,140.22,-199.17600000000002,-1.7099999999999826
2026-03-22T19:52:08.286271,2799.114,2660.6040000000003,140.22,-199.17600000000002,-1.7099999999999826
2026-03-22T19:52:09.292578,2799.114,2660.6040000000003,140.22,-199.17600000000002,-1.7099999999999826
2026-03-22T19:52:10.302860,2799.114,2660.6040000000003,140.22,-199.17600000000002,-1.7099999999999826
2026-03-22T19:52:11.317218,2799.114,2660.6040000000003,140.22,-199.17600000000002,-1.7099999999999826
2026-03-22T19:52:12.334803,2799.114,2660.6040000000003,140.22,-199.17600000000002,-1.7099999999999826
2026-03-22T19:52:13.344026,2799.114,2660.6040000000003,140.22,-199.17600000000002,-1.7099999999999826
2026-03-22T19:52:14.353192,2799.114,2660.6040000000003,140.22,-199.17600000000002,-1.7099999999999826
2026-03-22T19:52:15.357602,2799.114,2660.6040000000003,140.22,-199.17600000000002,-1.7099999999999826
2026-03-22T19:52:16.368120,2799.114,2660.6040000000003,140.22,-199.17600000000002,-1.7099999999999826
2026-03-22T19:52:17.375988,2799.114,2660.6040000000003,140.22,-199.17600000000002,-1.7099999999999826
2026-03-22T19:52:18.385770,2799.114,2660.6040000000003,140.22,-199.17600000000002,-1.7099999999999826
2026-03-22T19:52:19.389975,2799.114,2660.6040000000003,140.22,-199.17600000000002,-1.7099999999999826
2026-03-22T19:52:20.401367,2799.114,2660.6040000000003,140.22,-199.17600000000002,-1.7099999999999826
2026-03-22T19:52:21.411121,2799.114,2660.6040000000003,140.22,-199.17600000000002,-1.7099999999999826
2026-03-22T19:52:22.419755,2788.8540000000003,2660.6040000000003,140.22,-199.17600000000002,-11.969999999999992
2026-03-22T19:52:23.429799,2788.8540000000003,2660.6040000000003,140.22,-199.17600000000002,-11.969999999999992
2026-03-22T19:52:24.436284,2788.8540000000003,2660.6040000000003,140.22,-199.17600000000002,-11.969999999999992
2026-03-22T19:52:25.443787,2788.8540000000003,2660.6040000000003,140.22,-199.17600000000002,-11.969999999999992
2026-03-22T19:52:26.453575,2788.8540000000003,2660.6040000000003,140.22,-199.17600000000002,-11.969999999999992
2026-03-22T19:52:27.463406,2788.8540000000003,2660.6040000000003,140.22,-199.17600000000002,-11.969999999999992
2026-03-22T19:52:28.485691,2788.8540000000003,2660.6040000000003,140.22,-199.17600000000002,-11.969999999999992
2026-03-22T19:52:29.494069,2788.8540000000003,2660.6040000000003,140.22,-199.17600000000002,-11.969999999999992
2026-03-22T19:52:30.502399,2788.8540000000003,2660.6040000000003,140.22,-199.17600000000002,-11.969999999999992
2026-03-22T19:52:31.511013,2788.8540000000003,2660.6040000000003,140.22,-199.17600000000002,-11.969999999999992
2026-03-22T19:52:32.526005,2788.8540000000003,2660.6040000000003,140.22,-199.17600000000002,-11.969999999999992
2026-03-22T19:52:33.536935,2788.8540000000003,2660.6040000000003,140.22,-199.17600000000002,-11.969999999999992
2026-03-22T19:52:34.552467,2788.8540000000003,2660.6040000000003,140.22,-199.17600000000002,-11.969999999999992
2026-03-22T19:52:35.561207,2788.8540000000003,2660.6040000000003,140.22,-199.17600000000002,-11.969999999999992
2026-03-22T19:52:36.567225,2783.724,2783.724,0.0,-216.276,0
2026-03-22T19:52:37.575932,2783.724,2783.724,0.0,-216.276,0
2026-03-22T19:52:38.584440,2783.724,2783.724,0.0,-216.276,0
2026-03-22T19:52:39.593977,2783.724,2783.724,0.0,-216.276,0
2026-03-22T19:52:40.602286,2783.724,2783.724,0.0,-216.276,0
2026-03-22T19:52:41.618100,2783.724,2783.724,0.0,-216.276,0
2026-03-22T19:52:42.635476,2783.724,2783.724,0.0,-216.276,0
2026-03-22T19:52:43.644127,2783.724,2783.724,0.0,-216.276,0
2026-03-22T19:52:44.653323,2783.724,2783.724,0.0,-216.276,0
2026-03-22T19:52:45.674183,2783.724,2783.724,0.0,-216.276,0
2026-03-22T19:52:46.684657,2783.724,2783.724,0.0,-216.276,0
2026-03-22T19:52:47.694058,2783.724,2783.724,0.0,-216.276,0
2026-03-22T19:52:48.700164,2783.724,2783.724,0.0,-216.276,0
2026-03-22T19:52:49.705197,2783.724,2783.724,0.0,-216.276,0
2026-03-22T19:52:50.711152,2783.724,2783.724,0.0,-216.276,0
2026-03-22T19:52:51.719647,2783.724,2783.724,0.0,-216.276,0
2026-03-22T19:52:52.725950,2783.724,2783.724,0.0,-216.276,0
2026-03-22T19:52:53.735540,2783.724,2783.724,0.0,-216.276,0
2026-03-22T19:52:54.743951,2783.724,2783.724,0.0,-216.276,0
2026-03-22T19:52:55.752387,2783.724,2783.724,0.0,-216.276,0
2026-03-22T19:52:56.760767,2783.724,2783.724,0.0,-216.276,0
2026-03-22T19:52:57.773504,2783.724,2783.724,0.0,-216.276,0
2026-03-22T19:52:58.785605,2783.724,2783.724,0.0,-216.276,0
2026-03-22T19:52:59.792726,2783.724,2783.724,0.0,-216.276,0
2026-03-22T19:53:00.802353,2783.724,2783.724,0.0,-216.276,0
2026-03-22T19:53:01.812262,2783.724,2783.724,0.0,-216.276,0
2026-03-22T19:53:02.832585,2783.724,2783.724,0.0,-216.276,0
2026-03-22T19:53:03.848979,2783.724,2783.724,0.0,-216.276,0
2026-03-22T19:53:04.853092,2783.724,2783.724,0.0,-216.276,0
2026-03-22T19:53:05.860429,2783.724,2783.724,0.0,-216.276,0
2026-03-22T19:53:06.870709,2783.724,2783.724,0.0,-216.276,0
2026-03-22T19:53:07.877215,2783.724,2783.724,0.0,-216.276,0
2026-03-22T19:53:08.885554,2783.724,2783.724,0.0,-216.276,0
2026-03-22T19:53:09.892256,2783.724,2783.724,0.0,-216.276,0
2026-03-22T19:53:10.902222,2783.724,2783.724,0.0,-216.276,0
2026-03-22T19:53:11.910540,2783.724,2783.724,0.0,-216.276,0
2026-03-22T19:53:12.922563,2783.724,2783.724,0.0,-216.276,0
2026-03-22T19:53:13.926126,2783.724,2783.724,0.0,-216.276,0
2026-03-22T19:53:14.932401,2783.724,2783.724,0.0,-216.276,0
2026-03-22T19:53:15.938266,2783.724,2783.724,0.0,-216.276,0
2026-03-22T19:53:16.958500,2783.724,2783.724,0.0,-216.276,0
2026-03-22T19:53:17.975967,2783.724,2783.724,0.0,-216.276,0
2026-03-22T19:53:18.988082,2783.724,2783.724,0.0,-216.276,0
2026-03-22T19:53:19.993887,2783.724,2783.724,0.0,-216.276,0
2026-03-22T19:53:21.009146,2783.724,2783.724,0.0,-216.276,0
2026-03-22T19:53:22.016285,2783.724,2783.724,0.0,-216.276,0
2026-03-22T19:53:23.032715,2783.724,2783.724,0.0,-216.276,0
2026-03-22T19:53:24.043812,2783.724,2783.724,0.0,-216.276,0
2026-03-22T19:53:25.052608,2783.724,2783.724,0.0,-216.276,0
2026-03-22T19:53:26.056297,2783.724,2783.724,0.0,-216.276,0
2026-03-22T19:53:27.074312,2783.724,2783.724,0.0,-216.276,0
2026-03-22T19:53:28.090348,2783.724,2783.724,0.0,-216.276,0
2026-03-22T19:53:29.113230,2783.724,2783.724,0.0,-216.276,0
2026-03-22T19:53:30.130767,2783.724,2783.724,0.0,-216.276,0
2026-03-22T19:53:31.143903,2783.724,2783.724,0.0,-216.276,0
2026-03-22T19:53:32.153276,2783.724,2783.724,0.0,-216.276,0
2026-03-22T19:53:33.164572,2783.724,2783.724,0.0,-216.276,0
2026-03-22T19:53:34.168869,2783.724,2783.724,0.0,-216.276,0
2026-03-22T19:53:35.177231,2783.724,2783.724,0.0,-216.276,0
2026-03-22T19:53:36.183572,2783.724,2783.724,0.0,-216.276,0
2026-03-22T19:53:37.187875,2783.724,2783.724,0.0,-216.276,0
2026-03-22T19:53:38.193712,2783.724,2783.724,0.0,-216.276,0
2026-03-22T19:53:39.208968,2783.724,2783.724,0.0,-216.276,0
2026-03-22T19:53:40.223149,2783.724,2783.724,0.0,-216.276,0
2026-03-22T19:53:41.227627,2783.724,2783.724,0.0,-216.276,0
2026-03-22T19:53:42.237840,2783.724,2783.724,0.0,-216.276,0
2026-03-22T19:53:43.252611,2783.724,2783.724,0.0,-216.276,0
2026-03-22T19:53:44.260430,2783.724,2783.724,0.0,-216.276,0
2026-03-22T19:53:45.279548,2783.724,2783.724,0.0,-216.276,0
2026-03-22T19:53:46.289458,2783.724,2783.724,0.0,-216.276,0
2026-03-22T19:53:47.294487,2783.724,2783.724,0.0,-216.276,0
2026-03-22T19:53:48.305301,2783.724,2783.724,0.0,-216.276,0
2026-03-22T19:53:49.310404,2783.724,2783.724,0.0,-216.276,0
2026-03-22T19:53:50.316843,2783.724,2783.724,0.0,-216.276,0
2026-03-22T19:53:51.326253,2783.724,2783.724,0.0,-216.276,0
2026-03-22T19:53:52.346457,2783.724,2783.724,0.0,-216.276,0
2026-03-22T19:53:53.360501,2783.724,2783.724,0.0,-216.276,0
2026-03-22T19:53:54.370377,2783.724,2783.724,0.0,-216.276,0
2026-03-22T19:53:55.383392,2783.724,2783.724,0.0,-216.276,0
2026-03-22T19:53:56.390304,2783.724,2783.724,0.0,-216.276,0
2026-03-22T19:53:57.405553,2783.724,2783.724,0.0,-216.276,0
2026-03-22T19:53:58.423926,2783.724,2783.724,0.0,-216.276,0
2026-03-22T19:53:59.430365,2783.724,2783.724,0.0,-216.276,0
2026-03-22T19:54:00.439267,2783.724,2783.724,0.0,-216.276,0
2026-03-22T19:54:01.446395,2783.724,2783.724,0.0,-216.276,0
2026-03-22T19:54:02.456101,2783.724,2783.724,0.0,-216.276,0
2026-03-22T19:54:03.461652,2783.724,2783.724,0.0,-216.276,0
2026-03-22T19:54:04.467696,2783.724,2783.724,0.0,-216.276,0
2026-03-22T19:54:05.481881,2783.724,2783.724,0.0,-216.276,0
2026-03-22T19:54:06.499326,2783.724,2783.724,0.0,-216.276,0
2026-03-22T19:54:07.516797,2783.724,2783.724,0.0,-216.276,0
2026-03-22T19:54:08.527855,2783.724,2783.724,0.0,-216.276,0
2026-03-22T19:54:09.535945,2783.724,2783.724,0.0,-216.276,0
2026-03-22T19:54:10.544717,2783.724,2783.724,0.0,-216.276,0
2026-03-22T19:54:11.562572,2783.724,2783.724,0.0,-216.276,0
2026-03-22T19:54:12.566919,2783.724,2783.724,0.0,-216.276,0
2026-03-22T19:54:13.572235,2783.724,2783.724,0.0,-216.276,0
2026-03-22T19:54:14.577001,2783.724,2783.724,0.0,-216.276,0
2026-03-22T19:54:15.586596,2783.724,2783.724,0.0,-216.276,0
2026-03-22T19:54:16.593831,2783.724,2783.724,0.0,-216.276,0
2026-03-22T19:54:17.603680,2783.724,2783.724,0.0,-216.276,0
2026-03-22T19:54:18.609393,2783.724,2783.724,0.0,-216.276,0
2026-03-22T19:54:19.620418,2783.724,2783.724,0.0,-216.276,0
2026-03-22T19:54:20.631937,2783.724,2783.724,0.0,-216.276,0
2026-03-22T19:54:21.648695,2783.724,2783.724,0.0,-216.276,0
2026-03-22T19:54:22.657469,2783.724,2783.724,0.0,-216.276,0
2026-03-22T19:54:23.673745,2783.724,2783.724,0.0,-216.276,0
2026-03-22T19:54:24.690497,2783.724,2783.724,0.0,-216.276,0
2026-03-22T19:54:25.706670,2783.724,2644.574,139.15,-216.276,0
2026-03-22T19:54:26.716540,2782.624,2643.4739999999997,139.15,-217.376,0.0
2026-03-22T19:54:27.738293,2782.624,2643.4739999999997,139.15,-217.376,0.0
2026-03-22T19:54:28.755263,2782.624,2643.4739999999997,139.15,-217.376,0.0
2026-03-22T19:54:29.774060,2782.624,2643.4739999999997,139.15,-217.376,0.0
2026-03-22T19:54:30.791120,2782.624,2643.4739999999997,139.15,-217.376,0.0
2026-03-22T19:54:31.808904,2782.624,2643.4739999999997,139.15,-217.376,0.0
2026-03-22T19:54:32.823026,2782.624,2643.4739999999997,139.15,-217.376,0.0
2026-03-22T19:54:33.841888,2782.624,2643.4739999999997,139.15,-217.376,0.0
2026-03-22T19:54:34.858554,2782.624,2643.4739999999997,139.15,-217.376,0.0
2026-03-22T19:54:35.869573,2772.504,2643.4739999999997,139.15,-217.376,-10.120000000000008
2026-03-22T19:54:36.880913,2772.504,2643.4739999999997,139.15,-217.376,-10.120000000000008
2026-03-22T19:54:37.893490,2772.504,2643.4739999999997,139.15,-217.376,-10.120000000000008
2026-03-22T19:54:38.905672,2772.504,2643.4739999999997,139.15,-217.376,-10.120000000000008
2026-03-22T19:54:39.910812,2772.504,2643.4739999999997,139.15,-217.376,-10.120000000000008
2026-03-22T19:54:40.919418,2772.504,2643.4739999999997,139.15,-217.376,-10.120000000000008
2026-03-22T19:54:41.925943,2772.504,2643.4739999999997,139.15,-217.376,-10.120000000000008
2026-03-22T19:54:42.933340,2772.504,2643.4739999999997,139.15,-217.376,-10.120000000000008
2026-03-22T19:54:43.942361,2772.504,2643.4739999999997,139.15,-217.376,-10.120000000000008
2026-03-22T19:54:44.952175,2772.504,2643.4739999999997,139.15,-217.376,-10.120000000000008
2026-03-22T19:54:45.960575,2772.504,2643.4739999999997,139.15,-217.376,-10.120000000000008
2026-03-22T19:54:46.971261,2772.504,2643.4739999999997,139.15,-217.376,-10.120000000000008
2026-03-22T19:54:47.981543,2772.504,2643.4739999999997,139.15,-217.376,-10.120000000000008
2026-03-22T19:54:48.992677,2772.504,2643.4739999999997,139.15,-217.376,-10.120000000000008
2026-03-22T19:54:50.002578,2772.504,2643.4739999999997,139.15,-217.376,-10.120000000000008
2026-03-22T19:54:51.010410,2772.504,2643.4739999999997,139.15,-217.376,-10.120000000000008
2026-03-22T19:54:52.019286,2742.144,2643.4739999999997,139.15,-217.376,-40.48000000000001
2026-03-22T19:54:53.025561,2742.144,2643.4739999999997,139.15,-217.376,-40.48000000000001
2026-03-22T19:54:54.044902,2742.144,2643.4739999999997,139.15,-217.376,-40.48000000000001
2026-03-22T19:54:55.052549,2742.144,2643.4739999999997,139.15,-217.376,-40.48000000000001
2026-03-22T19:54:56.060977,2742.144,2643.4739999999997,139.15,-217.376,-40.48000000000001
2026-03-22T19:54:57.075864,2742.144,2643.4739999999997,139.15,-217.376,-40.48000000000001
2026-03-22T19:54:58.089549,2742.144,2643.4739999999997,139.15,-217.376,-40.48000000000001
2026-03-22T19:54:59.106163,2742.144,2643.4739999999997,139.15,-217.376,-40.48000000000001
2026-03-22T19:55:00.109193,2742.144,2643.4739999999997,139.15,-217.376,-40.48000000000001
2026-03-22T19:55:01.125734,2742.144,2643.4739999999997,139.15,-217.376,-40.48000000000001
2026-03-22T19:55:02.139377,2742.144,2643.4739999999997,139.15,-217.376,-40.48000000000001
2026-03-22T19:55:03.143762,2742.144,2643.4739999999997,139.15,-217.376,-40.48000000000001
2026-03-22T19:55:04.160998,2742.144,2643.4739999999997,139.15,-217.376,-40.48000000000001
2026-03-22T19:55:05.170077,2742.144,2643.4739999999997,139.15,-217.376,-40.48000000000001
2026-03-22T19:55:06.177137,2742.144,2643.4739999999997,139.15,-217.376,-40.48000000000001
2026-03-22T19:55:07.185496,2742.144,2643.4739999999997,139.15,-217.376,-40.48000000000001
2026-03-22T19:55:08.193720,2742.144,2643.4739999999997,139.15,-217.376,-40.48000000000001
2026-03-22T19:55:09.202388,2742.144,2643.4739999999997,139.15,-217.376,-40.48000000000001
2026-03-22T19:55:10.211582,2742.1440000000002,2742.1440000000002,0.0,-257.856,0
2026-03-22T19:55:11.225739,2742.1440000000002,2742.1440000000002,0.0,-257.856,0
2026-03-22T19:55:12.236692,2742.1440000000002,2742.1440000000002,0.0,-257.856,0
2026-03-22T19:55:13.242469,2742.1440000000002,2742.1440000000002,0.0,-257.856,0
2026-03-22T19:55:14.258873,2742.1440000000002,2742.1440000000002,0.0,-257.856,0
2026-03-22T19:55:15.270797,2742.1440000000002,2742.1440000000002,0.0,-257.856,0
2026-03-22T19:55:16.282029,2742.1440000000002,2742.1440000000002,0.0,-257.856,0
2026-03-22T19:55:17.296728,2742.1440000000002,2742.1440000000002,0.0,-257.856,0
2026-03-22T19:55:18.301877,2742.1440000000002,2742.1440000000002,0.0,-257.856,0
2026-03-22T19:55:19.310199,2742.1440000000002,2742.1440000000002,0.0,-257.856,0
2026-03-22T19:55:20.318568,2742.1440000000002,2742.1440000000002,0.0,-257.856,0
2026-03-22T19:55:21.327633,2742.1440000000002,2742.1440000000002,0.0,-257.856,0
2026-03-22T19:55:22.339237,2742.1440000000002,2742.1440000000002,0.0,-257.856,0
2026-03-22T19:55:23.348594,2742.1440000000002,2742.1440000000002,0.0,-257.856,0
2026-03-22T19:55:24.369116,2742.1440000000002,2742.1440000000002,0.0,-257.856,0
2026-03-22T19:55:25.378725,2742.1440000000002,2742.1440000000002,0.0,-257.856,0
2026-03-22T19:55:26.394315,2742.1440000000002,2742.1440000000002,0.0,-257.856,0
2026-03-22T19:55:27.403249,2742.1440000000002,2742.1440000000002,0.0,-257.856,0
2026-03-22T19:55:28.417161,2742.1440000000002,2742.1440000000002,0.0,-257.856,0
2026-03-22T19:55:29.422128,2742.1440000000002,2742.1440000000002,0.0,-257.856,0
2026-03-22T19:55:30.440490,2742.1440000000002,2742.1440000000002,0.0,-257.856,0
2026-03-22T19:55:31.453614,2742.1440000000002,2742.1440000000002,0.0,-257.856,0
2026-03-22T19:55:32.469512,2742.1440000000002,2742.1440000000002,0.0,-257.856,0
2026-03-22T19:55:33.487840,2742.1440000000002,2742.1440000000002,0.0,-257.856,0
2026-03-22T19:55:34.498577,2742.1440000000002,2742.1440000000002,0.0,-257.856,0
2026-03-22T19:55:35.511588,2742.1440000000002,2742.1440000000002,0.0,-257.856,0
2026-03-22T19:55:36.528396,2742.1440000000002,2742.1440000000002,0.0,-257.856,0
2026-03-22T19:55:37.539785,2742.1440000000002,2742.1440000000002,0.0,-257.856,0
2026-03-22T19:55:38.557376,2742.1440000000002,2742.1440000000002,0.0,-257.856,0
2026-03-22T19:55:39.577423,2742.1440000000002,2742.1440000000002,0.0,-257.856,0
2026-03-22T19:55:40.582236,2742.1440000000002,2742.1440000000002,0.0,-257.856,0
2026-03-22T19:55:41.599636,2742.1440000000002,2742.1440000000002,0.0,-257.856,0
2026-03-22T19:55:42.615435,2742.1440000000002,2742.1440000000002,0.0,-257.856,0
2026-03-22T19:55:43.632439,2742.1440000000002,2742.1440000000002,0.0,-257.856,0
2026-03-22T19:55:44.641913,2742.1440000000002,2742.1440000000002,0.0,-257.856,0
2026-03-22T19:55:45.656031,2742.1440000000002,2742.1440000000002,0.0,-257.856,0
2026-03-22T19:55:46.671926,2742.1440000000002,2742.1440000000002,0.0,-257.856,0
2026-03-22T19:55:47.688136,2742.1440000000002,2742.1440000000002,0.0,-257.856,0
2026-03-22T19:55:48.695402,2742.1440000000002,2742.1440000000002,0.0,-257.856,0
2026-03-22T19:55:49.715282,2742.1440000000002,2742.1440000000002,0.0,-257.856,0
2026-03-22T19:55:50.726282,2742.1440000000002,2742.1440000000002,0.0,-257.856,0
2026-03-22T19:55:51.743784,2742.1440000000002,2742.1440000000002,0.0,-257.856,0
2026-03-22T19:55:52.749167,2742.1440000000002,2742.1440000000002,0.0,-257.856,0
2026-03-22T19:55:53.769751,2742.1440000000002,2742.1440000000002,0.0,-257.856,0
2026-03-22T19:55:54.781385,2742.1440000000002,2742.1440000000002,0.0,-257.856,0
2026-03-22T19:55:55.798506,2742.1440000000002,2742.1440000000002,0.0,-257.856,0
2026-03-22T19:55:56.814915,2742.1440000000002,2742.1440000000002,0.0,-257.856,0
2026-03-22T19:55:57.828219,2742.1440000000002,2742.1440000000002,0.0,-257.856,0
2026-03-22T19:55:58.842455,2742.1440000000002,2742.1440000000002,0.0,-257.856,0
2026-03-22T19:55:59.858573,2742.1440000000002,2742.1440000000002,0.0,-257.856,0
2026-03-22T19:56:00.875822,2742.1440000000002,2742.1440000000002,0.0,-257.856,0
2026-03-22T19:56:01.894265,2742.1440000000002,2742.1440000000002,0.0,-257.856,0
2026-03-22T19:56:02.914447,2742.1440000000002,2742.1440000000002,0.0,-257.856,0
2026-03-22T19:56:03.928139,2742.1440000000002,2742.1440000000002,0.0,-257.856,0
2026-03-22T19:56:04.943895,2742.1440000000002,2742.1440000000002,0.0,-257.856,0
2026-03-22T19:56:05.962304,2742.1440000000002,2742.1440000000002,0.0,-257.856,0
2026-03-22T19:56:06.980767,2742.1440000000002,2742.1440000000002,0.0,-257.856,0
2026-03-22T19:56:07.996302,2742.1440000000002,2742.1440000000002,0.0,-257.856,0
2026-03-22T19:56:09.002652,2742.1440000000002,2742.1440000000002,0.0,-257.856,0
2026-03-22T19:56:10.006999,2742.1440000000002,2742.1440000000002,0.0,-257.856,0
2026-03-22T19:56:11.020586,2742.1440000000002,2742.1440000000002,0.0,-257.856,0
2026-03-22T19:56:12.031143,2742.1440000000002,2742.1440000000002,0.0,-257.856,0
2026-03-22T19:56:13.046813,2742.1440000000002,2742.1440000000002,0.0,-257.856,0
2026-03-22T19:56:14.061541,2742.1440000000002,2742.1440000000002,0.0,-257.856,0
2026-03-22T19:56:15.072270,2742.1440000000002,2742.1440000000002,0.0,-257.856,0
2026-03-22T19:56:16.085731,2742.1440000000002,2742.1440000000002,0.0,-257.856,0
2026-03-22T19:56:17.094836,2742.1440000000002,2742.1440000000002,0.0,-257.856,0
2026-03-22T19:56:18.109669,2742.1440000000002,2742.1440000000002,0.0,-257.856,0
2026-03-22T19:56:19.125718,2742.1440000000002,2742.1440000000002,0.0,-257.856,0
2026-03-22T19:56:20.135922,2742.1440000000002,2742.1440000000002,0.0,-257.856,0
2026-03-22T19:56:21.152325,2742.1440000000002,2742.1440000000002,0.0,-257.856,0
2026-03-22T19:56:22.167808,2742.1440000000002,2742.1440000000002,0.0,-257.856,0
2026-03-22T19:56:23.177484,2742.1440000000002,2742.1440000000002,0.0,-257.856,0
2026-03-22T19:56:24.185728,2742.1440000000002,2742.1440000000002,0.0,-257.856,0
2026-03-22T19:56:25.207358,2742.1440000000002,2742.1440000000002,0.0,-257.856,0
2026-03-22T19:56:26.217090,2742.1440000000002,2742.1440000000002,0.0,-257.856,0
2026-03-22T19:56:27.230833,2742.1440000000002,2742.1440000000002,0.0,-257.856,0
2026-03-22T19:56:28.235447,2742.1440000000002,2742.1440000000002,0.0,-257.856,0
2026-03-22T19:56:29.251096,2742.1440000000002,2742.1440000000002,0.0,-257.856,0
2026-03-22T19:56:30.256828,2742.1440000000002,2742.1440000000002,0.0,-257.856,0
2026-03-22T19:56:31.276716,2742.1440000000002,2742.1440000000002,0.0,-257.856,0
2026-03-22T19:56:32.292767,2742.1440000000002,2742.1440000000002,0.0,-257.856,0
2026-03-22T19:56:33.307404,2742.1440000000002,2742.1440000000002,0.0,-257.856,0
2026-03-22T19:56:34.331585,2742.1440000000002,2742.1440000000002,0.0,-257.856,0
2026-03-22T19:56:35.336401,2742.1440000000002,2742.1440000000002,0.0,-257.856,0
2026-03-22T19:56:36.342855,2742.1440000000002,2742.1440000000002,0.0,-257.856,0
2026-03-22T19:56:37.359291,2742.1440000000002,2742.1440000000002,0.0,-257.856,0
2026-03-22T19:56:38.374301,2742.1440000000002,2742.1440000000002,0.0,-257.856,0
2026-03-22T19:56:39.393249,2742.1440000000002,2742.1440000000002,0.0,-257.856,0
2026-03-22T19:56:40.406542,2742.1440000000002,2742.1440000000002,0.0,-257.856,0
2026-03-22T19:56:41.417920,2742.1440000000002,2742.1440000000002,0.0,-257.856,0
2026-03-22T19:56:42.431552,2742.1440000000002,2742.1440000000002,0.0,-257.856,0
2026-03-22T19:56:43.437235,2742.1440000000002,2742.1440000000002,0.0,-257.856,0
2026-03-22T19:56:44.441068,2742.1440000000002,2742.1440000000002,0.0,-257.856,0
2026-03-22T19:56:45.456768,2742.1440000000002,2742.1440000000002,0.0,-257.856,0
2026-03-22T19:56:46.480048,2742.1440000000002,2742.1440000000002,0.0,-257.856,0
2026-03-22T19:56:47.487981,2742.1440000000002,2742.1440000000002,0.0,-257.856,0
2026-03-22T19:56:48.503880,2742.1440000000002,2742.1440000000002,0.0,-257.856,0
2026-03-22T19:56:49.511484,2742.1440000000002,2742.1440000000002,0.0,-257.856,0
2026-03-22T19:56:50.519235,2742.1440000000002,2742.1440000000002,0.0,-257.856,0
2026-03-22T19:56:51.532401,2742.1440000000002,2742.1440000000002,0.0,-257.856,0
2026-03-22T19:56:52.543200,2742.1440000000002,2742.1440000000002,0.0,-257.856,0
2026-03-22T19:56:53.562991,2742.1440000000002,2742.1440000000002,0.0,-257.856,0
2026-03-22T19:56:54.579790,2742.1440000000002,2742.1440000000002,0.0,-257.856,0
2026-03-22T19:56:55.591514,2742.1440000000002,2742.1440000000002,0.0,-257.856,0
2026-03-22T19:56:56.609675,2742.1440000000002,2742.1440000000002,0.0,-257.856,0
2026-03-22T19:56:57.626913,2742.1440000000002,2742.1440000000002,0.0,-257.856,0
2026-03-22T19:56:58.632396,2742.1440000000002,2742.1440000000002,0.0,-257.856,0
2026-03-22T19:56:59.642987,2742.1440000000002,2742.1440000000002,0.0,-257.856,0
2026-03-22T19:57:00.651285,2742.1440000000002,2742.1440000000002,0.0,-257.856,0
2026-03-22T19:57:01.660595,2742.1440000000002,2742.1440000000002,0.0,-257.856,0
2026-03-22T19:57:02.668285,2742.1440000000002,2742.1440000000002,0.0,-257.856,0
2026-03-22T19:57:03.678170,2742.1440000000002,2742.1440000000002,0.0,-257.856,0
2026-03-22T19:57:04.692086,2742.1440000000002,2742.1440000000002,0.0,-257.856,0
2026-03-22T19:57:05.700258,2742.1440000000002,2742.1440000000002,0.0,-257.856,0
2026-03-22T19:57:06.711157,2742.1440000000002,2742.1440000000002,0.0,-257.856,0
2026-03-22T19:57:07.735510,2742.1440000000002,2742.1440000000002,0.0,-257.856,0
2026-03-22T19:57:08.750095,2742.1440000000002,2742.1440000000002,0.0,-257.856,0
2026-03-22T19:57:09.759310,2742.1440000000002,2742.1440000000002,0.0,-257.856,0
2026-03-22T19:57:10.775032,2742.1440000000002,2742.1440000000002,0.0,-257.856,0
2026-03-22T19:57:11.781891,2742.1440000000002,2742.1440000000002,0.0,-257.856,0
2026-03-22T19:57:12.796970,2742.1440000000002,2742.1440000000002,0.0,-257.856,0
2026-03-22T19:57:13.810310,2742.1440000000002,2742.1440000000002,0.0,-257.856,0
2026-03-22T19:57:14.817698,2742.1440000000002,2742.1440000000002,0.0,-257.856,0
2026-03-22T19:57:15.832646,2742.1440000000002,2742.1440000000002,0.0,-257.856,0
2026-03-22T19:57:16.853377,2742.1440000000002,2742.1440000000002,0.0,-257.856,0
2026-03-22T19:57:17.862644,2742.1440000000002,2742.1440000000002,0.0,-257.856,0
2026-03-22T19:57:18.869099,2742.1440000000002,2742.1440000000002,0.0,-257.856,0
2026-03-22T19:57:19.880451,2742.1440000000002,2742.1440000000002,0.0,-257.856,0
2026-03-22T19:57:20.897975,2742.1440000000002,2742.1440000000002,0.0,-257.856,0
2026-03-22T19:57:21.913997,2742.1440000000002,2742.1440000000002,0.0,-257.856,0
2026-03-22T19:57:22.928456,2742.1440000000002,2742.1440000000002,0.0,-257.856,0
2026-03-22T19:57:23.947345,2742.1440000000002,2742.1440000000002,0.0,-257.856,0
2026-03-22T19:57:24.959141,2742.1440000000002,2742.1440000000002,0.0,-257.856,0
2026-03-22T19:57:25.977553,2742.1440000000002,2742.1440000000002,0.0,-257.856,0
2026-03-22T19:57:26.994212,2742.1440000000002,2742.1440000000002,0.0,-257.856,0
2026-03-22T19:57:28.010434,2742.1440000000002,2742.1440000000002,0.0,-257.856,0
2026-03-22T19:57:29.028799,2742.1440000000002,2742.1440000000002,0.0,-257.856,0
2026-03-22T19:57:30.042525,2742.1440000000002,2742.1440000000002,0.0,-257.856,0
2026-03-22T19:57:31.050148,2742.1440000000002,2742.1440000000002,0.0,-257.856,0
2026-03-22T19:57:32.059086,2742.1440000000002,2742.1440000000002,0.0,-257.856,0
2026-03-22T19:57:33.076004,2742.1440000000002,2742.1440000000002,0.0,-257.856,0
2026-03-22T19:57:34.093922,2742.1440000000002,2742.1440000000002,0.0,-257.856,0
2026-03-22T19:57:35.115105,2742.1440000000002,2742.1440000000002,0.0,-257.856,0
2026-03-22T19:57:36.130684,2742.1440000000002,2742.1440000000002,0.0,-257.856,0
2026-03-22T19:57:37.141927,2742.1440000000002,2742.1440000000002,0.0,-257.856,0
2026-03-22T19:57:38.154031,2742.1440000000002,2742.1440000000002,0.0,-257.856,0
2026-03-22T19:57:39.170244,2742.1440000000002,2605.2540000000004,136.89000000000001,-257.856,0
2026-03-22T19:57:40.183130,2740.674,2603.784,136.89000000000001,-259.326,0.0
2026-03-22T19:57:41.199687,2740.674,2603.784,136.89000000000001,-259.326,0.0
2026-03-22T19:57:42.205872,2740.674,2603.784,136.89000000000001,-259.326,0.0
2026-03-22T19:57:43.215807,2740.674,2603.784,136.89000000000001,-259.326,0.0
2026-03-22T19:57:44.224638,2740.674,2603.784,136.89000000000001,-259.326,0.0
2026-03-22T19:57:45.246811,2740.674,2603.784,136.89000000000001,-259.326,0.0
2026-03-22T19:57:46.262466,2740.674,2603.784,136.89000000000001,-259.326,0.0
2026-03-22T19:57:47.278479,2740.674,2603.784,136.89000000000001,-259.326,0.0
2026-03-22T19:57:48.298240,2740.674,2603.784,136.89000000000001,-259.326,0.0
2026-03-22T19:57:49.317715,2740.674,2603.784,136.89000000000001,-259.326,0.0
2026-03-22T19:57:50.326871,2740.674,2603.784,136.89000000000001,-259.326,0.0
2026-03-22T19:57:51.342465,2740.674,2603.784,136.89000000000001,-259.326,0.0
2026-03-22T19:57:52.355123,2758.224,2603.784,136.89000000000001,-259.326,17.549999999999997
2026-03-22T19:57:53.373627,2758.224,2603.784,136.89000000000001,-259.326,17.549999999999997
2026-03-22T19:57:54.390837,2758.224,2603.784,136.89000000000001,-259.326,17.549999999999997
2026-03-22T19:57:55.402182,2758.224,2603.784,136.89000000000001,-259.326,17.549999999999997
2026-03-22T19:57:56.410599,2758.224,2603.784,136.89000000000001,-259.326,17.549999999999997
2026-03-22T19:57:57.415300,2758.224,2603.784,136.89000000000001,-259.326,17.549999999999997
2026-03-22T19:57:58.422999,2758.224,2603.784,136.89000000000001,-259.326,17.549999999999997
2026-03-22T19:57:59.440258,2758.224,2603.784,136.89000000000001,-259.326,17.549999999999997
2026-03-22T19:58:00.460868,2758.224,2603.784,136.89000000000001,-259.326,17.549999999999997
2026-03-22T19:58:01.474838,2758.224,2603.784,136.89000000000001,-259.326,17.549999999999997
2026-03-22T19:58:02.485151,2758.224,2603.784,136.89000000000001,-259.326,17.549999999999997
2026-03-22T19:58:03.505028,2758.224,2603.784,136.89000000000001,-259.326,17.549999999999997
2026-03-22T19:58:04.527954,2758.224,2603.784,136.89000000000001,-259.326,17.549999999999997
2026-03-22T19:58:05.544169,2758.224,2603.784,136.89000000000001,-259.326,17.549999999999997
2026-03-22T19:58:06.553649,2758.224,2603.784,136.89000000000001,-259.326,17.549999999999997
2026-03-22T19:58:07.569398,2758.224,2603.784,136.89000000000001,-259.326,17.549999999999997
2026-03-22T19:58:08.574197,2789.814,2603.784,136.89000000000001,-259.326,49.14000000000001
2026-03-22T19:58:09.589851,2789.814,2603.784,136.89000000000001,-259.326,49.14000000000001
2026-03-22T19:58:10.598550,2789.814,2603.784,136.89000000000001,-259.326,49.14000000000001
2026-03-22T19:58:11.614223,2789.814,2603.784,136.89000000000001,-259.326,49.14000000000001
2026-03-22T19:58:12.623510,2789.814,2603.784,136.89000000000001,-259.326,49.14000000000001
2026-03-22T19:58:13.630276,2789.814,2603.784,136.89000000000001,-259.326,49.14000000000001
2026-03-22T19:58:14.637945,2789.814,2603.784,136.89000000000001,-259.326,49.14000000000001
2026-03-22T19:58:15.656219,2789.814,2603.784,136.89000000000001,-259.326,49.14000000000001
2026-03-22T19:58:16.675121,2789.814,2603.784,136.89000000000001,-259.326,49.14000000000001
2026-03-22T19:58:17.680507,2789.814,2603.784,136.89000000000001,-259.326,49.14000000000001
2026-03-22T19:58:18.685586,2789.814,2603.784,136.89000000000001,-259.326,49.14000000000001
2026-03-22T19:58:19.696994,2789.814,2603.784,136.89000000000001,-259.326,49.14000000000001
2026-03-22T19:58:20.716491,2789.814,2603.784,136.89000000000001,-259.326,49.14000000000001
2026-03-22T19:58:21.733213,2877.564,2877.564,0.0,-122.436,0
2026-03-22T19:58:22.748166,2877.564,2877.564,0.0,-122.436,0
2026-03-22T19:58:23.756723,2877.564,2877.564,0.0,-122.436,0
2026-03-22T19:58:24.782601,2877.564,2877.564,0.0,-122.436,0
2026-03-22T19:58:25.797354,2877.564,2877.564,0.0,-122.436,0
2026-03-22T19:58:26.807710,2877.564,2877.564,0.0,-122.436,0
2026-03-22T19:58:27.818479,2877.564,2877.564,0.0,-122.436,0
2026-03-22T19:58:28.839252,2877.564,2877.564,0.0,-122.436,0
2026-03-22T19:58:29.854016,2877.564,2877.564,0.0,-122.436,0
2026-03-22T19:58:30.866537,2877.564,2877.564,0.0,-122.436,0
2026-03-22T19:58:31.884410,2877.564,2877.564,0.0,-122.436,0
2026-03-22T19:58:32.896230,2877.564,2877.564,0.0,-122.436,0
2026-03-22T19:58:33.909017,2877.564,2877.564,0.0,-122.436,0
2026-03-22T19:58:34.917411,2877.564,2877.564,0.0,-122.436,0
2026-03-22T19:58:35.924286,2877.564,2877.564,0.0,-122.436,0
2026-03-22T19:58:36.930429,2877.564,2877.564,0.0,-122.436,0
2026-03-22T19:58:37.942682,2877.564,2877.564,0.0,-122.436,0
2026-03-22T19:58:38.949778,2877.564,2877.564,0.0,-122.436,0
2026-03-22T19:58:39.967804,2877.564,2877.564,0.0,-122.436,0
2026-03-22T19:58:40.972675,2877.564,2877.564,0.0,-122.436,0
2026-03-22T19:58:41.980544,2877.564,2877.564,0.0,-122.436,0
2026-03-22T19:58:42.991799,2877.564,2877.564,0.0,-122.436,0
2026-03-22T19:58:43.996686,2877.564,2877.564,0.0,-122.436,0
2026-03-22T19:58:45.006086,2877.564,2877.564,0.0,-122.436,0
2026-03-22T19:58:46.030310,2877.564,2877.564,0.0,-122.436,0
2026-03-22T19:58:47.044420,2877.564,2877.564,0.0,-122.436,0
2026-03-22T19:58:48.058553,2877.564,2877.564,0.0,-122.436,0
2026-03-22T19:58:49.066461,2877.564,2877.564,0.0,-122.436,0
2026-03-22T19:58:50.088830,2877.564,2877.564,0.0,-122.436,0
2026-03-22T19:58:51.111070,2877.564,2877.564,0.0,-122.436,0
2026-03-22T19:58:52.126431,2877.564,2877.564,0.0,-122.436,0
2026-03-22T19:58:53.137698,2877.564,2877.564,0.0,-122.436,0
2026-03-22T19:58:54.147110,2877.564,2877.564,0.0,-122.436,0
2026-03-22T19:58:55.156972,2877.564,2877.564,0.0,-122.436,0
2026-03-22T19:58:56.170997,2877.564,2877.564,0.0,-122.436,0
2026-03-22T19:58:57.187743,2877.564,2877.564,0.0,-122.436,0
2026-03-22T19:58:58.206491,2877.564,2877.564,0.0,-122.436,0
2026-03-22T19:58:59.225710,2877.564,2877.564,0.0,-122.436,0
2026-03-22T19:59:00.231498,2877.564,2877.564,0.0,-122.436,0
2026-03-22T19:59:01.238465,2877.564,2877.564,0.0,-122.436,0
2026-03-22T19:59:02.246517,2877.564,2877.564,0.0,-122.436,0
2026-03-22T19:59:03.251176,2877.564,2877.564,0.0,-122.436,0
2026-03-22T19:59:04.258822,2877.564,2877.564,0.0,-122.436,0
2026-03-22T19:59:05.268532,2877.564,2877.564,0.0,-122.436,0
2026-03-22T19:59:06.281038,2877.564,2877.564,0.0,-122.436,0
2026-03-22T19:59:07.291151,2877.564,2877.564,0.0,-122.436,0
2026-03-22T19:59:08.300756,2877.564,2877.564,0.0,-122.436,0
2026-03-22T19:59:09.311485,2877.564,2877.564,0.0,-122.436,0
2026-03-22T19:59:10.319242,2877.564,2877.564,0.0,-122.436,0
2026-03-22T19:59:11.334245,2877.564,2877.564,0.0,-122.436,0
2026-03-22T19:59:12.349768,2877.564,2877.564,0.0,-122.436,0
2026-03-22T19:59:13.367106,2877.564,2877.564,0.0,-122.436,0
2026-03-22T19:59:14.376038,2877.564,2877.564,0.0,-122.436,0
2026-03-22T19:59:15.396572,2877.564,2877.564,0.0,-122.436,0
2026-03-22T19:59:16.415685,2877.564,2877.564,0.0,-122.436,0
2026-03-22T19:59:17.432107,2877.564,2877.564,0.0,-122.436,0
2026-03-22T19:59:18.451727,2877.564,2877.564,0.0,-122.436,0
2026-03-22T19:59:19.455601,2877.564,2877.564,0.0,-122.436,0
2026-03-22T19:59:20.467554,2877.564,2877.564,0.0,-122.436,0
2026-03-22T19:59:21.474539,2877.564,2877.564,0.0,-122.436,0
2026-03-22T19:59:22.486035,2877.564,2877.564,0.0,-122.436,0
2026-03-22T19:59:23.492645,2877.564,2877.564,0.0,-122.436,0
2026-03-22T19:59:24.508981,2877.564,2877.564,0.0,-122.436,0
2026-03-22T19:59:25.523591,2877.564,2877.564,0.0,-122.436,0
2026-03-22T19:59:26.534690,2877.564,2877.564,0.0,-122.436,0
2026-03-22T19:59:27.540895,2877.564,2877.564,0.0,-122.436,0
2026-03-22T19:59:28.558089,2877.564,2877.564,0.0,-122.436,0
2026-03-22T19:59:29.574554,2877.564,2877.564,0.0,-122.436,0
2026-03-22T19:59:30.582532,2877.564,2877.564,0.0,-122.436,0
2026-03-22T19:59:31.598554,2877.564,2877.564,0.0,-122.436,0
2026-03-22T19:59:32.615320,2877.564,2877.564,0.0,-122.436,0
2026-03-22T19:59:33.633562,2877.564,2877.564,0.0,-122.436,0
2026-03-22T19:59:34.644054,2877.564,2877.564,0.0,-122.436,0
2026-03-22T19:59:35.657845,2877.564,2877.564,0.0,-122.436,0
2026-03-22T19:59:36.676402,2877.564,2877.564,0.0,-122.436,0
2026-03-22T19:59:37.717105,2877.564,2877.564,0.0,-122.436,0
2026-03-22T19:59:38.732824,2877.564,2877.564,0.0,-122.436,0
2026-03-22T19:59:39.749537,2877.564,2877.564,0.0,-122.436,0
2026-03-22T19:59:40.765847,2877.564,2877.564,0.0,-122.436,0
2026-03-22T19:59:41.784845,2877.564,2877.564,0.0,-122.436,0
2026-03-22T19:59:42.794715,2877.564,2877.564,0.0,-122.436,0
2026-03-22T19:59:43.804151,2877.564,2877.564,0.0,-122.436,0
2026-03-22T19:59:44.808732,2877.564,2877.564,0.0,-122.436,0
2026-03-22T19:59:45.826087,2877.564,2877.564,0.0,-122.436,0
2026-03-22T19:59:46.831471,2877.564,2877.564,0.0,-122.436,0
2026-03-22T19:59:47.836185,2877.564,2877.564,0.0,-122.436,0
2026-03-22T19:59:48.852592,2877.564,2877.564,0.0,-122.436,0
2026-03-22T19:59:49.868791,2877.564,2877.564,0.0,-122.436,0
2026-03-22T19:59:50.877671,2877.564,2877.564,0.0,-122.436,0
2026-03-22T19:59:51.885342,2877.564,2877.564,0.0,-122.436,0
2026-03-22T19:59:52.895273,2877.564,2877.564,0.0,-122.436,0
2026-03-22T19:59:53.921250,2877.564,2877.564,0.0,-122.436,0
2026-03-22T19:59:54.943381,2877.564,2877.564,0.0,-122.436,0
2026-03-22T19:59:55.951879,2877.564,2877.564,0.0,-122.436,0
2026-03-22T19:59:56.961578,2877.564,2877.564,0.0,-122.436,0
2026-03-22T19:59:57.978822,2877.564,2877.564,0.0,-122.436,0
2026-03-22T19:59:58.992786,2877.564,2877.564,0.0,-122.436,0
2026-03-22T20:00:00.002769,2877.564,2877.564,0.0,-122.436,0
2026-03-22T20:00:01.018262,2877.564,2877.564,0.0,-122.436,0
2026-03-22T20:00:02.033821,2877.564,2877.564,0.0,-122.436,0
2026-03-22T20:00:03.043678,2877.564,2877.564,0.0,-122.436,0
2026-03-22T20:00:04.051848,2877.564,2877.564,0.0,-122.436,0
2026-03-22T20:00:05.060527,2877.564,2877.564,0.0,-122.436,0
2026-03-22T20:00:06.076585,2877.564,2877.564,0.0,-122.436,0
2026-03-22T20:00:07.092345,2877.564,2877.564,0.0,-122.436,0
2026-03-22T20:00:08.110513,2877.564,2877.564,0.0,-122.436,0
2026-03-22T20:00:09.118539,2877.564,2877.564,0.0,-122.436,0
2026-03-22T20:00:10.135487,2877.564,2877.564,0.0,-122.436,0
2026-03-22T20:00:11.143465,2877.564,2877.564,0.0,-122.436,0
2026-03-22T20:00:12.151529,2877.564,2877.564,0.0,-122.436,0
2026-03-22T20:00:13.156625,2877.564,2877.564,0.0,-122.436,0
2026-03-22T20:00:14.167553,2877.564,2877.564,0.0,-122.436,0
2026-03-22T20:00:15.176586,2877.564,2877.564,0.0,-122.436,0
2026-03-22T20:00:16.193466,2877.564,2877.564,0.0,-122.436,0
2026-03-22T20:00:17.202625,2877.564,2877.564,0.0,-122.436,0
2026-03-22T20:00:18.210441,2877.564,2877.564,0.0,-122.436,0
2026-03-22T20:00:19.218451,2877.564,2877.564,0.0,-122.436,0
2026-03-22T20:00:20.235504,2877.564,2877.564,0.0,-122.436,0
2026-03-22T20:00:21.251908,2877.564,2877.564,0.0,-122.436,0
2026-03-22T20:00:22.260229,2877.564,2877.564,0.0,-122.436,0
2026-03-22T20:00:23.277859,2877.564,2877.564,0.0,-122.436,0
2026-03-22T20:00:24.289810,2877.564,2877.564,0.0,-122.436,0
2026-03-22T20:00:25.308530,2877.564,2877.564,0.0,-122.436,0
2026-03-22T20:00:26.325426,2877.564,2877.564,0.0,-122.436,0
2026-03-22T20:00:27.342453,2877.564,2877.564,0.0,-122.436,0
2026-03-22T20:00:28.363020,2877.564,2877.564,0.0,-122.436,0
2026-03-22T20:00:29.375540,2877.564,2877.564,0.0,-122.436,0
2026-03-22T20:00:30.385603,2877.564,2877.564,0.0,-122.436,0
2026-03-22T20:00:31.392530,2877.564,2877.564,0.0,-122.436,0
2026-03-22T20:00:32.402559,2877.564,2877.564,0.0,-122.436,0
2026-03-22T20:00:33.408414,2877.564,2877.564,0.0,-122.436,0
2026-03-22T20:00:34.419095,2877.564,2877.564,0.0,-122.436,0
2026-03-22T20:00:35.435080,2877.564,2877.564,0.0,-122.436,0
2026-03-22T20:00:36.451619,2877.564,2877.564,0.0,-122.436,0
2026-03-22T20:00:37.458600,2877.564,2877.564,0.0,-122.436,0
2026-03-22T20:00:38.466416,2877.564,2877.564,0.0,-122.436,0
2026-03-22T20:00:39.476445,2877.564,2877.564,0.0,-122.436,0
2026-03-22T20:00:40.485064,2877.564,2877.564,0.0,-122.436,0
2026-03-22T20:00:41.503017,2877.564,2877.564,0.0,-122.436,0
2026-03-22T20:00:42.511534,2877.564,2877.564,0.0,-122.436,0
2026-03-22T20:00:43.526847,2877.564,2877.564,0.0,-122.436,0
2026-03-22T20:00:44.534555,2877.564,2877.564,0.0,-122.436,0
2026-03-22T20:00:45.549967,2877.564,2877.564,0.0,-122.436,0
2026-03-22T20:00:46.563755,2877.564,2877.564,0.0,-122.436,0
2026-03-22T20:00:47.570333,2877.564,2877.564,0.0,-122.436,0
2026-03-22T20:00:48.583386,2877.564,2877.564,0.0,-122.436,0
2026-03-22T20:00:49.593268,2877.564,2877.564,0.0,-122.436,0
2026-03-22T20:00:50.602202,2877.564,2733.9939999999997,143.57,-122.436,0
2026-03-22T20:00:51.620350,2877.564,2733.9939999999997,143.57,-122.436,0
2026-03-22T20:00:52.636131,2876.274,2732.7039999999997,143.57,-123.72600000000001,0.0
2026-03-22T20:00:53.642786,2876.274,2732.7039999999997,143.57,-123.72600000000001,0.0
2026-03-22T20:00:54.656486,2876.274,2732.7039999999997,143.57,-123.72600000000001,0.0
2026-03-22T20:00:55.675099,2876.274,2732.7039999999997,143.57,-123.72600000000001,0.0
2026-03-22T20:00:56.681042,2876.274,2732.7039999999997,143.57,-123.72600000000001,0.0
2026-03-22T20:00:57.694222,2876.274,2732.7039999999997,143.57,-123.72600000000001,0.0
2026-03-22T20:00:58.699266,2876.274,2732.7039999999997,143.57,-123.72600000000001,0.0
2026-03-22T20:00:59.716065,2876.274,2732.7039999999997,143.57,-123.72600000000001,0.0
2026-03-22T20:01:00.726179,2876.274,2732.7039999999997,143.57,-123.72600000000001,0.0
2026-03-22T20:01:01.741141,2876.274,2732.7039999999997,143.57,-123.72600000000001,0.0
2026-03-22T20:01:02.752555,2876.274,2732.7039999999997,143.57,-123.72600000000001,0.0
2026-03-22T20:01:03.760413,2876.274,2732.7039999999997,143.57,-123.72600000000001,0.0
2026-03-22T20:01:04.768491,2876.274,2732.7039999999997,143.57,-123.72600000000001,0.0
2026-03-22T20:01:05.776224,2876.274,2732.7039999999997,143.57,-123.72600000000001,0.0
2026-03-22T20:01:06.784762,2876.274,2732.7039999999997,143.57,-123.72600000000001,0.0
2026-03-22T20:01:07.793674,2876.274,2732.7039999999997,143.57,-123.72600000000001,0.0
2026-03-22T20:01:08.798232,2876.274,2732.7039999999997,143.57,-123.72600000000001,0.0
2026-03-22T20:01:09.809236,2876.274,2732.7039999999997,143.57,-123.72600000000001,0.0
2026-03-22T20:01:10.819181,2876.274,2732.7039999999997,143.57,-123.72600000000001,0.0
2026-03-22T20:01:11.835330,2876.274,2732.7039999999997,143.57,-123.72600000000001,0.0
2026-03-22T20:01:12.842523,2876.274,2732.7039999999997,143.57,-123.72600000000001,0.0
2026-03-22T20:01:13.852459,2876.274,2732.7039999999997,143.57,-123.72600000000001,0.0
2026-03-22T20:01:14.867882,2876.274,2732.7039999999997,143.57,-123.72600000000001,0.0
2026-03-22T20:01:15.876556,2876.274,2732.7039999999997,143.57,-123.72600000000001,0.0
2026-03-22T20:01:16.885065,2876.274,2732.7039999999997,143.57,-123.72600000000001,0.0
2026-03-22T20:01:17.900320,2876.274,2732.7039999999997,143.57,-123.72600000000001,0.0
2026-03-22T20:01:18.922220,2876.274,2732.7039999999997,143.57,-123.72600000000001,0.0
2026-03-22T20:01:19.933445,2852.834,2732.7039999999997,143.57,-123.72600000000001,-23.440000000000005
2026-03-22T20:01:20.953306,2852.834,2732.7039999999997,143.57,-123.72600000000001,-23.440000000000005
2026-03-22T20:01:21.968638,2852.834,2732.7039999999997,143.57,-123.72600000000001,-23.440000000000005
2026-03-22T20:01:22.982302,2852.834,2732.7039999999997,143.57,-123.72600000000001,-23.440000000000005
2026-03-22T20:01:23.986545,2852.834,2732.7039999999997,143.57,-123.72600000000001,-23.440000000000005
2026-03-22T20:01:24.991843,2852.834,2732.7039999999997,143.57,-123.72600000000001,-23.440000000000005
2026-03-22T20:01:26.000680,2852.834,2732.7039999999997,143.57,-123.72600000000001,-23.440000000000005
2026-03-22T20:01:27.006735,2852.834,2732.7039999999997,143.57,-123.72600000000001,-23.440000000000005
2026-03-22T20:01:28.024473,2852.834,2732.7039999999997,143.57,-123.72600000000001,-23.440000000000005
2026-03-22T20:01:29.038209,2852.834,2732.7039999999997,143.57,-123.72600000000001,-23.440000000000005
2026-03-22T20:01:30.055410,2852.834,2732.7039999999997,143.57,-123.72600000000001,-23.440000000000005
2026-03-22T20:01:31.060511,2852.834,2732.7039999999997,143.57,-123.72600000000001,-23.440000000000005
2026-03-22T20:01:32.074778,2852.834,2732.7039999999997,143.57,-123.72600000000001,-23.440000000000005
2026-03-22T20:01:33.093914,2852.834,2732.7039999999997,143.57,-123.72600000000001,-23.440000000000005
2026-03-22T20:01:34.102763,2873.344,2873.344,0.0,-126.65600000000002,0
2026-03-22T20:01:35.110453,2873.344,2873.344,0.0,-126.65600000000002,0
2026-03-22T20:01:36.132545,2873.344,2873.344,0.0,-126.65600000000002,0
2026-03-22T20:01:37.152078,2873.344,2873.344,0.0,-126.65600000000002,0
2026-03-22T20:01:38.167571,2873.344,2873.344,0.0,-126.65600000000002,0
2026-03-22T20:01:39.187410,2873.344,2873.344,0.0,-126.65600000000002,0
2026-03-22T20:01:40.193199,2873.344,2873.344,0.0,-126.65600000000002,0
2026-03-22T20:01:41.206166,2873.344,2873.344,0.0,-126.65600000000002,0
2026-03-22T20:01:42.223136,2873.344,2873.344,0.0,-126.65600000000002,0
2026-03-22T20:01:43.243625,2873.344,2873.344,0.0,-126.65600000000002,0
2026-03-22T20:01:44.258880,2873.344,2873.344,0.0,-126.65600000000002,0
2026-03-22T20:01:45.268379,2873.344,2873.344,0.0,-126.65600000000002,0
2026-03-22T20:01:46.274288,2873.344,2873.344,0.0,-126.65600000000002,0
2026-03-22T20:01:47.292620,2873.344,2873.344,0.0,-126.65600000000002,0
2026-03-22T20:01:48.305912,2873.344,2873.344,0.0,-126.65600000000002,0
2026-03-22T20:01:49.326153,2873.344,2873.344,0.0,-126.65600000000002,0
2026-03-22T20:01:50.334937,2873.344,2873.344,0.0,-126.65600000000002,0
2026-03-22T20:01:51.341450,2873.344,2873.344,0.0,-126.65600000000002,0
2026-03-22T20:01:52.349522,2873.344,2873.344,0.0,-126.65600000000002,0
2026-03-22T20:01:53.363482,2873.344,2873.344,0.0,-126.65600000000002,0
2026-03-22T20:01:54.375858,2873.344,2873.344,0.0,-126.65600000000002,0
2026-03-22T20:01:55.384718,2873.344,2873.344,0.0,-126.65600000000002,0
2026-03-22T20:01:56.399541,2873.344,2873.344,0.0,-126.65600000000002,0
2026-03-22T20:01:57.408580,2873.344,2873.344,0.0,-126.65600000000002,0
2026-03-22T20:01:58.418237,2873.344,2873.344,0.0,-126.65600000000002,0
2026-03-22T20:01:59.426139,2873.344,2873.344,0.0,-126.65600000000002,0
2026-03-22T20:02:00.435105,2873.344,2873.344,0.0,-126.65600000000002,0
2026-03-22T20:02:01.449573,2873.344,2873.344,0.0,-126.65600000000002,0
2026-03-22T20:02:02.501707,2873.344,2873.344,0.0,-126.65600000000002,0
2026-03-22T20:02:03.507761,2873.344,2873.344,0.0,-126.65600000000002,0
2026-03-22T20:02:04.518998,2873.344,2873.344,0.0,-126.65600000000002,0
2026-03-22T20:02:05.525797,2873.344,2873.344,0.0,-126.65600000000002,0
2026-03-22T20:02:06.532466,2873.344,2873.344,0.0,-126.65600000000002,0
2026-03-22T20:02:07.551503,2873.344,2873.344,0.0,-126.65600000000002,0
2026-03-22T20:02:08.559211,2873.344,2873.344,0.0,-126.65600000000002,0
2026-03-22T20:02:09.566079,2873.344,2873.344,0.0,-126.65600000000002,0
2026-03-22T20:02:10.575009,2873.344,2873.344,0.0,-126.65600000000002,0
2026-03-22T20:02:11.582139,2873.344,2873.344,0.0,-126.65600000000002,0
2026-03-22T20:02:12.599988,2873.344,2873.344,0.0,-126.65600000000002,0
2026-03-22T20:02:13.610567,2873.344,2873.344,0.0,-126.65600000000002,0
2026-03-22T20:02:14.618545,2873.344,2873.344,0.0,-126.65600000000002,0
2026-03-22T20:02:15.635021,2873.344,2873.344,0.0,-126.65600000000002,0
2026-03-22T20:02:16.643874,2873.344,2873.344,0.0,-126.65600000000002,0
2026-03-22T20:02:17.650930,2873.344,2873.344,0.0,-126.65600000000002,0
2026-03-22T20:02:18.660022,2873.344,2873.344,0.0,-126.65600000000002,0
2026-03-22T20:02:19.675921,2873.344,2873.344,0.0,-126.65600000000002,0
2026-03-22T20:02:20.685168,2873.344,2873.344,0.0,-126.65600000000002,0
2026-03-22T20:02:21.693351,2873.344,2873.344,0.0,-126.65600000000002,0
2026-03-22T20:02:22.699424,2873.344,2873.344,0.0,-126.65600000000002,0
2026-03-22T20:02:23.707586,2873.344,2873.344,0.0,-126.65600000000002,0
2026-03-22T20:02:24.724383,2873.344,2873.344,0.0,-126.65600000000002,0
2026-03-22T20:02:25.736170,2873.344,2873.344,0.0,-126.65600000000002,0
2026-03-22T20:02:26.760097,2873.344,2873.344,0.0,-126.65600000000002,0
2026-03-22T20:02:27.765804,2873.344,2873.344,0.0,-126.65600000000002,0
2026-03-22T20:02:28.784879,2873.344,2873.344,0.0,-126.65600000000002,0
2026-03-22T20:02:29.803476,2873.344,2873.344,0.0,-126.65600000000002,0
2026-03-22T20:02:30.812462,2873.344,2873.344,0.0,-126.65600000000002,0
2026-03-22T20:02:31.827491,2873.344,2873.344,0.0,-126.65600000000002,0
2026-03-22T20:02:32.845065,2873.344,2873.344,0.0,-126.65600000000002,0
2026-03-22T20:02:33.862781,2873.344,2873.344,0.0,-126.65600000000002,0
2026-03-22T20:02:34.877622,2873.344,2873.344,0.0,-126.65600000000002,0
2026-03-22T20:02:35.895146,2873.344,2873.344,0.0,-126.65600000000002,0
2026-03-22T20:02:36.910732,2873.344,2873.344,0.0,-126.65600000000002,0
2026-03-22T20:02:37.925812,2873.344,2873.344,0.0,-126.65600000000002,0
2026-03-22T20:02:38.937770,2873.344,2873.344,0.0,-126.65600000000002,0
2026-03-22T20:02:39.955774,2873.344,2873.344,0.0,-126.65600000000002,0
2026-03-22T20:02:40.966595,2873.344,2873.344,0.0,-126.65600000000002,0
2026-03-22T20:02:41.976436,2873.344,2873.344,0.0,-126.65600000000002,0
2026-03-22T20:02:42.999210,2873.344,2873.344,0.0,-126.65600000000002,0
2026-03-22T20:02:44.011300,2873.344,2873.344,0.0,-126.65600000000002,0
2026-03-22T20:02:45.024439,2873.344,2873.344,0.0,-126.65600000000002,0
2026-03-22T20:02:46.041483,2873.344,2873.344,0.0,-126.65600000000002,0
2026-03-22T20:02:47.050134,2873.344,2873.344,0.0,-126.65600000000002,0
2026-03-22T20:02:48.072536,2873.344,2873.344,0.0,-126.65600000000002,0
2026-03-22T20:02:49.082188,2873.344,2873.344,0.0,-126.65600000000002,0
2026-03-22T20:02:50.088245,2873.344,2873.344,0.0,-126.65600000000002,0
2026-03-22T20:02:51.097517,2873.344,2873.344,0.0,-126.65600000000002,0
2026-03-22T20:02:52.109473,2873.344,2873.344,0.0,-126.65600000000002,0
2026-03-22T20:02:53.120887,2873.344,2873.344,0.0,-126.65600000000002,0
2026-03-22T20:02:54.130444,2873.344,2873.344,0.0,-126.65600000000002,0
2026-03-22T20:02:55.146554,2873.344,2873.344,0.0,-126.65600000000002,0
2026-03-22T20:02:56.158033,2873.344,2873.344,0.0,-126.65600000000002,0
2026-03-22T20:02:57.172219,2873.344,2873.344,0.0,-126.65600000000002,0
2026-03-22T20:02:58.189215,2873.344,2873.344,0.0,-126.65600000000002,0
2026-03-22T20:02:59.212601,2873.344,2873.344,0.0,-126.65600000000002,0
2026-03-22T20:03:00.228563,2873.344,2873.344,0.0,-126.65600000000002,0
2026-03-22T20:03:01.244803,2873.344,2873.344,0.0,-126.65600000000002,0
2026-03-22T20:03:02.262582,2873.344,2873.344,0.0,-126.65600000000002,0
2026-03-22T20:03:03.274297,2873.344,2873.344,0.0,-126.65600000000002,0
2026-03-22T20:03:04.292992,2873.344,2873.344,0.0,-126.65600000000002,0
2026-03-22T20:03:05.309148,2873.344,2873.344,0.0,-126.65600000000002,0
2026-03-22T20:03:06.324632,2873.344,2873.344,0.0,-126.65600000000002,0
2026-03-22T20:03:07.335087,2873.344,2873.344,0.0,-126.65600000000002,0
2026-03-22T20:03:08.352175,2873.344,2873.344,0.0,-126.65600000000002,0
2026-03-22T20:03:09.367462,2873.344,2873.344,0.0,-126.65600000000002,0
2026-03-22T20:03:10.382417,2873.344,2873.344,0.0,-126.65600000000002,0
2026-03-22T20:03:11.399628,2873.344,2873.344,0.0,-126.65600000000002,0
2026-03-22T20:03:12.417578,2873.344,2873.344,0.0,-126.65600000000002,0
2026-03-22T20:03:13.427530,2873.344,2873.344,0.0,-126.65600000000002,0
2026-03-22T20:03:14.439631,2873.344,2873.344,0.0,-126.65600000000002,0
2026-03-22T20:03:15.449476,2873.344,2873.344,0.0,-126.65600000000002,0
2026-03-22T20:03:16.459839,2873.344,2873.344,0.0,-126.65600000000002,0
2026-03-22T20:03:17.480962,2873.344,2873.344,0.0,-126.65600000000002,0
2026-03-22T20:03:18.488135,2873.344,2873.344,0.0,-126.65600000000002,0
2026-03-22T20:03:19.505194,2873.344,2873.344,0.0,-126.65600000000002,0
2026-03-22T20:03:20.519024,2873.344,2873.344,0.0,-126.65600000000002,0
2026-03-22T20:03:21.536177,2873.344,2873.344,0.0,-126.65600000000002,0
2026-03-22T20:03:22.544555,2873.344,2873.344,0.0,-126.65600000000002,0
2026-03-22T20:03:23.562733,2873.344,2873.344,0.0,-126.65600000000002,0
2026-03-22T20:03:24.583907,2873.344,2873.344,0.0,-126.65600000000002,0
2026-03-22T20:03:25.593773,2873.344,2873.344,0.0,-126.65600000000002,0
2026-03-22T20:03:26.609591,2873.344,2873.344,0.0,-126.65600000000002,0
2026-03-22T20:03:27.629158,2873.344,2873.344,0.0,-126.65600000000002,0
2026-03-22T20:03:28.634894,2873.344,2873.344,0.0,-126.65600000000002,0
2026-03-22T20:03:29.639630,2873.344,2873.344,0.0,-126.65600000000002,0
2026-03-22T20:03:30.653527,2873.344,2873.344,0.0,-126.65600000000002,0
2026-03-22T20:03:31.659729,2873.344,2873.344,0.0,-126.65600000000002,0
2026-03-22T20:03:32.674606,2873.344,2873.344,0.0,-126.65600000000002,0
2026-03-22T20:03:33.687211,2873.344,2873.344,0.0,-126.65600000000002,0
2026-03-22T20:03:34.693138,2873.344,2873.344,0.0,-126.65600000000002,0
2026-03-22T20:03:35.708589,2873.344,2873.344,0.0,-126.65600000000002,0
2026-03-22T20:03:36.727721,2873.344,2873.344,0.0,-126.65600000000002,0
2026-03-22T20:03:37.736208,2873.344,2873.344,0.0,-126.65600000000002,0
2026-03-22T20:03:38.747733,2873.344,2873.344,0.0,-126.65600000000002,0
2026-03-22T20:03:39.764737,2873.344,2873.344,0.0,-126.65600000000002,0
2026-03-22T20:03:40.773420,2873.344,2873.344,0.0,-126.65600000000002,0
2026-03-22T20:03:41.782670,2873.344,2873.344,0.0,-126.65600000000002,0
2026-03-22T20:03:42.795679,2873.344,2873.344,0.0,-126.65600000000002,0
2026-03-22T20:03:43.808867,2873.344,2873.344,0.0,-126.65600000000002,0
2026-03-22T20:03:44.826370,2873.344,2873.344,0.0,-126.65600000000002,0
2026-03-22T20:03:45.844435,2873.344,2873.344,0.0,-126.65600000000002,0
2026-03-22T20:03:46.851961,2873.344,2873.344,0.0,-126.65600000000002,0
2026-03-22T20:03:47.862827,2873.344,2873.344,0.0,-126.65600000000002,0
2026-03-22T20:03:48.875027,2873.344,2873.344,0.0,-126.65600000000002,0
2026-03-22T20:03:49.891761,2873.344,2873.344,0.0,-126.65600000000002,0
2026-03-22T20:03:50.908814,2873.344,2873.344,0.0,-126.65600000000002,0
2026-03-22T20:03:51.924299,2873.344,2873.344,0.0,-126.65600000000002,0
2026-03-22T20:03:52.933251,2873.344,2873.344,0.0,-126.65600000000002,0
2026-03-22T20:03:53.950637,2873.344,2873.344,0.0,-126.65600000000002,0
2026-03-22T20:03:54.965480,2873.344,2873.344,0.0,-126.65600000000002,0
2026-03-22T20:03:55.973158,2873.344,2873.344,0.0,-126.65600000000002,0
2026-03-22T20:03:56.985722,2873.344,2730.034,143.31,-126.65600000000002,0
2026-03-22T20:03:57.992140,2872.114,2728.804,143.31,-127.88600000000002,0.0
2026-03-22T20:03:59.007256,2872.114,2728.804,143.31,-127.88600000000002,0.0
2026-03-22T20:04:00.022565,2872.114,2728.804,143.31,-127.88600000000002,0.0
2026-03-22T20:04:01.040998,2872.114,2728.804,143.31,-127.88600000000002,0.0
2026-03-22T20:04:02.058592,2872.114,2728.804,143.31,-127.88600000000002,0.0
2026-03-22T20:04:03.075986,2872.114,2728.804,143.31,-127.88600000000002,0.0
2026-03-22T20:04:04.085197,2872.114,2728.804,143.31,-127.88600000000002,0.0
2026-03-22T20:04:05.093198,2872.114,2728.804,143.31,-127.88600000000002,0.0
2026-03-22T20:04:06.100040,2872.114,2728.804,143.31,-127.88600000000002,0.0
2026-03-22T20:04:07.117506,2872.114,2728.804,143.31,-127.88600000000002,0.0
2026-03-22T20:04:08.135354,2872.114,2728.804,143.31,-127.88600000000002,0.0
2026-03-22T20:04:09.143548,2863.684,2728.804,143.31,-127.88600000000002,-8.430000000000007
2026-03-22T20:04:10.151825,2863.684,2728.804,143.31,-127.88600000000002,-8.430000000000007
2026-03-22T20:04:11.162856,2863.684,2728.804,143.31,-127.88600000000002,-8.430000000000007
2026-03-22T20:04:12.182814,2863.684,2728.804,143.31,-127.88600000000002,-8.430000000000007
2026-03-22T20:04:13.193316,2863.684,2728.804,143.31,-127.88600000000002,-8.430000000000007
2026-03-22T20:04:14.202453,2863.684,2728.804,143.31,-127.88600000000002,-8.430000000000007
2026-03-22T20:04:15.218965,2863.684,2728.804,143.31,-127.88600000000002,-8.430000000000007
2026-03-22T20:04:16.239259,2863.684,2728.804,143.31,-127.88600000000002,-8.430000000000007
2026-03-22T20:04:17.243767,2863.684,2728.804,143.31,-127.88600000000002,-8.430000000000007
2026-03-22T20:04:18.268249,2863.684,2728.804,143.31,-127.88600000000002,-8.430000000000007
2026-03-22T20:04:19.284834,2863.684,2728.804,143.31,-127.88600000000002,-8.430000000000007
2026-03-22T20:04:20.293173,2863.684,2728.804,143.31,-127.88600000000002,-8.430000000000007
2026-03-22T20:04:21.309934,2863.684,2728.804,143.31,-127.88600000000002,-8.430000000000007
2026-03-22T20:04:22.318235,2863.684,2728.804,143.31,-127.88600000000002,-8.430000000000007
2026-03-22T20:04:23.335691,2863.684,2728.804,143.31,-127.88600000000002,-8.430000000000007
2026-03-22T20:04:24.343800,2863.684,2728.804,143.31,-127.88600000000002,-8.430000000000007
2026-03-22T20:04:25.352887,2863.684,2728.804,143.31,-127.88600000000002,-8.430000000000007
2026-03-22T20:04:26.360879,2863.684,2728.804,143.31,-127.88600000000002,-8.430000000000007
2026-03-22T20:04:27.378541,2863.684,2728.804,143.31,-127.88600000000002,-8.430000000000007
2026-03-22T20:04:28.393323,2863.684,2728.804,143.31,-127.88600000000002,-8.430000000000007
2026-03-22T20:04:29.400469,2832.774,2728.804,143.31,-127.88600000000002,-39.34
2026-03-22T20:04:30.410291,2832.774,2728.804,143.31,-127.88600000000002,-39.34
2026-03-22T20:04:31.460998,2832.774,2728.804,143.31,-127.88600000000002,-39.34
2026-03-22T20:04:32.476032,2832.774,2728.804,143.31,-127.88600000000002,-39.34
2026-03-22T20:04:33.485072,2832.774,2728.804,143.31,-127.88600000000002,-39.34
2026-03-22T20:04:34.492332,2832.774,2728.804,143.31,-127.88600000000002,-39.34
2026-03-22T20:04:35.502017,2832.774,2728.804,143.31,-127.88600000000002,-39.34
2026-03-22T20:04:36.517863,2832.774,2728.804,143.31,-127.88600000000002,-39.34
2026-03-22T20:04:37.526574,2832.774,2728.804,143.31,-127.88600000000002,-39.34
2026-03-22T20:04:38.542427,2832.774,2728.804,143.31,-127.88600000000002,-39.34
2026-03-22T20:04:39.552297,2832.774,2728.804,143.31,-127.88600000000002,-39.34
2026-03-22T20:04:40.561187,2832.774,2728.804,143.31,-127.88600000000002,-39.34
2026-03-22T20:04:41.575723,2832.774,2728.804,143.31,-127.88600000000002,-39.34
2026-03-22T20:04:42.584621,2832.774,2728.804,143.31,-127.88600000000002,-39.34
2026-03-22T20:04:43.593299,2832.774,2728.804,143.31,-127.88600000000002,-39.34
2026-03-22T20:04:44.600505,2844.014,2728.804,143.31,-127.88600000000002,-28.099999999999994
2026-03-22T20:04:45.607462,2844.014,2728.804,143.31,-127.88600000000002,-28.099999999999994
2026-03-22T20:04:46.634348,2844.014,2728.804,143.31,-127.88600000000002,-28.099999999999994
2026-03-22T20:04:47.643693,2844.014,2728.804,143.31,-127.88600000000002,-28.099999999999994
2026-03-22T20:04:48.662556,2844.014,2728.804,143.31,-127.88600000000002,-28.099999999999994
2026-03-22T20:04:49.668026,2844.014,2728.804,143.31,-127.88600000000002,-28.099999999999994
2026-03-22T20:04:50.675143,2844.014,2728.804,143.31,-127.88600000000002,-28.099999999999994
2026-03-22T20:04:51.685306,2844.014,2728.804,143.31,-127.88600000000002,-28.099999999999994
2026-03-22T20:04:52.693108,2844.014,2728.804,143.31,-127.88600000000002,-28.099999999999994
2026-03-22T20:04:53.709865,2844.014,2728.804,143.31,-127.88600000000002,-28.099999999999994
2026-03-22T20:04:54.718351,2844.014,2728.804,143.31,-127.88600000000002,-28.099999999999994
2026-03-22T20:04:55.726094,2844.014,2728.804,143.31,-127.88600000000002,-28.099999999999994
2026-03-22T20:04:56.734820,2844.014,2728.804,143.31,-127.88600000000002,-28.099999999999994
2026-03-22T20:04:57.743537,2844.014,2728.804,143.31,-127.88600000000002,-28.099999999999994
2026-03-22T20:04:58.759824,2844.014,2728.804,143.31,-127.88600000000002,-28.099999999999994
2026-03-22T20:04:59.776133,2844.014,2728.804,143.31,-127.88600000000002,-28.099999999999994
2026-03-22T20:05:00.784967,2844.014,2728.804,143.31,-127.88600000000002,-28.099999999999994
2026-03-22T20:05:01.793182,2844.014,2728.804,143.31,-127.88600000000002,-28.099999999999994
2026-03-22T20:05:02.808453,2844.014,2728.804,143.31,-127.88600000000002,-28.099999999999994
2026-03-22T20:05:03.814757,2844.014,2728.804,143.31,-127.88600000000002,-28.099999999999994
2026-03-22T20:05:04.826397,2844.014,2728.804,143.31,-127.88600000000002,-28.099999999999994
2026-03-22T20:05:05.843568,2844.014,2728.804,143.31,-127.88600000000002,-28.099999999999994
2026-03-22T20:05:06.849178,2844.014,2728.804,143.31,-127.88600000000002,-28.099999999999994
2026-03-22T20:05:07.868155,2844.014,2728.804,143.31,-127.88600000000002,-28.099999999999994
2026-03-22T20:05:08.876682,2844.014,2728.804,143.31,-127.88600000000002,-28.099999999999994
2026-03-22T20:05:09.884903,2844.014,2728.804,143.31,-127.88600000000002,-28.099999999999994
2026-03-22T20:05:10.891694,2844.014,2728.804,143.31,-127.88600000000002,-28.099999999999994
2026-03-22T20:05:11.909030,2844.014,2728.804,143.31,-127.88600000000002,-28.099999999999994
2026-03-22T20:05:12.924169,2844.014,2728.804,143.31,-127.88600000000002,-28.099999999999994
2026-03-22T20:05:13.939409,2844.014,2728.804,143.31,-127.88600000000002,-28.099999999999994
2026-03-22T20:05:14.958691,2844.014,2728.804,143.31,-127.88600000000002,-28.099999999999994
2026-03-22T20:05:15.975740,2844.014,2728.804,143.31,-127.88600000000002,-28.099999999999994
2026-03-22T20:05:16.984818,2844.014,2728.804,143.31,-127.88600000000002,-28.099999999999994
2026-03-22T20:05:17.993154,2844.014,2728.804,143.31,-127.88600000000002,-28.099999999999994
2026-03-22T20:05:19.009004,2844.014,2728.804,143.31,-127.88600000000002,-28.099999999999994
2026-03-22T20:05:20.017051,2844.014,2728.804,143.31,-127.88600000000002,-28.099999999999994
2026-03-22T20:05:21.034794,2844.014,2728.804,143.31,-127.88600000000002,-28.099999999999994
2026-03-22T20:05:22.043036,2844.014,2728.804,143.31,-127.88600000000002,-28.099999999999994
2026-03-22T20:05:23.058754,2844.014,2728.804,143.31,-127.88600000000002,-28.099999999999994
2026-03-22T20:05:24.075962,2844.014,2728.804,143.31,-127.88600000000002,-28.099999999999994
2026-03-22T20:05:25.084803,2844.014,2728.804,143.31,-127.88600000000002,-28.099999999999994
2026-03-22T20:05:26.092492,2844.014,2728.804,143.31,-127.88600000000002,-28.099999999999994
2026-03-22T20:05:27.100757,2844.014,2728.804,143.31,-127.88600000000002,-28.099999999999994
2026-03-22T20:05:28.108402,2844.014,2728.804,143.31,-127.88600000000002,-28.099999999999994
2026-03-22T20:05:29.124822,2844.014,2728.804,143.31,-127.88600000000002,-28.099999999999994
2026-03-22T20:05:30.142212,2844.014,2728.804,143.31,-127.88600000000002,-28.099999999999994
2026-03-22T20:05:31.158377,2844.014,2728.804,143.31,-127.88600000000002,-28.099999999999994
2026-03-22T20:05:32.176077,2844.014,2728.804,143.31,-127.88600000000002,-28.099999999999994
2026-03-22T20:05:33.193006,2844.014,2728.804,143.31,-127.88600000000002,-28.099999999999994
2026-03-22T20:05:34.208583,2844.014,2728.804,143.31,-127.88600000000002,-28.099999999999994
2026-03-22T20:05:35.226220,2844.014,2728.804,143.31,-127.88600000000002,-28.099999999999994
2026-03-22T20:05:36.234007,2860.874,2728.804,143.31,-127.88600000000002,-11.240000000000009
2026-03-22T20:05:37.245162,2860.874,2728.804,143.31,-127.88600000000002,-11.240000000000009
2026-03-22T20:05:38.252499,2860.874,2728.804,143.31,-127.88600000000002,-11.240000000000009
2026-03-22T20:05:39.260031,2860.874,2728.804,143.31,-127.88600000000002,-11.240000000000009
2026-03-22T20:05:40.275646,2860.874,2728.804,143.31,-127.88600000000002,-11.240000000000009
2026-03-22T20:05:41.295952,2860.874,2728.804,143.31,-127.88600000000002,-11.240000000000009
2026-03-22T20:05:42.308845,2860.874,2728.804,143.31,-127.88600000000002,-11.240000000000009
2026-03-22T20:05:43.319449,2860.874,2728.804,143.31,-127.88600000000002,-11.240000000000009
2026-03-22T20:05:44.327617,2860.874,2728.804,143.31,-127.88600000000002,-11.240000000000009
2026-03-22T20:05:45.345938,2860.874,2728.804,143.31,-127.88600000000002,-11.240000000000009
2026-03-22T20:05:46.356335,2860.874,2728.804,143.31,-127.88600000000002,-11.240000000000009
2026-03-22T20:05:47.363993,2860.874,2728.804,143.31,-127.88600000000002,-11.240000000000009
2026-03-22T20:05:48.384641,2860.874,2728.804,143.31,-127.88600000000002,-11.240000000000009
2026-03-22T20:05:49.393126,2860.874,2728.804,143.31,-127.88600000000002,-11.240000000000009
2026-03-22T20:05:50.401372,2860.874,2728.804,143.31,-127.88600000000002,-11.240000000000009
2026-03-22T20:05:51.411175,2860.874,2728.804,143.31,-127.88600000000002,-11.240000000000009
2026-03-22T20:05:52.426092,2860.874,2728.804,143.31,-127.88600000000002,-11.240000000000009
2026-03-22T20:05:53.434168,2860.874,2728.804,143.31,-127.88600000000002,-11.240000000000009
2026-03-22T20:05:54.441605,2860.874,2728.804,143.31,-127.88600000000002,-11.240000000000009
2026-03-22T20:05:55.450502,2852.444,2728.804,143.31,-127.88600000000002,-19.670000000000016
2026-03-22T20:05:56.458949,2852.444,2728.804,143.31,-127.88600000000002,-19.670000000000016
2026-03-22T20:05:57.467060,2852.444,2728.804,143.31,-127.88600000000002,-19.670000000000016
2026-03-22T20:05:58.484418,2852.444,2728.804,143.31,-127.88600000000002,-19.670000000000016
2026-03-22T20:05:59.493342,2852.444,2728.804,143.31,-127.88600000000002,-19.670000000000016
2026-03-22T20:06:00.508919,2852.444,2728.804,143.31,-127.88600000000002,-19.670000000000016
2026-03-22T20:06:01.518383,2852.444,2728.804,143.31,-127.88600000000002,-19.670000000000016
2026-03-22T20:06:02.527894,2852.444,2728.804,143.31,-127.88600000000002,-19.670000000000016
2026-03-22T20:06:03.534735,2852.444,2728.804,143.31,-127.88600000000002,-19.670000000000016
2026-03-22T20:06:04.542916,2852.444,2728.804,143.31,-127.88600000000002,-19.670000000000016
2026-03-22T20:06:05.558713,2852.444,2728.804,143.31,-127.88600000000002,-19.670000000000016
2026-03-22T20:06:06.571206,2852.444,2728.804,143.31,-127.88600000000002,-19.670000000000016
2026-03-22T20:06:07.584813,2852.444,2728.804,143.31,-127.88600000000002,-19.670000000000016
2026-03-22T20:06:08.592906,2852.444,2728.804,143.31,-127.88600000000002,-19.670000000000016
2026-03-22T20:06:09.608718,2852.444,2728.804,143.31,-127.88600000000002,-19.670000000000016
2026-03-22T20:06:10.617246,2852.444,2728.804,143.31,-127.88600000000002,-19.670000000000016
2026-03-22T20:06:11.632692,2852.444,2728.804,143.31,-127.88600000000002,-19.670000000000016
2026-03-22T20:06:12.643147,2852.444,2728.804,143.31,-127.88600000000002,-19.670000000000016
2026-03-22T20:06:13.658657,2852.444,2728.804,143.31,-127.88600000000002,-19.670000000000016
2026-03-22T20:06:14.676190,2852.444,2728.804,143.31,-127.88600000000002,-19.670000000000016
2026-03-22T20:06:15.684796,2852.444,2728.804,143.31,-127.88600000000002,-19.670000000000016
2026-03-22T20:06:16.693084,2852.444,2728.804,143.31,-127.88600000000002,-19.670000000000016
2026-03-22T20:06:17.709118,2852.444,2728.804,143.31,-127.88600000000002,-19.670000000000016
2026-03-22T20:06:18.718093,2852.444,2728.804,143.31,-127.88600000000002,-19.670000000000016
2026-03-22T20:06:19.734544,2852.444,2728.804,143.31,-127.88600000000002,-19.670000000000016
2026-03-22T20:06:20.743317,2829.964,2728.804,143.31,-127.88600000000002,-42.150000000000006
2026-03-22T20:06:21.758982,2829.964,2728.804,143.31,-127.88600000000002,-42.150000000000006
2026-03-22T20:06:22.776014,2829.964,2728.804,143.31,-127.88600000000002,-42.150000000000006
2026-03-22T20:06:23.784537,2829.964,2728.804,143.31,-127.88600000000002,-42.150000000000006
2026-03-22T20:06:24.792943,2829.964,2728.804,143.31,-127.88600000000002,-42.150000000000006
2026-03-22T20:06:25.808623,2829.964,2728.804,143.31,-127.88600000000002,-42.150000000000006
2026-03-22T20:06:26.818962,2829.964,2728.804,143.31,-127.88600000000002,-42.150000000000006
2026-03-22T20:06:27.825669,2829.964,2728.804,143.31,-127.88600000000002,-42.150000000000006
2026-03-22T20:06:28.835036,2829.964,2728.804,143.31,-127.88600000000002,-42.150000000000006
2026-03-22T20:06:29.839447,2829.964,2728.804,143.31,-127.88600000000002,-42.150000000000006
2026-03-22T20:06:30.858825,2829.964,2728.804,143.31,-127.88600000000002,-42.150000000000006
2026-03-22T20:06:31.867924,2829.964,2728.804,143.31,-127.88600000000002,-42.150000000000006
2026-03-22T20:06:32.876570,2829.964,2728.804,143.31,-127.88600000000002,-42.150000000000006
2026-03-22T20:06:33.889210,2829.964,2728.804,143.31,-127.88600000000002,-42.150000000000006
2026-03-22T20:06:34.908818,2829.964,2728.804,143.31,-127.88600000000002,-42.150000000000006
2026-03-22T20:06:35.918110,2829.964,2728.804,143.31,-127.88600000000002,-42.150000000000006
2026-03-22T20:06:36.929861,2829.964,2728.804,143.31,-127.88600000000002,-42.150000000000006
2026-03-22T20:06:37.951515,2829.964,2728.804,143.31,-127.88600000000002,-42.150000000000006
2026-03-22T20:06:38.958540,2824.344,2728.804,143.31,-127.88600000000002,-47.77000000000001
2026-03-22T20:06:39.975776,2824.344,2592.924,279.19,-127.88600000000002,-47.77000000000001
2026-03-22T20:06:40.982452,2824.344,2592.924,279.19,-127.88600000000002,-47.77000000000001
2026-03-22T20:06:41.990859,2824.344,2592.924,279.19,-127.88600000000002,-47.77000000000001
2026-03-22T20:06:43.010187,2824.344,2592.924,279.19,-127.88600000000002,-47.77000000000001
2026-03-22T20:06:44.026113,2823.844,2592.424,279.19,-128.38600000000002,-47.77000000000001
2026-03-22T20:06:45.034554,2823.844,2592.424,279.19,-128.38600000000002,-47.77000000000001
2026-03-22T20:06:46.043026,2823.844,2592.424,279.19,-128.38600000000002,-47.77000000000001
2026-03-22T20:06:47.055117,2823.844,2592.424,279.19,-128.38600000000002,-47.77000000000001
2026-03-22T20:06:48.075555,2823.844,2592.424,279.19,-128.38600000000002,-47.77000000000001
2026-03-22T20:06:49.084826,2823.844,2592.424,279.19,-128.38600000000002,-47.77000000000001
2026-03-22T20:06:50.093118,2823.844,2592.424,279.19,-128.38600000000002,-47.77000000000001
2026-03-22T20:06:51.101862,2823.844,2592.424,279.19,-128.38600000000002,-47.77000000000001
2026-03-22T20:06:52.108886,2823.844,2592.424,279.19,-128.38600000000002,-47.77000000000001
2026-03-22T20:06:53.122530,2823.844,2592.424,279.19,-128.38600000000002,-47.77000000000001
2026-03-22T20:06:54.134480,2823.844,2592.424,279.19,-128.38600000000002,-47.77000000000001
2026-03-22T20:06:55.139682,2811.974,2592.424,279.19,-128.38600000000002,-59.63999999999999
2026-03-22T20:06:56.160553,2811.974,2592.424,279.19,-128.38600000000002,-59.63999999999999
2026-03-22T20:06:57.171922,2811.974,2592.424,279.19,-128.38600000000002,-59.63999999999999
2026-03-22T20:06:58.190815,2811.974,2592.424,279.19,-128.38600000000002,-59.63999999999999
2026-03-22T20:06:59.198742,2811.974,2592.424,279.19,-128.38600000000002,-59.63999999999999
2026-03-22T20:07:00.210397,2811.974,2592.424,279.19,-128.38600000000002,-59.63999999999999
2026-03-22T20:07:01.214331,2811.974,2592.424,279.19,-128.38600000000002,-59.63999999999999
2026-03-22T20:07:02.222157,2811.974,2592.424,279.19,-128.38600000000002,-59.63999999999999
2026-03-22T20:07:03.235436,2811.974,2592.424,279.19,-128.38600000000002,-59.63999999999999
2026-03-22T20:07:04.246506,2811.974,2592.424,279.19,-128.38600000000002,-59.63999999999999
2026-03-22T20:07:05.262949,2811.974,2592.424,279.19,-128.38600000000002,-59.63999999999999
2026-03-22T20:07:06.276675,2811.974,2592.424,279.19,-128.38600000000002,-59.63999999999999
2026-03-22T20:07:07.296679,2811.974,2592.424,279.19,-128.38600000000002,-59.63999999999999
2026-03-22T20:07:08.310884,2816.674,2592.424,279.19,-128.38600000000002,-54.940000000000005
2026-03-22T20:07:09.329057,2816.674,2592.424,279.19,-128.38600000000002,-54.940000000000005
2026-03-22T20:07:10.366389,2816.674,2592.424,279.19,-128.38600000000002,-54.940000000000005
2026-03-22T20:07:11.382220,2816.674,2592.424,279.19,-128.38600000000002,-54.940000000000005
2026-03-22T20:07:12.400695,2816.674,2592.424,279.19,-128.38600000000002,-54.940000000000005
2026-03-22T20:07:13.407628,2816.674,2592.424,279.19,-128.38600000000002,-54.940000000000005
2026-03-22T20:07:14.424022,2816.674,2592.424,279.19,-128.38600000000002,-54.940000000000005
2026-03-22T20:07:15.431643,2816.674,2592.424,279.19,-128.38600000000002,-54.940000000000005
2026-03-22T20:07:16.442226,2816.674,2592.424,279.19,-128.38600000000002,-54.940000000000005
2026-03-22T20:07:17.455718,2816.674,2592.424,279.19,-128.38600000000002,-54.940000000000005
2026-03-22T20:07:18.474559,2816.674,2592.424,279.19,-128.38600000000002,-54.940000000000005
2026-03-22T20:07:19.488951,2816.674,2592.424,279.19,-128.38600000000002,-54.940000000000005
2026-03-22T20:07:20.506470,2816.674,2592.424,279.19,-128.38600000000002,-54.940000000000005
2026-03-22T20:07:21.524284,2816.674,2592.424,279.19,-128.38600000000002,-54.940000000000005
2026-03-22T20:07:22.533074,2816.674,2592.424,279.19,-128.38600000000002,-54.940000000000005
2026-03-22T20:07:23.554053,2816.674,2592.424,279.19,-128.38600000000002,-54.940000000000005
2026-03-22T20:07:24.572249,2809.504,2592.424,279.19,-128.38600000000002,-62.110000000000014
2026-03-22T20:07:25.578197,2809.504,2592.424,279.19,-128.38600000000002,-62.110000000000014
2026-03-22T20:07:26.595892,2809.504,2592.424,279.19,-128.38600000000002,-62.110000000000014
2026-03-22T20:07:27.603370,2809.504,2592.424,279.19,-128.38600000000002,-62.110000000000014
2026-03-22T20:07:28.614191,2809.504,2592.424,279.19,-128.38600000000002,-62.110000000000014
2026-03-22T20:07:29.626653,2809.504,2592.424,279.19,-128.38600000000002,-62.110000000000014
2026-03-22T20:07:30.634717,2809.504,2592.424,279.19,-128.38600000000002,-62.110000000000014
2026-03-22T20:07:31.650095,2809.504,2592.424,279.19,-128.38600000000002,-62.110000000000014
2026-03-22T20:07:32.667214,2809.504,2592.424,279.19,-128.38600000000002,-62.110000000000014
2026-03-22T20:07:33.683304,2809.504,2592.424,279.19,-128.38600000000002,-62.110000000000014
2026-03-22T20:07:34.699411,2809.504,2592.424,279.19,-128.38600000000002,-62.110000000000014
2026-03-22T20:07:35.714846,2809.504,2592.424,279.19,-128.38600000000002,-62.110000000000014
2026-03-22T20:07:36.732238,2809.504,2592.424,279.19,-128.38600000000002,-62.110000000000014
2026-03-22T20:07:37.740450,2809.504,2592.424,279.19,-128.38600000000002,-62.110000000000014
2026-03-22T20:07:38.755928,2809.504,2592.424,279.19,-128.38600000000002,-62.110000000000014
2026-03-22T20:07:39.771873,2815.124,2592.424,279.19,-128.38600000000002,-56.49000000000001
2026-03-22T20:07:40.789164,2815.124,2592.424,279.19,-128.38600000000002,-56.49000000000001
2026-03-22T20:07:41.804300,2815.124,2592.424,279.19,-128.38600000000002,-56.49000000000001
2026-03-22T20:07:42.814219,2815.124,2592.424,279.19,-128.38600000000002,-56.49000000000001
2026-03-22T20:07:43.830135,2815.124,2592.424,279.19,-128.38600000000002,-56.49000000000001
2026-03-22T20:07:44.840668,2815.124,2592.424,279.19,-128.38600000000002,-56.49000000000001
2026-03-22T20:07:45.851415,2815.124,2592.424,279.19,-128.38600000000002,-56.49000000000001
2026-03-22T20:07:46.862114,2815.124,2592.424,279.19,-128.38600000000002,-56.49000000000001
2026-03-22T20:07:47.877915,2815.124,2592.424,279.19,-128.38600000000002,-56.49000000000001
2026-03-22T20:07:48.894100,2815.124,2592.424,279.19,-128.38600000000002,-56.49000000000001
2026-03-22T20:07:49.904074,2815.124,2592.424,279.19,-128.38600000000002,-56.49000000000001
2026-03-22T20:07:50.912443,2815.124,2592.424,279.19,-128.38600000000002,-56.49000000000001
2026-03-22T20:07:51.922017,2815.124,2592.424,279.19,-128.38600000000002,-56.49000000000001
2026-03-22T20:07:52.934930,2815.124,2592.424,279.19,-128.38600000000002,-56.49000000000001
2026-03-22T20:07:53.949695,2815.124,2592.424,279.19,-128.38600000000002,-56.49000000000001
2026-03-22T20:07:54.963174,2815.124,2592.424,279.19,-128.38600000000002,-56.49000000000001
2026-03-22T20:07:55.972275,2815.124,2592.424,279.19,-128.38600000000002,-56.49000000000001
2026-03-22T20:07:56.993835,2815.124,2592.424,279.19,-128.38600000000002,-56.49000000000001
2026-03-22T20:07:58.012256,2815.124,2592.424,279.19,-128.38600000000002,-56.49000000000001
2026-03-22T20:07:59.024686,2815.124,2592.424,279.19,-128.38600000000002,-56.49000000000001
2026-03-22T20:08:00.032662,2815.124,2592.424,279.19,-128.38600000000002,-56.49000000000001
2026-03-22T20:08:01.042680,2815.124,2592.424,279.19,-128.38600000000002,-56.49000000000001
2026-03-22T20:08:02.059618,2815.124,2592.424,279.19,-128.38600000000002,-56.49000000000001
2026-03-22T20:08:03.067574,2815.124,2592.424,279.19,-128.38600000000002,-56.49000000000001
2026-03-22T20:08:04.076286,2815.124,2592.424,279.19,-128.38600000000002,-56.49000000000001
2026-03-22T20:08:05.093189,2815.124,2592.424,279.19,-128.38600000000002,-56.49000000000001
2026-03-22T20:08:06.102913,2815.124,2592.424,279.19,-128.38600000000002,-56.49000000000001
2026-03-22T20:08:07.112128,2815.584,2592.424,279.19,-128.38600000000002,-56.03000000000001
2026-03-22T20:08:08.126768,2815.584,2592.424,279.19,-128.38600000000002,-56.03000000000001
2026-03-22T20:08:09.139295,2815.584,2592.424,279.19,-128.38600000000002,-56.03000000000001
2026-03-22T20:08:10.151483,2815.584,2592.424,279.19,-128.38600000000002,-56.03000000000001
2026-03-22T20:08:11.172000,2815.584,2592.424,279.19,-128.38600000000002,-56.03000000000001
2026-03-22T20:08:12.180279,2815.584,2592.424,279.19,-128.38600000000002,-56.03000000000001
2026-03-22T20:08:13.195351,2815.584,2592.424,279.19,-128.38600000000002,-56.03000000000001
2026-03-22T20:08:14.213887,2815.584,2592.424,279.19,-128.38600000000002,-56.03000000000001
2026-03-22T20:08:15.222359,2815.584,2592.424,279.19,-128.38600000000002,-56.03000000000001
2026-03-22T20:08:16.234492,2815.584,2592.424,279.19,-128.38600000000002,-56.03000000000001
2026-03-22T20:08:17.243079,2815.584,2592.424,279.19,-128.38600000000002,-56.03000000000001
2026-03-22T20:08:18.263426,2815.584,2592.424,279.19,-128.38600000000002,-56.03000000000001
2026-03-22T20:08:19.274053,2815.584,2592.424,279.19,-128.38600000000002,-56.03000000000001
2026-03-22T20:08:20.289789,2815.754,2592.424,279.19,-128.38600000000002,-55.86000000000001
2026-03-22T20:08:21.303133,2815.754,2592.424,279.19,-128.38600000000002,-55.86000000000001
2026-03-22T20:08:22.315637,2815.754,2592.424,279.19,-128.38600000000002,-55.86000000000001
2026-03-22T20:08:23.335609,2815.754,2592.424,279.19,-128.38600000000002,-55.86000000000001
2026-03-22T20:08:24.343194,2815.754,2592.424,279.19,-128.38600000000002,-55.86000000000001
2026-03-22T20:08:25.358499,2815.754,2592.424,279.19,-128.38600000000002,-55.86000000000001
2026-03-22T20:08:26.380921,2815.754,2592.424,279.19,-128.38600000000002,-55.86000000000001
2026-03-22T20:08:27.390623,2815.754,2592.424,279.19,-128.38600000000002,-55.86000000000001
2026-03-22T20:08:28.409776,2815.754,2592.424,279.19,-128.38600000000002,-55.86000000000001
2026-03-22T20:08:29.428975,2815.754,2592.424,279.19,-128.38600000000002,-55.86000000000001
2026-03-22T20:08:30.446858,2815.754,2592.424,279.19,-128.38600000000002,-55.86000000000001
2026-03-22T20:08:31.458020,2815.754,2592.424,279.19,-128.38600000000002,-55.86000000000001
2026-03-22T20:08:32.474110,2815.754,2592.424,279.19,-128.38600000000002,-55.86000000000001
2026-03-22T20:08:33.491020,2815.754,2592.424,279.19,-128.38600000000002,-55.86000000000001
2026-03-22T20:08:34.506186,2815.754,2592.424,279.19,-128.38600000000002,-55.86000000000001
2026-03-22T20:08:35.523077,2815.754,2592.424,279.19,-128.38600000000002,-55.86000000000001
2026-03-22T20:08:36.537272,2815.754,2592.424,279.19,-128.38600000000002,-55.86000000000001
2026-03-22T20:08:37.546706,2810.1899999999996,2751.18,143.31,-105.51000000000002,-84.30000000000001
2026-03-22T20:08:38.557354,2810.1899999999996,2751.18,143.31,-105.51000000000002,-84.30000000000001
2026-03-22T20:08:39.574648,2810.1899999999996,2751.18,143.31,-105.51000000000002,-84.30000000000001
2026-03-22T20:08:40.586028,2810.1899999999996,2751.18,143.31,-105.51000000000002,-84.30000000000001
2026-03-22T20:08:41.604384,2810.1899999999996,2751.18,143.31,-105.51000000000002,-84.30000000000001
2026-03-22T20:08:42.621909,2810.1899999999996,2751.18,143.31,-105.51000000000002,-84.30000000000001
2026-03-22T20:08:43.640945,2810.1899999999996,2751.18,143.31,-105.51000000000002,-84.30000000000001
2026-03-22T20:08:44.649383,2810.1899999999996,2751.18,143.31,-105.51000000000002,-84.30000000000001
2026-03-22T20:08:45.659793,2810.1899999999996,2751.18,143.31,-105.51000000000002,-84.30000000000001
2026-03-22T20:08:46.672460,2810.1899999999996,2751.18,143.31,-105.51000000000002,-84.30000000000001
2026-03-22T20:08:47.680339,2810.1899999999996,2751.18,143.31,-105.51000000000002,-84.30000000000001
2026-03-22T20:08:48.686068,2810.1899999999996,2751.18,143.31,-105.51000000000002,-84.30000000000001
2026-03-22T20:08:49.703556,2810.1899999999996,2751.18,143.31,-105.51000000000002,-84.30000000000001
2026-03-22T20:08:50.722021,2810.1899999999996,2751.18,143.31,-105.51000000000002,-84.30000000000001
2026-03-22T20:08:51.735076,2810.1899999999996,2751.18,143.31,-105.51000000000002,-84.30000000000001
2026-03-22T20:08:52.754062,2810.1899999999996,2751.18,143.31,-105.51000000000002,-84.30000000000001
2026-03-22T20:08:53.773257,2801.7599999999998,2751.18,143.31,-105.51000000000002,-92.72999999999999
2026-03-22T20:08:54.782062,2801.7599999999998,2751.18,143.31,-105.51000000000002,-92.72999999999999
2026-03-22T20:08:55.800999,2801.7599999999998,2751.18,143.31,-105.51000000000002,-92.72999999999999
2026-03-22T20:08:56.809142,2801.7599999999998,2751.18,143.31,-105.51000000000002,-92.72999999999999
2026-03-22T20:08:57.816337,2801.7599999999998,2751.18,143.31,-105.51000000000002,-92.72999999999999
2026-03-22T20:08:58.841578,2801.7599999999998,2751.18,143.31,-105.51000000000002,-92.72999999999999
2026-03-22T20:08:59.849814,2801.7599999999998,2751.18,143.31,-105.51000000000002,-92.72999999999999
2026-03-22T20:09:00.862926,2801.7599999999998,2751.18,143.31,-105.51000000000002,-92.72999999999999
2026-03-22T20:09:01.880105,2801.7599999999998,2751.18,143.31,-105.51000000000002,-92.72999999999999
2026-03-22T20:09:02.892396,2801.7599999999998,2751.18,143.31,-105.51000000000002,-92.72999999999999
2026-03-22T20:09:03.907212,2801.7599999999998,2751.18,143.31,-105.51000000000002,-92.72999999999999
2026-03-22T20:09:04.928674,2801.7599999999998,2751.18,143.31,-105.51000000000002,-92.72999999999999
2026-03-22T20:09:05.948132,2801.7599999999998,2751.18,143.31,-105.51000000000002,-92.72999999999999
2026-03-22T20:09:06.958555,2801.7599999999998,2751.18,143.31,-105.51000000000002,-92.72999999999999
2026-03-22T20:09:07.984881,2807.3799999999997,2751.18,143.31,-105.51000000000002,-87.11000000000001
2026-03-22T20:09:09.000334,2807.3799999999997,2751.18,143.31,-105.51000000000002,-87.11000000000001
2026-03-22T20:09:10.014857,2807.3799999999997,2751.18,143.31,-105.51000000000002,-87.11000000000001
2026-03-22T20:09:11.031623,2807.3799999999997,2751.18,143.31,-105.51000000000002,-87.11000000000001
2026-03-22T20:09:12.050307,2807.3799999999997,2751.18,143.31,-105.51000000000002,-87.11000000000001
2026-03-22T20:09:13.069788,2807.3799999999997,2751.18,143.31,-105.51000000000002,-87.11000000000001
2026-03-22T20:09:14.089656,2807.3799999999997,2751.18,143.31,-105.51000000000002,-87.11000000000001
2026-03-22T20:09:15.099661,2807.3799999999997,2751.18,143.31,-105.51000000000002,-87.11000000000001
2026-03-22T20:09:16.106215,2807.3799999999997,2751.18,143.31,-105.51000000000002,-87.11000000000001
2026-03-22T20:09:17.112317,2807.3799999999997,2751.18,143.31,-105.51000000000002,-87.11000000000001
2026-03-22T20:09:18.130237,2807.3799999999997,2751.18,143.31,-105.51000000000002,-87.11000000000001
2026-03-22T20:09:19.142476,2807.3799999999997,2751.18,143.31,-105.51000000000002,-87.11000000000001
2026-03-22T20:09:20.160736,2807.3799999999997,2751.18,143.31,-105.51000000000002,-87.11000000000001
2026-03-22T20:09:21.178806,2807.3799999999997,2751.18,143.31,-105.51000000000002,-87.11000000000001
2026-03-22T20:09:22.188341,2810.1899999999996,2751.18,143.31,-105.51000000000002,-84.30000000000001
2026-03-22T20:09:23.194948,2810.1899999999996,2751.18,143.31,-105.51000000000002,-84.30000000000001
2026-03-22T20:09:24.212794,2810.1899999999996,2751.18,143.31,-105.51000000000002,-84.30000000000001
2026-03-22T20:09:25.228112,2810.1899999999996,2751.18,143.31,-105.51000000000002,-84.30000000000001
2026-03-22T20:09:26.250524,2810.1899999999996,2751.18,143.31,-105.51000000000002,-84.30000000000001
2026-03-22T20:09:27.268122,2810.1899999999996,2751.18,143.31,-105.51000000000002,-84.30000000000001
2026-03-22T20:09:28.274431,2810.1899999999996,2751.18,143.31,-105.51000000000002,-84.30000000000001
2026-03-22T20:09:29.288897,2810.1899999999996,2751.18,143.31,-105.51000000000002,-84.30000000000001
2026-03-22T20:09:30.308444,2810.1899999999996,2751.18,143.31,-105.51000000000002,-84.30000000000001
2026-03-22T20:09:31.325595,2810.1899999999996,2751.18,143.31,-105.51000000000002,-84.30000000000001
2026-03-22T20:09:32.344702,2810.1899999999996,2751.18,143.31,-105.51000000000002,-84.30000000000001
2026-03-22T20:09:33.362813,2810.1899999999996,2751.18,143.31,-105.51000000000002,-84.30000000000001
2026-03-22T20:09:34.380537,2810.1899999999996,2751.18,143.31,-105.51000000000002,-84.30000000000001
2026-03-22T20:09:35.400220,2810.1899999999996,2751.18,143.31,-105.51000000000002,-84.30000000000001
2026-03-22T20:09:36.411990,2810.1899999999996,2751.18,143.31,-105.51000000000002,-84.30000000000001
2026-03-22T20:09:37.422508,2810.1899999999996,2751.18,143.31,-105.51000000000002,-84.30000000000001
2026-03-22T20:09:38.433449,2818.62,2751.18,143.31,-105.51000000000002,-75.87
2026-03-22T20:09:39.458897,2818.62,2751.18,143.31,-105.51000000000002,-75.87
2026-03-22T20:09:40.470110,2818.62,2751.18,143.31,-105.51000000000002,-75.87
2026-03-22T20:09:41.490272,2818.62,2751.18,143.31,-105.51000000000002,-75.87
2026-03-22T20:09:42.501952,2818.62,2751.18,143.31,-105.51000000000002,-75.87
2026-03-22T20:09:43.520522,2818.62,2751.18,143.31,-105.51000000000002,-75.87
2026-03-22T20:09:44.532416,2818.62,2751.18,143.31,-105.51000000000002,-75.87
2026-03-22T20:09:45.550265,2818.62,2751.18,143.31,-105.51000000000002,-75.87
2026-03-22T20:09:46.565035,2818.62,2751.18,143.31,-105.51000000000002,-75.87
2026-03-22T20:09:47.574775,2818.62,2751.18,143.31,-105.51000000000002,-75.87
2026-03-22T20:09:48.588878,2818.62,2751.18,143.31,-105.51000000000002,-75.87
2026-03-22T20:09:49.606726,2818.62,2751.18,143.31,-105.51000000000002,-75.87
2026-03-22T20:09:50.623536,2818.62,2751.18,143.31,-105.51000000000002,-75.87
2026-03-22T20:09:51.630535,2818.62,2751.18,143.31,-105.51000000000002,-75.87
2026-03-22T20:09:52.638259,2818.62,2751.18,143.31,-105.51000000000002,-75.87
2026-03-22T20:09:53.656140,2818.62,2751.18,143.31,-105.51000000000002,-75.87
2026-03-22T20:09:54.675129,2818.62,2751.18,143.31,-105.51000000000002,-75.87
2026-03-22T20:09:55.687553,2818.62,2751.18,143.31,-105.51000000000002,-75.87
2026-03-22T20:09:56.694206,2818.62,2751.18,143.31,-105.51000000000002,-75.87
2026-03-22T20:09:57.713474,2818.62,2751.18,143.31,-105.51000000000002,-75.87
2026-03-22T20:09:58.719791,2818.62,2751.18,143.31,-105.51000000000002,-75.87
2026-03-22T20:09:59.739631,2818.62,2751.18,143.31,-105.51000000000002,-75.87
2026-03-22T20:10:00.752586,2818.62,2751.18,143.31,-105.51000000000002,-75.87
2026-03-22T20:10:01.760502,2818.62,2751.18,143.31,-105.51000000000002,-75.87
2026-03-22T20:10:02.770970,2818.62,2751.18,143.31,-105.51000000000002,-75.87
2026-03-22T20:10:03.778639,2818.62,2751.18,143.31,-105.51000000000002,-75.87
2026-03-22T20:10:04.799827,2818.62,2751.18,143.31,-105.51000000000002,-75.87
2026-03-22T20:10:05.816674,2818.62,2751.18,143.31,-105.51000000000002,-75.87
2026-03-22T20:10:06.832251,2818.62,2751.18,143.31,-105.51000000000002,-75.87
2026-03-22T20:10:07.842213,2818.62,2751.18,143.31,-105.51000000000002,-75.87
2026-03-22T20:10:08.851119,2818.62,2751.18,143.31,-105.51000000000002,-75.87
2026-03-22T20:10:09.859399,2818.62,2751.18,143.31,-105.51000000000002,-75.87
2026-03-22T20:10:10.867512,2818.62,2751.18,143.31,-105.51000000000002,-75.87
2026-03-22T20:10:11.882932,2818.62,2751.18,143.31,-105.51000000000002,-75.87
2026-03-22T20:10:12.900188,2818.62,2751.18,143.31,-105.51000000000002,-75.87
2026-03-22T20:10:13.925691,2818.62,2751.18,143.31,-105.51000000000002,-75.87
2026-03-22T20:10:14.940939,2818.62,2751.18,143.31,-105.51000000000002,-75.87
2026-03-22T20:10:15.957396,2818.62,2751.18,143.31,-105.51000000000002,-75.87
2026-03-22T20:10:16.964606,2818.62,2751.18,143.31,-105.51000000000002,-75.87
2026-03-22T20:10:17.982599,2818.62,2751.18,143.31,-105.51000000000002,-75.87
2026-03-22T20:10:18.990558,2818.62,2751.18,143.31,-105.51000000000002,-75.87
2026-03-22T20:10:19.995982,2818.62,2751.18,143.31,-105.51000000000002,-75.87
2026-03-22T20:10:21.006792,2818.62,2751.18,143.31,-105.51000000000002,-75.87
2026-03-22T20:10:22.030408,2818.62,2751.18,143.31,-105.51000000000002,-75.87
2026-03-22T20:10:23.040551,2818.62,2751.18,143.31,-105.51000000000002,-75.87
2026-03-22T20:10:24.057002,2818.62,2751.18,143.31,-105.51000000000002,-75.87
2026-03-22T20:10:25.077912,2818.62,2751.18,143.31,-105.51000000000002,-75.87
2026-03-22T20:10:26.088063,2818.62,2613.68,280.81,-105.51000000000002,-75.87
2026-03-22T20:10:27.096777,2817.53,2612.59,280.81,-106.60000000000002,-75.87
2026-03-22T20:10:28.106881,2817.53,2612.59,280.81,-106.60000000000002,-75.87
2026-03-22T20:10:29.123822,2817.53,2612.59,280.81,-106.60000000000002,-75.87
2026-03-22T20:10:30.146105,2817.53,2612.59,280.81,-106.60000000000002,-75.87
2026-03-22T20:10:31.160967,2817.53,2612.59,280.81,-106.60000000000002,-75.87
2026-03-22T20:10:32.176367,2817.53,2612.59,280.81,-106.60000000000002,-75.87
2026-03-22T20:10:33.192737,2817.53,2612.59,280.81,-106.60000000000002,-75.87
2026-03-22T20:10:34.208627,2817.53,2612.59,280.81,-106.60000000000002,-75.87
2026-03-22T20:10:35.229104,2817.53,2612.59,280.81,-106.60000000000002,-75.87
2026-03-22T20:10:36.248709,2817.53,2612.59,280.81,-106.60000000000002,-75.87
2026-03-22T20:10:37.257017,2810.03,2612.59,280.81,-106.60000000000002,-83.37
2026-03-22T20:10:38.267240,2810.03,2612.59,280.81,-106.60000000000002,-83.37
2026-03-22T20:10:39.285498,2810.03,2612.59,280.81,-106.60000000000002,-83.37
2026-03-22T20:10:40.297181,2810.03,2612.59,280.81,-106.60000000000002,-83.37
2026-03-22T20:10:41.315111,2810.03,2612.59,280.81,-106.60000000000002,-83.37
2026-03-22T20:10:42.334419,2810.03,2612.59,280.81,-106.60000000000002,-83.37
2026-03-22T20:10:43.349513,2810.03,2612.59,280.81,-106.60000000000002,-83.37
2026-03-22T20:10:44.369531,2810.03,2612.59,280.81,-106.60000000000002,-83.37
2026-03-22T20:10:45.380208,2810.03,2612.59,280.81,-106.60000000000002,-83.37
2026-03-22T20:10:46.387923,2810.03,2612.59,280.81,-106.60000000000002,-83.37
2026-03-22T20:10:47.404868,2810.03,2612.59,280.81,-106.60000000000002,-83.37
2026-03-22T20:10:48.414374,2810.03,2612.59,280.81,-106.60000000000002,-83.37
2026-03-22T20:10:49.434992,2810.03,2612.59,280.81,-106.60000000000002,-83.37
2026-03-22T20:10:50.452184,2810.03,2612.59,280.81,-106.60000000000002,-83.37
2026-03-22T20:10:51.462947,2810.03,2612.59,280.81,-106.60000000000002,-83.37
2026-03-22T20:10:52.484236,2810.03,2612.59,280.81,-106.60000000000002,-83.37
2026-03-22T20:10:53.490401,2810.34,2612.59,280.81,-106.60000000000002,-83.06000000000002
2026-03-22T20:10:54.509254,2810.34,2612.59,280.81,-106.60000000000002,-83.06000000000002
2026-03-22T20:10:55.528393,2810.34,2612.59,280.81,-106.60000000000002,-83.06000000000002
2026-03-22T20:10:56.534930,2810.34,2612.59,280.81,-106.60000000000002,-83.06000000000002
2026-03-22T20:10:57.542630,2810.34,2612.59,280.81,-106.60000000000002,-83.06000000000002
2026-03-22T20:10:58.555327,2810.34,2612.59,280.81,-106.60000000000002,-83.06000000000002
2026-03-22T20:10:59.572247,2810.34,2612.59,280.81,-106.60000000000002,-83.06000000000002
2026-03-22T20:11:00.590861,2810.34,2612.59,280.81,-106.60000000000002,-83.06000000000002
2026-03-22T20:11:01.606557,2810.34,2612.59,280.81,-106.60000000000002,-83.06000000000002
2026-03-22T20:11:02.620724,2810.34,2612.59,280.81,-106.60000000000002,-83.06000000000002
2026-03-22T20:11:03.628840,2810.34,2612.59,280.81,-106.60000000000002,-83.06000000000002
2026-03-22T20:11:04.647546,2810.34,2612.59,280.81,-106.60000000000002,-83.06000000000002
2026-03-22T20:11:05.658745,2810.34,2612.59,280.81,-106.60000000000002,-83.06000000000002
2026-03-22T20:11:06.662781,2810.34,2612.59,280.81,-106.60000000000002,-83.06000000000002
2026-03-22T20:11:07.681023,2810.34,2612.59,280.81,-106.60000000000002,-83.06000000000002
2026-03-22T20:11:08.697837,2810.34,2612.59,280.81,-106.60000000000002,-83.06000000000002
2026-03-22T20:11:09.714966,2812.53,2612.59,280.81,-106.60000000000002,-80.87
2026-03-22T20:11:10.719965,2812.53,2612.59,280.81,-106.60000000000002,-80.87
2026-03-22T20:11:11.732441,2812.53,2612.59,280.81,-106.60000000000002,-80.87
2026-03-22T20:11:12.746545,2812.53,2612.59,280.81,-106.60000000000002,-80.87
2026-03-22T20:11:13.759036,2812.53,2612.59,280.81,-106.60000000000002,-80.87
2026-03-22T20:11:14.768559,2812.53,2612.59,280.81,-106.60000000000002,-80.87
2026-03-22T20:11:15.813070,2812.53,2612.59,280.81,-106.60000000000002,-80.87
2026-03-22T20:11:16.824812,2812.53,2612.59,280.81,-106.60000000000002,-80.87
2026-03-22T20:11:17.830017,2812.53,2612.59,280.81,-106.60000000000002,-80.87
2026-03-22T20:11:18.845055,2812.53,2612.59,280.81,-106.60000000000002,-80.87
2026-03-22T20:11:19.870580,2812.53,2612.59,280.81,-106.60000000000002,-80.87
2026-03-22T20:11:20.890875,2812.53,2612.59,280.81,-106.60000000000002,-80.87
2026-03-22T20:11:21.913901,2812.53,2612.59,280.81,-106.60000000000002,-80.87
2026-03-22T20:11:22.923665,2812.53,2612.59,280.81,-106.60000000000002,-80.87
2026-03-22T20:11:23.940855,2812.53,2612.59,280.81,-106.60000000000002,-80.87
2026-03-22T20:11:24.956812,2812.53,2612.59,280.81,-106.60000000000002,-80.87
2026-03-22T20:11:25.974965,2812.53,2612.59,280.81,-106.60000000000002,-80.87
2026-03-22T20:11:26.994218,2812.53,2612.59,280.81,-106.60000000000002,-80.87
2026-03-22T20:11:28.014414,2812.53,2612.59,280.81,-106.60000000000002,-80.87
2026-03-22T20:11:29.031021,2812.53,2612.59,280.81,-106.60000000000002,-80.87
2026-03-22T20:11:30.051345,2812.53,2612.59,280.81,-106.60000000000002,-80.87
2026-03-22T20:11:31.061454,2812.53,2612.59,280.81,-106.60000000000002,-80.87
2026-03-22T20:11:32.079421,2812.53,2612.59,280.81,-106.60000000000002,-80.87
2026-03-22T20:11:33.097913,2812.53,2612.59,280.81,-106.60000000000002,-80.87
2026-03-22T20:11:34.117757,2812.53,2612.59,280.81,-106.60000000000002,-80.87
2026-03-22T20:11:35.126306,2812.53,2612.59,280.81,-106.60000000000002,-80.87
2026-03-22T20:11:36.148297,2812.53,2612.59,280.81,-106.60000000000002,-80.87
2026-03-22T20:11:37.166084,2807.2200000000003,2612.59,280.81,-106.60000000000002,-86.18
2026-03-22T20:11:38.182820,2807.2200000000003,2612.59,280.81,-106.60000000000002,-86.18
2026-03-22T20:11:39.200202,2807.2200000000003,2612.59,280.81,-106.60000000000002,-86.18
2026-03-22T20:11:40.219425,2807.2200000000003,2612.59,280.81,-106.60000000000002,-86.18
2026-03-22T20:11:41.230177,2807.2200000000003,2612.59,280.81,-106.60000000000002,-86.18
2026-03-22T20:11:42.250552,2807.2200000000003,2612.59,280.81,-106.60000000000002,-86.18
2026-03-22T20:11:43.260639,2807.2200000000003,2612.59,280.81,-106.60000000000002,-86.18
2026-03-22T20:11:44.272284,2807.2200000000003,2612.59,280.81,-106.60000000000002,-86.18
2026-03-22T20:11:45.293441,2807.2200000000003,2612.59,280.81,-106.60000000000002,-86.18
2026-03-22T20:11:46.302258,2807.2200000000003,2612.59,280.81,-106.60000000000002,-86.18
2026-03-22T20:11:47.320080,2807.2200000000003,2612.59,280.81,-106.60000000000002,-86.18
2026-03-22T20:11:48.337960,2807.2200000000003,2612.59,280.81,-106.60000000000002,-86.18
2026-03-22T20:11:49.354635,2807.2200000000003,2612.59,280.81,-106.60000000000002,-86.18
2026-03-22T20:11:50.360378,2807.2200000000003,2612.59,280.81,-106.60000000000002,-86.18
2026-03-22T20:11:51.379045,2812.2200000000003,2612.59,280.81,-106.60000000000002,-81.18
2026-03-22T20:11:52.388169,2812.2200000000003,2612.59,280.81,-106.60000000000002,-81.18
2026-03-22T20:11:53.402439,2812.2200000000003,2612.59,280.81,-106.60000000000002,-81.18
2026-03-22T20:11:54.418729,2812.2200000000003,2612.59,280.81,-106.60000000000002,-81.18
2026-03-22T20:11:55.426355,2812.2200000000003,2612.59,280.81,-106.60000000000002,-81.18
2026-03-22T20:11:56.434179,2812.2200000000003,2612.59,280.81,-106.60000000000002,-81.18
2026-03-22T20:11:57.439654,2812.2200000000003,2612.59,280.81,-106.60000000000002,-81.18
2026-03-22T20:11:58.450884,2812.2200000000003,2612.59,280.81,-106.60000000000002,-81.18
2026-03-22T20:11:59.468266,2812.2200000000003,2612.59,280.81,-106.60000000000002,-81.18
2026-03-22T20:12:00.473410,2812.2200000000003,2612.59,280.81,-106.60000000000002,-81.18
2026-03-22T20:12:01.482520,2812.2200000000003,2612.59,280.81,-106.60000000000002,-81.18
2026-03-22T20:12:02.499528,2812.2200000000003,2612.59,280.81,-106.60000000000002,-81.18
2026-03-22T20:12:03.509835,2812.2200000000003,2612.59,280.81,-106.60000000000002,-81.18
2026-03-22T20:12:04.520808,2812.2200000000003,2612.59,280.81,-106.60000000000002,-81.18
2026-03-22T20:12:05.534876,2812.2200000000003,2612.59,280.81,-106.60000000000002,-81.18
2026-03-22T20:12:06.551462,2812.2200000000003,2612.59,280.81,-106.60000000000002,-81.18
2026-03-22T20:12:07.565434,2807.2200000000003,2612.59,280.81,-106.60000000000002,-86.18
2026-03-22T20:12:08.574409,2807.2200000000003,2612.59,280.81,-106.60000000000002,-86.18
2026-03-22T20:12:09.590223,2807.2200000000003,2612.59,280.81,-106.60000000000002,-86.18
2026-03-22T20:12:10.607944,2807.2200000000003,2612.59,280.81,-106.60000000000002,-86.18
2026-03-22T20:12:11.624698,2807.2200000000003,2612.59,280.81,-106.60000000000002,-86.18
2026-03-22T20:12:12.640639,2807.2200000000003,2612.59,280.81,-106.60000000000002,-86.18
2026-03-22T20:12:13.647598,2807.2200000000003,2612.59,280.81,-106.60000000000002,-86.18
2026-03-22T20:12:14.665139,2807.2200000000003,2612.59,280.81,-106.60000000000002,-86.18
2026-03-22T20:12:15.676495,2807.2200000000003,2612.59,280.81,-106.60000000000002,-86.18
2026-03-22T20:12:16.687655,2807.2200000000003,2612.59,280.81,-106.60000000000002,-86.18
2026-03-22T20:12:17.698207,2807.2200000000003,2612.59,280.81,-106.60000000000002,-86.18
2026-03-22T20:12:18.706916,2807.2200000000003,2612.59,280.81,-106.60000000000002,-86.18
2026-03-22T20:12:19.717783,2807.2200000000003,2612.59,280.81,-106.60000000000002,-86.18
2026-03-22T20:12:20.724347,2807.2200000000003,2612.59,280.81,-106.60000000000002,-86.18
2026-03-22T20:12:21.740348,2807.2200000000003,2612.59,280.81,-106.60000000000002,-86.18
2026-03-22T20:12:22.763216,2807.2200000000003,2612.59,280.81,-106.60000000000002,-86.18
2026-03-22T20:12:23.770532,2808.77,2730.09,143.31,-126.60000000000004,-64.63
2026-03-22T20:12:24.784296,2808.77,2730.09,143.31,-126.60000000000004,-64.63
2026-03-22T20:12:25.793571,2808.77,2730.09,143.31,-126.60000000000004,-64.63
2026-03-22T20:12:26.800668,2808.77,2730.09,143.31,-126.60000000000004,-64.63
2026-03-22T20:12:27.812832,2808.77,2730.09,143.31,-126.60000000000004,-64.63
2026-03-22T20:12:28.820961,2808.77,2730.09,143.31,-126.60000000000004,-64.63
2026-03-22T20:12:29.826144,2808.77,2730.09,143.31,-126.60000000000004,-64.63
2026-03-22T20:12:30.832570,2808.77,2730.09,143.31,-126.60000000000004,-64.63
2026-03-22T20:12:31.844033,2808.77,2730.09,143.31,-126.60000000000004,-64.63
2026-03-22T20:12:32.858610,2808.77,2730.09,143.31,-126.60000000000004,-64.63
2026-03-22T20:12:33.878075,2808.77,2730.09,143.31,-126.60000000000004,-64.63
2026-03-22T20:12:34.899429,2808.77,2730.09,143.31,-126.60000000000004,-64.63
2026-03-22T20:12:35.911040,2808.77,2730.09,143.31,-126.60000000000004,-64.63
2026-03-22T20:12:36.930410,2805.96,2730.09,143.31,-126.60000000000004,-67.44
2026-03-22T20:12:37.943707,2805.96,2730.09,143.31,-126.60000000000004,-67.44
2026-03-22T20:12:38.960871,2805.96,2730.09,143.31,-126.60000000000004,-67.44
2026-03-22T20:12:39.976319,2805.96,2730.09,143.31,-126.60000000000004,-67.44
2026-03-22T20:12:40.985021,2805.96,2730.09,143.31,-126.60000000000004,-67.44
2026-03-22T20:12:42.012527,2805.96,2730.09,143.31,-126.60000000000004,-67.44
2026-03-22T20:12:43.026106,2805.96,2730.09,143.31,-126.60000000000004,-67.44
2026-03-22T20:12:44.043875,2805.96,2730.09,143.31,-126.60000000000004,-67.44
2026-03-22T20:12:45.051778,2805.96,2730.09,143.31,-126.60000000000004,-67.44
2026-03-22T20:12:46.068295,2805.96,2730.09,143.31,-126.60000000000004,-67.44
2026-03-22T20:12:47.076280,2805.96,2730.09,143.31,-126.60000000000004,-67.44
2026-03-22T20:12:48.084765,2805.96,2730.09,143.31,-126.60000000000004,-67.44
2026-03-22T20:12:49.099456,2805.96,2730.09,143.31,-126.60000000000004,-67.44
2026-03-22T20:12:50.119909,2805.96,2730.09,143.31,-126.60000000000004,-67.44
2026-03-22T20:12:51.125745,2805.96,2730.09,143.31,-126.60000000000004,-67.44
2026-03-22T20:12:52.134447,2794.7200000000003,2730.09,143.31,-126.60000000000004,-78.68
2026-03-22T20:12:53.151130,2794.7200000000003,2730.09,143.31,-126.60000000000004,-78.68
2026-03-22T20:12:54.158617,2794.7200000000003,2730.09,143.31,-126.60000000000004,-78.68
2026-03-22T20:12:55.175947,2794.7200000000003,2730.09,143.31,-126.60000000000004,-78.68
2026-03-22T20:12:56.185317,2794.7200000000003,2730.09,143.31,-126.60000000000004,-78.68
2026-03-22T20:12:57.208631,2794.7200000000003,2730.09,143.31,-126.60000000000004,-78.68
2026-03-22T20:12:58.226024,2794.7200000000003,2730.09,143.31,-126.60000000000004,-78.68
2026-03-22T20:12:59.246424,2794.7200000000003,2730.09,143.31,-126.60000000000004,-78.68
2026-03-22T20:13:00.259164,2794.7200000000003,2730.09,143.31,-126.60000000000004,-78.68
2026-03-22T20:13:01.277688,2794.7200000000003,2730.09,143.31,-126.60000000000004,-78.68
2026-03-22T20:13:02.292570,2794.7200000000003,2730.09,143.31,-126.60000000000004,-78.68
2026-03-22T20:13:03.308762,2794.7200000000003,2730.09,143.31,-126.60000000000004,-78.68
2026-03-22T20:13:04.324804,2794.7200000000003,2730.09,143.31,-126.60000000000004,-78.68
2026-03-22T20:13:05.336908,2794.7200000000003,2730.09,143.31,-126.60000000000004,-78.68
2026-03-22T20:13:06.352457,2794.7200000000003,2730.09,143.31,-126.60000000000004,-78.68
2026-03-22T20:13:07.376022,2794.7200000000003,2730.09,143.31,-126.60000000000004,-78.68
2026-03-22T20:13:08.399892,2794.7200000000003,2730.09,143.31,-126.60000000000004,-78.68
2026-03-22T20:13:09.426174,2794.7200000000003,2730.09,143.31,-126.60000000000004,-78.68
2026-03-22T20:13:10.442838,2794.7200000000003,2730.09,143.31,-126.60000000000004,-78.68
2026-03-22T20:13:11.453337,2794.7200000000003,2730.09,143.31,-126.60000000000004,-78.68
2026-03-22T20:13:12.460030,2794.7200000000003,2730.09,143.31,-126.60000000000004,-78.68
2026-03-22T20:13:13.469319,2794.7200000000003,2730.09,143.31,-126.60000000000004,-78.68
2026-03-22T20:13:14.485694,2794.7200000000003,2730.09,143.31,-126.60000000000004,-78.68
2026-03-22T20:13:15.493282,2794.7200000000003,2730.09,143.31,-126.60000000000004,-78.68
2026-03-22T20:13:16.510191,2794.7200000000003,2730.09,143.31,-126.60000000000004,-78.68
2026-03-22T20:13:17.526542,2794.7200000000003,2730.09,143.31,-126.60000000000004,-78.68
2026-03-22T20:13:18.552167,2794.7200000000003,2730.09,143.31,-126.60000000000004,-78.68
2026-03-22T20:13:19.559584,2794.7200000000003,2730.09,143.31,-126.60000000000004,-78.68
2026-03-22T20:13:20.568453,2794.7200000000003,2730.09,143.31,-126.60000000000004,-78.68
2026-03-22T20:13:21.576274,2794.7200000000003,2730.09,143.31,-126.60000000000004,-78.68
2026-03-22T20:13:22.585812,2794.7200000000003,2730.09,143.31,-126.60000000000004,-78.68
2026-03-22T20:13:23.601995,2794.7200000000003,2730.09,143.31,-126.60000000000004,-78.68
2026-03-22T20:13:24.609716,2794.7200000000003,2730.09,143.31,-126.60000000000004,-78.68
2026-03-22T20:13:25.617944,2797.53,2730.09,143.31,-126.60000000000004,-75.87
2026-03-22T20:13:26.626656,2797.53,2730.09,143.31,-126.60000000000004,-75.87
2026-03-22T20:13:27.634191,2797.53,2730.09,143.31,-126.60000000000004,-75.87
2026-03-22T20:13:28.649670,2797.53,2593.85,279.55,-126.60000000000004,-75.87
2026-03-22T20:13:29.659713,2796.38,2592.7,279.55,-127.75000000000004,-75.87
2026-03-22T20:13:30.678168,2796.38,2592.7,279.55,-127.75000000000004,-75.87
2026-03-22T20:13:31.691425,2796.38,2592.7,279.55,-127.75000000000004,-75.87
2026-03-22T20:13:32.701866,2796.38,2592.7,279.55,-127.75000000000004,-75.87
2026-03-22T20:13:33.711259,2796.38,2592.7,279.55,-127.75000000000004,-75.87
2026-03-22T20:13:34.720375,2796.38,2592.7,279.55,-127.75000000000004,-75.87
2026-03-22T20:13:35.732734,2796.38,2592.7,279.55,-127.75000000000004,-75.87
2026-03-22T20:13:36.744785,2796.38,2592.7,279.55,-127.75000000000004,-75.87
2026-03-22T20:13:37.766418,2796.38,2592.7,279.55,-127.75000000000004,-75.87
2026-03-22T20:13:38.779288,2796.38,2592.7,279.55,-127.75000000000004,-75.87
2026-03-22T20:13:39.786949,2796.38,2592.7,279.55,-127.75000000000004,-75.87
2026-03-22T20:13:40.801644,2796.38,2592.7,279.55,-127.75000000000004,-75.87
2026-03-22T20:13:41.811594,2796.19,2592.7,279.55,-127.75000000000004,-76.06
2026-03-22T20:13:42.835232,2796.19,2592.7,279.55,-127.75000000000004,-76.06
2026-03-22T20:13:43.848368,2796.19,2592.7,279.55,-127.75000000000004,-76.06
2026-03-22T20:13:44.860259,2796.19,2592.7,279.55,-127.75000000000004,-76.06
2026-03-22T20:13:45.874675,2796.19,2592.7,279.55,-127.75000000000004,-76.06
2026-03-22T20:13:46.884502,2796.19,2592.7,279.55,-127.75000000000004,-76.06
2026-03-22T20:13:47.899405,2796.19,2592.7,279.55,-127.75000000000004,-76.06
2026-03-22T20:13:48.908639,2796.19,2592.7,279.55,-127.75000000000004,-76.06
2026-03-22T20:13:49.926270,2796.19,2592.7,279.55,-127.75000000000004,-76.06
2026-03-22T20:13:50.935294,2796.19,2592.7,279.55,-127.75000000000004,-76.06
2026-03-22T20:13:51.951593,2796.19,2592.7,279.55,-127.75000000000004,-76.06
2026-03-22T20:13:52.959200,2796.19,2592.7,279.55,-127.75000000000004,-76.06
2026-03-22T20:13:53.968186,2796.19,2592.7,279.55,-127.75000000000004,-76.06
2026-03-22T20:13:54.977001,2796.19,2592.7,279.55,-127.75000000000004,-76.06
2026-03-22T20:13:55.993076,2796.19,2592.7,279.55,-127.75000000000004,-76.06
2026-03-22T20:13:57.009541,2796.19,2592.7,279.55,-127.75000000000004,-76.06
2026-03-22T20:13:58.018878,2801.05,2592.7,279.55,-127.75000000000004,-71.20000000000003
2026-03-22T20:13:59.033970,2801.05,2592.7,279.55,-127.75000000000004,-71.20000000000003
2026-03-22T20:14:00.051393,2801.05,2592.7,279.55,-127.75000000000004,-71.20000000000003
2026-03-22T20:14:01.064836,2801.05,2592.7,279.55,-127.75000000000004,-71.20000000000003
2026-03-22T20:14:02.083210,2801.05,2592.7,279.55,-127.75000000000004,-71.20000000000003
2026-03-22T20:14:03.101099,2801.05,2592.7,279.55,-127.75000000000004,-71.20000000000003
2026-03-22T20:14:04.109493,2801.05,2592.7,279.55,-127.75000000000004,-71.20000000000003
2026-03-22T20:14:05.118631,2801.05,2592.7,279.55,-127.75000000000004,-71.20000000000003
2026-03-22T20:14:06.131104,2801.05,2592.7,279.55,-127.75000000000004,-71.20000000000003
2026-03-22T20:14:07.161462,2801.05,2592.7,279.55,-127.75000000000004,-71.20000000000003
2026-03-22T20:14:08.177739,2801.05,2592.7,279.55,-127.75000000000004,-71.20000000000003
2026-03-22T20:14:09.182880,2801.05,2592.7,279.55,-127.75000000000004,-71.20000000000003
2026-03-22T20:14:10.192524,2801.05,2592.7,279.55,-127.75000000000004,-71.20000000000003
2026-03-22T20:14:11.198906,2801.05,2592.7,279.55,-127.75000000000004,-71.20000000000003
2026-03-22T20:14:12.209028,2801.05,2592.7,279.55,-127.75000000000004,-71.20000000000003
2026-03-22T20:14:13.217570,2801.05,2592.7,279.55,-127.75000000000004,-71.20000000000003
2026-03-22T20:14:14.232359,2801.05,2592.7,279.55,-127.75000000000004,-71.20000000000003
2026-03-22T20:14:15.242597,2790.38,2592.7,279.55,-127.75000000000004,-81.87
2026-03-22T20:14:16.259258,2790.38,2592.7,279.55,-127.75000000000004,-81.87
2026-03-22T20:14:17.270146,2790.38,2592.7,279.55,-127.75000000000004,-81.87
2026-03-22T20:14:18.282236,2790.38,2592.7,279.55,-127.75000000000004,-81.87
2026-03-22T20:14:19.292681,2790.38,2592.7,279.55,-127.75000000000004,-81.87
2026-03-22T20:14:20.319335,2790.38,2592.7,279.55,-127.75000000000004,-81.87
2026-03-22T20:14:21.335649,2790.38,2592.7,279.55,-127.75000000000004,-81.87
2026-03-22T20:14:22.343943,2790.38,2592.7,279.55,-127.75000000000004,-81.87
2026-03-22T20:14:23.364536,2790.38,2592.7,279.55,-127.75000000000004,-81.87
2026-03-22T20:14:24.377488,2790.38,2592.7,279.55,-127.75000000000004,-81.87
2026-03-22T20:14:25.400397,2790.38,2592.7,279.55,-127.75000000000004,-81.87
2026-03-22T20:14:26.417406,2790.38,2592.7,279.55,-127.75000000000004,-81.87
2026-03-22T20:14:27.425516,2790.38,2592.7,279.55,-127.75000000000004,-81.87
2026-03-22T20:14:28.441005,2790.38,2592.7,279.55,-127.75000000000004,-81.87
2026-03-22T20:14:29.450892,2790.38,2592.7,279.55,-127.75000000000004,-81.87
2026-03-22T20:14:30.468329,2790.38,2592.7,279.55,-127.75000000000004,-81.87
2026-03-22T20:14:31.475966,2790.38,2592.7,279.55,-127.75000000000004,-81.87
2026-03-22T20:14:32.485725,2787.95,2592.7,279.55,-127.75000000000004,-84.30000000000001
2026-03-22T20:14:33.501857,2787.95,2592.7,279.55,-127.75000000000004,-84.30000000000001
2026-03-22T20:14:34.515396,2787.95,2592.7,279.55,-127.75000000000004,-84.30000000000001
2026-03-22T20:14:35.524049,2787.95,2592.7,279.55,-127.75000000000004,-84.30000000000001
2026-03-22T20:14:36.542896,2787.95,2592.7,279.55,-127.75000000000004,-84.30000000000001
2026-03-22T20:14:37.549690,2787.95,2592.7,279.55,-127.75000000000004,-84.30000000000001
2026-03-22T20:14:38.560926,2787.95,2592.7,279.55,-127.75000000000004,-84.30000000000001
2026-03-22T20:14:39.568677,2787.95,2592.7,279.55,-127.75000000000004,-84.30000000000001
2026-03-22T20:14:40.584181,2787.95,2592.7,279.55,-127.75000000000004,-84.30000000000001
2026-03-22T20:14:41.603960,2787.95,2592.7,279.55,-127.75000000000004,-84.30000000000001
2026-03-22T20:14:42.626014,2787.95,2592.7,279.55,-127.75000000000004,-84.30000000000001
2026-03-22T20:14:43.636402,2787.95,2592.7,279.55,-127.75000000000004,-84.30000000000001
2026-03-22T20:14:44.651500,2787.95,2592.7,279.55,-127.75000000000004,-84.30000000000001
2026-03-22T20:14:45.666620,2787.95,2592.7,279.55,-127.75000000000004,-84.30000000000001
2026-03-22T20:14:46.681121,2787.95,2592.7,279.55,-127.75000000000004,-84.30000000000001
2026-03-22T20:14:47.694791,2793.38,2592.7,279.55,-127.75000000000004,-78.87
2026-03-22T20:14:48.712641,2793.38,2592.7,279.55,-127.75000000000004,-78.87
2026-03-22T20:14:49.727506,2793.38,2592.7,279.55,-127.75000000000004,-78.87
2026-03-22T20:14:50.751857,2793.38,2592.7,279.55,-127.75000000000004,-78.87
2026-03-22T20:14:51.769767,2793.38,2592.7,279.55,-127.75000000000004,-78.87
2026-03-22T20:14:52.782074,2793.38,2592.7,279.55,-127.75000000000004,-78.87
2026-03-22T20:14:53.792571,2793.38,2592.7,279.55,-127.75000000000004,-78.87
2026-03-22T20:14:54.801491,2793.38,2592.7,279.55,-127.75000000000004,-78.87
2026-03-22T20:14:55.828695,2793.38,2592.7,279.55,-127.75000000000004,-78.87
2026-03-22T20:14:56.887055,2793.38,2592.7,279.55,-127.75000000000004,-78.87
2026-03-22T20:14:57.902743,2793.38,2592.7,279.55,-127.75000000000004,-78.87
2026-03-22T20:14:58.909233,2793.38,2592.7,279.55,-127.75000000000004,-78.87
2026-03-22T20:14:59.918734,2793.38,2592.7,279.55,-127.75000000000004,-78.87
2026-03-22T20:15:00.935310,2793.38,2592.7,279.55,-127.75000000000004,-78.87
2026-03-22T20:15:01.950031,2793.38,2592.7,279.55,-127.75000000000004,-78.87
2026-03-22T20:15:02.960059,2793.76,2592.7,279.55,-127.75000000000004,-78.49000000000001
2026-03-22T20:15:03.976083,2793.76,2592.7,279.55,-127.75000000000004,-78.49000000000001
2026-03-22T20:15:04.994106,2793.76,2592.7,279.55,-127.75000000000004,-78.49000000000001
2026-03-22T20:15:06.010221,2793.76,2592.7,279.55,-127.75000000000004,-78.49000000000001
2026-03-22T20:15:07.020208,2793.76,2592.7,279.55,-127.75000000000004,-78.49000000000001
2026-03-22T20:15:08.041245,2793.76,2592.7,279.55,-127.75000000000004,-78.49000000000001
2026-03-22T20:15:09.064441,2793.76,2592.7,279.55,-127.75000000000004,-78.49000000000001
2026-03-22T20:15:10.074469,2793.76,2592.7,279.55,-127.75000000000004,-78.49000000000001
2026-03-22T20:15:11.084939,2793.76,2592.7,279.55,-127.75000000000004,-78.49000000000001
2026-03-22T20:15:12.102957,2793.76,2592.7,279.55,-127.75000000000004,-78.49000000000001
2026-03-22T20:15:13.124595,2793.76,2592.7,279.55,-127.75000000000004,-78.49000000000001
2026-03-22T20:15:14.135472,2793.76,2592.7,279.55,-127.75000000000004,-78.49000000000001
2026-03-22T20:15:15.143018,2793.76,2592.7,279.55,-127.75000000000004,-78.49000000000001
2026-03-22T20:15:16.159131,2793.76,2592.7,279.55,-127.75000000000004,-78.49000000000001
2026-03-22T20:15:17.179064,2793.76,2592.7,279.55,-127.75000000000004,-78.49000000000001
2026-03-22T20:15:18.201285,2793.76,2592.7,279.55,-127.75000000000004,-78.49000000000001
2026-03-22T20:15:19.222116,2805.3500000000004,2641.7200000000003,234.83,-123.45000000000005,-71.20000000000003
2026-03-22T20:15:20.233855,2805.3500000000004,2641.7200000000003,234.83,-123.45000000000005,-71.20000000000003
2026-03-22T20:15:21.240031,2805.3500000000004,2641.7200000000003,234.83,-123.45000000000005,-71.20000000000003
2026-03-22T20:15:22.252581,2805.3500000000004,2641.7200000000003,234.83,-123.45000000000005,-71.20000000000003
2026-03-22T20:15:23.259398,2805.3500000000004,2641.7200000000003,234.83,-123.45000000000005,-71.20000000000003
2026-03-22T20:15:24.269171,2805.3500000000004,2641.7200000000003,234.83,-123.45000000000005,-71.20000000000003
2026-03-22T20:15:25.285058,2805.3500000000004,2641.7200000000003,234.83,-123.45000000000005,-71.20000000000003
2026-03-22T20:15:26.301873,2805.3500000000004,2641.7200000000003,234.83,-123.45000000000005,-71.20000000000003
2026-03-22T20:15:27.311246,2805.3500000000004,2641.7200000000003,234.83,-123.45000000000005,-71.20000000000003
2026-03-22T20:15:28.327516,2805.3500000000004,2641.7200000000003,234.83,-123.45000000000005,-71.20000000000003
2026-03-22T20:15:29.332139,2805.3500000000004,2641.7200000000003,234.83,-123.45000000000005,-71.20000000000003
2026-03-22T20:15:30.341432,2805.3500000000004,2641.7200000000003,234.83,-123.45000000000005,-71.20000000000003
2026-03-22T20:15:31.361593,2805.3500000000004,2641.7200000000003,234.83,-123.45000000000005,-71.20000000000003
2026-03-22T20:15:32.384754,2805.3500000000004,2641.7200000000003,234.83,-123.45000000000005,-71.20000000000003
2026-03-22T20:15:33.392533,2805.3500000000004,2641.7200000000003,234.83,-123.45000000000005,-71.20000000000003
2026-03-22T20:15:34.406057,2805.3500000000004,2641.7200000000003,234.83,-123.45000000000005,-71.20000000000003
2026-03-22T20:15:35.418380,2806.33,2747.32,143.31,-109.37000000000005,-84.30000000000001
2026-03-22T20:15:36.427182,2806.33,2747.32,143.31,-109.37000000000005,-84.30000000000001
2026-03-22T20:15:37.451634,2806.33,2747.32,143.31,-109.37000000000005,-84.30000000000001
2026-03-22T20:15:38.465547,2806.33,2747.32,143.31,-109.37000000000005,-84.30000000000001
2026-03-22T20:15:39.475495,2806.33,2747.32,143.31,-109.37000000000005,-84.30000000000001
2026-03-22T20:15:40.492962,2806.33,2747.32,143.31,-109.37000000000005,-84.30000000000001
2026-03-22T20:15:41.509700,2806.33,2747.32,143.31,-109.37000000000005,-84.30000000000001
2026-03-22T20:15:42.526144,2806.33,2747.32,143.31,-109.37000000000005,-84.30000000000001
2026-03-22T20:15:43.543936,2806.33,2747.32,143.31,-109.37000000000005,-84.30000000000001
2026-03-22T20:15:44.561086,2806.33,2747.32,143.31,-109.37000000000005,-84.30000000000001
2026-03-22T20:15:45.583089,2806.33,2747.32,143.31,-109.37000000000005,-84.30000000000001
2026-03-22T20:15:46.594166,2806.33,2747.32,143.31,-109.37000000000005,-84.30000000000001
2026-03-22T20:15:47.609112,2806.33,2747.32,143.31,-109.37000000000005,-84.30000000000001
2026-03-22T20:15:48.626724,2806.33,2747.32,143.31,-109.37000000000005,-84.30000000000001
2026-03-22T20:15:49.638446,2795.09,2747.32,143.31,-109.37000000000005,-95.53999999999999
2026-03-22T20:15:50.651282,2795.09,2747.32,143.31,-109.37000000000005,-95.53999999999999
2026-03-22T20:15:51.691629,2795.09,2747.32,143.31,-109.37000000000005,-95.53999999999999
2026-03-22T20:15:52.701412,2795.09,2747.32,143.31,-109.37000000000005,-95.53999999999999
2026-03-22T20:15:53.714186,2795.09,2747.32,143.31,-109.37000000000005,-95.53999999999999
2026-03-22T20:15:54.735337,2795.09,2747.32,143.31,-109.37000000000005,-95.53999999999999
2026-03-22T20:15:55.742283,2795.09,2747.32,143.31,-109.37000000000005,-95.53999999999999
2026-03-22T20:15:56.749265,2795.09,2747.32,143.31,-109.37000000000005,-95.53999999999999
2026-03-22T20:15:57.759259,2795.09,2747.32,143.31,-109.37000000000005,-95.53999999999999
2026-03-22T20:15:58.768677,2795.09,2747.32,143.31,-109.37000000000005,-95.53999999999999
2026-03-22T20:15:59.782562,2795.09,2747.32,143.31,-109.37000000000005,-95.53999999999999
2026-03-22T20:16:00.799775,2795.09,2747.32,143.31,-109.37000000000005,-95.53999999999999
2026-03-22T20:16:01.811189,2795.09,2747.32,143.31,-109.37000000000005,-95.53999999999999
2026-03-22T20:16:02.832788,2795.09,2747.32,143.31,-109.37000000000005,-95.53999999999999
2026-03-22T20:16:03.842148,2795.09,2747.32,143.31,-109.37000000000005,-95.53999999999999
2026-03-22T20:16:04.851159,2795.09,2747.32,143.31,-109.37000000000005,-95.53999999999999
2026-03-22T20:16:05.859721,2795.09,2747.32,143.31,-109.37000000000005,-95.53999999999999
2026-03-22T20:16:06.867675,2795.09,2747.32,143.31,-109.37000000000005,-95.53999999999999
2026-03-22T20:16:07.877658,2795.09,2747.32,143.31,-109.37000000000005,-95.53999999999999
2026-03-22T20:16:08.884813,2795.09,2747.32,143.31,-109.37000000000005,-95.53999999999999
2026-03-22T20:16:09.890374,2795.09,2747.32,143.31,-109.37000000000005,-95.53999999999999
2026-03-22T20:16:10.900661,2795.09,2747.32,143.31,-109.37000000000005,-95.53999999999999
2026-03-22T20:16:11.916211,2795.09,2747.32,143.31,-109.37000000000005,-95.53999999999999
2026-03-22T20:16:12.934413,2795.09,2747.32,143.31,-109.37000000000005,-95.53999999999999
2026-03-22T20:16:13.942218,2795.09,2747.32,143.31,-109.37000000000005,-95.53999999999999
2026-03-22T20:16:14.950503,2795.09,2747.32,143.31,-109.37000000000005,-95.53999999999999
2026-03-22T20:16:15.958831,2795.09,2747.32,143.31,-109.37000000000005,-95.53999999999999
2026-03-22T20:16:16.967833,2795.09,2747.32,143.31,-109.37000000000005,-95.53999999999999
2026-03-22T20:16:17.976124,2783.85,2747.32,143.31,-109.37000000000005,-106.78
2026-03-22T20:16:18.984883,2783.85,2747.32,143.31,-109.37000000000005,-106.78
2026-03-22T20:16:19.992543,2783.85,2747.32,143.31,-109.37000000000005,-106.78
2026-03-22T20:16:21.000433,2783.85,2747.32,143.31,-109.37000000000005,-106.78
2026-03-22T20:16:22.009146,2783.85,2747.32,143.31,-109.37000000000005,-106.78
2026-03-22T20:16:23.017354,2783.85,2747.32,143.31,-109.37000000000005,-106.78
2026-03-22T20:16:24.026339,2783.85,2747.32,143.31,-109.37000000000005,-106.78
2026-03-22T20:16:25.034642,2783.85,2747.32,143.31,-109.37000000000005,-106.78
2026-03-22T20:16:26.043114,2783.85,2747.32,143.31,-109.37000000000005,-106.78
2026-03-22T20:16:27.059198,2783.85,2747.32,143.31,-109.37000000000005,-106.78
2026-03-22T20:16:28.071385,2783.85,2747.32,143.31,-109.37000000000005,-106.78
2026-03-22T20:16:29.076258,2783.85,2747.32,143.31,-109.37000000000005,-106.78
2026-03-22T20:16:30.084155,2783.85,2747.32,143.31,-109.37000000000005,-106.78
2026-03-22T20:16:31.093567,2783.85,2747.32,143.31,-109.37000000000005,-106.78
2026-03-22T20:16:32.110311,2783.85,2747.32,143.31,-109.37000000000005,-106.78
2026-03-22T20:16:33.127486,2781.04,2747.32,143.31,-109.37000000000005,-109.59
2026-03-22T20:16:34.135094,2781.04,2747.32,143.31,-109.37000000000005,-109.59
2026-03-22T20:16:35.142394,2781.04,2747.32,143.31,-109.37000000000005,-109.59
2026-03-22T20:16:36.151129,2781.04,2610.04,280.59,-109.37000000000005,-109.59
2026-03-22T20:16:37.158736,2781.04,2610.04,280.59,-109.37000000000005,-109.59
2026-03-22T20:16:38.173454,2781.04,2610.04,280.59,-109.37000000000005,-109.59
2026-03-22T20:16:39.184219,2779.6899999999996,2608.6899999999996,280.59,-110.72000000000004,-109.59
2026-03-22T20:16:40.197013,2779.6899999999996,2608.6899999999996,280.59,-110.72000000000004,-109.59
2026-03-22T20:16:41.214766,2779.6899999999996,2608.6899999999996,280.59,-110.72000000000004,-109.59
2026-03-22T20:16:42.234303,2779.6899999999996,2608.6899999999996,280.59,-110.72000000000004,-109.59
2026-03-22T20:16:43.243469,2779.6899999999996,2608.6899999999996,280.59,-110.72000000000004,-109.59
2026-03-22T20:16:44.262704,2779.6899999999996,2608.6899999999996,280.59,-110.72000000000004,-109.59
2026-03-22T20:16:45.301002,2779.6899999999996,2608.6899999999996,280.59,-110.72000000000004,-109.59
2026-03-22T20:16:46.308772,2779.6899999999996,2608.6899999999996,280.59,-110.72000000000004,-109.59
2026-03-22T20:16:47.327205,2779.6899999999996,2608.6899999999996,280.59,-110.72000000000004,-109.59
2026-03-22T20:16:48.335602,2779.6899999999996,2608.6899999999996,280.59,-110.72000000000004,-109.59
2026-03-22T20:16:49.343593,2777.1899999999996,2608.6899999999996,280.59,-110.72000000000004,-112.08999999999999
2026-03-22T20:16:50.352370,2777.1899999999996,2608.6899999999996,280.59,-110.72000000000004,-112.08999999999999
2026-03-22T20:16:51.368260,2777.1899999999996,2608.6899999999996,280.59,-110.72000000000004,-112.08999999999999
2026-03-22T20:16:52.383204,2777.1899999999996,2608.6899999999996,280.59,-110.72000000000004,-112.08999999999999
2026-03-22T20:16:53.399360,2777.1899999999996,2608.6899999999996,280.59,-110.72000000000004,-112.08999999999999
2026-03-22T20:16:54.418117,2777.1899999999996,2608.6899999999996,280.59,-110.72000000000004,-112.08999999999999
2026-03-22T20:16:55.425956,2777.1899999999996,2608.6899999999996,280.59,-110.72000000000004,-112.08999999999999
2026-03-22T20:16:56.433868,2777.1899999999996,2608.6899999999996,280.59,-110.72000000000004,-112.08999999999999
2026-03-22T20:16:57.443234,2777.1899999999996,2608.6899999999996,280.59,-110.72000000000004,-112.08999999999999
2026-03-22T20:16:58.458881,2777.1899999999996,2608.6899999999996,280.59,-110.72000000000004,-112.08999999999999
2026-03-22T20:16:59.467849,2777.1899999999996,2608.6899999999996,280.59,-110.72000000000004,-112.08999999999999
2026-03-22T20:17:00.475533,2777.1899999999996,2608.6899999999996,280.59,-110.72000000000004,-112.08999999999999
2026-03-22T20:17:01.484615,2777.1899999999996,2608.6899999999996,280.59,-110.72000000000004,-112.08999999999999
2026-03-22T20:17:02.492213,2777.1899999999996,2608.6899999999996,280.59,-110.72000000000004,-112.08999999999999
2026-03-22T20:17:03.509437,2793.1,2608.6899999999996,280.59,-110.72000000000004,-96.17999999999999
2026-03-22T20:17:04.525477,2793.1,2608.6899999999996,280.59,-110.72000000000004,-96.17999999999999
2026-03-22T20:17:05.536917,2793.1,2608.6899999999996,280.59,-110.72000000000004,-96.17999999999999
2026-03-22T20:17:06.549392,2793.1,2608.6899999999996,280.59,-110.72000000000004,-96.17999999999999
2026-03-22T20:17:07.559942,2793.1,2608.6899999999996,280.59,-110.72000000000004,-96.17999999999999
2026-03-22T20:17:08.567057,2793.1,2608.6899999999996,280.59,-110.72000000000004,-96.17999999999999
2026-03-22T20:17:09.576007,2793.1,2608.6899999999996,280.59,-110.72000000000004,-96.17999999999999
2026-03-22T20:17:10.584243,2793.1,2608.6899999999996,280.59,-110.72000000000004,-96.17999999999999
2026-03-22T20:17:11.592438,2793.1,2608.6899999999996,280.59,-110.72000000000004,-96.17999999999999
2026-03-22T20:17:12.600854,2793.1,2608.6899999999996,280.59,-110.72000000000004,-96.17999999999999
2026-03-22T20:17:13.609646,2793.1,2608.6899999999996,280.59,-110.72000000000004,-96.17999999999999
2026-03-22T20:17:14.617973,2793.1,2608.6899999999996,280.59,-110.72000000000004,-96.17999999999999
2026-03-22T20:17:15.625754,2793.1,2608.6899999999996,280.59,-110.72000000000004,-96.17999999999999
2026-03-22T20:17:16.645953,2780.62,2755.33,143.31,-101.36000000000003,-118.02000000000001
2026-03-22T20:17:17.660676,2780.62,2755.33,143.31,-101.36000000000003,-118.02000000000001
2026-03-22T20:17:18.667837,2780.62,2755.33,143.31,-101.36000000000003,-118.02000000000001
2026-03-22T20:17:19.673928,2780.62,2755.33,143.31,-101.36000000000003,-118.02000000000001
2026-03-22T20:17:20.682859,2780.62,2755.33,143.31,-101.36000000000003,-118.02000000000001
2026-03-22T20:17:21.697547,2780.62,2755.33,143.31,-101.36000000000003,-118.02000000000001
2026-03-22T20:17:22.709465,2780.62,2755.33,143.31,-101.36000000000003,-118.02000000000001
2026-03-22T20:17:23.717444,2780.62,2755.33,143.31,-101.36000000000003,-118.02000000000001
2026-03-22T20:17:24.722300,2780.62,2755.33,143.31,-101.36000000000003,-118.02000000000001
2026-03-22T20:17:25.734362,2780.62,2755.33,143.31,-101.36000000000003,-118.02000000000001
2026-03-22T20:17:26.749519,2780.62,2755.33,143.31,-101.36000000000003,-118.02000000000001
2026-03-22T20:17:27.759213,2780.62,2755.33,143.31,-101.36000000000003,-118.02000000000001
2026-03-22T20:17:28.775635,2780.62,2755.33,143.31,-101.36000000000003,-118.02000000000001
2026-03-22T20:17:29.783749,2780.62,2755.33,143.31,-101.36000000000003,-118.02000000000001
2026-03-22T20:17:30.792492,2783.43,2755.33,143.31,-101.36000000000003,-115.21000000000001
2026-03-22T20:17:31.811096,2783.43,2755.33,143.31,-101.36000000000003,-115.21000000000001
2026-03-22T20:17:32.825575,2783.43,2755.33,143.31,-101.36000000000003,-115.21000000000001
2026-03-22T20:17:33.832768,2783.43,2755.33,143.31,-101.36000000000003,-115.21000000000001
2026-03-22T20:17:34.842595,2783.43,2755.33,143.31,-101.36000000000003,-115.21000000000001
2026-03-22T20:17:35.858648,2783.43,2755.33,143.31,-101.36000000000003,-115.21000000000001
2026-03-22T20:17:36.867042,2783.43,2755.33,143.31,-101.36000000000003,-115.21000000000001
2026-03-22T20:17:37.909118,2783.43,2755.33,143.31,-101.36000000000003,-115.21000000000001
2026-03-22T20:17:38.925651,2783.43,2755.33,143.31,-101.36000000000003,-115.21000000000001
2026-03-22T20:17:39.932602,2783.43,2755.33,143.31,-101.36000000000003,-115.21000000000001
2026-03-22T20:17:40.942643,2783.43,2755.33,143.31,-101.36000000000003,-115.21000000000001
2026-03-22T20:17:41.951542,2783.43,2755.33,143.31,-101.36000000000003,-115.21000000000001
2026-03-22T20:17:42.959240,2783.43,2755.33,143.31,-101.36000000000003,-115.21000000000001
2026-03-22T20:17:43.968440,2783.43,2755.33,143.31,-101.36000000000003,-115.21000000000001
2026-03-22T20:17:44.976188,2783.43,2755.33,143.31,-101.36000000000003,-115.21000000000001
2026-03-22T20:17:45.984079,2786.24,2755.33,143.31,-101.36000000000003,-112.4
2026-03-22T20:17:46.999116,2786.24,2755.33,143.31,-101.36000000000003,-112.4
2026-03-22T20:17:48.009274,2786.24,2755.33,143.31,-101.36000000000003,-112.4
2026-03-22T20:17:49.018420,2786.24,2755.33,143.31,-101.36000000000003,-112.4
2026-03-22T20:17:50.032799,2786.24,2755.33,143.31,-101.36000000000003,-112.4
2026-03-22T20:17:51.042365,2786.24,2755.33,143.31,-101.36000000000003,-112.4
2026-03-22T20:17:52.050664,2786.24,2755.33,143.31,-101.36000000000003,-112.4
2026-03-22T20:17:53.061771,2786.24,2755.33,143.31,-101.36000000000003,-112.4
2026-03-22T20:17:54.067355,2786.24,2755.33,143.31,-101.36000000000003,-112.4
2026-03-22T20:17:55.075981,2786.24,2755.33,143.31,-101.36000000000003,-112.4
2026-03-22T20:17:56.084213,2786.24,2755.33,143.31,-101.36000000000003,-112.4
2026-03-22T20:17:57.092309,2786.24,2755.33,143.31,-101.36000000000003,-112.4
2026-03-22T20:17:58.101731,2786.24,2755.33,143.31,-101.36000000000003,-112.4
2026-03-22T20:17:59.117309,2786.24,2755.33,143.31,-101.36000000000003,-112.4
2026-03-22T20:18:00.133976,2786.24,2755.33,143.31,-101.36000000000003,-112.4
2026-03-22T20:18:01.142483,2786.24,2755.33,143.31,-101.36000000000003,-112.4
2026-03-22T20:18:02.150856,2780.62,2755.33,143.31,-101.36000000000003,-118.02000000000001
2026-03-22T20:18:03.167785,2780.62,2755.33,143.31,-101.36000000000003,-118.02000000000001
2026-03-22T20:18:04.183749,2780.62,2755.33,143.31,-101.36000000000003,-118.02000000000001
2026-03-22T20:18:05.199334,2780.62,2755.33,143.31,-101.36000000000003,-118.02000000000001
2026-03-22T20:18:06.211604,2780.62,2755.33,143.31,-101.36000000000003,-118.02000000000001
2026-03-22T20:18:07.232642,2780.62,2755.33,143.31,-101.36000000000003,-118.02000000000001
2026-03-22T20:18:08.241977,2780.62,2755.33,143.31,-101.36000000000003,-118.02000000000001
2026-03-22T20:18:09.250603,2780.62,2755.33,143.31,-101.36000000000003,-118.02000000000001
2026-03-22T20:18:10.259111,2780.62,2755.33,143.31,-101.36000000000003,-118.02000000000001
2026-03-22T20:18:11.267606,2780.62,2755.33,143.31,-101.36000000000003,-118.02000000000001
2026-03-22T20:18:12.275931,2780.62,2755.33,143.31,-101.36000000000003,-118.02000000000001
2026-03-22T20:18:13.283817,2780.62,2755.33,143.31,-101.36000000000003,-118.02000000000001
2026-03-22T20:18:14.300350,2780.62,2755.33,143.31,-101.36000000000003,-118.02000000000001
2026-03-22T20:18:15.309724,2789.0499999999997,2755.33,143.31,-101.36000000000003,-109.59
2026-03-22T20:18:16.317065,2789.0499999999997,2755.33,143.31,-101.36000000000003,-109.59
2026-03-22T20:18:17.332429,2789.0499999999997,2755.33,143.31,-101.36000000000003,-109.59
2026-03-22T20:18:18.342053,2789.0499999999997,2755.33,143.31,-101.36000000000003,-109.59
2026-03-22T20:18:19.348019,2789.0499999999997,2755.33,143.31,-101.36000000000003,-109.59
2026-03-22T20:18:20.360381,2789.0499999999997,2755.33,143.31,-101.36000000000003,-109.59
2026-03-22T20:18:21.365934,2789.0499999999997,2755.33,143.31,-101.36000000000003,-109.59
2026-03-22T20:18:22.375873,2789.0499999999997,2755.33,143.31,-101.36000000000003,-109.59
2026-03-22T20:18:23.382567,2789.0499999999997,2755.33,143.31,-101.36000000000003,-109.59
2026-03-22T20:18:24.392546,2789.0499999999997,2755.33,143.31,-101.36000000000003,-109.59
2026-03-22T20:18:25.400333,2789.0499999999997,2755.33,143.31,-101.36000000000003,-109.59
2026-03-22T20:18:26.417441,2789.0499999999997,2755.33,143.31,-101.36000000000003,-109.59
2026-03-22T20:18:27.426123,2789.0499999999997,2755.33,143.31,-101.36000000000003,-109.59
2026-03-22T20:18:28.435264,2789.0499999999997,2755.33,143.31,-101.36000000000003,-109.59
2026-03-22T20:18:29.449544,2800.29,2755.33,143.31,-101.36000000000003,-98.35
2026-03-22T20:18:30.459691,2800.29,2755.33,143.31,-101.36000000000003,-98.35
2026-03-22T20:18:31.494128,2800.29,2755.33,143.31,-101.36000000000003,-98.35
2026-03-22T20:18:32.501886,2800.29,2755.33,143.31,-101.36000000000003,-98.35
2026-03-22T20:18:33.508990,2800.29,2755.33,143.31,-101.36000000000003,-98.35
2026-03-22T20:18:34.517238,2800.29,2755.33,143.31,-101.36000000000003,-98.35
2026-03-22T20:18:35.533956,2800.29,2755.33,143.31,-101.36000000000003,-98.35
2026-03-22T20:18:36.543364,2800.29,2755.33,143.31,-101.36000000000003,-98.35
2026-03-22T20:18:37.550626,2800.29,2755.33,143.31,-101.36000000000003,-98.35
2026-03-22T20:18:38.559683,2800.29,2755.33,143.31,-101.36000000000003,-98.35
2026-03-22T20:18:39.565219,2800.29,2755.33,143.31,-101.36000000000003,-98.35
2026-03-22T20:18:40.582126,2800.29,2755.33,143.31,-101.36000000000003,-98.35
2026-03-22T20:18:41.592008,2800.29,2755.33,143.31,-101.36000000000003,-98.35
2026-03-22T20:18:42.600354,2811.5299999999997,2755.33,143.31,-101.36000000000003,-87.11000000000001
2026-03-22T20:18:43.607832,2811.5299999999997,2755.33,143.31,-101.36000000000003,-87.11000000000001
2026-03-22T20:18:44.618142,2811.5299999999997,2755.33,143.31,-101.36000000000003,-87.11000000000001
2026-03-22T20:18:45.625910,2811.5299999999997,2755.33,143.31,-101.36000000000003,-87.11000000000001
2026-03-22T20:18:46.633827,2811.5299999999997,2755.33,143.31,-101.36000000000003,-87.11000000000001
2026-03-22T20:18:47.643489,2811.5299999999997,2755.33,143.31,-101.36000000000003,-87.11000000000001
2026-03-22T20:18:48.655780,2811.5299999999997,2755.33,143.31,-101.36000000000003,-87.11000000000001
2026-03-22T20:18:49.667420,2811.5299999999997,2755.33,143.31,-101.36000000000003,-87.11000000000001
2026-03-22T20:18:50.675456,2811.5299999999997,2755.33,143.31,-101.36000000000003,-87.11000000000001
2026-03-22T20:18:51.682668,2811.5299999999997,2755.33,143.31,-101.36000000000003,-87.11000000000001
2026-03-22T20:18:52.702541,2811.5299999999997,2755.33,143.31,-101.36000000000003,-87.11000000000001
2026-03-22T20:18:53.725745,2811.5299999999997,2755.33,143.31,-101.36000000000003,-87.11000000000001
2026-03-22T20:18:54.734971,2811.5299999999997,2755.33,143.31,-101.36000000000003,-87.11000000000001
2026-03-22T20:18:55.758515,2811.5299999999997,2755.33,143.31,-101.36000000000003,-87.11000000000001
2026-03-22T20:18:56.774616,2811.5299999999997,2755.33,143.31,-101.36000000000003,-87.11000000000001
2026-03-22T20:18:57.792317,2811.5299999999997,2755.33,143.31,-101.36000000000003,-87.11000000000001
2026-03-22T20:18:58.809222,2811.5299999999997,2755.33,143.31,-101.36000000000003,-87.11000000000001
2026-03-22T20:18:59.825834,2805.91,2755.33,143.31,-101.36000000000003,-92.72999999999999
2026-03-22T20:19:00.836007,2805.91,2755.33,143.31,-101.36000000000003,-92.72999999999999
2026-03-22T20:19:01.842499,2805.91,2755.33,143.31,-101.36000000000003,-92.72999999999999
2026-03-22T20:19:02.859763,2805.91,2755.33,143.31,-101.36000000000003,-92.72999999999999
2026-03-22T20:19:03.867682,2805.91,2755.33,143.31,-101.36000000000003,-92.72999999999999
2026-03-22T20:19:04.876544,2805.91,2755.33,143.31,-101.36000000000003,-92.72999999999999
2026-03-22T20:19:05.883905,2805.91,2755.33,143.31,-101.36000000000003,-92.72999999999999
2026-03-22T20:19:06.892537,2805.91,2755.33,143.31,-101.36000000000003,-92.72999999999999
2026-03-22T20:19:07.905317,2805.91,2755.33,143.31,-101.36000000000003,-92.72999999999999
2026-03-22T20:19:08.918437,2805.91,2755.33,143.31,-101.36000000000003,-92.72999999999999
2026-03-22T20:19:09.932984,2805.91,2755.33,143.31,-101.36000000000003,-92.72999999999999
2026-03-22T20:19:10.950662,2805.91,2755.33,143.31,-101.36000000000003,-92.72999999999999
2026-03-22T20:19:11.959477,2805.91,2755.33,143.31,-101.36000000000003,-92.72999999999999
2026-03-22T20:19:12.976971,2805.91,2755.33,143.31,-101.36000000000003,-92.72999999999999
2026-03-22T20:19:13.985792,2805.91,2755.33,143.31,-101.36000000000003,-92.72999999999999
2026-03-22T20:19:15.000780,2805.91,2755.33,143.31,-101.36000000000003,-92.72999999999999
2026-03-22T20:19:16.009413,2794.67,2755.33,143.31,-101.36000000000003,-103.97
2026-03-22T20:19:17.023993,2794.67,2755.33,143.31,-101.36000000000003,-103.97
2026-03-22T20:19:18.033701,2794.67,2755.33,143.31,-101.36000000000003,-103.97
2026-03-22T20:19:19.043190,2794.67,2755.33,143.31,-101.36000000000003,-103.97
2026-03-22T20:19:20.052031,2794.67,2755.33,143.31,-101.36000000000003,-103.97
2026-03-22T20:19:21.065755,2794.67,2755.33,143.31,-101.36000000000003,-103.97
2026-03-22T20:19:22.076498,2794.67,2755.33,143.31,-101.36000000000003,-103.97
2026-03-22T20:19:23.092120,2794.67,2755.33,143.31,-101.36000000000003,-103.97
2026-03-22T20:19:24.101201,2794.67,2755.33,143.31,-101.36000000000003,-103.97
2026-03-22T20:19:25.117094,2794.67,2755.33,143.31,-101.36000000000003,-103.97
2026-03-22T20:19:26.133950,2794.67,2755.33,143.31,-101.36000000000003,-103.97
2026-03-22T20:19:27.167777,2794.67,2755.33,143.31,-101.36000000000003,-103.97
2026-03-22T20:19:28.175631,2794.67,2755.33,143.31,-101.36000000000003,-103.97
2026-03-22T20:19:29.184468,2794.67,2755.33,143.31,-101.36000000000003,-103.97
2026-03-22T20:19:30.192353,2791.8599999999997,2755.33,143.31,-101.36000000000003,-106.78
2026-03-22T20:19:31.201674,2791.8599999999997,2755.33,143.31,-101.36000000000003,-106.78
2026-03-22T20:19:32.217439,2791.8599999999997,2755.33,143.31,-101.36000000000003,-106.78
2026-03-22T20:19:33.225522,2791.8599999999997,2755.33,143.31,-101.36000000000003,-106.78
2026-03-22T20:19:34.243405,2791.8599999999997,2755.33,143.31,-101.36000000000003,-106.78
2026-03-22T20:19:35.258979,2791.8599999999997,2755.33,143.31,-101.36000000000003,-106.78
2026-03-22T20:19:36.276279,2791.8599999999997,2755.33,143.31,-101.36000000000003,-106.78
2026-03-22T20:19:37.282591,2791.8599999999997,2755.33,143.31,-101.36000000000003,-106.78
2026-03-22T20:19:38.292303,2791.8599999999997,2755.33,143.31,-101.36000000000003,-106.78
2026-03-22T20:19:39.299294,2791.8599999999997,2755.33,143.31,-101.36000000000003,-106.78
2026-03-22T20:19:40.309262,2791.8599999999997,2755.33,143.31,-101.36000000000003,-106.78
2026-03-22T20:19:41.318899,2791.8599999999997,2755.33,143.31,-101.36000000000003,-106.78
2026-03-22T20:19:42.334871,2791.8599999999997,2755.33,143.31,-101.36000000000003,-106.78
2026-03-22T20:19:43.350122,2791.8599999999997,2755.33,143.31,-101.36000000000003,-106.78
2026-03-22T20:19:44.374493,2789.0499999999997,2755.33,143.31,-101.36000000000003,-109.59
2026-03-22T20:19:45.384683,2789.0499999999997,2755.33,143.31,-101.36000000000003,-109.59
2026-03-22T20:19:46.399191,2789.05,2617.63,281.01,-101.36000000000003,-109.59
2026-03-22T20:19:47.406352,2789.05,2617.63,281.01,-101.36000000000003,-109.59
2026-03-22T20:19:48.418217,2787.7200000000003,2616.3,281.01,-102.69000000000003,-109.59
2026-03-22T20:19:49.425490,2787.7200000000003,2616.3,281.01,-102.69000000000003,-109.59
2026-03-22T20:19:50.434924,2787.7200000000003,2616.3,281.01,-102.69000000000003,-109.59
2026-03-22T20:19:51.451331,2787.7200000000003,2616.3,281.01,-102.69000000000003,-109.59
2026-03-22T20:19:52.459097,2787.7200000000003,2616.3,281.01,-102.69000000000003,-109.59
2026-03-22T20:19:53.467274,2787.7200000000003,2616.3,281.01,-102.69000000000003,-109.59
2026-03-22T20:19:54.475965,2787.7200000000003,2616.3,281.01,-102.69000000000003,-109.59
2026-03-22T20:19:55.492168,2787.7200000000003,2616.3,281.01,-102.69000000000003,-109.59
2026-03-22T20:19:56.508729,2787.7200000000003,2616.3,281.01,-102.69000000000003,-109.59
2026-03-22T20:19:57.517518,2775.7300000000005,2616.3,281.01,-102.69000000000003,-121.58
2026-03-22T20:19:58.524557,2775.7300000000005,2616.3,281.01,-102.69000000000003,-121.58
2026-03-22T20:19:59.543510,2775.7300000000005,2616.3,281.01,-102.69000000000003,-121.58
2026-03-22T20:20:00.550739,2775.7300000000005,2616.3,281.01,-102.69000000000003,-121.58
2026-03-22T20:20:01.567143,2775.7300000000005,2616.3,281.01,-102.69000000000003,-121.58
2026-03-22T20:20:02.582275,2775.7300000000005,2616.3,281.01,-102.69000000000003,-121.58
2026-03-22T20:20:03.591486,2775.7300000000005,2616.3,281.01,-102.69000000000003,-121.58
2026-03-22T20:20:04.602243,2775.7300000000005,2616.3,281.01,-102.69000000000003,-121.58
2026-03-22T20:20:05.617212,2775.7300000000005,2616.3,281.01,-102.69000000000003,-121.58
2026-03-22T20:20:06.623951,2775.7300000000005,2616.3,281.01,-102.69000000000003,-121.58
2026-03-22T20:20:07.633721,2775.7300000000005,2616.3,281.01,-102.69000000000003,-121.58
2026-03-22T20:20:08.643024,2775.7300000000005,2616.3,281.01,-102.69000000000003,-121.58
2026-03-22T20:20:09.658815,2775.7300000000005,2616.3,281.01,-102.69000000000003,-121.58
2026-03-22T20:20:10.666138,2775.7300000000005,2616.3,281.01,-102.69000000000003,-121.58
2026-03-22T20:20:11.676353,2775.7300000000005,2616.3,281.01,-102.69000000000003,-121.58
2026-03-22T20:20:12.683994,2775.7300000000005,2616.3,281.01,-102.69000000000003,-121.58
2026-03-22T20:20:13.692005,2794.5900000000006,2616.3,281.01,-102.69000000000003,-102.72
2026-03-22T20:20:14.700375,2794.5900000000006,2616.3,281.01,-102.69000000000003,-102.72
2026-03-22T20:20:15.709647,2794.5900000000006,2616.3,281.01,-102.69000000000003,-102.72
2026-03-22T20:20:16.725241,2794.5900000000006,2616.3,281.01,-102.69000000000003,-102.72
2026-03-22T20:20:17.732230,2794.5900000000006,2616.3,281.01,-102.69000000000003,-102.72
2026-03-22T20:20:18.741933,2794.5900000000006,2616.3,281.01,-102.69000000000003,-102.72
2026-03-22T20:20:19.750406,2794.5900000000006,2616.3,281.01,-102.69000000000003,-102.72
2026-03-22T20:20:20.766926,2794.5900000000006,2616.3,281.01,-102.69000000000003,-102.72
2026-03-22T20:20:21.775169,2794.5900000000006,2616.3,281.01,-102.69000000000003,-102.72
2026-03-22T20:20:22.784064,2794.5900000000006,2616.3,281.01,-102.69000000000003,-102.72
2026-03-22T20:20:23.790463,2794.5900000000006,2616.3,281.01,-102.69000000000003,-102.72
2026-03-22T20:20:24.800168,2794.5900000000006,2616.3,281.01,-102.69000000000003,-102.72
2026-03-22T20:20:25.817322,2794.5900000000006,2616.3,281.01,-102.69000000000003,-102.72
2026-03-22T20:20:26.823284,2794.5900000000006,2616.3,281.01,-102.69000000000003,-102.72
2026-03-22T20:20:27.829219,2794.5900000000006,2616.3,281.01,-102.69000000000003,-102.72
2026-03-22T20:20:28.842440,2794.5900000000006,2616.3,281.01,-102.69000000000003,-102.72
2026-03-22T20:20:29.850703,2794.59,2769.3,143.31,-87.39000000000001,-118.02000000000001
2026-03-22T20:20:30.859470,2794.59,2769.3,143.31,-87.39000000000001,-118.02000000000001
2026-03-22T20:20:31.875777,2794.59,2769.3,143.31,-87.39000000000001,-118.02000000000001
2026-03-22T20:20:32.884938,2794.59,2769.3,143.31,-87.39000000000001,-118.02000000000001
2026-03-22T20:20:33.900231,2794.59,2769.3,143.31,-87.39000000000001,-118.02000000000001
2026-03-22T20:20:34.918215,2794.59,2769.3,143.31,-87.39000000000001,-118.02000000000001
2026-03-22T20:20:35.925700,2794.59,2769.3,143.31,-87.39000000000001,-118.02000000000001
2026-03-22T20:20:36.932948,2794.59,2769.3,143.31,-87.39000000000001,-118.02000000000001
2026-03-22T20:20:37.950894,2794.59,2769.3,143.31,-87.39000000000001,-118.02000000000001
2026-03-22T20:20:38.959237,2794.59,2769.3,143.31,-87.39000000000001,-118.02000000000001
2026-03-22T20:20:39.967883,2794.59,2769.3,143.31,-87.39000000000001,-118.02000000000001
2026-03-22T20:20:40.991981,2794.59,2769.3,143.31,-87.39000000000001,-118.02000000000001
2026-03-22T20:20:41.999262,2794.59,2769.3,143.31,-87.39000000000001,-118.02000000000001
2026-03-22T20:20:43.009330,2794.59,2769.3,143.31,-87.39000000000001,-118.02000000000001
2026-03-22T20:20:44.017373,2797.4,2769.3,143.31,-87.39000000000001,-115.21000000000001
2026-03-22T20:20:45.025919,2797.4,2769.3,143.31,-87.39000000000001,-115.21000000000001
2026-03-22T20:20:46.034248,2797.4,2769.3,143.31,-87.39000000000001,-115.21000000000001
2026-03-22T20:20:47.049268,2797.4,2769.3,143.31,-87.39000000000001,-115.21000000000001
2026-03-22T20:20:48.059070,2797.4,2769.3,143.31,-87.39000000000001,-115.21000000000001
2026-03-22T20:20:49.067264,2797.4,2769.3,143.31,-87.39000000000001,-115.21000000000001
2026-03-22T20:20:50.075476,2797.4,2769.3,143.31,-87.39000000000001,-115.21000000000001
2026-03-22T20:20:51.084147,2797.4,2769.3,143.31,-87.39000000000001,-115.21000000000001
2026-03-22T20:20:52.099465,2797.4,2769.3,143.31,-87.39000000000001,-115.21000000000001
2026-03-22T20:20:53.111765,2797.4,2769.3,143.31,-87.39000000000001,-115.21000000000001
2026-03-22T20:20:54.131092,2797.4,2769.3,143.31,-87.39000000000001,-115.21000000000001
2026-03-22T20:20:55.145539,2797.4,2769.3,143.31,-87.39000000000001,-115.21000000000001
2026-03-22T20:20:56.159579,2797.4,2769.3,143.31,-87.39000000000001,-115.21000000000001
2026-03-22T20:20:57.175940,2797.4,2769.3,143.31,-87.39000000000001,-115.21000000000001
2026-03-22T20:20:58.192429,2800.21,2769.3,143.31,-87.39000000000001,-112.4
2026-03-22T20:20:59.211883,2800.21,2769.3,143.31,-87.39000000000001,-112.4
2026-03-22T20:21:00.224555,2800.21,2769.3,143.31,-87.39000000000001,-112.4
2026-03-22T20:21:01.234523,2800.21,2769.3,143.31,-87.39000000000001,-112.4
2026-03-22T20:21:02.250940,2800.21,2769.3,143.31,-87.39000000000001,-112.4
2026-03-22T20:21:03.259915,2800.21,2769.3,143.31,-87.39000000000001,-112.4
2026-03-22T20:21:04.271425,2800.21,2769.3,143.31,-87.39000000000001,-112.4
2026-03-22T20:21:05.284572,2800.21,2769.3,143.31,-87.39000000000001,-112.4
2026-03-22T20:21:06.291960,2800.21,2769.3,143.31,-87.39000000000001,-112.4
2026-03-22T20:21:07.300139,2800.21,2769.3,143.31,-87.39000000000001,-112.4
2026-03-22T20:21:08.318344,2800.21,2769.3,143.31,-87.39000000000001,-112.4
2026-03-22T20:21:09.325428,2800.21,2769.3,143.31,-87.39000000000001,-112.4
2026-03-22T20:21:10.332599,2800.21,2769.3,143.31,-87.39000000000001,-112.4
2026-03-22T20:21:11.342436,2800.21,2769.3,143.31,-87.39000000000001,-112.4
2026-03-22T20:21:12.350606,2800.21,2631.54,281.07,-87.39000000000001,-112.4
2026-03-22T20:21:13.365956,2800.21,2631.54,281.07,-87.39000000000001,-112.4
2026-03-22T20:21:14.384257,2800.21,2631.54,281.07,-87.39000000000001,-112.4
2026-03-22T20:21:15.417374,2800.21,2631.54,281.07,-87.39000000000001,-112.4
2026-03-22T20:21:16.425341,2799.77,2631.1,281.07,-87.83000000000001,-112.4
2026-03-22T20:21:17.441873,2799.77,2631.1,281.07,-87.83000000000001,-112.4
2026-03-22T20:21:18.450158,2799.77,2631.1,281.07,-87.83000000000001,-112.4
2026-03-22T20:21:19.467903,2799.77,2631.1,281.07,-87.83000000000001,-112.4
2026-03-22T20:21:20.476186,2799.77,2631.1,281.07,-87.83000000000001,-112.4
2026-03-22T20:21:21.485517,2799.77,2631.1,281.07,-87.83000000000001,-112.4
2026-03-22T20:21:22.501634,2799.77,2631.1,281.07,-87.83000000000001,-112.4
2026-03-22T20:21:23.517610,2799.77,2631.1,281.07,-87.83000000000001,-112.4
2026-03-22T20:21:24.535601,2799.77,2631.1,281.07,-87.83000000000001,-112.4
2026-03-22T20:21:25.551395,2799.77,2631.1,281.07,-87.83000000000001,-112.4
2026-03-22T20:21:26.558661,2799.77,2631.1,281.07,-87.83000000000001,-112.4
2026-03-22T20:21:27.567664,2799.77,2631.1,281.07,-87.83000000000001,-112.4
2026-03-22T20:21:28.582982,2784.1,2631.1,281.07,-87.83000000000001,-128.07
2026-03-22T20:21:29.610241,2784.1,2631.1,281.07,-87.83000000000001,-128.07
2026-03-22T20:21:30.625176,2784.1,2631.1,281.07,-87.83000000000001,-128.07
2026-03-22T20:21:31.632832,2784.1,2631.1,281.07,-87.83000000000001,-128.07
2026-03-22T20:21:32.643175,2784.1,2631.1,281.07,-87.83000000000001,-128.07
2026-03-22T20:21:33.659176,2784.1,2631.1,281.07,-87.83000000000001,-128.07
2026-03-22T20:21:34.667407,2784.1,2631.1,281.07,-87.83000000000001,-128.07
2026-03-22T20:21:35.675727,2784.1,2631.1,281.07,-87.83000000000001,-128.07
2026-03-22T20:21:36.684239,2784.1,2631.1,281.07,-87.83000000000001,-128.07
2026-03-22T20:21:37.692783,2784.1,2631.1,281.07,-87.83000000000001,-128.07
2026-03-22T20:21:38.699843,2784.1,2631.1,281.07,-87.83000000000001,-128.07
2026-03-22T20:21:39.710575,2784.1,2631.1,281.07,-87.83000000000001,-128.07
2026-03-22T20:21:40.719455,2784.1,2631.1,281.07,-87.83000000000001,-128.07
2026-03-22T20:21:41.737862,2784.1,2631.1,281.07,-87.83000000000001,-128.07
2026-03-22T20:21:42.749131,2784.1,2631.1,281.07,-87.83000000000001,-128.07
2026-03-22T20:21:43.764297,2784.1,2631.1,281.07,-87.83000000000001,-128.07
2026-03-22T20:21:44.783927,2784.1,2631.1,281.07,-87.83000000000001,-128.07
2026-03-22T20:21:45.804895,2784.1,2631.1,281.07,-87.83000000000001,-128.07
2026-03-22T20:21:46.812253,2781.35,2733.58,143.31,-123.11000000000001,-95.53999999999999
2026-03-22T20:21:47.823707,2781.35,2733.58,143.31,-123.11000000000001,-95.53999999999999
2026-03-22T20:21:48.846744,2781.35,2733.58,143.31,-123.11000000000001,-95.53999999999999
2026-03-22T20:21:49.873953,2781.35,2733.58,143.31,-123.11000000000001,-95.53999999999999
2026-03-22T20:21:50.889877,2781.35,2733.58,143.31,-123.11000000000001,-95.53999999999999
2026-03-22T20:21:51.900673,2781.35,2733.58,143.31,-123.11000000000001,-95.53999999999999
2026-03-22T20:21:52.919929,2781.35,2733.58,143.31,-123.11000000000001,-95.53999999999999
2026-03-22T20:21:53.938646,2781.35,2733.58,143.31,-123.11000000000001,-95.53999999999999
2026-03-22T20:21:54.949658,2781.35,2733.58,143.31,-123.11000000000001,-95.53999999999999
2026-03-22T20:21:55.976840,2781.35,2733.58,143.31,-123.11000000000001,-95.53999999999999
2026-03-22T20:21:56.991806,2781.35,2733.58,143.31,-123.11000000000001,-95.53999999999999
2026-03-22T20:21:58.002582,2781.35,2733.58,143.31,-123.11000000000001,-95.53999999999999
2026-03-22T20:21:59.022986,2781.35,2733.58,143.31,-123.11000000000001,-95.53999999999999
2026-03-22T20:22:00.038064,2781.35,2733.58,143.31,-123.11000000000001,-95.53999999999999
2026-03-22T20:22:01.061516,2781.35,2733.58,143.31,-123.11000000000001,-95.53999999999999
2026-03-22T20:22:02.078210,2781.35,2733.58,143.31,-123.11000000000001,-95.53999999999999
2026-03-22T20:22:03.091007,2786.97,2733.58,143.31,-123.11000000000001,-89.92000000000002
2026-03-22T20:22:04.116693,2786.97,2733.58,143.31,-123.11000000000001,-89.92000000000002
2026-03-22T20:22:05.135906,2786.97,2733.58,143.31,-123.11000000000001,-89.92000000000002
2026-03-22T20:22:06.154817,2786.97,2733.58,143.31,-123.11000000000001,-89.92000000000002
2026-03-22T20:22:07.171736,2786.97,2733.58,143.31,-123.11000000000001,-89.92000000000002
2026-03-22T20:22:08.183970,2786.97,2733.58,143.31,-123.11000000000001,-89.92000000000002
2026-03-22T20:22:09.200378,2786.97,2733.58,143.31,-123.11000000000001,-89.92000000000002
2026-03-22T20:22:10.212235,2786.97,2733.58,143.31,-123.11000000000001,-89.92000000000002
2026-03-22T20:22:11.240324,2786.97,2733.58,143.31,-123.11000000000001,-89.92000000000002
2026-03-22T20:22:12.264459,2786.97,2733.58,143.31,-123.11000000000001,-89.92000000000002
2026-03-22T20:22:13.283234,2786.97,2733.58,143.31,-123.11000000000001,-89.92000000000002
2026-03-22T20:22:14.309925,2786.97,2733.58,143.31,-123.11000000000001,-89.92000000000002
2026-03-22T20:22:15.320743,2786.97,2733.58,143.31,-123.11000000000001,-89.92000000000002
2026-03-22T20:22:16.332600,2786.97,2733.58,143.31,-123.11000000000001,-89.92000000000002
2026-03-22T20:22:17.350424,2786.97,2733.58,143.31,-123.11000000000001,-89.92000000000002
2026-03-22T20:22:18.368961,2786.97,2733.58,143.31,-123.11000000000001,-89.92000000000002
2026-03-22T20:22:19.387595,2784.16,2733.58,143.31,-123.11000000000001,-92.72999999999999
2026-03-22T20:22:20.406102,2784.16,2733.58,143.31,-123.11000000000001,-92.72999999999999
2026-03-22T20:22:21.411821,2784.16,2733.58,143.31,-123.11000000000001,-92.72999999999999
2026-03-22T20:22:22.433842,2784.16,2733.58,143.31,-123.11000000000001,-92.72999999999999
2026-03-22T20:22:23.454183,2784.16,2733.58,143.31,-123.11000000000001,-92.72999999999999
2026-03-22T20:22:24.472315,2784.16,2733.58,143.31,-123.11000000000001,-92.72999999999999
2026-03-22T20:22:25.483122,2784.16,2733.58,143.31,-123.11000000000001,-92.72999999999999
2026-03-22T20:22:26.503231,2784.16,2733.58,143.31,-123.11000000000001,-92.72999999999999
2026-03-22T20:22:27.522977,2784.16,2733.58,143.31,-123.11000000000001,-92.72999999999999
2026-03-22T20:22:28.540718,2784.16,2733.58,143.31,-123.11000000000001,-92.72999999999999
2026-03-22T20:22:29.556949,2784.16,2733.58,143.31,-123.11000000000001,-92.72999999999999
2026-03-22T20:22:30.584589,2784.16,2733.58,143.31,-123.11000000000001,-92.72999999999999
2026-03-22T20:22:31.605055,2784.16,2733.58,143.31,-123.11000000000001,-92.72999999999999
2026-03-22T20:22:32.628183,2784.16,2733.58,143.31,-123.11000000000001,-92.72999999999999
2026-03-22T20:22:33.648608,2784.16,2733.58,143.31,-123.11000000000001,-92.72999999999999
2026-03-22T20:22:34.660016,2784.16,2733.58,143.31,-123.11000000000001,-92.72999999999999
2026-03-22T20:22:35.674924,2784.16,2733.58,143.31,-123.11000000000001,-92.72999999999999
2026-03-22T20:22:36.683029,2784.16,2733.58,143.31,-123.11000000000001,-92.72999999999999
2026-03-22T20:22:37.692338,2784.16,2733.58,143.31,-123.11000000000001,-92.72999999999999
2026-03-22T20:22:38.708599,2772.92,2733.58,143.31,-123.11000000000001,-103.97
2026-03-22T20:22:39.722674,2772.92,2733.58,143.31,-123.11000000000001,-103.97
2026-03-22T20:22:40.740701,2772.92,2733.58,143.31,-123.11000000000001,-103.97
2026-03-22T20:22:41.757728,2772.92,2733.58,143.31,-123.11000000000001,-103.97
2026-03-22T20:22:42.777103,2772.92,2733.58,143.31,-123.11000000000001,-103.97
2026-03-22T20:22:43.787593,2772.92,2733.58,143.31,-123.11000000000001,-103.97
2026-03-22T20:22:44.798139,2772.92,2733.58,143.31,-123.11000000000001,-103.97
2026-03-22T20:22:45.816052,2772.92,2733.58,143.31,-123.11000000000001,-103.97
2026-03-22T20:22:46.823817,2772.92,2733.58,143.31,-123.11000000000001,-103.97
2026-03-22T20:22:47.844953,2772.92,2733.58,143.31,-123.11000000000001,-103.97
2026-03-22T20:22:48.858623,2772.92,2733.58,143.31,-123.11000000000001,-103.97
2026-03-22T20:22:49.867348,2772.92,2733.58,143.31,-123.11000000000001,-103.97
2026-03-22T20:22:50.874171,2772.92,2733.58,143.31,-123.11000000000001,-103.97
2026-03-22T20:22:51.881382,2772.92,2733.58,143.31,-123.11000000000001,-103.97
2026-03-22T20:22:52.892661,2772.92,2733.58,143.31,-123.11000000000001,-103.97
2026-03-22T20:22:53.906588,2772.92,2733.58,143.31,-123.11000000000001,-103.97
2026-03-22T20:22:54.912214,2770.1099999999997,2733.58,143.31,-123.11000000000001,-106.78
2026-03-22T20:22:55.918077,2770.1099999999997,2733.58,143.31,-123.11000000000001,-106.78
2026-03-22T20:22:56.924556,2770.1099999999997,2733.58,143.31,-123.11000000000001,-106.78
2026-03-22T20:22:57.933381,2770.1099999999997,2733.58,143.31,-123.11000000000001,-106.78
2026-03-22T20:22:58.940125,2770.1099999999997,2733.58,143.31,-123.11000000000001,-106.78
2026-03-22T20:22:59.953459,2770.1099999999997,2733.58,143.31,-123.11000000000001,-106.78
2026-03-22T20:23:00.966771,2770.1099999999997,2733.58,143.31,-123.11000000000001,-106.78
2026-03-22T20:23:01.983383,2770.1099999999997,2733.58,143.31,-123.11000000000001,-106.78
2026-03-22T20:23:02.999945,2770.1099999999997,2733.58,143.31,-123.11000000000001,-106.78
2026-03-22T20:23:04.021453,2770.1099999999997,2733.58,143.31,-123.11000000000001,-106.78
2026-03-22T20:23:05.042850,2770.1099999999997,2733.58,143.31,-123.11000000000001,-106.78
2026-03-22T20:23:06.056562,2770.1099999999997,2733.58,143.31,-123.11000000000001,-106.78
2026-03-22T20:23:07.077124,2770.1099999999997,2733.58,143.31,-123.11000000000001,-106.78
2026-03-22T20:23:08.115590,2753.25,2733.58,143.31,-123.11000000000001,-123.64000000000001
2026-03-22T20:23:09.125579,2753.25,2733.58,143.31,-123.11000000000001,-123.64000000000001
2026-03-22T20:23:10.140749,2753.25,2733.58,143.31,-123.11000000000001,-123.64000000000001
2026-03-22T20:23:11.149323,2753.25,2733.58,143.31,-123.11000000000001,-123.64000000000001
2026-03-22T20:23:12.158911,2753.25,2733.58,143.31,-123.11000000000001,-123.64000000000001
2026-03-22T20:23:13.167708,2753.25,2733.58,143.31,-123.11000000000001,-123.64000000000001
2026-03-22T20:23:14.173570,2753.25,2733.58,143.31,-123.11000000000001,-123.64000000000001
2026-03-22T20:23:15.183789,2753.25,2733.58,143.31,-123.11000000000001,-123.64000000000001
2026-03-22T20:23:16.192349,2753.25,2733.58,143.31,-123.11000000000001,-123.64000000000001
2026-03-22T20:23:17.201383,2753.25,2733.58,143.31,-123.11000000000001,-123.64000000000001
2026-03-22T20:23:18.215391,2753.25,2733.58,143.31,-123.11000000000001,-123.64000000000001
2026-03-22T20:23:19.226320,2753.25,2733.58,143.31,-123.11000000000001,-123.64000000000001
2026-03-22T20:23:20.246903,2753.25,2733.58,143.31,-123.11000000000001,-123.64000000000001
2026-03-22T20:23:21.258781,2753.25,2733.58,143.31,-123.11000000000001,-123.64000000000001
2026-03-22T20:23:22.265523,2758.87,2733.58,143.31,-123.11000000000001,-118.02000000000001
2026-03-22T20:23:23.275560,2758.87,2733.58,143.31,-123.11000000000001,-118.02000000000001
2026-03-22T20:23:24.284275,2758.87,2733.58,143.31,-123.11000000000001,-118.02000000000001
2026-03-22T20:23:25.299536,2758.87,2733.58,143.31,-123.11000000000001,-118.02000000000001
2026-03-22T20:23:26.315614,2758.87,2733.58,143.31,-123.11000000000001,-118.02000000000001
2026-03-22T20:23:27.324415,2758.87,2733.58,143.31,-123.11000000000001,-118.02000000000001
2026-03-22T20:23:28.333293,2758.87,2733.58,143.31,-123.11000000000001,-118.02000000000001
2026-03-22T20:23:29.342065,2758.87,2733.58,143.31,-123.11000000000001,-118.02000000000001
2026-03-22T20:23:30.359003,2758.87,2733.58,143.31,-123.11000000000001,-118.02000000000001
2026-03-22T20:23:31.366459,2758.87,2733.58,143.31,-123.11000000000001,-118.02000000000001
2026-03-22T20:23:32.382316,2758.87,2733.58,143.31,-123.11000000000001,-118.02000000000001
2026-03-22T20:23:33.399346,2758.87,2733.58,143.31,-123.11000000000001,-118.02000000000001
2026-03-22T20:23:34.407309,2758.87,2733.58,143.31,-123.11000000000001,-118.02000000000001
2026-03-22T20:23:35.425477,2758.87,2733.58,143.31,-123.11000000000001,-118.02000000000001
2026-03-22T20:23:36.450744,2758.87,2733.58,143.31,-123.11000000000001,-118.02000000000001
2026-03-22T20:23:37.466979,2758.87,2733.58,143.31,-123.11000000000001,-118.02000000000001
2026-03-22T20:23:38.475621,2758.87,2733.58,143.31,-123.11000000000001,-118.02000000000001
2026-03-22T20:23:39.483740,2758.87,2733.58,143.31,-123.11000000000001,-118.02000000000001
2026-03-22T20:23:40.499881,2758.87,2733.58,143.31,-123.11000000000001,-118.02000000000001
2026-03-22T20:23:41.514364,2758.87,2733.58,143.31,-123.11000000000001,-118.02000000000001
2026-03-22T20:23:42.534296,2758.87,2733.58,143.31,-123.11000000000001,-118.02000000000001
2026-03-22T20:23:43.545395,2758.87,2733.58,143.31,-123.11000000000001,-118.02000000000001
2026-03-22T20:23:44.558993,2758.87,2733.58,143.31,-123.11000000000001,-118.02000000000001
2026-03-22T20:23:45.583027,2758.87,2733.58,143.31,-123.11000000000001,-118.02000000000001
2026-03-22T20:23:46.601844,2758.87,2733.58,143.31,-123.11000000000001,-118.02000000000001
2026-03-22T20:23:47.617447,2758.87,2733.58,143.31,-123.11000000000001,-118.02000000000001
2026-03-22T20:23:48.634368,2758.87,2733.58,143.31,-123.11000000000001,-118.02000000000001
2026-03-22T20:23:49.641775,2758.87,2733.58,143.31,-123.11000000000001,-118.02000000000001
2026-03-22T20:23:50.651188,2758.87,2733.58,143.31,-123.11000000000001,-118.02000000000001
2026-03-22T20:23:51.658817,2758.87,2733.58,143.31,-123.11000000000001,-118.02000000000001
2026-03-22T20:23:52.666625,2758.87,2733.58,143.31,-123.11000000000001,-118.02000000000001
2026-03-22T20:23:53.672642,2758.87,2733.58,143.31,-123.11000000000001,-118.02000000000001
2026-03-22T20:23:54.683711,2758.87,2733.58,143.31,-123.11000000000001,-118.02000000000001
2026-03-22T20:23:55.691853,2756.06,2733.58,143.31,-123.11000000000001,-120.83000000000001
2026-03-22T20:23:56.701306,2756.06,2733.58,143.31,-123.11000000000001,-120.83000000000001
2026-03-22T20:23:57.709614,2756.06,2733.58,143.31,-123.11000000000001,-120.83000000000001
2026-03-22T20:23:58.733265,2756.06,2733.58,143.31,-123.11000000000001,-120.83000000000001
2026-03-22T20:23:59.759576,2756.06,2733.58,143.31,-123.11000000000001,-120.83000000000001
2026-03-22T20:24:00.782419,2756.06,2733.58,143.31,-123.11000000000001,-120.83000000000001
2026-03-22T20:24:01.798080,2756.06,2733.58,143.31,-123.11000000000001,-120.83000000000001
2026-03-22T20:24:02.819003,2756.06,2733.58,143.31,-123.11000000000001,-120.83000000000001
2026-03-22T20:24:03.832213,2756.06,2733.58,143.31,-123.11000000000001,-120.83000000000001
2026-03-22T20:24:04.854600,2756.06,2733.58,143.31,-123.11000000000001,-120.83000000000001
2026-03-22T20:24:05.866055,2756.06,2733.58,143.31,-123.11000000000001,-120.83000000000001
2026-03-22T20:24:06.890340,2756.06,2733.58,143.31,-123.11000000000001,-120.83000000000001
2026-03-22T20:24:07.900729,2756.06,2733.58,143.31,-123.11000000000001,-120.83000000000001
2026-03-22T20:24:08.906961,2756.06,2733.58,143.31,-123.11000000000001,-120.83000000000001
2026-03-22T20:24:09.933126,2756.06,2733.58,143.31,-123.11000000000001,-120.83000000000001
2026-03-22T20:24:10.952397,2756.06,2733.58,143.31,-123.11000000000001,-120.83000000000001
2026-03-22T20:24:11.958812,2753.25,2733.58,143.31,-123.11000000000001,-123.64000000000001
2026-03-22T20:24:12.976839,2753.25,2733.58,143.31,-123.11000000000001,-123.64000000000001
2026-03-22T20:24:13.995281,2753.25,2733.58,143.31,-123.11000000000001,-123.64000000000001
2026-03-22T20:24:15.009021,2753.25,2733.58,143.31,-123.11000000000001,-123.64000000000001
2026-03-22T20:24:16.032117,2753.25,2733.58,143.31,-123.11000000000001,-123.64000000000001
2026-03-22T20:24:17.052020,2753.25,2733.58,143.31,-123.11000000000001,-123.64000000000001
2026-03-22T20:24:18.057622,2753.25,2733.58,143.31,-123.11000000000001,-123.64000000000001
2026-03-22T20:24:19.074041,2753.25,2733.58,143.31,-123.11000000000001,-123.64000000000001
2026-03-22T20:24:20.085910,2753.25,2733.58,143.31,-123.11000000000001,-123.64000000000001
2026-03-22T20:24:21.092736,2753.25,2733.58,143.31,-123.11000000000001,-123.64000000000001
2026-03-22T20:24:22.113028,2753.25,2733.58,143.31,-123.11000000000001,-123.64000000000001
2026-03-22T20:24:23.135067,2753.25,2733.58,143.31,-123.11000000000001,-123.64000000000001
2026-03-22T20:24:24.156993,2753.25,2733.58,143.31,-123.11000000000001,-123.64000000000001
2026-03-22T20:24:25.169482,2753.25,2733.58,143.31,-123.11000000000001,-123.64000000000001
2026-03-22T20:24:26.176986,2753.25,2733.58,143.31,-123.11000000000001,-123.64000000000001
2026-03-22T20:24:27.185904,2753.25,2733.58,143.31,-123.11000000000001,-123.64000000000001
2026-03-22T20:24:28.200633,2753.25,2733.58,143.31,-123.11000000000001,-123.64000000000001
2026-03-22T20:24:29.214440,2753.25,2733.58,143.31,-123.11000000000001,-123.64000000000001
2026-03-22T20:24:30.221504,2753.25,2733.58,143.31,-123.11000000000001,-123.64000000000001
2026-03-22T20:24:31.237438,2753.25,2733.58,143.31,-123.11000000000001,-123.64000000000001
2026-03-22T20:24:32.250911,2753.25,2733.58,143.31,-123.11000000000001,-123.64000000000001
2026-03-22T20:24:33.264974,2753.25,2733.58,143.31,-123.11000000000001,-123.64000000000001
2026-03-22T20:24:34.286972,2753.25,2733.58,143.31,-123.11000000000001,-123.64000000000001
2026-03-22T20:24:35.299748,2753.25,2733.58,143.31,-123.11000000000001,-123.64000000000001
2026-03-22T20:24:36.308741,2753.25,2733.58,143.31,-123.11000000000001,-123.64000000000001
2026-03-22T20:24:37.325737,2753.25,2733.58,143.31,-123.11000000000001,-123.64000000000001
2026-03-22T20:24:38.340780,2753.25,2733.58,143.31,-123.11000000000001,-123.64000000000001
2026-03-22T20:24:39.354161,2753.25,2733.58,143.31,-123.11000000000001,-123.64000000000001
2026-03-22T20:24:40.365485,2753.25,2733.58,143.31,-123.11000000000001,-123.64000000000001
2026-03-22T20:24:41.389926,2753.25,2733.58,143.31,-123.11000000000001,-123.64000000000001
2026-03-22T20:24:42.408749,2753.25,2733.58,143.31,-123.11000000000001,-123.64000000000001
2026-03-22T20:24:43.419306,2753.25,2733.58,143.31,-123.11000000000001,-123.64000000000001
2026-03-22T20:24:44.433262,2753.25,2733.58,143.31,-123.11000000000001,-123.64000000000001
2026-03-22T20:24:45.445621,2753.25,2733.58,143.31,-123.11000000000001,-123.64000000000001
2026-03-22T20:24:46.463018,2753.25,2733.58,143.31,-123.11000000000001,-123.64000000000001
2026-03-22T20:24:47.476763,2753.25,2733.58,143.31,-123.11000000000001,-123.64000000000001
2026-03-22T20:24:48.496298,2753.25,2733.58,143.31,-123.11000000000001,-123.64000000000001
2026-03-22T20:24:49.508700,2753.25,2733.58,143.31,-123.11000000000001,-123.64000000000001
2026-03-22T20:24:50.518716,2753.25,2733.58,143.31,-123.11000000000001,-123.64000000000001
2026-03-22T20:24:51.532808,2753.25,2733.58,143.31,-123.11000000000001,-123.64000000000001
2026-03-22T20:24:52.548314,2753.25,2733.58,143.31,-123.11000000000001,-123.64000000000001
2026-03-22T20:24:53.557073,2753.25,2733.58,143.31,-123.11000000000001,-123.64000000000001
2026-03-22T20:24:54.582218,2753.25,2733.58,143.31,-123.11000000000001,-123.64000000000001
2026-03-22T20:24:55.600674,2753.25,2733.58,143.31,-123.11000000000001,-123.64000000000001
2026-03-22T20:24:56.633729,2753.25,2733.58,143.31,-123.11000000000001,-123.64000000000001
2026-03-22T20:24:57.653601,2753.25,2733.58,143.31,-123.11000000000001,-123.64000000000001
2026-03-22T20:24:58.660470,2753.25,2733.58,143.31,-123.11000000000001,-123.64000000000001
2026-03-22T20:24:59.672403,2753.25,2733.58,143.31,-123.11000000000001,-123.64000000000001
2026-03-22T20:25:00.686053,2753.25,2733.58,143.31,-123.11000000000001,-123.64000000000001
2026-03-22T20:25:01.704981,2753.25,2733.58,143.31,-123.11000000000001,-123.64000000000001
2026-03-22T20:25:02.728314,2753.25,2733.58,143.31,-123.11000000000001,-123.64000000000001
2026-03-22T20:25:03.741496,2753.25,2733.58,143.31,-123.11000000000001,-123.64000000000001
2026-03-22T20:25:04.758736,2753.25,2733.58,143.31,-123.11000000000001,-123.64000000000001
2026-03-22T20:25:05.764933,2753.25,2733.58,143.31,-123.11000000000001,-123.64000000000001
2026-03-22T20:25:06.782650,2753.25,2733.58,143.31,-123.11000000000001,-123.64000000000001
2026-03-22T20:25:07.800748,2753.25,2733.58,143.31,-123.11000000000001,-123.64000000000001
2026-03-22T20:25:08.808890,2753.25,2733.58,143.31,-123.11000000000001,-123.64000000000001
2026-03-22T20:25:09.830526,2753.25,2733.58,143.31,-123.11000000000001,-123.64000000000001
2026-03-22T20:25:10.843724,2753.2499999999995,2597.3599999999997,279.53,-123.11000000000001,-123.64000000000001
2026-03-22T20:25:11.865057,2753.2499999999995,2597.3599999999997,279.53,-123.11000000000001,-123.64000000000001
2026-03-22T20:25:12.875886,2753.2499999999995,2597.3599999999997,279.53,-123.11000000000001,-123.64000000000001
2026-03-22T20:25:13.893496,2752.03,2596.1400000000003,279.53,-124.33000000000001,-123.64000000000001
2026-03-22T20:25:14.909429,2752.03,2596.1400000000003,279.53,-124.33000000000001,-123.64000000000001
2026-03-22T20:25:15.925399,2752.03,2596.1400000000003,279.53,-124.33000000000001,-123.64000000000001
2026-03-22T20:25:16.939284,2752.03,2596.1400000000003,279.53,-124.33000000000001,-123.64000000000001
2026-03-22T20:25:17.950515,2752.03,2596.1400000000003,279.53,-124.33000000000001,-123.64000000000001
2026-03-22T20:25:18.956753,2752.03,2596.1400000000003,279.53,-124.33000000000001,-123.64000000000001
2026-03-22T20:25:19.963266,2752.03,2596.1400000000003,279.53,-124.33000000000001,-123.64000000000001
2026-03-22T20:25:20.982341,2752.03,2596.1400000000003,279.53,-124.33000000000001,-123.64000000000001
2026-03-22T20:25:22.010158,2752.03,2596.1400000000003,279.53,-124.33000000000001,-123.64000000000001
2026-03-22T20:25:23.018503,2752.03,2596.1400000000003,279.53,-124.33000000000001,-123.64000000000001
2026-03-22T20:25:24.029714,2754.81,2596.1400000000003,279.53,-124.33000000000001,-120.86000000000001
2026-03-22T20:25:25.048455,2754.81,2596.1400000000003,279.53,-124.33000000000001,-120.86000000000001
2026-03-22T20:25:26.059859,2754.81,2596.1400000000003,279.53,-124.33000000000001,-120.86000000000001
2026-03-22T20:25:27.079472,2754.81,2596.1400000000003,279.53,-124.33000000000001,-120.86000000000001
2026-03-22T20:25:28.095415,2754.81,2596.1400000000003,279.53,-124.33000000000001,-120.86000000000001
2026-03-22T20:25:29.101738,2754.81,2596.1400000000003,279.53,-124.33000000000001,-120.86000000000001
2026-03-22T20:25:30.111472,2754.81,2596.1400000000003,279.53,-124.33000000000001,-120.86000000000001
2026-03-22T20:25:31.124660,2754.81,2596.1400000000003,279.53,-124.33000000000001,-120.86000000000001
2026-03-22T20:25:32.134744,2754.81,2596.1400000000003,279.53,-124.33000000000001,-120.86000000000001
2026-03-22T20:25:33.148301,2754.81,2596.1400000000003,279.53,-124.33000000000001,-120.86000000000001
2026-03-22T20:25:34.164190,2754.81,2596.1400000000003,279.53,-124.33000000000001,-120.86000000000001
2026-03-22T20:25:35.180847,2754.81,2596.1400000000003,279.53,-124.33000000000001,-120.86000000000001
2026-03-22T20:25:36.186553,2754.81,2596.1400000000003,279.53,-124.33000000000001,-120.86000000000001
2026-03-22T20:25:37.197558,2754.81,2596.1400000000003,279.53,-124.33000000000001,-120.86000000000001
2026-03-22T20:25:38.218038,2749.25,2596.1400000000003,279.53,-124.33000000000001,-126.42000000000002
2026-03-22T20:25:39.228148,2749.25,2596.1400000000003,279.53,-124.33000000000001,-126.42000000000002
2026-03-22T20:25:40.246583,2749.25,2596.1400000000003,279.53,-124.33000000000001,-126.42000000000002
2026-03-22T20:25:41.259419,2749.25,2596.1400000000003,279.53,-124.33000000000001,-126.42000000000002
2026-03-22T20:25:42.278104,2749.25,2596.1400000000003,279.53,-124.33000000000001,-126.42000000000002
2026-03-22T20:25:43.286640,2749.25,2596.1400000000003,279.53,-124.33000000000001,-126.42000000000002
2026-03-22T20:25:44.303839,2749.25,2596.1400000000003,279.53,-124.33000000000001,-126.42000000000002
2026-03-22T20:25:45.315544,2749.25,2596.1400000000003,279.53,-124.33000000000001,-126.42000000000002
2026-03-22T20:25:46.326381,2749.25,2596.1400000000003,279.53,-124.33000000000001,-126.42000000000002
2026-03-22T20:25:47.349990,2749.25,2596.1400000000003,279.53,-124.33000000000001,-126.42000000000002
2026-03-22T20:25:48.361434,2749.25,2596.1400000000003,279.53,-124.33000000000001,-126.42000000000002
2026-03-22T20:25:49.401342,2749.25,2596.1400000000003,279.53,-124.33000000000001,-126.42000000000002
2026-03-22T20:25:50.409861,2749.25,2596.1400000000003,279.53,-124.33000000000001,-126.42000000000002
2026-03-22T20:25:51.419646,2749.25,2729.58,143.31,-127.11000000000001,-123.64000000000001
2026-03-22T20:25:52.436795,2749.25,2729.58,143.31,-127.11000000000001,-123.64000000000001
2026-03-22T20:25:53.455964,2749.25,2729.58,143.31,-127.11000000000001,-123.64000000000001
2026-03-22T20:25:54.474650,2749.25,2729.58,143.31,-127.11000000000001,-123.64000000000001
2026-03-22T20:25:55.492524,2749.25,2729.58,143.31,-127.11000000000001,-123.64000000000001
2026-03-22T20:25:56.507602,2749.25,2729.58,143.31,-127.11000000000001,-123.64000000000001
2026-03-22T20:25:57.520022,2749.25,2729.58,143.31,-127.11000000000001,-123.64000000000001
2026-03-22T20:25:58.528810,2749.25,2729.58,143.31,-127.11000000000001,-123.64000000000001
2026-03-22T20:25:59.551153,2749.25,2729.58,143.31,-127.11000000000001,-123.64000000000001
2026-03-22T20:26:00.570198,2749.25,2729.58,143.31,-127.11000000000001,-123.64000000000001
2026-03-22T20:26:01.589607,2749.25,2729.58,143.31,-127.11000000000001,-123.64000000000001
2026-03-22T20:26:02.609732,2749.25,2729.58,143.31,-127.11000000000001,-123.64000000000001
2026-03-22T20:26:03.626817,2749.25,2729.58,143.31,-127.11000000000001,-123.64000000000001
2026-03-22T20:26:04.647601,2749.25,2729.58,143.31,-127.11000000000001,-123.64000000000001
2026-03-22T20:26:05.658402,2749.25,2729.58,143.31,-127.11000000000001,-123.64000000000001
2026-03-22T20:26:06.670626,2749.25,2729.58,143.31,-127.11000000000001,-123.64000000000001
2026-03-22T20:26:07.686485,2749.25,2729.58,143.31,-127.11000000000001,-123.64000000000001
2026-03-22T20:26:08.698206,2749.25,2729.58,143.31,-127.11000000000001,-123.64000000000001
2026-03-22T20:26:09.712929,2749.25,2729.58,143.31,-127.11000000000001,-123.64000000000001
2026-03-22T20:26:10.719549,2749.25,2729.58,143.31,-127.11000000000001,-123.64000000000001
2026-03-22T20:26:11.740322,2749.25,2729.58,143.31,-127.11000000000001,-123.64000000000001
2026-03-22T20:26:12.757675,2749.25,2729.58,143.31,-127.11000000000001,-123.64000000000001
2026-03-22T20:26:13.765603,2749.25,2729.58,143.31,-127.11000000000001,-123.64000000000001
2026-03-22T20:26:14.791159,2749.25,2729.58,143.31,-127.11000000000001,-123.64000000000001
2026-03-22T20:26:15.797079,2749.25,2729.58,143.31,-127.11000000000001,-123.64000000000001
2026-03-22T20:26:16.818121,2749.25,2729.58,143.31,-127.11000000000001,-123.64000000000001
2026-03-22T20:26:17.837708,2749.25,2729.58,143.31,-127.11000000000001,-123.64000000000001
2026-03-22T20:26:18.845778,2749.25,2729.58,143.31,-127.11000000000001,-123.64000000000001
2026-03-22T20:26:19.866105,2749.25,2729.58,143.31,-127.11000000000001,-123.64000000000001
2026-03-22T20:26:20.884254,2749.25,2729.58,143.31,-127.11000000000001,-123.64000000000001
2026-03-22T20:26:21.905569,2749.25,2729.58,143.31,-127.11000000000001,-123.64000000000001
2026-03-22T20:26:22.918062,2746.44,2729.58,143.31,-127.11000000000001,-126.44999999999999
2026-03-22T20:26:23.935104,2746.44,2729.58,143.31,-127.11000000000001,-126.44999999999999
2026-03-22T20:26:24.946068,2746.44,2729.58,143.31,-127.11000000000001,-126.44999999999999
2026-03-22T20:26:25.962640,2746.44,2729.58,143.31,-127.11000000000001,-126.44999999999999
2026-03-22T20:26:26.977034,2746.44,2729.58,143.31,-127.11000000000001,-126.44999999999999
2026-03-22T20:26:27.997422,2746.44,2729.58,143.31,-127.11000000000001,-126.44999999999999
2026-03-22T20:26:29.009127,2746.44,2729.58,143.31,-127.11000000000001,-126.44999999999999
2026-03-22T20:26:30.023528,2746.44,2729.58,143.31,-127.11000000000001,-126.44999999999999
2026-03-22T20:26:31.041199,2746.44,2729.58,143.31,-127.11000000000001,-126.44999999999999
2026-03-22T20:26:32.059591,2746.44,2729.58,143.31,-127.11000000000001,-126.44999999999999
2026-03-22T20:26:33.074122,2746.44,2729.58,143.31,-127.11000000000001,-126.44999999999999
2026-03-22T20:26:34.092382,2746.44,2729.58,143.31,-127.11000000000001,-126.44999999999999
2026-03-22T20:26:35.099755,2746.44,2729.58,143.31,-127.11000000000001,-126.44999999999999
2026-03-22T20:26:36.109285,2746.44,2729.58,143.31,-127.11000000000001,-126.44999999999999
2026-03-22T20:26:37.127339,2746.44,2729.58,143.31,-127.11000000000001,-126.44999999999999
2026-03-22T20:26:38.140948,2746.44,2729.58,143.31,-127.11000000000001,-126.44999999999999
2026-03-22T20:26:39.160327,2746.44,2729.58,143.31,-127.11000000000001,-126.44999999999999
2026-03-22T20:26:40.172922,2746.44,2729.58,143.31,-127.11000000000001,-126.44999999999999
2026-03-22T20:26:41.197847,2746.44,2729.58,143.31,-127.11000000000001,-126.44999999999999
2026-03-22T20:26:42.208914,2746.44,2729.58,143.31,-127.11000000000001,-126.44999999999999
2026-03-22T20:26:43.226259,2746.44,2729.58,143.31,-127.11000000000001,-126.44999999999999
2026-03-22T20:26:44.266412,2746.44,2729.58,143.31,-127.11000000000001,-126.44999999999999
2026-03-22T20:26:45.274375,2746.44,2729.58,143.31,-127.11000000000001,-126.44999999999999
2026-03-22T20:26:46.282912,2746.44,2729.58,143.31,-127.11000000000001,-126.44999999999999
2026-03-22T20:26:47.291012,2746.44,2729.58,143.31,-127.11000000000001,-126.44999999999999
2026-03-22T20:26:48.309630,2746.44,2729.58,143.31,-127.11000000000001,-126.44999999999999
2026-03-22T20:26:49.319147,2746.44,2729.58,143.31,-127.11000000000001,-126.44999999999999
2026-03-22T20:26:50.333254,2746.44,2729.58,143.31,-127.11000000000001,-126.44999999999999
2026-03-22T20:26:51.350537,2746.44,2729.58,143.31,-127.11000000000001,-126.44999999999999
2026-03-22T20:26:52.373472,2746.44,2729.58,143.31,-127.11000000000001,-126.44999999999999
2026-03-22T20:26:53.385853,2746.44,2729.58,143.31,-127.11000000000001,-126.44999999999999
2026-03-22T20:26:54.398717,2746.44,2729.58,143.31,-127.11000000000001,-126.44999999999999
2026-03-22T20:26:55.413455,2746.44,2729.58,143.31,-127.11000000000001,-126.44999999999999
2026-03-22T20:26:56.425720,2746.44,2729.58,143.31,-127.11000000000001,-126.44999999999999
2026-03-22T20:26:57.443986,2746.44,2729.58,143.31,-127.11000000000001,-126.44999999999999
2026-03-22T20:26:58.451276,2746.44,2729.58,143.31,-127.11000000000001,-126.44999999999999
2026-03-22T20:26:59.457369,2746.44,2729.58,143.31,-127.11000000000001,-126.44999999999999
2026-03-22T20:27:00.466896,2746.44,2729.58,143.31,-127.11000000000001,-126.44999999999999
2026-03-22T20:27:01.486132,2746.44,2729.58,143.31,-127.11000000000001,-126.44999999999999
2026-03-22T20:27:02.499693,2746.44,2729.58,143.31,-127.11000000000001,-126.44999999999999
2026-03-22T20:27:03.509488,2746.44,2729.58,143.31,-127.11000000000001,-126.44999999999999
2026-03-22T20:27:04.515971,2746.44,2729.58,143.31,-127.11000000000001,-126.44999999999999
2026-03-22T20:27:05.522927,2746.44,2729.58,143.31,-127.11000000000001,-126.44999999999999
2026-03-22T20:27:06.531032,2746.44,2729.58,143.31,-127.11000000000001,-126.44999999999999
2026-03-22T20:27:07.544359,2746.44,2729.58,143.31,-127.11000000000001,-126.44999999999999
2026-03-22T20:27:08.558082,2746.44,2729.58,143.31,-127.11000000000001,-126.44999999999999
2026-03-22T20:27:09.567997,2746.44,2729.58,143.31,-127.11000000000001,-126.44999999999999
2026-03-22T20:27:10.576231,2746.44,2729.58,143.31,-127.11000000000001,-126.44999999999999
2026-03-22T20:27:11.608260,2746.44,2729.58,143.31,-127.11000000000001,-126.44999999999999
2026-03-22T20:27:12.627179,2746.44,2729.58,143.31,-127.11000000000001,-126.44999999999999
2026-03-22T20:27:13.641153,2746.44,2729.58,143.31,-127.11000000000001,-126.44999999999999
2026-03-22T20:27:14.658871,2746.44,2729.58,143.31,-127.11000000000001,-126.44999999999999
2026-03-22T20:27:15.674691,2746.44,2729.58,143.31,-127.11000000000001,-126.44999999999999
2026-03-22T20:27:16.688636,2746.44,2729.58,143.31,-127.11000000000001,-126.44999999999999
2026-03-22T20:27:17.696894,2746.44,2729.58,143.31,-127.11000000000001,-126.44999999999999
2026-03-22T20:27:18.711168,2746.44,2729.58,143.31,-127.11000000000001,-126.44999999999999
2026-03-22T20:27:19.738931,2746.44,2729.58,143.31,-127.11000000000001,-126.44999999999999
2026-03-22T20:27:20.760502,2746.44,2729.58,143.31,-127.11000000000001,-126.44999999999999
2026-03-22T20:27:21.774311,2746.44,2729.58,143.31,-127.11000000000001,-126.44999999999999
2026-03-22T20:27:22.784771,2746.44,2729.58,143.31,-127.11000000000001,-126.44999999999999
2026-03-22T20:27:23.799234,2746.44,2729.58,143.31,-127.11000000000001,-126.44999999999999
2026-03-22T20:27:24.819670,2746.44,2729.58,143.31,-127.11000000000001,-126.44999999999999
2026-03-22T20:27:25.833282,2746.44,2729.58,143.31,-127.11000000000001,-126.44999999999999
2026-03-22T20:27:26.853708,2746.44,2729.58,143.31,-127.11000000000001,-126.44999999999999
2026-03-22T20:27:27.871229,2746.44,2729.58,143.31,-127.11000000000001,-126.44999999999999
2026-03-22T20:27:28.885518,2746.44,2729.58,143.31,-127.11000000000001,-126.44999999999999
2026-03-22T20:27:29.896958,2746.44,2729.58,143.31,-127.11000000000001,-126.44999999999999
2026-03-22T20:27:30.914075,2746.44,2729.58,143.31,-127.11000000000001,-126.44999999999999
2026-03-22T20:27:31.921598,2746.44,2729.58,143.31,-127.11000000000001,-126.44999999999999
2026-03-22T20:27:32.944396,2746.44,2729.58,143.31,-127.11000000000001,-126.44999999999999
2026-03-22T20:27:33.967835,2746.44,2729.58,143.31,-127.11000000000001,-126.44999999999999
2026-03-22T20:27:34.994536,2746.44,2729.58,143.31,-127.11000000000001,-126.44999999999999
2026-03-22T20:27:36.009826,2746.44,2729.58,143.31,-127.11000000000001,-126.44999999999999
2026-03-22T20:27:37.033490,2746.44,2729.58,143.31,-127.11000000000001,-126.44999999999999
2026-03-22T20:27:38.075011,2746.44,2729.58,143.31,-127.11000000000001,-126.44999999999999
2026-03-22T20:27:39.082462,2746.44,2729.58,143.31,-127.11000000000001,-126.44999999999999
2026-03-22T20:27:40.092518,2746.44,2729.58,143.31,-127.11000000000001,-126.44999999999999
2026-03-22T20:27:41.112269,2746.44,2729.58,143.31,-127.11000000000001,-126.44999999999999
2026-03-22T20:27:42.129969,2746.44,2729.58,143.31,-127.11000000000001,-126.44999999999999
2026-03-22T20:27:43.146272,2746.44,2729.58,143.31,-127.11000000000001,-126.44999999999999
2026-03-22T20:27:44.159344,2746.44,2729.58,143.31,-127.11000000000001,-126.44999999999999
2026-03-22T20:27:45.169244,2746.44,2729.58,143.31,-127.11000000000001,-126.44999999999999
2026-03-22T20:27:46.182819,2746.44,2729.58,143.31,-127.11000000000001,-126.44999999999999
2026-03-22T20:27:47.225870,2746.44,2729.58,143.31,-127.11000000000001,-126.44999999999999
2026-03-22T20:27:48.257709,2746.44,2729.58,143.31,-127.11000000000001,-126.44999999999999
2026-03-22T20:27:49.269050,2746.44,2729.58,143.31,-127.11000000000001,-126.44999999999999
2026-03-22T20:27:50.291550,2746.44,2729.58,143.31,-127.11000000000001,-126.44999999999999
2026-03-22T20:27:51.308789,2746.44,2729.58,143.31,-127.11000000000001,-126.44999999999999
2026-03-22T20:27:52.328253,2746.44,2729.58,143.31,-127.11000000000001,-126.44999999999999
2026-03-22T20:27:53.333533,2746.44,2729.58,143.31,-127.11000000000001,-126.44999999999999
2026-03-22T20:27:54.354749,2746.44,2729.58,143.31,-127.11000000000001,-126.44999999999999
2026-03-22T20:27:55.370121,2746.44,2729.58,143.31,-127.11000000000001,-126.44999999999999
2026-03-22T20:27:56.388558,2746.44,2729.58,143.31,-127.11000000000001,-126.44999999999999
2026-03-22T20:27:57.397341,2746.44,2729.58,143.31,-127.11000000000001,-126.44999999999999
2026-03-22T20:27:58.422912,2746.44,2729.58,143.31,-127.11000000000001,-126.44999999999999
2026-03-22T20:27:59.443269,2746.44,2729.58,143.31,-127.11000000000001,-126.44999999999999
2026-03-22T20:28:00.456488,2746.44,2729.58,143.31,-127.11000000000001,-126.44999999999999
2026-03-22T20:28:01.474520,2746.44,2729.58,143.31,-127.11000000000001,-126.44999999999999
2026-03-22T20:28:02.493571,2746.44,2729.58,143.31,-127.11000000000001,-126.44999999999999
2026-03-22T20:28:03.512644,2746.44,2729.58,143.31,-127.11000000000001,-126.44999999999999
2026-03-22T20:28:04.524981,2746.44,2729.58,143.31,-127.11000000000001,-126.44999999999999
2026-03-22T20:28:05.551023,2746.44,2729.58,143.31,-127.11000000000001,-126.44999999999999
2026-03-22T20:28:06.559023,2746.44,2729.58,143.31,-127.11000000000001,-126.44999999999999
2026-03-22T20:28:07.581611,2746.44,2729.58,143.31,-127.11000000000001,-126.44999999999999
2026-03-22T20:28:08.592899,2746.44,2729.58,143.31,-127.11000000000001,-126.44999999999999
2026-03-22T20:28:09.613852,2746.44,2729.58,143.31,-127.11000000000001,-126.44999999999999
2026-03-22T20:28:10.630935,2746.44,2729.58,143.31,-127.11000000000001,-126.44999999999999
2026-03-22T20:28:11.659052,2746.44,2729.58,143.31,-127.11000000000001,-126.44999999999999
2026-03-22T20:28:12.673406,2746.44,2729.58,143.31,-127.11000000000001,-126.44999999999999
2026-03-22T20:28:13.690796,2746.44,2729.58,143.31,-127.11000000000001,-126.44999999999999
2026-03-22T20:28:14.708871,2746.44,2729.58,143.31,-127.11000000000001,-126.44999999999999
2026-03-22T20:28:15.729055,2746.44,2729.58,143.31,-127.11000000000001,-126.44999999999999
2026-03-22T20:28:16.748893,2746.44,2729.58,143.31,-127.11000000000001,-126.44999999999999
2026-03-22T20:28:17.760157,2746.44,2729.58,143.31,-127.11000000000001,-126.44999999999999
2026-03-22T20:28:18.781005,2746.44,2729.58,143.31,-127.11000000000001,-126.44999999999999
2026-03-22T20:28:19.791194,2746.44,2729.58,143.31,-127.11000000000001,-126.44999999999999
2026-03-22T20:28:20.810748,2746.44,2729.58,143.31,-127.11000000000001,-126.44999999999999
2026-03-22T20:28:21.828249,2746.44,2593.23,279.65999999999997,-127.11000000000001,-126.44999999999999
2026-03-22T20:28:22.843579,2746.44,2593.23,279.65999999999997,-127.11000000000001,-126.44999999999999
2026-03-22T20:28:23.858545,2745.1200000000003,2591.9100000000003,279.65999999999997,-128.43,-126.44999999999999
2026-03-22T20:28:24.872224,2745.1200000000003,2591.9100000000003,279.65999999999997,-128.43,-126.44999999999999
2026-03-22T20:28:25.883764,2745.1200000000003,2591.9100000000003,279.65999999999997,-128.43,-126.44999999999999
2026-03-22T20:28:26.902496,2745.1200000000003,2591.9100000000003,279.65999999999997,-128.43,-126.44999999999999
2026-03-22T20:28:27.914555,2745.1200000000003,2591.9100000000003,279.65999999999997,-128.43,-126.44999999999999
2026-03-22T20:28:28.930250,2745.1200000000003,2591.9100000000003,279.65999999999997,-128.43,-126.44999999999999
2026-03-22T20:28:29.948550,2745.1200000000003,2591.9100000000003,279.65999999999997,-128.43,-126.44999999999999
2026-03-22T20:28:30.986133,2745.1200000000003,2591.9100000000003,279.65999999999997,-128.43,-126.44999999999999
2026-03-22T20:28:32.009148,2745.1200000000003,2591.9100000000003,279.65999999999997,-128.43,-126.44999999999999
2026-03-22T20:28:33.023839,2742.09,2591.9100000000003,279.65999999999997,-128.43,-129.47999999999996
2026-03-22T20:28:34.040339,2742.09,2591.9100000000003,279.65999999999997,-128.43,-129.47999999999996
2026-03-22T20:28:35.056318,2742.09,2591.9100000000003,279.65999999999997,-128.43,-129.47999999999996
2026-03-22T20:28:36.076077,2742.09,2591.9100000000003,279.65999999999997,-128.43,-129.47999999999996
2026-03-22T20:28:37.100671,2742.09,2591.9100000000003,279.65999999999997,-128.43,-129.47999999999996
2026-03-22T20:28:38.112628,2742.09,2591.9100000000003,279.65999999999997,-128.43,-129.47999999999996
2026-03-22T20:28:39.130852,2742.09,2591.9100000000003,279.65999999999997,-128.43,-129.47999999999996
2026-03-22T20:28:40.141980,2742.09,2591.9100000000003,279.65999999999997,-128.43,-129.47999999999996
2026-03-22T20:28:41.149828,2742.09,2591.9100000000003,279.65999999999997,-128.43,-129.47999999999996
2026-03-22T20:28:42.164672,2742.09,2591.9100000000003,279.65999999999997,-128.43,-129.47999999999996
2026-03-22T20:28:43.172354,2742.09,2591.9100000000003,279.65999999999997,-128.43,-129.47999999999996
2026-03-22T20:28:44.182547,2742.09,2591.9100000000003,279.65999999999997,-128.43,-129.47999999999996
2026-03-22T20:28:45.211361,2742.09,2591.9100000000003,279.65999999999997,-128.43,-129.47999999999996
2026-03-22T20:28:46.226246,2742.09,2591.9100000000003,279.65999999999997,-128.43,-129.47999999999996
2026-03-22T20:28:47.247613,2742.09,2591.9100000000003,279.65999999999997,-128.43,-129.47999999999996
2026-03-22T20:28:48.258890,2742.09,2591.9100000000003,279.65999999999997,-128.43,-129.47999999999996
2026-03-22T20:28:49.282722,2742.09,2591.9100000000003,279.65999999999997,-128.43,-129.47999999999996
2026-03-22T20:28:50.304906,2742.09,2591.9100000000003,279.65999999999997,-128.43,-129.47999999999996
2026-03-22T20:28:51.323565,2742.09,2591.9100000000003,279.65999999999997,-128.43,-129.47999999999996
2026-03-22T20:28:52.333818,2742.09,2591.9100000000003,279.65999999999997,-128.43,-129.47999999999996
2026-03-22T20:28:53.340294,2742.09,2591.9100000000003,279.65999999999997,-128.43,-129.47999999999996
2026-03-22T20:28:54.356121,2742.09,2591.9100000000003,279.65999999999997,-128.43,-129.47999999999996
2026-03-22T20:28:55.367848,2742.09,2591.9100000000003,279.65999999999997,-128.43,-129.47999999999996
2026-03-22T20:28:56.382301,2742.09,2591.9100000000003,279.65999999999997,-128.43,-129.47999999999996
2026-03-22T20:28:57.410628,2742.09,2591.9100000000003,279.65999999999997,-128.43,-129.47999999999996
2026-03-22T20:28:58.432981,2742.09,2591.9100000000003,279.65999999999997,-128.43,-129.47999999999996
2026-03-22T20:28:59.442042,2742.09,2591.9100000000003,279.65999999999997,-128.43,-129.47999999999996
2026-03-22T20:29:00.459298,2742.09,2591.9100000000003,279.65999999999997,-128.43,-129.47999999999996
2026-03-22T20:29:01.482623,2742.09,2591.9100000000003,279.65999999999997,-128.43,-129.47999999999996
2026-03-22T20:29:02.498719,2742.09,2591.9100000000003,279.65999999999997,-128.43,-129.47999999999996
2026-03-22T20:29:03.519050,2742.09,2591.9100000000003,279.65999999999997,-128.43,-129.47999999999996
2026-03-22T20:29:04.540333,2742.09,2591.9100000000003,279.65999999999997,-128.43,-129.47999999999996
2026-03-22T20:29:05.555004,2745.1200000000003,2728.26,143.31,-128.42999999999998,-126.44999999999999
2026-03-22T20:29:06.565372,2745.1200000000003,2728.26,143.31,-128.42999999999998,-126.44999999999999
2026-03-22T20:29:07.588840,2745.1200000000003,2728.26,143.31,-128.42999999999998,-126.44999999999999
2026-03-22T20:29:08.598426,2745.1200000000003,2728.26,143.31,-128.42999999999998,-126.44999999999999
2026-03-22T20:29:09.609663,2745.1200000000003,2728.26,143.31,-128.42999999999998,-126.44999999999999
2026-03-22T20:29:10.620594,2745.1200000000003,2728.26,143.31,-128.42999999999998,-126.44999999999999
2026-03-22T20:29:11.637906,2745.1200000000003,2728.26,143.31,-128.42999999999998,-126.44999999999999
2026-03-22T20:29:12.647430,2745.1200000000003,2728.26,143.31,-128.42999999999998,-126.44999999999999
2026-03-22T20:29:13.653482,2745.1200000000003,2728.26,143.31,-128.42999999999998,-126.44999999999999
2026-03-22T20:29:14.672407,2745.1200000000003,2728.26,143.31,-128.42999999999998,-126.44999999999999
2026-03-22T20:29:15.685542,2745.1200000000003,2728.26,143.31,-128.42999999999998,-126.44999999999999
2026-03-22T20:29:16.701817,2745.1200000000003,2728.26,143.31,-128.42999999999998,-126.44999999999999
2026-03-22T20:29:17.710104,2745.1200000000003,2728.26,143.31,-128.42999999999998,-126.44999999999999
2026-03-22T20:29:18.725549,2745.1200000000003,2728.26,143.31,-128.42999999999998,-126.44999999999999
2026-03-22T20:29:19.743946,2745.1200000000003,2728.26,143.31,-128.42999999999998,-126.44999999999999
2026-03-22T20:29:20.760522,2745.1200000000003,2728.26,143.31,-128.42999999999998,-126.44999999999999
2026-03-22T20:29:21.779428,2745.1200000000003,2728.26,143.31,-128.42999999999998,-126.44999999999999
2026-03-22T20:29:22.801886,2745.1200000000003,2728.26,143.31,-128.42999999999998,-126.44999999999999
2026-03-22T20:29:23.840021,2745.1200000000003,2728.26,143.31,-128.42999999999998,-126.44999999999999
2026-03-22T20:29:24.855753,2745.1200000000003,2728.26,143.31,-128.42999999999998,-126.44999999999999
2026-03-22T20:29:25.864571,2745.1200000000003,2728.26,143.31,-128.42999999999998,-126.44999999999999
2026-03-22T20:29:26.879117,2745.1200000000003,2728.26,143.31,-128.42999999999998,-126.44999999999999
2026-03-22T20:29:27.888252,2745.1200000000003,2728.26,143.31,-128.42999999999998,-126.44999999999999
2026-03-22T20:29:28.901762,2745.1200000000003,2728.26,143.31,-128.42999999999998,-126.44999999999999
2026-03-22T20:29:29.915596,2745.1200000000003,2728.26,143.31,-128.42999999999998,-126.44999999999999
2026-03-22T20:29:30.934614,2745.1200000000003,2728.26,143.31,-128.42999999999998,-126.44999999999999
2026-03-22T20:29:31.951772,2745.1200000000003,2728.26,143.31,-128.42999999999998,-126.44999999999999
2026-03-22T20:29:32.964442,2745.1200000000003,2728.26,143.31,-128.42999999999998,-126.44999999999999
2026-03-22T20:29:33.977438,2745.1200000000003,2728.26,143.31,-128.42999999999998,-126.44999999999999
2026-03-22T20:29:35.000038,2745.1200000000003,2728.26,143.31,-128.42999999999998,-126.44999999999999
2026-03-22T20:29:36.009822,2745.1200000000003,2728.26,143.31,-128.42999999999998,-126.44999999999999
2026-03-22T20:29:37.022474,2745.1200000000003,2728.26,143.31,-128.42999999999998,-126.44999999999999
2026-03-22T20:29:38.029198,2745.1200000000003,2728.26,143.31,-128.42999999999998,-126.44999999999999
2026-03-22T20:29:39.050597,2745.1200000000003,2728.26,143.31,-128.42999999999998,-126.44999999999999
2026-03-22T20:29:40.061809,2745.1200000000003,2728.26,143.31,-128.42999999999998,-126.44999999999999
2026-03-22T20:29:41.071108,2745.1200000000003,2728.26,143.31,-128.42999999999998,-126.44999999999999
2026-03-22T20:29:42.082329,2745.1200000000003,2728.26,143.31,-128.42999999999998,-126.44999999999999
2026-03-22T20:29:43.098216,2745.1200000000003,2728.26,143.31,-128.42999999999998,-126.44999999999999
2026-03-22T20:29:44.120574,2745.1200000000003,2728.26,143.31,-128.42999999999998,-126.44999999999999
2026-03-22T20:29:45.144136,2745.1200000000003,2728.26,143.31,-128.42999999999998,-126.44999999999999
2026-03-22T20:29:46.155337,2745.1200000000003,2728.26,143.31,-128.42999999999998,-126.44999999999999
2026-03-22T20:29:47.174530,2745.1200000000003,2728.26,143.31,-128.42999999999998,-126.44999999999999
2026-03-22T20:29:48.190455,2745.1200000000003,2728.26,143.31,-128.42999999999998,-126.44999999999999
2026-03-22T20:29:49.206372,2745.1200000000003,2728.26,143.31,-128.42999999999998,-126.44999999999999
2026-03-22T20:29:50.222728,2745.1200000000003,2728.26,143.31,-128.42999999999998,-126.44999999999999
2026-03-22T20:29:51.241956,2745.1200000000003,2728.26,143.31,-128.42999999999998,-126.44999999999999
2026-03-22T20:29:52.263192,2745.1200000000003,2728.26,143.31,-128.42999999999998,-126.44999999999999
2026-03-22T20:29:53.281424,2745.1200000000003,2728.26,143.31,-128.42999999999998,-126.44999999999999
2026-03-22T20:29:54.294036,2745.1200000000003,2728.26,143.31,-128.42999999999998,-126.44999999999999
2026-03-22T20:29:55.305642,2745.1200000000003,2728.26,143.31,-128.42999999999998,-126.44999999999999
2026-03-22T20:29:56.319598,2745.1200000000003,2728.26,143.31,-128.42999999999998,-126.44999999999999
2026-03-22T20:29:57.337310,2745.1200000000003,2728.26,143.31,-128.42999999999998,-126.44999999999999
2026-03-22T20:29:58.360157,2745.1200000000003,2728.26,143.31,-128.42999999999998,-126.44999999999999
2026-03-22T20:29:59.377113,2745.1200000000003,2728.26,143.31,-128.42999999999998,-126.44999999999999
2026-03-22T20:30:00.396729,2745.1200000000003,2728.26,143.31,-128.42999999999998,-126.44999999999999
2026-03-22T20:30:01.414647,2745.1200000000003,2728.26,143.31,-128.42999999999998,-126.44999999999999
2026-03-22T20:30:02.426814,2745.1200000000003,2728.26,143.31,-128.42999999999998,-126.44999999999999
2026-03-22T20:30:03.434092,2745.1200000000003,2728.26,143.31,-128.42999999999998,-126.44999999999999
2026-03-22T20:30:04.449493,2745.1200000000003,2728.26,143.31,-128.42999999999998,-126.44999999999999
2026-03-22T20:30:05.469070,2745.1200000000003,2728.26,143.31,-128.42999999999998,-126.44999999999999
2026-03-22T20:30:06.488666,2745.1200000000003,2728.26,143.31,-128.42999999999998,-126.44999999999999
2026-03-22T20:30:07.503762,2745.1200000000003,2728.26,143.31,-128.42999999999998,-126.44999999999999
2026-03-22T20:30:08.511009,2745.1200000000003,2728.26,143.31,-128.42999999999998,-126.44999999999999
2026-03-22T20:30:09.525822,2745.1200000000003,2728.26,143.31,-128.42999999999998,-126.44999999999999
2026-03-22T20:30:10.545637,2745.1200000000003,2728.26,143.31,-128.42999999999998,-126.44999999999999
2026-03-22T20:30:11.562875,2745.1200000000003,2728.26,143.31,-128.42999999999998,-126.44999999999999
2026-03-22T20:30:12.583218,2745.1200000000003,2728.26,143.31,-128.42999999999998,-126.44999999999999
2026-03-22T20:30:13.592178,2745.1200000000003,2728.26,143.31,-128.42999999999998,-126.44999999999999
2026-03-22T20:30:14.603170,2745.1200000000003,2728.26,143.31,-128.42999999999998,-126.44999999999999
2026-03-22T20:30:15.631480,2745.1200000000003,2728.26,143.31,-128.42999999999998,-126.44999999999999
2026-03-22T20:30:16.669659,2745.1200000000003,2728.26,143.31,-128.42999999999998,-126.44999999999999
2026-03-22T20:30:17.690264,2745.1200000000003,2728.26,143.31,-128.42999999999998,-126.44999999999999
2026-03-22T20:30:18.712316,2745.1200000000003,2728.26,143.31,-128.42999999999998,-126.44999999999999
2026-03-22T20:30:19.729918,2745.1200000000003,2728.26,143.31,-128.42999999999998,-126.44999999999999
2026-03-22T20:30:20.742738,2745.1200000000003,2728.26,143.31,-128.42999999999998,-126.44999999999999
2026-03-22T20:30:21.755806,2745.1200000000003,2728.26,143.31,-128.42999999999998,-126.44999999999999
2026-03-22T20:30:22.770367,2745.1200000000003,2728.26,143.31,-128.42999999999998,-126.44999999999999
2026-03-22T20:30:23.779411,2745.1200000000003,2728.26,143.31,-128.42999999999998,-126.44999999999999
2026-03-22T20:30:24.803360,2745.1200000000003,2728.26,143.31,-128.42999999999998,-126.44999999999999
2026-03-22T20:30:25.821099,2745.1200000000003,2728.26,143.31,-128.42999999999998,-126.44999999999999
2026-03-22T20:30:26.828516,2745.1200000000003,2728.26,143.31,-128.42999999999998,-126.44999999999999
2026-03-22T20:30:27.847759,2745.1200000000003,2728.26,143.31,-128.42999999999998,-126.44999999999999
2026-03-22T20:30:28.864844,2745.1200000000003,2728.26,143.31,-128.42999999999998,-126.44999999999999
2026-03-22T20:30:29.873120,2745.1200000000003,2728.26,143.31,-128.42999999999998,-126.44999999999999
2026-03-22T20:30:30.887533,2745.1200000000003,2728.26,143.31,-128.42999999999998,-126.44999999999999
2026-03-22T20:30:31.896621,2745.1200000000003,2728.26,143.31,-128.42999999999998,-126.44999999999999
2026-03-22T20:30:32.919306,2745.1200000000003,2728.26,143.31,-128.42999999999998,-126.44999999999999
2026-03-22T20:30:33.932367,2745.1200000000003,2728.26,143.31,-128.42999999999998,-126.44999999999999
2026-03-22T20:30:34.958919,2745.1200000000003,2728.26,143.31,-128.42999999999998,-126.44999999999999
2026-03-22T20:30:35.974420,2745.1200000000003,2728.26,143.31,-128.42999999999998,-126.44999999999999
2026-03-22T20:30:36.992895,2745.1200000000003,2728.26,143.31,-128.42999999999998,-126.44999999999999
2026-03-22T20:30:38.004456,2745.1200000000003,2728.26,143.31,-128.42999999999998,-126.44999999999999
2026-03-22T20:30:39.024047,2745.1200000000003,2728.26,143.31,-128.42999999999998,-126.44999999999999
2026-03-22T20:30:40.043822,2745.1200000000003,2728.26,143.31,-128.42999999999998,-126.44999999999999
2026-03-22T20:30:41.064168,2745.1200000000003,2728.26,143.31,-128.42999999999998,-126.44999999999999
2026-03-22T20:30:42.081011,2745.1200000000003,2728.26,143.31,-128.42999999999998,-126.44999999999999
2026-03-22T20:30:43.094117,2745.1200000000003,2728.26,143.31,-128.42999999999998,-126.44999999999999
2026-03-22T20:30:44.110254,2745.1200000000003,2728.26,143.31,-128.42999999999998,-126.44999999999999
2026-03-22T20:30:45.130166,2745.1200000000003,2728.26,143.31,-128.42999999999998,-126.44999999999999
2026-03-22T20:30:46.145133,2745.1200000000003,2728.26,143.31,-128.42999999999998,-126.44999999999999
2026-03-22T20:30:47.159705,2745.1200000000003,2728.26,143.31,-128.42999999999998,-126.44999999999999
2026-03-22T20:30:48.176826,2745.1200000000003,2728.26,143.31,-128.42999999999998,-126.44999999999999
2026-03-22T20:30:49.184983,2745.1200000000003,2728.26,143.31,-128.42999999999998,-126.44999999999999
2026-03-22T20:30:50.194600,2745.1200000000003,2728.26,143.31,-128.42999999999998,-126.44999999999999
2026-03-22T20:30:51.212647,2745.1200000000003,2728.26,143.31,-128.42999999999998,-126.44999999999999
2026-03-22T20:30:52.223180,2745.1200000000003,2728.26,143.31,-128.42999999999998,-126.44999999999999
2026-03-22T20:30:53.243946,2745.1200000000003,2728.26,143.31,-128.42999999999998,-126.44999999999999
2026-03-22T20:30:54.255482,2745.1200000000003,2728.26,143.31,-128.42999999999998,-126.44999999999999
2026-03-22T20:30:55.273175,2745.1200000000003,2728.26,143.31,-128.42999999999998,-126.44999999999999
2026-03-22T20:30:56.284296,2745.1200000000003,2728.26,143.31,-128.42999999999998,-126.44999999999999
2026-03-22T20:30:57.303861,2745.1200000000003,2728.26,143.31,-128.42999999999998,-126.44999999999999
2026-03-22T20:30:58.321334,2745.1200000000003,2728.26,143.31,-128.42999999999998,-126.44999999999999
2026-03-22T20:30:59.333986,2745.1200000000003,2728.26,143.31,-128.42999999999998,-126.44999999999999
2026-03-22T20:31:00.352809,2745.1200000000003,2728.26,143.31,-128.42999999999998,-126.44999999999999
2026-03-22T20:31:01.368392,2745.1200000000003,2728.26,143.31,-128.42999999999998,-126.44999999999999
2026-03-22T20:31:02.387446,2745.1200000000003,2728.26,143.31,-128.42999999999998,-126.44999999999999
2026-03-22T20:31:03.405962,2745.1200000000003,2728.26,143.31,-128.42999999999998,-126.44999999999999
2026-03-22T20:31:04.424107,2745.1200000000003,2728.26,143.31,-128.42999999999998,-126.44999999999999
2026-03-22T20:31:05.443460,2745.1200000000003,2728.26,143.31,-128.42999999999998,-126.44999999999999
2026-03-22T20:31:06.460155,2745.1200000000003,2728.26,143.31,-128.42999999999998,-126.44999999999999
2026-03-22T20:31:07.494197,2745.1200000000003,2728.26,143.31,-128.42999999999998,-126.44999999999999
2026-03-22T20:31:08.501083,2745.1200000000003,2728.26,143.31,-128.42999999999998,-126.44999999999999
2026-03-22T20:31:09.508995,2745.1200000000003,2728.26,143.31,-128.42999999999998,-126.44999999999999
2026-03-22T20:31:10.524308,2745.1200000000003,2728.26,143.31,-128.42999999999998,-126.44999999999999
2026-03-22T20:31:11.547264,2745.1200000000003,2728.26,143.31,-128.42999999999998,-126.44999999999999
2026-03-22T20:31:12.565614,2745.1200000000003,2728.26,143.31,-128.42999999999998,-126.44999999999999
2026-03-22T20:31:13.578145,2745.1200000000003,2728.26,143.31,-128.42999999999998,-126.44999999999999
2026-03-22T20:31:14.597030,2745.1200000000003,2728.26,143.31,-128.42999999999998,-126.44999999999999
2026-03-22T20:31:15.611087,2745.1200000000003,2728.26,143.31,-128.42999999999998,-126.44999999999999
2026-03-22T20:31:16.617993,2745.1200000000003,2728.26,143.31,-128.42999999999998,-126.44999999999999
2026-03-22T20:31:17.635453,2745.1200000000003,2728.26,143.31,-128.42999999999998,-126.44999999999999
2026-03-22T20:31:18.657253,2745.1200000000003,2728.26,143.31,-128.42999999999998,-126.44999999999999
2026-03-22T20:31:19.667108,2745.1200000000003,2728.26,143.31,-128.42999999999998,-126.44999999999999
2026-03-22T20:31:20.687577,2745.1200000000003,2728.26,143.31,-128.42999999999998,-126.44999999999999
2026-03-22T20:31:21.707532,2745.1200000000003,2728.26,143.31,-128.42999999999998,-126.44999999999999
2026-03-22T20:31:22.715472,2745.1200000000003,2728.26,143.31,-128.42999999999998,-126.44999999999999
2026-03-22T20:31:23.730013,2745.1200000000003,2728.26,143.31,-128.42999999999998,-126.44999999999999
2026-03-22T20:31:24.751223,2745.1200000000003,2728.26,143.31,-128.42999999999998,-126.44999999999999
2026-03-22T20:31:25.772421,2745.1200000000003,2728.26,143.31,-128.42999999999998,-126.44999999999999
2026-03-22T20:31:26.786212,2745.1200000000003,2728.26,143.31,-128.42999999999998,-126.44999999999999
2026-03-22T20:31:27.793372,2745.1200000000003,2728.26,143.31,-128.42999999999998,-126.44999999999999
2026-03-22T20:31:28.803192,2745.1200000000003,2728.26,143.31,-128.42999999999998,-126.44999999999999
2026-03-22T20:31:29.817755,2745.1200000000003,2728.26,143.31,-128.42999999999998,-126.44999999999999
2026-03-22T20:31:30.830624,2745.1200000000003,2728.26,143.31,-128.42999999999998,-126.44999999999999
2026-03-22T20:31:31.839420,2742.3100000000004,2728.26,143.31,-128.42999999999998,-129.26
2026-03-22T20:31:32.848084,2742.3100000000004,2728.26,143.31,-128.42999999999998,-129.26
2026-03-22T20:31:33.868157,2742.3100000000004,2728.26,143.31,-128.42999999999998,-129.26
2026-03-22T20:31:34.883079,2742.3099999999995,2592.04,279.53,-128.42999999999998,-129.26
2026-03-22T20:31:35.899256,2741.0899999999992,2590.8199999999997,279.53,-129.64999999999998,-129.26
2026-03-22T20:31:36.922636,2741.0899999999992,2590.8199999999997,279.53,-129.64999999999998,-129.26
2026-03-22T20:31:37.946356,2741.0899999999992,2590.8199999999997,279.53,-129.64999999999998,-129.26
2026-03-22T20:31:38.963925,2741.0899999999992,2590.8199999999997,279.53,-129.64999999999998,-129.26
2026-03-22T20:31:39.975708,2741.0899999999992,2590.8199999999997,279.53,-129.64999999999998,-129.26
2026-03-22T20:31:40.988297,2741.0899999999992,2590.8199999999997,279.53,-129.64999999999998,-129.26
2026-03-22T20:31:42.009220,2741.0899999999992,2590.8199999999997,279.53,-129.64999999999998,-129.26
2026-03-22T20:31:43.034537,2741.0899999999992,2590.8199999999997,279.53,-129.64999999999998,-129.26
2026-03-22T20:31:44.059544,2741.0899999999992,2590.8199999999997,279.53,-129.64999999999998,-129.26
2026-03-22T20:31:45.075008,2749.4299999999994,2590.8199999999997,279.53,-129.64999999999998,-120.91999999999999
2026-03-22T20:31:46.093737,2749.4299999999994,2590.8199999999997,279.53,-129.64999999999998,-120.91999999999999
2026-03-22T20:31:47.108627,2749.4299999999994,2590.8199999999997,279.53,-129.64999999999998,-120.91999999999999
2026-03-22T20:31:48.121225,2749.4299999999994,2590.8199999999997,279.53,-129.64999999999998,-120.91999999999999
2026-03-22T20:31:49.138543,2749.4299999999994,2590.8199999999997,279.53,-129.64999999999998,-120.91999999999999
2026-03-22T20:31:50.152763,2749.4299999999994,2590.8199999999997,279.53,-129.64999999999998,-120.91999999999999
2026-03-22T20:31:51.172538,2749.4299999999994,2590.8199999999997,279.53,-129.64999999999998,-120.91999999999999
2026-03-22T20:31:52.187779,2749.4299999999994,2590.8199999999997,279.53,-129.64999999999998,-120.91999999999999
2026-03-22T20:31:53.205124,2749.4299999999994,2590.8199999999997,279.53,-129.64999999999998,-120.91999999999999
2026-03-22T20:31:54.212846,2749.4299999999994,2590.8199999999997,279.53,-129.64999999999998,-120.91999999999999
2026-03-22T20:31:55.240624,2749.4299999999994,2590.8199999999997,279.53,-129.64999999999998,-120.91999999999999
2026-03-22T20:31:56.260365,2749.4299999999994,2590.8199999999997,279.53,-129.64999999999998,-120.91999999999999
2026-03-22T20:31:57.290236,2749.4299999999994,2590.8199999999997,279.53,-129.64999999999998,-120.91999999999999
2026-03-22T20:31:58.307654,2749.4299999999994,2590.8199999999997,279.53,-129.64999999999998,-120.91999999999999
2026-03-22T20:31:59.336306,2735.5299999999993,2590.8199999999997,279.53,-129.64999999999998,-134.82
2026-03-22T20:32:00.355057,2735.5299999999993,2590.8199999999997,279.53,-129.64999999999998,-134.82
2026-03-22T20:32:01.410172,2735.5299999999993,2590.8199999999997,279.53,-129.64999999999998,-134.82
2026-03-22T20:32:02.419914,2735.5299999999993,2590.8199999999997,279.53,-129.64999999999998,-134.82
2026-03-22T20:32:03.440807,2735.5299999999993,2590.8199999999997,279.53,-129.64999999999998,-134.82
2026-03-22T20:32:04.459538,2735.5299999999993,2590.8199999999997,279.53,-129.64999999999998,-134.82
2026-03-22T20:32:05.466164,2735.5299999999993,2590.8199999999997,279.53,-129.64999999999998,-134.82
2026-03-22T20:32:06.478887,2735.5299999999993,2590.8199999999997,279.53,-129.64999999999998,-134.82
2026-03-22T20:32:07.496759,2735.5299999999993,2590.8199999999997,279.53,-129.64999999999998,-134.82
2026-03-22T20:32:08.510816,2735.5299999999993,2590.8199999999997,279.53,-129.64999999999998,-134.82
2026-03-22T20:32:09.532076,2735.5299999999993,2590.8199999999997,279.53,-129.64999999999998,-134.82
2026-03-22T20:32:10.542736,2735.5299999999993,2590.8199999999997,279.53,-129.64999999999998,-134.82
2026-03-22T20:32:11.553651,2735.5299999999993,2590.8199999999997,279.53,-129.64999999999998,-134.82
2026-03-22T20:32:12.571681,2735.5299999999993,2590.8199999999997,279.53,-129.64999999999998,-134.82
2026-03-22T20:32:13.580464,2727.16,2715.92,143.31,-140.76999999999998,-132.07
2026-03-22T20:32:14.601537,2727.16,2715.92,143.31,-140.76999999999998,-132.07
2026-03-22T20:32:15.628924,2727.16,2715.92,143.31,-140.76999999999998,-132.07
2026-03-22T20:32:16.640351,2727.16,2715.92,143.31,-140.76999999999998,-132.07
2026-03-22T20:32:17.646662,2727.16,2715.92,143.31,-140.76999999999998,-132.07
2026-03-22T20:32:18.659355,2727.16,2715.92,143.31,-140.76999999999998,-132.07
2026-03-22T20:32:19.671247,2727.16,2715.92,143.31,-140.76999999999998,-132.07
2026-03-22T20:32:20.688529,2727.16,2715.92,143.31,-140.76999999999998,-132.07
2026-03-22T20:32:21.702221,2727.16,2715.92,143.31,-140.76999999999998,-132.07
2026-03-22T20:32:22.709872,2727.16,2715.92,143.31,-140.76999999999998,-132.07
2026-03-22T20:32:23.733217,2727.16,2715.92,143.31,-140.76999999999998,-132.07
2026-03-22T20:32:24.743535,2727.16,2715.92,143.31,-140.76999999999998,-132.07
2026-03-22T20:32:25.756649,2727.16,2715.92,143.31,-140.76999999999998,-132.07
2026-03-22T20:32:26.780598,2727.16,2715.92,143.31,-140.76999999999998,-132.07
2026-03-22T20:32:27.799639,2727.16,2715.92,143.31,-140.76999999999998,-132.07
2026-03-22T20:32:28.822305,2727.16,2715.92,143.31,-140.76999999999998,-132.07
2026-03-22T20:32:29.847356,2727.16,2715.92,143.31,-140.76999999999998,-132.07
2026-03-22T20:32:30.871084,2727.16,2715.92,143.31,-140.76999999999998,-132.07
2026-03-22T20:32:31.883335,2727.16,2715.92,143.31,-140.76999999999998,-132.07
2026-03-22T20:32:32.908826,2727.16,2715.92,143.31,-140.76999999999998,-132.07
2026-03-22T20:32:33.923072,2727.16,2715.92,143.31,-140.76999999999998,-132.07
2026-03-22T20:32:34.946832,2727.16,2715.92,143.31,-140.76999999999998,-132.07
2026-03-22T20:32:35.968073,2727.16,2715.92,143.31,-140.76999999999998,-132.07
2026-03-22T20:32:36.980718,2727.16,2715.92,143.31,-140.76999999999998,-132.07
2026-03-22T20:32:37.998427,2727.16,2715.92,143.31,-140.76999999999998,-132.07
2026-03-22T20:32:39.010670,2727.16,2715.92,143.31,-140.76999999999998,-132.07
2026-03-22T20:32:40.035131,2727.16,2715.92,143.31,-140.76999999999998,-132.07
2026-03-22T20:32:41.054137,2727.16,2715.92,143.31,-140.76999999999998,-132.07
2026-03-22T20:32:42.063144,2727.16,2715.92,143.31,-140.76999999999998,-132.07
2026-03-22T20:32:43.078774,2727.16,2715.92,143.31,-140.76999999999998,-132.07
2026-03-22T20:32:44.087940,2727.16,2715.92,143.31,-140.76999999999998,-132.07
2026-03-22T20:32:45.107304,2727.16,2715.92,143.31,-140.76999999999998,-132.07
2026-03-22T20:32:46.131176,2727.16,2715.92,143.31,-140.76999999999998,-132.07
2026-03-22T20:32:47.147048,2727.16,2715.92,143.31,-140.76999999999998,-132.07
2026-03-22T20:32:48.168185,2727.16,2715.92,143.31,-140.76999999999998,-132.07
2026-03-22T20:32:49.200159,2727.16,2715.92,143.31,-140.76999999999998,-132.07
2026-03-22T20:32:50.228886,2727.16,2715.92,143.31,-140.76999999999998,-132.07
2026-03-22T20:32:51.243327,2727.16,2715.92,143.31,-140.76999999999998,-132.07
2026-03-22T20:32:52.269401,2727.16,2715.92,143.31,-140.76999999999998,-132.07
2026-03-22T20:32:53.280932,2727.16,2715.92,143.31,-140.76999999999998,-132.07
2026-03-22T20:32:54.331706,2727.16,2715.92,143.31,-140.76999999999998,-132.07
2026-03-22T20:32:55.345441,2727.16,2715.92,143.31,-140.76999999999998,-132.07
2026-03-22T20:32:56.368016,2727.16,2715.92,143.31,-140.76999999999998,-132.07
2026-03-22T20:32:57.388358,2727.16,2715.92,143.31,-140.76999999999998,-132.07
2026-03-22T20:32:58.407865,2727.16,2715.92,143.31,-140.76999999999998,-132.07
2026-03-22T20:32:59.436505,2727.16,2715.92,143.31,-140.76999999999998,-132.07
2026-03-22T20:33:00.453861,2724.35,2715.92,143.31,-140.76999999999998,-134.88
2026-03-22T20:33:01.463050,2724.35,2715.92,143.31,-140.76999999999998,-134.88
2026-03-22T20:33:02.480455,2724.35,2715.92,143.31,-140.76999999999998,-134.88
2026-03-22T20:33:03.496447,2724.35,2715.92,143.31,-140.76999999999998,-134.88
2026-03-22T20:33:04.513666,2724.35,2715.92,143.31,-140.76999999999998,-134.88
2026-03-22T20:33:05.528891,2724.35,2715.92,143.31,-140.76999999999998,-134.88
2026-03-22T20:33:06.534813,2724.35,2715.92,143.31,-140.76999999999998,-134.88
2026-03-22T20:33:07.552023,2724.35,2715.92,143.31,-140.76999999999998,-134.88
2026-03-22T20:33:08.573409,2724.35,2715.92,143.31,-140.76999999999998,-134.88
2026-03-22T20:33:09.596771,2724.35,2715.92,143.31,-140.76999999999998,-134.88
2026-03-22T20:33:10.615351,2724.35,2715.92,143.31,-140.76999999999998,-134.88
2026-03-22T20:33:11.635565,2724.35,2715.92,143.31,-140.76999999999998,-134.88
2026-03-22T20:33:12.651888,2724.35,2715.92,143.31,-140.76999999999998,-134.88
2026-03-22T20:33:13.663863,2724.35,2715.92,143.31,-140.76999999999998,-134.88
2026-03-22T20:33:14.676934,2724.35,2715.92,143.31,-140.76999999999998,-134.88
2026-03-22T20:33:15.694986,2724.35,2715.92,143.31,-140.76999999999998,-134.88
2026-03-22T20:33:16.714995,2724.35,2715.92,143.31,-140.76999999999998,-134.88
2026-03-22T20:33:17.726146,2724.35,2715.92,143.31,-140.76999999999998,-134.88
2026-03-22T20:33:18.735627,2724.35,2715.92,143.31,-140.76999999999998,-134.88
2026-03-22T20:33:19.763658,2724.35,2715.92,143.31,-140.76999999999998,-134.88
2026-03-22T20:33:20.775402,2724.35,2715.92,143.31,-140.76999999999998,-134.88
2026-03-22T20:33:21.796003,2724.35,2715.92,143.31,-140.76999999999998,-134.88
2026-03-22T20:33:22.815330,2724.35,2715.92,143.31,-140.76999999999998,-134.88
2026-03-22T20:33:23.836301,2724.35,2715.92,143.31,-140.76999999999998,-134.88
2026-03-22T20:33:24.848219,2724.35,2715.92,143.31,-140.76999999999998,-134.88
2026-03-22T20:33:25.872424,2724.35,2715.92,143.31,-140.76999999999998,-134.88
2026-03-22T20:33:26.882547,2724.35,2715.92,143.31,-140.76999999999998,-134.88
2026-03-22T20:33:27.896030,2724.35,2715.92,143.31,-140.76999999999998,-134.88
2026-03-22T20:33:28.902163,2724.35,2715.92,143.31,-140.76999999999998,-134.88
2026-03-22T20:33:29.926667,2724.35,2715.92,143.31,-140.76999999999998,-134.88
2026-03-22T20:33:30.941146,2724.35,2715.92,143.31,-140.76999999999998,-134.88
2026-03-22T20:33:31.957978,2724.35,2715.92,143.31,-140.76999999999998,-134.88
2026-03-22T20:33:32.972290,2724.35,2715.92,143.31,-140.76999999999998,-134.88
2026-03-22T20:33:33.987966,2724.35,2715.92,143.31,-140.76999999999998,-134.88
2026-03-22T20:33:35.009073,2724.35,2715.92,143.31,-140.76999999999998,-134.88
2026-03-22T20:33:36.029315,2724.35,2715.92,143.31,-140.76999999999998,-134.88
2026-03-22T20:33:37.050134,2724.35,2715.92,143.31,-140.76999999999998,-134.88
2026-03-22T20:33:38.063786,2724.35,2715.92,143.31,-140.76999999999998,-134.88
2026-03-22T20:33:39.088055,2724.35,2715.92,143.31,-140.76999999999998,-134.88
2026-03-22T20:33:40.106993,2724.35,2715.92,143.31,-140.76999999999998,-134.88
2026-03-22T20:33:41.118456,2724.35,2715.92,143.31,-140.76999999999998,-134.88
2026-03-22T20:33:42.135204,2724.35,2715.92,143.31,-140.76999999999998,-134.88
2026-03-22T20:33:43.167732,2724.35,2715.92,143.31,-140.76999999999998,-134.88
2026-03-22T20:33:44.196818,2721.54,2715.92,143.31,-140.76999999999998,-137.69
2026-03-22T20:33:45.221753,2721.54,2715.92,143.31,-140.76999999999998,-137.69
2026-03-22T20:33:46.237860,2721.54,2715.92,143.31,-140.76999999999998,-137.69
2026-03-22T20:33:47.262888,2721.54,2715.92,143.31,-140.76999999999998,-137.69
2026-03-22T20:33:48.282843,2721.54,2715.92,143.31,-140.76999999999998,-137.69
2026-03-22T20:33:49.293740,2721.54,2715.92,143.31,-140.76999999999998,-137.69
2026-03-22T20:33:50.309423,2721.54,2715.92,143.31,-140.76999999999998,-137.69
2026-03-22T20:33:51.322158,2721.54,2715.92,143.31,-140.76999999999998,-137.69
2026-03-22T20:33:52.335204,2721.54,2715.92,143.31,-140.76999999999998,-137.69
2026-03-22T20:33:53.350571,2721.54,2715.92,143.31,-140.76999999999998,-137.69
2026-03-22T20:33:54.359158,2721.54,2715.92,143.31,-140.76999999999998,-137.69
2026-03-22T20:33:55.380965,2721.54,2715.92,143.31,-140.76999999999998,-137.69
2026-03-22T20:33:56.400776,2721.54,2715.92,143.31,-140.76999999999998,-137.69
2026-03-22T20:33:57.416775,2721.54,2715.92,143.31,-140.76999999999998,-137.69
2026-03-22T20:33:58.426719,2721.54,2715.92,143.31,-140.76999999999998,-137.69
2026-03-22T20:33:59.444736,2721.54,2715.92,143.31,-140.76999999999998,-137.69
2026-03-22T20:34:00.462174,2721.54,2715.92,143.31,-140.76999999999998,-137.69
2026-03-22T20:34:01.485828,2721.54,2715.92,143.31,-140.76999999999998,-137.69
2026-03-22T20:34:02.496439,2721.54,2715.92,143.31,-140.76999999999998,-137.69
2026-03-22T20:34:03.514946,2721.54,2715.92,143.31,-140.76999999999998,-137.69
2026-03-22T20:34:04.533387,2721.54,2715.92,143.31,-140.76999999999998,-137.69
2026-03-22T20:34:05.549783,2721.54,2715.92,143.31,-140.76999999999998,-137.69
2026-03-22T20:34:06.572880,2721.54,2715.92,143.31,-140.76999999999998,-137.69
2026-03-22T20:34:07.581243,2721.54,2715.92,143.31,-140.76999999999998,-137.69
2026-03-22T20:34:08.598640,2721.54,2715.92,143.31,-140.76999999999998,-137.69
2026-03-22T20:34:09.607578,2721.54,2715.92,143.31,-140.76999999999998,-137.69
2026-03-22T20:34:10.628564,2721.54,2715.92,143.31,-140.76999999999998,-137.69
2026-03-22T20:34:11.636222,2721.54,2715.92,143.31,-140.76999999999998,-137.69
2026-03-22T20:34:12.661550,2721.54,2715.92,143.31,-140.76999999999998,-137.69
2026-03-22T20:34:13.689748,2721.54,2715.92,143.31,-140.76999999999998,-137.69
2026-03-22T20:34:14.701514,2721.54,2715.92,143.31,-140.76999999999998,-137.69
2026-03-22T20:34:15.722339,2727.16,2715.92,143.31,-140.76999999999998,-132.07
2026-03-22T20:34:16.734822,2727.16,2715.92,143.31,-140.76999999999998,-132.07
2026-03-22T20:34:17.746936,2727.16,2715.92,143.31,-140.76999999999998,-132.07
2026-03-22T20:34:18.769461,2727.16,2715.92,143.31,-140.76999999999998,-132.07
2026-03-22T20:34:19.785869,2727.16,2715.92,143.31,-140.76999999999998,-132.07
2026-03-22T20:34:20.808233,2727.16,2715.92,143.31,-140.76999999999998,-132.07
2026-03-22T20:34:21.819227,2727.16,2715.92,143.31,-140.76999999999998,-132.07
2026-03-22T20:34:22.844517,2727.16,2715.92,143.31,-140.76999999999998,-132.07
2026-03-22T20:34:23.855285,2727.16,2715.92,143.31,-140.76999999999998,-132.07
2026-03-22T20:34:24.867609,2727.16,2715.92,143.31,-140.76999999999998,-132.07
2026-03-22T20:34:25.895437,2727.16,2715.92,143.31,-140.76999999999998,-132.07
2026-03-22T20:34:26.918157,2727.16,2715.92,143.31,-140.76999999999998,-132.07
2026-03-22T20:34:27.940767,2727.16,2715.92,143.31,-140.76999999999998,-132.07
2026-03-22T20:34:28.952497,2727.16,2715.92,143.31,-140.76999999999998,-132.07
2026-03-22T20:34:29.959479,2727.16,2715.92,143.31,-140.76999999999998,-132.07
2026-03-22T20:34:30.981553,2727.16,2715.92,143.31,-140.76999999999998,-132.07
2026-03-22T20:34:32.001490,2727.16,2715.92,143.31,-140.76999999999998,-132.07
2026-03-22T20:34:33.010760,2727.16,2715.92,143.31,-140.76999999999998,-132.07
2026-03-22T20:34:34.035524,2727.16,2715.92,143.31,-140.76999999999998,-132.07
2026-03-22T20:34:35.057395,2727.16,2715.92,143.31,-140.76999999999998,-132.07
2026-03-22T20:34:36.085593,2727.16,2715.92,143.31,-140.76999999999998,-132.07
2026-03-22T20:34:37.113435,2727.16,2715.92,143.31,-140.76999999999998,-132.07
2026-03-22T20:34:38.133217,2727.16,2715.92,143.31,-140.76999999999998,-132.07
2026-03-22T20:34:39.163035,2727.16,2715.92,143.31,-140.76999999999998,-132.07
2026-03-22T20:34:40.180963,2727.16,2580.62,278.61,-140.76999999999998,-132.07
2026-03-22T20:34:41.195687,2727.16,2580.62,278.61,-140.76999999999998,-132.07
2026-03-22T20:34:42.210707,2726.0899999999997,2579.5499999999997,278.61,-141.83999999999997,-132.07
2026-03-22T20:34:43.225913,2726.0899999999997,2579.5499999999997,278.61,-141.83999999999997,-132.07
2026-03-22T20:34:44.239808,2726.0899999999997,2579.5499999999997,278.61,-141.83999999999997,-132.07
2026-03-22T20:34:45.265584,2726.0899999999997,2579.5499999999997,278.61,-141.83999999999997,-132.07
2026-03-22T20:34:46.273344,2726.0899999999997,2579.5499999999997,278.61,-141.83999999999997,-132.07
2026-03-22T20:34:47.289369,2726.0899999999997,2579.5499999999997,278.61,-141.83999999999997,-132.07
2026-03-22T20:34:48.313348,2726.0899999999997,2579.5499999999997,278.61,-141.83999999999997,-132.07
2026-03-22T20:34:49.332293,2726.0899999999997,2579.5499999999997,278.61,-141.83999999999997,-132.07
2026-03-22T20:34:50.355351,2726.0899999999997,2579.5499999999997,278.61,-141.83999999999997,-132.07
2026-03-22T20:34:51.372492,2726.0899999999997,2579.5499999999997,278.61,-141.83999999999997,-132.07
2026-03-22T20:34:52.391221,2726.0899999999997,2579.5499999999997,278.61,-141.83999999999997,-132.07
2026-03-22T20:34:53.407386,2726.0899999999997,2579.5499999999997,278.61,-141.83999999999997,-132.07
2026-03-22T20:34:54.426438,2711.33,2579.5499999999997,278.61,-141.83999999999997,-146.83
2026-03-22T20:34:55.445135,2711.33,2579.5499999999997,278.61,-141.83999999999997,-146.83
2026-03-22T20:34:56.455791,2711.33,2579.5499999999997,278.61,-141.83999999999997,-146.83
2026-03-22T20:34:57.464642,2711.33,2579.5499999999997,278.61,-141.83999999999997,-146.83
2026-03-22T20:34:58.477449,2711.33,2579.5499999999997,278.61,-141.83999999999997,-146.83
2026-03-22T20:34:59.500943,2711.33,2579.5499999999997,278.61,-141.83999999999997,-146.83
2026-03-22T20:35:00.527456,2711.33,2579.5499999999997,278.61,-141.83999999999997,-146.83
2026-03-22T20:35:01.540287,2711.33,2579.5499999999997,278.61,-141.83999999999997,-146.83
2026-03-22T20:35:02.563492,2711.33,2579.5499999999997,278.61,-141.83999999999997,-146.83
2026-03-22T20:35:03.573902,2711.33,2579.5499999999997,278.61,-141.83999999999997,-146.83
2026-03-22T20:35:04.591705,2711.33,2579.5499999999997,278.61,-141.83999999999997,-146.83
2026-03-22T20:35:05.605582,2711.33,2579.5499999999997,278.61,-141.83999999999997,-146.83
2026-03-22T20:35:06.622035,2711.33,2579.5499999999997,278.61,-141.83999999999997,-146.83
2026-03-22T20:35:07.628193,2711.33,2579.5499999999997,278.61,-141.83999999999997,-146.83
2026-03-22T20:35:08.643079,2711.33,2579.5499999999997,278.61,-141.83999999999997,-146.83
2026-03-22T20:35:09.670336,2711.33,2579.5499999999997,278.61,-141.83999999999997,-146.83
2026-03-22T20:35:10.693984,2711.33,2700.09,143.31,-156.6,-132.07
2026-03-22T20:35:11.707360,2711.33,2700.09,143.31,-156.6,-132.07
2026-03-22T20:35:12.735778,2711.33,2700.09,143.31,-156.6,-132.07
2026-03-22T20:35:13.741919,2711.33,2700.09,143.31,-156.6,-132.07
2026-03-22T20:35:14.756318,2711.33,2700.09,143.31,-156.6,-132.07
2026-03-22T20:35:15.768319,2711.33,2700.09,143.31,-156.6,-132.07
2026-03-22T20:35:16.791694,2711.33,2700.09,143.31,-156.6,-132.07
2026-03-22T20:35:17.808634,2711.33,2700.09,143.31,-156.6,-132.07
2026-03-22T20:35:18.822714,2711.33,2700.09,143.31,-156.6,-132.07
2026-03-22T20:35:19.836205,2711.33,2700.09,143.31,-156.6,-132.07
2026-03-22T20:35:20.842542,2711.33,2700.09,143.31,-156.6,-132.07
2026-03-22T20:35:21.856518,2711.33,2700.09,143.31,-156.6,-132.07
2026-03-22T20:35:22.868843,2711.33,2700.09,143.31,-156.6,-132.07
2026-03-22T20:35:23.888578,2711.33,2700.09,143.31,-156.6,-132.07
2026-03-22T20:35:24.916826,2711.33,2700.09,143.31,-156.6,-132.07
2026-03-22T20:35:25.928298,2711.33,2700.09,143.31,-156.6,-132.07
2026-03-22T20:35:26.944419,2711.33,2700.09,143.31,-156.6,-132.07
2026-03-22T20:35:27.957012,2711.33,2700.09,143.31,-156.6,-132.07
2026-03-22T20:35:28.968319,2711.33,2700.09,143.31,-156.6,-132.07
2026-03-22T20:35:29.982604,2711.33,2700.09,143.31,-156.6,-132.07
2026-03-22T20:35:30.992241,2711.33,2700.09,143.31,-156.6,-132.07
2026-03-22T20:35:32.013426,2711.33,2700.09,143.31,-156.6,-132.07
2026-03-22T20:35:33.038786,2711.33,2700.09,143.31,-156.6,-132.07
2026-03-22T20:35:34.065352,2711.33,2700.09,143.31,-156.6,-132.07
2026-03-22T20:35:35.083484,2711.33,2700.09,143.31,-156.6,-132.07
2026-03-22T20:35:36.094657,2711.33,2700.09,143.31,-156.6,-132.07
2026-03-22T20:35:37.118619,2711.33,2700.09,143.31,-156.6,-132.07
2026-03-22T20:35:38.142540,2708.52,2700.09,143.31,-156.6,-134.88
2026-03-22T20:35:39.154302,2708.52,2700.09,143.31,-156.6,-134.88
2026-03-22T20:35:40.173752,2708.52,2700.09,143.31,-156.6,-134.88
2026-03-22T20:35:41.186089,2708.52,2700.09,143.31,-156.6,-134.88
2026-03-22T20:35:42.202051,2708.52,2700.09,143.31,-156.6,-134.88
2026-03-22T20:35:43.224787,2708.52,2700.09,143.31,-156.6,-134.88
2026-03-22T20:35:44.246498,2708.52,2700.09,143.31,-156.6,-134.88
2026-03-22T20:35:45.258821,2708.52,2700.09,143.31,-156.6,-134.88
2026-03-22T20:35:46.266901,2708.52,2700.09,143.31,-156.6,-134.88
2026-03-22T20:35:47.293465,2708.52,2700.09,143.31,-156.6,-134.88
2026-03-22T20:35:48.317643,2708.52,2700.09,143.31,-156.6,-134.88
2026-03-22T20:35:49.336250,2708.52,2700.09,143.31,-156.6,-134.88
2026-03-22T20:35:50.364805,2708.52,2700.09,143.31,-156.6,-134.88
2026-03-22T20:35:51.380869,2708.52,2700.09,143.31,-156.6,-134.88
2026-03-22T20:35:52.392711,2708.52,2700.09,143.31,-156.6,-134.88
2026-03-22T20:35:53.408832,2708.52,2700.09,143.31,-156.6,-134.88
2026-03-22T20:35:54.425285,2708.52,2700.09,143.31,-156.6,-134.88
2026-03-22T20:35:55.434728,2708.52,2700.09,143.31,-156.6,-134.88
2026-03-22T20:35:56.456242,2708.52,2700.09,143.31,-156.6,-134.88
2026-03-22T20:35:57.469564,2708.52,2700.09,143.31,-156.6,-134.88
2026-03-22T20:35:58.502424,2708.52,2700.09,143.31,-156.6,-134.88
2026-03-22T20:35:59.514464,2708.52,2700.09,143.31,-156.6,-134.88
2026-03-22T20:36:00.531643,2708.52,2700.09,143.31,-156.6,-134.88
2026-03-22T20:36:01.546558,2708.52,2700.09,143.31,-156.6,-134.88
2026-03-22T20:36:02.575008,2708.52,2700.09,143.31,-156.6,-134.88
2026-03-22T20:36:03.584274,2708.52,2700.09,143.31,-156.6,-134.88
2026-03-22T20:36:04.604390,2708.52,2700.09,143.31,-156.6,-134.88
2026-03-22T20:36:05.618533,2708.52,2700.09,143.31,-156.6,-134.88
2026-03-22T20:36:06.635314,2708.52,2700.09,143.31,-156.6,-134.88
2026-03-22T20:36:07.649457,2708.52,2700.09,143.31,-156.6,-134.88
2026-03-22T20:36:08.680665,2708.52,2700.09,143.31,-156.6,-134.88
2026-03-22T20:36:09.692826,2708.52,2700.09,143.31,-156.6,-134.88
2026-03-22T20:36:10.701515,2708.52,2700.09,143.31,-156.6,-134.88
2026-03-22T20:36:11.714520,2708.52,2700.09,143.31,-156.6,-134.88
2026-03-22T20:36:12.736285,2708.52,2700.09,143.31,-156.6,-134.88
2026-03-22T20:36:13.748647,2708.52,2700.09,143.31,-156.6,-134.88
2026-03-22T20:36:14.769385,2708.52,2700.09,143.31,-156.6,-134.88
2026-03-22T20:36:15.784066,2708.52,2700.09,143.31,-156.6,-134.88
2026-03-22T20:36:16.803904,2708.52,2700.09,143.31,-156.6,-134.88
2026-03-22T20:36:17.832266,2708.52,2700.09,143.31,-156.6,-134.88
2026-03-22T20:36:18.851276,2708.52,2700.09,143.31,-156.6,-134.88
2026-03-22T20:36:19.863456,2708.52,2700.09,143.31,-156.6,-134.88
2026-03-22T20:36:20.892126,2708.52,2700.09,143.31,-156.6,-134.88
2026-03-22T20:36:21.898507,2708.52,2700.09,143.31,-156.6,-134.88
2026-03-22T20:36:22.918963,2708.52,2700.09,143.31,-156.6,-134.88
2026-03-22T20:36:23.946322,2708.52,2700.09,143.31,-156.6,-134.88
2026-03-22T20:36:24.962585,2711.33,2700.09,143.31,-156.6,-132.07
2026-03-22T20:36:25.975010,2711.33,2700.09,143.31,-156.6,-132.07
2026-03-22T20:36:27.008972,2711.33,2700.09,143.31,-156.6,-132.07
2026-03-22T20:36:28.035042,2711.33,2700.09,143.31,-156.6,-132.07
2026-03-22T20:36:29.049304,2711.33,2700.09,143.31,-156.6,-132.07
2026-03-22T20:36:30.061803,2711.33,2700.09,143.31,-156.6,-132.07
2026-03-22T20:36:31.086127,2711.33,2700.09,143.31,-156.6,-132.07
2026-03-22T20:36:32.106818,2711.33,2700.09,143.31,-156.6,-132.07
2026-03-22T20:36:33.118293,2711.33,2700.09,143.31,-156.6,-132.07
2026-03-22T20:36:34.132038,2711.33,2700.09,143.31,-156.6,-132.07
2026-03-22T20:36:35.145035,2711.33,2700.09,143.31,-156.6,-132.07
2026-03-22T20:36:36.170283,2711.33,2700.09,143.31,-156.6,-132.07
2026-03-22T20:36:37.196480,2711.33,2700.09,143.31,-156.6,-132.07
2026-03-22T20:36:38.219403,2711.33,2700.09,143.31,-156.6,-132.07
2026-03-22T20:36:39.242756,2711.33,2700.09,143.31,-156.6,-132.07
2026-03-22T20:36:40.253692,2711.33,2700.09,143.31,-156.6,-132.07
2026-03-22T20:36:41.271957,2711.33,2700.09,143.31,-156.6,-132.07
2026-03-22T20:36:42.284730,2711.33,2700.09,143.31,-156.6,-132.07
2026-03-22T20:36:43.312379,2711.33,2700.09,143.31,-156.6,-132.07
2026-03-22T20:36:44.319957,2711.33,2700.09,143.31,-156.6,-132.07
2026-03-22T20:36:45.341032,2711.33,2700.09,143.31,-156.6,-132.07
2026-03-22T20:36:46.359834,2711.33,2700.09,143.31,-156.6,-132.07
2026-03-22T20:36:47.384713,2711.33,2700.09,143.31,-156.6,-132.07
2026-03-22T20:36:48.406237,2711.33,2700.09,143.31,-156.6,-132.07
2026-03-22T20:36:49.419189,2711.33,2700.09,143.31,-156.6,-132.07
2026-03-22T20:36:50.435966,2711.33,2700.09,143.31,-156.6,-132.07
2026-03-22T20:36:51.459856,2711.33,2700.09,143.31,-156.6,-132.07
2026-03-22T20:36:52.483285,2708.52,2700.09,143.31,-156.6,-134.88
2026-03-22T20:36:53.491257,2708.52,2700.09,143.31,-156.6,-134.88
2026-03-22T20:36:54.522093,2708.52,2700.09,143.31,-156.6,-134.88
2026-03-22T20:36:55.539977,2708.52,2700.09,143.31,-156.6,-134.88
2026-03-22T20:36:56.556044,2708.52,2700.09,143.31,-156.6,-134.88
2026-03-22T20:36:57.565682,2708.52,2700.09,143.31,-156.6,-134.88
2026-03-22T20:36:58.589348,2708.52,2700.09,143.31,-156.6,-134.88
2026-03-22T20:36:59.614666,2708.52,2700.09,143.31,-156.6,-134.88
2026-03-22T20:37:00.624603,2708.52,2700.09,143.31,-156.6,-134.88
2026-03-22T20:37:01.644493,2708.52,2700.09,143.31,-156.6,-134.88
2026-03-22T20:37:02.650593,2708.52,2700.09,143.31,-156.6,-134.88
2026-03-22T20:37:03.674701,2708.52,2700.09,143.31,-156.6,-134.88
2026-03-22T20:37:04.685743,2708.52,2700.09,143.31,-156.6,-134.88
2026-03-22T20:37:05.698676,2708.52,2700.09,143.31,-156.6,-134.88
2026-03-22T20:37:06.718274,2708.52,2700.09,143.31,-156.6,-134.88
2026-03-22T20:37:07.726185,2708.52,2700.09,143.31,-156.6,-134.88
2026-03-22T20:37:08.744648,2708.52,2700.09,143.31,-156.6,-134.88
2026-03-22T20:37:09.751588,2708.52,2700.09,143.31,-156.6,-134.88
2026-03-22T20:37:10.764705,2708.52,2700.09,143.31,-156.6,-134.88
2026-03-22T20:37:11.785647,2708.52,2700.09,143.31,-156.6,-134.88
2026-03-22T20:37:12.811178,2708.52,2700.09,143.31,-156.6,-134.88
2026-03-22T20:37:13.825304,2708.52,2700.09,143.31,-156.6,-134.88
2026-03-22T20:37:14.844339,2708.52,2700.09,143.31,-156.6,-134.88
2026-03-22T20:37:15.865961,2708.52,2700.09,143.31,-156.6,-134.88
2026-03-22T20:37:16.891725,2708.52,2700.09,143.31,-156.6,-134.88
2026-03-22T20:37:17.898964,2708.52,2700.09,143.31,-156.6,-134.88
2026-03-22T20:37:18.927882,2708.52,2700.09,143.31,-156.6,-134.88
2026-03-22T20:37:19.956914,2708.52,2700.09,143.31,-156.6,-134.88
2026-03-22T20:37:20.978134,2708.52,2700.09,143.31,-156.6,-134.88
2026-03-22T20:37:21.992806,2708.52,2700.09,143.31,-156.6,-134.88
2026-03-22T20:37:23.015098,2708.52,2700.09,143.31,-156.6,-134.88
2026-03-22T20:37:24.026486,2708.52,2700.09,143.31,-156.6,-134.88
2026-03-22T20:37:25.062524,2708.52,2700.09,143.31,-156.6,-134.88
2026-03-22T20:37:26.075338,2708.52,2700.09,143.31,-156.6,-134.88
2026-03-22T20:37:27.085044,2708.52,2700.09,143.31,-156.6,-134.88
2026-03-22T20:37:28.101833,2708.52,2700.09,143.31,-156.6,-134.88
2026-03-22T20:37:29.116415,2708.52,2700.09,143.31,-156.6,-134.88
2026-03-22T20:37:30.136685,2708.52,2700.09,143.31,-156.6,-134.88
2026-03-22T20:37:31.149426,2708.52,2700.09,143.31,-156.6,-134.88
2026-03-22T20:37:32.159001,2708.52,2700.09,143.31,-156.6,-134.88
2026-03-22T20:37:33.180854,2708.52,2700.09,143.31,-156.6,-134.88
2026-03-22T20:37:34.195925,2708.52,2700.09,143.31,-156.6,-134.88
2026-03-22T20:37:35.213177,2708.52,2700.09,143.31,-156.6,-134.88
2026-03-22T20:37:36.233705,2708.52,2700.09,143.31,-156.6,-134.88
2026-03-22T20:37:37.260453,2708.52,2700.09,143.31,-156.6,-134.88
2026-03-22T20:37:38.273066,2705.71,2700.09,143.31,-156.6,-137.69
2026-03-22T20:37:39.294614,2705.71,2700.09,143.31,-156.6,-137.69
2026-03-22T20:37:40.308800,2705.71,2700.09,143.31,-156.6,-137.69
2026-03-22T20:37:41.323289,2705.71,2565.55,277.85,-156.6,-137.69
2026-03-22T20:37:42.330025,2704.81,2564.65,277.85,-157.5,-137.69
2026-03-22T20:37:43.340849,2704.81,2564.65,277.85,-157.5,-137.69
2026-03-22T20:37:44.362708,2704.81,2564.65,277.85,-157.5,-137.69
2026-03-22T20:37:45.381425,2704.81,2564.65,277.85,-157.5,-137.69
2026-03-22T20:37:46.398295,2704.81,2564.65,277.85,-157.5,-137.69
2026-03-22T20:37:47.415173,2704.81,2564.65,277.85,-157.5,-137.69
2026-03-22T20:37:48.441924,2704.81,2564.65,277.85,-157.5,-137.69
2026-03-22T20:37:49.457203,2704.81,2564.65,277.85,-157.5,-137.69
2026-03-22T20:37:50.478533,2704.81,2564.65,277.85,-157.5,-137.69
2026-03-22T20:37:51.507722,2704.81,2564.65,277.85,-157.5,-137.69
2026-03-22T20:37:52.534638,2687.45,2564.65,277.85,-157.5,-155.04999999999998
2026-03-22T20:37:53.541638,2687.45,2564.65,277.85,-157.5,-155.04999999999998
2026-03-22T20:37:54.559260,2687.45,2564.65,277.85,-157.5,-155.04999999999998
2026-03-22T20:37:55.573858,2687.45,2564.65,277.85,-157.5,-155.04999999999998
2026-03-22T20:37:56.595400,2687.45,2564.65,277.85,-157.5,-155.04999999999998
2026-03-22T20:37:57.612483,2687.45,2564.65,277.85,-157.5,-155.04999999999998
2026-03-22T20:37:58.619235,2687.45,2564.65,277.85,-157.5,-155.04999999999998
2026-03-22T20:37:59.634716,2687.45,2564.65,277.85,-157.5,-155.04999999999998
2026-03-22T20:38:00.655646,2687.45,2564.65,277.85,-157.5,-155.04999999999998
2026-03-22T20:38:01.674859,2687.45,2564.65,277.85,-157.5,-155.04999999999998
2026-03-22T20:38:02.691388,2687.45,2564.65,277.85,-157.5,-155.04999999999998
2026-03-22T20:38:03.706223,2687.45,2564.65,277.85,-157.5,-155.04999999999998
2026-03-22T20:38:04.725708,2687.45,2564.65,277.85,-157.5,-155.04999999999998
2026-03-22T20:38:05.744147,2687.45,2564.65,277.85,-157.5,-155.04999999999998
2026-03-22T20:38:06.764199,2687.45,2564.65,277.85,-157.5,-155.04999999999998
2026-03-22T20:38:07.786354,2689.62,2564.65,277.85,-157.5,-152.88
2026-03-22T20:38:08.804622,2689.62,2564.65,277.85,-157.5,-152.88
2026-03-22T20:38:09.818210,2689.62,2564.65,277.85,-157.5,-152.88
2026-03-22T20:38:10.839004,2689.62,2564.65,277.85,-157.5,-152.88
2026-03-22T20:38:11.857678,2689.62,2564.65,277.85,-157.5,-152.88
2026-03-22T20:38:12.877842,2689.62,2564.65,277.85,-157.5,-152.88
2026-03-22T20:38:13.888440,2689.62,2564.65,277.85,-157.5,-152.88
2026-03-22T20:38:14.912929,2689.62,2564.65,277.85,-157.5,-152.88
2026-03-22T20:38:15.928152,2689.62,2564.65,277.85,-157.5,-152.88
2026-03-22T20:38:16.935456,2689.62,2564.65,277.85,-157.5,-152.88
2026-03-22T20:38:17.960131,2689.62,2564.65,277.85,-157.5,-152.88
2026-03-22T20:38:19.009570,2689.62,2564.65,277.85,-157.5,-152.88
2026-03-22T20:38:20.031731,2689.62,2564.65,277.85,-157.5,-152.88
2026-03-22T20:38:21.060234,2689.62,2564.65,277.85,-157.5,-152.88
2026-03-22T20:38:22.093453,2689.62,2564.65,277.85,-157.5,-152.88
2026-03-22T20:38:23.116997,2689.62,2564.65,277.85,-157.5,-152.88
2026-03-22T20:38:24.132102,2716.55,2716.55,0.0,-283.45,0
2026-03-22T20:38:25.147148,2716.55,2716.55,0.0,-283.45,0
2026-03-22T20:38:26.160610,2716.55,2716.55,0.0,-283.45,0
2026-03-22T20:38:27.188366,2716.55,2716.55,0.0,-283.45,0
2026-03-22T20:38:28.199193,2716.55,2716.55,0.0,-283.45,0
2026-03-22T20:38:29.225374,2716.55,2716.55,0.0,-283.45,0
2026-03-22T20:38:30.250243,2716.55,2716.55,0.0,-283.45,0
2026-03-22T20:38:31.266230,2716.55,2716.55,0.0,-283.45,0
2026-03-22T20:38:32.277463,2716.55,2716.55,0.0,-283.45,0
2026-03-22T20:38:33.302212,2716.55,2716.55,0.0,-283.45,0
2026-03-22T20:38:34.310874,2716.55,2716.55,0.0,-283.45,0
2026-03-22T20:38:35.330596,2716.55,2716.55,0.0,-283.45,0
2026-03-22T20:38:36.347045,2716.55,2716.55,0.0,-283.45,0
2026-03-22T20:38:37.359762,2716.55,2716.55,0.0,-283.45,0
2026-03-22T20:38:38.372654,2716.55,2716.55,0.0,-283.45,0
2026-03-22T20:38:39.393945,2716.55,2716.55,0.0,-283.45,0
2026-03-22T20:38:40.405092,2716.55,2716.55,0.0,-283.45,0
2026-03-22T20:38:41.422915,2716.55,2716.55,0.0,-283.45,0
2026-03-22T20:38:42.446862,2716.55,2716.55,0.0,-283.45,0
2026-03-22T20:38:43.458915,2716.55,2716.55,0.0,-283.45,0
2026-03-22T20:38:44.465179,2716.55,2716.55,0.0,-283.45,0
2026-03-22T20:38:45.494656,2716.55,2716.55,0.0,-283.45,0
2026-03-22T20:38:46.510876,2716.55,2716.55,0.0,-283.45,0
2026-03-22T20:38:47.526172,2716.55,2716.55,0.0,-283.45,0
2026-03-22T20:38:48.536603,2716.55,2716.55,0.0,-283.45,0
2026-03-22T20:38:49.556624,2716.55,2716.55,0.0,-283.45,0
2026-03-22T20:38:50.572695,2716.55,2716.55,0.0,-283.45,0
2026-03-22T20:38:51.588115,2716.55,2716.55,0.0,-283.45,0
2026-03-22T20:38:52.620165,2716.55,2716.55,0.0,-283.45,0
2026-03-22T20:38:53.630462,2716.55,2716.55,0.0,-283.45,0
2026-03-22T20:38:54.641451,2716.55,2716.55,0.0,-283.45,0
2026-03-22T20:38:55.664643,2716.55,2716.55,0.0,-283.45,0
2026-03-22T20:38:56.688226,2716.55,2716.55,0.0,-283.45,0
2026-03-22T20:38:57.708064,2716.55,2716.55,0.0,-283.45,0
2026-03-22T20:38:58.724448,2716.55,2716.55,0.0,-283.45,0
2026-03-22T20:38:59.737196,2716.55,2716.55,0.0,-283.45,0
2026-03-22T20:39:00.747812,2716.55,2716.55,0.0,-283.45,0
2026-03-22T20:39:01.759407,2716.55,2716.55,0.0,-283.45,0
2026-03-22T20:39:02.787787,2716.55,2716.55,0.0,-283.45,0
2026-03-22T20:39:03.805508,2716.55,2716.55,0.0,-283.45,0
2026-03-22T20:39:04.821624,2716.55,2716.55,0.0,-283.45,0
2026-03-22T20:39:05.844829,2716.55,2716.55,0.0,-283.45,0
2026-03-22T20:39:06.859154,2716.55,2716.55,0.0,-283.45,0
2026-03-22T20:39:07.878814,2716.55,2716.55,0.0,-283.45,0
2026-03-22T20:39:08.894777,2716.55,2716.55,0.0,-283.45,0
2026-03-22T20:39:09.906832,2716.55,2716.55,0.0,-283.45,0
2026-03-22T20:39:10.936104,2716.55,2716.55,0.0,-283.45,0
2026-03-22T20:39:11.969667,2716.55,2716.55,0.0,-283.45,0
2026-03-22T20:39:12.982548,2716.55,2716.55,0.0,-283.45,0
2026-03-22T20:39:14.004642,2716.55,2716.55,0.0,-283.45,0
2026-03-22T20:39:15.028833,2716.55,2716.55,0.0,-283.45,0
2026-03-22T20:39:16.037527,2716.55,2716.55,0.0,-283.45,0
2026-03-22T20:39:17.052116,2716.55,2716.55,0.0,-283.45,0
2026-03-22T20:39:18.076427,2716.55,2716.55,0.0,-283.45,0
2026-03-22T20:39:19.097880,2716.55,2716.55,0.0,-283.45,0
2026-03-22T20:39:20.130699,2716.55,2716.55,0.0,-283.45,0
2026-03-22T20:39:21.159708,2716.55,2716.55,0.0,-283.45,0
2026-03-22T20:39:22.178229,2716.55,2716.55,0.0,-283.45,0
2026-03-22T20:39:23.188077,2716.55,2716.55,0.0,-283.45,0
2026-03-22T20:39:24.209351,2716.55,2716.55,0.0,-283.45,0
2026-03-22T20:39:25.226251,2716.55,2716.55,0.0,-283.45,0
2026-03-22T20:39:26.237677,2716.55,2716.55,0.0,-283.45,0
2026-03-22T20:39:27.251858,2716.55,2716.55,0.0,-283.45,0
2026-03-22T20:39:28.268823,2716.55,2716.55,0.0,-283.45,0
2026-03-22T20:39:29.281724,2716.55,2716.55,0.0,-283.45,0
2026-03-22T20:39:30.313249,2716.55,2716.55,0.0,-283.45,0
2026-03-22T20:39:31.328925,2716.55,2716.55,0.0,-283.45,0
2026-03-22T20:39:32.342287,2716.55,2716.55,0.0,-283.45,0
2026-03-22T20:39:33.357579,2716.55,2716.55,0.0,-283.45,0
2026-03-22T20:39:34.377607,2716.55,2716.55,0.0,-283.45,0
2026-03-22T20:39:35.407239,2716.55,2716.55,0.0,-283.45,0
2026-03-22T20:39:36.426277,2716.55,2716.55,0.0,-283.45,0
2026-03-22T20:39:37.451656,2716.55,2716.55,0.0,-283.45,0
2026-03-22T20:39:38.467404,2716.55,2716.55,0.0,-283.45,0
2026-03-22T20:39:39.496302,2716.55,2716.55,0.0,-283.45,0
2026-03-22T20:39:40.519043,2716.55,2716.55,0.0,-283.45,0
2026-03-22T20:39:41.542243,2716.55,2716.55,0.0,-283.45,0
2026-03-22T20:39:42.557088,2716.55,2716.55,0.0,-283.45,0
2026-03-22T20:39:43.573682,2716.55,2716.55,0.0,-283.45,0
2026-03-22T20:39:44.593047,2716.55,2716.55,0.0,-283.45,0
2026-03-22T20:39:45.612826,2716.55,2716.55,0.0,-283.45,0
2026-03-22T20:39:46.630839,2716.55,2716.55,0.0,-283.45,0
2026-03-22T20:39:47.648153,2716.55,2716.55,0.0,-283.45,0
2026-03-22T20:39:48.659346,2716.55,2716.55,0.0,-283.45,0
2026-03-22T20:39:49.686437,2716.55,2716.55,0.0,-283.45,0
2026-03-22T20:39:50.713200,2716.55,2716.55,0.0,-283.45,0
2026-03-22T20:39:51.725454,2716.55,2716.55,0.0,-283.45,0
2026-03-22T20:39:52.743267,2716.55,2716.55,0.0,-283.45,0
2026-03-22T20:39:53.770226,2716.55,2716.55,0.0,-283.45,0
2026-03-22T20:39:54.784383,2716.55,2716.55,0.0,-283.45,0
2026-03-22T20:39:55.809732,2716.55,2716.55,0.0,-283.45,0
2026-03-22T20:39:56.821779,2716.55,2716.55,0.0,-283.45,0
2026-03-22T20:39:57.846106,2716.55,2716.55,0.0,-283.45,0
2026-03-22T20:39:58.867158,2716.55,2716.55,0.0,-283.45,0
2026-03-22T20:39:59.880826,2716.55,2716.55,0.0,-283.45,0
2026-03-22T20:40:00.896430,2716.55,2716.55,0.0,-283.45,0
2026-03-22T20:40:01.909220,2716.55,2716.55,0.0,-283.45,0
2026-03-22T20:40:02.919150,2716.55,2716.55,0.0,-283.45,0
2026-03-22T20:40:03.931547,2716.55,2716.55,0.0,-283.45,0
2026-03-22T20:40:04.968100,2716.55,2716.55,0.0,-283.45,0
2026-03-22T20:40:05.985564,2716.55,2716.55,0.0,-283.45,0
2026-03-22T20:40:07.001532,2716.55,2716.55,0.0,-283.45,0
2026-03-22T20:40:08.016242,2716.55,2716.55,0.0,-283.45,0
2026-03-22T20:40:09.034453,2716.55,2716.55,0.0,-283.45,0
2026-03-22T20:40:10.051967,2716.55,2716.55,0.0,-283.45,0
2026-03-22T20:40:11.060295,2716.55,2716.55,0.0,-283.45,0
2026-03-22T20:40:12.084495,2716.55,2716.55,0.0,-283.45,0
2026-03-22T20:40:13.099447,2716.55,2716.55,0.0,-283.45,0
2026-03-22T20:40:14.108280,2716.55,2716.55,0.0,-283.45,0
2026-03-22T20:40:15.117509,2716.55,2716.55,0.0,-283.45,0
2026-03-22T20:40:16.137989,2716.55,2716.55,0.0,-283.45,0
2026-03-22T20:40:17.160702,2716.55,2716.55,0.0,-283.45,0
2026-03-22T20:40:18.180601,2716.55,2716.55,0.0,-283.45,0
2026-03-22T20:40:19.201306,2716.55,2716.55,0.0,-283.45,0
2026-03-22T20:40:20.219733,2716.55,2716.55,0.0,-283.45,0
2026-03-22T20:40:21.243182,2716.55,2716.55,0.0,-283.45,0
2026-03-22T20:40:22.257086,2716.55,2716.55,0.0,-283.45,0
2026-03-22T20:40:23.267032,2716.55,2716.55,0.0,-283.45,0
2026-03-22T20:40:24.282408,2716.55,2716.55,0.0,-283.45,0
2026-03-22T20:40:25.290951,2716.55,2716.55,0.0,-283.45,0
2026-03-22T20:40:26.313508,2716.55,2716.55,0.0,-283.45,0
2026-03-22T20:40:27.328871,2716.55,2716.55,0.0,-283.45,0
2026-03-22T20:40:28.357291,2716.55,2716.55,0.0,-283.45,0
2026-03-22T20:40:29.369292,2716.55,2716.55,0.0,-283.45,0
2026-03-22T20:40:30.394929,2716.55,2716.55,0.0,-283.45,0
2026-03-22T20:40:31.410872,2716.55,2716.55,0.0,-283.45,0
2026-03-22T20:40:32.435680,2716.55,2716.55,0.0,-283.45,0
2026-03-22T20:40:33.451112,2716.55,2716.55,0.0,-283.45,0
2026-03-22T20:40:34.468378,2716.55,2716.55,0.0,-283.45,0
2026-03-22T20:40:35.487766,2716.55,2716.55,0.0,-283.45,0
2026-03-22T20:40:36.496978,2716.55,2716.55,0.0,-283.45,0
2026-03-22T20:40:37.527291,2716.55,2716.55,0.0,-283.45,0
2026-03-22T20:40:38.543607,2716.55,2716.55,0.0,-283.45,0
2026-03-22T20:40:39.558667,2716.55,2716.55,0.0,-283.45,0
2026-03-22T20:40:40.572803,2716.55,2716.55,0.0,-283.45,0
2026-03-22T20:40:41.596181,2716.55,2716.55,0.0,-283.45,0
2026-03-22T20:40:42.608650,2716.55,2716.55,0.0,-283.45,0
2026-03-22T20:40:43.628100,2716.55,2716.55,0.0,-283.45,0
2026-03-22T20:40:44.644414,2716.55,2716.55,0.0,-283.45,0
2026-03-22T20:40:45.659167,2716.55,2716.55,0.0,-283.45,0
2026-03-22T20:40:46.669473,2716.55,2716.55,0.0,-283.45,0
2026-03-22T20:40:47.694064,2716.55,2716.55,0.0,-283.45,0
2026-03-22T20:40:48.706628,2716.55,2716.55,0.0,-283.45,0
2026-03-22T20:40:49.724825,2716.55,2716.55,0.0,-283.45,0
2026-03-22T20:40:50.749276,2716.55,2716.55,0.0,-283.45,0
2026-03-22T20:40:51.772160,2716.55,2716.55,0.0,-283.45,0
2026-03-22T20:40:52.790117,2716.55,2716.55,0.0,-283.45,0
2026-03-22T20:40:53.816355,2716.55,2716.55,0.0,-283.45,0
2026-03-22T20:40:54.830620,2716.55,2580.84,135.71,-283.45,0
2026-03-22T20:40:55.840991,2716.55,2580.84,135.71,-283.45,0
2026-03-22T20:40:56.858634,2715.14,2579.43,135.71,-284.86,0.0
2026-03-22T20:40:57.874798,2715.14,2579.43,135.71,-284.86,0.0
2026-03-22T20:40:58.888072,2715.14,2579.43,135.71,-284.86,0.0
2026-03-22T20:40:59.899708,2715.14,2579.43,135.71,-284.86,0.0
2026-03-22T20:41:00.916704,2715.14,2579.43,135.71,-284.86,0.0
2026-03-22T20:41:01.935147,2715.14,2579.43,135.71,-284.86,0.0
2026-03-22T20:41:02.948562,2715.14,2579.43,135.71,-284.86,0.0
2026-03-22T20:41:03.963093,2715.14,2579.43,135.71,-284.86,0.0
2026-03-22T20:41:04.985651,2715.14,2579.43,135.71,-284.86,0.0
2026-03-22T20:41:06.001237,2715.14,2579.43,135.71,-284.86,0.0
2026-03-22T20:41:07.019535,2715.14,2579.43,135.71,-284.86,0.0
2026-03-22T20:41:08.044909,2715.14,2579.43,135.71,-284.86,0.0
2026-03-22T20:41:09.056551,2711.83,2579.43,135.71,-284.86,-3.310000000000003
2026-03-22T20:41:10.077139,2711.83,2579.43,135.71,-284.86,-3.310000000000003
2026-03-22T20:41:11.091018,2711.83,2579.43,135.71,-284.86,-3.310000000000003
2026-03-22T20:41:12.111464,2711.83,2579.43,135.71,-284.86,-3.310000000000003
2026-03-22T20:41:13.136296,2711.83,2579.43,135.71,-284.86,-3.310000000000003
2026-03-22T20:41:14.157267,2711.83,2579.43,135.71,-284.86,-3.310000000000003
2026-03-22T20:41:15.177799,2711.83,2579.43,135.71,-284.86,-3.310000000000003
2026-03-22T20:41:16.203899,2711.83,2579.43,135.71,-284.86,-3.310000000000003
2026-03-22T20:41:17.225667,2711.83,2579.43,135.71,-284.86,-3.310000000000003
2026-03-22T20:41:18.246671,2711.83,2579.43,135.71,-284.86,-3.310000000000003
2026-03-22T20:41:19.263200,2711.83,2579.43,135.71,-284.86,-3.310000000000003
2026-03-22T20:41:20.284376,2711.83,2579.43,135.71,-284.86,-3.310000000000003
2026-03-22T20:41:21.296134,2711.83,2579.43,135.71,-284.86,-3.310000000000003
2026-03-22T20:41:22.314816,2711.83,2579.43,135.71,-284.86,-3.310000000000003
2026-03-22T20:41:23.339048,2711.83,2579.43,135.71,-284.86,-3.310000000000003
2026-03-22T20:41:24.354101,2711.83,2579.43,135.71,-284.86,-3.310000000000003
2026-03-22T20:41:25.364907,2711.83,2579.43,135.71,-284.86,-3.310000000000003
2026-03-22T20:41:26.378486,2711.83,2579.43,135.71,-284.86,-3.310000000000003
2026-03-22T20:41:27.393285,2711.83,2579.43,135.71,-284.86,-3.310000000000003
2026-03-22T20:41:28.413427,2711.83,2579.43,135.71,-284.86,-3.310000000000003
2026-03-22T20:41:29.422416,2711.83,2579.43,135.71,-284.86,-3.310000000000003
2026-03-22T20:41:30.450904,2711.83,2579.43,135.71,-284.86,-3.310000000000003
2026-03-22T20:41:31.464701,2711.83,2579.43,135.71,-284.86,-3.310000000000003
2026-03-22T20:41:32.488731,2711.83,2579.43,135.71,-284.86,-3.310000000000003
2026-03-22T20:41:33.513437,2711.83,2579.43,135.71,-284.86,-3.310000000000003
2026-03-22T20:41:34.530121,2711.83,2579.43,135.71,-284.86,-3.310000000000003
2026-03-22T20:41:35.551309,2711.83,2579.43,135.71,-284.86,-3.310000000000003
2026-03-22T20:41:36.570749,2711.83,2579.43,135.71,-284.86,-3.310000000000003
2026-03-22T20:41:37.590888,2711.83,2711.83,0.0,-288.17,0
2026-03-22T20:41:38.612258,2711.83,2711.83,0.0,-288.17,0
2026-03-22T20:41:39.635200,2711.83,2711.83,0.0,-288.17,0
2026-03-22T20:41:40.644628,2711.83,2711.83,0.0,-288.17,0
2026-03-22T20:41:41.666543,2711.83,2711.83,0.0,-288.17,0
2026-03-22T20:41:42.686069,2711.83,2711.83,0.0,-288.17,0
2026-03-22T20:41:43.702566,2711.83,2711.83,0.0,-288.17,0
2026-03-22T20:41:44.762224,2711.83,2711.83,0.0,-288.17,0
2026-03-22T20:41:45.786869,2711.83,2711.83,0.0,-288.17,0
2026-03-22T20:41:46.804667,2711.83,2711.83,0.0,-288.17,0
2026-03-22T20:41:47.821141,2711.83,2711.83,0.0,-288.17,0
2026-03-22T20:41:48.844034,2711.83,2711.83,0.0,-288.17,0
2026-03-22T20:41:49.872118,2711.83,2711.83,0.0,-288.17,0
2026-03-22T20:41:50.882687,2711.83,2711.83,0.0,-288.17,0
2026-03-22T20:41:51.907780,2711.83,2711.83,0.0,-288.17,0
2026-03-22T20:41:52.939998,2711.83,2711.83,0.0,-288.17,0
2026-03-22T20:41:53.953191,2711.83,2711.83,0.0,-288.17,0
2026-03-22T20:41:54.962411,2711.83,2711.83,0.0,-288.17,0
2026-03-22T20:41:55.982319,2711.83,2711.83,0.0,-288.17,0
2026-03-22T20:41:57.006094,2711.83,2711.83,0.0,-288.17,0
2026-03-22T20:41:58.014639,2711.83,2711.83,0.0,-288.17,0
2026-03-22T20:41:59.037957,2711.83,2711.83,0.0,-288.17,0
2026-03-22T20:42:00.055574,2711.83,2711.83,0.0,-288.17,0
2026-03-22T20:42:01.061967,2711.83,2711.83,0.0,-288.17,0
2026-03-22T20:42:02.075374,2711.83,2711.83,0.0,-288.17,0
2026-03-22T20:42:03.090511,2711.83,2711.83,0.0,-288.17,0
2026-03-22T20:42:04.105530,2711.83,2711.83,0.0,-288.17,0
2026-03-22T20:42:05.114809,2711.83,2711.83,0.0,-288.17,0
2026-03-22T20:42:06.139519,2711.83,2711.83,0.0,-288.17,0
2026-03-22T20:42:07.160800,2711.83,2711.83,0.0,-288.17,0
2026-03-22T20:42:08.182733,2711.83,2711.83,0.0,-288.17,0
2026-03-22T20:42:09.194430,2711.83,2711.83,0.0,-288.17,0
2026-03-22T20:42:10.207729,2711.83,2711.83,0.0,-288.17,0
2026-03-22T20:42:11.221106,2711.83,2711.83,0.0,-288.17,0
2026-03-22T20:42:12.247389,2711.83,2711.83,0.0,-288.17,0
2026-03-22T20:42:13.257709,2711.83,2711.83,0.0,-288.17,0
2026-03-22T20:42:14.274505,2711.83,2711.83,0.0,-288.17,0
2026-03-22T20:42:15.292642,2711.83,2711.83,0.0,-288.17,0
2026-03-22T20:42:16.309454,2711.83,2711.83,0.0,-288.17,0
2026-03-22T20:42:17.322837,2711.83,2711.83,0.0,-288.17,0
2026-03-22T20:42:18.338334,2711.83,2711.83,0.0,-288.17,0
2026-03-22T20:42:19.346419,2711.83,2711.83,0.0,-288.17,0
2026-03-22T20:42:20.359388,2711.83,2711.83,0.0,-288.17,0
2026-03-22T20:42:21.373752,2711.83,2711.83,0.0,-288.17,0
2026-03-22T20:42:22.399496,2711.83,2711.83,0.0,-288.17,0
2026-03-22T20:42:23.433300,2711.83,2711.83,0.0,-288.17,0
2026-03-22T20:42:24.459202,2711.83,2711.83,0.0,-288.17,0
2026-03-22T20:42:25.476572,2711.83,2711.83,0.0,-288.17,0
2026-03-22T20:42:26.495315,2711.83,2711.83,0.0,-288.17,0
2026-03-22T20:42:27.504828,2711.83,2711.83,0.0,-288.17,0
2026-03-22T20:42:28.522059,2711.83,2711.83,0.0,-288.17,0
2026-03-22T20:42:29.541570,2711.83,2711.83,0.0,-288.17,0
2026-03-22T20:42:30.566112,2711.83,2711.83,0.0,-288.17,0
2026-03-22T20:42:31.584055,2711.83,2711.83,0.0,-288.17,0
2026-03-22T20:42:32.594205,2711.83,2711.83,0.0,-288.17,0
2026-03-22T20:42:33.608114,2711.83,2711.83,0.0,-288.17,0
2026-03-22T20:42:34.625079,2711.83,2711.83,0.0,-288.17,0
2026-03-22T20:42:35.643250,2711.83,2711.83,0.0,-288.17,0
2026-03-22T20:42:36.669169,2711.83,2711.83,0.0,-288.17,0
2026-03-22T20:42:37.683666,2711.83,2576.63,135.20000000000002,-288.17,0
2026-03-22T20:42:38.702049,2711.83,2576.63,135.20000000000002,-288.17,0
2026-03-22T20:42:39.718852,2711.83,2576.63,135.20000000000002,-288.17,0
2026-03-22T20:42:40.727375,2711.35,2576.15,135.20000000000002,-288.65000000000003,0.0
2026-03-22T20:42:41.741112,2711.35,2576.15,135.20000000000002,-288.65000000000003,0.0
2026-03-22T20:42:42.762546,2711.35,2576.15,135.20000000000002,-288.65000000000003,0.0
2026-03-22T20:42:43.772407,2711.35,2576.15,135.20000000000002,-288.65000000000003,0.0
2026-03-22T20:42:44.787460,2711.35,2576.15,135.20000000000002,-288.65000000000003,0.0
2026-03-22T20:42:45.797155,2711.35,2576.15,135.20000000000002,-288.65000000000003,0.0
2026-03-22T20:42:46.814087,2711.35,2576.15,135.20000000000002,-288.65000000000003,0.0
2026-03-22T20:42:47.836125,2711.35,2576.15,135.20000000000002,-288.65000000000003,0.0
2026-03-22T20:42:48.856621,2711.35,2576.15,135.20000000000002,-288.65000000000003,0.0
2026-03-22T20:42:49.886307,2711.35,2576.15,135.20000000000002,-288.65000000000003,0.0
2026-03-22T20:42:50.905501,2716.42,2576.15,135.20000000000002,-288.65000000000003,5.069999999999986
2026-03-22T20:42:51.924542,2716.42,2576.15,135.20000000000002,-288.65000000000003,5.069999999999986
2026-03-22T20:42:52.941061,2716.42,2576.15,135.20000000000002,-288.65000000000003,5.069999999999986
2026-03-22T20:42:53.957941,2716.42,2576.15,135.20000000000002,-288.65000000000003,5.069999999999986
2026-03-22T20:42:54.969757,2716.42,2576.15,135.20000000000002,-288.65000000000003,5.069999999999986
2026-03-22T20:42:56.002863,2716.42,2576.15,135.20000000000002,-288.65000000000003,5.069999999999986
2026-03-22T20:42:57.013072,2716.42,2576.15,135.20000000000002,-288.65000000000003,5.069999999999986
2026-03-22T20:42:58.028375,2716.42,2576.15,135.20000000000002,-288.65000000000003,5.069999999999986
2026-03-22T20:42:59.048768,2716.42,2576.15,135.20000000000002,-288.65000000000003,5.069999999999986
2026-03-22T20:43:00.070205,2716.42,2576.15,135.20000000000002,-288.65000000000003,5.069999999999986
2026-03-22T20:43:01.095177,2716.42,2576.15,135.20000000000002,-288.65000000000003,5.069999999999986
2026-03-22T20:43:02.107346,2716.42,2576.15,135.20000000000002,-288.65000000000003,5.069999999999986
2026-03-22T20:43:03.116367,2716.42,2576.15,135.20000000000002,-288.65000000000003,5.069999999999986
2026-03-22T20:43:04.143296,2716.42,2576.15,135.20000000000002,-288.65000000000003,5.069999999999986
2026-03-22T20:43:05.161059,2716.42,2576.15,135.20000000000002,-288.65000000000003,5.069999999999986
2026-03-22T20:43:06.186998,2716.42,2576.15,135.20000000000002,-288.65000000000003,5.069999999999986
2026-03-22T20:43:07.204389,2702.9,2576.15,135.20000000000002,-288.65000000000003,-8.450000000000008
2026-03-22T20:43:08.215225,2702.9,2576.15,135.20000000000002,-288.65000000000003,-8.450000000000008
2026-03-22T20:43:09.236978,2702.9,2576.15,135.20000000000002,-288.65000000000003,-8.450000000000008
2026-03-22T20:43:10.259189,2702.9,2576.15,135.20000000000002,-288.65000000000003,-8.450000000000008
2026-03-22T20:43:11.279402,2702.9,2576.15,135.20000000000002,-288.65000000000003,-8.450000000000008
2026-03-22T20:43:12.289987,2702.9,2576.15,135.20000000000002,-288.65000000000003,-8.450000000000008
2026-03-22T20:43:13.313181,2702.9,2576.15,135.20000000000002,-288.65000000000003,-8.450000000000008
2026-03-22T20:43:14.319779,2702.9,2576.15,135.20000000000002,-288.65000000000003,-8.450000000000008
2026-03-22T20:43:15.334690,2702.9,2576.15,135.20000000000002,-288.65000000000003,-8.450000000000008
2026-03-22T20:43:16.359063,2702.9,2576.15,135.20000000000002,-288.65000000000003,-8.450000000000008
2026-03-22T20:43:17.370113,2702.9,2576.15,135.20000000000002,-288.65000000000003,-8.450000000000008
2026-03-22T20:43:18.380254,2702.9,2576.15,135.20000000000002,-288.65000000000003,-8.450000000000008
2026-03-22T20:43:19.392595,2702.9,2576.15,135.20000000000002,-288.65000000000003,-8.450000000000008
2026-03-22T20:43:20.414292,2702.9,2576.15,135.20000000000002,-288.65000000000003,-8.450000000000008
2026-03-22T20:43:21.424607,2702.9,2576.15,135.20000000000002,-288.65000000000003,-8.450000000000008
2026-03-22T20:43:22.441015,2702.9,2576.15,135.20000000000002,-288.65000000000003,-8.450000000000008
2026-03-22T20:43:23.468908,2702.9,2576.15,135.20000000000002,-288.65000000000003,-8.450000000000008
2026-03-22T20:43:24.497000,2702.9,2576.15,135.20000000000002,-288.65000000000003,-8.450000000000008
2026-03-22T20:43:25.520115,2611.64,2611.64,0.0,-388.36,0
2026-03-22T20:43:26.534939,2611.64,2611.64,0.0,-388.36,0
2026-03-22T20:43:27.599547,2611.64,2611.64,0.0,-388.36,0
2026-03-22T20:43:28.625959,2611.64,2611.64,0.0,-388.36,0
2026-03-22T20:43:29.654910,2611.64,2611.64,0.0,-388.36,0
2026-03-22T20:43:30.672945,2611.64,2611.64,0.0,-388.36,0
2026-03-22T20:43:31.693231,2611.64,2611.64,0.0,-388.36,0
2026-03-22T20:43:32.713622,2611.64,2611.64,0.0,-388.36,0
2026-03-22T20:43:33.735594,2611.64,2611.64,0.0,-388.36,0
2026-03-22T20:43:34.743056,2611.64,2611.64,0.0,-388.36,0
2026-03-22T20:43:35.759104,2611.64,2611.64,0.0,-388.36,0
2026-03-22T20:43:36.781555,2611.64,2611.64,0.0,-388.36,0
2026-03-22T20:43:37.796648,2611.64,2611.64,0.0,-388.36,0
2026-03-22T20:43:38.821331,2611.64,2611.64,0.0,-388.36,0
2026-03-22T20:43:39.844197,2611.64,2611.64,0.0,-388.36,0
2026-03-22T20:43:40.860857,2611.64,2611.64,0.0,-388.36,0
2026-03-22T20:43:41.874959,2611.64,2611.64,0.0,-388.36,0
2026-03-22T20:43:42.887177,2611.64,2611.64,0.0,-388.36,0
2026-03-22T20:43:43.897228,2611.64,2611.64,0.0,-388.36,0
2026-03-22T20:43:44.916586,2611.64,2611.64,0.0,-388.36,0
2026-03-22T20:43:45.927837,2611.64,2611.64,0.0,-388.36,0
2026-03-22T20:43:46.949788,2611.64,2611.64,0.0,-388.36,0
2026-03-22T20:43:47.969755,2611.64,2611.64,0.0,-388.36,0
2026-03-22T20:43:48.986123,2611.64,2611.64,0.0,-388.36,0
2026-03-22T20:43:50.014640,2611.64,2611.64,0.0,-388.36,0
2026-03-22T20:43:51.035033,2611.64,2611.64,0.0,-388.36,0
2026-03-22T20:43:52.051467,2611.64,2611.64,0.0,-388.36,0
2026-03-22T20:43:53.064461,2611.64,2611.64,0.0,-388.36,0
2026-03-22T20:43:54.074469,2611.64,2611.64,0.0,-388.36,0
2026-03-22T20:43:55.088121,2611.64,2611.64,0.0,-388.36,0
2026-03-22T20:43:56.103085,2611.64,2611.64,0.0,-388.36,0
2026-03-22T20:43:57.124458,2611.64,2611.64,0.0,-388.36,0
2026-03-22T20:43:58.135435,2611.64,2611.64,0.0,-388.36,0
2026-03-22T20:43:59.158540,2611.64,2611.64,0.0,-388.36,0
2026-03-22T20:44:00.179013,2611.64,2611.64,0.0,-388.36,0
2026-03-22T20:44:01.191217,2611.64,2611.64,0.0,-388.36,0
2026-03-22T20:44:02.212868,2611.64,2611.64,0.0,-388.36,0
2026-03-22T20:44:03.233603,2611.64,2611.64,0.0,-388.36,0
2026-03-22T20:44:04.246697,2611.64,2611.64,0.0,-388.36,0
2026-03-22T20:44:05.264344,2611.64,2611.64,0.0,-388.36,0
2026-03-22T20:44:06.281996,2611.64,2611.64,0.0,-388.36,0
2026-03-22T20:44:07.311325,2611.64,2611.64,0.0,-388.36,0
2026-03-22T20:44:08.337751,2611.64,2611.64,0.0,-388.36,0
2026-03-22T20:44:09.352027,2611.64,2611.64,0.0,-388.36,0
2026-03-22T20:44:10.374940,2611.64,2611.64,0.0,-388.36,0
2026-03-22T20:44:11.400728,2611.64,2611.64,0.0,-388.36,0
2026-03-22T20:44:12.416226,2611.64,2611.64,0.0,-388.36,0
2026-03-22T20:44:13.437763,2611.64,2611.64,0.0,-388.36,0
2026-03-22T20:44:14.446358,2611.64,2611.64,0.0,-388.36,0
2026-03-22T20:44:15.467636,2611.64,2611.64,0.0,-388.36,0
2026-03-22T20:44:16.490769,2611.64,2611.64,0.0,-388.36,0
2026-03-22T20:44:17.533892,2611.64,2611.64,0.0,-388.36,0
2026-03-22T20:44:18.550158,2611.64,2611.64,0.0,-388.36,0
2026-03-22T20:44:19.574740,2611.64,2611.64,0.0,-388.36,0
2026-03-22T20:44:20.588587,2611.64,2611.64,0.0,-388.36,0
2026-03-22T20:44:21.597275,2611.64,2611.64,0.0,-388.36,0
2026-03-22T20:44:22.614253,2611.64,2611.64,0.0,-388.36,0
2026-03-22T20:44:23.625708,2611.64,2611.64,0.0,-388.36,0
2026-03-22T20:44:24.647333,2611.64,2611.64,0.0,-388.36,0
2026-03-22T20:44:25.678394,2611.64,2611.64,0.0,-388.36,0
2026-03-22T20:44:26.700856,2611.64,2611.64,0.0,-388.36,0
2026-03-22T20:44:27.709735,2611.64,2611.64,0.0,-388.36,0
2026-03-22T20:44:28.729660,2611.64,2611.64,0.0,-388.36,0
2026-03-22T20:44:29.746367,2611.64,2611.64,0.0,-388.36,0
2026-03-22T20:44:30.753544,2611.64,2611.64,0.0,-388.36,0
2026-03-22T20:44:31.768262,2611.64,2611.64,0.0,-388.36,0
2026-03-22T20:44:32.775715,2611.64,2611.64,0.0,-388.36,0
2026-03-22T20:44:33.790757,2611.64,2611.64,0.0,-388.36,0
2026-03-22T20:44:34.810830,2611.64,2611.64,0.0,-388.36,0
2026-03-22T20:44:35.833204,2611.64,2611.64,0.0,-388.36,0
2026-03-22T20:44:36.855894,2611.64,2611.64,0.0,-388.36,0
2026-03-22T20:44:37.873183,2611.64,2611.64,0.0,-388.36,0
2026-03-22T20:44:38.889006,2611.64,2611.64,0.0,-388.36,0
2026-03-22T20:44:39.903617,2611.64,2611.64,0.0,-388.36,0
2026-03-22T20:44:40.925814,2611.64,2611.64,0.0,-388.36,0
2026-03-22T20:44:41.936175,2611.64,2611.64,0.0,-388.36,0
2026-03-22T20:44:42.965551,2611.64,2611.64,0.0,-388.36,0
2026-03-22T20:44:43.982744,2611.64,2611.64,0.0,-388.36,0
2026-03-22T20:44:44.996406,2611.64,2611.64,0.0,-388.36,0
2026-03-22T20:44:46.010597,2611.64,2611.64,0.0,-388.36,0
2026-03-22T20:44:47.030651,2611.64,2611.64,0.0,-388.36,0
2026-03-22T20:44:48.047813,2611.64,2611.64,0.0,-388.36,0
2026-03-22T20:44:49.057167,2611.64,2611.64,0.0,-388.36,0
2026-03-22T20:44:50.074824,2611.64,2611.64,0.0,-388.36,0
2026-03-22T20:44:51.092581,2611.64,2611.64,0.0,-388.36,0
2026-03-22T20:44:52.115152,2611.64,2611.64,0.0,-388.36,0
2026-03-22T20:44:53.143833,2611.64,2611.64,0.0,-388.36,0
2026-03-22T20:44:54.166412,2611.64,2611.64,0.0,-388.36,0
2026-03-22T20:44:55.175379,2611.64,2611.64,0.0,-388.36,0
2026-03-22T20:44:56.200028,2611.64,2611.64,0.0,-388.36,0
2026-03-22T20:44:57.219665,2611.64,2611.64,0.0,-388.36,0
2026-03-22T20:44:58.239462,2611.64,2611.64,0.0,-388.36,0
2026-03-22T20:44:59.257143,2611.64,2611.64,0.0,-388.36,0
2026-03-22T20:45:00.264541,2611.64,2611.64,0.0,-388.36,0
2026-03-22T20:45:01.285888,2611.64,2611.64,0.0,-388.36,0
2026-03-22T20:45:02.295205,2611.64,2611.64,0.0,-388.36,0
2026-03-22T20:45:03.314721,2611.64,2611.64,0.0,-388.36,0
2026-03-22T20:45:04.338725,2611.64,2611.64,0.0,-388.36,0
2026-03-22T20:45:05.357768,2611.64,2611.64,0.0,-388.36,0
2026-03-22T20:45:06.406397,2611.64,2611.64,0.0,-388.36,0
2026-03-22T20:45:07.422629,2611.64,2611.64,0.0,-388.36,0
2026-03-22T20:45:08.441300,2611.64,2611.64,0.0,-388.36,0
2026-03-22T20:45:09.452741,2611.64,2611.64,0.0,-388.36,0
2026-03-22T20:45:10.466195,2611.64,2611.64,0.0,-388.36,0
2026-03-22T20:45:11.482305,2611.64,2481.08,130.56,-388.36,0
2026-03-22T20:45:12.489295,2610.81,2480.25,130.56,-389.19,0.0
2026-03-22T20:45:13.508884,2610.81,2480.25,130.56,-389.19,0.0
2026-03-22T20:45:14.525516,2610.81,2480.25,130.56,-389.19,0.0
2026-03-22T20:45:15.544604,2610.81,2480.25,130.56,-389.19,0.0
2026-03-22T20:45:16.563156,2610.81,2480.25,130.56,-389.19,0.0
2026-03-22T20:45:17.570426,2610.81,2480.25,130.56,-389.19,0.0
2026-03-22T20:45:18.589284,2610.81,2480.25,130.56,-389.19,0.0
2026-03-22T20:45:19.613266,2610.81,2480.25,130.56,-389.19,0.0
2026-03-22T20:45:20.628101,2610.81,2480.25,130.56,-389.19,0.0
2026-03-22T20:45:21.644082,2610.81,2480.25,130.56,-389.19,0.0
2026-03-22T20:45:22.656705,2610.81,2480.25,130.56,-389.19,0.0
2026-03-22T20:45:23.673418,2610.81,2480.25,130.56,-389.19,0.0
2026-03-22T20:45:24.687668,2610.81,2480.25,130.56,-389.19,0.0
2026-03-22T20:45:25.714321,2623.0499999999997,2480.25,130.56,-389.19,12.239999999999988
2026-03-22T20:45:26.722207,2623.0499999999997,2480.25,130.56,-389.19,12.239999999999988
2026-03-22T20:45:27.746073,2623.0499999999997,2480.25,130.56,-389.19,12.239999999999988
2026-03-22T20:45:28.763185,2623.0499999999997,2480.25,130.56,-389.19,12.239999999999988
2026-03-22T20:45:29.776331,2623.0499999999997,2480.25,130.56,-389.19,12.239999999999988
2026-03-22T20:45:30.796219,2623.0499999999997,2480.25,130.56,-389.19,12.239999999999988
2026-03-22T20:45:31.812349,2623.0499999999997,2480.25,130.56,-389.19,12.239999999999988
2026-03-22T20:45:32.819636,2623.0499999999997,2480.25,130.56,-389.19,12.239999999999988
2026-03-22T20:45:33.835982,2623.0499999999997,2480.25,130.56,-389.19,12.239999999999988
2026-03-22T20:45:34.866755,2623.0499999999997,2480.25,130.56,-389.19,12.239999999999988
2026-03-22T20:45:35.886635,2623.0499999999997,2480.25,130.56,-389.19,12.239999999999988
2026-03-22T20:45:36.903875,2623.0499999999997,2480.25,130.56,-389.19,12.239999999999988
2026-03-22T20:45:37.912019,2623.0499999999997,2480.25,130.56,-389.19,12.239999999999988
2026-03-22T20:45:38.931357,2623.0499999999997,2480.25,130.56,-389.19,12.239999999999988
2026-03-22T20:45:39.963446,2623.0499999999997,2480.25,130.56,-389.19,12.239999999999988
2026-03-22T20:45:40.988819,2623.0499999999997,2480.25,130.56,-389.19,12.239999999999988
2026-03-22T20:45:42.011571,2557.77,2557.77,0.0,-442.23,0
2026-03-22T20:45:43.033702,2557.77,2557.77,0.0,-442.23,0
2026-03-22T20:45:44.061983,2557.77,2557.77,0.0,-442.23,0
2026-03-22T20:45:45.080590,2557.77,2557.77,0.0,-442.23,0
2026-03-22T20:45:46.096850,2557.77,2557.77,0.0,-442.23,0
2026-03-22T20:45:47.126136,2557.77,2557.77,0.0,-442.23,0
2026-03-22T20:45:48.148554,2557.77,2557.77,0.0,-442.23,0
2026-03-22T20:45:49.163050,2557.77,2557.77,0.0,-442.23,0
2026-03-22T20:45:50.179038,2557.77,2557.77,0.0,-442.23,0
2026-03-22T20:45:51.204803,2557.77,2557.77,0.0,-442.23,0
2026-03-22T20:45:52.228954,2557.77,2557.77,0.0,-442.23,0
2026-03-22T20:45:53.255388,2557.77,2557.77,0.0,-442.23,0
2026-03-22T20:45:54.276688,2557.77,2557.77,0.0,-442.23,0
2026-03-22T20:45:55.304215,2557.77,2557.77,0.0,-442.23,0
2026-03-22T20:45:56.328304,2557.77,2557.77,0.0,-442.23,0
2026-03-22T20:45:57.372904,2557.77,2557.77,0.0,-442.23,0
2026-03-22T20:45:58.396747,2557.77,2557.77,0.0,-442.23,0
2026-03-22T20:45:59.420134,2557.77,2557.77,0.0,-442.23,0
2026-03-22T20:46:00.446760,2557.77,2557.77,0.0,-442.23,0
2026-03-22T20:46:01.460301,2557.77,2557.77,0.0,-442.23,0
2026-03-22T20:46:02.473494,2557.77,2557.77,0.0,-442.23,0
2026-03-22T20:46:03.495325,2557.77,2557.77,0.0,-442.23,0
2026-03-22T20:46:04.515132,2557.77,2557.77,0.0,-442.23,0
2026-03-22T20:46:05.528380,2557.77,2557.77,0.0,-442.23,0
2026-03-22T20:46:06.549201,2557.77,2557.77,0.0,-442.23,0
2026-03-22T20:46:07.573683,2557.77,2557.77,0.0,-442.23,0
2026-03-22T20:46:08.587965,2557.77,2557.77,0.0,-442.23,0
2026-03-22T20:46:09.614011,2557.77,2557.77,0.0,-442.23,0
2026-03-22T20:46:10.644797,2557.77,2557.77,0.0,-442.23,0
2026-03-22T20:46:11.673364,2557.77,2557.77,0.0,-442.23,0
2026-03-22T20:46:12.695427,2557.77,2557.77,0.0,-442.23,0
2026-03-22T20:46:13.718505,2557.77,2557.77,0.0,-442.23,0
2026-03-22T20:46:14.738057,2557.77,2557.77,0.0,-442.23,0
2026-03-22T20:46:15.754549,2557.77,2557.77,0.0,-442.23,0
2026-03-22T20:46:16.771216,2557.77,2557.77,0.0,-442.23,0
2026-03-22T20:46:17.787506,2557.77,2557.77,0.0,-442.23,0
2026-03-22T20:46:18.809884,2557.77,2557.77,0.0,-442.23,0
2026-03-22T20:46:19.830753,2557.77,2557.77,0.0,-442.23,0
2026-03-22T20:46:20.854494,2557.77,2557.77,0.0,-442.23,0
2026-03-22T20:46:21.869106,2557.77,2557.77,0.0,-442.23,0
2026-03-22T20:46:22.894908,2557.77,2557.77,0.0,-442.23,0
2026-03-22T20:46:23.905841,2557.77,2557.77,0.0,-442.23,0
2026-03-22T20:46:24.921866,2557.77,2557.77,0.0,-442.23,0
2026-03-22T20:46:25.946602,2557.77,2557.77,0.0,-442.23,0
2026-03-22T20:46:26.955064,2557.77,2557.77,0.0,-442.23,0
2026-03-22T20:46:27.972519,2557.77,2557.77,0.0,-442.23,0
2026-03-22T20:46:28.985240,2557.77,2557.77,0.0,-442.23,0
2026-03-22T20:46:29.996281,2557.77,2557.77,0.0,-442.23,0
2026-03-22T20:46:31.010950,2557.77,2557.77,0.0,-442.23,0
2026-03-22T20:46:32.028596,2557.77,2557.77,0.0,-442.23,0
2026-03-22T20:46:33.044127,2557.77,2557.77,0.0,-442.23,0
2026-03-22T20:46:34.057518,2557.77,2557.77,0.0,-442.23,0
2026-03-22T20:46:35.077267,2557.77,2557.77,0.0,-442.23,0
2026-03-22T20:46:36.100368,2557.77,2557.77,0.0,-442.23,0
2026-03-22T20:46:37.114778,2557.77,2557.77,0.0,-442.23,0
2026-03-22T20:46:38.133358,2557.77,2557.77,0.0,-442.23,0
2026-03-22T20:46:39.151582,2557.77,2557.77,0.0,-442.23,0
2026-03-22T20:46:40.169868,2557.77,2557.77,0.0,-442.23,0
2026-03-22T20:46:41.189836,2557.77,2557.77,0.0,-442.23,0
2026-03-22T20:46:42.210259,2557.77,2557.77,0.0,-442.23,0
2026-03-22T20:46:43.234222,2557.77,2557.77,0.0,-442.23,0
2026-03-22T20:46:44.248563,2557.77,2557.77,0.0,-442.23,0
2026-03-22T20:46:45.303070,2557.77,2557.77,0.0,-442.23,0
2026-03-22T20:46:46.313098,2557.77,2557.77,0.0,-442.23,0
2026-03-22T20:46:47.327081,2557.77,2557.77,0.0,-442.23,0
2026-03-22T20:46:48.342749,2557.77,2557.77,0.0,-442.23,0
2026-03-22T20:46:49.357371,2557.77,2557.77,0.0,-442.23,0
2026-03-22T20:46:50.368194,2557.77,2557.77,0.0,-442.23,0
2026-03-22T20:46:51.389341,2557.77,2557.77,0.0,-442.23,0
2026-03-22T20:46:52.409415,2557.77,2557.77,0.0,-442.23,0
2026-03-22T20:46:53.424042,2557.77,2557.77,0.0,-442.23,0
2026-03-22T20:46:54.443742,2557.77,2557.77,0.0,-442.23,0
2026-03-22T20:46:55.475287,2557.77,2557.77,0.0,-442.23,0
2026-03-22T20:46:56.492472,2557.77,2557.77,0.0,-442.23,0
2026-03-22T20:46:57.505469,2557.77,2557.77,0.0,-442.23,0
2026-03-22T20:46:58.517544,2557.77,2557.77,0.0,-442.23,0
2026-03-22T20:46:59.526181,2557.77,2557.77,0.0,-442.23,0
2026-03-22T20:47:00.549658,2557.77,2557.77,0.0,-442.23,0
2026-03-22T20:47:01.581083,2557.77,2557.77,0.0,-442.23,0
2026-03-22T20:47:02.602763,2557.77,2557.77,0.0,-442.23,0
2026-03-22T20:47:03.624527,2557.77,2557.77,0.0,-442.23,0
2026-03-22T20:47:04.631752,2557.77,2557.77,0.0,-442.23,0
2026-03-22T20:47:05.660205,2557.77,2557.77,0.0,-442.23,0
2026-03-22T20:47:06.674508,2557.77,2557.77,0.0,-442.23,0
2026-03-22T20:47:07.699327,2557.77,2557.77,0.0,-442.23,0
2026-03-22T20:47:08.719011,2557.77,2557.77,0.0,-442.23,0
2026-03-22T20:47:09.728340,2557.77,2557.77,0.0,-442.23,0
2026-03-22T20:47:10.748184,2557.77,2557.77,0.0,-442.23,0
2026-03-22T20:47:11.774878,2557.77,2557.77,0.0,-442.23,0
2026-03-22T20:47:12.787725,2557.77,2557.77,0.0,-442.23,0
2026-03-22T20:47:13.811115,2557.77,2557.77,0.0,-442.23,0
2026-03-22T20:47:14.830473,2557.77,2557.77,0.0,-442.23,0
2026-03-22T20:47:15.842883,2557.77,2557.77,0.0,-442.23,0
2026-03-22T20:47:16.860576,2557.77,2557.77,0.0,-442.23,0
2026-03-22T20:47:17.869828,2557.77,2557.77,0.0,-442.23,0
2026-03-22T20:47:18.888251,2557.77,2557.77,0.0,-442.23,0
2026-03-22T20:47:19.897261,2557.77,2557.77,0.0,-442.23,0
2026-03-22T20:47:20.906805,2557.77,2557.77,0.0,-442.23,0
2026-03-22T20:47:21.931641,2557.77,2557.77,0.0,-442.23,0
2026-03-22T20:47:22.953408,2557.77,2557.77,0.0,-442.23,0
2026-03-22T20:47:23.967241,2557.77,2557.77,0.0,-442.23,0
2026-03-22T20:47:24.974391,2557.77,2557.77,0.0,-442.23,0
2026-03-22T20:47:25.982257,2557.77,2557.77,0.0,-442.23,0
2026-03-22T20:47:26.991157,2557.77,2557.77,0.0,-442.23,0
2026-03-22T20:47:28.017021,2557.77,2557.77,0.0,-442.23,0
2026-03-22T20:47:29.026400,2557.77,2557.77,0.0,-442.23,0
2026-03-22T20:47:30.040466,2557.77,2557.77,0.0,-442.23,0
2026-03-22T20:47:31.057657,2557.77,2557.77,0.0,-442.23,0
2026-03-22T20:47:32.077545,2557.77,2557.77,0.0,-442.23,0
2026-03-22T20:47:33.095795,2557.77,2557.77,0.0,-442.23,0
2026-03-22T20:47:34.111985,2557.77,2557.77,0.0,-442.23,0
2026-03-22T20:47:35.157082,2557.77,2557.77,0.0,-442.23,0
2026-03-22T20:47:36.174820,2557.77,2557.77,0.0,-442.23,0
2026-03-22T20:47:37.193150,2557.77,2557.77,0.0,-442.23,0
2026-03-22T20:47:38.204055,2557.77,2557.77,0.0,-442.23,0
2026-03-22T20:47:39.214825,2557.77,2557.77,0.0,-442.23,0
2026-03-22T20:47:40.233620,2557.77,2557.77,0.0,-442.23,0
2026-03-22T20:47:41.244778,2557.77,2557.77,0.0,-442.23,0
2026-03-22T20:47:42.262657,2557.77,2557.77,0.0,-442.23,0
2026-03-22T20:47:43.278385,2557.77,2557.77,0.0,-442.23,0
2026-03-22T20:47:44.299038,2557.77,2557.77,0.0,-442.23,0
2026-03-22T20:47:45.314376,2557.77,2557.77,0.0,-442.23,0
2026-03-22T20:47:46.328325,2557.77,2557.77,0.0,-442.23,0
2026-03-22T20:47:47.348236,2557.77,2557.77,0.0,-442.23,0
2026-03-22T20:47:48.362719,2557.77,2557.77,0.0,-442.23,0
2026-03-22T20:47:49.369130,2557.77,2557.77,0.0,-442.23,0
2026-03-22T20:47:50.388361,2557.77,2557.77,0.0,-442.23,0
2026-03-22T20:47:51.406890,2557.77,2557.77,0.0,-442.23,0
2026-03-22T20:47:52.433216,2557.77,2557.77,0.0,-442.23,0
2026-03-22T20:47:53.451639,2557.77,2557.77,0.0,-442.23,0
2026-03-22T20:47:54.471069,2557.77,2557.77,0.0,-442.23,0
2026-03-22T20:47:55.496727,2557.77,2557.77,0.0,-442.23,0
2026-03-22T20:47:56.525552,2557.77,2557.77,0.0,-442.23,0
2026-03-22T20:47:57.577003,2557.77,2557.77,0.0,-442.23,0
2026-03-22T20:47:58.592063,2557.77,2557.77,0.0,-442.23,0
2026-03-22T20:47:59.618565,2557.77,2557.77,0.0,-442.23,0
2026-03-22T20:48:00.628237,2557.77,2557.77,0.0,-442.23,0
2026-03-22T20:48:01.654484,2557.77,2557.77,0.0,-442.23,0
2026-03-22T20:48:02.667834,2557.77,2557.77,0.0,-442.23,0
2026-03-22T20:48:03.680486,2557.77,2557.77,0.0,-442.23,0
2026-03-22T20:48:04.703717,2557.77,2557.77,0.0,-442.23,0
2026-03-22T20:48:05.712777,2557.77,2557.77,0.0,-442.23,0
2026-03-22T20:48:06.724571,2557.77,2557.77,0.0,-442.23,0
2026-03-22T20:48:07.751759,2557.77,2557.77,0.0,-442.23,0
2026-03-22T20:48:08.779995,2557.77,2557.77,0.0,-442.23,0
2026-03-22T20:48:09.794865,2557.77,2557.77,0.0,-442.23,0
2026-03-22T20:48:10.803347,2557.77,2557.77,0.0,-442.23,0
2026-03-22T20:48:11.826486,2557.77,2557.77,0.0,-442.23,0
2026-03-22T20:48:12.842874,2557.77,2430.33,127.44000000000001,-442.23,0
2026-03-22T20:48:13.882920,2556.85,2429.41,127.44000000000001,-443.15000000000003,0.0
2026-03-22T20:48:14.901110,2556.85,2429.41,127.44000000000001,-443.15000000000003,0.0
2026-03-22T20:48:15.914551,2556.85,2429.41,127.44000000000001,-443.15000000000003,0.0
2026-03-22T20:48:16.939307,2556.85,2429.41,127.44000000000001,-443.15000000000003,0.0
2026-03-22T20:48:17.947953,2556.85,2429.41,127.44000000000001,-443.15000000000003,0.0
2026-03-22T20:48:18.965822,2556.85,2429.41,127.44000000000001,-443.15000000000003,0.0
2026-03-22T20:48:19.983562,2556.85,2429.41,127.44000000000001,-443.15000000000003,0.0
2026-03-22T20:48:21.002398,2556.85,2429.41,127.44000000000001,-443.15000000000003,0.0
2026-03-22T20:48:22.035464,2556.85,2429.41,127.44000000000001,-443.15000000000003,0.0
2026-03-22T20:48:23.076987,2546.0499999999997,2429.41,127.44000000000001,-443.15000000000003,-10.80000000000001
2026-03-22T20:48:24.084590,2546.0499999999997,2429.41,127.44000000000001,-443.15000000000003,-10.80000000000001
2026-03-22T20:48:25.102632,2546.0499999999997,2429.41,127.44000000000001,-443.15000000000003,-10.80000000000001
2026-03-22T20:48:26.111287,2546.0499999999997,2429.41,127.44000000000001,-443.15000000000003,-10.80000000000001
2026-03-22T20:48:27.119983,2546.0499999999997,2429.41,127.44000000000001,-443.15000000000003,-10.80000000000001
2026-03-22T20:48:28.134066,2546.0499999999997,2429.41,127.44000000000001,-443.15000000000003,-10.80000000000001
2026-03-22T20:48:29.149349,2546.0499999999997,2429.41,127.44000000000001,-443.15000000000003,-10.80000000000001
2026-03-22T20:48:30.165216,2546.0499999999997,2429.41,127.44000000000001,-443.15000000000003,-10.80000000000001
2026-03-22T20:48:31.184926,2546.0499999999997,2429.41,127.44000000000001,-443.15000000000003,-10.80000000000001
2026-03-22T20:48:32.198850,2546.0499999999997,2429.41,127.44000000000001,-443.15000000000003,-10.80000000000001
2026-03-22T20:48:33.217639,2546.0499999999997,2429.41,127.44000000000001,-443.15000000000003,-10.80000000000001
2026-03-22T20:48:34.225044,2546.0499999999997,2429.41,127.44000000000001,-443.15000000000003,-10.80000000000001
2026-03-22T20:48:35.237008,2546.0499999999997,2429.41,127.44000000000001,-443.15000000000003,-10.80000000000001
2026-03-22T20:48:36.257010,2546.0499999999997,2429.41,127.44000000000001,-443.15000000000003,-10.80000000000001
2026-03-22T20:48:37.274772,2533.0899999999997,2429.41,127.44000000000001,-443.15000000000003,-23.76000000000002
2026-03-22T20:48:38.296645,2533.0899999999997,2429.41,127.44000000000001,-443.15000000000003,-23.76000000000002
2026-03-22T20:48:39.311869,2533.0899999999997,2429.41,127.44000000000001,-443.15000000000003,-23.76000000000002
2026-03-22T20:48:40.328447,2533.0899999999997,2429.41,127.44000000000001,-443.15000000000003,-23.76000000000002
2026-03-22T20:48:41.344650,2533.0899999999997,2429.41,127.44000000000001,-443.15000000000003,-23.76000000000002
2026-03-22T20:48:42.354443,2533.0899999999997,2429.41,127.44000000000001,-443.15000000000003,-23.76000000000002
2026-03-22T20:48:43.368998,2533.0899999999997,2429.41,127.44000000000001,-443.15000000000003,-23.76000000000002
2026-03-22T20:48:44.381272,2533.0899999999997,2429.41,127.44000000000001,-443.15000000000003,-23.76000000000002
2026-03-22T20:48:45.393183,2533.0899999999997,2429.41,127.44000000000001,-443.15000000000003,-23.76000000000002
2026-03-22T20:48:46.411268,2533.0899999999997,2429.41,127.44000000000001,-443.15000000000003,-23.76000000000002
2026-03-22T20:48:47.420782,2533.0899999999997,2429.41,127.44000000000001,-443.15000000000003,-23.76000000000002
2026-03-22T20:48:48.445325,2533.0899999999997,2429.41,127.44000000000001,-443.15000000000003,-23.76000000000002
2026-03-22T20:48:49.471949,2533.0899999999997,2429.41,127.44000000000001,-443.15000000000003,-23.76000000000002
2026-03-22T20:48:50.488757,2515.81,2515.81,0.0,-484.19000000000005,0
2026-03-22T20:48:51.508033,2515.81,2515.81,0.0,-484.19000000000005,0
2026-03-22T20:48:52.531607,2515.81,2515.81,0.0,-484.19000000000005,0
2026-03-22T20:48:53.549951,2515.81,2515.81,0.0,-484.19000000000005,0
2026-03-22T20:48:54.568395,2515.81,2515.81,0.0,-484.19000000000005,0
2026-03-22T20:48:55.585980,2515.81,2515.81,0.0,-484.19000000000005,0
2026-03-22T20:48:56.607003,2515.81,2515.81,0.0,-484.19000000000005,0
2026-03-22T20:48:57.632252,2515.81,2515.81,0.0,-484.19000000000005,0
2026-03-22T20:48:58.643076,2515.81,2515.81,0.0,-484.19000000000005,0
2026-03-22T20:48:59.654147,2515.81,2515.81,0.0,-484.19000000000005,0
2026-03-22T20:49:00.669970,2515.81,2515.81,0.0,-484.19000000000005,0
2026-03-22T20:49:01.679062,2515.81,2515.81,0.0,-484.19000000000005,0
2026-03-22T20:49:02.695547,2515.81,2515.81,0.0,-484.19000000000005,0
2026-03-22T20:49:03.711975,2515.81,2515.81,0.0,-484.19000000000005,0
2026-03-22T20:49:04.726725,2515.81,2515.81,0.0,-484.19000000000005,0
2026-03-22T20:49:05.741543,2515.81,2515.81,0.0,-484.19000000000005,0
2026-03-22T20:49:06.758608,2515.81,2515.81,0.0,-484.19000000000005,0
2026-03-22T20:49:07.801949,2515.81,2515.81,0.0,-484.19000000000005,0
2026-03-22T20:49:08.819205,2515.81,2515.81,0.0,-484.19000000000005,0
2026-03-22T20:49:09.830123,2515.81,2515.81,0.0,-484.19000000000005,0
2026-03-22T20:49:10.850127,2515.81,2515.81,0.0,-484.19000000000005,0
2026-03-22T20:49:11.867860,2515.81,2515.81,0.0,-484.19000000000005,0
2026-03-22T20:49:12.875747,2515.81,2515.81,0.0,-484.19000000000005,0
2026-03-22T20:49:13.887234,2515.81,2515.81,0.0,-484.19000000000005,0
2026-03-22T20:49:14.908535,2515.81,2515.81,0.0,-484.19000000000005,0
2026-03-22T20:49:15.918454,2515.81,2515.81,0.0,-484.19000000000005,0
2026-03-22T20:49:16.935782,2515.81,2515.81,0.0,-484.19000000000005,0
2026-03-22T20:49:17.955601,2515.81,2515.81,0.0,-484.19000000000005,0
2026-03-22T20:49:18.981311,2515.81,2515.81,0.0,-484.19000000000005,0
2026-03-22T20:49:19.993772,2515.81,2515.81,0.0,-484.19000000000005,0
2026-03-22T20:49:21.026917,2515.81,2515.81,0.0,-484.19000000000005,0
2026-03-22T20:49:22.053243,2515.81,2515.81,0.0,-484.19000000000005,0
2026-03-22T20:49:23.072822,2515.81,2515.81,0.0,-484.19000000000005,0
2026-03-22T20:49:24.083503,2515.81,2515.81,0.0,-484.19000000000005,0
2026-03-22T20:49:25.099932,2515.81,2515.81,0.0,-484.19000000000005,0
2026-03-22T20:49:26.117343,2515.81,2515.81,0.0,-484.19000000000005,0
2026-03-22T20:49:27.138770,2515.81,2515.81,0.0,-484.19000000000005,0
2026-03-22T20:49:28.155170,2515.81,2515.81,0.0,-484.19000000000005,0
2026-03-22T20:49:29.169733,2515.81,2515.81,0.0,-484.19000000000005,0
2026-03-22T20:49:30.196239,2515.81,2515.81,0.0,-484.19000000000005,0
2026-03-22T20:49:31.211296,2515.81,2515.81,0.0,-484.19000000000005,0
2026-03-22T20:49:32.225646,2515.81,2515.81,0.0,-484.19000000000005,0
2026-03-22T20:49:33.244995,2515.81,2515.81,0.0,-484.19000000000005,0
2026-03-22T20:49:34.253714,2515.81,2515.81,0.0,-484.19000000000005,0
2026-03-22T20:49:35.270536,2515.81,2515.81,0.0,-484.19000000000005,0
2026-03-22T20:49:36.282628,2515.81,2515.81,0.0,-484.19000000000005,0
2026-03-22T20:49:37.303062,2515.81,2515.81,0.0,-484.19000000000005,0
2026-03-22T20:49:38.316386,2515.81,2515.81,0.0,-484.19000000000005,0
2026-03-22T20:49:39.337436,2515.81,2515.81,0.0,-484.19000000000005,0
2026-03-22T20:49:40.355006,2515.81,2515.81,0.0,-484.19000000000005,0
2026-03-22T20:49:41.366126,2515.81,2515.81,0.0,-484.19000000000005,0
2026-03-22T20:49:42.386879,2515.81,2515.81,0.0,-484.19000000000005,0
2026-03-22T20:49:43.396070,2515.81,2515.81,0.0,-484.19000000000005,0
2026-03-22T20:49:44.415691,2515.81,2515.81,0.0,-484.19000000000005,0
2026-03-22T20:49:45.425734,2515.81,2515.81,0.0,-484.19000000000005,0
2026-03-22T20:49:46.447106,2515.81,2515.81,0.0,-484.19000000000005,0
2026-03-22T20:49:47.463958,2515.81,2515.81,0.0,-484.19000000000005,0
2026-03-22T20:49:48.474543,2515.81,2515.81,0.0,-484.19000000000005,0
2026-03-22T20:49:49.482535,2515.81,2515.81,0.0,-484.19000000000005,0
2026-03-22T20:49:50.504957,2515.81,2515.81,0.0,-484.19000000000005,0
2026-03-22T20:49:51.526816,2515.81,2515.81,0.0,-484.19000000000005,0
2026-03-22T20:49:52.535605,2515.81,2515.81,0.0,-484.19000000000005,0
2026-03-22T20:49:53.559976,2515.81,2515.81,0.0,-484.19000000000005,0
2026-03-22T20:49:54.567999,2515.81,2515.81,0.0,-484.19000000000005,0
2026-03-22T20:49:55.584217,2515.81,2515.81,0.0,-484.19000000000005,0
2026-03-22T20:49:56.601225,2515.81,2515.81,0.0,-484.19000000000005,0
2026-03-22T20:49:57.614917,2515.81,2515.81,0.0,-484.19000000000005,0
2026-03-22T20:49:58.624216,2515.81,2515.81,0.0,-484.19000000000005,0
2026-03-22T20:49:59.641512,2515.81,2515.81,0.0,-484.19000000000005,0
2026-03-22T20:50:00.659230,2515.81,2515.81,0.0,-484.19000000000005,0
2026-03-22T20:50:01.674074,2515.81,2515.81,0.0,-484.19000000000005,0
2026-03-22T20:50:02.696430,2515.81,2515.81,0.0,-484.19000000000005,0
2026-03-22T20:50:03.704449,2515.81,2515.81,0.0,-484.19000000000005,0
2026-03-22T20:50:04.721569,2515.81,2515.81,0.0,-484.19000000000005,0
2026-03-22T20:50:05.736876,2515.81,2515.81,0.0,-484.19000000000005,0
2026-03-22T20:50:06.753652,2515.81,2515.81,0.0,-484.19000000000005,0
2026-03-22T20:50:07.760937,2515.81,2515.81,0.0,-484.19000000000005,0
2026-03-22T20:50:08.769265,2515.81,2515.81,0.0,-484.19000000000005,0
2026-03-22T20:50:09.778399,2515.81,2515.81,0.0,-484.19000000000005,0
2026-03-22T20:50:10.788110,2515.81,2515.81,0.0,-484.19000000000005,0
2026-03-22T20:50:11.801298,2515.81,2515.81,0.0,-484.19000000000005,0
2026-03-22T20:50:12.811249,2515.81,2515.81,0.0,-484.19000000000005,0
2026-03-22T20:50:13.826069,2515.81,2515.81,0.0,-484.19000000000005,0
2026-03-22T20:50:14.835354,2515.81,2515.81,0.0,-484.19000000000005,0
2026-03-22T20:50:15.843675,2515.81,2515.81,0.0,-484.19000000000005,0
2026-03-22T20:50:16.851230,2515.81,2515.81,0.0,-484.19000000000005,0
2026-03-22T20:50:17.861050,2515.81,2515.81,0.0,-484.19000000000005,0
2026-03-22T20:50:18.876447,2515.81,2515.81,0.0,-484.19000000000005,0
2026-03-22T20:50:19.885184,2515.81,2515.81,0.0,-484.19000000000005,0
2026-03-22T20:50:20.908032,2515.81,2515.81,0.0,-484.19000000000005,0
2026-03-22T20:50:21.923945,2515.81,2515.81,0.0,-484.19000000000005,0
2026-03-22T20:50:22.933193,2515.81,2515.81,0.0,-484.19000000000005,0
2026-03-22T20:50:23.951246,2515.81,2515.81,0.0,-484.19000000000005,0
2026-03-22T20:50:24.959702,2515.81,2515.81,0.0,-484.19000000000005,0
2026-03-22T20:50:25.976248,2515.81,2515.81,0.0,-484.19000000000005,0
2026-03-22T20:50:26.989727,2515.81,2515.81,0.0,-484.19000000000005,0
2026-03-22T20:50:28.006866,2515.81,2515.81,0.0,-484.19000000000005,0
2026-03-22T20:50:29.022041,2515.81,2515.81,0.0,-484.19000000000005,0
2026-03-22T20:50:30.032442,2515.81,2515.81,0.0,-484.19000000000005,0
2026-03-22T20:50:31.045007,2515.81,2515.81,0.0,-484.19000000000005,0
2026-03-22T20:50:32.064403,2515.81,2515.81,0.0,-484.19000000000005,0
2026-03-22T20:50:33.088633,2515.81,2515.81,0.0,-484.19000000000005,0
2026-03-22T20:50:34.143117,2515.81,2515.81,0.0,-484.19000000000005,0
2026-03-22T20:50:35.164027,2515.81,2515.81,0.0,-484.19000000000005,0
2026-03-22T20:50:36.182469,2515.81,2515.81,0.0,-484.19000000000005,0
2026-03-22T20:50:37.194547,2515.81,2515.81,0.0,-484.19000000000005,0
2026-03-22T20:50:38.210388,2515.81,2515.81,0.0,-484.19000000000005,0
2026-03-22T20:50:39.234115,2515.81,2515.81,0.0,-484.19000000000005,0
2026-03-22T20:50:40.252227,2515.81,2515.81,0.0,-484.19000000000005,0
2026-03-22T20:50:41.273009,2515.81,2515.81,0.0,-484.19000000000005,0
2026-03-22T20:50:42.288616,2515.81,2515.81,0.0,-484.19000000000005,0
2026-03-22T20:50:43.303999,2515.81,2515.81,0.0,-484.19000000000005,0
2026-03-22T20:50:44.323058,2515.81,2515.81,0.0,-484.19000000000005,0
2026-03-22T20:50:45.332224,2515.81,2515.81,0.0,-484.19000000000005,0
2026-03-22T20:50:46.352863,2515.81,2515.81,0.0,-484.19000000000005,0
2026-03-22T20:50:47.371849,2515.81,2515.81,0.0,-484.19000000000005,0
2026-03-22T20:50:48.382302,2515.81,2515.81,0.0,-484.19000000000005,0
2026-03-22T20:50:49.393069,2515.81,2515.81,0.0,-484.19000000000005,0
2026-03-22T20:50:50.406916,2515.81,2515.81,0.0,-484.19000000000005,0
2026-03-22T20:50:51.420749,2515.81,2515.81,0.0,-484.19000000000005,0
2026-03-22T20:50:52.442421,2515.81,2515.81,0.0,-484.19000000000005,0
2026-03-22T20:50:53.452501,2515.81,2515.81,0.0,-484.19000000000005,0
2026-03-22T20:50:54.468930,2515.81,2515.81,0.0,-484.19000000000005,0
2026-03-22T20:50:55.479937,2515.81,2515.81,0.0,-484.19000000000005,0
2026-03-22T20:50:56.489772,2515.81,2515.81,0.0,-484.19000000000005,0
2026-03-22T20:50:57.511295,2515.81,2515.81,0.0,-484.19000000000005,0
2026-03-22T20:50:58.520290,2515.81,2515.81,0.0,-484.19000000000005,0
2026-03-22T20:50:59.545537,2515.81,2515.81,0.0,-484.19000000000005,0
2026-03-22T20:51:00.568733,2515.81,2515.81,0.0,-484.19000000000005,0
2026-03-22T20:51:01.591555,2515.81,2515.81,0.0,-484.19000000000005,0
2026-03-22T20:51:02.612048,2515.81,2390.2,125.61,-484.19000000000005,0
2026-03-22T20:51:03.630249,2515.81,2390.2,125.61,-484.19000000000005,0
2026-03-22T20:51:04.645187,2515.81,2390.2,125.61,-484.19000000000005,0
2026-03-22T20:51:05.655705,2515.34,2389.73,125.61,-484.6600000000001,0.0
2026-03-22T20:51:06.668737,2515.34,2389.73,125.61,-484.6600000000001,0.0
2026-03-22T20:51:07.686946,2515.34,2389.73,125.61,-484.6600000000001,0.0
2026-03-22T20:51:08.708427,2515.34,2389.73,125.61,-484.6600000000001,0.0
2026-03-22T20:51:09.716963,2515.34,2389.73,125.61,-484.6600000000001,0.0
2026-03-22T20:51:10.727761,2515.34,2389.73,125.61,-484.6600000000001,0.0
2026-03-22T20:51:11.744960,2515.34,2389.73,125.61,-484.6600000000001,0.0
2026-03-22T20:51:12.764471,2515.34,2389.73,125.61,-484.6600000000001,0.0
2026-03-22T20:51:13.783770,2515.34,2389.73,125.61,-484.6600000000001,0.0
2026-03-22T20:51:14.824291,2513.75,2389.73,125.61,-484.6600000000001,-1.5900000000000014
2026-03-22T20:51:15.833559,2513.75,2389.73,125.61,-484.6600000000001,-1.5900000000000014
2026-03-22T20:51:16.855076,2513.75,2389.73,125.61,-484.6600000000001,-1.5900000000000014
2026-03-22T20:51:17.864349,2513.75,2270.65,244.69,-484.6600000000001,-1.5900000000000014
2026-03-22T20:51:18.882728,2512.74,2269.64,244.69,-485.6700000000001,-1.5900000000000014
2026-03-22T20:51:19.892232,2512.74,2269.64,244.69,-485.6700000000001,-1.5900000000000014
2026-03-22T20:51:20.905797,2512.74,2269.64,244.69,-485.6700000000001,-1.5900000000000014
2026-03-22T20:51:21.914577,2512.74,2269.64,244.69,-485.6700000000001,-1.5900000000000014
2026-03-22T20:51:22.934586,2512.74,2269.64,244.69,-485.6700000000001,-1.5900000000000014
2026-03-22T20:51:23.944968,2512.74,2269.64,244.69,-485.6700000000001,-1.5900000000000014
2026-03-22T20:51:24.966063,2512.74,2269.64,244.69,-485.6700000000001,-1.5900000000000014
2026-03-22T20:51:25.992022,2512.74,2269.64,244.69,-485.6700000000001,-1.5900000000000014
2026-03-22T20:51:27.011407,2512.74,2269.64,244.69,-485.6700000000001,-1.5900000000000014
2026-03-22T20:51:28.033071,2512.74,2269.64,244.69,-485.6700000000001,-1.5900000000000014
2026-03-22T20:51:29.070063,2512.74,2269.64,244.69,-485.6700000000001,-1.5900000000000014
2026-03-22T20:51:30.100353,2531.0,2269.64,244.69,-485.6700000000001,16.669999999999984
2026-03-22T20:51:31.113919,2531.0,2269.64,244.69,-485.6700000000001,16.669999999999984
2026-03-22T20:51:32.125455,2531.0,2269.64,244.69,-485.6700000000001,16.669999999999984
2026-03-22T20:51:33.136584,2531.0,2269.64,244.69,-485.6700000000001,16.669999999999984
2026-03-22T20:51:34.156144,2531.0,2269.64,244.69,-485.6700000000001,16.669999999999984
2026-03-22T20:51:35.167362,2531.0,2269.64,244.69,-485.6700000000001,16.669999999999984
2026-03-22T20:51:36.176325,2531.0,2269.64,244.69,-485.6700000000001,16.669999999999984
2026-03-22T20:51:37.199798,2531.0,2269.64,244.69,-485.6700000000001,16.669999999999984
2026-03-22T20:51:38.223015,2531.0,2269.64,244.69,-485.6700000000001,16.669999999999984
2026-03-22T20:51:39.233485,2531.0,2269.64,244.69,-485.6700000000001,16.669999999999984
2026-03-22T20:51:40.245192,2531.0,2269.64,244.69,-485.6700000000001,16.669999999999984
2026-03-22T20:51:41.258760,2531.0,2269.64,244.69,-485.6700000000001,16.669999999999984
2026-03-22T20:51:42.271569,2531.0,2269.64,244.69,-485.6700000000001,16.669999999999984
2026-03-22T20:51:43.296501,2531.0,2269.64,244.69,-485.6700000000001,16.669999999999984
2026-03-22T20:51:44.305374,2531.0,2269.64,244.69,-485.6700000000001,16.669999999999984
2026-03-22T20:51:45.319292,2531.0,2269.64,244.69,-485.6700000000001,16.669999999999984
2026-03-22T20:51:46.330522,2461.61,2317.34,119.08,-563.58,25.189999999999998
2026-03-22T20:51:47.344674,2461.61,2317.34,119.08,-563.58,25.189999999999998
2026-03-22T20:51:48.359834,2461.61,2317.34,119.08,-563.58,25.189999999999998
2026-03-22T20:51:49.382508,2461.61,2317.34,119.08,-563.58,25.189999999999998
2026-03-22T20:51:50.392447,2461.61,2317.34,119.08,-563.58,25.189999999999998
2026-03-22T20:51:51.408499,2461.61,2317.34,119.08,-563.58,25.189999999999998
2026-03-22T20:51:52.453088,2461.61,2317.34,119.08,-563.58,25.189999999999998
2026-03-22T20:51:53.473537,2461.61,2317.34,119.08,-563.58,25.189999999999998
2026-03-22T20:51:54.482720,2461.61,2317.34,119.08,-563.58,25.189999999999998
2026-03-22T20:51:55.504543,2461.61,2317.34,119.08,-563.58,25.189999999999998
2026-03-22T20:51:56.521601,2461.61,2317.34,119.08,-563.58,25.189999999999998
2026-03-22T20:51:57.529841,2461.61,2317.34,119.08,-563.58,25.189999999999998
2026-03-22T20:51:58.538800,2461.61,2317.34,119.08,-563.58,25.189999999999998
2026-03-22T20:51:59.561720,2450.16,2450.16,0.0,-549.84,0
2026-03-22T20:52:00.572376,2450.16,2450.16,0.0,-549.84,0
2026-03-22T20:52:01.585592,2450.16,2450.16,0.0,-549.84,0
2026-03-22T20:52:02.597780,2450.16,2450.16,0.0,-549.84,0
2026-03-22T20:52:03.609272,2450.16,2450.16,0.0,-549.84,0
2026-03-22T20:52:04.621659,2450.16,2450.16,0.0,-549.84,0
2026-03-22T20:52:05.644782,2450.16,2450.16,0.0,-549.84,0
2026-03-22T20:52:06.669602,2450.16,2450.16,0.0,-549.84,0
2026-03-22T20:52:07.678786,2450.16,2450.16,0.0,-549.84,0
2026-03-22T20:52:08.702671,2450.16,2450.16,0.0,-549.84,0
2026-03-22T20:52:09.712964,2450.16,2450.16,0.0,-549.84,0
2026-03-22T20:52:10.732664,2450.16,2450.16,0.0,-549.84,0
2026-03-22T20:52:11.742288,2450.16,2450.16,0.0,-549.84,0
2026-03-22T20:52:12.758405,2450.16,2450.16,0.0,-549.84,0
2026-03-22T20:52:13.781968,2450.16,2450.16,0.0,-549.84,0
2026-03-22T20:52:14.790069,2450.16,2450.16,0.0,-549.84,0
2026-03-22T20:52:15.801539,2450.16,2450.16,0.0,-549.84,0
2026-03-22T20:52:16.812732,2450.16,2450.16,0.0,-549.84,0
2026-03-22T20:52:17.828182,2450.16,2450.16,0.0,-549.84,0
2026-03-22T20:52:18.842540,2450.16,2450.16,0.0,-549.84,0
2026-03-22T20:52:19.853536,2450.16,2450.16,0.0,-549.84,0
2026-03-22T20:52:20.864197,2450.16,2450.16,0.0,-549.84,0
2026-03-22T20:52:21.887576,2450.16,2450.16,0.0,-549.84,0
2026-03-22T20:52:22.932784,2450.16,2450.16,0.0,-549.84,0
2026-03-22T20:52:23.975578,2450.16,2450.16,0.0,-549.84,0
2026-03-22T20:52:24.998325,2450.16,2450.16,0.0,-549.84,0
2026-03-22T20:52:26.017460,2450.16,2450.16,0.0,-549.84,0
2026-03-22T20:52:27.044324,2450.16,2450.16,0.0,-549.84,0
2026-03-22T20:52:28.054653,2450.16,2450.16,0.0,-549.84,0
2026-03-22T20:52:29.075821,2450.16,2450.16,0.0,-549.84,0
2026-03-22T20:52:30.092685,2450.16,2450.16,0.0,-549.84,0
2026-03-22T20:52:31.118261,2450.16,2450.16,0.0,-549.84,0
2026-03-22T20:52:32.143769,2450.16,2450.16,0.0,-549.84,0
2026-03-22T20:52:33.153290,2450.16,2450.16,0.0,-549.84,0
2026-03-22T20:52:34.161162,2450.16,2450.16,0.0,-549.84,0
2026-03-22T20:52:35.183364,2450.16,2450.16,0.0,-549.84,0
2026-03-22T20:52:36.201442,2450.16,2450.16,0.0,-549.84,0
2026-03-22T20:52:37.217079,2450.16,2450.16,0.0,-549.84,0
2026-03-22T20:52:38.232187,2450.16,2450.16,0.0,-549.84,0
2026-03-22T20:52:39.244549,2450.16,2450.16,0.0,-549.84,0
2026-03-22T20:52:40.264786,2450.16,2450.16,0.0,-549.84,0
2026-03-22T20:52:41.280313,2450.16,2450.16,0.0,-549.84,0
2026-03-22T20:52:42.300594,2450.16,2450.16,0.0,-549.84,0
2026-03-22T20:52:43.324310,2450.16,2450.16,0.0,-549.84,0
2026-03-22T20:52:44.333811,2450.16,2450.16,0.0,-549.84,0
2026-03-22T20:52:45.355154,2450.16,2450.16,0.0,-549.84,0
2026-03-22T20:52:46.366062,2450.16,2450.16,0.0,-549.84,0
2026-03-22T20:52:47.380011,2450.16,2450.16,0.0,-549.84,0
2026-03-22T20:52:48.394362,2450.16,2450.16,0.0,-549.84,0
2026-03-22T20:52:49.402817,2450.16,2450.16,0.0,-549.84,0
2026-03-22T20:52:50.418885,2450.16,2450.16,0.0,-549.84,0
2026-03-22T20:52:51.426984,2450.16,2450.16,0.0,-549.84,0
2026-03-22T20:52:52.435431,2450.16,2450.16,0.0,-549.84,0
2026-03-22T20:52:53.446388,2450.16,2450.16,0.0,-549.84,0
2026-03-22T20:52:54.459420,2450.16,2450.16,0.0,-549.84,0
2026-03-22T20:52:55.507991,2450.16,2450.16,0.0,-549.84,0
2026-03-22T20:52:56.520486,2450.16,2450.16,0.0,-549.84,0
2026-03-22T20:52:57.527902,2450.16,2450.16,0.0,-549.84,0
2026-03-22T20:52:58.544625,2450.16,2450.16,0.0,-549.84,0
2026-03-22T20:52:59.558715,2450.16,2450.16,0.0,-549.84,0
2026-03-22T20:53:00.576433,2450.16,2450.16,0.0,-549.84,0
2026-03-22T20:53:01.589952,2450.16,2450.16,0.0,-549.84,0
2026-03-22T20:53:02.603692,2450.16,2450.16,0.0,-549.84,0
2026-03-22T20:53:03.618755,2450.16,2450.16,0.0,-549.84,0
2026-03-22T20:53:04.626654,2450.16,2450.16,0.0,-549.84,0
2026-03-22T20:53:05.653092,2450.16,2450.16,0.0,-549.84,0
2026-03-22T20:53:06.667869,2450.16,2450.16,0.0,-549.84,0
2026-03-22T20:53:07.678296,2450.16,2450.16,0.0,-549.84,0
2026-03-22T20:53:08.697346,2450.16,2450.16,0.0,-549.84,0
2026-03-22T20:53:09.711502,2450.16,2450.16,0.0,-549.84,0
2026-03-22T20:53:10.727669,2450.16,2450.16,0.0,-549.84,0
2026-03-22T20:53:11.736839,2450.16,2450.16,0.0,-549.84,0
2026-03-22T20:53:12.752658,2450.16,2450.16,0.0,-549.84,0
2026-03-22T20:53:13.781860,2450.16,2450.16,0.0,-549.84,0
2026-03-22T20:53:14.794428,2450.16,2450.16,0.0,-549.84,0
2026-03-22T20:53:15.806788,2450.16,2450.16,0.0,-549.84,0
2026-03-22T20:53:16.826531,2450.16,2450.16,0.0,-549.84,0
2026-03-22T20:53:17.837307,2450.16,2450.16,0.0,-549.84,0
2026-03-22T20:53:18.851329,2450.16,2450.16,0.0,-549.84,0
2026-03-22T20:53:19.861619,2450.16,2450.16,0.0,-549.84,0
2026-03-22T20:53:20.877859,2450.16,2450.16,0.0,-549.84,0
2026-03-22T20:53:21.899599,2450.16,2450.16,0.0,-549.84,0
2026-03-22T20:53:22.913845,2450.16,2450.16,0.0,-549.84,0
2026-03-22T20:53:23.925719,2450.16,2450.16,0.0,-549.84,0
2026-03-22T20:53:24.951242,2450.16,2450.16,0.0,-549.84,0
2026-03-22T20:53:25.967042,2450.16,2450.16,0.0,-549.84,0
2026-03-22T20:53:26.983972,2450.16,2450.16,0.0,-549.84,0
2026-03-22T20:53:28.003298,2450.16,2450.16,0.0,-549.84,0
2026-03-22T20:53:29.014143,2450.16,2450.16,0.0,-549.84,0
2026-03-22T20:53:30.023315,2450.16,2450.16,0.0,-549.84,0
2026-03-22T20:53:31.034321,2450.16,2450.16,0.0,-549.84,0
2026-03-22T20:53:32.044228,2450.16,2450.16,0.0,-549.84,0
2026-03-22T20:53:33.052645,2450.16,2450.16,0.0,-549.84,0
2026-03-22T20:53:34.060899,2450.16,2450.16,0.0,-549.84,0
2026-03-22T20:53:35.076591,2450.16,2450.16,0.0,-549.84,0
2026-03-22T20:53:36.086276,2450.16,2450.16,0.0,-549.84,0
2026-03-22T20:53:37.101258,2450.16,2450.16,0.0,-549.84,0
2026-03-22T20:53:38.112498,2450.16,2450.16,0.0,-549.84,0
2026-03-22T20:53:39.126334,2450.16,2450.16,0.0,-549.84,0
2026-03-22T20:53:40.141671,2450.16,2450.16,0.0,-549.84,0
2026-03-22T20:53:41.159920,2450.16,2450.16,0.0,-549.84,0
2026-03-22T20:53:42.168535,2450.16,2450.16,0.0,-549.84,0
2026-03-22T20:53:43.182559,2450.16,2450.16,0.0,-549.84,0
2026-03-22T20:53:44.190194,2450.16,2450.16,0.0,-549.84,0
2026-03-22T20:53:45.199509,2450.16,2450.16,0.0,-549.84,0
2026-03-22T20:53:46.224291,2450.16,2450.16,0.0,-549.84,0
2026-03-22T20:53:47.233137,2450.16,2450.16,0.0,-549.84,0
2026-03-22T20:53:48.256380,2450.16,2450.16,0.0,-549.84,0
2026-03-22T20:53:49.271066,2450.16,2450.16,0.0,-549.84,0
2026-03-22T20:53:50.288099,2450.16,2450.16,0.0,-549.84,0
2026-03-22T20:53:51.297975,2450.16,2450.16,0.0,-549.84,0
2026-03-22T20:53:52.322097,2450.16,2450.16,0.0,-549.84,0
2026-03-22T20:53:53.339878,2450.16,2450.16,0.0,-549.84,0
2026-03-22T20:53:54.367183,2450.16,2450.16,0.0,-549.84,0
2026-03-22T20:53:55.379992,2450.16,2450.16,0.0,-549.84,0
2026-03-22T20:53:56.394889,2450.16,2450.16,0.0,-549.84,0
2026-03-22T20:53:57.411311,2450.16,2450.16,0.0,-549.84,0
2026-03-22T20:53:58.436365,2450.16,2450.16,0.0,-549.84,0
2026-03-22T20:53:59.491751,2450.16,2450.16,0.0,-549.84,0
2026-03-22T20:54:00.510276,2450.16,2450.16,0.0,-549.84,0
2026-03-22T20:54:01.523831,2450.16,2450.16,0.0,-549.84,0
2026-03-22T20:54:02.539829,2450.16,2450.16,0.0,-549.84,0
2026-03-22T20:54:03.564926,2450.16,2450.16,0.0,-549.84,0
2026-03-22T20:54:04.579887,2450.16,2450.16,0.0,-549.84,0
2026-03-22T20:54:05.606730,2450.16,2450.16,0.0,-549.84,0
2026-03-22T20:54:06.618095,2450.16,2450.16,0.0,-549.84,0
2026-03-22T20:54:07.632142,2450.16,2450.16,0.0,-549.84,0
2026-03-22T20:54:08.660470,2450.16,2450.16,0.0,-549.84,0
2026-03-22T20:54:09.676935,2450.16,2450.16,0.0,-549.84,0
2026-03-22T20:54:10.686441,2450.16,2450.16,0.0,-549.84,0
2026-03-22T20:54:11.694121,2450.16,2450.16,0.0,-549.84,0
2026-03-22T20:54:12.709089,2450.16,2450.16,0.0,-549.84,0
2026-03-22T20:54:13.719574,2450.16,2450.16,0.0,-549.84,0
2026-03-22T20:54:14.736033,2450.16,2450.16,0.0,-549.84,0
2026-03-22T20:54:15.752399,2450.16,2450.16,0.0,-549.84,0
2026-03-22T20:54:16.776545,2450.16,2450.16,0.0,-549.84,0
2026-03-22T20:54:17.796383,2450.16,2450.16,0.0,-549.84,0
2026-03-22T20:54:18.814804,2450.16,2450.16,0.0,-549.84,0
2026-03-22T20:54:19.826140,2450.16,2450.16,0.0,-549.84,0
2026-03-22T20:54:20.849811,2450.16,2450.16,0.0,-549.84,0
2026-03-22T20:54:21.858539,2450.16,2450.16,0.0,-549.84,0
2026-03-22T20:54:22.876984,2450.16,2450.16,0.0,-549.84,0
2026-03-22T20:54:23.899328,2450.16,2450.16,0.0,-549.84,0
2026-03-22T20:54:24.909770,2450.16,2450.16,0.0,-549.84,0
2026-03-22T20:54:25.919838,2450.16,2450.16,0.0,-549.84,0
2026-03-22T20:54:26.935879,2450.16,2327.7599999999998,122.4,-549.84,0
2026-03-22T20:54:27.957680,2448.98,2326.58,122.4,-551.02,0.0
2026-03-22T20:54:28.985667,2448.98,2326.58,122.4,-551.02,0.0
2026-03-22T20:54:30.002598,2448.98,2326.58,122.4,-551.02,0.0
2026-03-22T20:54:31.044562,2448.98,2326.58,122.4,-551.02,0.0
2026-03-22T20:54:32.056258,2448.98,2326.58,122.4,-551.02,0.0
2026-03-22T20:54:33.066922,2448.98,2326.58,122.4,-551.02,0.0
2026-03-22T20:54:34.084389,2448.98,2326.58,122.4,-551.02,0.0
2026-03-22T20:54:35.106481,2448.98,2326.58,122.4,-551.02,0.0
2026-03-22T20:54:36.121674,2448.98,2326.58,122.4,-551.02,0.0
2026-03-22T20:54:37.141544,2476.18,2326.58,122.4,-551.02,27.20000000000001
2026-03-22T20:54:38.150425,2476.18,2326.58,122.4,-551.02,27.20000000000001
2026-03-22T20:54:39.174234,2476.18,2326.58,122.4,-551.02,27.20000000000001
2026-03-22T20:54:40.188486,2476.18,2326.58,122.4,-551.02,27.20000000000001
2026-03-22T20:54:41.198014,2476.18,2326.58,122.4,-551.02,27.20000000000001
2026-03-22T20:54:42.217053,2476.18,2326.58,122.4,-551.02,27.20000000000001
2026-03-22T20:54:43.236656,2476.18,2326.58,122.4,-551.02,27.20000000000001
2026-03-22T20:54:44.247960,2476.18,2326.58,122.4,-551.02,27.20000000000001
2026-03-22T20:54:45.258703,2476.18,2326.58,122.4,-551.02,27.20000000000001
2026-03-22T20:54:46.278680,2476.18,2326.58,122.4,-551.02,27.20000000000001
2026-03-22T20:54:47.300348,2476.18,2326.58,122.4,-551.02,27.20000000000001
2026-03-22T20:54:48.310898,2476.18,2326.58,122.4,-551.02,27.20000000000001
2026-03-22T20:54:49.321726,2476.18,2326.58,122.4,-551.02,27.20000000000001
2026-03-22T20:54:50.340270,2476.18,2326.58,122.4,-551.02,27.20000000000001
2026-03-22T20:54:51.360996,2533.3,2326.58,122.4,-551.02,84.32
2026-03-22T20:54:52.373243,2533.3,2326.58,122.4,-551.02,84.32
2026-03-22T20:54:53.381977,2533.3,2326.58,122.4,-551.02,84.32
2026-03-22T20:54:54.393441,2533.3,2326.58,122.4,-551.02,84.32
2026-03-22T20:54:55.404846,2533.3,2326.58,122.4,-551.02,84.32
2026-03-22T20:54:56.416359,2533.3,2326.58,122.4,-551.02,84.32
2026-03-22T20:54:57.436099,2533.3,2326.58,122.4,-551.02,84.32
2026-03-22T20:54:58.457480,2533.3,2326.58,122.4,-551.02,84.32
2026-03-22T20:54:59.470322,2533.3,2326.58,122.4,-551.02,84.32
2026-03-22T20:55:00.493508,2533.3,2326.58,122.4,-551.02,84.32
2026-03-22T20:55:01.537879,2533.3,2326.58,122.4,-551.02,84.32
2026-03-22T20:55:02.549528,2533.3,2326.58,122.4,-551.02,84.32
2026-03-22T20:55:03.570305,2533.3,2326.58,122.4,-551.02,84.32
2026-03-22T20:55:04.595007,2533.3,2326.58,122.4,-551.02,84.32
2026-03-22T20:55:05.612609,2533.3,2326.58,122.4,-551.02,84.32
2026-03-22T20:55:06.632270,2493.38,2493.38,0.0,-506.62,0
2026-03-22T20:55:07.643546,2493.38,2493.38,0.0,-506.62,0
2026-03-22T20:55:08.671284,2493.38,2493.38,0.0,-506.62,0
2026-03-22T20:55:09.690911,2493.38,2493.38,0.0,-506.62,0
2026-03-22T20:55:10.709418,2493.38,2493.38,0.0,-506.62,0
2026-03-22T20:55:11.735401,2493.38,2493.38,0.0,-506.62,0
2026-03-22T20:55:12.751624,2493.38,2493.38,0.0,-506.62,0
2026-03-22T20:55:13.762630,2493.38,2493.38,0.0,-506.62,0
2026-03-22T20:55:14.780199,2493.38,2493.38,0.0,-506.62,0
2026-03-22T20:55:15.798260,2493.38,2493.38,0.0,-506.62,0
2026-03-22T20:55:16.807231,2493.38,2493.38,0.0,-506.62,0
2026-03-22T20:55:17.820773,2493.38,2493.38,0.0,-506.62,0
2026-03-22T20:55:18.840003,2493.38,2493.38,0.0,-506.62,0
2026-03-22T20:55:19.859127,2493.38,2493.38,0.0,-506.62,0
2026-03-22T20:55:20.876926,2493.38,2493.38,0.0,-506.62,0
2026-03-22T20:55:21.889104,2493.38,2493.38,0.0,-506.62,0
2026-03-22T20:55:22.908098,2493.38,2493.38,0.0,-506.62,0
2026-03-22T20:55:23.924238,2493.38,2493.38,0.0,-506.62,0
2026-03-22T20:55:24.947367,2493.38,2493.38,0.0,-506.62,0
2026-03-22T20:55:25.960409,2493.38,2493.38,0.0,-506.62,0
2026-03-22T20:55:26.980039,2493.38,2493.38,0.0,-506.62,0
2026-03-22T20:55:27.991285,2493.38,2493.38,0.0,-506.62,0
2026-03-22T20:55:29.004338,2493.38,2493.38,0.0,-506.62,0
2026-03-22T20:55:30.012271,2493.38,2493.38,0.0,-506.62,0
2026-03-22T20:55:31.030921,2493.38,2493.38,0.0,-506.62,0
2026-03-22T20:55:32.044284,2493.38,2493.38,0.0,-506.62,0
2026-03-22T20:55:33.057130,2493.38,2493.38,0.0,-506.62,0
2026-03-22T20:55:34.080435,2493.38,2493.38,0.0,-506.62,0
2026-03-22T20:55:35.094354,2493.38,2493.38,0.0,-506.62,0
2026-03-22T20:55:36.102834,2493.38,2493.38,0.0,-506.62,0
2026-03-22T20:55:37.117436,2493.38,2493.38,0.0,-506.62,0
2026-03-22T20:55:38.127707,2493.38,2493.38,0.0,-506.62,0
2026-03-22T20:55:39.146294,2493.38,2493.38,0.0,-506.62,0
2026-03-22T20:55:40.160985,2493.38,2493.38,0.0,-506.62,0
2026-03-22T20:55:41.184008,2493.38,2493.38,0.0,-506.62,0
2026-03-22T20:55:42.199246,2493.38,2493.38,0.0,-506.62,0
2026-03-22T20:55:43.212374,2493.38,2493.38,0.0,-506.62,0
2026-03-22T20:55:44.235861,2493.38,2493.38,0.0,-506.62,0
2026-03-22T20:55:45.251971,2493.38,2493.38,0.0,-506.62,0
2026-03-22T20:55:46.263965,2493.38,2493.38,0.0,-506.62,0
2026-03-22T20:55:47.278767,2493.38,2493.38,0.0,-506.62,0
2026-03-22T20:55:48.293057,2493.38,2493.38,0.0,-506.62,0
2026-03-22T20:55:49.311646,2493.38,2493.38,0.0,-506.62,0
2026-03-22T20:55:50.326243,2493.38,2493.38,0.0,-506.62,0
2026-03-22T20:55:51.344171,2493.38,2493.38,0.0,-506.62,0
2026-03-22T20:55:52.352332,2493.38,2493.38,0.0,-506.62,0
2026-03-22T20:55:53.369368,2493.38,2493.38,0.0,-506.62,0
2026-03-22T20:55:54.380656,2493.38,2493.38,0.0,-506.62,0
2026-03-22T20:55:55.401758,2493.38,2493.38,0.0,-506.62,0
2026-03-22T20:55:56.424823,2493.38,2493.38,0.0,-506.62,0
2026-03-22T20:55:57.439937,2493.38,2493.38,0.0,-506.62,0
2026-03-22T20:55:58.447801,2493.38,2493.38,0.0,-506.62,0
2026-03-22T20:55:59.458830,2493.38,2493.38,0.0,-506.62,0
2026-03-22T20:56:00.467644,2493.38,2493.38,0.0,-506.62,0
2026-03-22T20:56:01.490425,2493.38,2493.38,0.0,-506.62,0
2026-03-22T20:56:02.513976,2493.38,2493.38,0.0,-506.62,0
2026-03-22T20:56:03.537431,2493.38,2493.38,0.0,-506.62,0
2026-03-22T20:56:04.584480,2493.38,2493.38,0.0,-506.62,0
2026-03-22T20:56:05.603354,2493.38,2493.38,0.0,-506.62,0
2026-03-22T20:56:06.619200,2493.38,2493.38,0.0,-506.62,0
2026-03-22T20:56:07.628162,2493.38,2493.38,0.0,-506.62,0
2026-03-22T20:56:08.644515,2493.38,2493.38,0.0,-506.62,0
2026-03-22T20:56:09.658613,2493.38,2493.38,0.0,-506.62,0
2026-03-22T20:56:10.671650,2493.38,2493.38,0.0,-506.62,0
2026-03-22T20:56:11.689192,2493.38,2493.38,0.0,-506.62,0
2026-03-22T20:56:12.708741,2493.38,2493.38,0.0,-506.62,0
2026-03-22T20:56:13.724847,2493.38,2493.38,0.0,-506.62,0
2026-03-22T20:56:14.748580,2493.38,2493.38,0.0,-506.62,0
2026-03-22T20:56:15.764189,2493.38,2493.38,0.0,-506.62,0
2026-03-22T20:56:16.775593,2493.38,2493.38,0.0,-506.62,0
2026-03-22T20:56:17.796513,2493.38,2493.38,0.0,-506.62,0
2026-03-22T20:56:18.804992,2493.38,2493.38,0.0,-506.62,0
2026-03-22T20:56:19.816196,2493.38,2493.38,0.0,-506.62,0
2026-03-22T20:56:20.832356,2493.38,2493.38,0.0,-506.62,0
2026-03-22T20:56:21.852604,2493.38,2493.38,0.0,-506.62,0
2026-03-22T20:56:22.870831,2493.38,2493.38,0.0,-506.62,0
2026-03-22T20:56:23.889219,2493.38,2493.38,0.0,-506.62,0
2026-03-22T20:56:24.908731,2493.38,2493.38,0.0,-506.62,0
2026-03-22T20:56:25.917471,2493.38,2493.38,0.0,-506.62,0
2026-03-22T20:56:26.925695,2493.38,2493.38,0.0,-506.62,0
2026-03-22T20:56:27.942449,2493.38,2493.38,0.0,-506.62,0
2026-03-22T20:56:28.953112,2493.38,2493.38,0.0,-506.62,0
2026-03-22T20:56:29.968033,2493.38,2493.38,0.0,-506.62,0
2026-03-22T20:56:30.985602,2493.38,2493.38,0.0,-506.62,0
2026-03-22T20:56:31.996230,2493.38,2493.38,0.0,-506.62,0
2026-03-22T20:56:33.007388,2493.38,2493.38,0.0,-506.62,0
2026-03-22T20:56:34.019218,2493.38,2493.38,0.0,-506.62,0
2026-03-22T20:56:35.037429,2493.38,2493.38,0.0,-506.62,0
2026-03-22T20:56:36.055512,2493.38,2493.38,0.0,-506.62,0
2026-03-22T20:56:37.100114,2493.38,2493.38,0.0,-506.62,0
2026-03-22T20:56:38.125533,2493.38,2493.38,0.0,-506.62,0
2026-03-22T20:56:39.147862,2493.38,2493.38,0.0,-506.62,0
2026-03-22T20:56:40.170874,2493.38,2493.38,0.0,-506.62,0
2026-03-22T20:56:41.181210,2493.38,2493.38,0.0,-506.62,0
2026-03-22T20:56:42.205857,2493.38,2493.38,0.0,-506.62,0
2026-03-22T20:56:43.225738,2493.38,2493.38,0.0,-506.62,0
2026-03-22T20:56:44.246266,2493.38,2493.38,0.0,-506.62,0
2026-03-22T20:56:45.259702,2493.38,2493.38,0.0,-506.62,0
2026-03-22T20:56:46.277764,2493.38,2493.38,0.0,-506.62,0
2026-03-22T20:56:47.287474,2493.38,2493.38,0.0,-506.62,0
2026-03-22T20:56:48.306868,2493.38,2493.38,0.0,-506.62,0
2026-03-22T20:56:49.321667,2493.38,2493.38,0.0,-506.62,0
2026-03-22T20:56:50.341570,2493.38,2493.38,0.0,-506.62,0
2026-03-22T20:56:51.357905,2493.38,2493.38,0.0,-506.62,0
2026-03-22T20:56:52.367546,2493.38,2493.38,0.0,-506.62,0
2026-03-22T20:56:53.388868,2493.38,2493.38,0.0,-506.62,0
2026-03-22T20:56:54.403292,2493.38,2493.38,0.0,-506.62,0
2026-03-22T20:56:55.426466,2493.38,2493.38,0.0,-506.62,0
2026-03-22T20:56:56.444455,2493.38,2493.38,0.0,-506.62,0
2026-03-22T20:56:57.461324,2493.38,2493.38,0.0,-506.62,0
2026-03-22T20:56:58.478113,2493.38,2493.38,0.0,-506.62,0
2026-03-22T20:56:59.493903,2493.38,2493.38,0.0,-506.62,0
2026-03-22T20:57:00.502954,2493.38,2493.38,0.0,-506.62,0
2026-03-22T20:57:01.511048,2493.38,2493.38,0.0,-506.62,0
2026-03-22T20:57:02.519374,2493.38,2493.38,0.0,-506.62,0
2026-03-22T20:57:03.536560,2493.38,2493.38,0.0,-506.62,0
2026-03-22T20:57:04.550726,2493.38,2493.38,0.0,-506.62,0
2026-03-22T20:57:05.574731,2493.38,2493.38,0.0,-506.62,0
2026-03-22T20:57:06.584434,2493.38,2493.38,0.0,-506.62,0
2026-03-22T20:57:07.642873,2493.38,2493.38,0.0,-506.62,0
2026-03-22T20:57:08.660470,2493.38,2493.38,0.0,-506.62,0
2026-03-22T20:57:09.678727,2493.38,2493.38,0.0,-506.62,0
2026-03-22T20:57:10.699337,2493.38,2493.38,0.0,-506.62,0
2026-03-22T20:57:11.717946,2493.38,2493.38,0.0,-506.62,0
2026-03-22T20:57:12.741341,2493.38,2493.38,0.0,-506.62,0
2026-03-22T20:57:13.758456,2493.38,2493.38,0.0,-506.62,0
2026-03-22T20:57:14.767169,2493.38,2493.38,0.0,-506.62,0
2026-03-22T20:57:15.775810,2493.38,2493.38,0.0,-506.62,0
2026-03-22T20:57:16.792293,2493.38,2493.38,0.0,-506.62,0
2026-03-22T20:57:17.816164,2493.38,2493.38,0.0,-506.62,0
2026-03-22T20:57:18.833263,2493.38,2493.38,0.0,-506.62,0
2026-03-22T20:57:19.841542,2493.38,2493.38,0.0,-506.62,0
2026-03-22T20:57:20.856819,2493.38,2493.38,0.0,-506.62,0
2026-03-22T20:57:21.873615,2493.38,2493.38,0.0,-506.62,0
2026-03-22T20:57:22.896619,2493.38,2493.38,0.0,-506.62,0
2026-03-22T20:57:23.911406,2493.38,2493.38,0.0,-506.62,0
2026-03-22T20:57:24.921917,2493.38,2493.38,0.0,-506.62,0
2026-03-22T20:57:25.937701,2493.38,2493.38,0.0,-506.62,0
2026-03-22T20:57:26.952681,2493.38,2493.38,0.0,-506.62,0
2026-03-22T20:57:27.964374,2493.38,2493.38,0.0,-506.62,0
2026-03-22T20:57:28.988238,2493.38,2493.38,0.0,-506.62,0
2026-03-22T20:57:30.005205,2493.38,2493.38,0.0,-506.62,0
2026-03-22T20:57:31.023059,2493.38,2493.38,0.0,-506.62,0
2026-03-22T20:57:32.033845,2493.38,2493.38,0.0,-506.62,0
2026-03-22T20:57:33.060832,2493.38,2493.38,0.0,-506.62,0
2026-03-22T20:57:34.067945,2493.38,2493.38,0.0,-506.62,0
2026-03-22T20:57:35.082602,2493.38,2493.38,0.0,-506.62,0
2026-03-22T20:57:36.101300,2493.38,2493.38,0.0,-506.62,0
2026-03-22T20:57:37.116929,2493.38,2493.38,0.0,-506.62,0
2026-03-22T20:57:38.132695,2493.38,2493.38,0.0,-506.62,0
2026-03-22T20:57:39.155878,2493.38,2493.38,0.0,-506.62,0
2026-03-22T20:57:40.171620,2493.38,2493.38,0.0,-506.62,0
2026-03-22T20:57:41.180462,2493.38,2493.38,0.0,-506.62,0
2026-03-22T20:57:42.195967,2493.38,2493.38,0.0,-506.62,0
2026-03-22T20:57:43.214558,2493.38,2493.38,0.0,-506.62,0
2026-03-22T20:57:44.224190,2493.38,2493.38,0.0,-506.62,0
2026-03-22T20:57:45.241377,2493.38,2493.38,0.0,-506.62,0
2026-03-22T20:57:46.261525,2493.38,2493.38,0.0,-506.62,0
2026-03-22T20:57:47.273794,2493.38,2493.38,0.0,-506.62,0
2026-03-22T20:57:48.296045,2493.38,2493.38,0.0,-506.62,0
2026-03-22T20:57:49.312277,2493.38,2493.38,0.0,-506.62,0
2026-03-22T20:57:50.320435,2493.38,2493.38,0.0,-506.62,0
2026-03-22T20:57:51.344658,2493.38,2493.38,0.0,-506.62,0
2026-03-22T20:57:52.362327,2493.38,2493.38,0.0,-506.62,0
2026-03-22T20:57:53.384439,2493.38,2493.38,0.0,-506.62,0
2026-03-22T20:57:54.395010,2493.38,2493.38,0.0,-506.62,0
2026-03-22T20:57:55.414317,2493.38,2493.38,0.0,-506.62,0
2026-03-22T20:57:56.425620,2493.38,2493.38,0.0,-506.62,0
2026-03-22T20:57:57.442136,2493.38,2493.38,0.0,-506.62,0
2026-03-22T20:57:58.463960,2493.38,2493.38,0.0,-506.62,0
2026-03-22T20:57:59.480383,2493.38,2493.38,0.0,-506.62,0
2026-03-22T20:58:00.488166,2493.38,2493.38,0.0,-506.62,0
2026-03-22T20:58:01.513725,2493.38,2493.38,0.0,-506.62,0
2026-03-22T20:58:02.537880,2493.38,2493.38,0.0,-506.62,0
2026-03-22T20:58:03.546378,2493.38,2493.38,0.0,-506.62,0
2026-03-22T20:58:04.556494,2493.38,2493.38,0.0,-506.62,0
2026-03-22T20:58:05.567255,2493.38,2493.38,0.0,-506.62,0
2026-03-22T20:58:06.578336,2493.38,2493.38,0.0,-506.62,0
2026-03-22T20:58:07.595902,2493.38,2493.38,0.0,-506.62,0
2026-03-22T20:58:08.608930,2493.38,2493.38,0.0,-506.62,0
2026-03-22T20:58:09.626487,2493.38,2493.38,0.0,-506.62,0
2026-03-22T20:58:10.642799,2493.38,2493.38,0.0,-506.62,0
2026-03-22T20:58:11.688647,2493.38,2493.38,0.0,-506.62,0
2026-03-22T20:58:12.707093,2493.38,2493.38,0.0,-506.62,0
2026-03-22T20:58:13.717043,2493.38,2493.38,0.0,-506.62,0
2026-03-22T20:58:14.736472,2493.38,2493.38,0.0,-506.62,0
2026-03-22T20:58:15.753308,2493.38,2493.38,0.0,-506.62,0
2026-03-22T20:58:16.764347,2493.38,2493.38,0.0,-506.62,0
2026-03-22T20:58:17.784852,2493.38,2493.38,0.0,-506.62,0
2026-03-22T20:58:18.801183,2493.38,2493.38,0.0,-506.62,0
2026-03-22T20:58:19.810858,2493.38,2493.38,0.0,-506.62,0
2026-03-22T20:58:20.824147,2493.38,2493.38,0.0,-506.62,0
2026-03-22T20:58:21.835708,2493.38,2493.38,0.0,-506.62,0
2026-03-22T20:58:22.846042,2493.38,2493.38,0.0,-506.62,0
2026-03-22T20:58:23.862643,2493.38,2493.38,0.0,-506.62,0
2026-03-22T20:58:24.882333,2493.38,2493.38,0.0,-506.62,0
2026-03-22T20:58:25.900867,2493.38,2493.38,0.0,-506.62,0
2026-03-22T20:58:26.911146,2493.38,2493.38,0.0,-506.62,0
2026-03-22T20:58:27.919052,2493.38,2493.38,0.0,-506.62,0
2026-03-22T20:58:28.940309,2493.38,2493.38,0.0,-506.62,0
2026-03-22T20:58:29.951703,2493.38,2493.38,0.0,-506.62,0
2026-03-22T20:58:30.971827,2493.38,2493.38,0.0,-506.62,0
2026-03-22T20:58:31.987598,2493.38,2493.38,0.0,-506.62,0
2026-03-22T20:58:32.998561,2493.38,2493.38,0.0,-506.62,0
2026-03-22T20:58:34.014618,2493.38,2493.38,0.0,-506.62,0
2026-03-22T20:58:35.037179,2493.38,2493.38,0.0,-506.62,0
2026-03-22T20:58:36.051170,2493.38,2493.38,0.0,-506.62,0
2026-03-22T20:58:37.073730,2493.38,2493.38,0.0,-506.62,0
2026-03-22T20:58:38.091280,2493.38,2493.38,0.0,-506.62,0
2026-03-22T20:58:39.101845,2493.38,2493.38,0.0,-506.62,0
2026-03-22T20:58:40.120768,2493.38,2493.38,0.0,-506.62,0
2026-03-22T20:58:41.138962,2493.38,2493.38,0.0,-506.62,0
2026-03-22T20:58:42.158838,2493.38,2493.38,0.0,-506.62,0
2026-03-22T20:58:43.187637,2493.38,2493.38,0.0,-506.62,0
2026-03-22T20:58:44.204505,2493.38,2493.38,0.0,-506.62,0
2026-03-22T20:58:45.221769,2493.38,2493.38,0.0,-506.62,0
2026-03-22T20:58:46.232739,2493.38,2493.38,0.0,-506.62,0
2026-03-22T20:58:47.248664,2493.38,2493.38,0.0,-506.62,0
2026-03-22T20:58:48.256900,2493.38,2493.38,0.0,-506.62,0
2026-03-22T20:58:49.278795,2493.38,2493.38,0.0,-506.62,0
2026-03-22T20:58:50.287342,2493.38,2493.38,0.0,-506.62,0
2026-03-22T20:58:51.301260,2493.38,2493.38,0.0,-506.62,0
2026-03-22T20:58:52.310870,2493.38,2493.38,0.0,-506.62,0
2026-03-22T20:58:53.330059,2493.38,2493.38,0.0,-506.62,0
2026-03-22T20:58:54.341897,2493.38,2493.38,0.0,-506.62,0
2026-03-22T20:58:55.367333,2493.38,2493.38,0.0,-506.62,0
2026-03-22T20:58:56.387283,2493.38,2493.38,0.0,-506.62,0
2026-03-22T20:58:57.407219,2493.38,2493.38,0.0,-506.62,0
2026-03-22T20:58:58.418152,2493.38,2493.38,0.0,-506.62,0
2026-03-22T20:58:59.428188,2493.38,2493.38,0.0,-506.62,0
2026-03-22T20:59:00.439725,2493.38,2493.38,0.0,-506.62,0
2026-03-22T20:59:01.463098,2493.38,2493.38,0.0,-506.62,0
2026-03-22T20:59:02.475448,2493.38,2493.38,0.0,-506.62,0
2026-03-22T20:59:03.492223,2493.38,2493.38,0.0,-506.62,0
2026-03-22T20:59:04.503552,2493.38,2493.38,0.0,-506.62,0
2026-03-22T20:59:05.521704,2493.38,2493.38,0.0,-506.62,0
2026-03-22T20:59:06.533706,2493.38,2493.38,0.0,-506.62,0
2026-03-22T20:59:07.553330,2493.38,2493.38,0.0,-506.62,0
2026-03-22T20:59:08.566734,2493.38,2493.38,0.0,-506.62,0
2026-03-22T20:59:09.582714,2493.38,2493.38,0.0,-506.62,0
2026-03-22T20:59:10.593893,2493.38,2493.38,0.0,-506.62,0
2026-03-22T20:59:11.609822,2493.38,2493.38,0.0,-506.62,0
2026-03-22T20:59:12.625577,2493.38,2493.38,0.0,-506.62,0
2026-03-22T20:59:13.646460,2493.38,2493.38,0.0,-506.62,0
2026-03-22T20:59:14.674484,2493.38,2493.38,0.0,-506.62,0
2026-03-22T20:59:15.713948,2493.38,2493.38,0.0,-506.62,0
2026-03-22T20:59:16.729735,2493.38,2493.38,0.0,-506.62,0
2026-03-22T20:59:17.739730,2493.38,2493.38,0.0,-506.62,0
2026-03-22T20:59:18.748282,2493.38,2493.38,0.0,-506.62,0
2026-03-22T20:59:19.755834,2493.38,2493.38,0.0,-506.62,0
2026-03-22T20:59:20.764382,2493.38,2493.38,0.0,-506.62,0
2026-03-22T20:59:21.785564,2493.38,2493.38,0.0,-506.62,0
2026-03-22T20:59:22.792307,2493.38,2493.38,0.0,-506.62,0
2026-03-22T20:59:23.803829,2493.38,2493.38,0.0,-506.62,0
2026-03-22T20:59:24.826265,2493.38,2493.38,0.0,-506.62,0
2026-03-22T20:59:25.844203,2493.38,2493.38,0.0,-506.62,0
2026-03-22T20:59:26.862802,2493.38,2493.38,0.0,-506.62,0
2026-03-22T20:59:27.877793,2493.38,2493.38,0.0,-506.62,0
2026-03-22T20:59:28.885412,2493.38,2493.38,0.0,-506.62,0
2026-03-22T20:59:29.899352,2493.38,2493.38,0.0,-506.62,0
2026-03-22T20:59:30.917221,2493.38,2493.38,0.0,-506.62,0
2026-03-22T20:59:31.925650,2493.38,2493.38,0.0,-506.62,0
2026-03-22T20:59:32.948383,2493.38,2493.38,0.0,-506.62,0
2026-03-22T20:59:33.958473,2493.38,2493.38,0.0,-506.62,0
2026-03-22T20:59:34.982121,2493.38,2493.38,0.0,-506.62,0
2026-03-22T20:59:35.998599,2493.38,2493.38,0.0,-506.62,0
2026-03-22T20:59:37.014903,2493.38,2493.38,0.0,-506.62,0
2026-03-22T20:59:38.024037,2493.38,2493.38,0.0,-506.62,0
2026-03-22T20:59:39.045984,2493.38,2493.38,0.0,-506.62,0
2026-03-22T20:59:40.064135,2493.38,2493.38,0.0,-506.62,0
2026-03-22T20:59:41.087335,2493.38,2493.38,0.0,-506.62,0
2026-03-22T20:59:42.103267,2493.38,2493.38,0.0,-506.62,0
2026-03-22T20:59:43.112488,2493.38,2493.38,0.0,-506.62,0
2026-03-22T20:59:44.128207,2493.38,2493.38,0.0,-506.62,0
2026-03-22T20:59:45.147030,2493.38,2493.38,0.0,-506.62,0
2026-03-22T20:59:46.188964,2493.38,2493.38,0.0,-506.62,0
2026-03-22T20:59:47.207068,2493.38,2493.38,0.0,-506.62,0
2026-03-22T20:59:48.226099,2493.38,2493.38,0.0,-506.62,0
2026-03-22T20:59:49.239212,2493.38,2493.38,0.0,-506.62,0
2026-03-22T20:59:50.248092,2493.38,2493.38,0.0,-506.62,0
2026-03-22T20:59:51.257065,2493.38,2493.38,0.0,-506.62,0
2026-03-22T20:59:52.270500,2493.38,2493.38,0.0,-506.62,0
2026-03-22T20:59:53.282704,2493.38,2493.38,0.0,-506.62,0
2026-03-22T20:59:54.304831,2493.38,2493.38,0.0,-506.62,0
2026-03-22T20:59:55.318361,2493.38,2493.38,0.0,-506.62,0
2026-03-22T20:59:56.334539,2493.38,2493.38,0.0,-506.62,0
2026-03-22T20:59:57.353629,2493.38,2493.38,0.0,-506.62,0
2026-03-22T20:59:58.365046,2493.38,2493.38,0.0,-506.62,0
2026-03-22T20:59:59.374377,2493.38,2493.38,0.0,-506.62,0
2026-03-22T21:00:00.393550,2493.38,2493.38,0.0,-506.62,0
2026-03-22T21:00:01.407066,2493.38,2493.38,0.0,-506.62,0
2026-03-22T21:00:02.424303,2493.38,2493.38,0.0,-506.62,0
2026-03-22T21:00:03.433993,2493.38,2493.38,0.0,-506.62,0
2026-03-22T21:00:04.459492,2493.38,2493.38,0.0,-506.62,0
2026-03-22T21:00:05.475840,2493.38,2493.38,0.0,-506.62,0
2026-03-22T21:00:06.488460,2493.38,2493.38,0.0,-506.62,0
2026-03-22T21:00:07.498332,2493.38,2493.38,0.0,-506.62,0
2026-03-22T21:00:08.518228,2493.38,2493.38,0.0,-506.62,0
2026-03-22T21:00:09.536835,2493.38,2493.38,0.0,-506.62,0
2026-03-22T21:00:10.556700,2493.38,2493.38,0.0,-506.62,0
2026-03-22T21:00:11.575739,2493.38,2493.38,0.0,-506.62,0
2026-03-22T21:00:12.587548,2493.38,2493.38,0.0,-506.62,0
2026-03-22T21:00:13.596222,2493.38,2493.38,0.0,-506.62,0
2026-03-22T21:00:14.614063,2493.38,2493.38,0.0,-506.62,0
2026-03-22T21:00:15.638396,2493.38,2493.38,0.0,-506.62,0
2026-03-22T21:00:16.660517,2493.38,2493.38,0.0,-506.62,0
2026-03-22T21:00:17.684401,2493.38,2493.38,0.0,-506.62,0
2026-03-22T21:00:18.727593,2493.38,2493.38,0.0,-506.62,0
2026-03-22T21:00:19.745545,2493.38,2493.38,0.0,-506.62,0
2026-03-22T21:00:20.756933,2493.38,2368.88,124.5,-506.62,0
2026-03-22T21:00:21.769127,2492.29,2367.79,124.5,-507.71,0.0
2026-03-22T21:00:22.788325,2492.29,2367.79,124.5,-507.71,0.0
2026-03-22T21:00:23.798076,2492.29,2367.79,124.5,-507.71,0.0
2026-03-22T21:00:24.817192,2492.29,2367.79,124.5,-507.71,0.0
2026-03-22T21:00:25.832921,2492.29,2367.79,124.5,-507.71,0.0
2026-03-22T21:00:26.844295,2492.29,2367.79,124.5,-507.71,0.0
2026-03-22T21:00:27.854863,2492.29,2367.79,124.5,-507.71,0.0
2026-03-22T21:00:28.874171,2492.29,2367.79,124.5,-507.71,0.0
2026-03-22T21:00:29.886477,2492.29,2367.79,124.5,-507.71,0.0
2026-03-22T21:00:30.903363,2499.7599999999998,2367.79,124.5,-507.71,7.470000000000007
2026-03-22T21:00:31.925742,2499.7599999999998,2367.79,124.5,-507.71,7.470000000000007
2026-03-22T21:00:32.944690,2499.7599999999998,2367.79,124.5,-507.71,7.470000000000007
2026-03-22T21:00:33.951503,2499.7599999999998,2367.79,124.5,-507.71,7.470000000000007
2026-03-22T21:00:34.971031,2499.7599999999998,2367.79,124.5,-507.71,7.470000000000007
2026-03-22T21:00:35.989597,2499.7599999999998,2367.79,124.5,-507.71,7.470000000000007
2026-03-22T21:00:36.999772,2499.7599999999998,2367.79,124.5,-507.71,7.470000000000007
2026-03-22T21:00:38.009752,2499.7599999999998,2367.79,124.5,-507.71,7.470000000000007
2026-03-22T21:00:39.019099,2499.7599999999998,2367.79,124.5,-507.71,7.470000000000007
2026-03-22T21:00:40.029532,2499.7599999999998,2367.79,124.5,-507.71,7.470000000000007
2026-03-22T21:00:41.041212,2499.7599999999998,2367.79,124.5,-507.71,7.470000000000007
2026-03-22T21:00:42.050094,2499.7599999999998,2367.79,124.5,-507.71,7.470000000000007
2026-03-22T21:00:43.063125,2499.7599999999998,2367.79,124.5,-507.71,7.470000000000007
2026-03-22T21:00:44.072570,2494.7799999999997,2367.79,124.5,-507.71,2.490000000000002
2026-03-22T21:00:45.083805,2494.7799999999997,2367.79,124.5,-507.71,2.490000000000002
2026-03-22T21:00:46.102561,2494.7799999999997,2367.79,124.5,-507.71,2.490000000000002
2026-03-22T21:00:47.114441,2494.7799999999997,2367.79,124.5,-507.71,2.490000000000002
2026-03-22T21:00:48.132713,2494.7799999999997,2367.79,124.5,-507.71,2.490000000000002
2026-03-22T21:00:49.167147,2494.7799999999997,2367.79,124.5,-507.71,2.490000000000002
2026-03-22T21:00:50.178284,2494.7799999999997,2367.79,124.5,-507.71,2.490000000000002
2026-03-22T21:00:51.199328,2494.7799999999997,2367.79,124.5,-507.71,2.490000000000002
2026-03-22T21:00:52.210596,2494.7799999999997,2367.79,124.5,-507.71,2.490000000000002
2026-03-22T21:00:53.225561,2494.7799999999997,2367.79,124.5,-507.71,2.490000000000002
2026-03-22T21:00:54.235482,2494.7799999999997,2367.79,124.5,-507.71,2.490000000000002
2026-03-22T21:00:55.245947,2494.7799999999997,2367.79,124.5,-507.71,2.490000000000002
2026-03-22T21:00:56.257111,2494.7799999999997,2367.79,124.5,-507.71,2.490000000000002
2026-03-22T21:00:57.270416,2494.7799999999997,2367.79,124.5,-507.71,2.490000000000002
2026-03-22T21:00:58.287558,2494.7799999999997,2367.79,124.5,-507.71,2.490000000000002
2026-03-22T21:00:59.297949,2487.31,2367.79,124.5,-507.71,-4.980000000000004
2026-03-22T21:01:00.309051,2487.31,2367.79,124.5,-507.71,-4.980000000000004
2026-03-22T21:01:01.318049,2487.31,2367.79,124.5,-507.71,-4.980000000000004
2026-03-22T21:01:02.330040,2487.31,2367.79,124.5,-507.71,-4.980000000000004
2026-03-22T21:01:03.338605,2487.31,2367.79,124.5,-507.71,-4.980000000000004
2026-03-22T21:01:04.348155,2487.31,2367.79,124.5,-507.71,-4.980000000000004
2026-03-22T21:01:05.360332,2487.31,2367.79,124.5,-507.71,-4.980000000000004
2026-03-22T21:01:06.372995,2487.31,2367.79,124.5,-507.71,-4.980000000000004
2026-03-22T21:01:07.390413,2487.31,2367.79,124.5,-507.71,-4.980000000000004
2026-03-22T21:01:08.401594,2487.31,2367.79,124.5,-507.71,-4.980000000000004
2026-03-22T21:01:09.426364,2487.31,2367.79,124.5,-507.71,-4.980000000000004
2026-03-22T21:01:10.439182,2487.31,2367.79,124.5,-507.71,-4.980000000000004
2026-03-22T21:01:11.459182,2487.31,2367.79,124.5,-507.71,-4.980000000000004
2026-03-22T21:01:12.467902,2487.31,2367.79,124.5,-507.71,-4.980000000000004
2026-03-22T21:01:13.484368,2487.31,2367.79,124.5,-507.71,-4.980000000000004
2026-03-22T21:01:14.502247,2487.31,2367.79,124.5,-507.71,-4.980000000000004
2026-03-22T21:01:15.510296,2487.31,2367.79,124.5,-507.71,-4.980000000000004
2026-03-22T21:01:16.525094,2487.31,2367.79,124.5,-507.71,-4.980000000000004
2026-03-22T21:01:17.535450,2487.31,2367.79,124.5,-507.71,-4.980000000000004
2026-03-22T21:01:18.562857,2487.31,2367.79,124.5,-507.71,-4.980000000000004
2026-03-22T21:01:19.582638,2487.31,2367.79,124.5,-507.71,-4.980000000000004
2026-03-22T21:01:20.631223,2487.31,2367.79,124.5,-507.71,-4.980000000000004
2026-03-22T21:01:21.640125,2487.31,2367.79,124.5,-507.71,-4.980000000000004
2026-03-22T21:01:22.664288,2487.31,2367.79,124.5,-507.71,-4.980000000000004
2026-03-22T21:01:23.680361,2487.31,2367.79,124.5,-507.71,-4.980000000000004
2026-03-22T21:01:24.693097,2487.31,2367.79,124.5,-507.71,-4.980000000000004
2026-03-22T21:01:25.704763,2487.31,2367.79,124.5,-507.71,-4.980000000000004
2026-03-22T21:01:26.721894,2487.31,2367.79,124.5,-507.71,-4.980000000000004
2026-03-22T21:01:27.730050,2487.31,2367.79,124.5,-507.71,-4.980000000000004
2026-03-22T21:01:28.746529,2484.82,2367.79,124.5,-507.71,-7.470000000000007
2026-03-22T21:01:29.762412,2484.82,2367.79,124.5,-507.71,-7.470000000000007
2026-03-22T21:01:30.786054,2484.82,2367.79,124.5,-507.71,-7.470000000000007
2026-03-22T21:01:31.808741,2484.82,2367.79,124.5,-507.71,-7.470000000000007
2026-03-22T21:01:32.825814,2484.82,2367.79,124.5,-507.71,-7.470000000000007
2026-03-22T21:01:33.849163,2484.82,2367.79,124.5,-507.71,-7.470000000000007
2026-03-22T21:01:34.866349,2484.82,2367.79,124.5,-507.71,-7.470000000000007
2026-03-22T21:01:35.882709,2484.82,2367.79,124.5,-507.71,-7.470000000000007
2026-03-22T21:01:36.892710,2484.82,2367.79,124.5,-507.71,-7.470000000000007
2026-03-22T21:01:37.908619,2484.82,2367.79,124.5,-507.71,-7.470000000000007
2026-03-22T21:01:38.924162,2484.82,2367.79,124.5,-507.71,-7.470000000000007
2026-03-22T21:01:39.939177,2484.82,2367.79,124.5,-507.71,-7.470000000000007
2026-03-22T21:01:40.956166,2484.82,2367.79,124.5,-507.71,-7.470000000000007
2026-03-22T21:01:41.971670,2484.82,2367.79,124.5,-507.71,-7.470000000000007
2026-03-22T21:01:42.987442,2484.82,2367.79,124.5,-507.71,-7.470000000000007
2026-03-22T21:01:44.004988,2484.82,2367.79,124.5,-507.71,-7.470000000000007
2026-03-22T21:01:45.026191,2484.82,2367.79,124.5,-507.71,-7.470000000000007
2026-03-22T21:01:46.046287,2484.82,2367.79,124.5,-507.71,-7.470000000000007
2026-03-22T21:01:47.069182,2484.82,2367.79,124.5,-507.71,-7.470000000000007
2026-03-22T21:01:48.079851,2484.82,2367.79,124.5,-507.71,-7.470000000000007
2026-03-22T21:01:49.090466,2484.82,2367.79,124.5,-507.71,-7.470000000000007
2026-03-22T21:01:50.111548,2484.82,2367.79,124.5,-507.71,-7.470000000000007
2026-03-22T21:01:51.134258,2484.82,2367.79,124.5,-507.71,-7.470000000000007
2026-03-22T21:01:52.144158,2484.82,2367.79,124.5,-507.71,-7.470000000000007
2026-03-22T21:01:53.189809,2484.82,2367.79,124.5,-507.71,-7.470000000000007
2026-03-22T21:01:54.207266,2484.82,2367.79,124.5,-507.71,-7.470000000000007
2026-03-22T21:01:55.231322,2484.82,2367.79,124.5,-507.71,-7.470000000000007
2026-03-22T21:01:56.255385,2484.82,2367.79,124.5,-507.71,-7.470000000000007
2026-03-22T21:01:57.264645,2484.82,2367.79,124.5,-507.71,-7.470000000000007
2026-03-22T21:01:58.275755,2484.82,2367.79,124.5,-507.71,-7.470000000000007
2026-03-22T21:01:59.294282,2484.82,2367.79,124.5,-507.71,-7.470000000000007
2026-03-22T21:02:00.311121,2484.82,2367.79,124.5,-507.71,-7.470000000000007
2026-03-22T21:02:01.331993,2484.82,2367.79,124.5,-507.71,-7.470000000000007
2026-03-22T21:02:02.348842,2484.82,2367.79,124.5,-507.71,-7.470000000000007
2026-03-22T21:02:03.360844,2484.82,2367.79,124.5,-507.71,-7.470000000000007
2026-03-22T21:02:04.377484,2484.82,2367.79,124.5,-507.71,-7.470000000000007
2026-03-22T21:02:05.389132,2484.82,2367.79,124.5,-507.71,-7.470000000000007
2026-03-22T21:02:06.402542,2479.84,2367.79,124.5,-507.71,-12.450000000000012
2026-03-22T21:02:07.410071,2479.84,2367.79,124.5,-507.71,-12.450000000000012
2026-03-22T21:02:08.421548,2479.84,2367.79,124.5,-507.71,-12.450000000000012
2026-03-22T21:02:09.429321,2479.84,2367.79,124.5,-507.71,-12.450000000000012
2026-03-22T21:02:10.440537,2479.84,2367.79,124.5,-507.71,-12.450000000000012
2026-03-22T21:02:11.460487,2479.84,2367.79,124.5,-507.71,-12.450000000000012
2026-03-22T21:02:12.480955,2479.84,2367.79,124.5,-507.71,-12.450000000000012
2026-03-22T21:02:13.489712,2479.84,2367.79,124.5,-507.71,-12.450000000000012
2026-03-22T21:02:14.510243,2479.84,2367.79,124.5,-507.71,-12.450000000000012
2026-03-22T21:02:15.524091,2479.84,2367.79,124.5,-507.71,-12.450000000000012
2026-03-22T21:02:16.546144,2479.84,2367.79,124.5,-507.71,-12.450000000000012
2026-03-22T21:02:17.559767,2479.84,2367.79,124.5,-507.71,-12.450000000000012
2026-03-22T21:02:18.574031,2479.84,2367.79,124.5,-507.71,-12.450000000000012
2026-03-22T21:02:19.583753,2479.84,2367.79,124.5,-507.71,-12.450000000000012
2026-03-22T21:02:20.595112,2479.84,2367.79,124.5,-507.71,-12.450000000000012
2026-03-22T21:02:21.605333,2479.84,2367.79,124.5,-507.71,-12.450000000000012
2026-03-22T21:02:22.617213,2484.82,2367.79,124.5,-507.71,-7.470000000000007
2026-03-22T21:02:23.628260,2484.82,2367.79,124.5,-507.71,-7.470000000000007
2026-03-22T21:02:24.646477,2484.82,2367.79,124.5,-507.71,-7.470000000000007
2026-03-22T21:02:25.673413,2484.82,2367.79,124.5,-507.71,-7.470000000000007
2026-03-22T21:02:26.693973,2484.82,2367.79,124.5,-507.71,-7.470000000000007
2026-03-22T21:02:27.712632,2484.82,2367.79,124.5,-507.71,-7.470000000000007
2026-03-22T21:02:28.727763,2484.82,2367.79,124.5,-507.71,-7.470000000000007
2026-03-22T21:02:29.737497,2484.82,2367.79,124.5,-507.71,-7.470000000000007
2026-03-22T21:02:30.757145,2484.82,2367.79,124.5,-507.71,-7.470000000000007
2026-03-22T21:02:31.777525,2484.82,2367.79,124.5,-507.71,-7.470000000000007
2026-03-22T21:02:32.792560,2484.82,2367.79,124.5,-507.71,-7.470000000000007
2026-03-22T21:02:33.814814,2484.82,2367.79,124.5,-507.71,-7.470000000000007
2026-03-22T21:02:34.832634,2484.82,2367.79,124.5,-507.71,-7.470000000000007
2026-03-22T21:02:35.852986,2484.82,2367.79,124.5,-507.71,-7.470000000000007
2026-03-22T21:02:36.862490,2484.82,2367.79,124.5,-507.71,-7.470000000000007
2026-03-22T21:02:37.872533,2484.82,2367.79,124.5,-507.71,-7.470000000000007
2026-03-22T21:02:38.885380,2484.82,2367.79,124.5,-507.71,-7.470000000000007
2026-03-22T21:02:39.900383,2484.82,2367.79,124.5,-507.71,-7.470000000000007
2026-03-22T21:02:40.908812,2484.82,2367.79,124.5,-507.71,-7.470000000000007
2026-03-22T21:02:41.925730,2484.82,2367.79,124.5,-507.71,-7.470000000000007
2026-03-22T21:02:42.946154,2484.82,2367.79,124.5,-507.71,-7.470000000000007
2026-03-22T21:02:43.968552,2484.82,2367.79,124.5,-507.71,-7.470000000000007
2026-03-22T21:02:44.987308,2484.82,2367.79,124.5,-507.71,-7.470000000000007
2026-03-22T21:02:45.997752,2484.82,2367.79,124.5,-507.71,-7.470000000000007
2026-03-22T21:02:47.009601,2484.82,2367.79,124.5,-507.71,-7.470000000000007
2026-03-22T21:02:48.019088,2484.82,2367.79,124.5,-507.71,-7.470000000000007
2026-03-22T21:02:49.037483,2489.8,2367.79,124.5,-507.71,-2.490000000000002
2026-03-22T21:02:50.056685,2489.8,2367.79,124.5,-507.71,-2.490000000000002
2026-03-22T21:02:51.071573,2489.8,2367.79,124.5,-507.71,-2.490000000000002
2026-03-22T21:02:52.093568,2489.8,2367.79,124.5,-507.71,-2.490000000000002
2026-03-22T21:02:53.107498,2489.8,2367.79,124.5,-507.71,-2.490000000000002
2026-03-22T21:02:54.120596,2489.8,2367.79,124.5,-507.71,-2.490000000000002
2026-03-22T21:02:55.133803,2489.8,2367.79,124.5,-507.71,-2.490000000000002
2026-03-22T21:02:56.160814,2489.8,2367.79,124.5,-507.71,-2.490000000000002
2026-03-22T21:02:57.196297,2489.8,2367.79,124.5,-507.71,-2.490000000000002
2026-03-22T21:02:58.212752,2489.8,2367.79,124.5,-507.71,-2.490000000000002
2026-03-22T21:02:59.230103,2489.8,2367.79,124.5,-507.71,-2.490000000000002
2026-03-22T21:03:00.240785,2489.8,2367.79,124.5,-507.71,-2.490000000000002
2026-03-22T21:03:01.253429,2489.8,2367.79,124.5,-507.71,-2.490000000000002
2026-03-22T21:03:02.264426,2489.8,2489.8,0.0,-510.2,0
2026-03-22T21:03:03.275751,2489.8,2489.8,0.0,-510.2,0
2026-03-22T21:03:04.284739,2489.8,2489.8,0.0,-510.2,0
2026-03-22T21:03:05.298296,2489.8,2489.8,0.0,-510.2,0
2026-03-22T21:03:06.311161,2489.8,2489.8,0.0,-510.2,0
2026-03-22T21:03:07.333099,2489.8,2489.8,0.0,-510.2,0
2026-03-22T21:03:08.342669,2489.8,2489.8,0.0,-510.2,0
2026-03-22T21:03:09.355021,2489.8,2489.8,0.0,-510.2,0
2026-03-22T21:03:10.363841,2489.8,2489.8,0.0,-510.2,0
2026-03-22T21:03:11.374380,2489.8,2489.8,0.0,-510.2,0
2026-03-22T21:03:12.386129,2489.8,2489.8,0.0,-510.2,0
2026-03-22T21:03:13.398222,2489.8,2489.8,0.0,-510.2,0
2026-03-22T21:03:14.417599,2489.8,2489.8,0.0,-510.2,0
2026-03-22T21:03:15.430382,2489.8,2489.8,0.0,-510.2,0
2026-03-22T21:03:16.443731,2489.8,2489.8,0.0,-510.2,0
2026-03-22T21:03:17.455671,2489.8,2489.8,0.0,-510.2,0
2026-03-22T21:03:18.465518,2489.8,2489.8,0.0,-510.2,0
2026-03-22T21:03:19.478350,2489.8,2489.8,0.0,-510.2,0
2026-03-22T21:03:20.502012,2489.8,2489.8,0.0,-510.2,0
2026-03-22T21:03:21.514760,2489.8,2489.8,0.0,-510.2,0
2026-03-22T21:03:22.534231,2489.8,2489.8,0.0,-510.2,0
2026-03-22T21:03:23.559513,2489.8,2489.8,0.0,-510.2,0
2026-03-22T21:03:24.575658,2489.8,2489.8,0.0,-510.2,0
2026-03-22T21:03:25.583437,2489.8,2489.8,0.0,-510.2,0
2026-03-22T21:03:26.592606,2489.8,2489.8,0.0,-510.2,0
2026-03-22T21:03:27.608634,2489.8,2489.8,0.0,-510.2,0
2026-03-22T21:03:28.632793,2489.8,2489.8,0.0,-510.2,0
2026-03-22T21:03:29.641495,2489.8,2365.78,124.02000000000001,-510.2,0
2026-03-22T21:03:30.690087,2489.8,2365.78,124.02000000000001,-510.2,0
2026-03-22T21:03:31.704250,2488.77,2364.75,124.02000000000001,-511.22999999999996,0.0
2026-03-22T21:03:32.713947,2488.77,2364.75,124.02000000000001,-511.22999999999996,0.0
2026-03-22T21:03:33.729830,2488.77,2364.75,124.02000000000001,-511.22999999999996,0.0
2026-03-22T21:03:34.739059,2488.77,2364.75,124.02000000000001,-511.22999999999996,0.0
2026-03-22T21:03:35.761140,2488.77,2364.75,124.02000000000001,-511.22999999999996,0.0
2026-03-22T21:03:36.770714,2488.77,2364.75,124.02000000000001,-511.22999999999996,0.0
2026-03-22T21:03:37.788346,2488.77,2364.75,124.02000000000001,-511.22999999999996,0.0
2026-03-22T21:03:38.799313,2488.77,2364.75,124.02000000000001,-511.22999999999996,0.0
2026-03-22T21:03:39.819969,2488.77,2364.75,124.02000000000001,-511.22999999999996,0.0
2026-03-22T21:03:40.835913,2491.11,2364.75,124.02000000000001,-511.22999999999996,2.340000000000002
2026-03-22T21:03:41.859106,2491.11,2364.75,124.02000000000001,-511.22999999999996,2.340000000000002
2026-03-22T21:03:42.875783,2491.11,2364.75,124.02000000000001,-511.22999999999996,2.340000000000002
2026-03-22T21:03:43.890521,2491.11,2364.75,124.02000000000001,-511.22999999999996,2.340000000000002
2026-03-22T21:03:44.908733,2491.11,2364.75,124.02000000000001,-511.22999999999996,2.340000000000002
2026-03-22T21:03:45.924186,2491.11,2364.75,124.02000000000001,-511.22999999999996,2.340000000000002
2026-03-22T21:03:46.932545,2491.11,2364.75,124.02000000000001,-511.22999999999996,2.340000000000002
2026-03-22T21:03:47.941121,2491.11,2364.75,124.02000000000001,-511.22999999999996,2.340000000000002
2026-03-22T21:03:48.950182,2491.11,2364.75,124.02000000000001,-511.22999999999996,2.340000000000002
2026-03-22T21:03:49.966521,2491.11,2364.75,124.02000000000001,-511.22999999999996,2.340000000000002
2026-03-22T21:03:50.975662,2491.11,2364.75,124.02000000000001,-511.22999999999996,2.340000000000002
2026-03-22T21:03:51.999005,2491.11,2364.75,124.02000000000001,-511.22999999999996,2.340000000000002
2026-03-22T21:03:53.010332,2491.11,2364.75,124.02000000000001,-511.22999999999996,2.340000000000002
2026-03-22T21:03:54.032879,2491.11,2364.75,124.02000000000001,-511.22999999999996,2.340000000000002
2026-03-22T21:03:55.047107,2491.11,2364.75,124.02000000000001,-511.22999999999996,2.340000000000002
2026-03-22T21:03:56.055447,2491.11,2364.75,124.02000000000001,-511.22999999999996,2.340000000000002
2026-03-22T21:03:57.079469,2491.11,2364.75,124.02000000000001,-511.22999999999996,2.340000000000002
2026-03-22T21:03:58.094060,2491.11,2364.75,124.02000000000001,-511.22999999999996,2.340000000000002
2026-03-22T21:03:59.120363,2491.11,2364.75,124.02000000000001,-511.22999999999996,2.340000000000002
2026-03-22T21:04:00.134176,2491.11,2364.75,124.02000000000001,-511.22999999999996,2.340000000000002
2026-03-22T21:04:01.175724,2491.11,2364.75,124.02000000000001,-511.22999999999996,2.340000000000002
2026-03-22T21:04:02.187388,2491.11,2364.75,124.02000000000001,-511.22999999999996,2.340000000000002
2026-03-22T21:04:03.198593,2491.11,2364.75,124.02000000000001,-511.22999999999996,2.340000000000002
2026-03-22T21:04:04.218506,2491.11,2364.75,124.02000000000001,-511.22999999999996,2.340000000000002
2026-03-22T21:04:05.232333,2491.11,2364.75,124.02000000000001,-511.22999999999996,2.340000000000002
2026-03-22T21:04:06.251731,2491.11,2364.75,124.02000000000001,-511.22999999999996,2.340000000000002
2026-03-22T21:04:07.270930,2481.75,2481.75,0.0,-518.25,0
2026-03-22T21:04:08.279930,2481.75,2481.75,0.0,-518.25,0
2026-03-22T21:04:09.288902,2481.75,2481.75,0.0,-518.25,0
2026-03-22T21:04:10.306927,2481.75,2481.75,0.0,-518.25,0
2026-03-22T21:04:11.323259,2481.75,2481.75,0.0,-518.25,0
2026-03-22T21:04:12.334183,2481.75,2481.75,0.0,-518.25,0
2026-03-22T21:04:13.346090,2481.75,2481.75,0.0,-518.25,0
2026-03-22T21:04:14.355438,2481.75,2481.75,0.0,-518.25,0
2026-03-22T21:04:15.366257,2481.75,2481.75,0.0,-518.25,0
2026-03-22T21:04:16.380236,2481.75,2481.75,0.0,-518.25,0
2026-03-22T21:04:17.391585,2481.75,2481.75,0.0,-518.25,0
2026-03-22T21:04:18.412561,2481.75,2481.75,0.0,-518.25,0
2026-03-22T21:04:19.435371,2481.75,2481.75,0.0,-518.25,0
2026-03-22T21:04:20.449400,2481.75,2481.75,0.0,-518.25,0
2026-03-22T21:04:21.461348,2481.75,2481.75,0.0,-518.25,0
2026-03-22T21:04:22.474289,2481.75,2481.75,0.0,-518.25,0
2026-03-22T21:04:23.492480,2481.75,2481.75,0.0,-518.25,0
2026-03-22T21:04:24.516351,2481.75,2481.75,0.0,-518.25,0
2026-03-22T21:04:25.527897,2481.75,2481.75,0.0,-518.25,0
2026-03-22T21:04:26.548207,2481.75,2481.75,0.0,-518.25,0
2026-03-22T21:04:27.558505,2481.75,2481.75,0.0,-518.25,0
2026-03-22T21:04:28.576795,2481.75,2481.75,0.0,-518.25,0
2026-03-22T21:04:29.591320,2481.75,2481.75,0.0,-518.25,0
2026-03-22T21:04:30.607267,2481.75,2481.75,0.0,-518.25,0
2026-03-22T21:04:31.632971,2481.75,2481.75,0.0,-518.25,0
2026-03-22T21:04:32.673308,2481.75,2481.75,0.0,-518.25,0
2026-03-22T21:04:33.684258,2481.75,2481.75,0.0,-518.25,0
2026-03-22T21:04:34.694918,2481.75,2481.75,0.0,-518.25,0
2026-03-22T21:04:35.714708,2481.75,2481.75,0.0,-518.25,0
2026-03-22T21:04:36.725725,2481.75,2481.75,0.0,-518.25,0
2026-03-22T21:04:37.744996,2481.75,2481.75,0.0,-518.25,0
2026-03-22T21:04:38.770269,2481.75,2481.75,0.0,-518.25,0
2026-03-22T21:04:39.788180,2481.75,2481.75,0.0,-518.25,0
2026-03-22T21:04:40.808997,2481.75,2481.75,0.0,-518.25,0
2026-03-22T21:04:41.824096,2481.75,2481.75,0.0,-518.25,0
2026-03-22T21:04:42.841407,2481.75,2481.75,0.0,-518.25,0
2026-03-22T21:04:43.853027,2481.75,2481.75,0.0,-518.25,0
2026-03-22T21:04:44.862303,2481.75,2481.75,0.0,-518.25,0
2026-03-22T21:04:45.878234,2481.75,2481.75,0.0,-518.25,0
2026-03-22T21:04:46.895459,2481.75,2481.75,0.0,-518.25,0
2026-03-22T21:04:47.905504,2481.75,2481.75,0.0,-518.25,0
2026-03-22T21:04:48.916831,2481.75,2481.75,0.0,-518.25,0
2026-03-22T21:04:49.935314,2481.75,2481.75,0.0,-518.25,0
2026-03-22T21:04:50.946391,2481.75,2481.75,0.0,-518.25,0
2026-03-22T21:04:51.971601,2481.75,2481.75,0.0,-518.25,0
2026-03-22T21:04:52.983547,2481.75,2481.75,0.0,-518.25,0
2026-03-22T21:04:54.001231,2481.75,2481.75,0.0,-518.25,0
2026-03-22T21:04:55.020920,2481.75,2481.75,0.0,-518.25,0
2026-03-22T21:04:56.040128,2481.75,2481.75,0.0,-518.25,0
2026-03-22T21:04:57.057637,2481.75,2481.75,0.0,-518.25,0
2026-03-22T21:04:58.075746,2481.75,2481.75,0.0,-518.25,0
2026-03-22T21:04:59.085238,2481.75,2481.75,0.0,-518.25,0
2026-03-22T21:05:00.097864,2481.75,2481.75,0.0,-518.25,0
2026-03-22T21:05:01.106040,2481.75,2481.75,0.0,-518.25,0
2026-03-22T21:05:02.120674,2481.75,2481.75,0.0,-518.25,0
2026-03-22T21:05:03.130301,2481.75,2481.75,0.0,-518.25,0
2026-03-22T21:05:04.171451,2481.75,2481.75,0.0,-518.25,0
2026-03-22T21:05:05.182861,2481.75,2481.75,0.0,-518.25,0
2026-03-22T21:05:06.194625,2481.75,2481.75,0.0,-518.25,0
2026-03-22T21:05:07.208503,2481.75,2481.75,0.0,-518.25,0
2026-03-22T21:05:08.225499,2481.75,2481.75,0.0,-518.25,0
2026-03-22T21:05:09.239442,2481.75,2481.75,0.0,-518.25,0
2026-03-22T21:05:10.252467,2481.75,2481.75,0.0,-518.25,0
2026-03-22T21:05:11.264561,2481.75,2481.75,0.0,-518.25,0
2026-03-22T21:05:12.288556,2481.75,2481.75,0.0,-518.25,0
2026-03-22T21:05:13.306164,2481.75,2481.75,0.0,-518.25,0
2026-03-22T21:05:14.317002,2481.75,2481.75,0.0,-518.25,0
2026-03-22T21:05:15.337813,2481.75,2481.75,0.0,-518.25,0
2026-03-22T21:05:16.347622,2481.75,2481.75,0.0,-518.25,0
2026-03-22T21:05:17.367903,2481.75,2481.75,0.0,-518.25,0
2026-03-22T21:05:18.390701,2481.75,2481.75,0.0,-518.25,0
2026-03-22T21:05:19.408871,2481.75,2481.75,0.0,-518.25,0
2026-03-22T21:05:20.431646,2481.75,2481.75,0.0,-518.25,0
2026-03-22T21:05:21.441402,2481.75,2481.75,0.0,-518.25,0
2026-03-22T21:05:22.460171,2481.75,2481.75,0.0,-518.25,0
2026-03-22T21:05:23.469497,2481.75,2481.75,0.0,-518.25,0
2026-03-22T21:05:24.483326,2481.75,2481.75,0.0,-518.25,0
2026-03-22T21:05:25.493552,2481.75,2481.75,0.0,-518.25,0
2026-03-22T21:05:26.502254,2481.75,2481.75,0.0,-518.25,0
2026-03-22T21:05:27.524276,2481.75,2481.75,0.0,-518.25,0
2026-03-22T21:05:28.542555,2481.75,2481.75,0.0,-518.25,0
2026-03-22T21:05:29.559372,2481.75,2481.75,0.0,-518.25,0
2026-03-22T21:05:30.574032,2481.75,2481.75,0.0,-518.25,0
2026-03-22T21:05:31.581983,2481.75,2481.75,0.0,-518.25,0
2026-03-22T21:05:32.600315,2481.75,2481.75,0.0,-518.25,0
2026-03-22T21:05:33.614573,2481.75,2481.75,0.0,-518.25,0
2026-03-22T21:05:34.630455,2481.75,2481.75,0.0,-518.25,0
2026-03-22T21:05:35.639884,2481.75,2481.75,0.0,-518.25,0
2026-03-22T21:05:36.655861,2481.75,2481.75,0.0,-518.25,0
2026-03-22T21:05:37.680270,2481.75,2481.75,0.0,-518.25,0
2026-03-22T21:05:38.695081,2481.75,2481.75,0.0,-518.25,0
2026-03-22T21:05:39.704843,2481.75,2481.75,0.0,-518.25,0
2026-03-22T21:05:40.714432,2481.75,2481.75,0.0,-518.25,0
2026-03-22T21:05:41.730381,2481.75,2481.75,0.0,-518.25,0
2026-03-22T21:05:42.746089,2481.75,2481.75,0.0,-518.25,0
2026-03-22T21:05:43.760544,2481.75,2481.75,0.0,-518.25,0
2026-03-22T21:05:44.778730,2481.75,2481.75,0.0,-518.25,0
2026-03-22T21:05:45.793136,2481.75,2481.75,0.0,-518.25,0
2026-03-22T21:05:46.810681,2481.75,2481.75,0.0,-518.25,0
2026-03-22T21:05:47.832754,2481.75,2481.75,0.0,-518.25,0
2026-03-22T21:05:48.850321,2481.75,2481.75,0.0,-518.25,0
2026-03-22T21:05:49.865419,2481.75,2481.75,0.0,-518.25,0
2026-03-22T21:05:50.874239,2481.75,2481.75,0.0,-518.25,0
2026-03-22T21:05:51.883449,2481.75,2481.75,0.0,-518.25,0
2026-03-22T21:05:52.900536,2481.75,2481.75,0.0,-518.25,0
2026-03-22T21:05:53.914724,2481.75,2481.75,0.0,-518.25,0
2026-03-22T21:05:54.924149,2481.75,2481.75,0.0,-518.25,0
2026-03-22T21:05:55.947794,2481.75,2481.75,0.0,-518.25,0
2026-03-22T21:05:56.962156,2481.75,2481.75,0.0,-518.25,0
2026-03-22T21:05:57.982056,2481.75,2481.75,0.0,-518.25,0
2026-03-22T21:05:58.998607,2481.75,2481.75,0.0,-518.25,0
2026-03-22T21:06:00.014345,2481.75,2481.75,0.0,-518.25,0
2026-03-22T21:06:01.029858,2481.75,2481.75,0.0,-518.25,0
2026-03-22T21:06:02.053248,2481.75,2481.75,0.0,-518.25,0
2026-03-22T21:06:03.062402,2481.75,2481.75,0.0,-518.25,0
2026-03-22T21:06:04.070708,2481.75,2481.75,0.0,-518.25,0
2026-03-22T21:06:05.082645,2481.75,2481.75,0.0,-518.25,0
2026-03-22T21:06:06.094504,2481.75,2481.75,0.0,-518.25,0
2026-03-22T21:06:07.135447,2481.75,2481.75,0.0,-518.25,0
2026-03-22T21:06:08.145966,2481.75,2481.75,0.0,-518.25,0
2026-03-22T21:06:09.167096,2481.75,2481.75,0.0,-518.25,0
2026-03-22T21:06:10.190475,2481.75,2481.75,0.0,-518.25,0
2026-03-22T21:06:11.198509,2481.75,2481.75,0.0,-518.25,0
2026-03-22T21:06:12.213600,2481.75,2481.75,0.0,-518.25,0
2026-03-22T21:06:13.221776,2481.75,2481.75,0.0,-518.25,0
2026-03-22T21:06:14.235575,2481.75,2481.75,0.0,-518.25,0
2026-03-22T21:06:15.243212,2481.75,2481.75,0.0,-518.25,0
2026-03-22T21:06:16.255522,2481.75,2481.75,0.0,-518.25,0
2026-03-22T21:06:17.267162,2481.75,2481.75,0.0,-518.25,0
2026-03-22T21:06:18.277534,2481.75,2481.75,0.0,-518.25,0
2026-03-22T21:06:19.287316,2481.75,2481.75,0.0,-518.25,0
2026-03-22T21:06:20.295947,2481.75,2481.75,0.0,-518.25,0
2026-03-22T21:06:21.318774,2481.75,2481.75,0.0,-518.25,0
2026-03-22T21:06:22.328386,2481.75,2481.75,0.0,-518.25,0
2026-03-22T21:06:23.345147,2481.75,2481.75,0.0,-518.25,0
2026-03-22T21:06:24.355976,2481.75,2481.75,0.0,-518.25,0
2026-03-22T21:06:25.367081,2481.75,2481.75,0.0,-518.25,0
2026-03-22T21:06:26.385257,2481.75,2481.75,0.0,-518.25,0
2026-03-22T21:06:27.396206,2481.75,2481.75,0.0,-518.25,0
2026-03-22T21:06:28.407204,2481.75,2481.75,0.0,-518.25,0
2026-03-22T21:06:29.418197,2481.75,2481.75,0.0,-518.25,0
2026-03-22T21:06:30.435313,2481.75,2481.75,0.0,-518.25,0
2026-03-22T21:06:31.451892,2481.75,2358.21,123.53999999999999,-518.25,0
2026-03-22T21:06:32.468696,2480.84,2357.3,123.53999999999999,-519.16,0.0
2026-03-22T21:06:33.491352,2480.84,2357.3,123.53999999999999,-519.16,0.0
2026-03-22T21:06:34.500534,2480.84,2357.3,123.53999999999999,-519.16,0.0
2026-03-22T21:06:35.519392,2480.84,2357.3,123.53999999999999,-519.16,0.0
2026-03-22T21:06:36.532439,2480.84,2357.3,123.53999999999999,-519.16,0.0
2026-03-22T21:06:37.575854,2480.84,2357.3,123.53999999999999,-519.16,0.0
2026-03-22T21:06:38.589997,2480.84,2357.3,123.53999999999999,-519.16,0.0
2026-03-22T21:06:39.603300,2480.84,2357.3,123.53999999999999,-519.16,0.0
2026-03-22T21:06:40.623259,2480.84,2357.3,123.53999999999999,-519.16,0.0
2026-03-22T21:06:41.642512,2480.84,2357.3,123.53999999999999,-519.16,0.0
2026-03-22T21:06:42.665020,2478.71,2357.3,123.53999999999999,-519.16,-2.129999999999978
2026-03-22T21:06:43.679930,2478.71,2357.3,123.53999999999999,-519.16,-2.129999999999978
2026-03-22T21:06:44.701661,2478.71,2357.3,123.53999999999999,-519.16,-2.129999999999978
2026-03-22T21:06:45.713794,2478.71,2357.3,123.53999999999999,-519.16,-2.129999999999978
2026-03-22T21:06:46.734391,2478.71,2357.3,123.53999999999999,-519.16,-2.129999999999978
2026-03-22T21:06:47.751288,2478.71,2357.3,123.53999999999999,-519.16,-2.129999999999978
2026-03-22T21:06:48.761642,2478.71,2357.3,123.53999999999999,-519.16,-2.129999999999978
2026-03-22T21:06:49.781543,2478.71,2357.3,123.53999999999999,-519.16,-2.129999999999978
2026-03-22T21:06:50.794503,2478.71,2357.3,123.53999999999999,-519.16,-2.129999999999978
2026-03-22T21:06:51.811960,2478.71,2357.3,123.53999999999999,-519.16,-2.129999999999978
2026-03-22T21:06:52.830576,2478.71,2357.3,123.53999999999999,-519.16,-2.129999999999978
2026-03-22T21:06:53.847854,2478.71,2357.3,123.53999999999999,-519.16,-2.129999999999978
2026-03-22T21:06:54.871883,2478.71,2357.3,123.53999999999999,-519.16,-2.129999999999978
2026-03-22T21:06:55.882234,2478.71,2357.3,123.53999999999999,-519.16,-2.129999999999978
2026-03-22T21:06:56.895956,2478.71,2357.3,123.53999999999999,-519.16,-2.129999999999978
2026-03-22T21:06:57.913983,2478.71,2357.3,123.53999999999999,-519.16,-2.129999999999978
2026-03-22T21:06:58.925559,2482.9700000000003,2357.3,123.53999999999999,-519.16,2.1300000000000257
2026-03-22T21:06:59.948519,2482.9700000000003,2357.3,123.53999999999999,-519.16,2.1300000000000257
2026-03-22T21:07:00.971134,2482.9700000000003,2357.3,123.53999999999999,-519.16,2.1300000000000257
2026-03-22T21:07:01.981197,2482.9700000000003,2357.3,123.53999999999999,-519.16,2.1300000000000257
2026-03-22T21:07:03.007463,2482.9700000000003,2357.3,123.53999999999999,-519.16,2.1300000000000257
2026-03-22T21:07:04.028427,2482.9700000000003,2357.3,123.53999999999999,-519.16,2.1300000000000257
2026-03-22T21:07:05.036897,2482.9700000000003,2357.3,123.53999999999999,-519.16,2.1300000000000257
2026-03-22T21:07:06.055729,2482.9700000000003,2357.3,123.53999999999999,-519.16,2.1300000000000257
2026-03-22T21:07:07.066738,2482.9700000000003,2357.3,123.53999999999999,-519.16,2.1300000000000257
2026-03-22T21:07:08.091499,2482.9700000000003,2357.3,123.53999999999999,-519.16,2.1300000000000257
2026-03-22T21:07:09.108664,2482.9700000000003,2357.3,123.53999999999999,-519.16,2.1300000000000257
2026-03-22T21:07:10.139999,2482.9700000000003,2357.3,123.53999999999999,-519.16,2.1300000000000257
2026-03-22T21:07:11.155897,2482.9700000000003,2357.3,123.53999999999999,-519.16,2.1300000000000257
2026-03-22T21:07:12.176040,2482.9700000000003,2357.3,123.53999999999999,-519.16,2.1300000000000257
2026-03-22T21:07:13.184179,2446.76,2446.76,0.0,-553.24,0
2026-03-22T21:07:14.204905,2446.76,2446.76,0.0,-553.24,0
2026-03-22T21:07:15.213929,2446.76,2446.76,0.0,-553.24,0
2026-03-22T21:07:16.232445,2446.76,2446.76,0.0,-553.24,0
2026-03-22T21:07:17.246007,2446.76,2446.76,0.0,-553.24,0
2026-03-22T21:07:18.262604,2446.76,2446.76,0.0,-553.24,0
2026-03-22T21:07:19.274027,2446.76,2446.76,0.0,-553.24,0
2026-03-22T21:07:20.286913,2446.76,2446.76,0.0,-553.24,0
2026-03-22T21:07:21.309079,2446.76,2446.76,0.0,-553.24,0
2026-03-22T21:07:22.328664,2446.76,2446.76,0.0,-553.24,0
2026-03-22T21:07:23.350157,2446.76,2446.76,0.0,-553.24,0
2026-03-22T21:07:24.368734,2446.76,2446.76,0.0,-553.24,0
2026-03-22T21:07:25.389932,2446.76,2446.76,0.0,-553.24,0
2026-03-22T21:07:26.399172,2446.76,2446.76,0.0,-553.24,0
2026-03-22T21:07:27.408620,2446.76,2446.76,0.0,-553.24,0
2026-03-22T21:07:28.430768,2446.76,2446.76,0.0,-553.24,0
2026-03-22T21:07:29.448332,2446.76,2446.76,0.0,-553.24,0
2026-03-22T21:07:30.465432,2446.76,2446.76,0.0,-553.24,0
2026-03-22T21:07:31.481785,2446.76,2446.76,0.0,-553.24,0
2026-03-22T21:07:32.490522,2446.76,2446.76,0.0,-553.24,0
2026-03-22T21:07:33.514045,2446.76,2446.76,0.0,-553.24,0
2026-03-22T21:07:34.530257,2446.76,2446.76,0.0,-553.24,0
2026-03-22T21:07:35.553686,2446.76,2446.76,0.0,-553.24,0
2026-03-22T21:07:36.563001,2446.76,2446.76,0.0,-553.24,0
2026-03-22T21:07:37.586397,2446.76,2446.76,0.0,-553.24,0
2026-03-22T21:07:38.601426,2446.76,2446.76,0.0,-553.24,0
2026-03-22T21:07:39.612411,2446.76,2446.76,0.0,-553.24,0
2026-03-22T21:07:40.635244,2446.76,2446.76,0.0,-553.24,0
2026-03-22T21:07:41.658732,2446.76,2446.76,0.0,-553.24,0
2026-03-22T21:07:42.667152,2446.76,2446.76,0.0,-553.24,0
2026-03-22T21:07:43.690230,2446.76,2446.76,0.0,-553.24,0
2026-03-22T21:07:44.708669,2446.76,2446.76,0.0,-553.24,0
2026-03-22T21:07:45.730669,2446.76,2446.76,0.0,-553.24,0
2026-03-22T21:07:46.749189,2446.76,2446.76,0.0,-553.24,0
2026-03-22T21:07:47.763996,2446.76,2446.76,0.0,-553.24,0
2026-03-22T21:07:48.772746,2446.76,2446.76,0.0,-553.24,0
2026-03-22T21:07:49.796410,2446.76,2446.76,0.0,-553.24,0
2026-03-22T21:07:50.811691,2446.76,2446.76,0.0,-553.24,0
2026-03-22T21:07:51.828215,2446.76,2446.76,0.0,-553.24,0
2026-03-22T21:07:52.837289,2446.76,2446.76,0.0,-553.24,0
2026-03-22T21:07:53.862679,2446.76,2446.76,0.0,-553.24,0
2026-03-22T21:07:54.877291,2446.76,2446.76,0.0,-553.24,0
2026-03-22T21:07:55.897544,2446.76,2446.76,0.0,-553.24,0
2026-03-22T21:07:56.915234,2446.76,2446.76,0.0,-553.24,0
2026-03-22T21:07:57.935036,2446.76,2446.76,0.0,-553.24,0
2026-03-22T21:07:58.950375,2446.76,2446.76,0.0,-553.24,0
2026-03-22T21:07:59.972853,2446.76,2446.76,0.0,-553.24,0
2026-03-22T21:08:00.984016,2446.76,2446.76,0.0,-553.24,0
2026-03-22T21:08:02.007508,2446.76,2446.76,0.0,-553.24,0
2026-03-22T21:08:03.029963,2446.76,2446.76,0.0,-553.24,0
2026-03-22T21:08:04.039219,2446.76,2446.76,0.0,-553.24,0
2026-03-22T21:08:05.048212,2446.76,2446.76,0.0,-553.24,0
2026-03-22T21:08:06.066176,2446.76,2446.76,0.0,-553.24,0
2026-03-22T21:08:07.078264,2446.76,2446.76,0.0,-553.24,0
2026-03-22T21:08:08.096271,2446.76,2446.76,0.0,-553.24,0
2026-03-22T21:08:09.113929,2446.76,2446.76,0.0,-553.24,0
2026-03-22T21:08:10.129331,2446.76,2446.76,0.0,-553.24,0
2026-03-22T21:08:11.151568,2446.76,2446.76,0.0,-553.24,0
2026-03-22T21:08:12.192793,2446.76,2446.76,0.0,-553.24,0
2026-03-22T21:08:13.210264,2446.76,2446.76,0.0,-553.24,0
2026-03-22T21:08:14.225935,2446.76,2446.76,0.0,-553.24,0
2026-03-22T21:08:15.248219,2446.76,2446.76,0.0,-553.24,0
2026-03-22T21:08:16.262410,2446.76,2446.76,0.0,-553.24,0
2026-03-22T21:08:17.280222,2446.76,2446.76,0.0,-553.24,0
2026-03-22T21:08:18.296065,2446.76,2446.76,0.0,-553.24,0
2026-03-22T21:08:19.309630,2446.76,2446.76,0.0,-553.24,0
2026-03-22T21:08:20.324198,2446.76,2446.76,0.0,-553.24,0
2026-03-22T21:08:21.338348,2446.76,2446.76,0.0,-553.24,0
2026-03-22T21:08:22.359957,2446.76,2446.76,0.0,-553.24,0
2026-03-22T21:08:23.371906,2446.76,2446.76,0.0,-553.24,0
2026-03-22T21:08:24.380977,2446.76,2446.76,0.0,-553.24,0
2026-03-22T21:08:25.396112,2446.76,2446.76,0.0,-553.24,0
2026-03-22T21:08:26.414285,2446.76,2446.76,0.0,-553.24,0
2026-03-22T21:08:27.424308,2446.76,2446.76,0.0,-553.24,0
2026-03-22T21:08:28.442682,2446.76,2446.76,0.0,-553.24,0
2026-03-22T21:08:29.462457,2446.76,2446.76,0.0,-553.24,0
2026-03-22T21:08:30.473399,2446.76,2446.76,0.0,-553.24,0
2026-03-22T21:08:31.492301,2446.76,2446.76,0.0,-553.24,0
2026-03-22T21:08:32.512484,2446.76,2446.76,0.0,-553.24,0
2026-03-22T21:08:33.537208,2446.76,2446.76,0.0,-553.24,0
2026-03-22T21:08:34.557778,2446.76,2446.76,0.0,-553.24,0
2026-03-22T21:08:35.582135,2446.76,2446.76,0.0,-553.24,0
2026-03-22T21:08:36.595995,2446.76,2446.76,0.0,-553.24,0
2026-03-22T21:08:37.610161,2446.76,2446.76,0.0,-553.24,0
2026-03-22T21:08:38.621430,2446.76,2446.76,0.0,-553.24,0
2026-03-22T21:08:39.641604,2446.76,2446.76,0.0,-553.24,0
2026-03-22T21:08:40.650162,2446.76,2446.76,0.0,-553.24,0
2026-03-22T21:08:41.660657,2446.76,2446.76,0.0,-553.24,0
2026-03-22T21:08:42.687967,2446.76,2446.76,0.0,-553.24,0
2026-03-22T21:08:43.703422,2446.76,2446.76,0.0,-553.24,0
2026-03-22T21:08:44.719662,2446.76,2446.76,0.0,-553.24,0
2026-03-22T21:08:45.730062,2446.76,2446.76,0.0,-553.24,0
2026-03-22T21:08:46.745182,2446.76,2446.76,0.0,-553.24,0
2026-03-22T21:08:47.758716,2446.76,2446.76,0.0,-553.24,0
2026-03-22T21:08:48.782918,2446.76,2446.76,0.0,-553.24,0
2026-03-22T21:08:49.801631,2446.76,2324.75,122.00999999999999,-553.24,0
2026-03-22T21:08:50.821713,2446.76,2324.75,122.00999999999999,-553.24,0
2026-03-22T21:08:51.830042,2446.76,2324.75,122.00999999999999,-553.24,0
2026-03-22T21:08:52.848188,2446.76,2324.75,122.00999999999999,-553.24,0
2026-03-22T21:08:53.861825,2446.3900000000003,2324.38,122.00999999999999,-553.61,0.0
2026-03-22T21:08:54.880943,2446.3900000000003,2324.38,122.00999999999999,-553.61,0.0
2026-03-22T21:08:55.889834,2446.3900000000003,2324.38,122.00999999999999,-553.61,0.0
2026-03-22T21:08:56.913765,2446.3900000000003,2324.38,122.00999999999999,-553.61,0.0
2026-03-22T21:08:57.921608,2446.3900000000003,2324.38,122.00999999999999,-553.61,0.0
2026-03-22T21:08:58.932914,2446.3900000000003,2324.38,122.00999999999999,-553.61,0.0
2026-03-22T21:08:59.942290,2446.3900000000003,2324.38,122.00999999999999,-553.61,0.0
2026-03-22T21:09:00.956959,2446.3900000000003,2324.38,122.00999999999999,-553.61,0.0
2026-03-22T21:09:01.975707,2446.3900000000003,2324.38,122.00999999999999,-553.61,0.0
2026-03-22T21:09:02.988839,2444.9200000000005,2324.38,122.00999999999999,-553.61,-1.4700000000000013
2026-03-22T21:09:04.009186,2444.9200000000005,2324.38,122.00999999999999,-553.61,-1.4700000000000013
2026-03-22T21:09:05.018039,2444.9200000000005,2324.38,122.00999999999999,-553.61,-1.4700000000000013
2026-03-22T21:09:06.036843,2444.9200000000005,2324.38,122.00999999999999,-553.61,-1.4700000000000013
2026-03-22T21:09:07.049365,2444.9200000000005,2324.38,122.00999999999999,-553.61,-1.4700000000000013
2026-03-22T21:09:08.059374,2444.9200000000005,2324.38,122.00999999999999,-553.61,-1.4700000000000013
2026-03-22T21:09:09.078215,2444.9200000000005,2324.38,122.00999999999999,-553.61,-1.4700000000000013
2026-03-22T21:09:10.096127,2444.9200000000005,2324.38,122.00999999999999,-553.61,-1.4700000000000013
2026-03-22T21:09:11.108658,2444.9200000000005,2324.38,122.00999999999999,-553.61,-1.4700000000000013
2026-03-22T21:09:12.129225,2444.9200000000005,2324.38,122.00999999999999,-553.61,-1.4700000000000013
2026-03-22T21:09:13.146242,2444.9200000000005,2324.38,122.00999999999999,-553.61,-1.4700000000000013
2026-03-22T21:09:14.174669,2444.9200000000005,2324.38,122.00999999999999,-553.61,-1.4700000000000013
2026-03-22T21:09:15.216204,2444.9200000000005,2324.38,122.00999999999999,-553.61,-1.4700000000000013
2026-03-22T21:09:16.232745,2444.9200000000005,2324.38,122.00999999999999,-553.61,-1.4700000000000013
2026-03-22T21:09:17.256621,2444.9200000000005,2324.38,122.00999999999999,-553.61,-1.4700000000000013
2026-03-22T21:09:18.273111,2444.9200000000005,2324.38,122.00999999999999,-553.61,-1.4700000000000013
2026-03-22T21:09:19.296187,2446.3900000000003,2324.38,122.00999999999999,-553.61,0.0
2026-03-22T21:09:20.316089,2446.3900000000003,2324.38,122.00999999999999,-553.61,0.0
2026-03-22T21:09:21.336787,2446.3900000000003,2324.38,122.00999999999999,-553.61,0.0
2026-03-22T21:09:22.353736,2446.3900000000003,2324.38,122.00999999999999,-553.61,0.0
2026-03-22T21:09:23.370712,2446.3900000000003,2324.38,122.00999999999999,-553.61,0.0
2026-03-22T21:09:24.381732,2446.3900000000003,2324.38,122.00999999999999,-553.61,0.0
2026-03-22T21:09:25.402404,2446.3900000000003,2324.38,122.00999999999999,-553.61,0.0
2026-03-22T21:09:26.410812,2446.3900000000003,2324.38,122.00999999999999,-553.61,0.0
2026-03-22T21:09:27.433199,2446.3900000000003,2324.38,122.00999999999999,-553.61,0.0
2026-03-22T21:09:28.456257,2446.3900000000003,2324.38,122.00999999999999,-553.61,0.0
2026-03-22T21:09:29.472629,2446.3900000000003,2324.38,122.00999999999999,-553.61,0.0
2026-03-22T21:09:30.483385,2446.3900000000003,2324.38,122.00999999999999,-553.61,0.0
2026-03-22T21:09:31.495994,2446.3900000000003,2324.38,122.00999999999999,-553.61,0.0
2026-03-22T21:09:32.510537,2446.3900000000003,2324.38,122.00999999999999,-553.61,0.0
2026-03-22T21:09:33.521086,2441.9800000000005,2324.38,122.00999999999999,-553.61,-4.409999999999988
2026-03-22T21:09:34.534896,2441.9800000000005,2324.38,122.00999999999999,-553.61,-4.409999999999988
2026-03-22T21:09:35.555096,2441.9800000000005,2324.38,122.00999999999999,-553.61,-4.409999999999988
2026-03-22T21:09:36.583026,2441.98,2208.42,237.97,-553.61,-4.409999999999988
2026-03-22T21:09:37.604077,2441.0,2207.44,237.97,-554.59,-4.409999999999988
2026-03-22T21:09:38.612750,2441.0,2207.44,237.97,-554.59,-4.409999999999988
2026-03-22T21:09:39.624484,2441.0,2207.44,237.97,-554.59,-4.409999999999988
2026-03-22T21:09:40.641521,2441.0,2207.44,237.97,-554.59,-4.409999999999988
2026-03-22T21:09:41.651691,2441.0,2207.44,237.97,-554.59,-4.409999999999988
2026-03-22T21:09:42.675380,2441.0,2207.44,237.97,-554.59,-4.409999999999988
2026-03-22T21:09:43.700421,2441.0,2207.44,237.97,-554.59,-4.409999999999988
2026-03-22T21:09:44.718161,2441.0,2207.44,237.97,-554.59,-4.409999999999988
2026-03-22T21:09:45.764092,2441.0,2207.44,237.97,-554.59,-4.409999999999988
2026-03-22T21:09:46.773752,2441.0,2207.44,237.97,-554.59,-4.409999999999988
2026-03-22T21:09:47.784287,2441.0,2207.44,237.97,-554.59,-4.409999999999988
2026-03-22T21:09:48.800140,2441.0,2207.44,237.97,-554.59,-4.409999999999988
2026-03-22T21:09:49.809753,2441.0,2207.44,237.97,-554.59,-4.409999999999988
2026-03-22T21:09:50.828924,2441.0,2207.44,237.97,-554.59,-4.409999999999988
2026-03-22T21:09:51.850850,2441.0,2207.44,237.97,-554.59,-4.409999999999988
2026-03-22T21:09:52.860387,2441.0,2207.44,237.97,-554.59,-4.409999999999988
2026-03-22T21:09:53.877213,2441.0,2207.44,237.97,-554.59,-4.409999999999988
2026-03-22T21:09:54.890698,2441.0,2207.44,237.97,-554.59,-4.409999999999988
2026-03-22T21:09:55.903523,2441.0,2207.44,237.97,-554.59,-4.409999999999988
2026-03-22T21:09:56.918285,2441.0,2207.44,237.97,-554.59,-4.409999999999988
2026-03-22T21:09:57.940454,2441.0,2207.44,237.97,-554.59,-4.409999999999988
2026-03-22T21:09:58.958123,2441.0,2207.44,237.97,-554.59,-4.409999999999988
2026-03-22T21:09:59.973965,2441.0,2207.44,237.97,-554.59,-4.409999999999988
2026-03-22T21:10:00.991877,2440.506,2207.44,237.97,-554.59,-4.904000000000007
2026-03-22T21:10:02.013210,2440.506,2207.44,237.97,-554.59,-4.904000000000007
2026-03-22T21:10:03.036397,2440.506,2207.44,237.97,-554.59,-4.904000000000007
2026-03-22T21:10:04.049083,2440.506,2207.44,237.97,-554.59,-4.904000000000007
2026-03-22T21:10:05.059839,2440.506,2207.44,237.97,-554.59,-4.904000000000007
2026-03-22T21:10:06.079832,2440.506,2207.44,237.97,-554.59,-4.904000000000007
2026-03-22T21:10:07.103419,2440.506,2207.44,237.97,-554.59,-4.904000000000007
2026-03-22T21:10:08.113845,2440.506,2207.44,237.97,-554.59,-4.904000000000007
2026-03-22T21:10:09.125947,2440.506,2207.44,237.97,-554.59,-4.904000000000007
2026-03-22T21:10:10.142831,2440.506,2207.44,237.97,-554.59,-4.904000000000007
2026-03-22T21:10:11.160008,2440.506,2207.44,237.97,-554.59,-4.904000000000007
2026-03-22T21:10:12.183661,2440.506,2207.44,237.97,-554.59,-4.904000000000007
2026-03-22T21:10:13.194923,2440.506,2207.44,237.97,-554.59,-4.904000000000007
2026-03-22T21:10:14.209707,2448.2999999999997,2318.9399999999996,122.00999999999999,-559.0500000000001,7.350000000000007
2026-03-22T21:10:15.226080,2448.2999999999997,2318.9399999999996,122.00999999999999,-559.0500000000001,7.350000000000007
2026-03-22T21:10:16.239013,2448.2999999999997,2318.9399999999996,122.00999999999999,-559.0500000000001,7.350000000000007
2026-03-22T21:10:17.260130,2448.2999999999997,2318.9399999999996,122.00999999999999,-559.0500000000001,7.350000000000007
2026-03-22T21:10:18.268109,2448.2999999999997,2318.9399999999996,122.00999999999999,-559.0500000000001,7.350000000000007
2026-03-22T21:10:19.285917,2448.2999999999997,2318.9399999999996,122.00999999999999,-559.0500000000001,7.350000000000007
2026-03-22T21:10:20.295989,2448.2999999999997,2318.9399999999996,122.00999999999999,-559.0500000000001,7.350000000000007
2026-03-22T21:10:21.316906,2448.2999999999997,2318.9399999999996,122.00999999999999,-559.0500000000001,7.350000000000007
2026-03-22T21:10:22.340282,2448.2999999999997,2318.9399999999996,122.00999999999999,-559.0500000000001,7.350000000000007
2026-03-22T21:10:23.354913,2448.2999999999997,2318.9399999999996,122.00999999999999,-559.0500000000001,7.350000000000007
2026-03-22T21:10:24.376409,2448.2999999999997,2318.9399999999996,122.00999999999999,-559.0500000000001,7.350000000000007
2026-03-22T21:10:25.391420,2448.2999999999997,2318.9399999999996,122.00999999999999,-559.0500000000001,7.350000000000007
2026-03-22T21:10:26.405564,2448.2999999999997,2318.9399999999996,122.00999999999999,-559.0500000000001,7.350000000000007
2026-03-22T21:10:27.418706,2448.2999999999997,2318.9399999999996,122.00999999999999,-559.0500000000001,7.350000000000007
2026-03-22T21:10:28.438052,2448.2999999999997,2318.9399999999996,122.00999999999999,-559.0500000000001,7.350000000000007
2026-03-22T21:10:29.449991,2448.2999999999997,2318.9399999999996,122.00999999999999,-559.0500000000001,7.350000000000007
2026-03-22T21:10:30.467102,2448.2999999999997,2318.9399999999996,122.00999999999999,-559.0500000000001,7.350000000000007
2026-03-22T21:10:31.478405,2456.091,2318.9399999999996,122.00999999999999,-559.0500000000001,15.141000000000014
2026-03-22T21:10:32.498140,2456.091,2318.9399999999996,122.00999999999999,-559.0500000000001,15.141000000000014
2026-03-22T21:10:33.516354,2456.091,2318.9399999999996,122.00999999999999,-559.0500000000001,15.141000000000014
2026-03-22T21:10:34.526225,2456.091,2318.9399999999996,122.00999999999999,-559.0500000000001,15.141000000000014
2026-03-22T21:10:35.541390,2456.091,2318.9399999999996,122.00999999999999,-559.0500000000001,15.141000000000014
2026-03-22T21:10:36.554557,2456.091,2318.9399999999996,122.00999999999999,-559.0500000000001,15.141000000000014
2026-03-22T21:10:37.563972,2456.091,2318.9399999999996,122.00999999999999,-559.0500000000001,15.141000000000014
2026-03-22T21:10:38.584651,2456.091,2318.9399999999996,122.00999999999999,-559.0500000000001,15.141000000000014
2026-03-22T21:10:39.594265,2456.091,2318.9399999999996,122.00999999999999,-559.0500000000001,15.141000000000014
2026-03-22T21:10:40.603275,2456.091,2318.9399999999996,122.00999999999999,-559.0500000000001,15.141000000000014
2026-03-22T21:10:41.622733,2456.091,2318.9399999999996,122.00999999999999,-559.0500000000001,15.141000000000014
2026-03-22T21:10:42.635151,2456.091,2318.9399999999996,122.00999999999999,-559.0500000000001,15.141000000000014
2026-03-22T21:10:43.655639,2456.091,2318.9399999999996,122.00999999999999,-559.0500000000001,15.141000000000014
2026-03-22T21:10:44.676730,2456.091,2318.9399999999996,122.00999999999999,-559.0500000000001,15.141000000000014
2026-03-22T21:10:45.692498,2445.3599999999997,2318.9399999999996,122.00999999999999,-559.0500000000001,4.410000000000004
2026-03-22T21:10:46.704458,2445.3599999999997,2318.9399999999996,122.00999999999999,-559.0500000000001,4.410000000000004
2026-03-22T21:10:47.724200,2445.3599999999997,2318.9399999999996,122.00999999999999,-559.0500000000001,4.410000000000004
2026-03-22T21:10:48.742488,2445.3599999999997,2318.9399999999996,122.00999999999999,-559.0500000000001,4.410000000000004
2026-03-22T21:10:49.767155,2445.3599999999997,2318.9399999999996,122.00999999999999,-559.0500000000001,4.410000000000004
2026-03-22T21:10:50.790085,2445.3599999999997,2318.9399999999996,122.00999999999999,-559.0500000000001,4.410000000000004
2026-03-22T21:10:51.801502,2445.3599999999997,2318.9399999999996,122.00999999999999,-559.0500000000001,4.410000000000004
2026-03-22T21:10:52.825745,2445.3599999999997,2318.9399999999996,122.00999999999999,-559.0500000000001,4.410000000000004
2026-03-22T21:10:53.851487,2445.3599999999997,2318.9399999999996,122.00999999999999,-559.0500000000001,4.410000000000004
2026-03-22T21:10:54.867904,2445.3599999999997,2318.9399999999996,122.00999999999999,-559.0500000000001,4.410000000000004
2026-03-22T21:10:55.892630,2445.3599999999997,2318.9399999999996,122.00999999999999,-559.0500000000001,4.410000000000004
2026-03-22T21:10:56.958816,2445.3599999999997,2318.9399999999996,122.00999999999999,-559.0500000000001,4.410000000000004
2026-03-22T21:10:57.975810,2445.3599999999997,2318.9399999999996,122.00999999999999,-559.0500000000001,4.410000000000004
2026-03-22T21:10:58.985657,2442.4199999999996,2318.9399999999996,122.00999999999999,-559.0500000000001,1.4700000000000013
2026-03-22T21:11:00.001145,2442.4199999999996,2318.9399999999996,122.00999999999999,-559.0500000000001,1.4700000000000013
2026-03-22T21:11:01.023293,2442.4199999999996,2318.9399999999996,122.00999999999999,-559.0500000000001,1.4700000000000013
2026-03-22T21:11:02.032351,2442.4199999999996,2318.9399999999996,122.00999999999999,-559.0500000000001,1.4700000000000013
2026-03-22T21:11:03.052454,2442.4199999999996,2318.9399999999996,122.00999999999999,-559.0500000000001,1.4700000000000013
2026-03-22T21:11:04.065053,2442.4199999999996,2318.9399999999996,122.00999999999999,-559.0500000000001,1.4700000000000013
2026-03-22T21:11:05.084917,2442.4199999999996,2318.9399999999996,122.00999999999999,-559.0500000000001,1.4700000000000013
2026-03-22T21:11:06.097832,2442.4199999999996,2318.9399999999996,122.00999999999999,-559.0500000000001,1.4700000000000013
2026-03-22T21:11:07.114714,2442.4199999999996,2318.9399999999996,122.00999999999999,-559.0500000000001,1.4700000000000013
2026-03-22T21:11:08.136598,2442.4199999999996,2318.9399999999996,122.00999999999999,-559.0500000000001,1.4700000000000013
2026-03-22T21:11:09.150169,2442.4199999999996,2318.9399999999996,122.00999999999999,-559.0500000000001,1.4700000000000013
2026-03-22T21:11:10.160160,2442.4199999999996,2318.9399999999996,122.00999999999999,-559.0500000000001,1.4700000000000013
2026-03-22T21:11:11.176168,2442.4199999999996,2318.9399999999996,122.00999999999999,-559.0500000000001,1.4700000000000013
2026-03-22T21:11:12.185391,2442.4199999999996,2318.9399999999996,122.00999999999999,-559.0500000000001,1.4700000000000013
2026-03-22T21:11:13.201464,2436.54,2318.9399999999996,122.00999999999999,-559.0500000000001,-4.409999999999988
2026-03-22T21:11:14.226333,2436.54,2318.9399999999996,122.00999999999999,-559.0500000000001,-4.409999999999988
2026-03-22T21:11:15.242673,2436.54,2318.9399999999996,122.00999999999999,-559.0500000000001,-4.409999999999988
2026-03-22T21:11:16.266481,2436.54,2318.9399999999996,122.00999999999999,-559.0500000000001,-4.409999999999988
2026-03-22T21:11:17.284843,2436.54,2318.9399999999996,122.00999999999999,-559.0500000000001,-4.409999999999988
2026-03-22T21:11:18.296108,2436.54,2318.9399999999996,122.00999999999999,-559.0500000000001,-4.409999999999988
2026-03-22T21:11:19.343948,2436.54,2318.9399999999996,122.00999999999999,-559.0500000000001,-4.409999999999988
2026-03-22T21:11:20.357040,2436.54,2318.9399999999996,122.00999999999999,-559.0500000000001,-4.409999999999988
2026-03-22T21:11:21.369558,2436.54,2318.9399999999996,122.00999999999999,-559.0500000000001,-4.409999999999988
2026-03-22T21:11:22.394170,2436.54,2318.9399999999996,122.00999999999999,-559.0500000000001,-4.409999999999988
2026-03-22T21:11:23.407132,2436.54,2318.9399999999996,122.00999999999999,-559.0500000000001,-4.409999999999988
2026-03-22T21:11:24.415704,2436.54,2318.9399999999996,122.00999999999999,-559.0500000000001,-4.409999999999988
2026-03-22T21:11:25.424102,2436.54,2318.9399999999996,122.00999999999999,-559.0500000000001,-4.409999999999988
2026-03-22T21:11:26.442867,2436.54,2318.9399999999996,122.00999999999999,-559.0500000000001,-4.409999999999988
2026-03-22T21:11:27.456990,2438.0099999999998,2318.9399999999996,122.00999999999999,-559.0500000000001,-2.939999999999986
2026-03-22T21:11:28.468540,2438.0099999999998,2318.9399999999996,122.00999999999999,-559.0500000000001,-2.939999999999986
2026-03-22T21:11:29.485761,2438.0099999999998,2318.9399999999996,122.00999999999999,-559.0500000000001,-2.939999999999986
2026-03-22T21:11:30.518147,2438.0099999999998,2318.9399999999996,122.00999999999999,-559.0500000000001,-2.939999999999986
2026-03-22T21:11:31.535141,2438.0099999999998,2318.9399999999996,122.00999999999999,-559.0500000000001,-2.939999999999986
2026-03-22T21:11:32.551617,2438.0099999999998,2318.9399999999996,122.00999999999999,-559.0500000000001,-2.939999999999986
2026-03-22T21:11:33.575735,2438.0099999999998,2318.9399999999996,122.00999999999999,-559.0500000000001,-2.939999999999986
2026-03-22T21:11:34.598428,2438.0099999999998,2318.9399999999996,122.00999999999999,-559.0500000000001,-2.939999999999986
2026-03-22T21:11:35.625916,2438.0099999999998,2318.9399999999996,122.00999999999999,-559.0500000000001,-2.939999999999986
2026-03-22T21:11:36.643114,2438.0099999999998,2318.9399999999996,122.00999999999999,-559.0500000000001,-2.939999999999986
2026-03-22T21:11:37.658550,2438.0099999999998,2318.9399999999996,122.00999999999999,-559.0500000000001,-2.939999999999986
2026-03-22T21:11:38.675619,2438.0099999999998,2318.9399999999996,122.00999999999999,-559.0500000000001,-2.939999999999986
2026-03-22T21:11:39.693137,2438.0099999999998,2318.9399999999996,122.00999999999999,-559.0500000000001,-2.939999999999986
2026-03-22T21:11:40.709939,2438.0099999999998,2318.9399999999996,122.00999999999999,-559.0500000000001,-2.939999999999986
2026-03-22T21:11:41.725829,2438.0099999999998,2318.9399999999996,122.00999999999999,-559.0500000000001,-2.939999999999986
2026-03-22T21:11:42.742200,2438.0099999999998,2318.9399999999996,122.00999999999999,-559.0500000000001,-2.939999999999986
2026-03-22T21:11:43.767149,2438.0099999999998,2318.9399999999996,122.00999999999999,-559.0500000000001,-2.939999999999986
2026-03-22T21:11:44.784778,2438.0099999999998,2318.9399999999996,122.00999999999999,-559.0500000000001,-2.939999999999986
2026-03-22T21:11:45.801453,2438.0099999999998,2318.9399999999996,122.00999999999999,-559.0500000000001,-2.939999999999986
2026-03-22T21:11:46.818593,2432.1299999999997,2318.9399999999996,122.00999999999999,-559.0500000000001,-8.819999999999991
2026-03-22T21:11:47.834694,2432.1299999999997,2318.9399999999996,122.00999999999999,-559.0500000000001,-8.819999999999991
2026-03-22T21:11:48.858746,2432.1299999999997,2318.9399999999996,122.00999999999999,-559.0500000000001,-8.819999999999991
2026-03-22T21:11:49.882053,2432.1299999999997,2318.9399999999996,122.00999999999999,-559.0500000000001,-8.819999999999991
2026-03-22T21:11:50.917278,2432.1299999999997,2318.9399999999996,122.00999999999999,-559.0500000000001,-8.819999999999991
2026-03-22T21:11:51.975844,2432.1299999999997,2318.9399999999996,122.00999999999999,-559.0500000000001,-8.819999999999991
2026-03-22T21:11:53.022969,2432.1299999999997,2318.9399999999996,122.00999999999999,-559.0500000000001,-8.819999999999991
2026-03-22T21:11:54.051595,2432.1299999999997,2318.9399999999996,122.00999999999999,-559.0500000000001,-8.819999999999991
2026-03-22T21:11:55.074169,2432.1299999999997,2318.9399999999996,122.00999999999999,-559.0500000000001,-8.819999999999991
2026-03-22T21:11:56.093872,2432.1299999999997,2318.9399999999996,122.00999999999999,-559.0500000000001,-8.819999999999991
2026-03-22T21:11:57.117148,2432.1299999999997,2318.9399999999996,122.00999999999999,-559.0500000000001,-8.819999999999991
2026-03-22T21:11:58.134971,2432.1299999999997,2318.9399999999996,122.00999999999999,-559.0500000000001,-8.819999999999991
2026-03-22T21:11:59.147811,2432.1299999999997,2318.9399999999996,122.00999999999999,-559.0500000000001,-8.819999999999991
2026-03-22T21:12:00.163040,2432.1299999999997,2318.9399999999996,122.00999999999999,-559.0500000000001,-8.819999999999991
2026-03-22T21:12:01.183627,2432.1299999999997,2318.9399999999996,122.00999999999999,-559.0500000000001,-8.819999999999991
2026-03-22T21:12:02.208564,2432.1299999999997,2318.9399999999996,122.00999999999999,-559.0500000000001,-8.819999999999991
2026-03-22T21:12:03.224334,2432.1299999999997,2318.9399999999996,122.00999999999999,-559.0500000000001,-8.819999999999991
2026-03-22T21:12:04.242649,2443.89,2318.9399999999996,122.00999999999999,-559.0500000000001,2.9400000000000026
2026-03-22T21:12:05.259782,2443.89,2318.9399999999996,122.00999999999999,-559.0500000000001,2.9400000000000026
2026-03-22T21:12:06.276584,2443.89,2318.9399999999996,122.00999999999999,-559.0500000000001,2.9400000000000026
2026-03-22T21:12:07.290946,2443.89,2318.9399999999996,122.00999999999999,-559.0500000000001,2.9400000000000026
2026-03-22T21:12:08.310154,2443.89,2318.9399999999996,122.00999999999999,-559.0500000000001,2.9400000000000026
2026-03-22T21:12:09.334762,2443.89,2318.9399999999996,122.00999999999999,-559.0500000000001,2.9400000000000026
2026-03-22T21:12:10.358725,2443.89,2318.9399999999996,122.00999999999999,-559.0500000000001,2.9400000000000026
2026-03-22T21:12:11.384607,2443.89,2318.9399999999996,122.00999999999999,-559.0500000000001,2.9400000000000026
2026-03-22T21:12:12.401780,2443.89,2318.9399999999996,122.00999999999999,-559.0500000000001,2.9400000000000026
2026-03-22T21:12:13.425682,2443.89,2318.9399999999996,122.00999999999999,-559.0500000000001,2.9400000000000026
2026-03-22T21:12:14.439497,2443.89,2318.9399999999996,122.00999999999999,-559.0500000000001,2.9400000000000026
2026-03-22T21:12:15.458525,2443.89,2318.9399999999996,122.00999999999999,-559.0500000000001,2.9400000000000026
2026-03-22T21:12:16.476490,2443.89,2318.9399999999996,122.00999999999999,-559.0500000000001,2.9400000000000026
2026-03-22T21:12:17.496954,2443.89,2318.9399999999996,122.00999999999999,-559.0500000000001,2.9400000000000026
2026-03-22T21:12:18.509902,2443.89,2318.9399999999996,122.00999999999999,-559.0500000000001,2.9400000000000026
2026-03-22T21:12:19.534638,2446.83,2318.9399999999996,122.00999999999999,-559.0500000000001,5.880000000000005
2026-03-22T21:12:20.551549,2446.83,2318.9399999999996,122.00999999999999,-559.0500000000001,5.880000000000005
2026-03-22T21:12:21.576101,2446.83,2318.9399999999996,122.00999999999999,-559.0500000000001,5.880000000000005
2026-03-22T21:12:22.603165,2446.83,2318.9399999999996,122.00999999999999,-559.0500000000001,5.880000000000005
2026-03-22T21:12:23.661477,2446.83,2318.9399999999996,122.00999999999999,-559.0500000000001,5.880000000000005
2026-03-22T21:12:24.675758,2446.83,2318.9399999999996,122.00999999999999,-559.0500000000001,5.880000000000005
2026-03-22T21:12:25.693088,2446.83,2318.9399999999996,122.00999999999999,-559.0500000000001,5.880000000000005
2026-03-22T21:12:26.708571,2446.83,2318.9399999999996,122.00999999999999,-559.0500000000001,5.880000000000005
2026-03-22T21:12:27.725809,2446.83,2318.9399999999996,122.00999999999999,-559.0500000000001,5.880000000000005
2026-03-22T21:12:28.743061,2446.83,2318.9399999999996,122.00999999999999,-559.0500000000001,5.880000000000005
2026-03-22T21:12:29.759729,2446.83,2318.9399999999996,122.00999999999999,-559.0500000000001,5.880000000000005
2026-03-22T21:12:30.775795,2446.83,2318.9399999999996,122.00999999999999,-559.0500000000001,5.880000000000005
2026-03-22T21:12:31.792753,2446.83,2318.9399999999996,122.00999999999999,-559.0500000000001,5.880000000000005
2026-03-22T21:12:32.810081,2446.83,2318.9399999999996,122.00999999999999,-559.0500000000001,5.880000000000005
2026-03-22T21:12:33.823560,2446.83,2318.9399999999996,122.00999999999999,-559.0500000000001,5.880000000000005
2026-03-22T21:12:34.843146,2446.83,2318.9399999999996,122.00999999999999,-559.0500000000001,5.880000000000005
2026-03-22T21:12:35.868263,2443.89,2318.9399999999996,122.00999999999999,-559.0500000000001,2.9400000000000026
2026-03-22T21:12:36.908728,2443.89,2318.9399999999996,122.00999999999999,-559.0500000000001,2.9400000000000026
2026-03-22T21:12:37.926082,2443.89,2318.9399999999996,122.00999999999999,-559.0500000000001,2.9400000000000026
2026-03-22T21:12:38.943385,2443.89,2203.22,237.72999999999996,-559.0500000000001,2.9400000000000026
2026-03-22T21:12:39.958528,2442.75,2202.08,237.72999999999996,-560.19,2.9400000000000026
2026-03-22T21:12:40.975716,2442.75,2202.08,237.72999999999996,-560.19,2.9400000000000026
2026-03-22T21:12:42.000561,2442.75,2202.08,237.72999999999996,-560.19,2.9400000000000026
2026-03-22T21:12:43.018173,2442.75,2202.08,237.72999999999996,-560.19,2.9400000000000026
2026-03-22T21:12:44.034790,2442.75,2202.08,237.72999999999996,-560.19,2.9400000000000026
2026-03-22T21:12:45.051625,2442.75,2202.08,237.72999999999996,-560.19,2.9400000000000026
2026-03-22T21:12:46.068243,2442.75,2202.08,237.72999999999996,-560.19,2.9400000000000026
2026-03-22T21:12:47.084705,2442.75,2202.08,237.72999999999996,-560.19,2.9400000000000026
2026-03-22T21:12:48.101491,2442.75,2202.08,237.72999999999996,-560.19,2.9400000000000026
2026-03-22T21:12:49.125696,2442.75,2202.08,237.72999999999996,-560.19,2.9400000000000026
2026-03-22T21:12:50.144847,2442.75,2202.08,237.72999999999996,-560.19,2.9400000000000026
2026-03-22T21:12:51.157146,2442.75,2202.08,237.72999999999996,-560.19,2.9400000000000026
2026-03-22T21:12:52.171608,2442.75,2202.08,237.72999999999996,-560.19,2.9400000000000026
2026-03-22T21:12:53.194726,2442.75,2202.08,237.72999999999996,-560.19,2.9400000000000026
2026-03-22T21:12:54.209747,2442.75,2202.08,237.72999999999996,-560.19,2.9400000000000026
2026-03-22T21:12:55.226988,2469.734,2343.494,115.71999999999998,-540.7860000000001,10.52000000000001
2026-03-22T21:12:56.276022,2469.734,2343.494,115.71999999999998,-540.7860000000001,10.52000000000001
2026-03-22T21:12:57.296071,2469.734,2343.494,115.71999999999998,-540.7860000000001,10.52000000000001
2026-03-22T21:12:58.310561,2469.734,2343.494,115.71999999999998,-540.7860000000001,10.52000000000001
2026-03-22T21:12:59.327799,2469.734,2343.494,115.71999999999998,-540.7860000000001,10.52000000000001
2026-03-22T21:13:00.342428,2469.734,2343.494,115.71999999999998,-540.7860000000001,10.52000000000001
2026-03-22T21:13:01.359581,2469.734,2343.494,115.71999999999998,-540.7860000000001,10.52000000000001
2026-03-22T21:13:02.376450,2469.734,2343.494,115.71999999999998,-540.7860000000001,10.52000000000001
2026-03-22T21:13:03.393182,2469.734,2343.494,115.71999999999998,-540.7860000000001,10.52000000000001
2026-03-22T21:13:04.411358,2469.734,2343.494,115.71999999999998,-540.7860000000001,10.52000000000001
2026-03-22T21:13:05.426167,2469.734,2343.494,115.71999999999998,-540.7860000000001,10.52000000000001
2026-03-22T21:13:06.443784,2469.734,2343.494,115.71999999999998,-540.7860000000001,10.52000000000001
2026-03-22T21:13:07.459589,2469.734,2343.494,115.71999999999998,-540.7860000000001,10.52000000000001
2026-03-22T21:13:08.484615,2469.734,2343.494,115.71999999999998,-540.7860000000001,10.52000000000001
2026-03-22T21:13:09.502411,2469.734,2343.494,115.71999999999998,-540.7860000000001,10.52000000000001
2026-03-22T21:13:10.512196,2464.474,2464.474,0.0,-535.5260000000001,0
2026-03-22T21:13:11.526755,2464.474,2464.474,0.0,-535.5260000000001,0
2026-03-22T21:13:12.544951,2464.474,2464.474,0.0,-535.5260000000001,0
2026-03-22T21:13:13.571331,2464.474,2464.474,0.0,-535.5260000000001,0
2026-03-22T21:13:14.584707,2464.474,2464.474,0.0,-535.5260000000001,0
2026-03-22T21:13:15.599844,2464.474,2464.474,0.0,-535.5260000000001,0
2026-03-22T21:13:16.616074,2464.474,2464.474,0.0,-535.5260000000001,0
2026-03-22T21:13:17.631509,2464.474,2464.474,0.0,-535.5260000000001,0
2026-03-22T21:13:18.648305,2464.474,2464.474,0.0,-535.5260000000001,0
2026-03-22T21:13:19.664537,2464.474,2464.474,0.0,-535.5260000000001,0
2026-03-22T21:13:20.676981,2464.474,2464.474,0.0,-535.5260000000001,0
2026-03-22T21:13:21.689628,2464.474,2464.474,0.0,-535.5260000000001,0
2026-03-22T21:13:22.727965,2464.474,2464.474,0.0,-535.5260000000001,0
2026-03-22T21:13:23.760387,2464.474,2464.474,0.0,-535.5260000000001,0
2026-03-22T21:13:24.776354,2464.474,2464.474,0.0,-535.5260000000001,0
2026-03-22T21:13:25.793437,2464.474,2464.474,0.0,-535.5260000000001,0
2026-03-22T21:13:26.842984,2464.474,2464.474,0.0,-535.5260000000001,0
2026-03-22T21:13:27.852589,2464.474,2464.474,0.0,-535.5260000000001,0
2026-03-22T21:13:28.866859,2464.474,2464.474,0.0,-535.5260000000001,0
2026-03-22T21:13:29.891463,2464.474,2464.474,0.0,-535.5260000000001,0
2026-03-22T21:13:30.915170,2464.474,2464.474,0.0,-535.5260000000001,0
2026-03-22T21:13:31.926095,2464.474,2464.474,0.0,-535.5260000000001,0
2026-03-22T21:13:32.947645,2464.474,2464.474,0.0,-535.5260000000001,0
2026-03-22T21:13:33.955103,2464.474,2464.474,0.0,-535.5260000000001,0
2026-03-22T21:13:34.972120,2464.474,2464.474,0.0,-535.5260000000001,0
2026-03-22T21:13:35.988019,2464.474,2464.474,0.0,-535.5260000000001,0
2026-03-22T21:13:36.995990,2464.474,2464.474,0.0,-535.5260000000001,0
2026-03-22T21:13:38.008590,2464.474,2464.474,0.0,-535.5260000000001,0
2026-03-22T21:13:39.027267,2464.474,2464.474,0.0,-535.5260000000001,0
2026-03-22T21:13:40.041980,2464.474,2464.474,0.0,-535.5260000000001,0
2026-03-22T21:13:41.055421,2464.474,2464.474,0.0,-535.5260000000001,0
2026-03-22T21:13:42.070627,2464.474,2464.474,0.0,-535.5260000000001,0
2026-03-22T21:13:43.084718,2464.474,2464.474,0.0,-535.5260000000001,0
2026-03-22T21:13:44.108860,2464.474,2464.474,0.0,-535.5260000000001,0
2026-03-22T21:13:45.132914,2464.474,2464.474,0.0,-535.5260000000001,0
2026-03-22T21:13:46.147473,2464.474,2464.474,0.0,-535.5260000000001,0
2026-03-22T21:13:47.166152,2464.474,2464.474,0.0,-535.5260000000001,0
2026-03-22T21:13:48.190115,2464.474,2464.474,0.0,-535.5260000000001,0
2026-03-22T21:13:49.213999,2464.474,2464.474,0.0,-535.5260000000001,0
2026-03-22T21:13:50.244462,2464.474,2464.474,0.0,-535.5260000000001,0
2026-03-22T21:13:51.264861,2464.474,2464.474,0.0,-535.5260000000001,0
2026-03-22T21:13:52.284657,2464.474,2464.474,0.0,-535.5260000000001,0
2026-03-22T21:13:53.293131,2464.474,2464.474,0.0,-535.5260000000001,0
2026-03-22T21:13:54.303467,2464.474,2464.474,0.0,-535.5260000000001,0
2026-03-22T21:13:55.327185,2464.474,2464.474,0.0,-535.5260000000001,0
2026-03-22T21:13:56.351951,2464.474,2464.474,0.0,-535.5260000000001,0
2026-03-22T21:13:57.410759,2464.474,2464.474,0.0,-535.5260000000001,0
2026-03-22T21:13:58.418622,2464.474,2464.474,0.0,-535.5260000000001,0
2026-03-22T21:13:59.426754,2464.474,2464.474,0.0,-535.5260000000001,0
2026-03-22T21:14:00.439110,2464.474,2464.474,0.0,-535.5260000000001,0
2026-03-22T21:14:01.460311,2464.474,2464.474,0.0,-535.5260000000001,0
2026-03-22T21:14:02.482773,2464.474,2464.474,0.0,-535.5260000000001,0
2026-03-22T21:14:03.496356,2464.474,2464.474,0.0,-535.5260000000001,0
2026-03-22T21:14:04.512484,2464.474,2464.474,0.0,-535.5260000000001,0
2026-03-22T21:14:05.538405,2464.474,2464.474,0.0,-535.5260000000001,0
2026-03-22T21:14:06.567225,2464.474,2464.474,0.0,-535.5260000000001,0
2026-03-22T21:14:07.585044,2464.474,2464.474,0.0,-535.5260000000001,0
2026-03-22T21:14:08.596125,2464.474,2464.474,0.0,-535.5260000000001,0
2026-03-22T21:14:09.622392,2464.474,2464.474,0.0,-535.5260000000001,0
2026-03-22T21:14:10.639221,2464.474,2464.474,0.0,-535.5260000000001,0
2026-03-22T21:14:11.649944,2464.474,2464.474,0.0,-535.5260000000001,0
2026-03-22T21:14:12.660163,2464.474,2464.474,0.0,-535.5260000000001,0
2026-03-22T21:14:13.674516,2464.474,2464.474,0.0,-535.5260000000001,0
2026-03-22T21:14:14.690221,2464.474,2464.474,0.0,-535.5260000000001,0
2026-03-22T21:14:15.726580,2464.474,2464.474,0.0,-535.5260000000001,0
2026-03-22T21:14:16.738135,2464.474,2464.474,0.0,-535.5260000000001,0
2026-03-22T21:14:17.753358,2464.474,2464.474,0.0,-535.5260000000001,0
2026-03-22T21:14:18.776889,2464.474,2464.474,0.0,-535.5260000000001,0
2026-03-22T21:14:19.796491,2464.474,2464.474,0.0,-535.5260000000001,0
2026-03-22T21:14:20.810163,2464.474,2464.474,0.0,-535.5260000000001,0
2026-03-22T21:14:21.827812,2464.474,2464.474,0.0,-535.5260000000001,0
2026-03-22T21:14:22.848840,2464.474,2464.474,0.0,-535.5260000000001,0
2026-03-22T21:14:23.869329,2464.474,2464.474,0.0,-535.5260000000001,0
2026-03-22T21:14:24.883043,2464.474,2464.474,0.0,-535.5260000000001,0
2026-03-22T21:14:25.897916,2464.474,2464.474,0.0,-535.5260000000001,0
2026-03-22T21:14:26.915081,2464.474,2464.474,0.0,-535.5260000000001,0
2026-03-22T21:14:27.925378,2464.474,2464.474,0.0,-535.5260000000001,0
2026-03-22T21:14:28.967785,2464.474,2464.474,0.0,-535.5260000000001,0
2026-03-22T21:14:29.977450,2464.474,2464.474,0.0,-535.5260000000001,0
2026-03-22T21:14:30.996678,2464.474,2464.474,0.0,-535.5260000000001,0
2026-03-22T21:14:32.023142,2464.474,2464.474,0.0,-535.5260000000001,0
2026-03-22T21:14:33.040142,2464.474,2464.474,0.0,-535.5260000000001,0
2026-03-22T21:14:34.055488,2464.474,2464.474,0.0,-535.5260000000001,0
2026-03-22T21:14:35.074503,2464.474,2464.474,0.0,-535.5260000000001,0
2026-03-22T21:14:36.088410,2464.474,2464.474,0.0,-535.5260000000001,0
2026-03-22T21:14:37.099271,2464.474,2464.474,0.0,-535.5260000000001,0
2026-03-22T21:14:38.113048,2464.474,2464.474,0.0,-535.5260000000001,0
2026-03-22T21:14:39.125382,2464.474,2464.474,0.0,-535.5260000000001,0
2026-03-22T21:14:40.136230,2464.474,2464.474,0.0,-535.5260000000001,0
2026-03-22T21:14:41.156621,2464.474,2464.474,0.0,-535.5260000000001,0
2026-03-22T21:14:42.169112,2464.474,2464.474,0.0,-535.5260000000001,0
2026-03-22T21:14:43.184895,2464.474,2464.474,0.0,-535.5260000000001,0
2026-03-22T21:14:44.204100,2464.474,2464.474,0.0,-535.5260000000001,0
2026-03-22T21:14:45.222245,2464.474,2464.474,0.0,-535.5260000000001,0
2026-03-22T21:14:46.231867,2464.474,2464.474,0.0,-535.5260000000001,0
2026-03-22T21:14:47.249947,2464.474,2464.474,0.0,-535.5260000000001,0
2026-03-22T21:14:48.281397,2464.474,2464.474,0.0,-535.5260000000001,0
2026-03-22T21:14:49.296650,2464.474,2464.474,0.0,-535.5260000000001,0
2026-03-22T21:14:50.318794,2464.474,2464.474,0.0,-535.5260000000001,0
2026-03-22T21:14:51.343406,2464.474,2464.474,0.0,-535.5260000000001,0
2026-03-22T21:14:52.359964,2464.474,2464.474,0.0,-535.5260000000001,0
2026-03-22T21:14:53.376547,2464.474,2464.474,0.0,-535.5260000000001,0
2026-03-22T21:14:54.393303,2464.474,2464.474,0.0,-535.5260000000001,0
2026-03-22T21:14:55.401643,2464.474,2464.474,0.0,-535.5260000000001,0
2026-03-22T21:14:56.418114,2464.474,2464.474,0.0,-535.5260000000001,0
2026-03-22T21:14:57.441637,2464.474,2464.474,0.0,-535.5260000000001,0
2026-03-22T21:14:58.458954,2464.474,2464.474,0.0,-535.5260000000001,0
2026-03-22T21:14:59.510535,2464.474,2464.474,0.0,-535.5260000000001,0
2026-03-22T21:15:00.534712,2464.474,2464.474,0.0,-535.5260000000001,0
2026-03-22T21:15:01.550163,2464.474,2464.474,0.0,-535.5260000000001,0
2026-03-22T21:15:02.564194,2464.474,2464.474,0.0,-535.5260000000001,0
2026-03-22T21:15:03.577256,2464.474,2464.474,0.0,-535.5260000000001,0
2026-03-22T21:15:04.588385,2464.474,2464.474,0.0,-535.5260000000001,0
2026-03-22T21:15:05.601078,2464.474,2464.474,0.0,-535.5260000000001,0
2026-03-22T21:15:06.618279,2464.474,2464.474,0.0,-535.5260000000001,0
2026-03-22T21:15:07.635750,2464.474,2464.474,0.0,-535.5260000000001,0
2026-03-22T21:15:08.650201,2464.474,2464.474,0.0,-535.5260000000001,0
2026-03-22T21:15:09.677121,2464.474,2464.474,0.0,-535.5260000000001,0
2026-03-22T21:15:10.685072,2464.474,2464.474,0.0,-535.5260000000001,0
2026-03-22T21:15:11.699909,2464.474,2464.474,0.0,-535.5260000000001,0
2026-03-22T21:15:12.723857,2464.474,2464.474,0.0,-535.5260000000001,0
2026-03-22T21:15:13.742960,2464.474,2464.474,0.0,-535.5260000000001,0
2026-03-22T21:15:14.751581,2464.474,2464.474,0.0,-535.5260000000001,0
2026-03-22T21:15:15.768917,2464.474,2464.474,0.0,-535.5260000000001,0
2026-03-22T21:15:16.793999,2464.474,2464.474,0.0,-535.5260000000001,0
2026-03-22T21:15:17.810844,2464.474,2464.474,0.0,-535.5260000000001,0
2026-03-22T21:15:18.833889,2464.474,2464.474,0.0,-535.5260000000001,0
2026-03-22T21:15:19.842957,2464.474,2464.474,0.0,-535.5260000000001,0
2026-03-22T21:15:20.869471,2464.474,2464.474,0.0,-535.5260000000001,0
2026-03-22T21:15:21.884654,2464.474,2464.474,0.0,-535.5260000000001,0
2026-03-22T21:15:22.896430,2464.474,2464.474,0.0,-535.5260000000001,0
2026-03-22T21:15:23.919221,2464.474,2464.474,0.0,-535.5260000000001,0
2026-03-22T21:15:24.938413,2464.474,2464.474,0.0,-535.5260000000001,0
2026-03-22T21:15:25.952828,2464.474,2464.474,0.0,-535.5260000000001,0
2026-03-22T21:15:26.966452,2464.474,2464.474,0.0,-535.5260000000001,0
2026-03-22T21:15:27.983039,2464.474,2464.474,0.0,-535.5260000000001,0
2026-03-22T21:15:29.001463,2464.474,2464.474,0.0,-535.5260000000001,0
2026-03-22T21:15:30.018387,2464.474,2464.474,0.0,-535.5260000000001,0
2026-03-22T21:15:31.068844,2464.474,2464.474,0.0,-535.5260000000001,0
2026-03-22T21:15:32.081932,2464.474,2464.474,0.0,-535.5260000000001,0
2026-03-22T21:15:33.100895,2464.474,2464.474,0.0,-535.5260000000001,0
2026-03-22T21:15:34.124778,2464.474,2464.474,0.0,-535.5260000000001,0
2026-03-22T21:15:35.134435,2464.474,2464.474,0.0,-535.5260000000001,0
2026-03-22T21:15:36.160294,2464.474,2464.474,0.0,-535.5260000000001,0
2026-03-22T21:15:37.186010,2464.474,2464.474,0.0,-535.5260000000001,0
2026-03-22T21:15:38.201625,2464.474,2464.474,0.0,-535.5260000000001,0
2026-03-22T21:15:39.235176,2464.474,2464.474,0.0,-535.5260000000001,0
2026-03-22T21:15:40.251285,2464.474,2464.474,0.0,-535.5260000000001,0
2026-03-22T21:15:41.267702,2464.474,2464.474,0.0,-535.5260000000001,0
2026-03-22T21:15:42.277887,2464.474,2464.474,0.0,-535.5260000000001,0
2026-03-22T21:15:43.292722,2464.474,2464.474,0.0,-535.5260000000001,0
2026-03-22T21:15:44.301605,2464.474,2464.474,0.0,-535.5260000000001,0
2026-03-22T21:15:45.318097,2464.474,2464.474,0.0,-535.5260000000001,0
2026-03-22T21:15:46.343852,2464.474,2464.474,0.0,-535.5260000000001,0
2026-03-22T21:15:47.360172,2464.474,2464.474,0.0,-535.5260000000001,0
2026-03-22T21:15:48.382383,2464.474,2464.474,0.0,-535.5260000000001,0
2026-03-22T21:15:49.393363,2464.474,2341.3540000000003,123.12000000000002,-535.5260000000001,0
2026-03-22T21:15:50.410615,2463.544,2340.424,123.12000000000002,-536.456,0.0
2026-03-22T21:15:51.425128,2463.544,2340.424,123.12000000000002,-536.456,0.0
2026-03-22T21:15:52.441354,2463.544,2340.424,123.12000000000002,-536.456,0.0
2026-03-22T21:15:53.459811,2463.544,2340.424,123.12000000000002,-536.456,0.0
2026-03-22T21:15:54.483151,2463.544,2340.424,123.12000000000002,-536.456,0.0
2026-03-22T21:15:55.501208,2463.544,2340.424,123.12000000000002,-536.456,0.0
2026-03-22T21:15:56.526481,2463.544,2340.424,123.12000000000002,-536.456,0.0
2026-03-22T21:15:57.543269,2463.544,2340.424,123.12000000000002,-536.456,0.0
2026-03-22T21:15:58.558917,2463.544,2340.424,123.12000000000002,-536.456,0.0
2026-03-22T21:15:59.585530,2450.584,2340.424,123.12000000000002,-536.456,-12.960000000000012
2026-03-22T21:16:00.599714,2450.584,2340.424,123.12000000000002,-536.456,-12.960000000000012
2026-03-22T21:16:01.616293,2450.584,2340.424,123.12000000000002,-536.456,-12.960000000000012
2026-03-22T21:16:02.626617,2450.584,2340.424,123.12000000000002,-536.456,-12.960000000000012
2026-03-22T21:16:03.641285,2450.584,2340.424,123.12000000000002,-536.456,-12.960000000000012
2026-03-22T21:16:04.651040,2450.584,2340.424,123.12000000000002,-536.456,-12.960000000000012
2026-03-22T21:16:05.660392,2450.584,2340.424,123.12000000000002,-536.456,-12.960000000000012
2026-03-22T21:16:06.668589,2450.584,2340.424,123.12000000000002,-536.456,-12.960000000000012
2026-03-22T21:16:07.696668,2450.584,2340.424,123.12000000000002,-536.456,-12.960000000000012
2026-03-22T21:16:08.715069,2450.584,2340.424,123.12000000000002,-536.456,-12.960000000000012
2026-03-22T21:16:09.724179,2450.584,2340.424,123.12000000000002,-536.456,-12.960000000000012
2026-03-22T21:16:10.744051,2450.584,2340.424,123.12000000000002,-536.456,-12.960000000000012
2026-03-22T21:16:11.766743,2450.584,2340.424,123.12000000000002,-536.456,-12.960000000000012
2026-03-22T21:16:12.784411,2448.424,2340.424,123.12000000000002,-536.456,-15.120000000000013
2026-03-22T21:16:13.796249,2448.424,2340.424,123.12000000000002,-536.456,-15.120000000000013
2026-03-22T21:16:14.805894,2448.424,2340.424,123.12000000000002,-536.456,-15.120000000000013
2026-03-22T21:16:15.817835,2448.424,2340.424,123.12000000000002,-536.456,-15.120000000000013
2026-03-22T21:16:16.826079,2448.424,2340.424,123.12000000000002,-536.456,-15.120000000000013
2026-03-22T21:16:17.838642,2448.424,2340.424,123.12000000000002,-536.456,-15.120000000000013
2026-03-22T21:16:18.863879,2448.424,2340.424,123.12000000000002,-536.456,-15.120000000000013
2026-03-22T21:16:19.884729,2448.424,2340.424,123.12000000000002,-536.456,-15.120000000000013
2026-03-22T21:16:20.898001,2448.424,2340.424,123.12000000000002,-536.456,-15.120000000000013
2026-03-22T21:16:21.907056,2448.424,2340.424,123.12000000000002,-536.456,-15.120000000000013
2026-03-22T21:16:22.916970,2448.424,2340.424,123.12000000000002,-536.456,-15.120000000000013
2026-03-22T21:16:23.935408,2448.424,2340.424,123.12000000000002,-536.456,-15.120000000000013
2026-03-22T21:16:24.966089,2448.424,2340.424,123.12000000000002,-536.456,-15.120000000000013
2026-03-22T21:16:25.988376,2448.424,2340.424,123.12000000000002,-536.456,-15.120000000000013
2026-03-22T21:16:27.006046,2448.424,2340.424,123.12000000000002,-536.456,-15.120000000000013
2026-03-22T21:16:28.025510,2448.424,2340.424,123.12000000000002,-536.456,-15.120000000000013
2026-03-22T21:16:29.041511,2448.424,2340.424,123.12000000000002,-536.456,-15.120000000000013
2026-03-22T21:16:30.066662,2446.264,2446.264,0.0,-553.736,0
2026-03-22T21:16:31.092110,2446.264,2446.264,0.0,-553.736,0
2026-03-22T21:16:32.149211,2446.264,2446.264,0.0,-553.736,0
2026-03-22T21:16:33.174591,2446.264,2446.264,0.0,-553.736,0
2026-03-22T21:16:34.193353,2446.264,2446.264,0.0,-553.736,0
2026-03-22T21:16:35.208129,2446.264,2446.264,0.0,-553.736,0
2026-03-22T21:16:36.226103,2446.264,2446.264,0.0,-553.736,0
2026-03-22T21:16:37.240925,2446.264,2446.264,0.0,-553.736,0
2026-03-22T21:16:38.267875,2446.264,2446.264,0.0,-553.736,0
2026-03-22T21:16:39.305610,2446.264,2446.264,0.0,-553.736,0
2026-03-22T21:16:40.347979,2446.264,2446.264,0.0,-553.736,0
2026-03-22T21:16:41.369471,2446.264,2446.264,0.0,-553.736,0
2026-03-22T21:16:42.389459,2446.264,2446.264,0.0,-553.736,0
2026-03-22T21:16:43.408530,2446.264,2446.264,0.0,-553.736,0
2026-03-22T21:16:44.427598,2446.264,2446.264,0.0,-553.736,0
2026-03-22T21:16:45.453817,2446.264,2446.264,0.0,-553.736,0
2026-03-22T21:16:46.483986,2446.264,2446.264,0.0,-553.736,0
2026-03-22T21:16:47.511081,2446.264,2446.264,0.0,-553.736,0
2026-03-22T21:16:48.538017,2446.264,2446.264,0.0,-553.736,0
2026-03-22T21:16:49.584921,2446.264,2446.264,0.0,-553.736,0
2026-03-22T21:16:50.614592,2446.264,2446.264,0.0,-553.736,0
2026-03-22T21:16:51.636783,2446.264,2446.264,0.0,-553.736,0
2026-03-22T21:16:52.658675,2446.264,2446.264,0.0,-553.736,0
2026-03-22T21:16:53.685109,2446.264,2446.264,0.0,-553.736,0
2026-03-22T21:16:54.705483,2446.264,2446.264,0.0,-553.736,0
2026-03-22T21:16:55.743699,2446.264,2446.264,0.0,-553.736,0
2026-03-22T21:16:56.783162,2446.264,2446.264,0.0,-553.736,0
2026-03-22T21:16:57.824335,2446.264,2446.264,0.0,-553.736,0
2026-03-22T21:16:58.840526,2446.264,2446.264,0.0,-553.736,0
2026-03-22T21:16:59.862712,2446.264,2446.264,0.0,-553.736,0
2026-03-22T21:17:00.898484,2446.264,2446.264,0.0,-553.736,0
2026-03-22T21:17:01.919705,2446.264,2446.264,0.0,-553.736,0
2026-03-22T21:17:02.941822,2446.264,2446.264,0.0,-553.736,0
2026-03-22T21:17:03.978842,2446.264,2446.264,0.0,-553.736,0
2026-03-22T21:17:05.041088,2446.264,2446.264,0.0,-553.736,0
2026-03-22T21:17:06.057907,2446.264,2446.264,0.0,-553.736,0
2026-03-22T21:17:07.081919,2446.264,2446.264,0.0,-553.736,0
2026-03-22T21:17:08.113020,2446.264,2446.264,0.0,-553.736,0
2026-03-22T21:17:09.129041,2446.264,2446.264,0.0,-553.736,0
2026-03-22T21:17:10.146144,2446.264,2446.264,0.0,-553.736,0
2026-03-22T21:17:11.164902,2446.264,2446.264,0.0,-553.736,0
2026-03-22T21:17:12.187355,2446.264,2446.264,0.0,-553.736,0
2026-03-22T21:17:13.213722,2446.264,2446.264,0.0,-553.736,0
2026-03-22T21:17:14.227160,2446.264,2446.264,0.0,-553.736,0
2026-03-22T21:17:15.246473,2446.264,2446.264,0.0,-553.736,0
2026-03-22T21:17:16.268757,2446.264,2446.264,0.0,-553.736,0
2026-03-22T21:17:17.294280,2446.264,2446.264,0.0,-553.736,0
2026-03-22T21:17:18.326662,2446.264,2446.264,0.0,-553.736,0
2026-03-22T21:17:19.350579,2446.264,2446.264,0.0,-553.736,0
2026-03-22T21:17:20.377168,2446.264,2446.264,0.0,-553.736,0
2026-03-22T21:17:21.409823,2446.264,2446.264,0.0,-553.736,0
2026-03-22T21:17:22.440721,2446.264,2446.264,0.0,-553.736,0
2026-03-22T21:17:23.477015,2446.264,2446.264,0.0,-553.736,0
2026-03-22T21:17:24.509311,2446.264,2446.264,0.0,-553.736,0
2026-03-22T21:17:25.532346,2446.264,2446.264,0.0,-553.736,0
2026-03-22T21:17:26.553047,2446.264,2446.264,0.0,-553.736,0
2026-03-22T21:17:27.568671,2446.264,2446.264,0.0,-553.736,0
2026-03-22T21:17:28.585631,2446.264,2446.264,0.0,-553.736,0
2026-03-22T21:17:29.609371,2446.264,2446.264,0.0,-553.736,0
2026-03-22T21:17:30.633092,2446.264,2446.264,0.0,-553.736,0
2026-03-22T21:17:31.650339,2446.264,2446.264,0.0,-553.736,0
2026-03-22T21:17:32.676823,2446.264,2446.264,0.0,-553.736,0
2026-03-22T21:17:33.706139,2446.264,2446.264,0.0,-553.736,0
2026-03-22T21:17:34.751678,2446.264,2446.264,0.0,-553.736,0
2026-03-22T21:17:35.769248,2446.264,2446.264,0.0,-553.736,0
2026-03-22T21:17:36.828662,2446.264,2446.264,0.0,-553.736,0
2026-03-22T21:17:37.848397,2446.264,2446.264,0.0,-553.736,0
2026-03-22T21:17:38.878883,2446.264,2446.264,0.0,-553.736,0
2026-03-22T21:17:39.896916,2446.264,2446.264,0.0,-553.736,0
2026-03-22T21:17:40.929533,2446.264,2446.264,0.0,-553.736,0
2026-03-22T21:17:41.952042,2446.264,2446.264,0.0,-553.736,0
2026-03-22T21:17:42.981533,2446.264,2446.264,0.0,-553.736,0
2026-03-22T21:17:44.002600,2446.264,2446.264,0.0,-553.736,0
2026-03-22T21:17:45.043471,2446.264,2446.264,0.0,-553.736,0
2026-03-22T21:17:46.067997,2446.264,2446.264,0.0,-553.736,0
2026-03-22T21:17:47.088544,2446.264,2446.264,0.0,-553.736,0
2026-03-22T21:17:48.122140,2446.264,2446.264,0.0,-553.736,0
2026-03-22T21:17:49.148385,2446.264,2446.264,0.0,-553.736,0
2026-03-22T21:17:50.169116,2446.264,2446.264,0.0,-553.736,0
2026-03-22T21:17:51.187870,2446.264,2446.264,0.0,-553.736,0
2026-03-22T21:17:52.211413,2446.264,2446.264,0.0,-553.736,0
2026-03-22T21:17:53.236019,2446.264,2446.264,0.0,-553.736,0
2026-03-22T21:17:54.258036,2446.264,2446.264,0.0,-553.736,0
2026-03-22T21:17:55.282593,2446.264,2446.264,0.0,-553.736,0
2026-03-22T21:17:56.309459,2446.264,2446.264,0.0,-553.736,0
2026-03-22T21:17:57.324652,2446.264,2446.264,0.0,-553.736,0
2026-03-22T21:17:58.351862,2446.264,2446.264,0.0,-553.736,0
2026-03-22T21:17:59.376299,2446.264,2446.264,0.0,-553.736,0
2026-03-22T21:18:00.394107,2446.264,2446.264,0.0,-553.736,0
2026-03-22T21:18:01.422386,2446.264,2446.264,0.0,-553.736,0
2026-03-22T21:18:02.446862,2446.264,2446.264,0.0,-553.736,0
2026-03-22T21:18:03.486232,2446.264,2446.264,0.0,-553.736,0
2026-03-22T21:18:04.517207,2446.264,2446.264,0.0,-553.736,0
2026-03-22T21:18:05.548247,2446.264,2446.264,0.0,-553.736,0
2026-03-22T21:18:06.575548,2446.264,2446.264,0.0,-553.736,0
2026-03-22T21:18:07.607808,2446.264,2446.264,0.0,-553.736,0
2026-03-22T21:18:08.642411,2446.264,2446.264,0.0,-553.736,0
2026-03-22T21:18:09.668823,2446.264,2446.264,0.0,-553.736,0
2026-03-22T21:18:10.729633,2446.264,2446.264,0.0,-553.736,0
2026-03-22T21:18:11.769527,2446.264,2446.264,0.0,-553.736,0
2026-03-22T21:18:12.790156,2446.264,2446.264,0.0,-553.736,0
2026-03-22T21:18:13.819380,2446.264,2446.264,0.0,-553.736,0
2026-03-22T21:18:14.851034,2446.264,2446.264,0.0,-553.736,0
2026-03-22T21:18:15.922232,2446.264,2446.264,0.0,-553.736,0
2026-03-22T21:18:16.962428,2446.264,2446.264,0.0,-553.736,0
2026-03-22T21:18:17.990441,2446.264,2446.264,0.0,-553.736,0
2026-03-22T21:18:19.021937,2446.264,2446.264,0.0,-553.736,0
2026-03-22T21:18:20.051580,2446.264,2446.264,0.0,-553.736,0
2026-03-22T21:18:21.068463,2446.264,2446.264,0.0,-553.736,0
2026-03-22T21:18:22.099055,2446.264,2446.264,0.0,-553.736,0
2026-03-22T21:18:23.134175,2446.264,2446.264,0.0,-553.736,0
2026-03-22T21:18:24.152309,2446.264,2446.264,0.0,-553.736,0
2026-03-22T21:18:25.185669,2446.264,2446.264,0.0,-553.736,0
2026-03-22T21:18:26.208874,2446.264,2446.264,0.0,-553.736,0
2026-03-22T21:18:27.227680,2446.264,2446.264,0.0,-553.736,0
2026-03-22T21:18:28.248668,2446.264,2446.264,0.0,-553.736,0
2026-03-22T21:18:29.282884,2446.264,2446.264,0.0,-553.736,0
2026-03-22T21:18:30.303706,2446.264,2446.264,0.0,-553.736,0
2026-03-22T21:18:31.327181,2446.264,2446.264,0.0,-553.736,0
2026-03-22T21:18:32.345348,2446.264,2446.264,0.0,-553.736,0
2026-03-22T21:18:33.381396,2446.264,2446.264,0.0,-553.736,0
2026-03-22T21:18:34.396995,2446.264,2446.264,0.0,-553.736,0
2026-03-22T21:18:35.421144,2446.264,2446.264,0.0,-553.736,0
2026-03-22T21:18:36.458245,2446.264,2446.264,0.0,-553.736,0
2026-03-22T21:18:37.480030,2446.264,2446.264,0.0,-553.736,0
2026-03-22T21:18:38.513445,2446.264,2446.264,0.0,-553.736,0
2026-03-22T21:18:39.548394,2446.264,2446.264,0.0,-553.736,0
2026-03-22T21:18:40.583704,2446.264,2446.264,0.0,-553.736,0
2026-03-22T21:18:41.622182,2446.264,2446.264,0.0,-553.736,0
2026-03-22T21:18:42.651903,2446.264,2446.264,0.0,-553.736,0
2026-03-22T21:18:43.721874,2446.264,2446.264,0.0,-553.736,0
2026-03-22T21:18:44.746377,2446.264,2446.264,0.0,-553.736,0
2026-03-22T21:18:45.775357,2446.264,2446.264,0.0,-553.736,0
2026-03-22T21:18:46.796761,2446.264,2446.264,0.0,-553.736,0
2026-03-22T21:18:47.831183,2446.264,2446.264,0.0,-553.736,0
2026-03-22T21:18:48.847386,2446.264,2446.264,0.0,-553.736,0
2026-03-22T21:18:49.872263,2446.264,2446.264,0.0,-553.736,0
2026-03-22T21:18:50.894592,2446.264,2446.264,0.0,-553.736,0
2026-03-22T21:18:51.923657,2446.264,2446.264,0.0,-553.736,0
2026-03-22T21:18:52.942024,2446.264,2446.264,0.0,-553.736,0
2026-03-22T21:18:53.959104,2446.264,2446.264,0.0,-553.736,0
2026-03-22T21:18:55.000343,2446.264,2446.264,0.0,-553.736,0
2026-03-22T21:18:56.024825,2446.264,2446.264,0.0,-553.736,0
2026-03-22T21:18:57.055770,2446.264,2446.264,0.0,-553.736,0
2026-03-22T21:18:58.083787,2446.264,2446.264,0.0,-553.736,0
2026-03-22T21:18:59.105167,2446.264,2446.264,0.0,-553.736,0
2026-03-22T21:19:00.140841,2446.264,2446.264,0.0,-553.736,0
2026-03-22T21:19:01.165442,2446.264,2446.264,0.0,-553.736,0
2026-03-22T21:19:02.192870,2446.264,2446.264,0.0,-553.736,0
2026-03-22T21:19:03.226665,2446.264,2446.264,0.0,-553.736,0
2026-03-22T21:19:04.250276,2446.264,2446.264,0.0,-553.736,0
2026-03-22T21:19:05.285758,2446.264,2446.264,0.0,-553.736,0
2026-03-22T21:19:06.303213,2446.264,2324.284,121.97999999999999,-553.736,0
2026-03-22T21:19:07.330617,2446.264,2324.284,121.97999999999999,-553.736,0
2026-03-22T21:19:08.362906,2446.264,2324.284,121.97999999999999,-553.736,0
2026-03-22T21:19:09.385654,2445.344,2323.364,121.97999999999999,-554.656,0.0
2026-03-22T21:19:10.400367,2445.344,2323.364,121.97999999999999,-554.656,0.0
2026-03-22T21:19:11.420042,2445.344,2323.364,121.97999999999999,-554.656,0.0
2026-03-22T21:19:12.446085,2445.344,2323.364,121.97999999999999,-554.656,0.0
2026-03-22T21:19:13.476055,2445.344,2323.364,121.97999999999999,-554.656,0.0
2026-03-22T21:19:14.548501,2445.344,2323.364,121.97999999999999,-554.656,0.0
2026-03-22T21:19:15.563043,2445.344,2323.364,121.97999999999999,-554.656,0.0
2026-03-22T21:19:16.590064,2445.344,2323.364,121.97999999999999,-554.656,0.0
2026-03-22T21:19:17.628307,2445.344,2323.364,121.97999999999999,-554.656,0.0
2026-03-22T21:19:18.656626,2445.344,2323.364,121.97999999999999,-554.656,0.0
2026-03-22T21:19:19.696722,2445.344,2323.364,121.97999999999999,-554.656,0.0
2026-03-22T21:19:20.721749,2445.344,2323.364,121.97999999999999,-554.656,0.0
2026-03-22T21:19:21.748538,2445.344,2323.364,121.97999999999999,-554.656,0.0
2026-03-22T21:19:22.781785,2430.364,2323.364,121.97999999999999,-554.656,-14.97999999999999
2026-03-22T21:19:23.801494,2430.364,2323.364,121.97999999999999,-554.656,-14.97999999999999
2026-03-22T21:19:24.827896,2430.364,2323.364,121.97999999999999,-554.656,-14.97999999999999
2026-03-22T21:19:25.853327,2430.364,2323.364,121.97999999999999,-554.656,-14.97999999999999
2026-03-22T21:19:26.883946,2430.364,2323.364,121.97999999999999,-554.656,-14.97999999999999
2026-03-22T21:19:27.916656,2430.364,2323.364,121.97999999999999,-554.656,-14.97999999999999
2026-03-22T21:19:28.942842,2430.364,2323.364,121.97999999999999,-554.656,-14.97999999999999
2026-03-22T21:19:29.973123,2430.364,2323.364,121.97999999999999,-554.656,-14.97999999999999
2026-03-22T21:19:30.993927,2430.364,2323.364,121.97999999999999,-554.656,-14.97999999999999
2026-03-22T21:19:32.026857,2430.364,2323.364,121.97999999999999,-554.656,-14.97999999999999
2026-03-22T21:19:33.053593,2430.364,2323.364,121.97999999999999,-554.656,-14.97999999999999
2026-03-22T21:19:34.070264,2430.364,2323.364,121.97999999999999,-554.656,-14.97999999999999
2026-03-22T21:19:35.115051,2430.364,2323.364,121.97999999999999,-554.656,-14.97999999999999
2026-03-22T21:19:36.144663,2430.364,2323.364,121.97999999999999,-554.656,-14.97999999999999
2026-03-22T21:19:37.169566,2430.364,2323.364,121.97999999999999,-554.656,-14.97999999999999
2026-03-22T21:19:38.204255,2430.364,2323.364,121.97999999999999,-554.656,-14.97999999999999
2026-03-22T21:19:39.239721,2430.364,2323.364,121.97999999999999,-554.656,-14.97999999999999
2026-03-22T21:19:40.269604,2426.084,2323.364,121.97999999999999,-554.656,-19.259999999999994
2026-03-22T21:19:41.289481,2426.084,2323.364,121.97999999999999,-554.656,-19.259999999999994
2026-03-22T21:19:42.312011,2426.084,2323.364,121.97999999999999,-554.656,-19.259999999999994
2026-03-22T21:19:43.345435,2426.084,2323.364,121.97999999999999,-554.656,-19.259999999999994
2026-03-22T21:19:44.378857,2426.084,2323.364,121.97999999999999,-554.656,-19.259999999999994
2026-03-22T21:19:45.400578,2426.084,2323.364,121.97999999999999,-554.656,-19.259999999999994
2026-03-22T21:19:46.428267,2426.084,2323.364,121.97999999999999,-554.656,-19.259999999999994
2026-03-22T21:19:47.458724,2426.084,2323.364,121.97999999999999,-554.656,-19.259999999999994
2026-03-22T21:19:48.483415,2426.084,2323.364,121.97999999999999,-554.656,-19.259999999999994
2026-03-22T21:19:49.502359,2426.084,2323.364,121.97999999999999,-554.656,-19.259999999999994
2026-03-22T21:19:50.526464,2426.084,2323.364,121.97999999999999,-554.656,-19.259999999999994
2026-03-22T21:19:51.549862,2426.084,2323.364,121.97999999999999,-554.656,-19.259999999999994
2026-03-22T21:19:52.567109,2426.084,2323.364,121.97999999999999,-554.656,-19.259999999999994
2026-03-22T21:19:53.593323,2426.084,2323.364,121.97999999999999,-554.656,-19.259999999999994
2026-03-22T21:19:54.621480,2426.084,2323.364,121.97999999999999,-554.656,-19.259999999999994
2026-03-22T21:19:55.639798,2426.084,2323.364,121.97999999999999,-554.656,-19.259999999999994
2026-03-22T21:19:56.677188,2426.084,2323.364,121.97999999999999,-554.656,-19.259999999999994
2026-03-22T21:19:57.719343,2426.084,2323.364,121.97999999999999,-554.656,-19.259999999999994
2026-03-22T21:19:58.748997,2430.364,2430.364,0.0,-569.636,0
2026-03-22T21:19:59.774078,2430.364,2430.364,0.0,-569.636,0
2026-03-22T21:20:00.790787,2430.364,2430.364,0.0,-569.636,0
2026-03-22T21:20:01.819315,2430.364,2430.364,0.0,-569.636,0
2026-03-22T21:20:02.838630,2430.364,2430.364,0.0,-569.636,0
2026-03-22T21:20:03.864605,2430.364,2430.364,0.0,-569.636,0
2026-03-22T21:20:04.888722,2430.364,2430.364,0.0,-569.636,0
2026-03-22T21:20:05.929004,2430.364,2430.364,0.0,-569.636,0
2026-03-22T21:20:06.955747,2430.364,2430.364,0.0,-569.636,0
2026-03-22T21:20:07.971178,2430.364,2430.364,0.0,-569.636,0
2026-03-22T21:20:09.002658,2430.364,2430.364,0.0,-569.636,0
2026-03-22T21:20:10.041406,2430.364,2430.364,0.0,-569.636,0
2026-03-22T21:20:11.080251,2430.364,2430.364,0.0,-569.636,0
2026-03-22T21:20:12.098689,2430.364,2430.364,0.0,-569.636,0
2026-03-22T21:20:13.126790,2430.364,2430.364,0.0,-569.636,0
2026-03-22T21:20:14.162834,2430.364,2430.364,0.0,-569.636,0
2026-03-22T21:20:15.185256,2430.364,2430.364,0.0,-569.636,0
2026-03-22T21:20:16.203700,2430.364,2430.364,0.0,-569.636,0
2026-03-22T21:20:17.237027,2430.364,2430.364,0.0,-569.636,0
2026-03-22T21:20:18.299718,2430.364,2430.364,0.0,-569.636,0
2026-03-22T21:20:19.335657,2430.364,2430.364,0.0,-569.636,0
2026-03-22T21:20:20.373708,2430.364,2430.364,0.0,-569.636,0
2026-03-22T21:20:21.393930,2430.364,2430.364,0.0,-569.636,0
2026-03-22T21:20:22.407926,2430.364,2430.364,0.0,-569.636,0
2026-03-22T21:20:23.431159,2430.364,2430.364,0.0,-569.636,0
2026-03-22T21:20:24.455463,2430.364,2430.364,0.0,-569.636,0
2026-03-22T21:20:25.489904,2430.364,2430.364,0.0,-569.636,0
2026-03-22T21:20:26.511709,2430.364,2430.364,0.0,-569.636,0
2026-03-22T21:20:27.548537,2430.364,2430.364,0.0,-569.636,0
2026-03-22T21:20:28.577610,2430.364,2430.364,0.0,-569.636,0
2026-03-22T21:20:29.592052,2430.364,2430.364,0.0,-569.636,0
2026-03-22T21:20:30.615152,2430.364,2430.364,0.0,-569.636,0
2026-03-22T21:20:31.643457,2430.364,2430.364,0.0,-569.636,0
2026-03-22T21:20:32.671812,2430.364,2430.364,0.0,-569.636,0
2026-03-22T21:20:33.696637,2430.364,2430.364,0.0,-569.636,0
2026-03-22T21:20:34.716558,2430.364,2430.364,0.0,-569.636,0
2026-03-22T21:20:35.742302,2430.364,2430.364,0.0,-569.636,0
2026-03-22T21:20:36.771437,2430.364,2430.364,0.0,-569.636,0
2026-03-22T21:20:37.809428,2430.364,2430.364,0.0,-569.636,0
2026-03-22T21:20:38.843558,2430.364,2430.364,0.0,-569.636,0
2026-03-22T21:20:39.864703,2430.364,2430.364,0.0,-569.636,0
2026-03-22T21:20:40.897099,2430.364,2430.364,0.0,-569.636,0
2026-03-22T21:20:41.933400,2430.364,2430.364,0.0,-569.636,0
2026-03-22T21:20:42.951687,2430.364,2430.364,0.0,-569.636,0
2026-03-22T21:20:43.969245,2430.364,2430.364,0.0,-569.636,0
2026-03-22T21:20:44.997760,2430.364,2430.364,0.0,-569.636,0
2026-03-22T21:20:46.015509,2430.364,2430.364,0.0,-569.636,0
2026-03-22T21:20:47.040476,2430.364,2430.364,0.0,-569.636,0
2026-03-22T21:20:48.063923,2430.364,2430.364,0.0,-569.636,0
2026-03-22T21:20:49.099987,2430.364,2430.364,0.0,-569.636,0
2026-03-22T21:20:50.128832,2430.364,2430.364,0.0,-569.636,0
2026-03-22T21:20:51.188537,2430.364,2430.364,0.0,-569.636,0
2026-03-22T21:20:52.210857,2430.364,2430.364,0.0,-569.636,0
2026-03-22T21:20:53.243785,2430.364,2430.364,0.0,-569.636,0
2026-03-22T21:20:54.263249,2430.364,2430.364,0.0,-569.636,0
2026-03-22T21:20:55.293731,2430.364,2430.364,0.0,-569.636,0
2026-03-22T21:20:56.352587,2430.364,2430.364,0.0,-569.636,0
2026-03-22T21:20:57.379018,2430.364,2430.364,0.0,-569.636,0
2026-03-22T21:20:58.398028,2430.364,2430.364,0.0,-569.636,0
2026-03-22T21:20:59.421679,2430.364,2430.364,0.0,-569.636,0
2026-03-22T21:21:00.464377,2430.364,2430.364,0.0,-569.636,0
2026-03-22T21:21:01.487474,2430.364,2430.364,0.0,-569.636,0
2026-03-22T21:21:02.505010,2430.364,2430.364,0.0,-569.636,0
2026-03-22T21:21:03.534575,2430.364,2430.364,0.0,-569.636,0
2026-03-22T21:21:04.603750,2430.364,2430.364,0.0,-569.636,0
2026-03-22T21:21:05.628364,2430.364,2430.364,0.0,-569.636,0
2026-03-22T21:21:06.664632,2430.364,2430.364,0.0,-569.636,0
2026-03-22T21:21:07.686463,2430.364,2430.364,0.0,-569.636,0
2026-03-22T21:21:08.710414,2430.364,2430.364,0.0,-569.636,0
2026-03-22T21:21:09.846588,2430.364,2430.364,0.0,-569.636,0
2026-03-22T21:21:10.871080,2430.364,2430.364,0.0,-569.636,0
2026-03-22T21:21:11.893000,2430.364,2430.364,0.0,-569.636,0
2026-03-22T21:21:12.915253,2430.364,2430.364,0.0,-569.636,0
2026-03-22T21:21:13.940153,2430.364,2430.364,0.0,-569.636,0
2026-03-22T21:21:14.968206,2430.364,2430.364,0.0,-569.636,0
2026-03-22T21:21:15.990224,2430.364,2309.004,121.36,-569.636,0
2026-03-22T21:21:17.009304,2430.364,2309.004,121.36,-569.636,0
2026-03-22T21:21:18.036922,2430.364,2309.004,121.36,-569.636,0
2026-03-22T21:21:19.072004,2430.364,2309.004,121.36,-569.636,0
2026-03-22T21:21:20.090449,2430.364,2309.004,121.36,-569.636,0
2026-03-22T21:21:21.117069,2429.974,2308.614,121.36,-570.026,0.0
2026-03-22T21:21:22.141468,2429.974,2308.614,121.36,-570.026,0.0
2026-03-22T21:21:23.208001,2429.974,2308.614,121.36,-570.026,0.0
2026-03-22T21:21:24.233326,2429.974,2308.614,121.36,-570.026,0.0
2026-03-22T21:21:25.259970,2429.974,2308.614,121.36,-570.026,0.0
2026-03-22T21:21:26.284488,2429.974,2308.614,121.36,-570.026,0.0
2026-03-22T21:21:27.317358,2429.974,2308.614,121.36,-570.026,0.0
2026-03-22T21:21:28.334356,2429.974,2308.614,121.36,-570.026,0.0
2026-03-22T21:21:29.358689,2429.974,2308.614,121.36,-570.026,0.0
2026-03-22T21:21:30.383338,2429.974,2308.614,121.36,-570.026,0.0
2026-03-22T21:21:31.410868,2429.974,2308.614,121.36,-570.026,0.0
2026-03-22T21:21:32.442411,2429.974,2308.614,121.36,-570.026,0.0
2026-03-22T21:21:33.459176,2429.974,2308.614,121.36,-570.026,0.0
2026-03-22T21:21:34.483569,2429.974,2308.614,121.36,-570.026,0.0
2026-03-22T21:21:35.508865,2429.974,2308.614,121.36,-570.026,0.0
2026-03-22T21:21:36.541971,2429.974,2308.614,121.36,-570.026,0.0
2026-03-22T21:21:37.567763,2432.934,2308.614,121.36,-570.026,2.9600000000000026
2026-03-22T21:21:38.616265,2432.934,2308.614,121.36,-570.026,2.9600000000000026
2026-03-22T21:21:39.638999,2432.934,2308.614,121.36,-570.026,2.9600000000000026
2026-03-22T21:21:40.667515,2432.934,2308.614,121.36,-570.026,2.9600000000000026
2026-03-22T21:21:41.693068,2432.934,2308.614,121.36,-570.026,2.9600000000000026
2026-03-22T21:21:42.717145,2432.934,2308.614,121.36,-570.026,2.9600000000000026
2026-03-22T21:21:43.741433,2432.934,2308.614,121.36,-570.026,2.9600000000000026
2026-03-22T21:21:44.762850,2432.934,2308.614,121.36,-570.026,2.9600000000000026
2026-03-22T21:21:45.792898,2432.934,2308.614,121.36,-570.026,2.9600000000000026
2026-03-22T21:21:46.831022,2432.934,2308.614,121.36,-570.026,2.9600000000000026
2026-03-22T21:21:47.850609,2432.934,2308.614,121.36,-570.026,2.9600000000000026
2026-03-22T21:21:48.875267,2432.934,2308.614,121.36,-570.026,2.9600000000000026
2026-03-22T21:21:49.893162,2432.934,2308.614,121.36,-570.026,2.9600000000000026
2026-03-22T21:21:51.000879,2432.934,2308.614,121.36,-570.026,2.9600000000000026
2026-03-22T21:21:52.039201,2432.934,2308.614,121.36,-570.026,2.9600000000000026
2026-03-22T21:21:53.075221,2432.934,2308.614,121.36,-570.026,2.9600000000000026
2026-03-22T21:21:54.101425,2432.934,2308.614,121.36,-570.026,2.9600000000000026
2026-03-22T21:21:55.168667,2432.934,2308.614,121.36,-570.026,2.9600000000000026
2026-03-22T21:21:56.201620,2432.934,2308.614,121.36,-570.026,2.9600000000000026
2026-03-22T21:21:57.231199,2432.934,2308.614,121.36,-570.026,2.9600000000000026
2026-03-22T21:21:58.258342,2437.3740000000003,2308.614,121.36,-570.026,7.400000000000007
2026-03-22T21:21:59.280015,2437.3740000000003,2308.614,121.36,-570.026,7.400000000000007
2026-03-22T21:22:00.301652,2437.3740000000003,2308.614,121.36,-570.026,7.400000000000007
2026-03-22T21:22:01.333138,2437.3740000000003,2308.614,121.36,-570.026,7.400000000000007
2026-03-22T21:22:02.356068,2437.3740000000003,2308.614,121.36,-570.026,7.400000000000007
2026-03-22T21:22:03.374984,2437.3740000000003,2308.614,121.36,-570.026,7.400000000000007
2026-03-22T21:22:04.399911,2437.3740000000003,2308.614,121.36,-570.026,7.400000000000007
2026-03-22T21:22:05.503725,2437.3740000000003,2308.614,121.36,-570.026,7.400000000000007
2026-03-22T21:22:06.564642,2437.3740000000003,2308.614,121.36,-570.026,7.400000000000007
2026-03-22T21:22:07.587940,2437.3740000000003,2308.614,121.36,-570.026,7.400000000000007
2026-03-22T21:22:08.623286,2437.3740000000003,2308.614,121.36,-570.026,7.400000000000007
2026-03-22T21:22:09.659550,2437.3740000000003,2308.614,121.36,-570.026,7.400000000000007
2026-03-22T21:22:10.687783,2437.3740000000003,2308.614,121.36,-570.026,7.400000000000007
2026-03-22T21:22:11.706708,2437.3740000000003,2308.614,121.36,-570.026,7.400000000000007
2026-03-22T21:22:12.741733,2437.3740000000003,2308.614,121.36,-570.026,7.400000000000007
2026-03-22T21:22:13.770809,2437.3740000000003,2308.614,121.36,-570.026,7.400000000000007
2026-03-22T21:22:14.792136,2437.3740000000003,2308.614,121.36,-570.026,7.400000000000007
2026-03-22T21:22:15.827168,2437.3740000000003,2308.614,121.36,-570.026,7.400000000000007
2026-03-22T21:22:16.859338,2437.3740000000003,2308.614,121.36,-570.026,7.400000000000007
2026-03-22T21:22:17.891878,2434.414,2308.614,121.36,-570.026,4.440000000000004
2026-03-22T21:22:18.911680,2434.414,2308.614,121.36,-570.026,4.440000000000004
2026-03-22T21:22:19.934667,2434.414,2308.614,121.36,-570.026,4.440000000000004
2026-03-22T21:22:20.973303,2434.414,2308.614,121.36,-570.026,4.440000000000004
2026-03-22T21:22:22.030989,2434.414,2308.614,121.36,-570.026,4.440000000000004
2026-03-22T21:22:23.057279,2434.414,2308.614,121.36,-570.026,4.440000000000004
2026-03-22T21:22:24.085918,2434.414,2308.614,121.36,-570.026,4.440000000000004
2026-03-22T21:22:25.109423,2434.414,2308.614,121.36,-570.026,4.440000000000004
2026-03-22T21:22:26.141578,2434.414,2308.614,121.36,-570.026,4.440000000000004
2026-03-22T21:22:27.183088,2434.414,2308.614,121.36,-570.026,4.440000000000004
2026-03-22T21:22:28.205603,2434.414,2308.614,121.36,-570.026,4.440000000000004
2026-03-22T21:22:29.238084,2434.414,2308.614,121.36,-570.026,4.440000000000004
2026-03-22T21:22:30.270982,2434.414,2308.614,121.36,-570.026,4.440000000000004
2026-03-22T21:22:31.299988,2434.414,2308.614,121.36,-570.026,4.440000000000004
2026-03-22T21:22:32.326980,2434.414,2308.614,121.36,-570.026,4.440000000000004
2026-03-22T21:22:33.361837,2434.414,2308.614,121.36,-570.026,4.440000000000004
2026-03-22T21:22:34.390308,2434.414,2308.614,121.36,-570.026,4.440000000000004
2026-03-22T21:22:35.420501,2434.414,2308.614,121.36,-570.026,4.440000000000004
2026-03-22T21:22:36.445273,2434.414,2308.614,121.36,-570.026,4.440000000000004
2026-03-22T21:22:37.464464,2434.414,2308.614,121.36,-570.026,4.440000000000004
2026-03-22T21:22:38.488565,2434.414,2308.614,121.36,-570.026,4.440000000000004
2026-03-22T21:22:39.519210,2434.414,2308.614,121.36,-570.026,4.440000000000004
2026-03-22T21:22:40.551522,2435.8940000000002,2308.614,121.36,-570.026,5.920000000000005
2026-03-22T21:22:41.584840,2435.8940000000002,2308.614,121.36,-570.026,5.920000000000005
2026-03-22T21:22:42.607858,2435.8940000000002,2308.614,121.36,-570.026,5.920000000000005
2026-03-22T21:22:43.618167,2435.8940000000002,2308.614,121.36,-570.026,5.920000000000005
2026-03-22T21:22:44.643501,2435.8940000000002,2308.614,121.36,-570.026,5.920000000000005
2026-03-22T21:22:45.672480,2435.8940000000002,2308.614,121.36,-570.026,5.920000000000005
2026-03-22T21:22:46.692234,2435.8940000000002,2308.614,121.36,-570.026,5.920000000000005
2026-03-22T21:22:47.721664,2435.8940000000002,2308.614,121.36,-570.026,5.920000000000005
2026-03-22T21:22:48.749858,2435.8940000000002,2308.614,121.36,-570.026,5.920000000000005
2026-03-22T21:22:49.782689,2435.8940000000002,2308.614,121.36,-570.026,5.920000000000005
2026-03-22T21:22:50.804971,2435.8940000000002,2308.614,121.36,-570.026,5.920000000000005
2026-03-22T21:22:51.946228,2435.8940000000002,2308.614,121.36,-570.026,5.920000000000005
2026-03-22T21:22:52.972199,2435.8940000000002,2308.614,121.36,-570.026,5.920000000000005
2026-03-22T21:22:53.995138,2435.8940000000002,2308.614,121.36,-570.026,5.920000000000005
2026-03-22T21:22:55.019035,2435.8940000000002,2308.614,121.36,-570.026,5.920000000000005
2026-03-22T21:22:56.032877,2435.8940000000002,2308.614,121.36,-570.026,5.920000000000005
2026-03-22T21:22:57.057930,2435.8940000000002,2308.614,121.36,-570.026,5.920000000000005
2026-03-22T21:22:58.095285,2435.8940000000002,2308.614,121.36,-570.026,5.920000000000005
2026-03-22T21:22:59.152035,2435.8940000000002,2308.614,121.36,-570.026,5.920000000000005
2026-03-22T21:23:00.309890,2437.3740000000003,2308.614,121.36,-570.026,7.400000000000007
2026-03-22T21:23:01.362673,2437.3740000000003,2308.614,121.36,-570.026,7.400000000000007
2026-03-22T21:23:02.383184,2437.3740000000003,2308.614,121.36,-570.026,7.400000000000007
2026-03-22T21:23:03.422295,2437.3740000000003,2308.614,121.36,-570.026,7.400000000000007
2026-03-22T21:23:04.451179,2437.3740000000003,2308.614,121.36,-570.026,7.400000000000007
2026-03-22T21:23:05.480051,2437.3740000000003,2308.614,121.36,-570.026,7.400000000000007
2026-03-22T21:23:06.500210,2437.3740000000003,2308.614,121.36,-570.026,7.400000000000007
2026-03-22T21:23:07.527325,2437.3740000000003,2308.614,121.36,-570.026,7.400000000000007
2026-03-22T21:23:08.567377,2437.3740000000003,2308.614,121.36,-570.026,7.400000000000007
2026-03-22T21:23:09.582017,2437.3740000000003,2308.614,121.36,-570.026,7.400000000000007
2026-03-22T21:23:10.611697,2437.3740000000003,2308.614,121.36,-570.026,7.400000000000007
2026-03-22T21:23:11.638754,2437.3740000000003,2308.614,121.36,-570.026,7.400000000000007
2026-03-22T21:23:12.657875,2437.3740000000003,2308.614,121.36,-570.026,7.400000000000007
2026-03-22T21:23:13.680602,2437.3740000000003,2308.614,121.36,-570.026,7.400000000000007
2026-03-22T21:23:14.699371,2437.3740000000003,2308.614,121.36,-570.026,7.400000000000007
2026-03-22T21:23:15.719203,2437.3740000000003,2308.614,121.36,-570.026,7.400000000000007
2026-03-22T21:23:16.741939,2437.3740000000003,2308.614,121.36,-570.026,7.400000000000007
2026-03-22T21:23:17.767853,2437.3740000000003,2308.614,121.36,-570.026,7.400000000000007
2026-03-22T21:23:18.791869,2437.3740000000003,2308.614,121.36,-570.026,7.400000000000007
2026-03-22T21:23:19.816635,2437.3740000000003,2308.614,121.36,-570.026,7.400000000000007
2026-03-22T21:23:20.865467,2437.3740000000003,2308.614,121.36,-570.026,7.400000000000007
2026-03-22T21:23:21.891210,2437.3740000000003,2308.614,121.36,-570.026,7.400000000000007
2026-03-22T21:23:22.922589,2437.3740000000003,2308.614,121.36,-570.026,7.400000000000007
2026-03-22T21:23:23.939975,2437.3740000000003,2308.614,121.36,-570.026,7.400000000000007
2026-03-22T21:23:24.962886,2437.3740000000003,2308.614,121.36,-570.026,7.400000000000007
2026-03-22T21:23:25.996341,2437.3740000000003,2308.614,121.36,-570.026,7.400000000000007
2026-03-22T21:23:27.012367,2437.3740000000003,2308.614,121.36,-570.026,7.400000000000007
2026-03-22T21:23:28.046134,2437.3740000000003,2308.614,121.36,-570.026,7.400000000000007
2026-03-22T21:23:29.073273,2437.3740000000003,2308.614,121.36,-570.026,7.400000000000007
2026-03-22T21:23:30.097380,2437.3740000000003,2308.614,121.36,-570.026,7.400000000000007
2026-03-22T21:23:31.122406,2437.3740000000003,2308.614,121.36,-570.026,7.400000000000007
2026-03-22T21:23:32.196252,2437.3740000000003,2308.614,121.36,-570.026,7.400000000000007
2026-03-22T21:23:33.211711,2437.3740000000003,2308.614,121.36,-570.026,7.400000000000007
2026-03-22T21:23:34.231236,2437.3740000000003,2308.614,121.36,-570.026,7.400000000000007
2026-03-22T21:23:35.264516,2437.3740000000003,2308.614,121.36,-570.026,7.400000000000007
2026-03-22T21:23:36.292287,2437.3740000000003,2308.614,121.36,-570.026,7.400000000000007
2026-03-22T21:23:37.321003,2445.366,2308.614,121.36,-570.026,15.392000000000014
2026-03-22T21:23:38.355332,2445.366,2308.614,121.36,-570.026,15.392000000000014
2026-03-22T21:23:39.396072,2445.366,2308.614,121.36,-570.026,15.392000000000014
2026-03-22T21:23:40.426392,2445.366,2308.614,121.36,-570.026,15.392000000000014
2026-03-22T21:23:41.456883,2445.366,2308.614,121.36,-570.026,15.392000000000014
2026-03-22T21:23:42.487912,2445.366,2308.614,121.36,-570.026,15.392000000000014
2026-03-22T21:23:43.503455,2445.366,2308.614,121.36,-570.026,15.392000000000014
2026-03-22T21:23:44.528400,2445.366,2308.614,121.36,-570.026,15.392000000000014
2026-03-22T21:23:45.544331,2445.366,2308.614,121.36,-570.026,15.392000000000014
2026-03-22T21:23:46.574621,2445.366,2308.614,121.36,-570.026,15.392000000000014
2026-03-22T21:23:47.600909,2445.366,2308.614,121.36,-570.026,15.392000000000014
2026-03-22T21:23:48.626340,2445.366,2308.614,121.36,-570.026,15.392000000000014
2026-03-22T21:23:49.649716,2445.366,2308.614,121.36,-570.026,15.392000000000014
2026-03-22T21:23:50.681280,2445.366,2308.614,121.36,-570.026,15.392000000000014
2026-03-22T21:23:51.717821,2445.366,2308.614,121.36,-570.026,15.392000000000014
2026-03-22T21:23:52.743673,2445.366,2308.614,121.36,-570.026,15.392000000000014
2026-03-22T21:23:53.772169,2445.366,2308.614,121.36,-570.026,15.392000000000014
2026-03-22T21:23:54.805117,2445.366,2308.614,121.36,-570.026,15.392000000000014
2026-03-22T21:23:55.839842,2445.366,2308.614,121.36,-570.026,15.392000000000014
2026-03-22T21:23:56.881920,2445.366,2308.614,121.36,-570.026,15.392000000000014
2026-03-22T21:23:57.915098,2445.366,2308.614,121.36,-570.026,15.392000000000014
2026-03-22T21:23:58.954500,2449.658,2449.658,0.0,-550.342,0
2026-03-22T21:23:59.976872,2449.658,2449.658,0.0,-550.342,0
2026-03-22T21:24:01.014323,2449.658,2449.658,0.0,-550.342,0
2026-03-22T21:24:02.045316,2449.658,2449.658,0.0,-550.342,0
2026-03-22T21:24:03.112862,2449.658,2449.658,0.0,-550.342,0
2026-03-22T21:24:04.135429,2449.658,2449.658,0.0,-550.342,0
2026-03-22T21:24:05.167063,2449.658,2449.658,0.0,-550.342,0
2026-03-22T21:24:06.206068,2449.658,2449.658,0.0,-550.342,0
2026-03-22T21:24:07.224231,2449.658,2449.658,0.0,-550.342,0
2026-03-22T21:24:08.251087,2449.658,2449.658,0.0,-550.342,0
2026-03-22T21:24:09.274387,2449.658,2449.658,0.0,-550.342,0
2026-03-22T21:24:10.313667,2449.658,2449.658,0.0,-550.342,0
2026-03-22T21:24:11.339623,2449.658,2449.658,0.0,-550.342,0
2026-03-22T21:24:12.365165,2449.658,2449.658,0.0,-550.342,0
2026-03-22T21:24:13.403819,2449.658,2449.658,0.0,-550.342,0
2026-03-22T21:24:14.432170,2449.658,2449.658,0.0,-550.342,0
2026-03-22T21:24:15.457143,2449.658,2449.658,0.0,-550.342,0
2026-03-22T21:24:16.499817,2449.658,2449.658,0.0,-550.342,0
2026-03-22T21:24:17.526922,2449.658,2449.658,0.0,-550.342,0
2026-03-22T21:24:18.546286,2449.658,2449.658,0.0,-550.342,0
2026-03-22T21:24:19.565420,2449.658,2449.658,0.0,-550.342,0
2026-03-22T21:24:20.598249,2449.658,2449.658,0.0,-550.342,0
2026-03-22T21:24:21.618721,2449.658,2449.658,0.0,-550.342,0
2026-03-22T21:24:22.640901,2449.658,2449.658,0.0,-550.342,0
2026-03-22T21:24:23.670007,2449.658,2449.658,0.0,-550.342,0
2026-03-22T21:24:24.696701,2449.658,2449.658,0.0,-550.342,0
2026-03-22T21:24:25.713537,2449.658,2449.658,0.0,-550.342,0
2026-03-22T21:24:26.737569,2449.658,2449.658,0.0,-550.342,0
2026-03-22T21:24:27.762130,2449.658,2449.658,0.0,-550.342,0
2026-03-22T21:24:28.785049,2449.658,2449.658,0.0,-550.342,0
2026-03-22T21:24:29.810815,2449.658,2449.658,0.0,-550.342,0
2026-03-22T21:24:30.838134,2449.658,2449.658,0.0,-550.342,0
2026-03-22T21:24:31.858080,2449.658,2449.658,0.0,-550.342,0
2026-03-22T21:24:32.886294,2449.658,2449.658,0.0,-550.342,0
2026-03-22T21:24:33.935729,2449.658,2449.658,0.0,-550.342,0
2026-03-22T21:24:34.974987,2449.658,2449.658,0.0,-550.342,0
2026-03-22T21:24:36.055736,2449.658,2449.658,0.0,-550.342,0
2026-03-22T21:24:37.072119,2449.658,2449.658,0.0,-550.342,0
2026-03-22T21:24:38.105091,2449.658,2449.658,0.0,-550.342,0
2026-03-22T21:24:39.132462,2449.658,2449.658,0.0,-550.342,0
2026-03-22T21:24:40.156917,2449.658,2449.658,0.0,-550.342,0
2026-03-22T21:24:41.174777,2449.658,2449.658,0.0,-550.342,0
2026-03-22T21:24:42.199089,2449.658,2449.658,0.0,-550.342,0
2026-03-22T21:24:43.233809,2449.658,2449.658,0.0,-550.342,0
2026-03-22T21:24:44.248592,2449.658,2449.658,0.0,-550.342,0
2026-03-22T21:24:45.280071,2449.658,2449.658,0.0,-550.342,0
2026-03-22T21:24:46.316921,2449.658,2449.658,0.0,-550.342,0
2026-03-22T21:24:47.341508,2449.658,2449.658,0.0,-550.342,0
2026-03-22T21:24:48.362855,2449.658,2449.658,0.0,-550.342,0
2026-03-22T21:24:49.393231,2449.658,2449.658,0.0,-550.342,0
2026-03-22T21:24:50.425760,2449.658,2449.658,0.0,-550.342,0
2026-03-22T21:24:51.443941,2449.658,2449.658,0.0,-550.342,0
2026-03-22T21:24:52.469844,2449.658,2449.658,0.0,-550.342,0
2026-03-22T21:24:53.507033,2449.658,2449.658,0.0,-550.342,0
2026-03-22T21:24:54.526170,2449.658,2449.658,0.0,-550.342,0
2026-03-22T21:24:55.556308,2449.658,2449.658,0.0,-550.342,0
2026-03-22T21:24:56.577686,2449.658,2449.658,0.0,-550.342,0
2026-03-22T21:24:57.622412,2449.658,2449.658,0.0,-550.342,0
2026-03-22T21:24:58.645939,2449.658,2449.658,0.0,-550.342,0
2026-03-22T21:24:59.673368,2449.658,2449.658,0.0,-550.342,0
2026-03-22T21:25:00.706113,2449.658,2449.658,0.0,-550.342,0
2026-03-22T21:25:01.740986,2449.658,2449.658,0.0,-550.342,0
2026-03-22T21:25:02.762549,2449.658,2449.658,0.0,-550.342,0
2026-03-22T21:25:03.809960,2449.658,2449.658,0.0,-550.342,0
2026-03-22T21:25:04.849731,2449.658,2449.658,0.0,-550.342,0
2026-03-22T21:25:05.887475,2449.658,2449.658,0.0,-550.342,0
2026-03-22T21:25:06.916105,2449.658,2449.658,0.0,-550.342,0
2026-03-22T21:25:07.976236,2449.658,2449.658,0.0,-550.342,0
2026-03-22T21:25:09.009524,2449.658,2449.658,0.0,-550.342,0
2026-03-22T21:25:10.036478,2449.658,2449.658,0.0,-550.342,0
2026-03-22T21:25:11.068937,2449.658,2449.658,0.0,-550.342,0
2026-03-22T21:25:12.091947,2449.658,2449.658,0.0,-550.342,0
2026-03-22T21:25:13.127471,2449.658,2449.658,0.0,-550.342,0
2026-03-22T21:25:14.163144,2449.658,2449.658,0.0,-550.342,0
2026-03-22T21:25:15.189937,2449.658,2449.658,0.0,-550.342,0
2026-03-22T21:25:16.222066,2449.658,2449.658,0.0,-550.342,0
2026-03-22T21:25:17.247878,2449.658,2449.658,0.0,-550.342,0
2026-03-22T21:25:18.267726,2449.658,2449.658,0.0,-550.342,0
2026-03-22T21:25:19.309898,2449.658,2449.658,0.0,-550.342,0
2026-03-22T21:25:20.341146,2449.658,2449.658,0.0,-550.342,0
2026-03-22T21:25:21.368414,2449.658,2327.618,122.04,-550.342,0
2026-03-22T21:25:22.384928,2449.658,2327.618,122.04,-550.342,0
2026-03-22T21:25:23.424705,2449.658,2327.618,122.04,-550.342,0
2026-03-22T21:25:24.454111,2448.668,2326.628,122.04,-551.332,0.0
2026-03-22T21:25:25.478998,2448.668,2326.628,122.04,-551.332,0.0
2026-03-22T21:25:26.505842,2448.668,2326.628,122.04,-551.332,0.0
2026-03-22T21:25:27.524654,2448.668,2326.628,122.04,-551.332,0.0
2026-03-22T21:25:28.546078,2448.668,2326.628,122.04,-551.332,0.0
2026-03-22T21:25:29.561943,2448.668,2326.628,122.04,-551.332,0.0
2026-03-22T21:25:30.581285,2448.668,2326.628,122.04,-551.332,0.0
2026-03-22T21:25:31.610711,2448.668,2326.628,122.04,-551.332,0.0
2026-03-22T21:25:32.626079,2448.668,2326.628,122.04,-551.332,0.0
2026-03-22T21:25:33.651522,2448.668,2326.628,122.04,-551.332,0.0
2026-03-22T21:25:34.681580,2448.668,2326.628,122.04,-551.332,0.0
2026-03-22T21:25:35.711950,2448.668,2326.628,122.04,-551.332,0.0
2026-03-22T21:25:36.893834,2441.888,2326.628,122.04,-551.332,-6.7800000000000065
2026-03-22T21:25:37.921563,2441.888,2326.628,122.04,-551.332,-6.7800000000000065
2026-03-22T21:25:38.964558,2441.888,2326.628,122.04,-551.332,-6.7800000000000065
2026-03-22T21:25:40.028584,2441.888,2326.628,122.04,-551.332,-6.7800000000000065
2026-03-22T21:25:41.058648,2441.888,2326.628,122.04,-551.332,-6.7800000000000065
2026-03-22T21:25:42.082876,2441.888,2326.628,122.04,-551.332,-6.7800000000000065
2026-03-22T21:25:43.106316,2441.888,2326.628,122.04,-551.332,-6.7800000000000065
2026-03-22T21:25:44.140700,2441.888,2326.628,122.04,-551.332,-6.7800000000000065
2026-03-22T21:25:45.159919,2441.888,2326.628,122.04,-551.332,-6.7800000000000065
2026-03-22T21:25:46.189311,2441.888,2326.628,122.04,-551.332,-6.7800000000000065
2026-03-22T21:25:47.208722,2441.888,2326.628,122.04,-551.332,-6.7800000000000065
2026-03-22T21:25:48.235205,2441.888,2326.628,122.04,-551.332,-6.7800000000000065
2026-03-22T21:25:49.261908,2441.888,2326.628,122.04,-551.332,-6.7800000000000065
2026-03-22T21:25:50.283442,2441.888,2326.628,122.04,-551.332,-6.7800000000000065
2026-03-22T21:25:51.312545,2441.888,2326.628,122.04,-551.332,-6.7800000000000065
2026-03-22T21:25:52.338210,2441.888,2326.628,122.04,-551.332,-6.7800000000000065
2026-03-22T21:25:53.371669,2441.888,2326.628,122.04,-551.332,-6.7800000000000065
2026-03-22T21:25:54.421509,2441.888,2326.628,122.04,-551.332,-6.7800000000000065
2026-03-22T21:25:55.459619,2441.888,2326.628,122.04,-551.332,-6.7800000000000065
2026-03-22T21:25:56.494470,2437.368,2326.628,122.04,-551.332,-11.30000000000001
2026-03-22T21:25:57.587843,2437.368,2326.628,122.04,-551.332,-11.30000000000001
2026-03-22T21:25:58.628892,2437.368,2326.628,122.04,-551.332,-11.30000000000001
2026-03-22T21:25:59.664348,2437.368,2326.628,122.04,-551.332,-11.30000000000001
2026-03-22T21:26:00.681716,2437.368,2326.628,122.04,-551.332,-11.30000000000001
2026-03-22T21:26:01.716634,2437.368,2326.628,122.04,-551.332,-11.30000000000001
2026-03-22T21:26:02.734719,2437.368,2326.628,122.04,-551.332,-11.30000000000001
2026-03-22T21:26:03.771806,2437.368,2326.628,122.04,-551.332,-11.30000000000001
2026-03-22T21:26:04.797292,2437.368,2326.628,122.04,-551.332,-11.30000000000001
2026-03-22T21:26:05.821063,2437.368,2326.628,122.04,-551.332,-11.30000000000001
2026-03-22T21:26:06.853158,2437.368,2326.628,122.04,-551.332,-11.30000000000001
2026-03-22T21:26:07.874635,2437.368,2326.628,122.04,-551.332,-11.30000000000001
2026-03-22T21:26:08.899514,2437.368,2326.628,122.04,-551.332,-11.30000000000001
2026-03-22T21:26:09.927372,2437.368,2326.628,122.04,-551.332,-11.30000000000001
2026-03-22T21:26:11.008139,2437.368,2326.628,122.04,-551.332,-11.30000000000001
2026-03-22T21:26:12.030043,2437.368,2326.628,122.04,-551.332,-11.30000000000001
2026-03-22T21:26:13.061310,2437.368,2326.628,122.04,-551.332,-11.30000000000001
2026-03-22T21:26:14.097796,2437.368,2326.628,122.04,-551.332,-11.30000000000001
2026-03-22T21:26:15.122030,2437.368,2326.628,122.04,-551.332,-11.30000000000001
2026-03-22T21:26:16.139113,2437.368,2326.628,122.04,-551.332,-11.30000000000001
2026-03-22T21:26:17.166540,2437.368,2326.628,122.04,-551.332,-11.30000000000001
2026-03-22T21:26:18.201603,2437.368,2326.628,122.04,-551.332,-11.30000000000001
2026-03-22T21:26:19.237250,2437.368,2437.368,0.0,-562.632,0
2026-03-22T21:26:20.267637,2437.368,2437.368,0.0,-562.632,0
2026-03-22T21:26:21.297044,2437.368,2437.368,0.0,-562.632,0
2026-03-22T21:26:22.331719,2437.368,2437.368,0.0,-562.632,0
2026-03-22T21:26:23.357859,2437.368,2437.368,0.0,-562.632,0
2026-03-22T21:26:24.379257,2437.368,2437.368,0.0,-562.632,0
2026-03-22T21:26:25.401113,2437.368,2437.368,0.0,-562.632,0
2026-03-22T21:26:26.426494,2437.368,2437.368,0.0,-562.632,0
2026-03-22T21:26:27.451836,2437.368,2437.368,0.0,-562.632,0
2026-03-22T21:26:28.477390,2437.368,2437.368,0.0,-562.632,0
2026-03-22T21:26:29.493661,2437.368,2437.368,0.0,-562.632,0
2026-03-22T21:26:30.524788,2437.368,2437.368,0.0,-562.632,0
2026-03-22T21:26:31.539325,2437.368,2437.368,0.0,-562.632,0
2026-03-22T21:26:32.569150,2437.368,2437.368,0.0,-562.632,0
2026-03-22T21:26:33.596664,2437.368,2437.368,0.0,-562.632,0
2026-03-22T21:26:34.621917,2437.368,2437.368,0.0,-562.632,0
2026-03-22T21:26:35.655788,2437.368,2437.368,0.0,-562.632,0
2026-03-22T21:26:36.691445,2437.368,2437.368,0.0,-562.632,0
2026-03-22T21:26:37.724225,2437.368,2437.368,0.0,-562.632,0
2026-03-22T21:26:38.754965,2437.368,2437.368,0.0,-562.632,0
2026-03-22T21:26:39.771935,2437.368,2437.368,0.0,-562.632,0
2026-03-22T21:26:40.807934,2437.368,2437.368,0.0,-562.632,0
2026-03-22T21:26:41.847761,2437.368,2437.368,0.0,-562.632,0
2026-03-22T21:26:42.904381,2437.368,2437.368,0.0,-562.632,0
2026-03-22T21:26:43.932989,2437.368,2437.368,0.0,-562.632,0
2026-03-22T21:26:44.966698,2437.368,2437.368,0.0,-562.632,0
2026-03-22T21:26:45.994657,2437.368,2437.368,0.0,-562.632,0
2026-03-22T21:26:47.062732,2437.368,2437.368,0.0,-562.632,0
2026-03-22T21:26:48.111145,2437.368,2437.368,0.0,-562.632,0
2026-03-22T21:26:49.146173,2437.368,2437.368,0.0,-562.632,0
2026-03-22T21:26:50.174621,2437.368,2437.368,0.0,-562.632,0
2026-03-22T21:26:51.197318,2437.368,2437.368,0.0,-562.632,0
2026-03-22T21:26:52.246580,2437.368,2437.368,0.0,-562.632,0
2026-03-22T21:26:53.265839,2437.368,2437.368,0.0,-562.632,0
2026-03-22T21:26:54.283904,2437.368,2437.368,0.0,-562.632,0
2026-03-22T21:26:55.308482,2437.368,2437.368,0.0,-562.632,0
2026-03-22T21:26:56.329462,2437.368,2437.368,0.0,-562.632,0
2026-03-22T21:26:57.361485,2437.368,2437.368,0.0,-562.632,0
2026-03-22T21:26:58.382561,2437.368,2437.368,0.0,-562.632,0
2026-03-22T21:26:59.409104,2437.368,2437.368,0.0,-562.632,0
2026-03-22T21:27:00.446823,2437.368,2437.368,0.0,-562.632,0
2026-03-22T21:27:01.468293,2437.368,2437.368,0.0,-562.632,0
2026-03-22T21:27:02.497444,2437.368,2437.368,0.0,-562.632,0
2026-03-22T21:27:03.535294,2437.368,2437.368,0.0,-562.632,0
2026-03-22T21:27:04.562853,2437.368,2437.368,0.0,-562.632,0
2026-03-22T21:27:05.588195,2437.368,2437.368,0.0,-562.632,0
2026-03-22T21:27:06.618099,2437.368,2437.368,0.0,-562.632,0
2026-03-22T21:27:07.641636,2437.368,2437.368,0.0,-562.632,0
2026-03-22T21:27:08.674393,2437.368,2437.368,0.0,-562.632,0
2026-03-22T21:27:09.712017,2437.368,2437.368,0.0,-562.632,0
2026-03-22T21:27:10.754372,2437.368,2437.368,0.0,-562.632,0
2026-03-22T21:27:11.785765,2437.368,2437.368,0.0,-562.632,0
2026-03-22T21:27:12.816868,2437.368,2437.368,0.0,-562.632,0
2026-03-22T21:27:13.849169,2437.368,2437.368,0.0,-562.632,0
2026-03-22T21:27:14.887103,2437.368,2437.368,0.0,-562.632,0
2026-03-22T21:27:15.947814,2437.368,2437.368,0.0,-562.632,0
2026-03-22T21:27:16.986413,2437.368,2437.368,0.0,-562.632,0
2026-03-22T21:27:18.011498,2437.368,2437.368,0.0,-562.632,0
2026-03-22T21:27:19.042330,2437.368,2437.368,0.0,-562.632,0
2026-03-22T21:27:20.068804,2437.368,2437.368,0.0,-562.632,0
2026-03-22T21:27:21.110979,2437.368,2437.368,0.0,-562.632,0
2026-03-22T21:27:22.143631,2437.368,2437.368,0.0,-562.632,0
2026-03-22T21:27:23.213660,2437.368,2437.368,0.0,-562.632,0
2026-03-22T21:27:24.266123,2437.368,2437.368,0.0,-562.632,0
2026-03-22T21:27:25.297752,2437.368,2437.368,0.0,-562.632,0
2026-03-22T21:27:26.339378,2437.368,2437.368,0.0,-562.632,0
2026-03-22T21:27:27.367621,2437.368,2437.368,0.0,-562.632,0
2026-03-22T21:27:28.387523,2437.368,2437.368,0.0,-562.632,0
2026-03-22T21:27:29.417065,2437.368,2437.368,0.0,-562.632,0
2026-03-22T21:27:30.454450,2437.368,2437.368,0.0,-562.632,0
2026-03-22T21:27:31.489187,2437.368,2437.368,0.0,-562.632,0
2026-03-22T21:27:32.512876,2437.368,2437.368,0.0,-562.632,0
2026-03-22T21:27:33.535790,2437.368,2437.368,0.0,-562.632,0
2026-03-22T21:27:34.569321,2437.368,2437.368,0.0,-562.632,0
2026-03-22T21:27:35.601917,2437.368,2437.368,0.0,-562.632,0
2026-03-22T21:27:36.625846,2437.368,2437.368,0.0,-562.632,0
2026-03-22T21:27:37.648490,2437.368,2437.368,0.0,-562.632,0
2026-03-22T21:27:38.690736,2437.368,2437.368,0.0,-562.632,0
2026-03-22T21:27:39.712506,2437.368,2437.368,0.0,-562.632,0
2026-03-22T21:27:40.737700,2437.368,2437.368,0.0,-562.632,0
2026-03-22T21:27:41.766058,2437.368,2437.368,0.0,-562.632,0
2026-03-22T21:27:42.800923,2437.368,2437.368,0.0,-562.632,0
2026-03-22T21:27:43.837120,2437.368,2437.368,0.0,-562.632,0
2026-03-22T21:27:44.879267,2437.368,2437.368,0.0,-562.632,0
2026-03-22T21:27:45.907582,2437.368,2437.368,0.0,-562.632,0
2026-03-22T21:27:46.943504,2437.368,2437.368,0.0,-562.632,0
2026-03-22T21:27:47.982370,2437.368,2437.368,0.0,-562.632,0
2026-03-22T21:27:49.051645,2437.368,2437.368,0.0,-562.632,0
2026-03-22T21:27:50.085731,2437.368,2437.368,0.0,-562.632,0
2026-03-22T21:27:51.109183,2437.368,2437.368,0.0,-562.632,0
2026-03-22T21:27:52.130748,2437.368,2437.368,0.0,-562.632,0
2026-03-22T21:27:53.157850,2437.368,2437.368,0.0,-562.632,0
2026-03-22T21:27:54.186566,2437.368,2437.368,0.0,-562.632,0
2026-03-22T21:27:55.209671,2437.368,2437.368,0.0,-562.632,0
2026-03-22T21:27:56.241218,2437.368,2437.368,0.0,-562.632,0
2026-03-22T21:27:57.271432,2437.368,2437.368,0.0,-562.632,0
2026-03-22T21:27:58.300814,2437.368,2437.368,0.0,-562.632,0
2026-03-22T21:27:59.326481,2437.368,2437.368,0.0,-562.632,0
2026-03-22T21:28:00.386854,2437.368,2437.368,0.0,-562.632,0
2026-03-22T21:28:01.412966,2437.368,2437.368,0.0,-562.632,0
2026-03-22T21:28:02.450165,2437.368,2437.368,0.0,-562.632,0
2026-03-22T21:28:03.481250,2437.368,2437.368,0.0,-562.632,0
2026-03-22T21:28:04.509542,2437.368,2437.368,0.0,-562.632,0
2026-03-22T21:28:05.548232,2437.368,2437.368,0.0,-562.632,0
2026-03-22T21:28:06.576721,2437.368,2437.368,0.0,-562.632,0
2026-03-22T21:28:07.604155,2437.368,2437.368,0.0,-562.632,0
2026-03-22T21:28:08.654993,2437.368,2437.368,0.0,-562.632,0
2026-03-22T21:28:09.676376,2437.368,2437.368,0.0,-562.632,0
2026-03-22T21:28:10.714121,2437.368,2437.368,0.0,-562.632,0
2026-03-22T21:28:11.742548,2437.368,2437.368,0.0,-562.632,0
2026-03-22T21:28:12.767893,2437.368,2437.368,0.0,-562.632,0
2026-03-22T21:28:13.800372,2437.368,2437.368,0.0,-562.632,0
2026-03-22T21:28:14.833713,2437.368,2437.368,0.0,-562.632,0
2026-03-22T21:28:15.867306,2437.368,2437.368,0.0,-562.632,0
2026-03-22T21:28:16.891867,2437.368,2437.368,0.0,-562.632,0
2026-03-22T21:28:17.919088,2437.368,2437.368,0.0,-562.632,0
2026-03-22T21:28:18.949325,2437.368,2437.368,0.0,-562.632,0
2026-03-22T21:28:19.986137,2437.368,2437.368,0.0,-562.632,0
2026-03-22T21:28:21.024477,2437.368,2437.368,0.0,-562.632,0
2026-03-22T21:28:22.109242,2437.368,2437.368,0.0,-562.632,0
2026-03-22T21:28:23.141032,2437.368,2437.368,0.0,-562.632,0
2026-03-22T21:28:24.171298,2437.368,2437.368,0.0,-562.632,0
2026-03-22T21:28:25.200175,2437.368,2437.368,0.0,-562.632,0
2026-03-22T21:28:26.240197,2437.368,2437.368,0.0,-562.632,0
2026-03-22T21:28:27.267274,2437.368,2437.368,0.0,-562.632,0
2026-03-22T21:28:28.291224,2437.368,2437.368,0.0,-562.632,0
2026-03-22T21:28:29.328052,2437.368,2437.368,0.0,-562.632,0
2026-03-22T21:28:30.359277,2437.368,2437.368,0.0,-562.632,0
2026-03-22T21:28:31.385201,2437.368,2437.368,0.0,-562.632,0
2026-03-22T21:28:32.418044,2437.368,2437.368,0.0,-562.632,0
2026-03-22T21:28:33.461056,2437.368,2437.368,0.0,-562.632,0
2026-03-22T21:28:34.506227,2437.368,2437.368,0.0,-562.632,0
2026-03-22T21:28:35.526685,2437.368,2315.5679999999998,121.80000000000001,-562.632,0
2026-03-22T21:28:36.559032,2437.368,2315.5679999999998,121.80000000000001,-562.632,0
2026-03-22T21:28:37.585684,2437.368,2315.5679999999998,121.80000000000001,-562.632,0
2026-03-22T21:28:38.623400,2436.128,2314.328,121.80000000000001,-563.872,0.0
2026-03-22T21:28:39.659391,2436.128,2314.328,121.80000000000001,-563.872,0.0
2026-03-22T21:28:40.684964,2436.128,2314.328,121.80000000000001,-563.872,0.0
2026-03-22T21:28:41.717271,2436.128,2314.328,121.80000000000001,-563.872,0.0
2026-03-22T21:28:42.747994,2436.128,2314.328,121.80000000000001,-563.872,0.0
2026-03-22T21:28:43.776443,2436.128,2314.328,121.80000000000001,-563.872,0.0
2026-03-22T21:28:44.805734,2436.128,2314.328,121.80000000000001,-563.872,0.0
2026-03-22T21:28:45.834910,2436.128,2314.328,121.80000000000001,-563.872,0.0
2026-03-22T21:28:46.864971,2436.128,2314.328,121.80000000000001,-563.872,0.0
2026-03-22T21:28:47.960028,2436.128,2314.328,121.80000000000001,-563.872,0.0
2026-03-22T21:28:49.014652,2436.128,2314.328,121.80000000000001,-563.872,0.0
2026-03-22T21:28:50.041481,2436.128,2314.328,121.80000000000001,-563.872,0.0
2026-03-22T21:28:51.072927,2436.128,2314.328,121.80000000000001,-563.872,0.0
2026-03-22T21:28:52.110903,2436.128,2314.328,121.80000000000001,-563.872,0.0
2026-03-22T21:28:53.137422,2436.128,2314.328,121.80000000000001,-563.872,-1.609823385706477e-14
2026-03-22T21:28:54.172363,2436.128,2314.328,121.80000000000001,-563.872,-1.609823385706477e-14
2026-03-22T21:28:55.240005,2436.128,2314.328,121.80000000000001,-563.872,-1.609823385706477e-14
2026-03-22T21:28:56.275058,2436.128,2314.328,121.80000000000001,-563.872,-1.609823385706477e-14
2026-03-22T21:28:57.300091,2436.128,2314.328,121.80000000000001,-563.872,-1.609823385706477e-14
2026-03-22T21:28:58.325693,2436.128,2314.328,121.80000000000001,-563.872,-1.609823385706477e-14
2026-03-22T21:28:59.353059,2436.128,2314.328,121.80000000000001,-563.872,-1.609823385706477e-14
2026-03-22T21:29:00.384220,2436.128,2314.328,121.80000000000001,-563.872,-1.609823385706477e-14
2026-03-22T21:29:01.422738,2436.128,2314.328,121.80000000000001,-563.872,-1.609823385706477e-14
2026-03-22T21:29:02.455733,2436.128,2314.328,121.80000000000001,-563.872,-1.609823385706477e-14
2026-03-22T21:29:03.483250,2436.128,2314.328,121.80000000000001,-563.872,-1.609823385706477e-14
2026-03-22T21:29:04.506760,2436.128,2314.328,121.80000000000001,-563.872,-1.609823385706477e-14
2026-03-22T21:29:05.535238,2436.128,2314.328,121.80000000000001,-563.872,-1.609823385706477e-14
2026-03-22T21:29:06.563612,2436.128,2314.328,121.80000000000001,-563.872,-1.609823385706477e-14
2026-03-22T21:29:07.596767,2436.128,2314.328,121.80000000000001,-563.872,-1.609823385706477e-14
2026-03-22T21:29:08.671012,2436.128,2314.328,121.80000000000001,-563.872,-1.609823385706477e-14
2026-03-22T21:29:09.693488,2436.128,2314.328,121.80000000000001,-563.872,-1.609823385706477e-14
2026-03-22T21:29:10.722024,2436.128,2314.328,121.80000000000001,-563.872,-1.609823385706477e-14
2026-03-22T21:29:11.752590,2436.128,2314.328,121.80000000000001,-563.872,-1.609823385706477e-14
2026-03-22T21:29:12.788155,2436.128,2314.328,121.80000000000001,-563.872,-1.609823385706477e-14
2026-03-22T21:29:13.815955,2436.128,2314.328,121.80000000000001,-563.872,-1.609823385706477e-14
2026-03-22T21:29:14.851924,2433.228,2433.228,0.0,-566.7719999999999,0
2026-03-22T21:29:16.058016,2433.228,2433.228,0.0,-566.7719999999999,0
2026-03-22T21:29:17.097241,2433.228,2433.228,0.0,-566.7719999999999,0
2026-03-22T21:29:18.127846,2433.228,2433.228,0.0,-566.7719999999999,0
2026-03-22T21:29:19.171879,2433.228,2433.228,0.0,-566.7719999999999,0
2026-03-22T21:29:20.200250,2433.228,2433.228,0.0,-566.7719999999999,0
2026-03-22T21:29:21.229207,2433.228,2433.228,0.0,-566.7719999999999,0
2026-03-22T21:29:22.257377,2433.228,2433.228,0.0,-566.7719999999999,0
2026-03-22T21:29:23.287907,2433.228,2433.228,0.0,-566.7719999999999,0
2026-03-22T21:29:24.316152,2433.228,2433.228,0.0,-566.7719999999999,0
2026-03-22T21:29:25.348954,2433.228,2433.228,0.0,-566.7719999999999,0
2026-03-22T21:29:26.450091,2433.228,2433.228,0.0,-566.7719999999999,0
2026-03-22T21:29:27.474223,2433.228,2433.228,0.0,-566.7719999999999,0
2026-03-22T21:29:28.503632,2433.228,2433.228,0.0,-566.7719999999999,0
2026-03-22T21:29:29.540736,2433.228,2433.228,0.0,-566.7719999999999,0
2026-03-22T21:29:30.567508,2433.228,2433.228,0.0,-566.7719999999999,0
2026-03-22T21:29:31.598581,2433.228,2433.228,0.0,-566.7719999999999,0
2026-03-22T21:29:32.624155,2433.228,2433.228,0.0,-566.7719999999999,0
2026-03-22T21:29:33.649454,2433.228,2433.228,0.0,-566.7719999999999,0
2026-03-22T21:29:34.679876,2433.228,2433.228,0.0,-566.7719999999999,0
2026-03-22T21:29:35.701140,2433.228,2433.228,0.0,-566.7719999999999,0
2026-03-22T21:29:36.740973,2433.228,2433.228,0.0,-566.7719999999999,0
2026-03-22T21:29:37.776764,2433.228,2433.228,0.0,-566.7719999999999,0
2026-03-22T21:29:38.809631,2433.228,2433.228,0.0,-566.7719999999999,0
2026-03-22T21:29:39.849066,2433.228,2433.228,0.0,-566.7719999999999,0
2026-03-22T21:29:40.880835,2433.228,2433.228,0.0,-566.7719999999999,0
2026-03-22T21:29:41.918536,2433.228,2433.228,0.0,-566.7719999999999,0
2026-03-22T21:29:42.946470,2433.228,2433.228,0.0,-566.7719999999999,0
2026-03-22T21:29:43.981267,2433.228,2433.228,0.0,-566.7719999999999,0
2026-03-22T21:29:45.012492,2433.228,2433.228,0.0,-566.7719999999999,0
2026-03-22T21:29:46.042961,2433.228,2433.228,0.0,-566.7719999999999,0
2026-03-22T21:29:47.074955,2433.228,2433.228,0.0,-566.7719999999999,0
2026-03-22T21:29:48.110018,2433.228,2433.228,0.0,-566.7719999999999,0
2026-03-22T21:29:49.142559,2433.228,2433.228,0.0,-566.7719999999999,0
2026-03-22T21:29:50.169157,2433.228,2433.228,0.0,-566.7719999999999,0
2026-03-22T21:29:51.194820,2433.228,2433.228,0.0,-566.7719999999999,0
2026-03-22T21:29:52.226726,2433.228,2433.228,0.0,-566.7719999999999,0
2026-03-22T21:29:53.248857,2433.228,2433.228,0.0,-566.7719999999999,0
2026-03-22T21:29:54.274470,2433.228,2433.228,0.0,-566.7719999999999,0
2026-03-22T21:29:55.298134,2433.228,2433.228,0.0,-566.7719999999999,0
2026-03-22T21:29:56.341075,2433.228,2433.228,0.0,-566.7719999999999,0
2026-03-22T21:29:57.368235,2433.228,2433.228,0.0,-566.7719999999999,0
2026-03-22T21:29:58.464367,2433.228,2433.228,0.0,-566.7719999999999,0
2026-03-22T21:29:59.490451,2433.228,2433.228,0.0,-566.7719999999999,0
2026-03-22T21:30:00.512942,2433.228,2433.228,0.0,-566.7719999999999,0
2026-03-22T21:30:01.546166,2433.228,2433.228,0.0,-566.7719999999999,0
2026-03-22T21:30:02.564074,2433.228,2433.228,0.0,-566.7719999999999,0
2026-03-22T21:30:03.583969,2433.228,2433.228,0.0,-566.7719999999999,0
2026-03-22T21:30:04.634160,2433.228,2433.228,0.0,-566.7719999999999,0
2026-03-22T21:30:05.651801,2433.228,2433.228,0.0,-566.7719999999999,0
2026-03-22T21:30:06.682291,2433.228,2433.228,0.0,-566.7719999999999,0
2026-03-22T21:30:07.697414,2433.228,2433.228,0.0,-566.7719999999999,0
2026-03-22T21:30:08.731158,2433.228,2433.228,0.0,-566.7719999999999,0
2026-03-22T21:30:09.758898,2433.228,2433.228,0.0,-566.7719999999999,0
2026-03-22T21:30:10.783100,2433.228,2433.228,0.0,-566.7719999999999,0
2026-03-22T21:30:11.802060,2433.228,2433.228,0.0,-566.7719999999999,0
2026-03-22T21:30:12.830689,2433.228,2433.228,0.0,-566.7719999999999,0
2026-03-22T21:30:13.850135,2433.228,2433.228,0.0,-566.7719999999999,0
2026-03-22T21:30:14.871399,2433.228,2433.228,0.0,-566.7719999999999,0
2026-03-22T21:30:15.895456,2433.228,2433.228,0.0,-566.7719999999999,0
2026-03-22T21:30:16.925634,2433.228,2433.228,0.0,-566.7719999999999,0
2026-03-22T21:30:17.963744,2433.228,2433.228,0.0,-566.7719999999999,0
2026-03-22T21:30:19.004286,2433.228,2433.228,0.0,-566.7719999999999,0
2026-03-22T21:30:20.050680,2433.228,2433.228,0.0,-566.7719999999999,0
2026-03-22T21:30:21.076327,2433.228,2433.228,0.0,-566.7719999999999,0
2026-03-22T21:30:22.103937,2433.228,2433.228,0.0,-566.7719999999999,0
2026-03-22T21:30:23.132453,2433.228,2433.228,0.0,-566.7719999999999,0
2026-03-22T21:30:24.162572,2433.228,2433.228,0.0,-566.7719999999999,0
2026-03-22T21:30:25.183438,2433.228,2433.228,0.0,-566.7719999999999,0
2026-03-22T21:30:26.218523,2433.228,2433.228,0.0,-566.7719999999999,0
2026-03-22T21:30:27.244121,2433.228,2433.228,0.0,-566.7719999999999,0
2026-03-22T21:30:28.315255,2433.228,2433.228,0.0,-566.7719999999999,0
2026-03-22T21:30:29.341057,2433.228,2433.228,0.0,-566.7719999999999,0
2026-03-22T21:30:30.379645,2433.228,2433.228,0.0,-566.7719999999999,0
2026-03-22T21:30:31.422214,2433.228,2433.228,0.0,-566.7719999999999,0
2026-03-22T21:30:32.446382,2433.228,2433.228,0.0,-566.7719999999999,0
2026-03-22T21:30:33.477723,2433.228,2433.228,0.0,-566.7719999999999,0
2026-03-22T21:30:34.514553,2433.228,2433.228,0.0,-566.7719999999999,0
2026-03-22T21:30:35.547639,2433.228,2433.228,0.0,-566.7719999999999,0
2026-03-22T21:30:36.571641,2433.228,2433.228,0.0,-566.7719999999999,0
2026-03-22T21:30:37.599565,2433.228,2433.228,0.0,-566.7719999999999,0
2026-03-22T21:30:38.617279,2433.228,2433.228,0.0,-566.7719999999999,0
2026-03-22T21:30:39.647082,2433.228,2433.228,0.0,-566.7719999999999,0
2026-03-22T21:30:40.689107,2433.228,2433.228,0.0,-566.7719999999999,0
2026-03-22T21:30:41.720421,2433.228,2433.228,0.0,-566.7719999999999,0
2026-03-22T21:30:42.741176,2433.228,2433.228,0.0,-566.7719999999999,0
2026-03-22T21:30:43.765789,2433.228,2433.228,0.0,-566.7719999999999,0
2026-03-22T21:30:44.801995,2433.228,2433.228,0.0,-566.7719999999999,0
2026-03-22T21:30:45.824588,2433.228,2433.228,0.0,-566.7719999999999,0
2026-03-22T21:30:46.866594,2433.228,2433.228,0.0,-566.7719999999999,0
2026-03-22T21:30:47.886245,2433.228,2433.228,0.0,-566.7719999999999,0
2026-03-22T21:30:48.916450,2433.228,2433.228,0.0,-566.7719999999999,0
2026-03-22T21:30:49.941887,2433.228,2433.228,0.0,-566.7719999999999,0
2026-03-22T21:30:50.966725,2433.228,2433.228,0.0,-566.7719999999999,0
2026-03-22T21:30:51.991534,2433.228,2433.228,0.0,-566.7719999999999,0
2026-03-22T21:30:53.019286,2433.228,2433.228,0.0,-566.7719999999999,0
2026-03-22T21:30:54.042708,2433.228,2433.228,0.0,-566.7719999999999,0
2026-03-22T21:30:55.074558,2433.228,2433.228,0.0,-566.7719999999999,0
2026-03-22T21:30:56.097132,2433.228,2433.228,0.0,-566.7719999999999,0
2026-03-22T21:30:57.132837,2433.228,2433.228,0.0,-566.7719999999999,0
2026-03-22T21:30:58.159061,2433.228,2433.228,0.0,-566.7719999999999,0
2026-03-22T21:30:59.221018,2433.228,2433.228,0.0,-566.7719999999999,0
2026-03-22T21:31:00.252989,2433.228,2433.228,0.0,-566.7719999999999,0
2026-03-22T21:31:01.274382,2433.228,2433.228,0.0,-566.7719999999999,0
2026-03-22T21:31:02.297577,2433.228,2433.228,0.0,-566.7719999999999,0
2026-03-22T21:31:03.319271,2433.228,2433.228,0.0,-566.7719999999999,0
2026-03-22T21:31:04.345590,2433.228,2433.228,0.0,-566.7719999999999,0
2026-03-22T21:31:05.382300,2433.228,2433.228,0.0,-566.7719999999999,0
2026-03-22T21:31:06.407031,2433.228,2433.228,0.0,-566.7719999999999,0
2026-03-22T21:31:07.424456,2433.228,2433.228,0.0,-566.7719999999999,0
2026-03-22T21:31:08.441656,2433.228,2433.228,0.0,-566.7719999999999,0
2026-03-22T21:31:09.484176,2433.228,2433.228,0.0,-566.7719999999999,0
2026-03-22T21:31:10.508088,2433.228,2433.228,0.0,-566.7719999999999,0
2026-03-22T21:31:11.530713,2433.228,2433.228,0.0,-566.7719999999999,0
2026-03-22T21:31:12.583409,2433.228,2433.228,0.0,-566.7719999999999,0
2026-03-22T21:31:13.604218,2433.228,2433.228,0.0,-566.7719999999999,0
2026-03-22T21:31:14.624052,2433.228,2433.228,0.0,-566.7719999999999,0
2026-03-22T21:31:15.655656,2433.228,2433.228,0.0,-566.7719999999999,0
2026-03-22T21:31:16.677277,2433.228,2433.228,0.0,-566.7719999999999,0
2026-03-22T21:31:17.708933,2433.228,2433.228,0.0,-566.7719999999999,0
2026-03-22T21:31:18.732186,2433.228,2433.228,0.0,-566.7719999999999,0
2026-03-22T21:31:19.759423,2433.228,2433.228,0.0,-566.7719999999999,0
2026-03-22T21:31:20.789517,2433.228,2433.228,0.0,-566.7719999999999,0
2026-03-22T21:31:21.810071,2433.228,2433.228,0.0,-566.7719999999999,0
2026-03-22T21:31:22.831187,2433.228,2433.228,0.0,-566.7719999999999,0
2026-03-22T21:31:23.861535,2433.228,2433.228,0.0,-566.7719999999999,0
2026-03-22T21:31:24.893937,2433.228,2433.228,0.0,-566.7719999999999,0
2026-03-22T21:31:25.910415,2433.228,2433.228,0.0,-566.7719999999999,0
2026-03-22T21:31:26.934228,2433.228,2433.228,0.0,-566.7719999999999,0
2026-03-22T21:31:27.974255,2433.228,2433.228,0.0,-566.7719999999999,0
2026-03-22T21:31:29.051287,2433.228,2433.228,0.0,-566.7719999999999,0
2026-03-22T21:31:30.091031,2433.228,2433.228,0.0,-566.7719999999999,0
2026-03-22T21:31:31.117356,2433.228,2433.228,0.0,-566.7719999999999,0
2026-03-22T21:31:32.136722,2433.228,2433.228,0.0,-566.7719999999999,0
2026-03-22T21:31:33.157566,2433.228,2433.228,0.0,-566.7719999999999,0
2026-03-22T21:31:34.187749,2433.228,2433.228,0.0,-566.7719999999999,0
2026-03-22T21:31:35.209033,2433.228,2433.228,0.0,-566.7719999999999,0
2026-03-22T21:31:36.230813,2433.228,2433.228,0.0,-566.7719999999999,0
2026-03-22T21:31:37.259895,2433.228,2433.228,0.0,-566.7719999999999,0
2026-03-22T21:31:38.285566,2433.228,2433.228,0.0,-566.7719999999999,0
2026-03-22T21:31:39.319060,2433.228,2433.228,0.0,-566.7719999999999,0
2026-03-22T21:31:40.347174,2433.228,2433.228,0.0,-566.7719999999999,0
2026-03-22T21:31:41.389198,2433.228,2433.228,0.0,-566.7719999999999,0
2026-03-22T21:31:42.406249,2433.228,2311.708,121.52,-566.7719999999999,0
2026-03-22T21:31:43.430415,2433.228,2311.708,121.52,-566.7719999999999,0
2026-03-22T21:31:44.463163,2432.138,2310.618,121.52,-567.862,0.0
2026-03-22T21:31:45.494337,2432.138,2310.618,121.52,-567.862,0.0
2026-03-22T21:31:46.519759,2432.138,2310.618,121.52,-567.862,0.0
2026-03-22T21:31:47.543929,2432.138,2310.618,121.52,-567.862,0.0
2026-03-22T21:31:48.579562,2432.138,2310.618,121.52,-567.862,0.0
2026-03-22T21:31:49.609909,2432.138,2310.618,121.52,-567.862,0.0
2026-03-22T21:31:50.631464,2432.138,2310.618,121.52,-567.862,0.0
2026-03-22T21:31:51.658429,2432.138,2310.618,121.52,-567.862,0.0
2026-03-22T21:31:52.682597,2432.138,2310.618,121.52,-567.862,0.0
2026-03-22T21:31:53.719207,2432.138,2310.618,121.52,-567.862,0.0
2026-03-22T21:31:54.750609,2432.138,2310.618,121.52,-567.862,0.0
2026-03-22T21:31:55.779471,2432.138,2310.618,121.52,-567.862,0.0
2026-03-22T21:31:56.849133,2432.138,2310.618,121.52,-567.862,0.0
2026-03-22T21:31:57.877428,2432.138,2310.618,121.52,-567.862,0.0
2026-03-22T21:31:58.918422,2432.138,2310.618,121.52,-567.862,0.0
2026-03-22T21:31:59.959244,2432.138,2310.618,121.52,-567.862,0.0
2026-03-22T21:32:00.988221,2417.258,2310.618,121.52,-567.862,-14.879999999999999
2026-03-22T21:32:02.016898,2417.258,2310.618,121.52,-567.862,-14.879999999999999
2026-03-22T21:32:03.042643,2417.258,2310.618,121.52,-567.862,-14.879999999999999
2026-03-22T21:32:04.058281,2417.258,2310.618,121.52,-567.862,-14.879999999999999
2026-03-22T21:32:05.082170,2417.258,2310.618,121.52,-567.862,-14.879999999999999
2026-03-22T21:32:06.104312,2417.258,2310.618,121.52,-567.862,-14.879999999999999
2026-03-22T21:32:07.126723,2417.258,2310.618,121.52,-567.862,-14.879999999999999
2026-03-22T21:32:08.185091,2417.258,2310.618,121.52,-567.862,-14.879999999999999
2026-03-22T21:32:09.221851,2417.258,2310.618,121.52,-567.862,-14.879999999999999
2026-03-22T21:32:10.242095,2417.258,2310.618,121.52,-567.862,-14.879999999999999
2026-03-22T21:32:11.262713,2417.258,2310.618,121.52,-567.862,-14.879999999999999
2026-03-22T21:32:12.296346,2417.258,2310.618,121.52,-567.862,-14.879999999999999
2026-03-22T21:32:13.316272,2417.258,2310.618,121.52,-567.862,-14.879999999999999
2026-03-22T21:32:14.350210,2417.258,2310.618,121.52,-567.862,-14.879999999999999
2026-03-22T21:32:15.381598,2417.258,2310.618,121.52,-567.862,-14.879999999999999
2026-03-22T21:32:16.412443,2417.258,2310.618,121.52,-567.862,-14.879999999999999
2026-03-22T21:32:17.429164,2417.258,2310.618,121.52,-567.862,-14.879999999999999
2026-03-22T21:32:18.453471,2417.258,2310.618,121.52,-567.862,-14.879999999999999
2026-03-22T21:32:19.482779,2417.258,2310.618,121.52,-567.862,-14.879999999999999
2026-03-22T21:32:20.508040,2442.058,2310.618,121.52,-567.862,9.920000000000009
2026-03-22T21:32:21.540616,2442.058,2310.618,121.52,-567.862,9.920000000000009
2026-03-22T21:32:22.567143,2442.058,2310.618,121.52,-567.862,9.920000000000009
2026-03-22T21:32:23.592519,2442.058,2310.618,121.52,-567.862,9.920000000000009
2026-03-22T21:32:24.632722,2442.058,2310.618,121.52,-567.862,9.920000000000009
2026-03-22T21:32:25.686952,2442.058,2310.618,121.52,-567.862,9.920000000000009
2026-03-22T21:32:26.727094,2442.058,2310.618,121.52,-567.862,9.920000000000009
2026-03-22T21:32:27.759872,2442.058,2310.618,121.52,-567.862,9.920000000000009
2026-03-22T21:32:28.795744,2442.058,2310.618,121.52,-567.862,9.920000000000009
2026-03-22T21:32:29.824232,2442.058,2310.618,121.52,-567.862,9.920000000000009
2026-03-22T21:32:30.859338,2442.058,2310.618,121.52,-567.862,9.920000000000009
2026-03-22T21:32:31.889021,2442.058,2310.618,121.52,-567.862,9.920000000000009
2026-03-22T21:32:32.945303,2442.058,2310.618,121.52,-567.862,9.920000000000009
2026-03-22T21:32:33.968899,2442.058,2310.618,121.52,-567.862,9.920000000000009
2026-03-22T21:32:34.999728,2442.058,2310.618,121.52,-567.862,9.920000000000009
2026-03-22T21:32:36.030903,2442.058,2310.618,121.52,-567.862,9.920000000000009
2026-03-22T21:32:37.097049,2442.058,2310.618,121.52,-567.862,9.920000000000009
2026-03-22T21:32:38.129313,2442.058,2310.618,121.52,-567.862,9.920000000000009
2026-03-22T21:32:39.162230,2449.498,2449.498,0.0,-550.502,0
2026-03-22T21:32:40.186950,2449.498,2449.498,0.0,-550.502,0
2026-03-22T21:32:41.224171,2449.498,2449.498,0.0,-550.502,0
2026-03-22T21:32:42.249118,2449.498,2449.498,0.0,-550.502,0
2026-03-22T21:32:43.276117,2449.498,2449.498,0.0,-550.502,0
2026-03-22T21:32:44.294401,2449.498,2449.498,0.0,-550.502,0
2026-03-22T21:32:45.310757,2449.498,2449.498,0.0,-550.502,0
2026-03-22T21:32:46.343258,2449.498,2449.498,0.0,-550.502,0
2026-03-22T21:32:47.372129,2449.498,2449.498,0.0,-550.502,0
2026-03-22T21:32:48.406783,2449.498,2449.498,0.0,-550.502,0
2026-03-22T21:32:49.434418,2449.498,2449.498,0.0,-550.502,0
2026-03-22T21:32:50.464649,2449.498,2449.498,0.0,-550.502,0
2026-03-22T21:32:51.532533,2449.498,2449.498,0.0,-550.502,0
2026-03-22T21:32:52.564824,2449.498,2449.498,0.0,-550.502,0
2026-03-22T21:32:53.591938,2449.498,2449.498,0.0,-550.502,0
2026-03-22T21:32:54.624408,2449.498,2449.498,0.0,-550.502,0
2026-03-22T21:32:55.641220,2449.498,2449.498,0.0,-550.502,0
2026-03-22T21:32:56.672511,2449.498,2449.498,0.0,-550.502,0
2026-03-22T21:32:57.693016,2449.498,2449.498,0.0,-550.502,0
2026-03-22T21:32:58.730044,2449.498,2449.498,0.0,-550.502,0
2026-03-22T21:32:59.755367,2449.498,2449.498,0.0,-550.502,0
2026-03-22T21:33:00.784219,2449.498,2449.498,0.0,-550.502,0
2026-03-22T21:33:01.805719,2449.498,2449.498,0.0,-550.502,0
2026-03-22T21:33:02.830727,2449.498,2449.498,0.0,-550.502,0
2026-03-22T21:33:03.862810,2449.498,2449.498,0.0,-550.502,0
2026-03-22T21:33:04.940761,2449.498,2449.498,0.0,-550.502,0
2026-03-22T21:33:05.985785,2449.498,2449.498,0.0,-550.502,0
2026-03-22T21:33:07.017889,2449.498,2449.498,0.0,-550.502,0
2026-03-22T21:33:08.042818,2449.498,2449.498,0.0,-550.502,0
2026-03-22T21:33:09.073182,2449.498,2449.498,0.0,-550.502,0
2026-03-22T21:33:10.091175,2449.498,2449.498,0.0,-550.502,0
2026-03-22T21:33:11.125199,2449.498,2449.498,0.0,-550.502,0
2026-03-22T21:33:12.157096,2449.498,2449.498,0.0,-550.502,0
2026-03-22T21:33:13.173882,2449.498,2449.498,0.0,-550.502,0
2026-03-22T21:33:14.211266,2449.498,2449.498,0.0,-550.502,0
2026-03-22T21:33:15.251055,2449.498,2449.498,0.0,-550.502,0
2026-03-22T21:33:16.283625,2449.498,2449.498,0.0,-550.502,0
2026-03-22T21:33:17.358211,2449.498,2449.498,0.0,-550.502,0
2026-03-22T21:33:18.391612,2449.498,2449.498,0.0,-550.502,0
2026-03-22T21:33:19.424154,2449.498,2449.498,0.0,-550.502,0
2026-03-22T21:33:20.448873,2449.498,2449.498,0.0,-550.502,0
2026-03-22T21:33:21.473680,2449.498,2449.498,0.0,-550.502,0
2026-03-22T21:33:22.490556,2449.498,2449.498,0.0,-550.502,0
2026-03-22T21:33:23.515350,2449.498,2449.498,0.0,-550.502,0
2026-03-22T21:33:24.534248,2449.498,2449.498,0.0,-550.502,0
2026-03-22T21:33:25.551242,2449.498,2449.498,0.0,-550.502,0
2026-03-22T21:33:26.582174,2449.498,2449.498,0.0,-550.502,0
2026-03-22T21:33:27.607433,2449.498,2449.498,0.0,-550.502,0
2026-03-22T21:33:28.632401,2449.498,2449.498,0.0,-550.502,0
2026-03-22T21:33:29.653284,2449.498,2449.498,0.0,-550.502,0
2026-03-22T21:33:30.689851,2449.498,2449.498,0.0,-550.502,0
2026-03-22T21:33:31.715695,2449.498,2449.498,0.0,-550.502,0
2026-03-22T21:33:32.741039,2449.498,2449.498,0.0,-550.502,0
2026-03-22T21:33:33.772650,2449.498,2449.498,0.0,-550.502,0
2026-03-22T21:33:34.790659,2449.498,2449.498,0.0,-550.502,0
2026-03-22T21:33:35.826113,2449.498,2449.498,0.0,-550.502,0
2026-03-22T21:33:36.861994,2449.498,2449.498,0.0,-550.502,0
2026-03-22T21:33:37.897004,2449.498,2449.498,0.0,-550.502,0
2026-03-22T21:33:38.925433,2449.498,2449.498,0.0,-550.502,0
2026-03-22T21:33:39.956317,2449.498,2449.498,0.0,-550.502,0
2026-03-22T21:33:40.984080,2449.498,2449.498,0.0,-550.502,0
2026-03-22T21:33:42.024211,2449.498,2449.498,0.0,-550.502,0
2026-03-22T21:33:43.100250,2449.498,2449.498,0.0,-550.502,0
2026-03-22T21:33:44.125366,2449.498,2449.498,0.0,-550.502,0
2026-03-22T21:33:45.163071,2449.498,2449.498,0.0,-550.502,0
2026-03-22T21:33:46.183364,2449.498,2449.498,0.0,-550.502,0
2026-03-22T21:33:47.220390,2449.498,2449.498,0.0,-550.502,0
2026-03-22T21:33:48.254462,2449.498,2449.498,0.0,-550.502,0
2026-03-22T21:33:49.283252,2449.498,2449.498,0.0,-550.502,0
2026-03-22T21:33:50.308720,2449.498,2449.498,0.0,-550.502,0
2026-03-22T21:33:51.334305,2449.498,2449.498,0.0,-550.502,0
2026-03-22T21:33:52.355055,2449.498,2449.498,0.0,-550.502,0
2026-03-22T21:33:53.400915,2449.498,2449.498,0.0,-550.502,0
2026-03-22T21:33:54.421770,2449.498,2449.498,0.0,-550.502,0
2026-03-22T21:33:55.460248,2449.498,2449.498,0.0,-550.502,0
2026-03-22T21:33:56.489689,2449.498,2449.498,0.0,-550.502,0
2026-03-22T21:33:57.530611,2449.498,2449.498,0.0,-550.502,0
2026-03-22T21:33:58.569045,2449.498,2449.498,0.0,-550.502,0
2026-03-22T21:33:59.595508,2449.498,2449.498,0.0,-550.502,0
2026-03-22T21:34:00.621876,2449.498,2449.498,0.0,-550.502,0
2026-03-22T21:34:01.646715,2449.498,2449.498,0.0,-550.502,0
2026-03-22T21:34:02.669161,2449.498,2449.498,0.0,-550.502,0
2026-03-22T21:34:03.691303,2449.498,2449.498,0.0,-550.502,0
2026-03-22T21:34:04.710478,2449.498,2449.498,0.0,-550.502,0
2026-03-22T21:34:05.744980,2449.498,2449.498,0.0,-550.502,0
2026-03-22T21:34:06.837547,2449.498,2449.498,0.0,-550.502,0
2026-03-22T21:34:07.868672,2449.498,2449.498,0.0,-550.502,0
2026-03-22T21:34:08.890433,2449.498,2449.498,0.0,-550.502,0
2026-03-22T21:34:09.944703,2449.498,2449.498,0.0,-550.502,0
2026-03-22T21:34:11.018811,2449.498,2449.498,0.0,-550.502,0
2026-03-22T21:34:12.043714,2449.498,2449.498,0.0,-550.502,0
2026-03-22T21:34:13.074014,2449.498,2449.498,0.0,-550.502,0
2026-03-22T21:34:14.114709,2449.498,2449.498,0.0,-550.502,0
2026-03-22T21:34:15.141321,2449.498,2449.498,0.0,-550.502,0
2026-03-22T21:34:16.167767,2449.498,2449.498,0.0,-550.502,0
2026-03-22T21:34:17.196972,2449.498,2449.498,0.0,-550.502,0
2026-03-22T21:34:18.228121,2449.498,2449.498,0.0,-550.502,0
2026-03-22T21:34:19.293799,2449.498,2449.498,0.0,-550.502,0
2026-03-22T21:34:20.319475,2449.498,2449.498,0.0,-550.502,0
2026-03-22T21:34:21.357089,2449.498,2449.498,0.0,-550.502,0
2026-03-22T21:34:22.390594,2449.498,2449.498,0.0,-550.502,0
2026-03-22T21:34:23.439278,2449.498,2449.498,0.0,-550.502,0
2026-03-22T21:34:24.465884,2449.498,2449.498,0.0,-550.502,0
2026-03-22T21:34:25.498866,2449.498,2449.498,0.0,-550.502,0
2026-03-22T21:34:26.526960,2449.498,2449.498,0.0,-550.502,0
2026-03-22T21:34:27.546465,2449.498,2449.498,0.0,-550.502,0
2026-03-22T21:34:28.579647,2449.498,2449.498,0.0,-550.502,0
2026-03-22T21:34:29.621604,2449.498,2449.498,0.0,-550.502,0
2026-03-22T21:34:30.686905,2449.498,2449.498,0.0,-550.502,0
2026-03-22T21:34:31.707006,2449.498,2449.498,0.0,-550.502,0
2026-03-22T21:34:32.732655,2449.498,2449.498,0.0,-550.502,0
2026-03-22T21:34:33.756249,2449.498,2449.498,0.0,-550.502,0
2026-03-22T21:34:34.785838,2449.498,2449.498,0.0,-550.502,0
2026-03-22T21:34:35.824504,2449.498,2449.498,0.0,-550.502,0
2026-03-22T21:34:36.843697,2449.498,2449.498,0.0,-550.502,0
2026-03-22T21:34:37.878922,2449.498,2449.498,0.0,-550.502,0
2026-03-22T21:34:38.907028,2449.498,2449.498,0.0,-550.502,0
2026-03-22T21:34:39.935794,2449.498,2449.498,0.0,-550.502,0
2026-03-22T21:34:40.969860,2449.498,2449.498,0.0,-550.502,0
2026-03-22T21:34:41.991255,2449.498,2449.498,0.0,-550.502,0
2026-03-22T21:34:43.024722,2449.498,2449.498,0.0,-550.502,0
2026-03-22T21:34:44.050488,2449.498,2449.498,0.0,-550.502,0
2026-03-22T21:34:45.095880,2449.498,2327.418,122.08000000000001,-550.502,0
2026-03-22T21:34:46.127297,2449.498,2327.418,122.08000000000001,-550.502,0
2026-03-22T21:34:47.154342,2448.548,2326.468,122.08000000000001,-551.452,0.0
2026-03-22T21:34:48.222238,2448.548,2326.468,122.08000000000001,-551.452,0.0
2026-03-22T21:34:49.258017,2448.548,2326.468,122.08000000000001,-551.452,0.0
2026-03-22T21:34:50.276494,2448.548,2326.468,122.08000000000001,-551.452,0.0
2026-03-22T21:34:51.304484,2448.548,2326.468,122.08000000000001,-551.452,0.0
2026-03-22T21:34:52.324992,2448.548,2326.468,122.08000000000001,-551.452,0.0
2026-03-22T21:34:53.354803,2448.548,2326.468,122.08000000000001,-551.452,0.0
2026-03-22T21:34:54.468582,2448.548,2326.468,122.08000000000001,-551.452,0.0
2026-03-22T21:34:55.491443,2448.548,2326.468,122.08000000000001,-551.452,0.0
2026-03-22T21:34:56.526816,2448.548,2326.468,122.08000000000001,-551.452,0.0
2026-03-22T21:34:57.562117,2448.548,2326.468,122.08000000000001,-551.452,0.0
2026-03-22T21:34:58.592538,2442.008,2326.468,122.08000000000001,-551.452,-6.540000000000006
2026-03-22T21:34:59.624578,2442.008,2326.468,122.08000000000001,-551.452,-6.540000000000006
2026-03-22T21:35:00.646221,2442.008,2326.468,122.08000000000001,-551.452,-6.540000000000006
2026-03-22T21:35:01.681345,2442.008,2326.468,122.08000000000001,-551.452,-6.540000000000006
2026-03-22T21:35:02.699335,2442.008,2326.468,122.08000000000001,-551.452,-6.540000000000006
2026-03-22T21:35:03.722315,2442.008,2326.468,122.08000000000001,-551.452,-6.540000000000006
2026-03-22T21:35:04.737994,2442.008,2326.468,122.08000000000001,-551.452,-6.540000000000006
2026-03-22T21:35:05.766072,2442.008,2326.468,122.08000000000001,-551.452,-6.540000000000006
2026-03-22T21:35:06.781996,2442.008,2326.468,122.08000000000001,-551.452,-6.540000000000006
2026-03-22T21:35:07.814767,2442.008,2326.468,122.08000000000001,-551.452,-6.540000000000006
2026-03-22T21:35:08.845643,2442.008,2326.468,122.08000000000001,-551.452,-6.540000000000006
2026-03-22T21:35:09.862417,2442.008,2326.468,122.08000000000001,-551.452,-6.540000000000006
2026-03-22T21:35:10.885268,2442.008,2326.468,122.08000000000001,-551.452,-6.540000000000006
2026-03-22T21:35:11.920141,2442.008,2326.468,122.08000000000001,-551.452,-6.540000000000006
2026-03-22T21:35:12.955593,2442.008,2326.468,122.08000000000001,-551.452,-6.540000000000006
2026-03-22T21:35:13.979374,2442.008,2326.468,122.08000000000001,-551.452,-6.540000000000006
2026-03-22T21:35:15.017429,2442.008,2326.468,122.08000000000001,-551.452,-6.540000000000006
2026-03-22T21:35:16.045285,2442.008,2326.468,122.08000000000001,-551.452,-6.540000000000006
2026-03-22T21:35:17.108884,2452.908,2326.468,122.08000000000001,-551.452,4.35999999999998
2026-03-22T21:35:18.133718,2452.908,2326.468,122.08000000000001,-551.452,4.35999999999998
2026-03-22T21:35:19.161338,2452.908,2326.468,122.08000000000001,-551.452,4.35999999999998
2026-03-22T21:35:20.199188,2452.908,2326.468,122.08000000000001,-551.452,4.35999999999998
2026-03-22T21:35:21.225466,2452.908,2326.468,122.08000000000001,-551.452,4.35999999999998
2026-03-22T21:35:22.250740,2452.908,2326.468,122.08000000000001,-551.452,4.35999999999998
2026-03-22T21:35:23.267554,2452.908,2326.468,122.08000000000001,-551.452,4.35999999999998
2026-03-22T21:35:24.299743,2452.908,2326.468,122.08000000000001,-551.452,4.35999999999998
2026-03-22T21:35:25.317628,2452.908,2326.468,122.08000000000001,-551.452,4.35999999999998
2026-03-22T21:35:26.341164,2452.908,2326.468,122.08000000000001,-551.452,4.35999999999998
2026-03-22T21:35:27.365883,2452.908,2326.468,122.08000000000001,-551.452,4.35999999999998
2026-03-22T21:35:28.400802,2452.908,2326.468,122.08000000000001,-551.452,4.35999999999998
2026-03-22T21:35:29.434777,2452.908,2326.468,122.08000000000001,-551.452,4.35999999999998
2026-03-22T21:35:30.459972,2452.908,2326.468,122.08000000000001,-551.452,4.35999999999998
2026-03-22T21:35:31.492228,2452.908,2326.468,122.08000000000001,-551.452,4.35999999999998
2026-03-22T21:35:32.522177,2452.908,2326.468,122.08000000000001,-551.452,4.35999999999998
2026-03-22T21:35:33.540630,2452.908,2326.468,122.08000000000001,-551.452,4.35999999999998
2026-03-22T21:35:34.566486,2452.908,2326.468,122.08000000000001,-551.452,4.35999999999998
2026-03-22T21:35:35.587259,2452.908,2326.468,122.08000000000001,-551.452,4.35999999999998
2026-03-22T21:35:36.607180,2452.908,2326.468,122.08000000000001,-551.452,4.35999999999998
2026-03-22T21:35:37.640462,2452.908,2326.468,122.08000000000001,-551.452,4.35999999999998
2026-03-22T21:35:38.679579,2452.908,2326.468,122.08000000000001,-551.452,4.35999999999998
2026-03-22T21:35:39.726445,2446.368,2326.468,122.08000000000001,-551.452,-2.180000000000002
2026-03-22T21:35:40.763113,2446.368,2326.468,122.08000000000001,-551.452,-2.180000000000002
2026-03-22T21:35:41.854967,2446.368,2326.468,122.08000000000001,-551.452,-2.180000000000002
2026-03-22T21:35:42.890837,2446.368,2326.468,122.08000000000001,-551.452,-2.180000000000002
2026-03-22T21:35:43.917859,2446.368,2326.468,122.08000000000001,-551.452,-2.180000000000002
2026-03-22T21:35:44.950328,2446.368,2326.468,122.08000000000001,-551.452,-2.180000000000002
2026-03-22T21:35:45.977632,2446.368,2326.468,122.08000000000001,-551.452,-2.180000000000002
2026-03-22T21:35:47.007268,2446.368,2326.468,122.08000000000001,-551.452,-2.180000000000002
2026-03-22T21:35:48.042318,2446.368,2326.468,122.08000000000001,-551.452,-2.180000000000002
2026-03-22T21:35:49.079262,2446.368,2326.468,122.08000000000001,-551.452,-2.180000000000002
2026-03-22T21:35:50.104948,2446.368,2326.468,122.08000000000001,-551.452,-2.180000000000002
2026-03-22T21:35:51.125070,2446.368,2326.468,122.08000000000001,-551.452,-2.180000000000002
2026-03-22T21:35:52.153865,2446.368,2326.468,122.08000000000001,-551.452,-2.180000000000002
2026-03-22T21:35:53.190586,2446.368,2326.468,122.08000000000001,-551.452,-2.180000000000002
2026-03-22T21:35:54.215860,2446.368,2326.468,122.08000000000001,-551.452,-2.180000000000002
2026-03-22T21:35:55.238439,2446.368,2326.468,122.08000000000001,-551.452,-2.180000000000002
2026-03-22T21:35:56.253615,2446.368,2326.468,122.08000000000001,-551.452,-2.180000000000002
2026-03-22T21:35:57.280409,2446.368,2326.468,122.08000000000001,-551.452,-2.180000000000002
2026-03-22T21:35:58.317528,2446.368,2326.468,122.08000000000001,-551.452,-2.180000000000002
2026-03-22T21:35:59.354126,2442.008,2326.468,122.08000000000001,-551.452,-6.540000000000006
2026-03-22T21:36:00.375040,2442.008,2326.468,122.08000000000001,-551.452,-6.540000000000006
2026-03-22T21:36:01.392959,2442.008,2326.468,122.08000000000001,-551.452,-6.540000000000006
2026-03-22T21:36:02.432936,2442.008,2326.468,122.08000000000001,-551.452,-6.540000000000006
2026-03-22T21:36:03.459109,2442.008,2326.468,122.08000000000001,-551.452,-6.540000000000006
2026-03-22T21:36:04.509320,2442.008,2326.468,122.08000000000001,-551.452,-6.540000000000006
2026-03-22T21:36:05.568027,2442.008,2326.468,122.08000000000001,-551.452,-6.540000000000006
2026-03-22T21:36:06.605854,2442.008,2326.468,122.08000000000001,-551.452,-6.540000000000006
2026-03-22T21:36:07.637315,2442.008,2326.468,122.08000000000001,-551.452,-6.540000000000006
2026-03-22T21:36:08.657697,2442.008,2326.468,122.08000000000001,-551.452,-6.540000000000006
2026-03-22T21:36:09.690010,2442.008,2326.468,122.08000000000001,-551.452,-6.540000000000006
2026-03-22T21:36:10.718837,2442.008,2326.468,122.08000000000001,-551.452,-6.540000000000006
2026-03-22T21:36:11.734248,2442.008,2326.468,122.08000000000001,-551.452,-6.540000000000006
2026-03-22T21:36:12.762377,2442.008,2326.468,122.08000000000001,-551.452,-6.540000000000006
2026-03-22T21:36:13.792855,2442.008,2326.468,122.08000000000001,-551.452,-6.540000000000006
2026-03-22T21:36:14.818765,2442.008,2326.468,122.08000000000001,-551.452,-6.540000000000006
2026-03-22T21:36:15.841589,2442.008,2326.468,122.08000000000001,-551.452,-6.540000000000006
2026-03-22T21:36:16.875175,2442.008,2326.468,122.08000000000001,-551.452,-6.540000000000006
2026-03-22T21:36:17.896659,2461.6279999999997,2461.6279999999997,0.0,-538.3720000000001,0
2026-03-22T21:36:18.925593,2461.6279999999997,2461.6279999999997,0.0,-538.3720000000001,0
2026-03-22T21:36:19.954673,2461.6279999999997,2461.6279999999997,0.0,-538.3720000000001,0
2026-03-22T21:36:20.979901,2461.6279999999997,2461.6279999999997,0.0,-538.3720000000001,0
2026-03-22T21:36:22.032815,2461.6279999999997,2461.6279999999997,0.0,-538.3720000000001,0
2026-03-22T21:36:23.059043,2461.6279999999997,2461.6279999999997,0.0,-538.3720000000001,0
2026-03-22T21:36:24.085774,2461.6279999999997,2461.6279999999997,0.0,-538.3720000000001,0
2026-03-22T21:36:25.129497,2461.6279999999997,2461.6279999999997,0.0,-538.3720000000001,0
2026-03-22T21:36:26.151343,2461.6279999999997,2461.6279999999997,0.0,-538.3720000000001,0
2026-03-22T21:36:27.182016,2461.6279999999997,2461.6279999999997,0.0,-538.3720000000001,0
2026-03-22T21:36:28.265093,2461.6279999999997,2461.6279999999997,0.0,-538.3720000000001,0
2026-03-22T21:36:29.289436,2461.6279999999997,2461.6279999999997,0.0,-538.3720000000001,0
2026-03-22T21:36:30.309566,2461.6279999999997,2461.6279999999997,0.0,-538.3720000000001,0
2026-03-22T21:36:31.341373,2461.6279999999997,2461.6279999999997,0.0,-538.3720000000001,0
2026-03-22T21:36:32.371133,2461.6279999999997,2461.6279999999997,0.0,-538.3720000000001,0
2026-03-22T21:36:33.396616,2461.6279999999997,2461.6279999999997,0.0,-538.3720000000001,0
2026-03-22T21:36:34.424561,2461.6279999999997,2461.6279999999997,0.0,-538.3720000000001,0
2026-03-22T21:36:35.462367,2461.6279999999997,2461.6279999999997,0.0,-538.3720000000001,0
2026-03-22T21:36:36.487701,2461.6279999999997,2461.6279999999997,0.0,-538.3720000000001,0
2026-03-22T21:36:37.509219,2461.6279999999997,2461.6279999999997,0.0,-538.3720000000001,0
2026-03-22T21:36:38.540147,2461.6279999999997,2461.6279999999997,0.0,-538.3720000000001,0
2026-03-22T21:36:39.567233,2461.6279999999997,2461.6279999999997,0.0,-538.3720000000001,0
2026-03-22T21:36:40.582169,2461.6279999999997,2461.6279999999997,0.0,-538.3720000000001,0
2026-03-22T21:36:41.609412,2461.6279999999997,2461.6279999999997,0.0,-538.3720000000001,0
2026-03-22T21:36:42.642591,2461.6279999999997,2461.6279999999997,0.0,-538.3720000000001,0
2026-03-22T21:36:43.664972,2461.6279999999997,2461.6279999999997,0.0,-538.3720000000001,0
2026-03-22T21:36:44.686099,2461.6279999999997,2461.6279999999997,0.0,-538.3720000000001,0
2026-03-22T21:36:45.713944,2461.6279999999997,2461.6279999999997,0.0,-538.3720000000001,0
2026-03-22T21:36:46.748323,2461.6279999999997,2461.6279999999997,0.0,-538.3720000000001,0
2026-03-22T21:36:47.769354,2461.6279999999997,2461.6279999999997,0.0,-538.3720000000001,0
2026-03-22T21:36:48.795571,2461.6279999999997,2461.6279999999997,0.0,-538.3720000000001,0
2026-03-22T21:36:49.828779,2461.6279999999997,2461.6279999999997,0.0,-538.3720000000001,0
2026-03-22T21:36:50.854670,2461.6279999999997,2461.6279999999997,0.0,-538.3720000000001,0
2026-03-22T21:36:51.926548,2461.6279999999997,2461.6279999999997,0.0,-538.3720000000001,0
2026-03-22T21:36:52.944043,2461.6279999999997,2461.6279999999997,0.0,-538.3720000000001,0
2026-03-22T21:36:53.973728,2461.6279999999997,2461.6279999999997,0.0,-538.3720000000001,0
2026-03-22T21:36:54.990823,2461.6279999999997,2461.6279999999997,0.0,-538.3720000000001,0
2026-03-22T21:36:56.031238,2461.6279999999997,2461.6279999999997,0.0,-538.3720000000001,0
2026-03-22T21:36:57.061264,2461.6279999999997,2461.6279999999997,0.0,-538.3720000000001,0
2026-03-22T21:36:58.082515,2461.6279999999997,2461.6279999999997,0.0,-538.3720000000001,0
2026-03-22T21:36:59.107023,2461.6279999999997,2461.6279999999997,0.0,-538.3720000000001,0
2026-03-22T21:37:00.132003,2461.6279999999997,2461.6279999999997,0.0,-538.3720000000001,0
2026-03-22T21:37:01.155672,2461.6279999999997,2461.6279999999997,0.0,-538.3720000000001,0
2026-03-22T21:37:02.185278,2461.6279999999997,2461.6279999999997,0.0,-538.3720000000001,0
2026-03-22T21:37:03.217084,2461.6279999999997,2461.6279999999997,0.0,-538.3720000000001,0
2026-03-22T21:37:04.254086,2461.6279999999997,2461.6279999999997,0.0,-538.3720000000001,0
2026-03-22T21:37:05.296451,2461.6279999999997,2461.6279999999997,0.0,-538.3720000000001,0
2026-03-22T21:37:06.324631,2461.6279999999997,2461.6279999999997,0.0,-538.3720000000001,0
2026-03-22T21:37:07.341630,2461.6279999999997,2461.6279999999997,0.0,-538.3720000000001,0
2026-03-22T21:37:08.360985,2461.6279999999997,2461.6279999999997,0.0,-538.3720000000001,0
2026-03-22T21:37:09.383148,2461.6279999999997,2461.6279999999997,0.0,-538.3720000000001,0
2026-03-22T21:37:10.408896,2461.6279999999997,2461.6279999999997,0.0,-538.3720000000001,0
2026-03-22T21:37:11.429914,2461.6279999999997,2461.6279999999997,0.0,-538.3720000000001,0
2026-03-22T21:37:12.461811,2461.6279999999997,2461.6279999999997,0.0,-538.3720000000001,0
2026-03-22T21:37:13.493258,2461.6279999999997,2461.6279999999997,0.0,-538.3720000000001,0
2026-03-22T21:37:14.519801,2461.6279999999997,2461.6279999999997,0.0,-538.3720000000001,0
2026-03-22T21:37:15.595168,2461.6279999999997,2461.6279999999997,0.0,-538.3720000000001,0
2026-03-22T21:37:16.618760,2461.6279999999997,2461.6279999999997,0.0,-538.3720000000001,0
2026-03-22T21:37:17.640673,2461.6279999999997,2461.6279999999997,0.0,-538.3720000000001,0
2026-03-22T21:37:18.674217,2461.6279999999997,2461.6279999999997,0.0,-538.3720000000001,0
2026-03-22T21:37:19.698661,2461.6279999999997,2461.6279999999997,0.0,-538.3720000000001,0
2026-03-22T21:37:20.718912,2461.6279999999997,2461.6279999999997,0.0,-538.3720000000001,0
2026-03-22T21:37:21.744308,2461.6279999999997,2461.6279999999997,0.0,-538.3720000000001,0
2026-03-22T21:37:22.777684,2461.6279999999997,2461.6279999999997,0.0,-538.3720000000001,0
2026-03-22T21:37:23.795573,2461.6279999999997,2461.6279999999997,0.0,-538.3720000000001,0
2026-03-22T21:37:24.817072,2461.6279999999997,2461.6279999999997,0.0,-538.3720000000001,0
2026-03-22T21:37:25.844801,2461.6279999999997,2461.6279999999997,0.0,-538.3720000000001,0
2026-03-22T21:37:26.864019,2461.6279999999997,2461.6279999999997,0.0,-538.3720000000001,0
2026-03-22T21:37:27.880659,2461.6279999999997,2461.6279999999997,0.0,-538.3720000000001,0
2026-03-22T21:37:28.914195,2461.6279999999997,2461.6279999999997,0.0,-538.3720000000001,0
2026-03-22T21:37:29.939142,2461.6279999999997,2461.6279999999997,0.0,-538.3720000000001,0
2026-03-22T21:37:30.969619,2461.6279999999997,2461.6279999999997,0.0,-538.3720000000001,0
2026-03-22T21:37:32.000960,2461.6279999999997,2461.6279999999997,0.0,-538.3720000000001,0
2026-03-22T21:37:33.038866,2461.6279999999997,2461.6279999999997,0.0,-538.3720000000001,0
2026-03-22T21:37:34.070835,2461.6279999999997,2461.6279999999997,0.0,-538.3720000000001,0
2026-03-22T21:37:35.098468,2461.6279999999997,2461.6279999999997,0.0,-538.3720000000001,0
2026-03-22T21:37:36.124255,2461.6279999999997,2461.6279999999997,0.0,-538.3720000000001,0
2026-03-22T21:37:37.155829,2461.6279999999997,2461.6279999999997,0.0,-538.3720000000001,0
2026-03-22T21:37:38.192618,2461.6279999999997,2461.6279999999997,0.0,-538.3720000000001,0
2026-03-22T21:37:39.276470,2461.6279999999997,2461.6279999999997,0.0,-538.3720000000001,0
2026-03-22T21:37:40.304968,2461.6279999999997,2461.6279999999997,0.0,-538.3720000000001,0
2026-03-22T21:37:41.336176,2461.6279999999997,2461.6279999999997,0.0,-538.3720000000001,0
2026-03-22T21:37:42.360804,2461.6279999999997,2461.6279999999997,0.0,-538.3720000000001,0
2026-03-22T21:37:43.381122,2461.6279999999997,2461.6279999999997,0.0,-538.3720000000001,0
2026-03-22T21:37:44.402188,2461.6279999999997,2461.6279999999997,0.0,-538.3720000000001,0
2026-03-22T21:37:45.430488,2461.6279999999997,2461.6279999999997,0.0,-538.3720000000001,0
2026-03-22T21:37:46.463223,2461.6279999999997,2461.6279999999997,0.0,-538.3720000000001,0
2026-03-22T21:37:47.496438,2461.6279999999997,2461.6279999999997,0.0,-538.3720000000001,0
2026-03-22T21:37:48.537461,2461.6279999999997,2461.6279999999997,0.0,-538.3720000000001,0
2026-03-22T21:37:49.557798,2461.6279999999997,2461.6279999999997,0.0,-538.3720000000001,0
2026-03-22T21:37:50.575412,2461.6279999999997,2461.6279999999997,0.0,-538.3720000000001,0
2026-03-22T21:37:51.607765,2461.6279999999997,2461.6279999999997,0.0,-538.3720000000001,0
2026-03-22T21:37:52.644551,2461.6279999999997,2461.6279999999997,0.0,-538.3720000000001,0
2026-03-22T21:37:53.670977,2461.6279999999997,2461.6279999999997,0.0,-538.3720000000001,0
2026-03-22T21:37:54.722618,2461.6279999999997,2461.6279999999997,0.0,-538.3720000000001,0
2026-03-22T21:37:55.749560,2461.6279999999997,2461.6279999999997,0.0,-538.3720000000001,0
2026-03-22T21:37:56.782353,2461.6279999999997,2338.8679999999995,122.76,-538.3720000000001,0
2026-03-22T21:37:57.808564,2461.6279999999997,2338.8679999999995,122.76,-538.3720000000001,0
2026-03-22T21:37:58.833211,2460.808,2338.048,122.76,-539.1920000000001,0.0
2026-03-22T21:37:59.863969,2460.808,2338.048,122.76,-539.1920000000001,0.0
2026-03-22T21:38:00.907209,2460.808,2338.048,122.76,-539.1920000000001,0.0
2026-03-22T21:38:01.982196,2460.808,2338.048,122.76,-539.1920000000001,0.0
2026-03-22T21:38:03.013038,2460.808,2338.048,122.76,-539.1920000000001,0.0
2026-03-22T21:38:04.053858,2460.808,2338.048,122.76,-539.1920000000001,0.0
2026-03-22T21:38:05.074382,2460.808,2338.048,122.76,-539.1920000000001,0.0
2026-03-22T21:38:06.107306,2460.808,2338.048,122.76,-539.1920000000001,0.0
2026-03-22T21:38:07.135489,2460.808,2338.048,122.76,-539.1920000000001,0.0
2026-03-22T21:38:08.169265,2460.808,2338.048,122.76,-539.1920000000001,0.0
2026-03-22T21:38:09.190447,2460.808,2338.048,122.76,-539.1920000000001,0.0
2026-03-22T21:38:10.209383,2460.808,2338.048,122.76,-539.1920000000001,0.0
2026-03-22T21:38:11.244677,2460.808,2338.048,122.76,-539.1920000000001,0.0
2026-03-22T21:38:12.279908,2460.808,2338.048,122.76,-539.1920000000001,0.0
2026-03-22T21:38:13.310790,2460.808,2338.048,122.76,-539.1920000000001,0.0
2026-03-22T21:38:14.351795,2458.828,2338.048,122.76,-539.1920000000001,-1.9800000000000018
2026-03-22T21:38:15.383976,2458.828,2338.048,122.76,-539.1920000000001,-1.9800000000000018
2026-03-22T21:38:16.415461,2458.828,2338.048,122.76,-539.1920000000001,-1.9800000000000018
2026-03-22T21:38:17.461806,2458.828,2338.048,122.76,-539.1920000000001,-1.9800000000000018
2026-03-22T21:38:18.486217,2458.828,2338.048,122.76,-539.1920000000001,-1.9800000000000018
2026-03-22T21:38:19.507834,2458.828,2338.048,122.76,-539.1920000000001,-1.9800000000000018
2026-03-22T21:38:20.538624,2458.828,2338.048,122.76,-539.1920000000001,-1.9800000000000018
2026-03-22T21:38:21.573816,2458.828,2338.048,122.76,-539.1920000000001,-1.9800000000000018
2026-03-22T21:38:22.607380,2458.828,2338.048,122.76,-539.1920000000001,-1.9800000000000018
2026-03-22T21:38:23.624667,2458.828,2338.048,122.76,-539.1920000000001,-1.9800000000000018
2026-03-22T21:38:24.659794,2458.828,2338.048,122.76,-539.1920000000001,-1.9800000000000018
2026-03-22T21:38:25.739998,2458.828,2338.048,122.76,-539.1920000000001,-1.9800000000000018
2026-03-22T21:38:26.762964,2458.828,2338.048,122.76,-539.1920000000001,-1.9800000000000018
2026-03-22T21:38:27.787280,2458.828,2338.048,122.76,-539.1920000000001,-1.9800000000000018
2026-03-22T21:38:28.839816,2458.828,2338.048,122.76,-539.1920000000001,-1.9800000000000018
2026-03-22T21:38:29.867644,2458.828,2338.048,122.76,-539.1920000000001,-1.9800000000000018
2026-03-22T21:38:30.884152,2458.828,2338.048,122.76,-539.1920000000001,-1.9800000000000018
2026-03-22T21:38:31.911935,2458.828,2338.048,122.76,-539.1920000000001,-1.9800000000000018
2026-03-22T21:38:32.945370,2458.828,2338.048,122.76,-539.1920000000001,-1.9800000000000018
2026-03-22T21:38:33.976940,2458.828,2338.048,122.76,-539.1920000000001,-1.9800000000000018
2026-03-22T21:38:35.008035,2458.828,2338.048,122.76,-539.1920000000001,-1.9800000000000018
2026-03-22T21:38:36.033043,2458.828,2338.048,122.76,-539.1920000000001,-1.9800000000000018
2026-03-22T21:38:37.064778,2458.828,2338.048,122.76,-539.1920000000001,-1.9800000000000018
2026-03-22T21:38:38.095680,2458.828,2338.048,122.76,-539.1920000000001,-1.9800000000000018
2026-03-22T21:38:39.121161,2458.828,2338.048,122.76,-539.1920000000001,-1.9800000000000018
2026-03-22T21:38:40.141178,2458.828,2338.048,122.76,-539.1920000000001,-1.9800000000000018
2026-03-22T21:38:41.179407,2458.828,2338.048,122.76,-539.1920000000001,-1.9800000000000018
2026-03-22T21:38:42.203073,2458.828,2338.048,122.76,-539.1920000000001,-1.9800000000000018
2026-03-22T21:38:43.219573,2458.828,2338.048,122.76,-539.1920000000001,-1.9800000000000018
2026-03-22T21:38:44.246357,2458.828,2338.048,122.76,-539.1920000000001,-1.9800000000000018
2026-03-22T21:38:45.265069,2458.828,2338.048,122.76,-539.1920000000001,-1.9800000000000018
2026-03-22T21:38:46.285108,2458.828,2338.048,122.76,-539.1920000000001,-1.9800000000000018
2026-03-22T21:38:47.324413,2458.828,2338.048,122.76,-539.1920000000001,-1.9800000000000018
2026-03-22T21:38:48.408519,2458.828,2338.048,122.76,-539.1920000000001,-1.9800000000000018
2026-03-22T21:38:49.434621,2458.828,2338.048,122.76,-539.1920000000001,-1.9800000000000018
2026-03-22T21:38:50.455356,2458.828,2338.048,122.76,-539.1920000000001,-1.9800000000000018
2026-03-22T21:38:51.484819,2458.828,2338.048,122.76,-539.1920000000001,-1.9800000000000018
2026-03-22T21:38:52.520843,2452.888,2338.048,122.76,-539.1920000000001,-7.920000000000007
2026-03-22T21:38:53.547512,2452.888,2338.048,122.76,-539.1920000000001,-7.920000000000007
2026-03-22T21:38:54.580316,2452.888,2338.048,122.76,-539.1920000000001,-7.920000000000007
2026-03-22T21:38:55.616178,2452.888,2338.048,122.76,-539.1920000000001,-7.920000000000007
2026-03-22T21:38:56.644038,2452.888,2338.048,122.76,-539.1920000000001,-7.920000000000007
2026-03-22T21:38:57.679735,2452.888,2338.048,122.76,-539.1920000000001,-7.920000000000007
2026-03-22T21:38:58.700706,2452.888,2338.048,122.76,-539.1920000000001,-7.920000000000007
2026-03-22T21:38:59.743925,2452.888,2338.048,122.76,-539.1920000000001,-7.920000000000007
2026-03-22T21:39:00.767151,2452.888,2338.048,122.76,-539.1920000000001,-7.920000000000007
2026-03-22T21:39:01.796746,2452.888,2338.048,122.76,-539.1920000000001,-7.920000000000007
2026-03-22T21:39:02.819105,2452.888,2338.048,122.76,-539.1920000000001,-7.920000000000007
2026-03-22T21:39:03.839405,2452.888,2338.048,122.76,-539.1920000000001,-7.920000000000007
2026-03-22T21:39:04.862935,2452.888,2338.048,122.76,-539.1920000000001,-7.920000000000007
2026-03-22T21:39:05.893386,2452.888,2338.048,122.76,-539.1920000000001,-7.920000000000007
2026-03-22T21:39:06.921492,2452.888,2338.048,122.76,-539.1920000000001,-7.920000000000007
2026-03-22T21:39:07.956142,2452.888,2338.048,122.76,-539.1920000000001,-7.920000000000007
2026-03-22T21:39:08.995770,2452.888,2338.048,122.76,-539.1920000000001,-7.920000000000007
2026-03-22T21:39:10.035295,2452.888,2338.048,122.76,-539.1920000000001,-7.920000000000007
2026-03-22T21:39:11.115899,2452.888,2338.048,122.76,-539.1920000000001,-7.920000000000007
2026-03-22T21:39:12.183061,2452.888,2338.048,122.76,-539.1920000000001,-7.920000000000007
2026-03-22T21:39:13.205448,2452.888,2338.048,122.76,-539.1920000000001,-7.920000000000007
2026-03-22T21:39:14.234270,2452.888,2338.048,122.76,-539.1920000000001,-7.920000000000007
2026-03-22T21:39:15.257688,2452.888,2338.048,122.76,-539.1920000000001,-7.920000000000007
2026-03-22T21:39:16.284873,2452.888,2338.048,122.76,-539.1920000000001,-7.920000000000007
2026-03-22T21:39:17.324425,2452.888,2338.048,122.76,-539.1920000000001,-7.920000000000007
2026-03-22T21:39:18.345305,2452.888,2338.048,122.76,-539.1920000000001,-7.920000000000007
2026-03-22T21:39:19.367889,2452.888,2338.048,122.76,-539.1920000000001,-7.920000000000007
2026-03-22T21:39:20.401098,2452.888,2338.048,122.76,-539.1920000000001,-7.920000000000007
2026-03-22T21:39:21.432548,2452.888,2338.048,122.76,-539.1920000000001,-7.920000000000007
2026-03-22T21:39:22.458411,2452.888,2338.048,122.76,-539.1920000000001,-7.920000000000007
2026-03-22T21:39:23.487386,2452.888,2338.048,122.76,-539.1920000000001,-7.920000000000007
2026-03-22T21:39:24.519084,2452.888,2338.048,122.76,-539.1920000000001,-7.920000000000007
2026-03-22T21:39:25.544129,2452.888,2338.048,122.76,-539.1920000000001,-7.920000000000007
2026-03-22T21:39:26.568815,2452.888,2338.048,122.76,-539.1920000000001,-7.920000000000007
2026-03-22T21:39:27.593946,2452.888,2338.048,122.76,-539.1920000000001,-7.920000000000007
2026-03-22T21:39:28.624815,2452.888,2338.048,122.76,-539.1920000000001,-7.920000000000007
2026-03-22T21:39:29.669680,2452.888,2338.048,122.76,-539.1920000000001,-7.920000000000007
2026-03-22T21:39:30.708671,2452.888,2338.048,122.76,-539.1920000000001,-7.920000000000007
2026-03-22T21:39:31.754779,2452.888,2338.048,122.76,-539.1920000000001,-7.920000000000007
2026-03-22T21:39:32.793615,2454.868,2338.048,122.76,-539.1920000000001,-5.940000000000005
2026-03-22T21:39:33.826686,2454.868,2338.048,122.76,-539.1920000000001,-5.940000000000005
2026-03-22T21:39:34.854124,2454.868,2338.048,122.76,-539.1920000000001,-5.940000000000005
2026-03-22T21:39:35.939039,2454.868,2338.048,122.76,-539.1920000000001,-5.940000000000005
2026-03-22T21:39:36.985994,2454.868,2338.048,122.76,-539.1920000000001,-5.940000000000005
2026-03-22T21:39:38.021169,2454.868,2338.048,122.76,-539.1920000000001,-5.940000000000005
2026-03-22T21:39:39.040537,2454.868,2338.048,122.76,-539.1920000000001,-5.940000000000005
2026-03-22T21:39:40.068342,2454.868,2338.048,122.76,-539.1920000000001,-5.940000000000005
2026-03-22T21:39:41.105652,2454.868,2338.048,122.76,-539.1920000000001,-5.940000000000005
2026-03-22T21:39:42.133394,2454.868,2338.048,122.76,-539.1920000000001,-5.940000000000005
2026-03-22T21:39:43.159238,2454.868,2338.048,122.76,-539.1920000000001,-5.940000000000005
2026-03-22T21:39:44.187085,2454.868,2338.048,122.76,-539.1920000000001,-5.940000000000005
2026-03-22T21:39:45.203673,2454.868,2338.048,122.76,-539.1920000000001,-5.940000000000005
2026-03-22T21:39:46.222112,2454.868,2338.048,122.76,-539.1920000000001,-5.940000000000005
2026-03-22T21:39:47.254372,2454.868,2338.048,122.76,-539.1920000000001,-5.940000000000005
2026-03-22T21:39:48.274675,2454.868,2338.048,122.76,-539.1920000000001,-5.940000000000005
2026-03-22T21:39:49.306354,2454.868,2338.048,122.76,-539.1920000000001,-5.940000000000005
2026-03-22T21:39:50.332542,2454.868,2338.048,122.76,-539.1920000000001,-5.940000000000005
2026-03-22T21:39:51.370284,2454.868,2338.048,122.76,-539.1920000000001,-5.940000000000005
2026-03-22T21:39:52.409851,2439.028,2338.048,122.76,-539.1920000000001,-21.779999999999998
2026-03-22T21:39:53.445832,2439.028,2338.048,122.76,-539.1920000000001,-21.779999999999998
2026-03-22T21:39:54.465919,2439.028,2338.048,122.76,-539.1920000000001,-21.779999999999998
2026-03-22T21:39:55.495907,2439.028,2338.048,122.76,-539.1920000000001,-21.779999999999998
2026-03-22T21:39:56.524749,2439.028,2338.048,122.76,-539.1920000000001,-21.779999999999998
2026-03-22T21:39:57.543560,2439.028,2338.048,122.76,-539.1920000000001,-21.779999999999998
2026-03-22T21:39:58.582921,2439.028,2338.048,122.76,-539.1920000000001,-21.779999999999998
2026-03-22T21:39:59.666851,2439.028,2338.048,122.76,-539.1920000000001,-21.779999999999998
2026-03-22T21:40:00.685262,2439.028,2338.048,122.76,-539.1920000000001,-21.779999999999998
2026-03-22T21:40:01.710502,2439.028,2338.048,122.76,-539.1920000000001,-21.779999999999998
2026-03-22T21:40:02.745522,2439.028,2338.048,122.76,-539.1920000000001,-21.779999999999998
2026-03-22T21:40:03.772092,2439.028,2338.048,122.76,-539.1920000000001,-21.779999999999998
2026-03-22T21:40:04.800778,2439.028,2338.048,122.76,-539.1920000000001,-21.779999999999998
2026-03-22T21:40:05.838222,2439.028,2338.048,122.76,-539.1920000000001,-21.779999999999998
2026-03-22T21:40:06.866586,2439.028,2338.048,122.76,-539.1920000000001,-21.779999999999998
2026-03-22T21:40:07.886567,2439.028,2338.048,122.76,-539.1920000000001,-21.779999999999998
2026-03-22T21:40:08.913365,2439.028,2338.048,122.76,-539.1920000000001,-21.779999999999998
2026-03-22T21:40:09.952487,2439.028,2338.048,122.76,-539.1920000000001,-21.779999999999998
2026-03-22T21:40:10.992559,2439.028,2338.048,122.76,-539.1920000000001,-21.779999999999998
2026-03-22T21:40:12.028849,2435.0679999999998,2435.0679999999998,0.0,-564.9320000000001,0
2026-03-22T21:40:13.062752,2435.0679999999998,2435.0679999999998,0.0,-564.9320000000001,0
2026-03-22T21:40:14.104703,2435.0679999999998,2435.0679999999998,0.0,-564.9320000000001,0
2026-03-22T21:40:15.134921,2435.0679999999998,2435.0679999999998,0.0,-564.9320000000001,0
2026-03-22T21:40:16.168216,2435.0679999999998,2435.0679999999998,0.0,-564.9320000000001,0
2026-03-22T21:40:17.187522,2435.0679999999998,2435.0679999999998,0.0,-564.9320000000001,0
2026-03-22T21:40:18.207036,2435.0679999999998,2435.0679999999998,0.0,-564.9320000000001,0
2026-03-22T21:40:19.260308,2435.0679999999998,2435.0679999999998,0.0,-564.9320000000001,0
2026-03-22T21:40:20.293211,2435.0679999999998,2435.0679999999998,0.0,-564.9320000000001,0
2026-03-22T21:40:21.314630,2435.0679999999998,2435.0679999999998,0.0,-564.9320000000001,0
2026-03-22T21:40:22.348961,2435.0679999999998,2435.0679999999998,0.0,-564.9320000000001,0
2026-03-22T21:40:23.417144,2435.0679999999998,2435.0679999999998,0.0,-564.9320000000001,0
2026-03-22T21:40:24.437366,2435.0679999999998,2435.0679999999998,0.0,-564.9320000000001,0
2026-03-22T21:40:25.459268,2435.0679999999998,2435.0679999999998,0.0,-564.9320000000001,0
2026-03-22T21:40:26.496368,2435.0679999999998,2435.0679999999998,0.0,-564.9320000000001,0
2026-03-22T21:40:27.529529,2435.0679999999998,2435.0679999999998,0.0,-564.9320000000001,0
2026-03-22T21:40:28.561132,2435.0679999999998,2435.0679999999998,0.0,-564.9320000000001,0
2026-03-22T21:40:29.588906,2435.0679999999998,2435.0679999999998,0.0,-564.9320000000001,0
2026-03-22T21:40:30.607647,2435.0679999999998,2435.0679999999998,0.0,-564.9320000000001,0
2026-03-22T21:40:31.649270,2435.0679999999998,2435.0679999999998,0.0,-564.9320000000001,0
2026-03-22T21:40:32.685755,2435.0679999999998,2435.0679999999998,0.0,-564.9320000000001,0
2026-03-22T21:40:33.725211,2435.0679999999998,2435.0679999999998,0.0,-564.9320000000001,0
2026-03-22T21:40:34.760230,2435.0679999999998,2435.0679999999998,0.0,-564.9320000000001,0
2026-03-22T21:40:35.785516,2435.0679999999998,2435.0679999999998,0.0,-564.9320000000001,0
2026-03-22T21:40:36.813832,2435.0679999999998,2435.0679999999998,0.0,-564.9320000000001,0
2026-03-22T21:40:37.846881,2435.0679999999998,2435.0679999999998,0.0,-564.9320000000001,0
2026-03-22T21:40:38.867398,2435.0679999999998,2435.0679999999998,0.0,-564.9320000000001,0
2026-03-22T21:40:39.893957,2435.0679999999998,2435.0679999999998,0.0,-564.9320000000001,0
2026-03-22T21:40:40.915160,2435.0679999999998,2435.0679999999998,0.0,-564.9320000000001,0
2026-03-22T21:40:41.937257,2435.0679999999998,2435.0679999999998,0.0,-564.9320000000001,0
2026-03-22T21:40:42.960202,2435.0679999999998,2435.0679999999998,0.0,-564.9320000000001,0
2026-03-22T21:40:43.980986,2435.0679999999998,2435.0679999999998,0.0,-564.9320000000001,0
2026-03-22T21:40:45.003392,2435.0679999999998,2435.0679999999998,0.0,-564.9320000000001,0
2026-03-22T21:40:46.039831,2435.0679999999998,2435.0679999999998,0.0,-564.9320000000001,0
2026-03-22T21:40:47.105614,2435.0679999999998,2435.0679999999998,0.0,-564.9320000000001,0
2026-03-22T21:40:48.127690,2435.0679999999998,2435.0679999999998,0.0,-564.9320000000001,0
2026-03-22T21:40:49.159640,2435.0679999999998,2435.0679999999998,0.0,-564.9320000000001,0
2026-03-22T21:40:50.178496,2435.0679999999998,2435.0679999999998,0.0,-564.9320000000001,0
2026-03-22T21:40:51.206688,2435.0679999999998,2435.0679999999998,0.0,-564.9320000000001,0
2026-03-22T21:40:52.236928,2435.0679999999998,2435.0679999999998,0.0,-564.9320000000001,0
2026-03-22T21:40:53.257336,2435.0679999999998,2435.0679999999998,0.0,-564.9320000000001,0
2026-03-22T21:40:54.303638,2435.0679999999998,2435.0679999999998,0.0,-564.9320000000001,0
2026-03-22T21:40:55.326715,2435.0679999999998,2435.0679999999998,0.0,-564.9320000000001,0
2026-03-22T21:40:56.362435,2435.0679999999998,2435.0679999999998,0.0,-564.9320000000001,0
2026-03-22T21:40:57.397947,2435.0679999999998,2435.0679999999998,0.0,-564.9320000000001,0
2026-03-22T21:40:58.428102,2435.0679999999998,2313.868,121.19999999999999,-564.9320000000001,0
2026-03-22T21:40:59.457506,2435.0679999999998,2313.868,121.19999999999999,-564.9320000000001,0
2026-03-22T21:41:00.475697,2434.218,2313.018,121.19999999999999,-565.7820000000002,0.0
2026-03-22T21:41:01.508753,2434.218,2313.018,121.19999999999999,-565.7820000000002,0.0
2026-03-22T21:41:02.535169,2434.218,2313.018,121.19999999999999,-565.7820000000002,0.0
2026-03-22T21:41:03.566456,2434.218,2313.018,121.19999999999999,-565.7820000000002,0.0
2026-03-22T21:41:04.599917,2434.218,2313.018,121.19999999999999,-565.7820000000002,0.0
2026-03-22T21:41:05.627251,2434.218,2313.018,121.19999999999999,-565.7820000000002,0.0
2026-03-22T21:41:06.658992,2434.218,2313.018,121.19999999999999,-565.7820000000002,0.0
2026-03-22T21:41:07.680432,2434.218,2313.018,121.19999999999999,-565.7820000000002,0.0
2026-03-22T21:41:08.710438,2434.218,2313.018,121.19999999999999,-565.7820000000002,0.0
2026-03-22T21:41:09.745516,2434.218,2313.018,121.19999999999999,-565.7820000000002,0.0
2026-03-22T21:41:10.778488,2434.218,2313.018,121.19999999999999,-565.7820000000002,0.0
2026-03-22T21:41:11.809108,2434.218,2313.018,121.19999999999999,-565.7820000000002,0.0
2026-03-22T21:41:12.839917,2432.198,2313.018,121.19999999999999,-565.7820000000002,-2.020000000000002
2026-03-22T21:41:13.871484,2432.198,2313.018,121.19999999999999,-565.7820000000002,-2.020000000000002
2026-03-22T21:41:14.890160,2432.198,2313.018,121.19999999999999,-565.7820000000002,-2.020000000000002
2026-03-22T21:41:15.917464,2432.198,2313.018,121.19999999999999,-565.7820000000002,-2.020000000000002
2026-03-22T21:41:16.941661,2432.198,2313.018,121.19999999999999,-565.7820000000002,-2.020000000000002
2026-03-22T21:41:17.972206,2432.198,2313.018,121.19999999999999,-565.7820000000002,-2.020000000000002
2026-03-22T21:41:18.993477,2432.198,2313.018,121.19999999999999,-565.7820000000002,-2.020000000000002
2026-03-22T21:41:20.034949,2432.198,2313.018,121.19999999999999,-565.7820000000002,-2.020000000000002
2026-03-22T21:41:21.065131,2432.198,2313.018,121.19999999999999,-565.7820000000002,-2.020000000000002
2026-03-22T21:41:22.100339,2432.198,2313.018,121.19999999999999,-565.7820000000002,-2.020000000000002
2026-03-22T21:41:23.133037,2432.198,2313.018,121.19999999999999,-565.7820000000002,-2.020000000000002
2026-03-22T21:41:24.180422,2432.198,2313.018,121.19999999999999,-565.7820000000002,-2.020000000000002
2026-03-22T21:41:25.206882,2432.198,2313.018,121.19999999999999,-565.7820000000002,-2.020000000000002
2026-03-22T21:41:26.237436,2432.198,2313.018,121.19999999999999,-565.7820000000002,-2.020000000000002
2026-03-22T21:41:27.266934,2432.198,2313.018,121.19999999999999,-565.7820000000002,-2.020000000000002
2026-03-22T21:41:28.284577,2432.198,2313.018,121.19999999999999,-565.7820000000002,-2.020000000000002
2026-03-22T21:41:29.310378,2432.198,2313.018,121.19999999999999,-565.7820000000002,-2.020000000000002
2026-03-22T21:41:30.338471,2432.198,2313.018,121.19999999999999,-565.7820000000002,-2.020000000000002
2026-03-22T21:41:31.390275,2434.218,2313.018,121.19999999999999,-565.7820000000002,0.0
2026-03-22T21:41:32.420836,2434.218,2313.018,121.19999999999999,-565.7820000000002,0.0
2026-03-22T21:41:33.458567,2434.218,2313.018,121.19999999999999,-565.7820000000002,0.0
2026-03-22T21:41:34.514712,2434.218,2313.018,121.19999999999999,-565.7820000000002,0.0
2026-03-22T21:41:35.542651,2434.218,2313.018,121.19999999999999,-565.7820000000002,0.0
2026-03-22T21:41:36.559670,2434.218,2313.018,121.19999999999999,-565.7820000000002,0.0
2026-03-22T21:41:37.587790,2434.218,2313.018,121.19999999999999,-565.7820000000002,0.0
2026-03-22T21:41:38.618898,2434.218,2313.018,121.19999999999999,-565.7820000000002,0.0
2026-03-22T21:41:39.642710,2434.218,2313.018,121.19999999999999,-565.7820000000002,0.0
2026-03-22T21:41:40.662843,2434.218,2313.018,121.19999999999999,-565.7820000000002,0.0
2026-03-22T21:41:41.702039,2434.218,2313.018,121.19999999999999,-565.7820000000002,0.0
2026-03-22T21:41:42.738738,2434.218,2313.018,121.19999999999999,-565.7820000000002,0.0
2026-03-22T21:41:43.779304,2434.218,2313.018,121.19999999999999,-565.7820000000002,0.0
2026-03-22T21:41:44.803116,2434.218,2313.018,121.19999999999999,-565.7820000000002,0.0
2026-03-22T21:41:45.841656,2434.218,2313.018,121.19999999999999,-565.7820000000002,0.0
2026-03-22T21:41:46.870434,2434.218,2313.018,121.19999999999999,-565.7820000000002,0.0
2026-03-22T21:41:47.886478,2434.218,2313.018,121.19999999999999,-565.7820000000002,0.0
2026-03-22T21:41:48.910286,2434.218,2313.018,121.19999999999999,-565.7820000000002,0.0
2026-03-22T21:41:49.942121,2434.218,2313.018,121.19999999999999,-565.7820000000002,0.0
2026-03-22T21:41:50.969813,2434.218,2313.018,121.19999999999999,-565.7820000000002,0.0
2026-03-22T21:41:52.001992,2434.218,2313.018,121.19999999999999,-565.7820000000002,0.0
2026-03-22T21:41:53.031369,2447.618,2355.918,81.6,-562.4820000000002,10.100000000000009
2026-03-22T21:41:54.055859,2447.618,2238.888,198.63,-562.4820000000002,10.100000000000009
2026-03-22T21:41:55.085629,2447.618,2238.888,198.63,-562.4820000000002,10.100000000000009
2026-03-22T21:41:56.120857,2447.618,2238.888,198.63,-562.4820000000002,10.100000000000009
2026-03-22T21:41:57.156767,2447.618,2238.888,198.63,-562.4820000000002,10.100000000000009
2026-03-22T21:41:58.240932,2447.618,2238.888,198.63,-562.4820000000002,10.100000000000009
2026-03-22T21:41:59.275464,2447.618,2238.888,198.63,-562.4820000000002,10.100000000000009
2026-03-22T21:42:00.308844,2447.618,2238.888,198.63,-562.4820000000002,10.100000000000009
2026-03-22T21:42:01.341067,2447.2679999999996,2238.5379999999996,198.63,-562.8320000000002,10.100000000000009
2026-03-22T21:42:02.365519,2447.2679999999996,2238.5379999999996,198.63,-562.8320000000002,10.100000000000009
2026-03-22T21:42:03.391124,2447.2679999999996,2238.5379999999996,198.63,-562.8320000000002,10.100000000000009
2026-03-22T21:42:04.416505,2447.2679999999996,2238.5379999999996,198.63,-562.8320000000002,10.100000000000009
2026-03-22T21:42:05.455890,2447.2679999999996,2238.5379999999996,198.63,-562.8320000000002,10.100000000000009
2026-03-22T21:42:06.481854,2447.2679999999996,2238.5379999999996,198.63,-562.8320000000002,10.100000000000009
2026-03-22T21:42:07.507299,2447.2679999999996,2238.5379999999996,198.63,-562.8320000000002,10.100000000000009
2026-03-22T21:42:08.531797,2447.2679999999996,2238.5379999999996,198.63,-562.8320000000002,10.100000000000009
2026-03-22T21:42:09.558705,2447.2679999999996,2238.5379999999996,198.63,-562.8320000000002,10.100000000000009
2026-03-22T21:42:10.588283,2447.2679999999996,2238.5379999999996,198.63,-562.8320000000002,10.100000000000009
2026-03-22T21:42:11.626703,2447.2679999999996,2238.5379999999996,198.63,-562.8320000000002,10.100000000000009
2026-03-22T21:42:12.656962,2447.2679999999996,2238.5379999999996,198.63,-562.8320000000002,10.100000000000009
2026-03-22T21:42:13.716514,2461.5339999999997,2238.5379999999996,198.63,-562.8320000000002,24.366000000000007
2026-03-22T21:42:14.743053,2461.5339999999997,2238.5379999999996,198.63,-562.8320000000002,24.366000000000007
2026-03-22T21:42:15.775369,2461.5339999999997,2238.5379999999996,198.63,-562.8320000000002,24.366000000000007
2026-03-22T21:42:16.801821,2461.5339999999997,2238.5379999999996,198.63,-562.8320000000002,24.366000000000007
2026-03-22T21:42:17.841324,2461.5339999999997,2238.5379999999996,198.63,-562.8320000000002,24.366000000000007
2026-03-22T21:42:18.858801,2461.5339999999997,2238.5379999999996,198.63,-562.8320000000002,24.366000000000007
2026-03-22T21:42:19.894554,2461.5339999999997,2238.5379999999996,198.63,-562.8320000000002,24.366000000000007
2026-03-22T21:42:20.929629,2461.5339999999997,2238.5379999999996,198.63,-562.8320000000002,24.366000000000007
2026-03-22T21:42:21.985730,2461.5339999999997,2238.5379999999996,198.63,-562.8320000000002,24.366000000000007
2026-03-22T21:42:23.022187,2461.5339999999997,2238.5379999999996,198.63,-562.8320000000002,24.366000000000007
2026-03-22T21:42:24.043345,2461.5339999999997,2238.5379999999996,198.63,-562.8320000000002,24.366000000000007
2026-03-22T21:42:25.073290,2461.5339999999997,2238.5379999999996,198.63,-562.8320000000002,24.366000000000007
2026-03-22T21:42:26.107172,2461.5339999999997,2238.5379999999996,198.63,-562.8320000000002,24.366000000000007
2026-03-22T21:42:27.145383,2461.5339999999997,2238.5379999999996,198.63,-562.8320000000002,24.366000000000007
2026-03-22T21:42:28.173134,2461.5339999999997,2238.5379999999996,198.63,-562.8320000000002,24.366000000000007
2026-03-22T21:42:29.205348,2461.5339999999997,2238.5379999999996,198.63,-562.8320000000002,24.366000000000007
2026-03-22T21:42:30.241000,2461.5339999999997,2238.5379999999996,198.63,-562.8320000000002,24.366000000000007
2026-03-22T21:42:31.281974,2464.254,2335.0979999999995,117.03,-547.8720000000002,12.12600000000001
2026-03-22T21:42:32.310170,2465.6639999999998,2335.0979999999995,117.03,-547.8720000000002,13.536000000000012
2026-03-22T21:42:33.333318,2465.6639999999998,2335.0979999999995,117.03,-547.8720000000002,13.536000000000012
2026-03-22T21:42:34.374352,2465.6639999999998,2335.0979999999995,117.03,-547.8720000000002,13.536000000000012
2026-03-22T21:42:35.391963,2465.6639999999998,2335.0979999999995,117.03,-547.8720000000002,13.536000000000012
2026-03-22T21:42:36.422112,2465.6639999999998,2335.0979999999995,117.03,-547.8720000000002,13.536000000000012
2026-03-22T21:42:37.449970,2465.6639999999998,2335.0979999999995,117.03,-547.8720000000002,13.536000000000012
2026-03-22T21:42:38.485288,2465.6639999999998,2335.0979999999995,117.03,-547.8720000000002,13.536000000000012
2026-03-22T21:42:39.501845,2465.6639999999998,2335.0979999999995,117.03,-547.8720000000002,13.536000000000012
2026-03-22T21:42:40.531505,2465.6639999999998,2335.0979999999995,117.03,-547.8720000000002,13.536000000000012
2026-03-22T21:42:41.549571,2465.6639999999998,2335.0979999999995,117.03,-547.8720000000002,13.536000000000012
2026-03-22T21:42:42.570877,2465.6639999999998,2335.0979999999995,117.03,-547.8720000000002,13.536000000000012
2026-03-22T21:42:43.607701,2465.6639999999998,2335.0979999999995,117.03,-547.8720000000002,13.536000000000012
2026-03-22T21:42:44.692183,2465.6639999999998,2335.0979999999995,117.03,-547.8720000000002,13.536000000000012
2026-03-22T21:42:45.714622,2465.6639999999998,2335.0979999999995,117.03,-547.8720000000002,13.536000000000012
2026-03-22T21:42:46.738489,2465.6639999999998,2335.0979999999995,117.03,-547.8720000000002,13.536000000000012
2026-03-22T21:42:47.769400,2465.6639999999998,2335.0979999999995,117.03,-547.8720000000002,13.536000000000012
2026-03-22T21:42:48.802003,2465.6639999999998,2335.0979999999995,117.03,-547.8720000000002,13.536000000000012
2026-03-22T21:42:49.842885,2471.868,2471.868,0.0,-528.1320000000002,0
2026-03-22T21:42:50.865713,2471.868,2471.868,0.0,-528.1320000000002,0
2026-03-22T21:42:51.891598,2471.868,2471.868,0.0,-528.1320000000002,0
2026-03-22T21:42:52.977527,2471.868,2471.868,0.0,-528.1320000000002,0
2026-03-22T21:42:54.006616,2471.868,2471.868,0.0,-528.1320000000002,0
2026-03-22T21:42:55.033030,2471.868,2471.868,0.0,-528.1320000000002,0
2026-03-22T21:42:56.076919,2471.868,2471.868,0.0,-528.1320000000002,0
2026-03-22T21:42:57.116397,2471.868,2471.868,0.0,-528.1320000000002,0
2026-03-22T21:42:58.137135,2471.868,2471.868,0.0,-528.1320000000002,0
2026-03-22T21:42:59.153898,2471.868,2471.868,0.0,-528.1320000000002,0
2026-03-22T21:43:00.182639,2471.868,2471.868,0.0,-528.1320000000002,0
2026-03-22T21:43:01.226551,2471.868,2471.868,0.0,-528.1320000000002,0
2026-03-22T21:43:02.248327,2471.868,2471.868,0.0,-528.1320000000002,0
2026-03-22T21:43:03.269604,2471.868,2471.868,0.0,-528.1320000000002,0
2026-03-22T21:43:04.303836,2471.868,2471.868,0.0,-528.1320000000002,0
2026-03-22T21:43:05.326059,2471.868,2471.868,0.0,-528.1320000000002,0
2026-03-22T21:43:06.365087,2471.868,2471.868,0.0,-528.1320000000002,0
2026-03-22T21:43:07.401721,2471.868,2471.868,0.0,-528.1320000000002,0
2026-03-22T21:43:08.469159,2471.868,2471.868,0.0,-528.1320000000002,0
2026-03-22T21:43:09.509401,2471.868,2471.868,0.0,-528.1320000000002,0
2026-03-22T21:43:10.546420,2471.868,2471.868,0.0,-528.1320000000002,0
2026-03-22T21:43:11.585957,2471.868,2471.868,0.0,-528.1320000000002,0
2026-03-22T21:43:12.612163,2471.868,2471.868,0.0,-528.1320000000002,0
2026-03-22T21:43:13.642903,2471.868,2471.868,0.0,-528.1320000000002,0
2026-03-22T21:43:14.665275,2471.868,2471.868,0.0,-528.1320000000002,0
2026-03-22T21:43:15.705641,2471.868,2471.868,0.0,-528.1320000000002,0
2026-03-22T21:43:16.737476,2471.868,2471.868,0.0,-528.1320000000002,0
2026-03-22T21:43:17.758660,2471.868,2471.868,0.0,-528.1320000000002,0
2026-03-22T21:43:18.787119,2471.868,2471.868,0.0,-528.1320000000002,0
2026-03-22T21:43:19.835577,2471.868,2471.868,0.0,-528.1320000000002,0
2026-03-22T21:43:20.874739,2471.868,2471.868,0.0,-528.1320000000002,0
2026-03-22T21:43:21.896391,2471.868,2471.868,0.0,-528.1320000000002,0
2026-03-22T21:43:22.923883,2471.868,2471.868,0.0,-528.1320000000002,0
2026-03-22T21:43:23.951720,2471.868,2471.868,0.0,-528.1320000000002,0
2026-03-22T21:43:24.979799,2471.868,2471.868,0.0,-528.1320000000002,0
2026-03-22T21:43:26.006475,2471.868,2471.868,0.0,-528.1320000000002,0
2026-03-22T21:43:27.032382,2471.868,2471.868,0.0,-528.1320000000002,0
2026-03-22T21:43:28.065782,2471.868,2471.868,0.0,-528.1320000000002,0
2026-03-22T21:43:29.102202,2471.868,2471.868,0.0,-528.1320000000002,0
2026-03-22T21:43:30.180534,2471.868,2471.868,0.0,-528.1320000000002,0
2026-03-22T21:43:31.201799,2471.868,2471.868,0.0,-528.1320000000002,0
2026-03-22T21:43:32.305571,2471.868,2471.868,0.0,-528.1320000000002,0
2026-03-22T21:43:33.334453,2471.868,2471.868,0.0,-528.1320000000002,0
2026-03-22T21:43:34.357275,2471.868,2471.868,0.0,-528.1320000000002,0
2026-03-22T21:43:35.388999,2471.868,2471.868,0.0,-528.1320000000002,0
2026-03-22T21:43:36.409000,2471.868,2471.868,0.0,-528.1320000000002,0
2026-03-22T21:43:37.440864,2471.868,2471.868,0.0,-528.1320000000002,0
2026-03-22T21:43:38.466824,2471.868,2471.868,0.0,-528.1320000000002,0
2026-03-22T21:43:39.495452,2471.868,2471.868,0.0,-528.1320000000002,0
2026-03-22T21:43:40.514375,2471.868,2471.868,0.0,-528.1320000000002,0
2026-03-22T21:43:41.537305,2471.868,2471.868,0.0,-528.1320000000002,0
2026-03-22T21:43:42.595108,2471.868,2471.868,0.0,-528.1320000000002,0
2026-03-22T21:43:43.608689,2471.868,2471.868,0.0,-528.1320000000002,0
2026-03-22T21:43:44.640360,2471.868,2471.868,0.0,-528.1320000000002,0
2026-03-22T21:43:45.675902,2471.868,2471.868,0.0,-528.1320000000002,0
2026-03-22T21:43:46.698997,2471.868,2471.868,0.0,-528.1320000000002,0
2026-03-22T21:43:47.738933,2471.868,2471.868,0.0,-528.1320000000002,0
2026-03-22T21:43:48.762466,2471.868,2471.868,0.0,-528.1320000000002,0
2026-03-22T21:43:49.793958,2471.868,2471.868,0.0,-528.1320000000002,0
2026-03-22T21:43:50.819062,2471.868,2471.868,0.0,-528.1320000000002,0
2026-03-22T21:43:51.845944,2471.868,2471.868,0.0,-528.1320000000002,0
2026-03-22T21:43:52.884243,2471.868,2471.868,0.0,-528.1320000000002,0
2026-03-22T21:43:53.921001,2471.868,2471.868,0.0,-528.1320000000002,0
2026-03-22T21:43:54.954973,2471.868,2471.868,0.0,-528.1320000000002,0
2026-03-22T21:43:56.036033,2471.868,2471.868,0.0,-528.1320000000002,0
2026-03-22T21:43:57.077516,2471.868,2471.868,0.0,-528.1320000000002,0
2026-03-22T21:43:58.106512,2471.868,2471.868,0.0,-528.1320000000002,0
2026-03-22T21:43:59.131544,2471.868,2471.868,0.0,-528.1320000000002,0
2026-03-22T21:44:00.168635,2471.868,2471.868,0.0,-528.1320000000002,0
2026-03-22T21:44:01.188661,2471.868,2471.868,0.0,-528.1320000000002,0
2026-03-22T21:44:02.213077,2471.868,2471.868,0.0,-528.1320000000002,0
2026-03-22T21:44:03.241302,2471.868,2471.868,0.0,-528.1320000000002,0
2026-03-22T21:44:04.277881,2471.868,2471.868,0.0,-528.1320000000002,0
2026-03-22T21:44:05.304067,2471.868,2471.868,0.0,-528.1320000000002,0
2026-03-22T21:44:06.332508,2471.868,2471.868,0.0,-528.1320000000002,0
2026-03-22T21:44:07.365898,2471.868,2471.868,0.0,-528.1320000000002,0
2026-03-22T21:44:08.398334,2471.868,2471.868,0.0,-528.1320000000002,0
2026-03-22T21:44:09.419769,2471.868,2471.868,0.0,-528.1320000000002,0
2026-03-22T21:44:10.453374,2471.868,2471.868,0.0,-528.1320000000002,0
2026-03-22T21:44:11.484682,2471.868,2471.868,0.0,-528.1320000000002,0
2026-03-22T21:44:12.514006,2471.868,2471.868,0.0,-528.1320000000002,0
2026-03-22T21:44:13.534419,2471.868,2471.868,0.0,-528.1320000000002,0
2026-03-22T21:44:14.574479,2471.868,2471.868,0.0,-528.1320000000002,0
2026-03-22T21:44:15.604203,2471.868,2471.868,0.0,-528.1320000000002,0
2026-03-22T21:44:16.635923,2471.868,2471.868,0.0,-528.1320000000002,0
2026-03-22T21:44:17.669609,2471.868,2471.868,0.0,-528.1320000000002,0
2026-03-22T21:44:18.757231,2471.868,2471.868,0.0,-528.1320000000002,0
2026-03-22T21:44:19.803660,2471.868,2471.868,0.0,-528.1320000000002,0
2026-03-22T21:44:20.831992,2471.868,2471.868,0.0,-528.1320000000002,0
2026-03-22T21:44:21.854375,2471.868,2471.868,0.0,-528.1320000000002,0
2026-03-22T21:44:22.885489,2471.868,2471.868,0.0,-528.1320000000002,0
2026-03-22T21:44:23.918357,2471.868,2471.868,0.0,-528.1320000000002,0
2026-03-22T21:44:24.953180,2471.868,2471.868,0.0,-528.1320000000002,0
2026-03-22T21:44:25.975182,2471.868,2471.868,0.0,-528.1320000000002,0
2026-03-22T21:44:27.013296,2471.868,2471.868,0.0,-528.1320000000002,0
2026-03-22T21:44:28.057656,2471.868,2471.868,0.0,-528.1320000000002,0
2026-03-22T21:44:29.100612,2471.868,2471.868,0.0,-528.1320000000002,0
2026-03-22T21:44:30.150539,2471.868,2471.868,0.0,-528.1320000000002,0
2026-03-22T21:44:31.194210,2471.868,2471.868,0.0,-528.1320000000002,0
2026-03-22T21:44:32.226990,2471.868,2471.868,0.0,-528.1320000000002,0
2026-03-22T21:44:33.257204,2471.868,2471.868,0.0,-528.1320000000002,0
2026-03-22T21:44:34.288248,2471.868,2471.868,0.0,-528.1320000000002,0
2026-03-22T21:44:35.317676,2471.868,2471.868,0.0,-528.1320000000002,0
2026-03-22T21:44:36.347019,2471.868,2471.868,0.0,-528.1320000000002,0
2026-03-22T21:44:37.377510,2471.868,2471.868,0.0,-528.1320000000002,0
2026-03-22T21:44:38.415197,2471.868,2471.868,0.0,-528.1320000000002,0
2026-03-22T21:44:39.447190,2471.868,2471.868,0.0,-528.1320000000002,0
2026-03-22T21:44:40.469157,2471.868,2471.868,0.0,-528.1320000000002,0
2026-03-22T21:44:41.505972,2471.868,2471.868,0.0,-528.1320000000002,0
2026-03-22T21:44:42.550201,2471.868,2471.868,0.0,-528.1320000000002,0
2026-03-22T21:44:43.613372,2471.868,2471.868,0.0,-528.1320000000002,0
2026-03-22T21:44:44.633871,2471.868,2471.868,0.0,-528.1320000000002,0
2026-03-22T21:44:45.674240,2471.868,2471.868,0.0,-528.1320000000002,0
2026-03-22T21:44:46.699049,2471.868,2471.868,0.0,-528.1320000000002,0
2026-03-22T21:44:47.733091,2471.868,2471.868,0.0,-528.1320000000002,0
2026-03-22T21:44:48.769818,2471.868,2471.868,0.0,-528.1320000000002,0
2026-03-22T21:44:49.809449,2471.868,2471.868,0.0,-528.1320000000002,0
2026-03-22T21:44:50.856416,2471.868,2471.868,0.0,-528.1320000000002,0
2026-03-22T21:44:51.877819,2471.868,2471.868,0.0,-528.1320000000002,0
2026-03-22T21:44:52.905174,2471.868,2471.868,0.0,-528.1320000000002,0
2026-03-22T21:44:53.932904,2471.868,2471.868,0.0,-528.1320000000002,0
2026-03-22T21:44:54.953159,2471.868,2471.868,0.0,-528.1320000000002,0
2026-03-22T21:44:55.971861,2471.868,2471.868,0.0,-528.1320000000002,0
2026-03-22T21:44:57.004761,2471.868,2471.868,0.0,-528.1320000000002,0
2026-03-22T21:44:58.026017,2471.868,2471.868,0.0,-528.1320000000002,0
2026-03-22T21:44:59.058761,2471.868,2471.868,0.0,-528.1320000000002,0
2026-03-22T21:45:00.086779,2471.868,2471.868,0.0,-528.1320000000002,0
2026-03-22T21:45:01.118939,2471.868,2471.868,0.0,-528.1320000000002,0
2026-03-22T21:45:02.139838,2471.868,2471.868,0.0,-528.1320000000002,0
2026-03-22T21:45:03.170346,2471.868,2471.868,0.0,-528.1320000000002,0
2026-03-22T21:45:04.185569,2471.868,2471.868,0.0,-528.1320000000002,0
2026-03-22T21:45:05.232269,2471.868,2471.868,0.0,-528.1320000000002,0
2026-03-22T21:45:06.302503,2471.868,2471.868,0.0,-528.1320000000002,0
2026-03-22T21:45:07.396035,2471.868,2471.868,0.0,-528.1320000000002,0
2026-03-22T21:45:08.459149,2471.868,2471.868,0.0,-528.1320000000002,0
2026-03-22T21:45:09.482048,2471.868,2471.868,0.0,-528.1320000000002,0
2026-03-22T21:45:10.510684,2471.868,2471.868,0.0,-528.1320000000002,0
2026-03-22T21:45:11.550387,2471.868,2471.868,0.0,-528.1320000000002,0
2026-03-22T21:45:12.576725,2471.868,2348.868,123.0,-528.1320000000002,0
2026-03-22T21:45:13.608293,2471.868,2348.868,123.0,-528.1320000000002,0
2026-03-22T21:45:14.624969,2470.9979999999996,2347.9979999999996,123.0,-529.0020000000002,0.0
2026-03-22T21:45:15.656654,2470.9979999999996,2347.9979999999996,123.0,-529.0020000000002,0.0
2026-03-22T21:45:16.682214,2470.9979999999996,2347.9979999999996,123.0,-529.0020000000002,0.0
2026-03-22T21:45:17.698810,2470.9979999999996,2347.9979999999996,123.0,-529.0020000000002,0.0
2026-03-22T21:45:18.734935,2470.9979999999996,2347.9979999999996,123.0,-529.0020000000002,0.0
2026-03-22T21:45:19.769787,2470.9979999999996,2347.9979999999996,123.0,-529.0020000000002,0.0
2026-03-22T21:45:20.845318,2470.9979999999996,2347.9979999999996,123.0,-529.0020000000002,0.0
2026-03-22T21:45:21.934076,2470.9979999999996,2347.9979999999996,123.0,-529.0020000000002,0.0
2026-03-22T21:45:22.956175,2470.9979999999996,2347.9979999999996,123.0,-529.0020000000002,0.0
2026-03-22T21:45:23.981366,2470.9979999999996,2347.9979999999996,123.0,-529.0020000000002,0.0
2026-03-22T21:45:25.079445,2470.9979999999996,2347.9979999999996,123.0,-529.0020000000002,0.0
2026-03-22T21:45:26.097789,2470.9979999999996,2347.9979999999996,123.0,-529.0020000000002,0.0
2026-03-22T21:45:27.123941,2470.9979999999996,2347.9979999999996,123.0,-529.0020000000002,0.0
2026-03-22T21:45:28.151312,2456.6479999999997,2347.9979999999996,123.0,-529.0020000000002,-14.34999999999999
2026-03-22T21:45:29.166813,2456.6479999999997,2347.9979999999996,123.0,-529.0020000000002,-14.34999999999999
2026-03-22T21:45:30.263506,2456.6479999999997,2347.9979999999996,123.0,-529.0020000000002,-14.34999999999999
2026-03-22T21:45:31.289528,2456.6479999999997,2347.9979999999996,123.0,-529.0020000000002,-14.34999999999999
2026-03-22T21:45:32.334271,2456.6479999999997,2347.9979999999996,123.0,-529.0020000000002,-14.34999999999999
2026-03-22T21:45:33.346710,2456.6479999999997,2347.9979999999996,123.0,-529.0020000000002,-14.34999999999999
2026-03-22T21:45:34.364914,2456.6479999999997,2347.9979999999996,123.0,-529.0020000000002,-14.34999999999999
2026-03-22T21:45:35.398391,2456.6479999999997,2347.9979999999996,123.0,-529.0020000000002,-14.34999999999999
2026-03-22T21:45:36.419604,2456.6479999999997,2347.9979999999996,123.0,-529.0020000000002,-14.34999999999999
2026-03-22T21:45:37.438124,2456.6479999999997,2347.9979999999996,123.0,-529.0020000000002,-14.34999999999999
2026-03-22T21:45:38.473688,2456.6479999999997,2347.9979999999996,123.0,-529.0020000000002,-14.34999999999999
2026-03-22T21:45:39.515699,2456.6479999999997,2347.9979999999996,123.0,-529.0020000000002,-14.34999999999999
2026-03-22T21:45:40.547126,2456.6479999999997,2347.9979999999996,123.0,-529.0020000000002,-14.34999999999999
2026-03-22T21:45:41.565837,2456.6479999999997,2347.9979999999996,123.0,-529.0020000000002,-14.34999999999999
2026-03-22T21:45:42.598556,2456.6479999999997,2347.9979999999996,123.0,-529.0020000000002,-14.34999999999999
2026-03-22T21:45:43.626374,2456.6479999999997,2347.9979999999996,123.0,-529.0020000000002,-14.34999999999999
2026-03-22T21:45:44.667030,2456.6479999999997,2347.9979999999996,123.0,-529.0020000000002,-14.34999999999999
2026-03-22T21:45:45.680907,2456.6479999999997,2347.9979999999996,123.0,-529.0020000000002,-14.34999999999999
2026-03-22T21:45:46.706648,2456.6479999999997,2347.9979999999996,123.0,-529.0020000000002,-14.34999999999999
2026-03-22T21:45:47.738820,2456.6479999999997,2347.9979999999996,123.0,-529.0020000000002,-14.34999999999999
2026-03-22T21:45:48.772879,2456.6479999999997,2347.9979999999996,123.0,-529.0020000000002,-14.34999999999999
2026-03-22T21:45:49.809261,2456.6479999999997,2347.9979999999996,123.0,-529.0020000000002,-14.34999999999999
2026-03-22T21:45:50.832239,2460.7479999999996,2347.9979999999996,123.0,-529.0020000000002,-10.249999999999986
2026-03-22T21:45:51.861090,2460.7479999999996,2347.9979999999996,123.0,-529.0020000000002,-10.249999999999986
2026-03-22T21:45:52.901521,2460.7479999999996,2347.9979999999996,123.0,-529.0020000000002,-10.249999999999986
2026-03-22T21:45:53.988723,2460.7479999999996,2347.9979999999996,123.0,-529.0020000000002,-10.249999999999986
2026-03-22T21:45:55.000656,2460.7479999999996,2347.9979999999996,123.0,-529.0020000000002,-10.249999999999986
2026-03-22T21:45:56.029734,2460.7479999999996,2347.9979999999996,123.0,-529.0020000000002,-10.249999999999986
2026-03-22T21:45:57.057345,2460.7479999999996,2347.9979999999996,123.0,-529.0020000000002,-10.249999999999986
2026-03-22T21:45:58.081750,2460.7479999999996,2347.9979999999996,123.0,-529.0020000000002,-10.249999999999986
2026-03-22T21:45:59.106218,2460.7479999999996,2347.9979999999996,123.0,-529.0020000000002,-10.249999999999986
2026-03-22T21:46:00.126316,2460.7479999999996,2347.9979999999996,123.0,-529.0020000000002,-10.249999999999986
2026-03-22T21:46:01.140342,2460.7479999999996,2347.9979999999996,123.0,-529.0020000000002,-10.249999999999986
2026-03-22T21:46:02.162632,2460.7479999999996,2347.9979999999996,123.0,-529.0020000000002,-10.249999999999986
2026-03-22T21:46:03.194607,2460.7479999999996,2347.9979999999996,123.0,-529.0020000000002,-10.249999999999986
2026-03-22T21:46:04.216056,2460.7479999999996,2347.9979999999996,123.0,-529.0020000000002,-10.249999999999986
2026-03-22T21:46:05.232516,2460.7479999999996,2347.9979999999996,123.0,-529.0020000000002,-10.249999999999986
2026-03-22T21:46:06.245264,2460.7479999999996,2347.9979999999996,123.0,-529.0020000000002,-10.249999999999986
2026-03-22T21:46:07.257997,2460.7479999999996,2347.9979999999996,123.0,-529.0020000000002,-10.249999999999986
2026-03-22T21:46:08.285837,2460.7479999999996,2347.9979999999996,123.0,-529.0020000000002,-10.249999999999986
2026-03-22T21:46:09.314914,2460.7479999999996,2347.9979999999996,123.0,-529.0020000000002,-10.249999999999986
2026-03-22T21:46:10.340879,2456.6479999999997,2347.9979999999996,123.0,-529.0020000000002,-14.34999999999999
2026-03-22T21:46:11.371783,2456.6479999999997,2347.9979999999996,123.0,-529.0020000000002,-14.34999999999999
2026-03-22T21:46:12.393334,2456.6479999999997,2347.9979999999996,123.0,-529.0020000000002,-14.34999999999999
2026-03-22T21:46:13.417162,2456.6479999999997,2347.9979999999996,123.0,-529.0020000000002,-14.34999999999999
2026-03-22T21:46:14.450790,2456.6479999999997,2347.9979999999996,123.0,-529.0020000000002,-14.34999999999999
2026-03-22T21:46:15.483913,2456.6479999999997,2347.9979999999996,123.0,-529.0020000000002,-14.34999999999999
2026-03-22T21:46:16.517307,2456.6479999999997,2347.9979999999996,123.0,-529.0020000000002,-14.34999999999999
2026-03-22T21:46:17.607752,2456.6479999999997,2347.9979999999996,123.0,-529.0020000000002,-14.34999999999999
2026-03-22T21:46:18.629232,2456.6479999999997,2347.9979999999996,123.0,-529.0020000000002,-14.34999999999999
2026-03-22T21:46:19.648771,2456.6479999999997,2347.9979999999996,123.0,-529.0020000000002,-14.34999999999999
2026-03-22T21:46:20.668756,2456.6479999999997,2347.9979999999996,123.0,-529.0020000000002,-14.34999999999999
2026-03-22T21:46:21.693967,2456.6479999999997,2347.9979999999996,123.0,-529.0020000000002,-14.34999999999999
2026-03-22T21:46:22.890987,2456.6479999999997,2347.9979999999996,123.0,-529.0020000000002,-14.34999999999999
2026-03-22T21:46:23.910508,2456.6479999999997,2347.9979999999996,123.0,-529.0020000000002,-14.34999999999999
2026-03-22T21:46:24.934899,2456.6479999999997,2347.9979999999996,123.0,-529.0020000000002,-14.34999999999999
2026-03-22T21:46:25.948116,2456.6479999999997,2347.9979999999996,123.0,-529.0020000000002,-14.34999999999999
2026-03-22T21:46:26.972508,2456.6479999999997,2347.9979999999996,123.0,-529.0020000000002,-14.34999999999999
2026-03-22T21:46:28.008123,2456.6479999999997,2347.9979999999996,123.0,-529.0020000000002,-14.34999999999999
2026-03-22T21:46:29.037637,2456.6479999999997,2347.9979999999996,123.0,-529.0020000000002,-14.34999999999999
2026-03-22T21:46:30.157555,2466.8979999999997,2347.9979999999996,123.0,-529.0020000000002,-4.100000000000003
2026-03-22T21:46:31.193648,2466.8979999999997,2347.9979999999996,123.0,-529.0020000000002,-4.100000000000003
2026-03-22T21:46:32.224919,2466.8979999999997,2347.9979999999996,123.0,-529.0020000000002,-4.100000000000003
2026-03-22T21:46:33.245375,2466.8979999999997,2347.9979999999996,123.0,-529.0020000000002,-4.100000000000003
2026-03-22T21:46:34.285608,2466.8979999999997,2347.9979999999996,123.0,-529.0020000000002,-4.100000000000003
2026-03-22T21:46:35.309018,2466.8979999999997,2347.9979999999996,123.0,-529.0020000000002,-4.100000000000003
2026-03-22T21:46:36.342955,2466.8979999999997,2347.9979999999996,123.0,-529.0020000000002,-4.100000000000003
2026-03-22T21:46:37.373094,2466.8979999999997,2347.9979999999996,123.0,-529.0020000000002,-4.100000000000003
2026-03-22T21:46:38.403723,2466.8979999999997,2347.9979999999996,123.0,-529.0020000000002,-4.100000000000003
2026-03-22T21:46:39.441344,2466.8979999999997,2347.9979999999996,123.0,-529.0020000000002,-4.100000000000003
2026-03-22T21:46:40.499662,2466.8979999999997,2347.9979999999996,123.0,-529.0020000000002,-4.100000000000003
2026-03-22T21:46:41.527553,2466.8979999999997,2347.9979999999996,123.0,-529.0020000000002,-4.100000000000003
2026-03-22T21:46:42.553654,2466.8979999999997,2347.9979999999996,123.0,-529.0020000000002,-4.100000000000003
2026-03-22T21:46:43.584370,2466.8979999999997,2347.9979999999996,123.0,-529.0020000000002,-4.100000000000003
2026-03-22T21:46:44.612877,2466.8979999999997,2347.9979999999996,123.0,-529.0020000000002,-4.100000000000003
2026-03-22T21:46:45.649410,2466.8979999999997,2347.9979999999996,123.0,-529.0020000000002,-4.100000000000003
2026-03-22T21:46:46.664699,2466.8979999999997,2347.9979999999996,123.0,-529.0020000000002,-4.100000000000003
2026-03-22T21:46:47.698101,2466.8979999999997,2347.9979999999996,123.0,-529.0020000000002,-4.100000000000003
2026-03-22T21:46:48.721693,2470.9979999999996,2347.9979999999996,123.0,-529.0020000000002,0.0
2026-03-22T21:46:49.745679,2470.9979999999996,2347.9979999999996,123.0,-529.0020000000002,0.0
2026-03-22T21:46:50.780439,2470.9979999999996,2347.9979999999996,123.0,-529.0020000000002,0.0
2026-03-22T21:46:51.805459,2470.9979999999996,2347.9979999999996,123.0,-529.0020000000002,0.0
2026-03-22T21:46:52.830370,2470.9979999999996,2347.9979999999996,123.0,-529.0020000000002,0.0
2026-03-22T21:46:53.849985,2470.9979999999996,2347.9979999999996,123.0,-529.0020000000002,0.0
2026-03-22T21:46:54.872891,2470.9979999999996,2347.9979999999996,123.0,-529.0020000000002,0.0
2026-03-22T21:46:55.919216,2470.9979999999996,2347.9979999999996,123.0,-529.0020000000002,0.0
2026-03-22T21:46:56.937333,2470.9979999999996,2347.9979999999996,123.0,-529.0020000000002,0.0
2026-03-22T21:46:57.961771,2470.9979999999996,2347.9979999999996,123.0,-529.0020000000002,0.0
2026-03-22T21:46:59.007465,2470.9979999999996,2347.9979999999996,123.0,-529.0020000000002,0.0
2026-03-22T21:47:00.034416,2470.9979999999996,2347.9979999999996,123.0,-529.0020000000002,0.0
2026-03-22T21:47:01.066554,2470.9979999999996,2347.9979999999996,123.0,-529.0020000000002,0.0
2026-03-22T21:47:02.089544,2470.9979999999996,2347.9979999999996,123.0,-529.0020000000002,0.0
2026-03-22T21:47:03.122135,2470.9979999999996,2347.9979999999996,123.0,-529.0020000000002,0.0
2026-03-22T21:47:04.210296,2470.9979999999996,2347.9979999999996,123.0,-529.0020000000002,0.0
2026-03-22T21:47:05.250366,2470.9979999999996,2347.9979999999996,123.0,-529.0020000000002,0.0
2026-03-22T21:47:06.278380,2470.9979999999996,2347.9979999999996,123.0,-529.0020000000002,0.0
2026-03-22T21:47:07.303545,2470.9979999999996,2347.9979999999996,123.0,-529.0020000000002,0.0
2026-03-22T21:47:08.332923,2470.9979999999996,2347.9979999999996,123.0,-529.0020000000002,0.0
2026-03-22T21:47:09.367527,2470.9979999999996,2347.9979999999996,123.0,-529.0020000000002,0.0
2026-03-22T21:47:10.410078,2470.9979999999996,2347.9979999999996,123.0,-529.0020000000002,0.0
2026-03-22T21:47:11.449240,2485.348,2485.348,0.0,-514.6520000000002,0
2026-03-22T21:47:12.475577,2485.348,2485.348,0.0,-514.6520000000002,0
2026-03-22T21:47:13.503634,2485.348,2485.348,0.0,-514.6520000000002,0
2026-03-22T21:47:14.535896,2485.348,2485.348,0.0,-514.6520000000002,0
2026-03-22T21:47:15.571487,2485.348,2485.348,0.0,-514.6520000000002,0
2026-03-22T21:47:16.601647,2485.348,2485.348,0.0,-514.6520000000002,0
2026-03-22T21:47:17.619067,2485.348,2485.348,0.0,-514.6520000000002,0
2026-03-22T21:47:18.658327,2485.348,2485.348,0.0,-514.6520000000002,0
2026-03-22T21:47:19.680952,2485.348,2485.348,0.0,-514.6520000000002,0
2026-03-22T21:47:20.700399,2485.348,2485.348,0.0,-514.6520000000002,0
2026-03-22T21:47:21.732523,2485.348,2485.348,0.0,-514.6520000000002,0
2026-03-22T21:47:22.765819,2485.348,2485.348,0.0,-514.6520000000002,0
2026-03-22T21:47:23.794306,2485.348,2485.348,0.0,-514.6520000000002,0
2026-03-22T21:47:24.820549,2485.348,2485.348,0.0,-514.6520000000002,0
2026-03-22T21:47:25.846404,2485.348,2485.348,0.0,-514.6520000000002,0
2026-03-22T21:47:26.877417,2485.348,2485.348,0.0,-514.6520000000002,0
2026-03-22T21:47:27.999374,2485.348,2485.348,0.0,-514.6520000000002,0
2026-03-22T21:47:29.019238,2485.348,2485.348,0.0,-514.6520000000002,0
2026-03-22T21:47:30.041475,2485.348,2485.348,0.0,-514.6520000000002,0
2026-03-22T21:47:31.067035,2485.348,2485.348,0.0,-514.6520000000002,0
2026-03-22T21:47:32.101935,2485.348,2485.348,0.0,-514.6520000000002,0
2026-03-22T21:47:33.136488,2485.348,2485.348,0.0,-514.6520000000002,0
2026-03-22T21:47:34.173427,2485.348,2485.348,0.0,-514.6520000000002,0
2026-03-22T21:47:35.199742,2485.348,2485.348,0.0,-514.6520000000002,0
2026-03-22T21:47:36.231051,2485.348,2485.348,0.0,-514.6520000000002,0
2026-03-22T21:47:37.256142,2485.348,2485.348,0.0,-514.6520000000002,0
2026-03-22T21:47:38.288357,2485.348,2485.348,0.0,-514.6520000000002,0
2026-03-22T21:47:39.314269,2485.348,2485.348,0.0,-514.6520000000002,0
2026-03-22T21:47:40.341067,2485.348,2485.348,0.0,-514.6520000000002,0
2026-03-22T21:47:41.367466,2485.348,2485.348,0.0,-514.6520000000002,0
2026-03-22T21:47:42.389800,2485.348,2485.348,0.0,-514.6520000000002,0
2026-03-22T21:47:43.419176,2485.348,2485.348,0.0,-514.6520000000002,0
2026-03-22T21:47:44.449011,2485.348,2485.348,0.0,-514.6520000000002,0
2026-03-22T21:47:45.478259,2485.348,2485.348,0.0,-514.6520000000002,0
2026-03-22T21:47:46.504071,2485.348,2485.348,0.0,-514.6520000000002,0
2026-03-22T21:47:47.543061,2485.348,2485.348,0.0,-514.6520000000002,0
2026-03-22T21:47:48.554219,2485.348,2485.348,0.0,-514.6520000000002,0
2026-03-22T21:47:49.598146,2485.348,2485.348,0.0,-514.6520000000002,0
2026-03-22T21:47:50.643506,2485.348,2485.348,0.0,-514.6520000000002,0
2026-03-22T21:47:51.698220,2485.348,2485.348,0.0,-514.6520000000002,0
2026-03-22T21:47:52.715749,2485.348,2485.348,0.0,-514.6520000000002,0
2026-03-22T21:47:53.747773,2485.348,2485.348,0.0,-514.6520000000002,0
2026-03-22T21:47:54.770602,2485.348,2485.348,0.0,-514.6520000000002,0
2026-03-22T21:47:55.789480,2485.348,2485.348,0.0,-514.6520000000002,0
2026-03-22T21:47:56.815289,2485.348,2485.348,0.0,-514.6520000000002,0
2026-03-22T21:47:57.854752,2485.348,2485.348,0.0,-514.6520000000002,0
2026-03-22T21:47:58.880870,2485.348,2485.348,0.0,-514.6520000000002,0
2026-03-22T21:47:59.904643,2485.348,2485.348,0.0,-514.6520000000002,0
2026-03-22T21:48:00.942274,2485.348,2485.348,0.0,-514.6520000000002,0
2026-03-22T21:48:01.983626,2485.348,2485.348,0.0,-514.6520000000002,0
2026-03-22T21:48:03.011915,2485.348,2485.348,0.0,-514.6520000000002,0
2026-03-22T21:48:04.033249,2485.348,2485.348,0.0,-514.6520000000002,0
2026-03-22T21:48:05.048596,2485.348,2485.348,0.0,-514.6520000000002,0
2026-03-22T21:48:06.070863,2485.348,2485.348,0.0,-514.6520000000002,0
2026-03-22T21:48:07.096429,2485.348,2485.348,0.0,-514.6520000000002,0
2026-03-22T21:48:08.124868,2485.348,2485.348,0.0,-514.6520000000002,0
2026-03-22T21:48:09.154657,2485.348,2485.348,0.0,-514.6520000000002,0
2026-03-22T21:48:10.187451,2485.348,2485.348,0.0,-514.6520000000002,0
2026-03-22T21:48:11.218587,2485.348,2485.348,0.0,-514.6520000000002,0
2026-03-22T21:48:12.292321,2485.348,2485.348,0.0,-514.6520000000002,0
2026-03-22T21:48:13.339315,2485.348,2485.348,0.0,-514.6520000000002,0
2026-03-22T21:48:14.367139,2485.348,2485.348,0.0,-514.6520000000002,0
2026-03-22T21:48:15.421309,2485.348,2485.348,0.0,-514.6520000000002,0
2026-03-22T21:48:16.447849,2485.348,2361.418,123.93,-514.6520000000002,0
2026-03-22T21:48:17.477338,2485.348,2361.418,123.93,-514.6520000000002,0
2026-03-22T21:48:18.505153,2484.278,2360.348,123.93,-515.7220000000002,0.0
2026-03-22T21:48:19.533507,2484.278,2360.348,123.93,-515.7220000000002,0.0
2026-03-22T21:48:20.586087,2484.278,2360.348,123.93,-515.7220000000002,0.0
2026-03-22T21:48:21.617075,2484.278,2360.348,123.93,-515.7220000000002,0.0
2026-03-22T21:48:22.639471,2484.278,2360.348,123.93,-515.7220000000002,0.0
2026-03-22T21:48:23.664411,2484.278,2360.348,123.93,-515.7220000000002,0.0
2026-03-22T21:48:24.681866,2484.278,2360.348,123.93,-515.7220000000002,0.0
2026-03-22T21:48:25.706404,2484.278,2360.348,123.93,-515.7220000000002,0.0
2026-03-22T21:48:26.735565,2484.278,2360.348,123.93,-515.7220000000002,0.0
2026-03-22T21:48:27.756878,2484.278,2360.348,123.93,-515.7220000000002,0.0
2026-03-22T21:48:28.814484,2484.278,2360.348,123.93,-515.7220000000002,0.0
2026-03-22T21:48:29.846449,2484.278,2360.348,123.93,-515.7220000000002,0.0
2026-03-22T21:48:30.872014,2501.2879999999996,2360.348,123.93,-515.7220000000002,17.009999999999987
2026-03-22T21:48:31.910707,2501.2879999999996,2360.348,123.93,-515.7220000000002,17.009999999999987
2026-03-22T21:48:32.931717,2501.2879999999996,2360.348,123.93,-515.7220000000002,17.009999999999987
2026-03-22T21:48:33.964790,2501.2879999999996,2360.348,123.93,-515.7220000000002,17.009999999999987
2026-03-22T21:48:34.991213,2501.2879999999996,2360.348,123.93,-515.7220000000002,17.009999999999987
2026-03-22T21:48:36.017017,2501.2879999999996,2360.348,123.93,-515.7220000000002,17.009999999999987
2026-03-22T21:48:37.066471,2501.2879999999996,2360.348,123.93,-515.7220000000002,17.009999999999987
2026-03-22T21:48:38.157517,2501.2879999999996,2360.348,123.93,-515.7220000000002,17.009999999999987
2026-03-22T21:48:39.192272,2501.2879999999996,2360.348,123.93,-515.7220000000002,17.009999999999987
2026-03-22T21:48:40.223399,2501.2879999999996,2360.348,123.93,-515.7220000000002,17.009999999999987
2026-03-22T21:48:41.248365,2501.2879999999996,2360.348,123.93,-515.7220000000002,17.009999999999987
2026-03-22T21:48:42.277021,2501.2879999999996,2360.348,123.93,-515.7220000000002,17.009999999999987
2026-03-22T21:48:43.304759,2501.2879999999996,2360.348,123.93,-515.7220000000002,17.009999999999987
2026-03-22T21:48:44.325737,2501.2879999999996,2360.348,123.93,-515.7220000000002,17.009999999999987
2026-03-22T21:48:45.357486,2501.2879999999996,2360.348,123.93,-515.7220000000002,17.009999999999987
2026-03-22T21:48:46.387375,2501.2879999999996,2360.348,123.93,-515.7220000000002,17.009999999999987
2026-03-22T21:48:47.406992,2501.2879999999996,2360.348,123.93,-515.7220000000002,17.009999999999987
2026-03-22T21:48:48.441258,2501.2879999999996,2360.348,123.93,-515.7220000000002,17.009999999999987
2026-03-22T21:48:49.478228,2501.2879999999996,2360.348,123.93,-515.7220000000002,17.009999999999987
2026-03-22T21:48:50.519240,2501.2879999999996,2360.348,123.93,-515.7220000000002,17.009999999999987
2026-03-22T21:48:51.543490,2489.138,2360.348,123.93,-515.7220000000002,4.860000000000005
2026-03-22T21:48:52.569365,2489.138,2360.348,123.93,-515.7220000000002,4.860000000000005
2026-03-22T21:48:53.600301,2489.138,2360.348,123.93,-515.7220000000002,4.860000000000005
2026-03-22T21:48:54.634188,2489.138,2360.348,123.93,-515.7220000000002,4.860000000000005
2026-03-22T21:48:55.662123,2489.138,2360.348,123.93,-515.7220000000002,4.860000000000005
2026-03-22T21:48:56.689048,2489.138,2360.348,123.93,-515.7220000000002,4.860000000000005
2026-03-22T21:48:57.700919,2489.138,2360.348,123.93,-515.7220000000002,4.860000000000005
2026-03-22T21:48:58.726907,2489.138,2360.348,123.93,-515.7220000000002,4.860000000000005
2026-03-22T21:48:59.757111,2489.138,2360.348,123.93,-515.7220000000002,4.860000000000005
2026-03-22T21:49:00.789608,2489.138,2360.348,123.93,-515.7220000000002,4.860000000000005
2026-03-22T21:49:01.859268,2489.138,2360.348,123.93,-515.7220000000002,4.860000000000005
2026-03-22T21:49:02.901988,2489.138,2360.348,123.93,-515.7220000000002,4.860000000000005
2026-03-22T21:49:03.931434,2489.138,2360.348,123.93,-515.7220000000002,4.860000000000005
2026-03-22T21:49:04.962808,2489.138,2360.348,123.93,-515.7220000000002,4.860000000000005
2026-03-22T21:49:05.992424,2489.138,2360.348,123.93,-515.7220000000002,4.860000000000005
2026-03-22T21:49:07.024768,2489.138,2360.348,123.93,-515.7220000000002,4.860000000000005
2026-03-22T21:49:08.058797,2489.138,2360.348,123.93,-515.7220000000002,4.860000000000005
2026-03-22T21:49:09.094483,2489.138,2360.348,123.93,-515.7220000000002,4.860000000000005
2026-03-22T21:49:10.126634,2489.138,2360.348,123.93,-515.7220000000002,4.860000000000005
2026-03-22T21:49:11.160554,2486.7079999999996,2360.348,123.93,-515.7220000000002,2.4300000000000024
2026-03-22T21:49:12.181509,2486.7079999999996,2360.348,123.93,-515.7220000000002,2.4300000000000024
2026-03-22T21:49:13.240342,2486.7079999999996,2360.348,123.93,-515.7220000000002,2.4300000000000024
2026-03-22T21:49:14.280327,2486.7079999999996,2360.348,123.93,-515.7220000000002,2.4300000000000024
2026-03-22T21:49:15.321632,2486.7079999999996,2360.348,123.93,-515.7220000000002,2.4300000000000024
2026-03-22T21:49:16.346452,2486.7079999999996,2360.348,123.93,-515.7220000000002,2.4300000000000024
2026-03-22T21:49:17.372797,2486.7079999999996,2360.348,123.93,-515.7220000000002,2.4300000000000024
2026-03-22T21:49:18.393675,2486.7079999999996,2360.348,123.93,-515.7220000000002,2.4300000000000024
2026-03-22T21:49:19.412627,2486.7079999999996,2360.348,123.93,-515.7220000000002,2.4300000000000024
2026-03-22T21:49:20.435035,2486.7079999999996,2360.348,123.93,-515.7220000000002,2.4300000000000024
2026-03-22T21:49:21.453573,2486.7079999999996,2360.348,123.93,-515.7220000000002,2.4300000000000024
2026-03-22T21:49:22.503544,2486.7079999999996,2360.348,123.93,-515.7220000000002,2.4300000000000024
2026-03-22T21:49:23.653001,2486.7079999999996,2360.348,123.93,-515.7220000000002,2.4300000000000024
2026-03-22T21:49:24.685348,2486.7079999999996,2360.348,123.93,-515.7220000000002,2.4300000000000024
2026-03-22T21:49:25.759508,2486.7079999999996,2360.348,123.93,-515.7220000000002,2.4300000000000024
2026-03-22T21:49:26.789823,2486.7079999999996,2360.348,123.93,-515.7220000000002,2.4300000000000024
2026-03-22T21:49:27.820529,2486.7079999999996,2360.348,123.93,-515.7220000000002,2.4300000000000024
2026-03-22T21:49:28.850602,2486.7079999999996,2360.348,123.93,-515.7220000000002,2.4300000000000024
2026-03-22T21:49:29.889879,2486.7079999999996,2360.348,123.93,-515.7220000000002,2.4300000000000024
2026-03-22T21:49:30.924589,2486.7079999999996,2360.348,123.93,-515.7220000000002,2.4300000000000024
2026-03-22T21:49:31.967439,2486.7079999999996,2360.348,123.93,-515.7220000000002,2.4300000000000024
2026-03-22T21:49:33.021486,2491.5679999999998,2360.348,123.93,-515.7220000000002,7.290000000000006
2026-03-22T21:49:34.060695,2491.5679999999998,2360.348,123.93,-515.7220000000002,7.290000000000006
2026-03-22T21:49:35.104529,2491.5679999999998,2360.348,123.93,-515.7220000000002,7.290000000000006
2026-03-22T21:49:36.149726,2491.5679999999998,2360.348,123.93,-515.7220000000002,7.290000000000006
2026-03-22T21:49:37.171658,2491.5679999999998,2360.348,123.93,-515.7220000000002,7.290000000000006
2026-03-22T21:49:38.194449,2491.5679999999998,2360.348,123.93,-515.7220000000002,7.290000000000006
2026-03-22T21:49:39.224236,2491.5679999999998,2360.348,123.93,-515.7220000000002,7.290000000000006
2026-03-22T21:49:40.264256,2491.5679999999998,2360.348,123.93,-515.7220000000002,7.290000000000006
2026-03-22T21:49:41.294925,2491.5679999999998,2360.348,123.93,-515.7220000000002,7.290000000000006
2026-03-22T21:49:42.324371,2491.5679999999998,2360.348,123.93,-515.7220000000002,7.290000000000006
2026-03-22T21:49:43.352062,2491.5679999999998,2360.348,123.93,-515.7220000000002,7.290000000000006
2026-03-22T21:49:44.390692,2491.5679999999998,2360.348,123.93,-515.7220000000002,7.290000000000006
2026-03-22T21:49:45.421225,2491.5679999999998,2360.348,123.93,-515.7220000000002,7.290000000000006
2026-03-22T21:49:46.453053,2491.5679999999998,2360.348,123.93,-515.7220000000002,7.290000000000006
2026-03-22T21:49:47.493749,2491.5679999999998,2360.348,123.93,-515.7220000000002,7.290000000000006
2026-03-22T21:49:48.540729,2491.5679999999998,2360.348,123.93,-515.7220000000002,7.290000000000006
2026-03-22T21:49:49.592118,2491.5679999999998,2360.348,123.93,-515.7220000000002,7.290000000000006
2026-03-22T21:49:50.612723,2491.5679999999998,2360.348,123.93,-515.7220000000002,7.290000000000006
2026-03-22T21:49:51.638000,2491.5679999999998,2360.348,123.93,-515.7220000000002,7.290000000000006
2026-03-22T21:49:52.662492,2491.5679999999998,2360.348,123.93,-515.7220000000002,7.290000000000006
2026-03-22T21:49:53.687698,2489.138,2360.348,123.93,-515.7220000000002,4.860000000000005
2026-03-22T21:49:54.719967,2489.138,2360.348,123.93,-515.7220000000002,4.860000000000005
2026-03-22T21:49:55.745117,2489.138,2360.348,123.93,-515.7220000000002,4.860000000000005
2026-03-22T21:49:56.777452,2489.138,2360.348,123.93,-515.7220000000002,4.860000000000005
2026-03-22T21:49:57.799318,2489.138,2360.348,123.93,-515.7220000000002,4.860000000000005
2026-03-22T21:49:58.823655,2489.138,2360.348,123.93,-515.7220000000002,4.860000000000005
2026-03-22T21:49:59.851366,2489.138,2360.348,123.93,-515.7220000000002,4.860000000000005
2026-03-22T21:50:00.882094,2489.138,2360.348,123.93,-515.7220000000002,4.860000000000005
2026-03-22T21:50:01.899512,2489.138,2360.348,123.93,-515.7220000000002,4.860000000000005
2026-03-22T21:50:02.930287,2489.138,2360.348,123.93,-515.7220000000002,4.860000000000005
2026-03-22T21:50:03.947903,2489.138,2360.348,123.93,-515.7220000000002,4.860000000000005
2026-03-22T21:50:04.969166,2489.138,2360.348,123.93,-515.7220000000002,4.860000000000005
2026-03-22T21:50:05.996831,2489.138,2360.348,123.93,-515.7220000000002,4.860000000000005
2026-03-22T21:50:07.017182,2489.138,2360.348,123.93,-515.7220000000002,4.860000000000005
2026-03-22T21:50:08.043728,2489.138,2360.348,123.93,-515.7220000000002,4.860000000000005
2026-03-22T21:50:09.072407,2489.138,2360.348,123.93,-515.7220000000002,4.860000000000005
2026-03-22T21:50:10.096712,2489.138,2360.348,123.93,-515.7220000000002,4.860000000000005
2026-03-22T21:50:11.146927,2493.9979999999996,2360.348,123.93,-515.7220000000002,9.72000000000001
2026-03-22T21:50:12.219842,2493.9979999999996,2360.348,123.93,-515.7220000000002,9.72000000000001
2026-03-22T21:50:13.256213,2493.9979999999996,2360.348,123.93,-515.7220000000002,9.72000000000001
2026-03-22T21:50:14.275595,2493.9979999999996,2360.348,123.93,-515.7220000000002,9.72000000000001
2026-03-22T21:50:15.309522,2493.9979999999996,2360.348,123.93,-515.7220000000002,9.72000000000001
2026-03-22T21:50:16.342068,2493.9979999999996,2360.348,123.93,-515.7220000000002,9.72000000000001
2026-03-22T21:50:17.375654,2493.9979999999996,2360.348,123.93,-515.7220000000002,9.72000000000001
2026-03-22T21:50:18.659766,2493.9979999999996,2360.348,123.93,-515.7220000000002,9.72000000000001
2026-03-22T21:50:19.682274,2493.9979999999996,2360.348,123.93,-515.7220000000002,9.72000000000001
2026-03-22T21:50:20.699016,2493.9979999999996,2360.348,123.93,-515.7220000000002,9.72000000000001
2026-03-22T21:50:21.735624,2493.9979999999996,2360.348,123.93,-515.7220000000002,9.72000000000001
2026-03-22T21:50:22.762227,2493.9979999999996,2360.348,123.93,-515.7220000000002,9.72000000000001
2026-03-22T21:50:23.808564,2493.9979999999996,2360.348,123.93,-515.7220000000002,9.72000000000001
2026-03-22T21:50:24.837028,2493.9979999999996,2360.348,123.93,-515.7220000000002,9.72000000000001
2026-03-22T21:50:25.856043,2493.9979999999996,2360.348,123.93,-515.7220000000002,9.72000000000001
2026-03-22T21:50:26.900064,2493.9979999999996,2360.348,123.93,-515.7220000000002,9.72000000000001
2026-03-22T21:50:27.932243,2493.9979999999996,2360.348,123.93,-515.7220000000002,9.72000000000001
2026-03-22T21:50:28.959048,2493.9979999999996,2360.348,123.93,-515.7220000000002,9.72000000000001
2026-03-22T21:50:30.129333,2493.9979999999996,2360.348,123.93,-515.7220000000002,9.72000000000001
2026-03-22T21:50:31.147689,2508.578,2508.578,0.0,-491.4220000000002,0
2026-03-22T21:50:32.173693,2508.578,2508.578,0.0,-491.4220000000002,0
2026-03-22T21:50:33.209008,2508.578,2508.578,0.0,-491.4220000000002,0
2026-03-22T21:50:34.241865,2508.578,2508.578,0.0,-491.4220000000002,0
2026-03-22T21:50:35.268047,2508.578,2508.578,0.0,-491.4220000000002,0
2026-03-22T21:50:36.336308,2508.578,2508.578,0.0,-491.4220000000002,0
2026-03-22T21:50:37.372790,2508.578,2508.578,0.0,-491.4220000000002,0
2026-03-22T21:50:38.408264,2508.578,2508.578,0.0,-491.4220000000002,0
2026-03-22T21:50:39.436244,2508.578,2508.578,0.0,-491.4220000000002,0
2026-03-22T21:50:40.472436,2508.578,2508.578,0.0,-491.4220000000002,0
2026-03-22T21:50:41.497432,2508.578,2508.578,0.0,-491.4220000000002,0
2026-03-22T21:50:42.519227,2508.578,2508.578,0.0,-491.4220000000002,0
2026-03-22T21:50:43.539663,2508.578,2508.578,0.0,-491.4220000000002,0
2026-03-22T21:50:44.569561,2508.578,2508.578,0.0,-491.4220000000002,0
2026-03-22T21:50:45.601215,2508.578,2508.578,0.0,-491.4220000000002,0
2026-03-22T21:50:46.621067,2508.578,2508.578,0.0,-491.4220000000002,0
2026-03-22T21:50:47.641299,2508.578,2508.578,0.0,-491.4220000000002,0
2026-03-22T21:50:48.699120,2508.578,2508.578,0.0,-491.4220000000002,0
2026-03-22T21:50:49.731475,2508.578,2508.578,0.0,-491.4220000000002,0
2026-03-22T21:50:50.769275,2508.578,2508.578,0.0,-491.4220000000002,0
2026-03-22T21:50:51.796152,2508.578,2508.578,0.0,-491.4220000000002,0
2026-03-22T21:50:52.821424,2508.578,2508.578,0.0,-491.4220000000002,0
2026-03-22T21:50:53.853983,2508.578,2508.578,0.0,-491.4220000000002,0
2026-03-22T21:50:54.893830,2508.578,2508.578,0.0,-491.4220000000002,0
2026-03-22T21:50:55.923057,2508.578,2508.578,0.0,-491.4220000000002,0
2026-03-22T21:50:56.947302,2508.578,2508.578,0.0,-491.4220000000002,0
2026-03-22T21:50:57.973566,2508.578,2508.578,0.0,-491.4220000000002,0
2026-03-22T21:50:58.999446,2508.578,2508.578,0.0,-491.4220000000002,0
2026-03-22T21:51:00.078607,2508.578,2508.578,0.0,-491.4220000000002,0
2026-03-22T21:51:01.105711,2508.578,2508.578,0.0,-491.4220000000002,0
2026-03-22T21:51:02.131254,2508.578,2508.578,0.0,-491.4220000000002,0
2026-03-22T21:51:03.163360,2508.578,2508.578,0.0,-491.4220000000002,0
2026-03-22T21:51:04.196102,2508.578,2508.578,0.0,-491.4220000000002,0
2026-03-22T21:51:05.214981,2508.578,2508.578,0.0,-491.4220000000002,0
2026-03-22T21:51:06.239231,2508.578,2508.578,0.0,-491.4220000000002,0
2026-03-22T21:51:07.262802,2508.578,2508.578,0.0,-491.4220000000002,0
2026-03-22T21:51:08.307074,2508.578,2508.578,0.0,-491.4220000000002,0
2026-03-22T21:51:09.336743,2508.578,2508.578,0.0,-491.4220000000002,0
2026-03-22T21:51:10.361105,2508.578,2508.578,0.0,-491.4220000000002,0
2026-03-22T21:51:11.390983,2508.578,2508.578,0.0,-491.4220000000002,0
2026-03-22T21:51:12.423427,2508.578,2508.578,0.0,-491.4220000000002,0
2026-03-22T21:51:13.448766,2508.578,2508.578,0.0,-491.4220000000002,0
2026-03-22T21:51:14.477928,2508.578,2508.578,0.0,-491.4220000000002,0
2026-03-22T21:51:15.508762,2508.578,2508.578,0.0,-491.4220000000002,0
2026-03-22T21:51:16.529974,2508.578,2383.178,125.39999999999999,-491.4220000000002,0
2026-03-22T21:51:17.548688,2508.578,2383.178,125.39999999999999,-491.4220000000002,0
2026-03-22T21:51:18.580846,2507.698,2382.298,125.39999999999999,-492.3020000000002,0.0
2026-03-22T21:51:19.601449,2507.698,2382.298,125.39999999999999,-492.3020000000002,0.0
2026-03-22T21:51:20.630832,2507.698,2382.298,125.39999999999999,-492.3020000000002,0.0
2026-03-22T21:51:21.657213,2507.698,2382.298,125.39999999999999,-492.3020000000002,0.0
2026-03-22T21:51:22.701549,2507.698,2382.298,125.39999999999999,-492.3020000000002,0.0
2026-03-22T21:51:23.757939,2507.698,2382.298,125.39999999999999,-492.3020000000002,0.0
2026-03-22T21:51:24.775393,2507.698,2382.298,125.39999999999999,-492.3020000000002,0.0
2026-03-22T21:51:25.828478,2507.698,2382.298,125.39999999999999,-492.3020000000002,0.0
2026-03-22T21:51:26.854889,2507.698,2382.298,125.39999999999999,-492.3020000000002,0.0
2026-03-22T21:51:27.880633,2507.698,2382.298,125.39999999999999,-492.3020000000002,0.0
2026-03-22T21:51:28.905422,2507.698,2382.298,125.39999999999999,-492.3020000000002,0.0
2026-03-22T21:51:29.917689,2507.698,2382.298,125.39999999999999,-492.3020000000002,0.0
2026-03-22T21:51:30.950605,2511.8779999999997,2382.298,125.39999999999999,-492.3020000000002,4.180000000000003
2026-03-22T21:51:31.983411,2511.8779999999997,2382.298,125.39999999999999,-492.3020000000002,4.180000000000003
2026-03-22T21:51:33.022823,2511.8779999999997,2382.298,125.39999999999999,-492.3020000000002,4.180000000000003
2026-03-22T21:51:34.070631,2511.8779999999997,2382.298,125.39999999999999,-492.3020000000002,4.180000000000003
2026-03-22T21:51:35.110387,2511.8779999999997,2382.298,125.39999999999999,-492.3020000000002,4.180000000000003
2026-03-22T21:51:36.139150,2511.8779999999997,2382.298,125.39999999999999,-492.3020000000002,4.180000000000003
2026-03-22T21:51:37.171100,2511.8779999999997,2382.298,125.39999999999999,-492.3020000000002,4.180000000000003
2026-03-22T21:51:38.199499,2511.8779999999997,2382.298,125.39999999999999,-492.3020000000002,4.180000000000003
2026-03-22T21:51:39.240845,2511.8779999999997,2382.298,125.39999999999999,-492.3020000000002,4.180000000000003
2026-03-22T21:51:40.266045,2511.8779999999997,2382.298,125.39999999999999,-492.3020000000002,4.180000000000003
2026-03-22T21:51:41.290829,2511.8779999999997,2382.298,125.39999999999999,-492.3020000000002,4.180000000000003
2026-03-22T21:51:42.319229,2511.8779999999997,2382.298,125.39999999999999,-492.3020000000002,4.180000000000003
2026-03-22T21:51:43.344239,2511.8779999999997,2382.298,125.39999999999999,-492.3020000000002,4.180000000000003
2026-03-22T21:51:44.379544,2511.8779999999997,2382.298,125.39999999999999,-492.3020000000002,4.180000000000003
2026-03-22T21:51:45.407108,2511.8779999999997,2382.298,125.39999999999999,-492.3020000000002,4.180000000000003
2026-03-22T21:51:46.488314,2511.8779999999997,2382.298,125.39999999999999,-492.3020000000002,4.180000000000003
2026-03-22T21:51:47.525044,2511.8779999999997,2382.298,125.39999999999999,-492.3020000000002,4.180000000000003
2026-03-22T21:51:48.567261,2511.8779999999997,2382.298,125.39999999999999,-492.3020000000002,4.180000000000003
2026-03-22T21:51:49.604991,2511.8779999999997,2382.298,125.39999999999999,-492.3020000000002,4.180000000000003
2026-03-22T21:51:50.637974,2511.8779999999997,2382.298,125.39999999999999,-492.3020000000002,4.180000000000003
2026-03-22T21:51:51.664869,2511.8779999999997,2382.298,125.39999999999999,-492.3020000000002,4.180000000000003
2026-03-22T21:51:52.688446,2511.8779999999997,2382.298,125.39999999999999,-492.3020000000002,4.180000000000003
2026-03-22T21:51:53.714360,2511.8779999999997,2382.298,125.39999999999999,-492.3020000000002,4.180000000000003
2026-03-22T21:51:54.741453,2511.8779999999997,2382.298,125.39999999999999,-492.3020000000002,4.180000000000003
2026-03-22T21:51:55.770393,2511.8779999999997,2382.298,125.39999999999999,-492.3020000000002,4.180000000000003
2026-03-22T21:51:56.802759,2511.8779999999997,2382.298,125.39999999999999,-492.3020000000002,4.180000000000003
2026-03-22T21:51:57.823459,2511.8779999999997,2382.298,125.39999999999999,-492.3020000000002,4.180000000000003
2026-03-22T21:51:58.853904,2511.8779999999997,2382.298,125.39999999999999,-492.3020000000002,4.180000000000003
2026-03-22T21:51:59.887934,2511.8779999999997,2382.298,125.39999999999999,-492.3020000000002,4.180000000000003
2026-03-22T21:52:00.929226,2511.8779999999997,2382.298,125.39999999999999,-492.3020000000002,4.180000000000003
2026-03-22T21:52:01.944981,2511.8779999999997,2382.298,125.39999999999999,-492.3020000000002,4.180000000000003
2026-03-22T21:52:02.985257,2511.8779999999997,2382.298,125.39999999999999,-492.3020000000002,4.180000000000003
2026-03-22T21:52:04.011558,2511.8779999999997,2382.298,125.39999999999999,-492.3020000000002,4.180000000000003
2026-03-22T21:52:05.041637,2511.8779999999997,2382.298,125.39999999999999,-492.3020000000002,4.180000000000003
2026-03-22T21:52:06.079355,2511.8779999999997,2382.298,125.39999999999999,-492.3020000000002,4.180000000000003
2026-03-22T21:52:07.127596,2511.8779999999997,2382.298,125.39999999999999,-492.3020000000002,4.180000000000003
2026-03-22T21:52:08.161783,2511.8779999999997,2382.298,125.39999999999999,-492.3020000000002,4.180000000000003
2026-03-22T21:52:09.199211,2511.8779999999997,2382.298,125.39999999999999,-492.3020000000002,4.180000000000003
2026-03-22T21:52:10.260207,2511.8779999999997,2382.298,125.39999999999999,-492.3020000000002,4.180000000000003
2026-03-22T21:52:11.297283,2511.8779999999997,2382.298,125.39999999999999,-492.3020000000002,4.180000000000003
2026-03-22T21:52:12.590102,2511.8779999999997,2382.298,125.39999999999999,-492.3020000000002,4.180000000000003
2026-03-22T21:52:13.622867,2507.698,2382.298,125.39999999999999,-492.3020000000002,0.0
2026-03-22T21:52:14.646505,2507.698,2382.298,125.39999999999999,-492.3020000000002,0.0
2026-03-22T21:52:15.681421,2507.698,2382.298,125.39999999999999,-492.3020000000002,0.0
2026-03-22T21:52:16.719420,2507.698,2382.298,125.39999999999999,-492.3020000000002,0.0
2026-03-22T21:52:17.742198,2507.698,2382.298,125.39999999999999,-492.3020000000002,0.0
2026-03-22T21:52:18.790913,2507.698,2382.298,125.39999999999999,-492.3020000000002,0.0
2026-03-22T21:52:19.818116,2507.698,2382.298,125.39999999999999,-492.3020000000002,0.0
2026-03-22T21:52:20.908242,2507.698,2382.298,125.39999999999999,-492.3020000000002,0.0
2026-03-22T21:52:21.921049,2507.698,2382.298,125.39999999999999,-492.3020000000002,0.0
2026-03-22T21:52:22.991568,2507.698,2382.298,125.39999999999999,-492.3020000000002,0.0
2026-03-22T21:52:24.033020,2507.698,2382.298,125.39999999999999,-492.3020000000002,0.0
2026-03-22T21:52:25.069625,2507.698,2382.298,125.39999999999999,-492.3020000000002,0.0
2026-03-22T21:52:26.093548,2507.698,2382.298,125.39999999999999,-492.3020000000002,0.0
2026-03-22T21:52:27.124549,2507.698,2382.298,125.39999999999999,-492.3020000000002,0.0
2026-03-22T21:52:28.158933,2507.698,2382.298,125.39999999999999,-492.3020000000002,0.0
2026-03-22T21:52:29.182674,2507.698,2382.298,125.39999999999999,-492.3020000000002,0.0
2026-03-22T21:52:30.202263,2507.698,2382.298,125.39999999999999,-492.3020000000002,0.0
2026-03-22T21:52:31.239556,2507.698,2382.298,125.39999999999999,-492.3020000000002,0.0
2026-03-22T21:52:32.275519,2507.698,2382.298,125.39999999999999,-492.3020000000002,0.0
2026-03-22T21:52:33.315886,2511.8779999999997,2382.298,125.39999999999999,-492.3020000000002,4.180000000000003
2026-03-22T21:52:34.373510,2511.8779999999997,2382.298,125.39999999999999,-492.3020000000002,4.180000000000003
2026-03-22T21:52:35.406493,2511.8779999999997,2382.298,125.39999999999999,-492.3020000000002,4.180000000000003
2026-03-22T21:52:36.430745,2511.8779999999997,2382.298,125.39999999999999,-492.3020000000002,4.180000000000003
2026-03-22T21:52:37.450542,2511.8779999999997,2382.298,125.39999999999999,-492.3020000000002,4.180000000000003
2026-03-22T21:52:38.483270,2511.8779999999997,2382.298,125.39999999999999,-492.3020000000002,4.180000000000003
2026-03-22T21:52:39.506106,2511.8779999999997,2382.298,125.39999999999999,-492.3020000000002,4.180000000000003
2026-03-22T21:52:40.532427,2511.8779999999997,2382.298,125.39999999999999,-492.3020000000002,4.180000000000003
2026-03-22T21:52:41.557265,2511.8779999999997,2382.298,125.39999999999999,-492.3020000000002,4.180000000000003
2026-03-22T21:52:42.594875,2511.8779999999997,2382.298,125.39999999999999,-492.3020000000002,4.180000000000003
2026-03-22T21:52:43.620124,2511.8779999999997,2382.298,125.39999999999999,-492.3020000000002,4.180000000000003
2026-03-22T21:52:44.658811,2511.8779999999997,2382.298,125.39999999999999,-492.3020000000002,4.180000000000003
2026-03-22T21:52:45.689590,2511.8779999999997,2382.298,125.39999999999999,-492.3020000000002,4.180000000000003
2026-03-22T21:52:46.716240,2511.8779999999997,2382.298,125.39999999999999,-492.3020000000002,4.180000000000003
2026-03-22T21:52:47.738005,2511.8779999999997,2382.298,125.39999999999999,-492.3020000000002,4.180000000000003
2026-03-22T21:52:48.764367,2511.8779999999997,2382.298,125.39999999999999,-492.3020000000002,4.180000000000003
2026-03-22T21:52:49.787941,2511.8779999999997,2382.298,125.39999999999999,-492.3020000000002,4.180000000000003
2026-03-22T21:52:50.827612,2499.3379999999997,2382.298,125.39999999999999,-492.3020000000002,-8.359999999999983
2026-03-22T21:52:51.844461,2499.3379999999997,2382.298,125.39999999999999,-492.3020000000002,-8.359999999999983
2026-03-22T21:52:52.866495,2499.3379999999997,2382.298,125.39999999999999,-492.3020000000002,-8.359999999999983
2026-03-22T21:52:53.914591,2499.3379999999997,2382.298,125.39999999999999,-492.3020000000002,-8.359999999999983
2026-03-22T21:52:54.938172,2499.3379999999997,2382.298,125.39999999999999,-492.3020000000002,-8.359999999999983
2026-03-22T21:52:56.003783,2499.3379999999997,2382.298,125.39999999999999,-492.3020000000002,-8.359999999999983
2026-03-22T21:52:57.069722,2499.3379999999997,2382.298,125.39999999999999,-492.3020000000002,-8.359999999999983
2026-03-22T21:52:58.114883,2499.3379999999997,2382.298,125.39999999999999,-492.3020000000002,-8.359999999999983
2026-03-22T21:52:59.130106,2499.3379999999997,2382.298,125.39999999999999,-492.3020000000002,-8.359999999999983
2026-03-22T21:53:00.163615,2499.3379999999997,2382.298,125.39999999999999,-492.3020000000002,-8.359999999999983
2026-03-22T21:53:01.189348,2499.3379999999997,2382.298,125.39999999999999,-492.3020000000002,-8.359999999999983
2026-03-22T21:53:02.201461,2499.3379999999997,2382.298,125.39999999999999,-492.3020000000002,-8.359999999999983
2026-03-22T21:53:03.225754,2499.3379999999997,2382.298,125.39999999999999,-492.3020000000002,-8.359999999999983
2026-03-22T21:53:04.265854,2499.3379999999997,2382.298,125.39999999999999,-492.3020000000002,-8.359999999999983
2026-03-22T21:53:05.312321,2499.3379999999997,2382.298,125.39999999999999,-492.3020000000002,-8.359999999999983
2026-03-22T21:53:06.373878,2499.3379999999997,2382.298,125.39999999999999,-492.3020000000002,-8.359999999999983
2026-03-22T21:53:07.409419,2499.3379999999997,2382.298,125.39999999999999,-492.3020000000002,-8.359999999999983
2026-03-22T21:53:08.434928,2499.3379999999997,2382.298,125.39999999999999,-492.3020000000002,-8.359999999999983
2026-03-22T21:53:09.458645,2524.3179999999998,2427.178,84.6,-488.2220000000002,12.540000000000012
2026-03-22T21:53:10.482718,2524.3179999999998,2427.178,84.6,-488.2220000000002,12.540000000000012
2026-03-22T21:53:11.517115,2524.3179999999998,2427.178,84.6,-488.2220000000002,12.540000000000012
2026-03-22T21:53:12.538394,2524.3179999999998,2427.178,84.6,-488.2220000000002,12.540000000000012
2026-03-22T21:53:13.573484,2524.3179999999998,2427.178,84.6,-488.2220000000002,12.540000000000012
2026-03-22T21:53:14.603030,2524.3179999999998,2427.178,84.6,-488.2220000000002,12.540000000000012
2026-03-22T21:53:15.640516,2524.3179999999998,2427.178,84.6,-488.2220000000002,12.540000000000012
2026-03-22T21:53:16.672535,2524.3179999999998,2427.178,84.6,-488.2220000000002,12.540000000000012
2026-03-22T21:53:17.691585,2524.3179999999998,2427.178,84.6,-488.2220000000002,12.540000000000012
2026-03-22T21:53:18.735329,2524.3179999999998,2427.178,84.6,-488.2220000000002,12.540000000000012
2026-03-22T21:53:19.814186,2524.3179999999998,2427.178,84.6,-488.2220000000002,12.540000000000012
2026-03-22T21:53:20.840890,2524.3179999999998,2427.178,84.6,-488.2220000000002,12.540000000000012
2026-03-22T21:53:21.859075,2524.3179999999998,2427.178,84.6,-488.2220000000002,12.540000000000012
2026-03-22T21:53:22.898180,2524.3179999999998,2427.178,84.6,-488.2220000000002,12.540000000000012
2026-03-22T21:53:23.937510,2524.3179999999998,2427.178,84.6,-488.2220000000002,12.540000000000012
2026-03-22T21:53:24.965292,2524.3179999999998,2427.178,84.6,-488.2220000000002,12.540000000000012
2026-03-22T21:53:26.009358,2524.3179999999998,2427.178,84.6,-488.2220000000002,12.540000000000012
2026-03-22T21:53:27.049549,2524.3179999999998,2427.178,84.6,-488.2220000000002,12.540000000000012
2026-03-22T21:53:28.097720,2524.3179999999998,2427.178,84.6,-488.2220000000002,12.540000000000012
2026-03-22T21:53:29.136289,2524.3179999999998,2427.178,84.6,-488.2220000000002,12.540000000000012
2026-03-22T21:53:30.168809,2516.008,2427.178,84.6,-488.2220000000002,4.230000000000004
2026-03-22T21:53:31.198318,2516.008,2306.3379999999997,205.44,-488.2220000000002,4.230000000000004
2026-03-22T21:53:32.228329,2516.008,2306.3379999999997,205.44,-488.2220000000002,4.230000000000004
2026-03-22T21:53:33.263038,2516.008,2306.3379999999997,205.44,-488.2220000000002,4.230000000000004
2026-03-22T21:53:34.287380,2516.008,2306.3379999999997,205.44,-488.2220000000002,4.230000000000004
2026-03-22T21:53:35.315041,2516.008,2306.3379999999997,205.44,-488.2220000000002,4.230000000000004
2026-03-22T21:53:36.347396,2516.008,2306.3379999999997,205.44,-488.2220000000002,4.230000000000004
2026-03-22T21:53:37.393370,2515.498,2305.828,205.44,-488.7320000000002,4.230000000000004
2026-03-22T21:53:38.422782,2515.498,2305.828,205.44,-488.7320000000002,4.230000000000004
2026-03-22T21:53:39.444999,2515.498,2305.828,205.44,-488.7320000000002,4.230000000000004
2026-03-22T21:53:40.465470,2515.498,2305.828,205.44,-488.7320000000002,4.230000000000004
2026-03-22T21:53:41.505497,2515.498,2305.828,205.44,-488.7320000000002,4.230000000000004
2026-03-22T21:53:42.545995,2515.498,2305.828,205.44,-488.7320000000002,4.230000000000004
2026-03-22T21:53:43.629809,2515.498,2305.828,205.44,-488.7320000000002,4.230000000000004
2026-03-22T21:53:44.660846,2515.498,2305.828,205.44,-488.7320000000002,4.230000000000004
2026-03-22T21:53:45.682601,2515.498,2305.828,205.44,-488.7320000000002,4.230000000000004
2026-03-22T21:53:46.716852,2515.498,2305.828,205.44,-488.7320000000002,4.230000000000004
2026-03-22T21:53:47.751775,2515.498,2305.828,205.44,-488.7320000000002,4.230000000000004
2026-03-22T21:53:48.779843,2515.498,2305.828,205.44,-488.7320000000002,4.230000000000004
2026-03-22T21:53:49.813828,2515.498,2305.828,205.44,-488.7320000000002,4.230000000000004
2026-03-22T21:53:50.846390,2491.198,2360.8179999999998,120.84,-518.3420000000002,9.540000000000008
2026-03-22T21:53:51.883931,2491.198,2360.8179999999998,120.84,-518.3420000000002,9.540000000000008
2026-03-22T21:53:52.932784,2491.198,2360.8179999999998,120.84,-518.3420000000002,9.540000000000008
2026-03-22T21:53:53.951454,2491.198,2360.8179999999998,120.84,-518.3420000000002,9.540000000000008
2026-03-22T21:53:54.972736,2491.198,2360.8179999999998,120.84,-518.3420000000002,9.540000000000008
2026-03-22T21:53:56.028387,2491.198,2360.8179999999998,120.84,-518.3420000000002,9.540000000000008
2026-03-22T21:53:57.068550,2491.198,2360.8179999999998,120.84,-518.3420000000002,9.540000000000008
2026-03-22T21:53:58.100788,2491.198,2360.8179999999998,120.84,-518.3420000000002,9.540000000000008
2026-03-22T21:53:59.121357,2491.198,2360.8179999999998,120.84,-518.3420000000002,9.540000000000008
2026-03-22T21:54:00.144064,2491.198,2360.8179999999998,120.84,-518.3420000000002,9.540000000000008
2026-03-22T21:54:01.168011,2491.198,2360.8179999999998,120.84,-518.3420000000002,9.540000000000008
2026-03-22T21:54:02.189556,2491.198,2360.8179999999998,120.84,-518.3420000000002,9.540000000000008
2026-03-22T21:54:03.205974,2491.198,2360.8179999999998,120.84,-518.3420000000002,9.540000000000008
2026-03-22T21:54:04.239934,2491.198,2360.8179999999998,120.84,-518.3420000000002,9.540000000000008
2026-03-22T21:54:05.265712,2491.198,2360.8179999999998,120.84,-518.3420000000002,9.540000000000008
2026-03-22T21:54:06.303766,2491.198,2360.8179999999998,120.84,-518.3420000000002,9.540000000000008
2026-03-22T21:54:07.379709,2491.198,2360.8179999999998,120.84,-518.3420000000002,9.540000000000008
2026-03-22T21:54:08.416755,2491.198,2360.8179999999998,120.84,-518.3420000000002,9.540000000000008
2026-03-22T21:54:09.456697,2386.258,2386.258,0.0,-613.7420000000002,0
2026-03-22T21:54:10.493393,2386.258,2386.258,0.0,-613.7420000000002,0
2026-03-22T21:54:11.524253,2386.258,2386.258,0.0,-613.7420000000002,0
2026-03-22T21:54:12.553751,2386.258,2386.258,0.0,-613.7420000000002,0
2026-03-22T21:54:13.580862,2386.258,2386.258,0.0,-613.7420000000002,0
2026-03-22T21:54:14.608874,2386.258,2386.258,0.0,-613.7420000000002,0
2026-03-22T21:54:15.630858,2386.258,2386.258,0.0,-613.7420000000002,0
2026-03-22T21:54:16.664815,2386.258,2386.258,0.0,-613.7420000000002,0
2026-03-22T21:54:17.696557,2386.258,2386.258,0.0,-613.7420000000002,0
2026-03-22T21:54:18.725439,2386.258,2386.258,0.0,-613.7420000000002,0
2026-03-22T21:54:19.748354,2386.258,2386.258,0.0,-613.7420000000002,0
2026-03-22T21:54:20.778147,2386.258,2386.258,0.0,-613.7420000000002,0
2026-03-22T21:54:21.814350,2386.258,2386.258,0.0,-613.7420000000002,0
2026-03-22T21:54:22.839378,2386.258,2386.258,0.0,-613.7420000000002,0
2026-03-22T21:54:23.872739,2386.258,2386.258,0.0,-613.7420000000002,0
2026-03-22T21:54:24.903877,2386.258,2386.258,0.0,-613.7420000000002,0
2026-03-22T21:54:25.943074,2386.258,2386.258,0.0,-613.7420000000002,0
2026-03-22T21:54:26.966786,2386.258,2386.258,0.0,-613.7420000000002,0
2026-03-22T21:54:27.997237,2386.258,2386.258,0.0,-613.7420000000002,0
2026-03-22T21:54:29.033676,2386.258,2386.258,0.0,-613.7420000000002,0
2026-03-22T21:54:30.088049,2386.258,2386.258,0.0,-613.7420000000002,0
2026-03-22T21:54:31.175127,2386.258,2386.258,0.0,-613.7420000000002,0
2026-03-22T21:54:32.219933,2386.258,2386.258,0.0,-613.7420000000002,0
2026-03-22T21:54:33.259674,2386.258,2386.258,0.0,-613.7420000000002,0
2026-03-22T21:54:34.281435,2386.258,2386.258,0.0,-613.7420000000002,0
2026-03-22T21:54:35.316152,2386.258,2386.258,0.0,-613.7420000000002,0
2026-03-22T21:54:36.343238,2386.258,2386.258,0.0,-613.7420000000002,0
2026-03-22T21:54:37.374796,2386.258,2386.258,0.0,-613.7420000000002,0
2026-03-22T21:54:38.409118,2386.258,2386.258,0.0,-613.7420000000002,0
2026-03-22T21:54:39.430411,2386.258,2386.258,0.0,-613.7420000000002,0
2026-03-22T21:54:40.471788,2386.258,2386.258,0.0,-613.7420000000002,0
2026-03-22T21:54:41.504613,2386.258,2386.258,0.0,-613.7420000000002,0
2026-03-22T21:54:42.536105,2386.258,2386.258,0.0,-613.7420000000002,0
2026-03-22T21:54:43.567647,2386.258,2386.258,0.0,-613.7420000000002,0
2026-03-22T21:54:44.598081,2386.258,2386.258,0.0,-613.7420000000002,0
2026-03-22T21:54:45.619553,2386.258,2386.258,0.0,-613.7420000000002,0
2026-03-22T21:54:46.648666,2386.258,2386.258,0.0,-613.7420000000002,0
2026-03-22T21:54:47.676900,2386.258,2386.258,0.0,-613.7420000000002,0
2026-03-22T21:54:48.699819,2386.258,2386.258,0.0,-613.7420000000002,0
2026-03-22T21:54:49.737006,2386.258,2386.258,0.0,-613.7420000000002,0
2026-03-22T21:54:50.778412,2386.258,2386.258,0.0,-613.7420000000002,0
2026-03-22T21:54:51.814280,2386.258,2386.258,0.0,-613.7420000000002,0
2026-03-22T21:54:52.835084,2386.258,2386.258,0.0,-613.7420000000002,0
2026-03-22T21:54:53.863187,2386.258,2386.258,0.0,-613.7420000000002,0
2026-03-22T21:54:54.963706,2386.258,2386.258,0.0,-613.7420000000002,0
2026-03-22T21:54:55.989668,2386.258,2386.258,0.0,-613.7420000000002,0
2026-03-22T21:54:57.017305,2386.258,2386.258,0.0,-613.7420000000002,0
2026-03-22T21:54:58.041716,2386.258,2386.258,0.0,-613.7420000000002,0
2026-03-22T21:54:59.074374,2386.258,2386.258,0.0,-613.7420000000002,0
2026-03-22T21:55:00.094665,2386.258,2386.258,0.0,-613.7420000000002,0
2026-03-22T21:55:01.119707,2386.258,2386.258,0.0,-613.7420000000002,0
2026-03-22T21:55:02.153188,2386.258,2386.258,0.0,-613.7420000000002,0
2026-03-22T21:55:03.171534,2386.258,2386.258,0.0,-613.7420000000002,0
2026-03-22T21:55:04.202325,2386.258,2386.258,0.0,-613.7420000000002,0
2026-03-22T21:55:05.229944,2386.258,2386.258,0.0,-613.7420000000002,0
2026-03-22T21:55:06.255679,2386.258,2386.258,0.0,-613.7420000000002,0
2026-03-22T21:55:07.272906,2386.258,2386.258,0.0,-613.7420000000002,0
2026-03-22T21:55:08.301561,2386.258,2386.258,0.0,-613.7420000000002,0
2026-03-22T21:55:09.336563,2386.258,2386.258,0.0,-613.7420000000002,0
2026-03-22T21:55:10.369842,2386.258,2386.258,0.0,-613.7420000000002,0
2026-03-22T21:55:11.393248,2386.258,2386.258,0.0,-613.7420000000002,0
2026-03-22T21:55:12.420875,2386.258,2386.258,0.0,-613.7420000000002,0
2026-03-22T21:55:13.465843,2386.258,2386.258,0.0,-613.7420000000002,0
2026-03-22T21:55:14.489158,2386.258,2386.258,0.0,-613.7420000000002,0
2026-03-22T21:55:15.519100,2386.258,2386.258,0.0,-613.7420000000002,0
2026-03-22T21:55:16.554900,2386.258,2386.258,0.0,-613.7420000000002,0
2026-03-22T21:55:17.593067,2386.258,2386.258,0.0,-613.7420000000002,0
2026-03-22T21:55:18.670214,2386.258,2386.258,0.0,-613.7420000000002,0
2026-03-22T21:55:19.707340,2386.258,2386.258,0.0,-613.7420000000002,0
2026-03-22T21:55:20.735456,2386.258,2386.258,0.0,-613.7420000000002,0
2026-03-22T21:55:21.769050,2386.258,2386.258,0.0,-613.7420000000002,0
2026-03-22T21:55:22.795709,2386.258,2386.258,0.0,-613.7420000000002,0
2026-03-22T21:55:23.822733,2386.258,2386.258,0.0,-613.7420000000002,0
2026-03-22T21:55:24.854917,2386.258,2386.258,0.0,-613.7420000000002,0
2026-03-22T21:55:25.890143,2386.258,2386.258,0.0,-613.7420000000002,0
2026-03-22T21:55:26.922361,2386.258,2386.258,0.0,-613.7420000000002,0
2026-03-22T21:55:27.958404,2386.258,2386.258,0.0,-613.7420000000002,0
2026-03-22T21:55:28.981583,2386.258,2386.258,0.0,-613.7420000000002,0
2026-03-22T21:55:30.007361,2386.258,2386.258,0.0,-613.7420000000002,0
2026-03-22T21:55:31.037591,2386.258,2386.258,0.0,-613.7420000000002,0
2026-03-22T21:55:32.082620,2386.258,2386.258,0.0,-613.7420000000002,0
2026-03-22T21:55:33.110827,2386.258,2386.258,0.0,-613.7420000000002,0
2026-03-22T21:55:34.157450,2386.258,2386.258,0.0,-613.7420000000002,0
2026-03-22T21:55:35.184897,2386.258,2386.258,0.0,-613.7420000000002,0
2026-03-22T21:55:36.210946,2386.258,2386.258,0.0,-613.7420000000002,0
2026-03-22T21:55:37.240091,2386.258,2386.258,0.0,-613.7420000000002,0
2026-03-22T21:55:38.261964,2386.258,2386.258,0.0,-613.7420000000002,0
2026-03-22T21:55:39.284573,2386.258,2386.258,0.0,-613.7420000000002,0
2026-03-22T21:55:40.304925,2386.258,2386.258,0.0,-613.7420000000002,0
2026-03-22T21:55:41.371376,2386.258,2386.258,0.0,-613.7420000000002,0
2026-03-22T21:55:42.392180,2386.258,2386.258,0.0,-613.7420000000002,0
2026-03-22T21:55:43.412802,2386.258,2386.258,0.0,-613.7420000000002,0
2026-03-22T21:55:44.429379,2386.258,2386.258,0.0,-613.7420000000002,0
2026-03-22T21:55:45.454698,2386.258,2386.258,0.0,-613.7420000000002,0
2026-03-22T21:55:46.482826,2386.258,2386.258,0.0,-613.7420000000002,0
2026-03-22T21:55:47.511713,2386.258,2386.258,0.0,-613.7420000000002,0
2026-03-22T21:55:48.537359,2386.258,2386.258,0.0,-613.7420000000002,0
2026-03-22T21:55:49.556996,2386.258,2386.258,0.0,-613.7420000000002,0
2026-03-22T21:55:50.568016,2386.258,2386.258,0.0,-613.7420000000002,0
2026-03-22T21:55:51.599328,2386.258,2386.258,0.0,-613.7420000000002,0
2026-03-22T21:55:52.629221,2386.258,2386.258,0.0,-613.7420000000002,0
2026-03-22T21:55:53.662821,2386.258,2386.258,0.0,-613.7420000000002,0
2026-03-22T21:55:54.696957,2386.258,2386.258,0.0,-613.7420000000002,0
2026-03-22T21:55:55.731553,2386.258,2386.258,0.0,-613.7420000000002,0
2026-03-22T21:55:56.762642,2386.258,2386.258,0.0,-613.7420000000002,0
2026-03-22T21:55:57.795586,2386.258,2386.258,0.0,-613.7420000000002,0
2026-03-22T21:55:58.829301,2386.258,2386.258,0.0,-613.7420000000002,0
2026-03-22T21:55:59.861219,2386.258,2386.258,0.0,-613.7420000000002,0
2026-03-22T21:56:00.893286,2386.258,2386.258,0.0,-613.7420000000002,0
2026-03-22T21:56:01.931449,2386.258,2386.258,0.0,-613.7420000000002,0
2026-03-22T21:56:02.969296,2386.258,2386.258,0.0,-613.7420000000002,0
2026-03-22T21:56:04.041782,2386.258,2386.258,0.0,-613.7420000000002,0
2026-03-22T21:56:05.078379,2386.258,2386.258,0.0,-613.7420000000002,0
2026-03-22T21:56:06.100049,2386.258,2386.258,0.0,-613.7420000000002,0
2026-03-22T21:56:07.135485,2386.258,2386.258,0.0,-613.7420000000002,0
2026-03-22T21:56:08.172838,2386.258,2386.258,0.0,-613.7420000000002,0
2026-03-22T21:56:09.217690,2386.258,2386.258,0.0,-613.7420000000002,0
2026-03-22T21:56:10.253821,2386.258,2386.258,0.0,-613.7420000000002,0
2026-03-22T21:56:11.276913,2386.258,2386.258,0.0,-613.7420000000002,0
2026-03-22T21:56:12.318903,2386.258,2386.258,0.0,-613.7420000000002,0
2026-03-22T21:56:13.350602,2386.258,2386.258,0.0,-613.7420000000002,0
2026-03-22T21:56:14.376785,2386.258,2386.258,0.0,-613.7420000000002,0
2026-03-22T21:56:15.411339,2386.258,2386.258,0.0,-613.7420000000002,0
2026-03-22T21:56:16.453190,2386.258,2386.258,0.0,-613.7420000000002,0
2026-03-22T21:56:17.483077,2386.258,2386.258,0.0,-613.7420000000002,0
2026-03-22T21:56:18.519681,2386.258,2386.258,0.0,-613.7420000000002,0
2026-03-22T21:56:19.561276,2386.258,2386.258,0.0,-613.7420000000002,0
2026-03-22T21:56:20.590847,2386.258,2386.258,0.0,-613.7420000000002,0
2026-03-22T21:56:21.610588,2386.258,2386.258,0.0,-613.7420000000002,0
2026-03-22T21:56:22.647977,2386.258,2386.258,0.0,-613.7420000000002,0
2026-03-22T21:56:23.667214,2386.258,2386.258,0.0,-613.7420000000002,0
2026-03-22T21:56:24.703845,2386.258,2386.258,0.0,-613.7420000000002,0
2026-03-22T21:56:25.739712,2386.258,2386.258,0.0,-613.7420000000002,0
2026-03-22T21:56:26.781054,2386.258,2386.258,0.0,-613.7420000000002,0
2026-03-22T21:56:27.849947,2386.258,2386.258,0.0,-613.7420000000002,0
2026-03-22T21:56:28.882479,2386.258,2386.258,0.0,-613.7420000000002,0
2026-03-22T21:56:29.919664,2386.258,2386.258,0.0,-613.7420000000002,0
2026-03-22T21:56:30.955391,2386.258,2386.258,0.0,-613.7420000000002,0
2026-03-22T21:56:31.987468,2386.258,2386.258,0.0,-613.7420000000002,0
2026-03-22T21:56:33.011781,2386.258,2386.258,0.0,-613.7420000000002,0
2026-03-22T21:56:34.032346,2386.258,2386.258,0.0,-613.7420000000002,0
2026-03-22T21:56:35.053350,2386.258,2386.258,0.0,-613.7420000000002,0
2026-03-22T21:56:36.079538,2386.258,2386.258,0.0,-613.7420000000002,0
2026-03-22T21:56:37.105533,2386.258,2386.258,0.0,-613.7420000000002,0
2026-03-22T21:56:38.135000,2386.258,2386.258,0.0,-613.7420000000002,0
2026-03-22T21:56:39.154837,2386.258,2386.258,0.0,-613.7420000000002,0
2026-03-22T21:56:40.186693,2386.258,2386.258,0.0,-613.7420000000002,0
2026-03-22T21:56:41.210698,2386.258,2386.258,0.0,-613.7420000000002,0
2026-03-22T21:56:42.230621,2386.258,2386.258,0.0,-613.7420000000002,0
2026-03-22T21:56:43.255584,2386.258,2386.258,0.0,-613.7420000000002,0
2026-03-22T21:56:44.290569,2386.258,2386.258,0.0,-613.7420000000002,0
2026-03-22T21:56:45.315919,2386.258,2386.258,0.0,-613.7420000000002,0
2026-03-22T21:56:46.349883,2386.258,2386.258,0.0,-613.7420000000002,0
2026-03-22T21:56:47.391571,2386.258,2386.258,0.0,-613.7420000000002,0
2026-03-22T21:56:48.424469,2386.258,2386.258,0.0,-613.7420000000002,0
2026-03-22T21:56:49.460494,2386.258,2386.258,0.0,-613.7420000000002,0
2026-03-22T21:56:50.546241,2386.258,2386.258,0.0,-613.7420000000002,0
2026-03-22T21:56:51.586278,2386.258,2386.258,0.0,-613.7420000000002,0
2026-03-22T21:56:52.611324,2386.258,2386.258,0.0,-613.7420000000002,0
2026-03-22T21:56:53.644609,2386.258,2386.258,0.0,-613.7420000000002,0
2026-03-22T21:56:54.679524,2386.258,2386.258,0.0,-613.7420000000002,0
2026-03-22T21:56:55.704651,2386.258,2386.258,0.0,-613.7420000000002,0
2026-03-22T21:56:56.725124,2386.258,2386.258,0.0,-613.7420000000002,0
2026-03-22T21:56:57.748720,2386.258,2386.258,0.0,-613.7420000000002,0
2026-03-22T21:56:58.777928,2386.258,2386.258,0.0,-613.7420000000002,0
2026-03-22T21:56:59.801426,2386.258,2386.258,0.0,-613.7420000000002,0
2026-03-22T21:57:00.826516,2386.258,2386.258,0.0,-613.7420000000002,0
2026-03-22T21:57:01.859126,2386.258,2386.258,0.0,-613.7420000000002,0
2026-03-22T21:57:02.887622,2386.258,2386.258,0.0,-613.7420000000002,0
2026-03-22T21:57:03.917982,2386.258,2386.258,0.0,-613.7420000000002,0
2026-03-22T21:57:04.942136,2386.258,2386.258,0.0,-613.7420000000002,0
2026-03-22T21:57:05.967553,2386.258,2386.258,0.0,-613.7420000000002,0
2026-03-22T21:57:06.993074,2386.258,2386.258,0.0,-613.7420000000002,0
2026-03-22T21:57:08.034278,2386.258,2386.258,0.0,-613.7420000000002,0
2026-03-22T21:57:09.059387,2386.258,2386.258,0.0,-613.7420000000002,0
2026-03-22T21:57:10.092714,2386.258,2386.258,0.0,-613.7420000000002,0
2026-03-22T21:57:11.127277,2386.258,2386.258,0.0,-613.7420000000002,0
2026-03-22T21:57:12.151720,2386.258,2386.258,0.0,-613.7420000000002,0
2026-03-22T21:57:13.179364,2386.258,2386.258,0.0,-613.7420000000002,0
2026-03-22T21:57:14.262396,2386.258,2386.258,0.0,-613.7420000000002,0
2026-03-22T21:57:15.288695,2386.258,2386.258,0.0,-613.7420000000002,0
2026-03-22T21:57:16.319016,2386.258,2386.258,0.0,-613.7420000000002,0
2026-03-22T21:57:17.460696,2386.258,2386.258,0.0,-613.7420000000002,0
2026-03-22T21:57:18.484362,2386.258,2386.258,0.0,-613.7420000000002,0
2026-03-22T21:57:19.506747,2386.258,2386.258,0.0,-613.7420000000002,0
2026-03-22T21:57:20.534799,2386.258,2386.258,0.0,-613.7420000000002,0
2026-03-22T21:57:21.564989,2386.258,2386.258,0.0,-613.7420000000002,0
2026-03-22T21:57:22.596118,2386.258,2386.258,0.0,-613.7420000000002,0
2026-03-22T21:57:23.627995,2386.258,2386.258,0.0,-613.7420000000002,0
2026-03-22T21:57:24.667484,2386.258,2386.258,0.0,-613.7420000000002,0
2026-03-22T21:57:25.700827,2386.258,2386.258,0.0,-613.7420000000002,0
2026-03-22T21:57:26.727462,2386.258,2386.258,0.0,-613.7420000000002,0
2026-03-22T21:57:27.761553,2386.258,2386.258,0.0,-613.7420000000002,0
2026-03-22T21:57:28.799868,2386.258,2386.258,0.0,-613.7420000000002,0
2026-03-22T21:57:29.833647,2386.258,2386.258,0.0,-613.7420000000002,0
2026-03-22T21:57:30.865637,2386.258,2386.258,0.0,-613.7420000000002,0
2026-03-22T21:57:31.900424,2386.258,2386.258,0.0,-613.7420000000002,0
2026-03-22T21:57:32.927326,2386.258,2386.258,0.0,-613.7420000000002,0
2026-03-22T21:57:33.950039,2386.258,2386.258,0.0,-613.7420000000002,0
2026-03-22T21:57:34.974615,2386.258,2386.258,0.0,-613.7420000000002,0
2026-03-22T21:57:35.996786,2386.258,2386.258,0.0,-613.7420000000002,0
2026-03-22T21:57:37.036843,2386.258,2386.258,0.0,-613.7420000000002,0
2026-03-22T21:57:38.127095,2386.258,2386.258,0.0,-613.7420000000002,0
2026-03-22T21:57:39.153856,2386.258,2386.258,0.0,-613.7420000000002,0
2026-03-22T21:57:40.184668,2386.258,2386.258,0.0,-613.7420000000002,0
2026-03-22T21:57:41.219355,2386.258,2386.258,0.0,-613.7420000000002,0
2026-03-22T21:57:42.250722,2386.258,2386.258,0.0,-613.7420000000002,0
2026-03-22T21:57:43.280773,2386.258,2386.258,0.0,-613.7420000000002,0
2026-03-22T21:57:44.314610,2386.258,2386.258,0.0,-613.7420000000002,0
2026-03-22T21:57:45.336298,2386.258,2386.258,0.0,-613.7420000000002,0
2026-03-22T21:57:46.374607,2386.258,2386.258,0.0,-613.7420000000002,0
2026-03-22T21:57:47.396256,2386.258,2386.258,0.0,-613.7420000000002,0
2026-03-22T21:57:48.434088,2386.258,2386.258,0.0,-613.7420000000002,0
2026-03-22T21:57:49.470739,2386.258,2386.258,0.0,-613.7420000000002,0
2026-03-22T21:57:50.491426,2386.258,2386.258,0.0,-613.7420000000002,0
2026-03-22T21:57:51.517600,2386.258,2386.258,0.0,-613.7420000000002,0
2026-03-22T21:57:52.548003,2386.258,2386.258,0.0,-613.7420000000002,0
2026-03-22T21:57:53.574682,2386.258,2386.258,0.0,-613.7420000000002,0
2026-03-22T21:57:54.604934,2386.258,2386.258,0.0,-613.7420000000002,0
2026-03-22T21:57:55.636658,2386.258,2386.258,0.0,-613.7420000000002,0
2026-03-22T21:57:56.662130,2386.258,2386.258,0.0,-613.7420000000002,0
2026-03-22T21:57:57.690532,2386.258,2386.258,0.0,-613.7420000000002,0
2026-03-22T21:57:58.724232,2386.258,2386.258,0.0,-613.7420000000002,0
2026-03-22T21:57:59.758862,2386.258,2386.258,0.0,-613.7420000000002,0
2026-03-22T21:58:00.818637,2386.258,2386.258,0.0,-613.7420000000002,0
2026-03-22T21:58:01.858840,2386.258,2386.258,0.0,-613.7420000000002,0
2026-03-22T21:58:02.883792,2386.258,2386.258,0.0,-613.7420000000002,0
2026-03-22T21:58:03.911151,2386.258,2386.258,0.0,-613.7420000000002,0
2026-03-22T21:58:04.945543,2386.258,2386.258,0.0,-613.7420000000002,0
2026-03-22T21:58:05.976391,2386.258,2386.258,0.0,-613.7420000000002,0
2026-03-22T21:58:07.018933,2386.258,2386.258,0.0,-613.7420000000002,0
2026-03-22T21:58:08.040692,2386.258,2386.258,0.0,-613.7420000000002,0
2026-03-22T21:58:09.082274,2386.258,2386.258,0.0,-613.7420000000002,0
2026-03-22T21:58:10.114474,2386.258,2386.258,0.0,-613.7420000000002,0
2026-03-22T21:58:11.153180,2386.258,2386.258,0.0,-613.7420000000002,0
2026-03-22T21:58:12.178996,2386.258,2386.258,0.0,-613.7420000000002,0
2026-03-22T21:58:13.200507,2386.258,2386.258,0.0,-613.7420000000002,0
2026-03-22T21:58:14.240277,2386.258,2386.258,0.0,-613.7420000000002,0
2026-03-22T21:58:15.260560,2386.258,2386.258,0.0,-613.7420000000002,0
2026-03-22T21:58:16.293534,2386.258,2386.258,0.0,-613.7420000000002,0
2026-03-22T21:58:17.335807,2386.258,2386.258,0.0,-613.7420000000002,0
2026-03-22T21:58:18.377191,2386.258,2386.258,0.0,-613.7420000000002,0
2026-03-22T21:58:19.412205,2386.258,2386.258,0.0,-613.7420000000002,0
2026-03-22T21:58:20.449270,2386.258,2386.258,0.0,-613.7420000000002,0
2026-03-22T21:58:21.481848,2386.258,2386.258,0.0,-613.7420000000002,0
2026-03-22T21:58:22.522896,2386.258,2386.258,0.0,-613.7420000000002,0
2026-03-22T21:58:23.556049,2386.258,2386.258,0.0,-613.7420000000002,0
2026-03-22T21:58:24.635020,2386.258,2386.258,0.0,-613.7420000000002,0
2026-03-22T21:58:25.654322,2386.258,2386.258,0.0,-613.7420000000002,0
2026-03-22T21:58:26.690111,2386.258,2386.258,0.0,-613.7420000000002,0
2026-03-22T21:58:27.734523,2386.258,2386.258,0.0,-613.7420000000002,0
2026-03-22T21:58:28.782585,2386.258,2386.258,0.0,-613.7420000000002,0
2026-03-22T21:58:29.815145,2386.258,2386.258,0.0,-613.7420000000002,0
2026-03-22T21:58:30.838542,2386.258,2386.258,0.0,-613.7420000000002,0
2026-03-22T21:58:31.881428,2386.258,2386.258,0.0,-613.7420000000002,0
2026-03-22T21:58:32.901438,2386.258,2267.308,118.95,-613.7420000000002,0
2026-03-22T21:58:33.931394,2386.258,2267.308,118.95,-613.7420000000002,0
2026-03-22T21:58:34.961047,2386.258,2267.308,118.95,-613.7420000000002,0
2026-03-22T21:58:35.999898,2385.4379999999996,2266.488,118.95,-614.5620000000002,0.0
2026-03-22T21:58:37.043613,2385.4379999999996,2266.488,118.95,-614.5620000000002,0.0
2026-03-22T21:58:38.065696,2385.4379999999996,2266.488,118.95,-614.5620000000002,0.0
2026-03-22T21:58:39.097621,2385.4379999999996,2266.488,118.95,-614.5620000000002,0.0
2026-03-22T21:58:40.128130,2385.4379999999996,2266.488,118.95,-614.5620000000002,0.0
2026-03-22T21:58:41.150038,2385.4379999999996,2266.488,118.95,-614.5620000000002,0.0
2026-03-22T21:58:42.184397,2385.4379999999996,2266.488,118.95,-614.5620000000002,0.0
2026-03-22T21:58:43.218997,2385.4379999999996,2266.488,118.95,-614.5620000000002,0.0
2026-03-22T21:58:44.240685,2385.4379999999996,2266.488,118.95,-614.5620000000002,0.0
2026-03-22T21:58:45.265102,2385.4379999999996,2266.488,118.95,-614.5620000000002,0.0
2026-03-22T21:58:46.307545,2385.4379999999996,2266.488,118.95,-614.5620000000002,0.0
2026-03-22T21:58:47.393166,2385.4379999999996,2266.488,118.95,-614.5620000000002,0.0
2026-03-22T21:58:48.424914,2430.2879999999996,2266.488,118.95,-614.5620000000002,44.849999999999994
2026-03-22T21:58:49.455426,2430.2879999999996,2266.488,118.95,-614.5620000000002,44.849999999999994
2026-03-22T21:58:50.480593,2430.2879999999996,2266.488,118.95,-614.5620000000002,44.849999999999994
2026-03-22T21:58:51.521916,2430.2879999999996,2266.488,118.95,-614.5620000000002,44.849999999999994
2026-03-22T21:58:52.551496,2430.2879999999996,2266.488,118.95,-614.5620000000002,44.849999999999994
2026-03-22T21:58:53.582612,2430.2879999999996,2266.488,118.95,-614.5620000000002,44.849999999999994
2026-03-22T21:58:54.615642,2430.2879999999996,2266.488,118.95,-614.5620000000002,44.849999999999994
2026-03-22T21:58:55.639750,2430.2879999999996,2266.488,118.95,-614.5620000000002,44.849999999999994
2026-03-22T21:58:56.653842,2430.2879999999996,2266.488,118.95,-614.5620000000002,44.849999999999994
2026-03-22T21:58:57.700661,2430.2879999999996,2266.488,118.95,-614.5620000000002,44.849999999999994
2026-03-22T21:58:58.746821,2430.2879999999996,2266.488,118.95,-614.5620000000002,44.849999999999994
2026-03-22T21:58:59.768801,2430.2879999999996,2266.488,118.95,-614.5620000000002,44.849999999999994
2026-03-22T21:59:00.798265,2430.2879999999996,2266.488,118.95,-614.5620000000002,44.849999999999994
2026-03-22T21:59:01.824156,2430.2879999999996,2266.488,118.95,-614.5620000000002,44.849999999999994
2026-03-22T21:59:02.850188,2430.2879999999996,2266.488,118.95,-614.5620000000002,44.849999999999994
2026-03-22T21:59:03.877785,2430.2879999999996,2266.488,118.95,-614.5620000000002,44.849999999999994
2026-03-22T21:59:04.919850,2430.2879999999996,2266.488,118.95,-614.5620000000002,44.849999999999994
2026-03-22T21:59:05.947904,2430.2879999999996,2266.488,118.95,-614.5620000000002,44.849999999999994
2026-03-22T21:59:06.998161,2430.2879999999996,2266.488,118.95,-614.5620000000002,44.849999999999994
2026-03-22T21:59:08.032533,2381.6279999999997,2381.6279999999997,0.0,-618.3720000000003,0
2026-03-22T21:59:09.074850,2381.6279999999997,2381.6279999999997,0.0,-618.3720000000003,0
2026-03-22T21:59:10.109975,2381.6279999999997,2381.6279999999997,0.0,-618.3720000000003,0
2026-03-22T21:59:11.191742,2381.6279999999997,2381.6279999999997,0.0,-618.3720000000003,0
2026-03-22T21:59:12.246167,2381.6279999999997,2381.6279999999997,0.0,-618.3720000000003,0
2026-03-22T21:59:13.269928,2381.6279999999997,2381.6279999999997,0.0,-618.3720000000003,0
2026-03-22T21:59:14.293289,2381.6279999999997,2381.6279999999997,0.0,-618.3720000000003,0
2026-03-22T21:59:15.326462,2381.6279999999997,2381.6279999999997,0.0,-618.3720000000003,0
2026-03-22T21:59:16.358705,2381.6279999999997,2381.6279999999997,0.0,-618.3720000000003,0
2026-03-22T21:59:17.389572,2381.6279999999997,2381.6279999999997,0.0,-618.3720000000003,0
2026-03-22T21:59:18.417343,2381.6279999999997,2381.6279999999997,0.0,-618.3720000000003,0
2026-03-22T21:59:19.453828,2381.6279999999997,2381.6279999999997,0.0,-618.3720000000003,0
2026-03-22T21:59:20.474305,2381.6279999999997,2381.6279999999997,0.0,-618.3720000000003,0
2026-03-22T21:59:21.502127,2381.6279999999997,2381.6279999999997,0.0,-618.3720000000003,0
2026-03-22T21:59:22.531968,2381.6279999999997,2381.6279999999997,0.0,-618.3720000000003,0
2026-03-22T21:59:23.566540,2381.6279999999997,2381.6279999999997,0.0,-618.3720000000003,0
2026-03-22T21:59:24.594747,2381.6279999999997,2381.6279999999997,0.0,-618.3720000000003,0
2026-03-22T21:59:25.619391,2381.6279999999997,2381.6279999999997,0.0,-618.3720000000003,0
2026-03-22T21:59:26.650254,2381.6279999999997,2381.6279999999997,0.0,-618.3720000000003,0
2026-03-22T21:59:27.685554,2381.6279999999997,2381.6279999999997,0.0,-618.3720000000003,0
2026-03-22T21:59:28.732343,2381.6279999999997,2381.6279999999997,0.0,-618.3720000000003,0
2026-03-22T21:59:29.764266,2381.6279999999997,2381.6279999999997,0.0,-618.3720000000003,0
2026-03-22T21:59:30.795824,2381.6279999999997,2381.6279999999997,0.0,-618.3720000000003,0
2026-03-22T21:59:31.837746,2381.6279999999997,2381.6279999999997,0.0,-618.3720000000003,0
2026-03-22T21:59:32.871058,2381.6279999999997,2381.6279999999997,0.0,-618.3720000000003,0
2026-03-22T21:59:33.967885,2381.6279999999997,2381.6279999999997,0.0,-618.3720000000003,0
2026-03-22T21:59:35.008001,2381.6279999999997,2381.6279999999997,0.0,-618.3720000000003,0
2026-03-22T21:59:36.032663,2381.6279999999997,2381.6279999999997,0.0,-618.3720000000003,0
2026-03-22T21:59:37.064523,2381.6279999999997,2381.6279999999997,0.0,-618.3720000000003,0
2026-03-22T21:59:38.106222,2381.6279999999997,2381.6279999999997,0.0,-618.3720000000003,0
2026-03-22T21:59:39.141732,2381.6279999999997,2381.6279999999997,0.0,-618.3720000000003,0
2026-03-22T21:59:40.182485,2381.6279999999997,2381.6279999999997,0.0,-618.3720000000003,0
2026-03-22T21:59:41.216553,2381.6279999999997,2381.6279999999997,0.0,-618.3720000000003,0
2026-03-22T21:59:42.272928,2381.6279999999997,2381.6279999999997,0.0,-618.3720000000003,0
2026-03-22T21:59:43.290512,2381.6279999999997,2381.6279999999997,0.0,-618.3720000000003,0
2026-03-22T21:59:44.330549,2381.6279999999997,2381.6279999999997,0.0,-618.3720000000003,0
2026-03-22T21:59:45.355300,2381.6279999999997,2381.6279999999997,0.0,-618.3720000000003,0
2026-03-22T21:59:46.382004,2381.6279999999997,2381.6279999999997,0.0,-618.3720000000003,0
2026-03-22T21:59:47.414840,2381.6279999999997,2381.6279999999997,0.0,-618.3720000000003,0
2026-03-22T21:59:48.447796,2381.6279999999997,2381.6279999999997,0.0,-618.3720000000003,0
2026-03-22T21:59:49.484321,2381.6279999999997,2381.6279999999997,0.0,-618.3720000000003,0
2026-03-22T21:59:50.523577,2381.6279999999997,2381.6279999999997,0.0,-618.3720000000003,0
2026-03-22T21:59:51.554418,2381.6279999999997,2381.6279999999997,0.0,-618.3720000000003,0
2026-03-22T21:59:52.581877,2381.6279999999997,2381.6279999999997,0.0,-618.3720000000003,0
2026-03-22T21:59:53.637672,2381.6279999999997,2381.6279999999997,0.0,-618.3720000000003,0
2026-03-22T21:59:54.657418,2381.6279999999997,2381.6279999999997,0.0,-618.3720000000003,0
2026-03-22T21:59:55.682247,2381.6279999999997,2381.6279999999997,0.0,-618.3720000000003,0
2026-03-22T21:59:56.715685,2381.6279999999997,2381.6279999999997,0.0,-618.3720000000003,0
2026-03-22T21:59:57.791000,2381.6279999999997,2381.6279999999997,0.0,-618.3720000000003,0
2026-03-22T21:59:58.820899,2381.6279999999997,2381.6279999999997,0.0,-618.3720000000003,0
2026-03-22T21:59:59.855445,2381.6279999999997,2381.6279999999997,0.0,-618.3720000000003,0
2026-03-22T22:00:00.870990,2381.6279999999997,2381.6279999999997,0.0,-618.3720000000003,0
2026-03-22T22:00:01.895371,2381.6279999999997,2381.6279999999997,0.0,-618.3720000000003,0
2026-03-22T22:00:02.931586,2381.6279999999997,2381.6279999999997,0.0,-618.3720000000003,0
2026-03-22T22:00:03.954509,2381.6279999999997,2381.6279999999997,0.0,-618.3720000000003,0
2026-03-22T22:00:04.993350,2381.6279999999997,2381.6279999999997,0.0,-618.3720000000003,0
2026-03-22T22:00:06.025625,2381.6279999999997,2381.6279999999997,0.0,-618.3720000000003,0
2026-03-22T22:00:07.132115,2381.6279999999997,2381.6279999999997,0.0,-618.3720000000003,0
2026-03-22T22:00:08.174910,2381.6279999999997,2381.6279999999997,0.0,-618.3720000000003,0
2026-03-22T22:00:09.209516,2381.6279999999997,2381.6279999999997,0.0,-618.3720000000003,0
2026-03-22T22:00:10.251459,2381.6279999999997,2381.6279999999997,0.0,-618.3720000000003,0
2026-03-22T22:00:11.286498,2381.6279999999997,2381.6279999999997,0.0,-618.3720000000003,0
2026-03-22T22:00:12.312457,2381.6279999999997,2381.6279999999997,0.0,-618.3720000000003,0
2026-03-22T22:00:13.331195,2381.6279999999997,2381.6279999999997,0.0,-618.3720000000003,0
2026-03-22T22:00:14.378385,2381.6279999999997,2381.6279999999997,0.0,-618.3720000000003,0
2026-03-22T22:00:15.410479,2381.6279999999997,2381.6279999999997,0.0,-618.3720000000003,0
2026-03-22T22:00:16.440633,2381.6279999999997,2381.6279999999997,0.0,-618.3720000000003,0
2026-03-22T22:00:17.474970,2381.6279999999997,2381.6279999999997,0.0,-618.3720000000003,0
2026-03-22T22:00:18.514152,2381.6279999999997,2381.6279999999997,0.0,-618.3720000000003,0
2026-03-22T22:00:19.545143,2381.6279999999997,2381.6279999999997,0.0,-618.3720000000003,0
2026-03-22T22:00:20.612223,2381.6279999999997,2381.6279999999997,0.0,-618.3720000000003,0
2026-03-22T22:00:21.652516,2381.6279999999997,2381.6279999999997,0.0,-618.3720000000003,0
2026-03-22T22:00:22.688882,2381.6279999999997,2381.6279999999997,0.0,-618.3720000000003,0
2026-03-22T22:00:23.712610,2381.6279999999997,2381.6279999999997,0.0,-618.3720000000003,0
2026-03-22T22:00:24.749839,2381.6279999999997,2381.6279999999997,0.0,-618.3720000000003,0
2026-03-22T22:00:25.790689,2381.6279999999997,2381.6279999999997,0.0,-618.3720000000003,0
2026-03-22T22:00:26.861755,2381.6279999999997,2381.6279999999997,0.0,-618.3720000000003,0
2026-03-22T22:00:27.894666,2381.6279999999997,2381.6279999999997,0.0,-618.3720000000003,0
2026-03-22T22:00:28.920482,2381.6279999999997,2381.6279999999997,0.0,-618.3720000000003,0
2026-03-22T22:00:29.965361,2381.6279999999997,2381.6279999999997,0.0,-618.3720000000003,0
2026-03-22T22:00:31.004165,2381.6279999999997,2381.6279999999997,0.0,-618.3720000000003,0
2026-03-22T22:00:32.024065,2381.6279999999997,2381.6279999999997,0.0,-618.3720000000003,0
2026-03-22T22:00:33.038274,2381.6279999999997,2381.6279999999997,0.0,-618.3720000000003,0
2026-03-22T22:00:34.062531,2381.6279999999997,2381.6279999999997,0.0,-618.3720000000003,0
2026-03-22T22:00:35.087683,2381.6279999999997,2381.6279999999997,0.0,-618.3720000000003,0
2026-03-22T22:00:36.121073,2381.6279999999997,2381.6279999999997,0.0,-618.3720000000003,0
2026-03-22T22:00:37.155583,2381.6279999999997,2381.6279999999997,0.0,-618.3720000000003,0
2026-03-22T22:00:38.197689,2381.6279999999997,2381.6279999999997,0.0,-618.3720000000003,0
2026-03-22T22:00:39.219328,2381.6279999999997,2381.6279999999997,0.0,-618.3720000000003,0
2026-03-22T22:00:40.273544,2381.6279999999997,2381.6279999999997,0.0,-618.3720000000003,0
2026-03-22T22:00:41.321115,2381.6279999999997,2381.6279999999997,0.0,-618.3720000000003,0
2026-03-22T22:00:42.367375,2381.6279999999997,2381.6279999999997,0.0,-618.3720000000003,0
2026-03-22T22:00:43.407478,2381.6279999999997,2381.6279999999997,0.0,-618.3720000000003,0
2026-03-22T22:00:44.498188,2381.6279999999997,2381.6279999999997,0.0,-618.3720000000003,0
2026-03-22T22:00:45.531388,2381.6279999999997,2381.6279999999997,0.0,-618.3720000000003,0
2026-03-22T22:00:46.565314,2381.6279999999997,2381.6279999999997,0.0,-618.3720000000003,0
2026-03-22T22:00:47.597912,2381.6279999999997,2381.6279999999997,0.0,-618.3720000000003,0
2026-03-22T22:00:48.620516,2381.6279999999997,2381.6279999999997,0.0,-618.3720000000003,0
2026-03-22T22:00:49.656377,2381.6279999999997,2381.6279999999997,0.0,-618.3720000000003,0
2026-03-22T22:00:50.691526,2381.6279999999997,2381.6279999999997,0.0,-618.3720000000003,0
2026-03-22T22:00:51.726773,2381.6279999999997,2381.6279999999997,0.0,-618.3720000000003,0
2026-03-22T22:00:52.755416,2381.6279999999997,2381.6279999999997,0.0,-618.3720000000003,0
2026-03-22T22:00:53.783050,2381.6279999999997,2381.6279999999997,0.0,-618.3720000000003,0
2026-03-22T22:00:54.824090,2381.6279999999997,2381.6279999999997,0.0,-618.3720000000003,0
2026-03-22T22:00:55.862453,2381.6279999999997,2381.6279999999997,0.0,-618.3720000000003,0
2026-03-22T22:00:56.891969,2381.6279999999997,2381.6279999999997,0.0,-618.3720000000003,0
2026-03-22T22:00:57.928648,2381.6279999999997,2381.6279999999997,0.0,-618.3720000000003,0
2026-03-22T22:00:58.954913,2381.6279999999997,2381.6279999999997,0.0,-618.3720000000003,0
2026-03-22T22:01:00.158930,2381.6279999999997,2381.6279999999997,0.0,-618.3720000000003,0
2026-03-22T22:01:01.180925,2381.6279999999997,2381.6279999999997,0.0,-618.3720000000003,0
2026-03-22T22:01:02.212680,2381.6279999999997,2381.6279999999997,0.0,-618.3720000000003,0
2026-03-22T22:01:03.241812,2381.6279999999997,2381.6279999999997,0.0,-618.3720000000003,0
2026-03-22T22:01:04.282097,2381.6279999999997,2381.6279999999997,0.0,-618.3720000000003,0
2026-03-22T22:01:05.307332,2381.6279999999997,2381.6279999999997,0.0,-618.3720000000003,0
2026-03-22T22:01:06.339952,2381.6279999999997,2381.6279999999997,0.0,-618.3720000000003,0
2026-03-22T22:01:07.421633,2381.6279999999997,2381.6279999999997,0.0,-618.3720000000003,0
2026-03-22T22:01:08.452743,2381.6279999999997,2381.6279999999997,0.0,-618.3720000000003,0
2026-03-22T22:01:09.518090,2381.6279999999997,2381.6279999999997,0.0,-618.3720000000003,0
2026-03-22T22:01:10.538994,2381.6279999999997,2381.6279999999997,0.0,-618.3720000000003,0
2026-03-22T22:01:11.569352,2381.6279999999997,2381.6279999999997,0.0,-618.3720000000003,0
2026-03-22T22:01:12.605165,2381.6279999999997,2381.6279999999997,0.0,-618.3720000000003,0
2026-03-22T22:01:13.628561,2381.6279999999997,2381.6279999999997,0.0,-618.3720000000003,0
2026-03-22T22:01:14.661105,2381.6279999999997,2381.6279999999997,0.0,-618.3720000000003,0
2026-03-22T22:01:15.692754,2381.6279999999997,2381.6279999999997,0.0,-618.3720000000003,0
2026-03-22T22:01:16.723405,2381.6279999999997,2381.6279999999997,0.0,-618.3720000000003,0
2026-03-22T22:01:17.750217,2381.6279999999997,2381.6279999999997,0.0,-618.3720000000003,0
2026-03-22T22:01:18.770543,2381.6279999999997,2381.6279999999997,0.0,-618.3720000000003,0
2026-03-22T22:01:19.804273,2381.6279999999997,2381.6279999999997,0.0,-618.3720000000003,0
2026-03-22T22:01:20.829107,2381.6279999999997,2381.6279999999997,0.0,-618.3720000000003,0
2026-03-22T22:01:21.850476,2381.6279999999997,2381.6279999999997,0.0,-618.3720000000003,0
2026-03-22T22:01:22.885121,2381.6279999999997,2381.6279999999997,0.0,-618.3720000000003,0
2026-03-22T22:01:23.915505,2381.6279999999997,2381.6279999999997,0.0,-618.3720000000003,0
2026-03-22T22:01:24.943982,2381.6279999999997,2381.6279999999997,0.0,-618.3720000000003,0
2026-03-22T22:01:25.989658,2381.6279999999997,2381.6279999999997,0.0,-618.3720000000003,0
2026-03-22T22:01:27.019481,2381.6279999999997,2381.6279999999997,0.0,-618.3720000000003,0
2026-03-22T22:01:28.055717,2381.6279999999997,2381.6279999999997,0.0,-618.3720000000003,0
2026-03-22T22:01:29.083723,2381.6279999999997,2381.6279999999997,0.0,-618.3720000000003,0
2026-03-22T22:01:30.118320,2381.6279999999997,2381.6279999999997,0.0,-618.3720000000003,0
2026-03-22T22:01:31.201860,2381.6279999999997,2381.6279999999997,0.0,-618.3720000000003,0
2026-03-22T22:01:32.227206,2381.6279999999997,2381.6279999999997,0.0,-618.3720000000003,0
2026-03-22T22:01:33.260909,2381.6279999999997,2381.6279999999997,0.0,-618.3720000000003,0
2026-03-22T22:01:34.294925,2381.6279999999997,2381.6279999999997,0.0,-618.3720000000003,0
2026-03-22T22:01:35.314585,2381.6279999999997,2381.6279999999997,0.0,-618.3720000000003,0
2026-03-22T22:01:36.339666,2381.6279999999997,2381.6279999999997,0.0,-618.3720000000003,0
2026-03-22T22:01:37.383816,2381.6279999999997,2381.6279999999997,0.0,-618.3720000000003,0
2026-03-22T22:01:38.417300,2381.6279999999997,2381.6279999999997,0.0,-618.3720000000003,0
2026-03-22T22:01:39.454147,2381.6279999999997,2381.6279999999997,0.0,-618.3720000000003,0
2026-03-22T22:01:40.476536,2381.6279999999997,2381.6279999999997,0.0,-618.3720000000003,0
2026-03-22T22:01:41.508154,2381.6279999999997,2381.6279999999997,0.0,-618.3720000000003,0
2026-03-22T22:01:42.550187,2381.6279999999997,2381.6279999999997,0.0,-618.3720000000003,0
2026-03-22T22:01:43.615118,2381.6279999999997,2381.6279999999997,0.0,-618.3720000000003,0
2026-03-22T22:01:44.655219,2381.6279999999997,2381.6279999999997,0.0,-618.3720000000003,0
2026-03-22T22:01:45.684984,2381.6279999999997,2381.6279999999997,0.0,-618.3720000000003,0
2026-03-22T22:01:46.709111,2381.6279999999997,2381.6279999999997,0.0,-618.3720000000003,0
2026-03-22T22:01:47.738977,2381.6279999999997,2381.6279999999997,0.0,-618.3720000000003,0
2026-03-22T22:01:48.801295,2381.6279999999997,2381.6279999999997,0.0,-618.3720000000003,0
2026-03-22T22:01:49.854497,2381.6279999999997,2381.6279999999997,0.0,-618.3720000000003,0
2026-03-22T22:01:50.886786,2381.6279999999997,2381.6279999999997,0.0,-618.3720000000003,0
2026-03-22T22:01:51.922842,2381.6279999999997,2381.6279999999997,0.0,-618.3720000000003,0
2026-03-22T22:01:52.969011,2381.6279999999997,2381.6279999999997,0.0,-618.3720000000003,0
2026-03-22T22:01:54.043625,2381.6279999999997,2263.0379999999996,118.58999999999999,-618.3720000000003,0
2026-03-22T22:01:55.065302,2381.6279999999997,2263.0379999999996,118.58999999999999,-618.3720000000003,0
2026-03-22T22:01:56.095476,2381.6279999999997,2263.0379999999996,118.58999999999999,-618.3720000000003,0
2026-03-22T22:01:57.136072,2380.7679999999996,2262.1779999999994,118.58999999999999,-619.2320000000003,0.0
2026-03-22T22:01:58.168458,2380.7679999999996,2262.1779999999994,118.58999999999999,-619.2320000000003,0.0
2026-03-22T22:01:59.340590,2380.7679999999996,2262.1779999999994,118.58999999999999,-619.2320000000003,0.0
2026-03-22T22:02:00.380960,2380.7679999999996,2262.1779999999994,118.58999999999999,-619.2320000000003,0.0
2026-03-22T22:02:01.413229,2380.7679999999996,2262.1779999999994,118.58999999999999,-619.2320000000003,0.0
2026-03-22T22:02:02.443443,2380.7679999999996,2262.1779999999994,118.58999999999999,-619.2320000000003,0.0
2026-03-22T22:02:03.462423,2380.7679999999996,2262.1779999999994,118.58999999999999,-619.2320000000003,0.0
2026-03-22T22:02:04.490706,2380.7679999999996,2262.1779999999994,118.58999999999999,-619.2320000000003,0.0
2026-03-22T22:02:05.590899,2380.7679999999996,2262.1779999999994,118.58999999999999,-619.2320000000003,0.0
2026-03-22T22:02:06.631107,2380.7679999999996,2262.1779999999994,118.58999999999999,-619.2320000000003,0.0
2026-03-22T22:02:07.658338,2380.7679999999996,2262.1779999999994,118.58999999999999,-619.2320000000003,0.0
2026-03-22T22:02:08.691316,2380.7679999999996,2262.1779999999994,118.58999999999999,-619.2320000000003,0.0
2026-03-22T22:02:09.730366,2380.7679999999996,2262.1779999999994,118.58999999999999,-619.2320000000003,0.0
2026-03-22T22:02:10.765425,2388.8079999999995,2262.1779999999994,118.58999999999999,-619.2320000000003,8.040000000000006
2026-03-22T22:02:11.798653,2388.8079999999995,2262.1779999999994,118.58999999999999,-619.2320000000003,8.040000000000006
2026-03-22T22:02:12.831069,2388.8079999999995,2262.1779999999994,118.58999999999999,-619.2320000000003,8.040000000000006
2026-03-22T22:02:13.862673,2388.8079999999995,2262.1779999999994,118.58999999999999,-619.2320000000003,8.040000000000006
2026-03-22T22:02:14.892139,2388.8079999999995,2262.1779999999994,118.58999999999999,-619.2320000000003,8.040000000000006
2026-03-22T22:02:15.915576,2388.8079999999995,2262.1779999999994,118.58999999999999,-619.2320000000003,8.040000000000006
2026-03-22T22:02:16.958853,2388.8079999999995,2262.1779999999994,118.58999999999999,-619.2320000000003,8.040000000000006
2026-03-22T22:02:18.033067,2388.8079999999995,2262.1779999999994,118.58999999999999,-619.2320000000003,8.040000000000006
2026-03-22T22:02:19.062747,2388.8079999999995,2262.1779999999994,118.58999999999999,-619.2320000000003,8.040000000000006
2026-03-22T22:02:20.081730,2388.8079999999995,2262.1779999999994,118.58999999999999,-619.2320000000003,8.040000000000006
2026-03-22T22:02:21.120008,2388.8079999999995,2262.1779999999994,118.58999999999999,-619.2320000000003,8.040000000000006
2026-03-22T22:02:22.153348,2388.8079999999995,2262.1779999999994,118.58999999999999,-619.2320000000003,8.040000000000006
2026-03-22T22:02:23.185535,2388.8079999999995,2262.1779999999994,118.58999999999999,-619.2320000000003,8.040000000000006
2026-03-22T22:02:24.232053,2388.8079999999995,2262.1779999999994,118.58999999999999,-619.2320000000003,8.040000000000006
2026-03-22T22:02:25.257044,2388.8079999999995,2262.1779999999994,118.58999999999999,-619.2320000000003,8.040000000000006
2026-03-22T22:02:26.289308,2388.8079999999995,2262.1779999999994,118.58999999999999,-619.2320000000003,8.040000000000006
2026-03-22T22:02:27.320132,2388.8079999999995,2262.1779999999994,118.58999999999999,-619.2320000000003,8.040000000000006
2026-03-22T22:02:28.353805,2388.8079999999995,2262.1779999999994,118.58999999999999,-619.2320000000003,8.040000000000006
2026-03-22T22:02:29.394802,2346.598,2346.598,0.0,-653.4020000000003,0
2026-03-22T22:02:30.418732,2346.598,2346.598,0.0,-653.4020000000003,0
2026-03-22T22:02:31.447231,2346.598,2346.598,0.0,-653.4020000000003,0
2026-03-22T22:02:32.481997,2346.598,2346.598,0.0,-653.4020000000003,0
2026-03-22T22:02:33.504943,2346.598,2346.598,0.0,-653.4020000000003,0
2026-03-22T22:02:34.523429,2346.598,2346.598,0.0,-653.4020000000003,0
2026-03-22T22:02:35.575464,2346.598,2346.598,0.0,-653.4020000000003,0
2026-03-22T22:02:36.605208,2346.598,2346.598,0.0,-653.4020000000003,0
2026-03-22T22:02:37.635428,2346.598,2346.598,0.0,-653.4020000000003,0
2026-03-22T22:02:38.656973,2346.598,2346.598,0.0,-653.4020000000003,0
2026-03-22T22:02:39.688762,2346.598,2346.598,0.0,-653.4020000000003,0
2026-03-22T22:02:40.730648,2346.598,2346.598,0.0,-653.4020000000003,0
2026-03-22T22:02:41.819469,2346.598,2346.598,0.0,-653.4020000000003,0
2026-03-22T22:02:42.855545,2346.598,2346.598,0.0,-653.4020000000003,0
2026-03-22T22:02:43.890463,2346.598,2346.598,0.0,-653.4020000000003,0
2026-03-22T22:02:44.932726,2346.598,2346.598,0.0,-653.4020000000003,0
