Timestamp,Equity,Cash,Exposure,Realized_PnL,Unrealized_PnL
2026-03-22T15:54:43.616995,3000.0,3000.0,0.0,0.0,0
2026-03-22T15:55:33.955433,3000.0,3000.0,0.0,0.0,0
2026-03-22T15:55:34.974469,3000.0,3000.0,0.0,0.0,0
2026-03-22T15:55:35.979918,3000.0,3000.0,0.0,0.0,0
2026-03-22T15:55:36.989326,3000.0,3000.0,0.0,0.0,0
2026-03-22T15:55:37.996013,3000.0,3000.0,0.0,0.0,0
2026-03-22T15:55:39.005824,3000.0,3000.0,0.0,0.0,0
2026-03-22T15:55:40.014052,3000.0,3000.0,0.0,0.0,0
2026-03-22T15:55:41.022735,3000.0,3000.0,0.0,0.0,0
2026-03-22T15:55:42.030719,3000.0,3000.0,0.0,0.0,0
2026-03-22T15:55:43.066251,3000.0,3000.0,0.0,0.0,0
2026-03-22T15:55:44.077633,3000.0,3000.0,0.0,0.0,0
2026-03-22T15:55:45.082304,3000.0,3000.0,0.0,0.0,0
2026-03-22T15:55:46.088496,3000.0,3000.0,0.0,0.0,0
2026-03-22T15:55:47.103509,3000.0,3000.0,0.0,0.0,0
2026-03-22T15:55:48.118357,3000.0,3000.0,0.0,0.0,0
2026-03-22T15:55:49.133734,3000.0,3000.0,0.0,0.0,0
2026-03-22T15:55:50.138143,3000.0,3000.0,0.0,0.0,0
2026-03-22T15:55:51.146316,3000.0,3000.0,0.0,0.0,0
2026-03-22T15:55:52.155155,3000.0,3000.0,0.0,0.0,0
2026-03-22T15:55:53.163127,3000.0,3000.0,0.0,0.0,0
2026-03-22T15:55:54.171200,3000.0,3000.0,0.0,0.0,0
2026-03-22T15:55:55.179521,3000.0,3000.0,0.0,0.0,0
2026-03-22T15:55:56.187624,3000.0,3000.0,0.0,0.0,0
2026-03-22T15:55:57.203531,3000.0,3000.0,0.0,0.0,0
2026-03-22T15:55:58.213873,3000.0,3000.0,0.0,0.0,0
2026-03-22T15:55:59.221221,3000.0,3000.0,0.0,0.0,0
2026-03-22T15:56:00.229428,3000.0,3000.0,0.0,0.0,0
2026-03-22T15:56:01.242893,3000.0,3000.0,0.0,0.0,0
2026-03-22T15:56:02.251372,3000.0,3000.0,0.0,0.0,0
2026-03-22T15:56:03.262899,3000.0,3000.0,0.0,0.0,0
2026-03-22T15:56:04.273797,3000.0,3000.0,0.0,0.0,0
2026-03-22T15:56:05.277283,3000.0,3000.0,0.0,0.0,0
2026-03-22T15:56:06.287732,3000.0,3000.0,0.0,0.0,0
2026-03-22T15:56:07.294010,3000.0,3000.0,0.0,0.0,0
2026-03-22T15:56:08.321392,3000.0,3000.0,0.0,0.0,0
2026-03-22T15:56:09.330871,3000.0,3000.0,0.0,0.0,0
2026-03-22T15:56:10.336452,3000.0,3000.0,0.0,0.0,0
2026-03-22T15:56:11.406995,3000.0,3000.0,0.0,0.0,0
2026-03-22T15:56:12.413313,3000.0,3000.0,0.0,0.0,0
2026-03-22T15:56:13.421669,3000.0,3000.0,0.0,0.0,0
2026-03-22T15:56:14.430188,3000.0,3000.0,0.0,0.0,0
2026-03-22T15:56:15.442225,3000.0,3000.0,0.0,0.0,0
2026-03-22T15:56:16.446224,3000.0,3000.0,0.0,0.0,0
2026-03-22T15:56:17.456401,3000.0,3000.0,0.0,0.0,0
2026-03-22T15:56:18.463698,3000.0,3000.0,0.0,0.0,0
2026-03-22T15:56:19.477503,3000.0,3000.0,0.0,0.0,0
2026-03-22T15:56:20.489000,3000.0,3000.0,0.0,0.0,0
2026-03-22T15:56:21.496561,3000.0,3000.0,0.0,0.0,0
2026-03-22T15:56:22.504767,3000.0,3000.0,0.0,0.0,0
2026-03-22T15:56:23.520708,3000.0,3000.0,0.0,0.0,0
2026-03-22T15:56:24.531983,3000.0,3000.0,0.0,0.0,0
2026-03-22T15:56:25.540306,3000.0,3000.0,0.0,0.0,0
2026-03-22T15:56:26.560735,3000.0,3000.0,0.0,0.0,0
2026-03-22T15:56:27.580037,3000.0,3000.0,0.0,0.0,0
2026-03-22T15:56:28.588046,3000.0,3000.0,0.0,0.0,0
2026-03-22T15:56:29.596042,3000.0,3000.0,0.0,0.0,0
2026-03-22T15:56:30.604548,3000.0,3000.0,0.0,0.0,0
2026-03-22T15:56:31.613066,3000.0,3000.0,0.0,0.0,0
2026-03-22T15:56:32.617977,3000.0,3000.0,0.0,0.0,0
2026-03-22T15:56:33.629685,3000.0,3000.0,0.0,0.0,0
2026-03-22T15:56:34.649187,3000.0,3000.0,0.0,0.0,0
2026-03-22T15:56:35.717541,3000.0,3000.0,0.0,0.0,0
2026-03-22T15:56:36.729532,3000.0,3000.0,0.0,0.0,0
2026-03-22T15:56:37.736150,3000.0,3000.0,0.0,0.0,0
2026-03-22T15:56:38.746199,3000.0,3000.0,0.0,0.0,0
2026-03-22T15:56:39.755071,3000.0,3000.0,0.0,0.0,0
2026-03-22T15:56:40.764928,3000.0,3000.0,0.0,0.0,0
2026-03-22T15:56:41.778320,3000.0,3000.0,0.0,0.0,0
2026-03-22T15:56:42.788165,3000.0,3000.0,0.0,0.0,0
2026-03-22T15:56:43.796638,3000.0,3000.0,0.0,0.0,0
2026-03-22T15:56:44.805822,3000.0,3000.0,0.0,0.0,0
2026-03-22T15:56:45.816793,3000.0,3000.0,0.0,0.0,0
2026-03-22T15:56:46.832305,3000.0,3000.0,0.0,0.0,0
2026-03-22T15:56:47.842732,3000.0,3000.0,0.0,0.0,0
2026-03-22T15:56:48.846044,3000.0,3000.0,0.0,0.0,0
2026-03-22T15:56:49.851731,3000.0,3000.0,0.0,0.0,0
2026-03-22T15:56:50.855028,3000.0,3000.0,0.0,0.0,0
2026-03-22T15:56:51.863182,3000.0,3000.0,0.0,0.0,0
2026-03-22T15:56:52.866838,3000.0,3000.0,0.0,0.0,0
2026-03-22T15:56:53.878543,3000.0,3000.0,0.0,0.0,0
2026-03-22T15:56:54.890763,3000.0,3000.0,0.0,0.0,0
2026-03-22T15:56:55.901147,3000.0,3000.0,0.0,0.0,0
2026-03-22T15:56:56.912420,3000.0,3000.0,0.0,0.0,0
2026-03-22T15:56:57.918121,3000.0,3000.0,0.0,0.0,0
2026-03-22T15:56:58.927401,3000.0,3000.0,0.0,0.0,0
2026-03-22T15:56:59.938849,3000.0,3000.0,0.0,0.0,0
2026-03-22T15:57:00.948163,3000.0,3000.0,0.0,0.0,0
2026-03-22T15:57:01.958743,3000.0,3000.0,0.0,0.0,0
2026-03-22T15:57:02.961302,3000.0,3000.0,0.0,0.0,0
2026-03-22T15:57:03.970113,3000.0,3000.0,0.0,0.0,0
2026-03-22T15:57:04.982797,3000.0,3000.0,0.0,0.0,0
2026-03-22T15:57:05.997128,3000.0,3000.0,0.0,0.0,0
2026-03-22T15:57:07.008495,3000.0,3000.0,0.0,0.0,0
2026-03-22T15:57:08.016641,3000.0,3000.0,0.0,0.0,0
2026-03-22T15:57:09.033024,3000.0,3000.0,0.0,0.0,0
2026-03-22T15:57:10.048267,3000.0,3000.0,0.0,0.0,0
2026-03-22T15:57:11.056332,3000.0,3000.0,0.0,0.0,0
2026-03-22T15:57:12.067407,3000.0,3000.0,0.0,0.0,0
2026-03-22T15:57:13.083104,3000.0,3000.0,0.0,0.0,0
2026-03-22T15:57:14.091568,3000.0,3000.0,0.0,0.0,0
2026-03-22T15:57:15.112732,3000.0,3000.0,0.0,0.0,0
2026-03-22T15:57:16.120986,3000.0,3000.0,0.0,0.0,0
2026-03-22T15:57:17.132725,3000.0,3000.0,0.0,0.0,0
2026-03-22T15:57:18.137511,3000.0,3000.0,0.0,0.0,0
2026-03-22T15:57:19.151412,3000.0,3000.0,0.0,0.0,0
2026-03-22T15:57:20.164898,3000.0,3000.0,0.0,0.0,0
2026-03-22T15:57:21.172697,3000.0,3000.0,0.0,0.0,0
2026-03-22T15:57:22.179360,3000.0,3000.0,0.0,0.0,0
2026-03-22T15:57:23.187518,3000.0,3000.0,0.0,0.0,0
2026-03-22T15:57:24.197177,3000.0,3000.0,0.0,0.0,0
2026-03-22T15:57:25.211786,3000.0,3000.0,0.0,0.0,0
2026-03-22T15:57:26.229479,3000.0,3000.0,0.0,0.0,0
2026-03-22T15:57:27.244172,3000.0,3000.0,0.0,0.0,0
2026-03-22T15:57:28.253539,3000.0,3000.0,0.0,0.0,0
2026-03-22T15:57:29.263111,3000.0,3000.0,0.0,0.0,0
2026-03-22T15:57:30.276889,3000.0,3000.0,0.0,0.0,0
2026-03-22T15:57:31.287791,3000.0,3000.0,0.0,0.0,0
2026-03-22T15:57:32.298392,3000.0,3000.0,0.0,0.0,0
2026-03-22T15:57:33.305253,3000.0,3000.0,0.0,0.0,0
2026-03-22T15:57:34.322157,3000.0,3000.0,0.0,0.0,0
2026-03-22T15:57:35.329712,3000.0,3000.0,0.0,0.0,0
2026-03-22T15:57:36.346347,3000.0,3000.0,0.0,0.0,0
2026-03-22T15:57:37.361752,3000.0,3000.0,0.0,0.0,0
2026-03-22T15:57:38.371705,3000.0,3000.0,0.0,0.0,0
2026-03-22T15:57:39.388129,3000.0,3000.0,0.0,0.0,0
2026-03-22T15:57:40.394503,3000.0,3000.0,0.0,0.0,0
2026-03-22T15:57:41.404757,3000.0,3000.0,0.0,0.0,0
2026-03-22T15:57:42.413272,3000.0,3000.0,0.0,0.0,0
2026-03-22T15:57:43.418692,3000.0,3000.0,0.0,0.0,0
2026-03-22T15:57:44.441944,3000.0,3000.0,0.0,0.0,0
2026-03-22T15:57:45.452136,3000.0,3000.0,0.0,0.0,0
2026-03-22T15:57:46.467489,3000.0,3000.0,0.0,0.0,0
2026-03-22T15:57:47.487646,3000.0,3000.0,0.0,0.0,0
2026-03-22T15:57:48.494160,3000.0,3000.0,0.0,0.0,0
2026-03-22T15:57:49.510968,3000.0,3000.0,0.0,0.0,0
2026-03-22T15:57:50.522501,3000.0,3000.0,0.0,0.0,0
2026-03-22T15:57:51.534693,3000.0,3000.0,0.0,0.0,0
2026-03-22T15:57:52.546071,3000.0,3000.0,0.0,0.0,0
2026-03-22T15:57:53.552560,3000.0,3000.0,0.0,0.0,0
2026-03-22T15:57:54.571179,3000.0,3000.0,0.0,0.0,0
2026-03-22T15:57:55.580494,3000.0,3000.0,0.0,0.0,0
2026-03-22T15:57:56.600621,3000.0,3000.0,0.0,0.0,0
2026-03-22T15:57:57.612619,3000.0,3000.0,0.0,0.0,0
2026-03-22T15:57:58.626674,3000.0,3000.0,0.0,0.0,0
2026-03-22T15:57:59.629099,3000.0,3000.0,0.0,0.0,0
2026-03-22T15:58:00.638642,3000.0,3000.0,0.0,0.0,0
2026-03-22T15:58:01.647606,3000.0,3000.0,0.0,0.0,0
2026-03-22T15:58:02.654885,3000.0,3000.0,0.0,0.0,0
2026-03-22T15:58:03.662962,3000.0,3000.0,0.0,0.0,0
2026-03-22T15:58:04.669695,3000.0,3000.0,0.0,0.0,0
2026-03-22T15:58:05.693214,3000.0,3000.0,0.0,0.0,0
2026-03-22T15:58:06.700969,3000.0,3000.0,0.0,0.0,0
2026-03-22T15:58:07.717183,3000.0,3000.0,0.0,0.0,0
2026-03-22T15:58:08.727243,3000.0,3000.0,0.0,0.0,0
2026-03-22T15:58:09.742439,3000.0,3000.0,0.0,0.0,0
2026-03-22T15:58:10.746968,3000.0,3000.0,0.0,0.0,0
2026-03-22T15:58:11.757897,3000.0,3000.0,0.0,0.0,0
2026-03-22T15:58:12.775354,3000.0,3000.0,0.0,0.0,0
2026-03-22T15:58:13.793147,3000.0,3000.0,0.0,0.0,0
2026-03-22T15:58:14.816836,3000.0,3000.0,0.0,0.0,0
2026-03-22T15:58:15.828018,3000.0,3000.0,0.0,0.0,0
2026-03-22T15:58:16.841038,3000.0,3000.0,0.0,0.0,0
2026-03-22T15:58:17.851855,3000.0,3000.0,0.0,0.0,0
2026-03-22T15:58:18.871104,3000.0,3000.0,0.0,0.0,0
2026-03-22T15:58:19.885371,3000.0,3000.0,0.0,0.0,0
2026-03-22T15:58:20.889470,3000.0,3000.0,0.0,0.0,0
2026-03-22T15:58:21.896755,3000.0,3000.0,0.0,0.0,0
2026-03-22T15:58:22.913241,3000.0,3000.0,0.0,0.0,0
2026-03-22T15:58:23.919166,3000.0,3000.0,0.0,0.0,0
2026-03-22T15:58:24.924516,3000.0,3000.0,0.0,0.0,0
2026-03-22T15:58:25.938039,3000.0,3000.0,0.0,0.0,0
2026-03-22T15:58:26.956720,3000.0,3000.0,0.0,0.0,0
2026-03-22T15:58:27.966785,3000.0,3000.0,0.0,0.0,0
2026-03-22T15:58:28.976148,3000.0,3000.0,0.0,0.0,0
2026-03-22T15:58:29.991671,3000.0,3000.0,0.0,0.0,0
2026-03-22T15:58:30.999165,3000.0,3000.0,0.0,0.0,0
2026-03-22T15:58:32.013769,3000.0,3000.0,0.0,0.0,0
2026-03-22T15:58:33.028971,3000.0,3000.0,0.0,0.0,0
2026-03-22T15:58:34.040096,3000.0,3000.0,0.0,0.0,0
2026-03-22T15:58:35.045896,3000.0,3000.0,0.0,0.0,0
2026-03-22T15:58:36.061866,3000.0,3000.0,0.0,0.0,0
2026-03-22T15:58:37.072231,3000.0,3000.0,0.0,0.0,0
2026-03-22T15:58:38.090216,3000.0,3000.0,0.0,0.0,0
2026-03-22T15:58:39.104763,3000.0,3000.0,0.0,0.0,0
2026-03-22T15:58:40.120977,3000.0,3000.0,0.0,0.0,0
2026-03-22T15:58:41.133751,3000.0,3000.0,0.0,0.0,0
2026-03-22T15:58:42.153534,3000.0,3000.0,0.0,0.0,0
2026-03-22T15:58:43.168904,3000.0,3000.0,0.0,0.0,0
2026-03-22T15:58:44.171850,3000.0,3000.0,0.0,0.0,0
2026-03-22T15:58:45.186472,3000.0,3000.0,0.0,0.0,0
2026-03-22T15:58:46.202076,3000.0,3000.0,0.0,0.0,0
2026-03-22T15:58:47.212825,3000.0,3000.0,0.0,0.0,0
2026-03-22T15:58:48.221558,3000.0,3000.0,0.0,0.0,0
2026-03-22T15:58:49.227890,3000.0,3000.0,0.0,0.0,0
2026-03-22T15:58:50.232529,3000.0,3000.0,0.0,0.0,0
2026-03-22T15:58:51.241919,3000.0,3000.0,0.0,0.0,0
2026-03-22T15:58:52.244924,3000.0,3000.0,0.0,0.0,0
2026-03-22T15:58:53.262693,3000.0,3000.0,0.0,0.0,0
2026-03-22T15:58:54.278220,3000.0,3000.0,0.0,0.0,0
2026-03-22T15:58:55.288329,3000.0,3000.0,0.0,0.0,0
2026-03-22T15:58:56.292867,3000.0,3000.0,0.0,0.0,0
2026-03-22T15:58:57.304180,3000.0,3000.0,0.0,0.0,0
2026-03-22T15:58:58.317418,3000.0,3000.0,0.0,0.0,0
2026-03-22T15:58:59.329231,3000.0,3000.0,0.0,0.0,0
2026-03-22T15:59:00.337246,3000.0,3000.0,0.0,0.0,0
2026-03-22T15:59:01.357365,3000.0,3000.0,0.0,0.0,0
2026-03-22T15:59:02.372408,3000.0,3000.0,0.0,0.0,0
2026-03-22T15:59:03.390034,3000.0,3000.0,0.0,0.0,0
2026-03-22T15:59:04.403976,3000.0,3000.0,0.0,0.0,0
2026-03-22T15:59:05.417473,3000.0,3000.0,0.0,0.0,0
2026-03-22T15:59:06.429635,3000.0,3000.0,0.0,0.0,0
2026-03-22T15:59:07.435788,3000.0,3000.0,0.0,0.0,0
2026-03-22T15:59:08.449501,3000.0,3000.0,0.0,0.0,0
2026-03-22T15:59:09.463253,3000.0,3000.0,0.0,0.0,0
2026-03-22T15:59:10.480376,3000.0,3000.0,0.0,0.0,0
2026-03-22T15:59:11.488840,3000.0,3000.0,0.0,0.0,0
2026-03-22T15:59:12.500924,3000.0,3000.0,0.0,0.0,0
2026-03-22T15:59:13.510696,3000.0,3000.0,0.0,0.0,0
2026-03-22T15:59:14.517554,3000.0,3000.0,0.0,0.0,0
2026-03-22T15:59:15.524605,3000.0,3000.0,0.0,0.0,0
2026-03-22T15:59:16.536430,3000.0,3000.0,0.0,0.0,0
2026-03-22T15:59:17.557650,3000.0,3000.0,0.0,0.0,0
2026-03-22T15:59:18.572574,3000.0,3000.0,0.0,0.0,0
2026-03-22T15:59:19.591124,3000.0,3000.0,0.0,0.0,0
2026-03-22T15:59:20.605281,3000.0,3000.0,0.0,0.0,0
2026-03-22T15:59:21.614691,3000.0,3000.0,0.0,0.0,0
2026-03-22T15:59:22.623790,3000.0,3000.0,0.0,0.0,0
2026-03-22T15:59:23.631509,3000.0,3000.0,0.0,0.0,0
2026-03-22T15:59:24.640246,3000.0,3000.0,0.0,0.0,0
2026-03-22T15:59:25.648146,3000.0,3000.0,0.0,0.0,0
2026-03-22T15:59:26.668006,3000.0,3000.0,0.0,0.0,0
2026-03-22T15:59:27.674335,3000.0,3000.0,0.0,0.0,0
2026-03-22T15:59:28.687269,3000.0,3000.0,0.0,0.0,0
2026-03-22T15:59:29.699952,3000.0,3000.0,0.0,0.0,0
2026-03-22T15:59:30.713503,3000.0,3000.0,0.0,0.0,0
2026-03-22T15:59:31.726319,3000.0,3000.0,0.0,0.0,0
2026-03-22T15:59:32.734132,3000.0,3000.0,0.0,0.0,0
2026-03-22T15:59:33.737667,3000.0,3000.0,0.0,0.0,0
2026-03-22T15:59:34.749167,3000.0,3000.0,0.0,0.0,0
2026-03-22T15:59:35.764985,3000.0,3000.0,0.0,0.0,0
2026-03-22T15:59:36.774172,3000.0,3000.0,0.0,0.0,0
2026-03-22T15:59:37.788472,3000.0,3000.0,0.0,0.0,0
2026-03-22T15:59:38.802231,3000.0,3000.0,0.0,0.0,0
2026-03-22T15:59:39.819958,3000.0,3000.0,0.0,0.0,0
2026-03-22T15:59:40.836526,3000.0,3000.0,0.0,0.0,0
2026-03-22T15:59:41.846101,3000.0,3000.0,0.0,0.0,0
2026-03-22T15:59:42.851647,3000.0,3000.0,0.0,0.0,0
2026-03-22T15:59:43.868739,3000.0,3000.0,0.0,0.0,0
2026-03-22T15:59:44.885529,3000.0,3000.0,0.0,0.0,0
2026-03-22T15:59:45.904059,3000.0,3000.0,0.0,0.0,0
2026-03-22T15:59:46.914785,3000.0,3000.0,0.0,0.0,0
2026-03-22T15:59:47.932539,3000.0,3000.0,0.0,0.0,0
2026-03-22T15:59:48.938524,3000.0,3000.0,0.0,0.0,0
2026-03-22T15:59:49.947485,3000.0,3000.0,0.0,0.0,0
2026-03-22T15:59:50.966900,3000.0,3000.0,0.0,0.0,0
2026-03-22T15:59:51.982337,3000.0,3000.0,0.0,0.0,0
2026-03-22T15:59:52.990229,3000.0,3000.0,0.0,0.0,0
2026-03-22T15:59:53.996710,3000.0,3000.0,0.0,0.0,0
2026-03-22T15:59:55.006223,3000.0,3000.0,0.0,0.0,0
2026-03-22T15:59:56.012235,3000.0,3000.0,0.0,0.0,0
2026-03-22T15:59:57.022179,3000.0,3000.0,0.0,0.0,0
2026-03-22T15:59:58.035265,3000.0,3000.0,0.0,0.0,0
2026-03-22T15:59:59.055566,3000.0,3000.0,0.0,0.0,0
2026-03-22T16:00:00.067595,3000.0,3000.0,0.0,0.0,0
2026-03-22T16:00:01.085633,3000.0,3000.0,0.0,0.0,0
2026-03-22T16:00:02.100051,3000.0,3000.0,0.0,0.0,0
2026-03-22T16:00:03.118218,3000.0,3000.0,0.0,0.0,0
2026-03-22T16:00:04.137528,3000.0,3000.0,0.0,0.0,0
2026-03-22T16:00:05.151856,3000.0,3000.0,0.0,0.0,0
2026-03-22T16:00:06.165752,3000.0,3000.0,0.0,0.0,0
2026-03-22T16:00:07.184703,3000.0,3000.0,0.0,0.0,0
2026-03-22T16:00:08.191599,3000.0,3000.0,0.0,0.0,0
2026-03-22T16:00:09.213008,3000.0,3000.0,0.0,0.0,0
2026-03-22T16:00:10.231105,3000.0,3000.0,0.0,0.0,0
2026-03-22T16:00:11.244850,3000.0,3000.0,0.0,0.0,0
2026-03-22T16:00:12.263022,3000.0,3000.0,0.0,0.0,0
2026-03-22T16:00:13.274733,3000.0,3000.0,0.0,0.0,0
2026-03-22T16:00:14.286226,3000.0,3000.0,0.0,0.0,0
2026-03-22T16:00:15.296398,3000.0,3000.0,0.0,0.0,0
2026-03-22T16:00:16.315151,3000.0,3000.0,0.0,0.0,0
2026-03-22T16:00:17.324485,3000.0,3000.0,0.0,0.0,0
2026-03-22T16:00:18.330160,3000.0,3000.0,0.0,0.0,0
2026-03-22T16:00:19.346342,3000.0,3000.0,0.0,0.0,0
2026-03-22T16:00:20.349978,3000.0,3000.0,0.0,0.0,0
2026-03-22T16:00:21.357892,3000.0,3000.0,0.0,0.0,0
2026-03-22T16:00:22.368208,3000.0,3000.0,0.0,0.0,0
2026-03-22T16:00:23.387582,3000.0,3000.0,0.0,0.0,0
2026-03-22T16:00:24.406232,3000.0,3000.0,0.0,0.0,0
2026-03-22T16:00:25.414718,3000.0,3000.0,0.0,0.0,0
2026-03-22T16:00:26.429833,3000.0,3000.0,0.0,0.0,0
2026-03-22T16:00:27.437394,3000.0,3000.0,0.0,0.0,0
2026-03-22T16:00:28.456305,3000.0,3000.0,0.0,0.0,0
2026-03-22T16:00:29.472844,3000.0,3000.0,0.0,0.0,0
2026-03-22T16:00:30.484744,3000.0,3000.0,0.0,0.0,0
2026-03-22T16:00:31.496546,3000.0,3000.0,0.0,0.0,0
2026-03-22T16:00:32.501870,3000.0,3000.0,0.0,0.0,0
2026-03-22T16:00:33.509656,3000.0,3000.0,0.0,0.0,0
2026-03-22T16:00:34.519957,3000.0,3000.0,0.0,0.0,0
2026-03-22T16:00:35.530097,3000.0,3000.0,0.0,0.0,0
2026-03-22T16:00:36.538849,3000.0,3000.0,0.0,0.0,0
2026-03-22T16:00:37.552127,3000.0,3000.0,0.0,0.0,0
2026-03-22T16:00:38.558990,3000.0,3000.0,0.0,0.0,0
2026-03-22T16:00:39.571639,3000.0,2850.04,149.95999999999998,0.0,0
2026-03-22T16:00:40.582377,3000.0,2850.04,149.95999999999998,0.0,0
2026-03-22T16:00:41.587494,3000.0,2850.04,149.95999999999998,0.0,0
2026-03-22T16:00:42.594597,3000.0,2850.04,149.95999999999998,0.0,0
2026-03-22T16:00:43.601525,2998.58,2848.62,149.95999999999998,-1.42,0.0
2026-03-22T16:00:44.607416,2998.58,2848.62,149.95999999999998,-1.42,0.0
2026-03-22T16:00:45.620738,2998.58,2848.62,149.95999999999998,-1.42,0.0
2026-03-22T16:00:46.630195,2998.58,2848.62,149.95999999999998,-1.42,0.0
2026-03-22T16:00:47.647456,2998.58,2848.62,149.95999999999998,-1.42,0.0
2026-03-22T16:00:48.671726,2998.58,2848.62,149.95999999999998,-1.42,0.0
2026-03-22T16:00:49.680869,2998.58,2848.62,149.95999999999998,-1.42,0.0
2026-03-22T16:00:50.689690,2998.58,2848.62,149.95999999999998,-1.42,0.0
2026-03-22T16:00:51.696017,2998.58,2848.62,149.95999999999998,-1.42,0.0
2026-03-22T16:00:52.714155,2998.58,2848.62,149.95999999999998,-1.42,0.0
2026-03-22T16:00:53.721393,2998.58,2848.62,149.95999999999998,-1.42,0.0
2026-03-22T16:00:54.730664,2998.58,2848.62,149.95999999999998,-1.42,0.0
2026-03-22T16:00:55.738755,2998.58,2848.62,149.95999999999998,-1.42,0.0
2026-03-22T16:00:56.746203,2998.58,2848.62,149.95999999999998,-1.42,0.0
2026-03-22T16:00:57.762619,2998.58,2848.62,149.95999999999998,-1.42,0.0
2026-03-22T16:00:58.769266,2985.54,2848.62,149.95999999999998,-1.42,-13.039999999999994
2026-03-22T16:00:59.780864,2985.54,2848.62,149.95999999999998,-1.42,-13.039999999999994
2026-03-22T16:01:00.796947,2985.54,2848.62,149.95999999999998,-1.42,-13.039999999999994
2026-03-22T16:01:01.813050,2985.54,2848.62,149.95999999999998,-1.42,-13.039999999999994
2026-03-22T16:01:02.817365,2985.54,2848.62,149.95999999999998,-1.42,-13.039999999999994
2026-03-22T16:01:03.838004,2985.54,2848.62,149.95999999999998,-1.42,-13.039999999999994
2026-03-22T16:01:04.845771,2985.54,2848.62,149.95999999999998,-1.42,-13.039999999999994
2026-03-22T16:01:05.854717,2985.54,2848.62,149.95999999999998,-1.42,-13.039999999999994
2026-03-22T16:01:06.862425,2985.54,2848.62,149.95999999999998,-1.42,-13.039999999999994
2026-03-22T16:01:07.877835,2985.54,2848.62,149.95999999999998,-1.42,-13.039999999999994
2026-03-22T16:01:08.887710,2985.54,2848.62,149.95999999999998,-1.42,-13.039999999999994
2026-03-22T16:01:09.906618,2985.54,2848.62,149.95999999999998,-1.42,-13.039999999999994
2026-03-22T16:01:10.909553,2985.54,2848.62,149.95999999999998,-1.42,-13.039999999999994
2026-03-22T16:01:11.923235,2985.54,2848.62,149.95999999999998,-1.42,-13.039999999999994
2026-03-22T16:01:12.930482,2985.54,2848.62,149.95999999999998,-1.42,-13.039999999999994
2026-03-22T16:01:13.939049,2985.54,2848.62,149.95999999999998,-1.42,-13.039999999999994
2026-03-22T16:01:14.946994,2985.54,2848.62,149.95999999999998,-1.42,-13.039999999999994
2026-03-22T16:01:15.954808,2985.54,2848.62,149.95999999999998,-1.42,-13.039999999999994
2026-03-22T16:01:16.966816,3005.1,3005.1,0.0,5.100000000000006,0
2026-03-22T16:01:17.979046,3005.1,3005.1,0.0,5.100000000000006,0
2026-03-22T16:01:18.987765,3005.1,3005.1,0.0,5.100000000000006,0
2026-03-22T16:01:19.994485,3005.1,3005.1,0.0,5.100000000000006,0
2026-03-22T16:01:21.006203,3005.1,3005.1,0.0,5.100000000000006,0
2026-03-22T16:01:22.012834,3005.1,3005.1,0.0,5.100000000000006,0
2026-03-22T16:01:23.022521,3005.1,3005.1,0.0,5.100000000000006,0
2026-03-22T16:01:24.035483,3005.1,3005.1,0.0,5.100000000000006,0
2026-03-22T16:01:25.045775,3005.1,3005.1,0.0,5.100000000000006,0
2026-03-22T16:01:26.054175,3005.1,3005.1,0.0,5.100000000000006,0
2026-03-22T16:01:27.071791,3005.1,3005.1,0.0,5.100000000000006,0
2026-03-22T16:01:28.079591,3005.1,3005.1,0.0,5.100000000000006,0
2026-03-22T16:01:29.089602,3005.1,3005.1,0.0,5.100000000000006,0
2026-03-22T16:01:30.094000,3005.1,3005.1,0.0,5.100000000000006,0
2026-03-22T16:01:31.101657,3005.1,3005.1,0.0,5.100000000000006,0
2026-03-22T16:01:32.112116,3005.1,3005.1,0.0,5.100000000000006,0
2026-03-22T16:01:33.122342,3005.1,3005.1,0.0,5.100000000000006,0
2026-03-22T16:01:34.127688,3005.1,3005.1,0.0,5.100000000000006,0
2026-03-22T16:01:35.134673,3005.1,3005.1,0.0,5.100000000000006,0
2026-03-22T16:01:36.147176,3005.1,3005.1,0.0,5.100000000000006,0
2026-03-22T16:01:37.154037,3005.1,3005.1,0.0,5.100000000000006,0
2026-03-22T16:01:38.163181,3005.1,3005.1,0.0,5.100000000000006,0
2026-03-22T16:01:39.186337,3005.1,3005.1,0.0,5.100000000000006,0
2026-03-22T16:01:40.195605,3005.1,3005.1,0.0,5.100000000000006,0
2026-03-22T16:01:41.204003,3005.1,3005.1,0.0,5.100000000000006,0
2026-03-22T16:01:42.214483,3005.1,3005.1,0.0,5.100000000000006,0
2026-03-22T16:01:43.221316,3005.1,3005.1,0.0,5.100000000000006,0
2026-03-22T16:01:44.244272,3005.1,3005.1,0.0,5.100000000000006,0
2026-03-22T16:01:45.254969,3005.1,3005.1,0.0,5.100000000000006,0
2026-03-22T16:01:46.268677,3005.1,3005.1,0.0,5.100000000000006,0
2026-03-22T16:01:47.288312,3005.1,3005.1,0.0,5.100000000000006,0
2026-03-22T16:01:48.304795,3005.1,3005.1,0.0,5.100000000000006,0
2026-03-22T16:01:49.320221,3005.1,3005.1,0.0,5.100000000000006,0
2026-03-22T16:01:50.330973,3005.1,3005.1,0.0,5.100000000000006,0
2026-03-22T16:01:51.345116,3005.1,3005.1,0.0,5.100000000000006,0
2026-03-22T16:01:52.359731,3005.1,3005.1,0.0,5.100000000000006,0
2026-03-22T16:01:53.380091,3005.1,3005.1,0.0,5.100000000000006,0
2026-03-22T16:01:54.387539,3005.1,3005.1,0.0,5.100000000000006,0
2026-03-22T16:01:55.396401,3005.1,3005.1,0.0,5.100000000000006,0
2026-03-22T16:01:56.402111,3005.1,3005.1,0.0,5.100000000000006,0
2026-03-22T16:01:57.418776,3005.1,3005.1,0.0,5.100000000000006,0
2026-03-22T16:01:58.438082,3005.1,3005.1,0.0,5.100000000000006,0
2026-03-22T16:01:59.452085,3005.1,3005.1,0.0,5.100000000000006,0
2026-03-22T16:02:00.459289,3005.1,3005.1,0.0,5.100000000000006,0
2026-03-22T16:02:01.479571,3005.1,3005.1,0.0,5.100000000000006,0
2026-03-22T16:02:02.496794,3005.1,3005.1,0.0,5.100000000000006,0
2026-03-22T16:02:03.510384,3005.1,3005.1,0.0,5.100000000000006,0
2026-03-22T16:02:04.522600,3005.1,3005.1,0.0,5.100000000000006,0
2026-03-22T16:02:05.544201,3005.1,3005.1,0.0,5.100000000000006,0
2026-03-22T16:02:06.571227,3005.1,3005.1,0.0,5.100000000000006,0
2026-03-22T16:02:07.587343,3005.1,3005.1,0.0,5.100000000000006,0
2026-03-22T16:02:08.596346,3005.1,3005.1,0.0,5.100000000000006,0
2026-03-22T16:02:09.609150,3005.1,3005.1,0.0,5.100000000000006,0
2026-03-22T16:02:10.622191,3005.1,3005.1,0.0,5.100000000000006,0
2026-03-22T16:02:11.637626,3005.1,3005.1,0.0,5.100000000000006,0
2026-03-22T16:02:12.646170,3005.1,3005.1,0.0,5.100000000000006,0
2026-03-22T16:02:13.656103,3005.1,3005.1,0.0,5.100000000000006,0
2026-03-22T16:02:14.668079,3005.1,3005.1,0.0,5.100000000000006,0
2026-03-22T16:02:15.684843,3005.1,3005.1,0.0,5.100000000000006,0
2026-03-22T16:02:16.693133,3005.1,3005.1,0.0,5.100000000000006,0
2026-03-22T16:02:17.713536,3005.1,3005.1,0.0,5.100000000000006,0
2026-03-22T16:02:18.725620,3005.1,3005.1,0.0,5.100000000000006,0
2026-03-22T16:02:19.743615,3005.1,3005.1,0.0,5.100000000000006,0
2026-03-22T16:02:20.764702,3005.1,3005.1,0.0,5.100000000000006,0
2026-03-22T16:02:21.780253,3005.1,3005.1,0.0,5.100000000000006,0
2026-03-22T16:02:22.788191,3005.1,3005.1,0.0,5.100000000000006,0
2026-03-22T16:02:23.793118,3005.1,3005.1,0.0,5.100000000000006,0
2026-03-22T16:02:24.804069,3005.1,3005.1,0.0,5.100000000000006,0
2026-03-22T16:02:25.825977,3005.1,3005.1,0.0,5.100000000000006,0
2026-03-22T16:02:26.840347,3005.1,3005.1,0.0,5.100000000000006,0
2026-03-22T16:02:27.845749,3005.1,3005.1,0.0,5.100000000000006,0
2026-03-22T16:02:28.867898,3005.1,3005.1,0.0,5.100000000000006,0
2026-03-22T16:02:29.884442,3005.1,3005.1,0.0,5.100000000000006,0
2026-03-22T16:02:30.909523,3005.1,3005.1,0.0,5.100000000000006,0
2026-03-22T16:02:31.925919,3005.1,3005.1,0.0,5.100000000000006,0
2026-03-22T16:02:32.929913,3005.1,3005.1,0.0,5.100000000000006,0
2026-03-22T16:02:33.944865,3005.1,3005.1,0.0,5.100000000000006,0
2026-03-22T16:02:34.956258,3005.1,3005.1,0.0,5.100000000000006,0
2026-03-22T16:02:35.975314,3005.1,3005.1,0.0,5.100000000000006,0
2026-03-22T16:02:36.990753,3005.1,3005.1,0.0,5.100000000000006,0
2026-03-22T16:02:37.998695,3005.1,3005.1,0.0,5.100000000000006,0
2026-03-22T16:02:39.019061,3005.1,3005.1,0.0,5.100000000000006,0
2026-03-22T16:02:40.037010,3005.1,3005.1,0.0,5.100000000000006,0
2026-03-22T16:02:41.044135,3005.1,3005.1,0.0,5.100000000000006,0
2026-03-22T16:02:42.064640,3005.1,3005.1,0.0,5.100000000000006,0
2026-03-22T16:02:43.085604,3005.1,3005.1,0.0,5.100000000000006,0
2026-03-22T16:02:44.105437,3005.1,3005.1,0.0,5.100000000000006,0
2026-03-22T16:02:45.114719,3005.1,3005.1,0.0,5.100000000000006,0
2026-03-22T16:02:46.126251,3005.1,3005.1,0.0,5.100000000000006,0
2026-03-22T16:02:47.143213,3005.1,3005.1,0.0,5.100000000000006,0
2026-03-22T16:02:48.150035,3005.1,3005.1,0.0,5.100000000000006,0
2026-03-22T16:02:49.155678,3005.1,3005.1,0.0,5.100000000000006,0
2026-03-22T16:02:50.194740,3005.1,3005.1,0.0,5.100000000000006,0
2026-03-22T16:02:51.200775,3005.1,3005.1,0.0,5.100000000000006,0
2026-03-22T16:02:52.207570,3005.1,3005.1,0.0,5.100000000000006,0
2026-03-22T16:02:53.222616,3005.1,3005.1,0.0,5.100000000000006,0
2026-03-22T16:02:54.238678,3005.1,3005.1,0.0,5.100000000000006,0
2026-03-22T16:02:55.250857,3005.1,3005.1,0.0,5.100000000000006,0
2026-03-22T16:02:56.261194,3005.1,3005.1,0.0,5.100000000000006,0
2026-03-22T16:02:57.273495,3005.1,3005.1,0.0,5.100000000000006,0
2026-03-22T16:02:58.288860,3005.1,3005.1,0.0,5.100000000000006,0
2026-03-22T16:02:59.306105,3005.1,3005.1,0.0,5.100000000000006,0
2026-03-22T16:03:00.324971,3005.1,3005.1,0.0,5.100000000000006,0
2026-03-22T16:03:01.332786,3005.1,3005.1,0.0,5.100000000000006,0
2026-03-22T16:03:02.347662,3005.1,3005.1,0.0,5.100000000000006,0
2026-03-22T16:03:03.354496,3005.1,3005.1,0.0,5.100000000000006,0
2026-03-22T16:03:04.373018,3005.1,3005.1,0.0,5.100000000000006,0
2026-03-22T16:03:05.380431,3005.1,3005.1,0.0,5.100000000000006,0
2026-03-22T16:03:06.394705,3005.1,3005.1,0.0,5.100000000000006,0
2026-03-22T16:03:07.401629,3005.1,3005.1,0.0,5.100000000000006,0
2026-03-22T16:03:08.411319,3005.1,3005.1,0.0,5.100000000000006,0
2026-03-22T16:03:09.425016,3005.1,3005.1,0.0,5.100000000000006,0
2026-03-22T16:03:10.446362,3005.1,3005.1,0.0,5.100000000000006,0
2026-03-22T16:03:11.465458,3005.1,3005.1,0.0,5.100000000000006,0
2026-03-22T16:03:12.477979,3005.1,3005.1,0.0,5.100000000000006,0
2026-03-22T16:03:13.492650,3005.1,3005.1,0.0,5.100000000000006,0
2026-03-22T16:03:14.511417,3005.1,3005.1,0.0,5.100000000000006,0
2026-03-22T16:03:15.520794,3005.1,3005.1,0.0,5.100000000000006,0
2026-03-22T16:03:16.528754,3005.1,3005.1,0.0,5.100000000000006,0
2026-03-22T16:03:17.544433,3005.1,3005.1,0.0,5.100000000000006,0
2026-03-22T16:03:18.550700,3005.1,3005.1,0.0,5.100000000000006,0
2026-03-22T16:03:19.567752,3005.1,3005.1,0.0,5.100000000000006,0
2026-03-22T16:03:20.585607,3005.1,3005.1,0.0,5.100000000000006,0
2026-03-22T16:03:21.598900,3005.1,3005.1,0.0,5.100000000000006,0
2026-03-22T16:03:22.619326,3005.1,3005.1,0.0,5.100000000000006,0
2026-03-22T16:03:23.626527,3005.1,3005.1,0.0,5.100000000000006,0
2026-03-22T16:03:24.640426,3005.1,3005.1,0.0,5.100000000000006,0
2026-03-22T16:03:25.657843,3005.1,3005.1,0.0,5.100000000000006,0
2026-03-22T16:03:26.668130,3005.1,3005.1,0.0,5.100000000000006,0
2026-03-22T16:03:27.676519,3005.1,3005.1,0.0,5.100000000000006,0
2026-03-22T16:03:28.683978,3005.1,3005.1,0.0,5.100000000000006,0
2026-03-22T16:03:29.726257,3005.1,3005.1,0.0,5.100000000000006,0
2026-03-22T16:03:30.735591,3005.1,3005.1,0.0,5.100000000000006,0
2026-03-22T16:03:31.743234,3005.1,3005.1,0.0,5.100000000000006,0
2026-03-22T16:03:32.760845,3005.1,3005.1,0.0,5.100000000000006,0
2026-03-22T16:03:33.772523,3005.1,3005.1,0.0,5.100000000000006,0
2026-03-22T16:03:34.794724,3005.1,3005.1,0.0,5.100000000000006,0
2026-03-22T16:03:35.803868,3005.1,3005.1,0.0,5.100000000000006,0
2026-03-22T16:03:36.816325,3005.1,3005.1,0.0,5.100000000000006,0
2026-03-22T16:03:37.841283,3005.1,3005.1,0.0,5.100000000000006,0
2026-03-22T16:03:38.855461,3005.1,3005.1,0.0,5.100000000000006,0
2026-03-22T16:03:39.862506,3005.1,3005.1,0.0,5.100000000000006,0
2026-03-22T16:03:40.874642,3005.1,3005.1,0.0,5.100000000000006,0
2026-03-22T16:03:41.898680,3005.1,3005.1,0.0,5.100000000000006,0
2026-03-22T16:03:42.906747,3005.1,3005.1,0.0,5.100000000000006,0
2026-03-22T16:03:43.917980,3005.1,3005.1,0.0,5.100000000000006,0
2026-03-22T16:03:44.936043,3005.1,3005.1,0.0,5.100000000000006,0
2026-03-22T16:03:45.945962,3005.1,3005.1,0.0,5.100000000000006,0
2026-03-22T16:03:46.959020,3005.1,3005.1,0.0,5.100000000000006,0
2026-03-22T16:03:47.974638,3005.1,3005.1,0.0,5.100000000000006,0
2026-03-22T16:03:48.983178,3005.1,3005.1,0.0,5.100000000000006,0
2026-03-22T16:03:49.992323,3005.1,3005.1,0.0,5.100000000000006,0
2026-03-22T16:03:51.005913,3005.1,3005.1,0.0,5.100000000000006,0
2026-03-22T16:03:52.012048,3005.1,3005.1,0.0,5.100000000000006,0
2026-03-22T16:03:53.018736,3005.1,3005.1,0.0,5.100000000000006,0
2026-03-22T16:03:54.036280,3005.1,3005.1,0.0,5.100000000000006,0
2026-03-22T16:03:55.058078,3005.1,3005.1,0.0,5.100000000000006,0
2026-03-22T16:03:56.071932,3005.1,2855.02,150.08,5.100000000000006,0
2026-03-22T16:03:57.087903,3005.1,2855.02,150.08,5.100000000000006,0
2026-03-22T16:03:58.109499,3003.94,2853.86,150.08,3.9400000000000057,0.0
2026-03-22T16:03:59.118344,3003.94,2853.86,150.08,3.9400000000000057,0.0
2026-03-22T16:04:00.126023,3003.94,2853.86,150.08,3.9400000000000057,0.0
2026-03-22T16:04:01.131571,3003.94,2853.86,150.08,3.9400000000000057,0.0
2026-03-22T16:04:02.142226,3003.94,2853.86,150.08,3.9400000000000057,0.0
2026-03-22T16:04:03.147807,3003.94,2853.86,150.08,3.9400000000000057,0.0
2026-03-22T16:04:04.151919,3003.94,2853.86,150.08,3.9400000000000057,0.0
2026-03-22T16:04:05.182688,3003.94,2853.86,150.08,3.9400000000000057,0.0
2026-03-22T16:04:06.193124,3003.94,2853.86,150.08,3.9400000000000057,0.0
2026-03-22T16:04:07.209286,3003.94,2853.86,150.08,3.9400000000000057,0.0
2026-03-22T16:04:08.216606,3003.94,2853.86,150.08,3.9400000000000057,0.0
2026-03-22T16:04:09.256576,3003.94,2853.86,150.08,3.9400000000000057,0.0
2026-03-22T16:04:10.264101,2990.54,2853.86,150.08,3.9400000000000057,-13.400000000000013
2026-03-22T16:04:11.285617,2990.54,2853.86,150.08,3.9400000000000057,-13.400000000000013
2026-03-22T16:04:12.305898,2990.54,2853.86,150.08,3.9400000000000057,-13.400000000000013
2026-03-22T16:04:13.337975,2990.54,2853.86,150.08,3.9400000000000057,-13.400000000000013
2026-03-22T16:04:14.348108,2990.54,2853.86,150.08,3.9400000000000057,-13.400000000000013
2026-03-22T16:04:15.360485,2990.54,2853.86,150.08,3.9400000000000057,-13.400000000000013
2026-03-22T16:04:16.376315,2990.54,2853.86,150.08,3.9400000000000057,-13.400000000000013
2026-03-22T16:04:17.384457,2990.54,2853.86,150.08,3.9400000000000057,-13.400000000000013
2026-03-22T16:04:18.399732,2990.54,2853.86,150.08,3.9400000000000057,-13.400000000000013
2026-03-22T16:04:19.418481,2990.54,2853.86,150.08,3.9400000000000057,-13.400000000000013
2026-03-22T16:04:20.426130,2990.54,2853.86,150.08,3.9400000000000057,-13.400000000000013
2026-03-22T16:04:21.434188,2990.54,2853.86,150.08,3.9400000000000057,-13.400000000000013
2026-03-22T16:04:22.449320,2990.54,2853.86,150.08,3.9400000000000057,-13.400000000000013
2026-03-22T16:04:23.460196,2990.54,2853.86,150.08,3.9400000000000057,-13.400000000000013
2026-03-22T16:04:24.474089,2990.54,2853.86,150.08,3.9400000000000057,-13.400000000000013
2026-03-22T16:04:25.487838,2990.54,2853.86,150.08,3.9400000000000057,-13.400000000000013
2026-03-22T16:04:26.507333,2990.54,2853.86,150.08,3.9400000000000057,-13.400000000000013
2026-03-22T16:04:27.527897,2990.54,2853.86,150.08,3.9400000000000057,-13.400000000000013
2026-03-22T16:04:28.538479,2993.2200000000003,2853.86,150.08,3.9400000000000057,-10.72000000000001
2026-03-22T16:04:29.558821,2993.2200000000003,2853.86,150.08,3.9400000000000057,-10.72000000000001
2026-03-22T16:04:30.568738,2993.2200000000003,2853.86,150.08,3.9400000000000057,-10.72000000000001
2026-03-22T16:04:31.580478,2993.2200000000003,2853.86,150.08,3.9400000000000057,-10.72000000000001
2026-03-22T16:04:32.593872,2993.2200000000003,2853.86,150.08,3.9400000000000057,-10.72000000000001
2026-03-22T16:04:33.606799,2993.2200000000003,2853.86,150.08,3.9400000000000057,-10.72000000000001
2026-03-22T16:04:34.621722,2993.2200000000003,2853.86,150.08,3.9400000000000057,-10.72000000000001
2026-03-22T16:04:35.643046,2993.2200000000003,2853.86,150.08,3.9400000000000057,-10.72000000000001
2026-03-22T16:04:36.654671,2993.2200000000003,2853.86,150.08,3.9400000000000057,-10.72000000000001
2026-03-22T16:04:37.672156,2993.2200000000003,2853.86,150.08,3.9400000000000057,-10.72000000000001
2026-03-22T16:04:38.675982,2993.2200000000003,2853.86,150.08,3.9400000000000057,-10.72000000000001
2026-03-22T16:04:39.681442,2993.2200000000003,2853.86,150.08,3.9400000000000057,-10.72000000000001
2026-03-22T16:04:40.699599,2993.2200000000003,2853.86,150.08,3.9400000000000057,-10.72000000000001
2026-03-22T16:04:41.710374,2993.2200000000003,2853.86,150.08,3.9400000000000057,-10.72000000000001
2026-03-22T16:04:42.728779,2993.2200000000003,2853.86,150.08,3.9400000000000057,-10.72000000000001
2026-03-22T16:04:43.737782,2993.2200000000003,2853.86,150.08,3.9400000000000057,-10.72000000000001
2026-03-22T16:04:44.747800,2993.2200000000003,2853.86,150.08,3.9400000000000057,-10.72000000000001
2026-03-22T16:04:45.758841,2993.2200000000003,2853.86,150.08,3.9400000000000057,-10.72000000000001
2026-03-22T16:04:46.772436,2993.2200000000003,2853.86,150.08,3.9400000000000057,-10.72000000000001
2026-03-22T16:04:47.781813,2993.2200000000003,2853.86,150.08,3.9400000000000057,-10.72000000000001
2026-03-22T16:04:48.796798,2993.2200000000003,2853.86,150.08,3.9400000000000057,-10.72000000000001
2026-03-22T16:04:49.819322,2993.2200000000003,2853.86,150.08,3.9400000000000057,-10.72000000000001
2026-03-22T16:04:50.842702,2993.2200000000003,2853.86,150.08,3.9400000000000057,-10.72000000000001
2026-03-22T16:04:51.858131,2979.82,2979.82,0.0,-20.180000000000017,0
2026-03-22T16:04:52.876359,2979.82,2979.82,0.0,-20.180000000000017,0
2026-03-22T16:04:53.897021,2979.82,2979.82,0.0,-20.180000000000017,0
2026-03-22T16:04:54.917179,2979.82,2979.82,0.0,-20.180000000000017,0
2026-03-22T16:04:55.921681,2979.82,2979.82,0.0,-20.180000000000017,0
2026-03-22T16:04:56.939827,2979.82,2979.82,0.0,-20.180000000000017,0
2026-03-22T16:04:57.957724,2979.82,2979.82,0.0,-20.180000000000017,0
2026-03-22T16:04:58.968825,2979.82,2979.82,0.0,-20.180000000000017,0
2026-03-22T16:04:59.985305,2979.82,2979.82,0.0,-20.180000000000017,0
2026-03-22T16:05:00.996448,2979.82,2979.82,0.0,-20.180000000000017,0
2026-03-22T16:05:02.012707,2979.82,2979.82,0.0,-20.180000000000017,0
2026-03-22T16:05:03.024220,2979.82,2979.82,0.0,-20.180000000000017,0
2026-03-22T16:05:04.032669,2979.82,2979.82,0.0,-20.180000000000017,0
2026-03-22T16:05:05.040049,2979.82,2979.82,0.0,-20.180000000000017,0
2026-03-22T16:05:06.059244,2979.82,2979.82,0.0,-20.180000000000017,0
2026-03-22T16:05:07.067406,2979.82,2979.82,0.0,-20.180000000000017,0
2026-03-22T16:05:08.081437,2979.82,2979.82,0.0,-20.180000000000017,0
2026-03-22T16:05:09.091925,2979.82,2979.82,0.0,-20.180000000000017,0
2026-03-22T16:05:10.097133,2979.82,2979.82,0.0,-20.180000000000017,0
2026-03-22T16:05:11.118235,2979.82,2979.82,0.0,-20.180000000000017,0
2026-03-22T16:05:12.127489,2979.82,2979.82,0.0,-20.180000000000017,0
2026-03-22T16:05:13.140215,2979.82,2979.82,0.0,-20.180000000000017,0
2026-03-22T16:05:14.149189,2979.82,2979.82,0.0,-20.180000000000017,0
2026-03-22T16:05:15.157458,2979.82,2979.82,0.0,-20.180000000000017,0
2026-03-22T16:05:16.174837,2979.82,2979.82,0.0,-20.180000000000017,0
2026-03-22T16:05:17.192500,2979.82,2979.82,0.0,-20.180000000000017,0
2026-03-22T16:05:18.197725,2979.82,2979.82,0.0,-20.180000000000017,0
2026-03-22T16:05:19.205550,2979.82,2979.82,0.0,-20.180000000000017,0
2026-03-22T16:05:20.233450,2979.82,2979.82,0.0,-20.180000000000017,0
2026-03-22T16:05:21.251085,2979.82,2979.82,0.0,-20.180000000000017,0
2026-03-22T16:05:22.271910,2979.82,2979.82,0.0,-20.180000000000017,0
2026-03-22T16:05:23.276138,2979.82,2979.82,0.0,-20.180000000000017,0
2026-03-22T16:05:24.294621,2979.82,2979.82,0.0,-20.180000000000017,0
2026-03-22T16:05:25.310555,2979.82,2979.82,0.0,-20.180000000000017,0
2026-03-22T16:05:26.324979,2979.82,2979.82,0.0,-20.180000000000017,0
2026-03-22T16:05:27.342872,2979.82,2979.82,0.0,-20.180000000000017,0
2026-03-22T16:05:28.347871,2979.82,2979.82,0.0,-20.180000000000017,0
2026-03-22T16:05:29.358932,2979.82,2979.82,0.0,-20.180000000000017,0
2026-03-22T16:05:30.376319,2979.82,2979.82,0.0,-20.180000000000017,0
2026-03-22T16:05:31.384504,2979.82,2979.82,0.0,-20.180000000000017,0
2026-03-22T16:05:32.402682,2979.82,2979.82,0.0,-20.180000000000017,0
2026-03-22T16:05:33.413038,2979.82,2979.82,0.0,-20.180000000000017,0
2026-03-22T16:05:34.435059,2979.82,2979.82,0.0,-20.180000000000017,0
2026-03-22T16:05:35.446176,2979.82,2979.82,0.0,-20.180000000000017,0
2026-03-22T16:05:36.460831,2979.82,2979.82,0.0,-20.180000000000017,0
2026-03-22T16:05:37.471811,2979.82,2979.82,0.0,-20.180000000000017,0
2026-03-22T16:05:38.490403,2979.82,2979.82,0.0,-20.180000000000017,0
2026-03-22T16:05:39.497662,2979.82,2979.82,0.0,-20.180000000000017,0
2026-03-22T16:05:40.510575,2979.82,2979.82,0.0,-20.180000000000017,0
2026-03-22T16:05:41.530693,2979.82,2979.82,0.0,-20.180000000000017,0
2026-03-22T16:05:42.547427,2979.82,2979.82,0.0,-20.180000000000017,0
2026-03-22T16:05:43.557088,2979.82,2979.82,0.0,-20.180000000000017,0
2026-03-22T16:05:44.569585,2979.82,2979.82,0.0,-20.180000000000017,0
2026-03-22T16:05:45.575404,2979.82,2979.82,0.0,-20.180000000000017,0
2026-03-22T16:05:46.588036,2979.82,2979.82,0.0,-20.180000000000017,0
2026-03-22T16:05:47.594346,2979.82,2979.82,0.0,-20.180000000000017,0
2026-03-22T16:05:48.609423,2979.82,2979.82,0.0,-20.180000000000017,0
2026-03-22T16:05:49.627495,2979.82,2979.82,0.0,-20.180000000000017,0
2026-03-22T16:05:50.644951,2979.82,2979.82,0.0,-20.180000000000017,0
2026-03-22T16:05:51.656116,2979.82,2979.82,0.0,-20.180000000000017,0
2026-03-22T16:05:52.673064,2979.82,2979.82,0.0,-20.180000000000017,0
2026-03-22T16:05:53.686158,2979.82,2979.82,0.0,-20.180000000000017,0
2026-03-22T16:05:54.693224,2979.82,2979.82,0.0,-20.180000000000017,0
2026-03-22T16:05:55.704659,2979.82,2979.82,0.0,-20.180000000000017,0
2026-03-22T16:05:56.724077,2979.82,2979.82,0.0,-20.180000000000017,0
2026-03-22T16:05:57.734661,2979.82,2979.82,0.0,-20.180000000000017,0
2026-03-22T16:05:58.754301,2979.82,2979.82,0.0,-20.180000000000017,0
2026-03-22T16:05:59.759555,2979.82,2979.82,0.0,-20.180000000000017,0
2026-03-22T16:06:00.769709,2979.82,2979.82,0.0,-20.180000000000017,0
2026-03-22T16:06:01.778989,2979.82,2979.82,0.0,-20.180000000000017,0
2026-03-22T16:06:02.799555,2979.82,2979.82,0.0,-20.180000000000017,0
2026-03-22T16:06:03.807779,2979.82,2979.82,0.0,-20.180000000000017,0
2026-03-22T16:06:04.828746,2979.82,2979.82,0.0,-20.180000000000017,0
2026-03-22T16:06:05.849489,2979.82,2979.82,0.0,-20.180000000000017,0
2026-03-22T16:06:06.864908,2979.82,2979.82,0.0,-20.180000000000017,0
2026-03-22T16:06:07.890851,2979.82,2979.82,0.0,-20.180000000000017,0
2026-03-22T16:06:08.901007,2979.82,2979.82,0.0,-20.180000000000017,0
2026-03-22T16:06:09.919361,2979.82,2979.82,0.0,-20.180000000000017,0
2026-03-22T16:06:10.929324,2979.82,2979.82,0.0,-20.180000000000017,0
2026-03-22T16:06:11.937758,2979.82,2979.82,0.0,-20.180000000000017,0
2026-03-22T16:06:12.954755,2979.82,2979.82,0.0,-20.180000000000017,0
2026-03-22T16:06:13.975864,2979.82,2979.82,0.0,-20.180000000000017,0
2026-03-22T16:06:14.987186,2979.82,2979.82,0.0,-20.180000000000017,0
2026-03-22T16:06:16.026310,2979.82,2979.82,0.0,-20.180000000000017,0
2026-03-22T16:06:17.037681,2979.82,2979.82,0.0,-20.180000000000017,0
2026-03-22T16:06:18.053582,2979.82,2979.82,0.0,-20.180000000000017,0
2026-03-22T16:06:19.061418,2979.82,2979.82,0.0,-20.180000000000017,0
2026-03-22T16:06:20.071382,2979.82,2979.82,0.0,-20.180000000000017,0
2026-03-22T16:06:21.081109,2979.82,2979.82,0.0,-20.180000000000017,0
2026-03-22T16:06:22.087822,2979.82,2979.82,0.0,-20.180000000000017,0
2026-03-22T16:06:23.106063,2979.82,2979.82,0.0,-20.180000000000017,0
2026-03-22T16:06:24.127294,2979.82,2979.82,0.0,-20.180000000000017,0
2026-03-22T16:06:25.137456,2979.82,2979.82,0.0,-20.180000000000017,0
2026-03-22T16:06:26.156960,2979.82,2979.82,0.0,-20.180000000000017,0
2026-03-22T16:06:27.175259,2979.82,2979.82,0.0,-20.180000000000017,0
2026-03-22T16:06:28.193701,2979.82,2979.82,0.0,-20.180000000000017,0
2026-03-22T16:06:29.213095,2979.82,2979.82,0.0,-20.180000000000017,0
2026-03-22T16:06:30.228387,2979.82,2979.82,0.0,-20.180000000000017,0
2026-03-22T16:06:31.241186,2979.82,2979.82,0.0,-20.180000000000017,0
2026-03-22T16:06:32.249837,2979.82,2979.82,0.0,-20.180000000000017,0
2026-03-22T16:06:33.262342,2979.82,2979.82,0.0,-20.180000000000017,0
2026-03-22T16:06:34.281264,2979.82,2979.82,0.0,-20.180000000000017,0
2026-03-22T16:06:35.288330,2979.82,2979.82,0.0,-20.180000000000017,0
2026-03-22T16:06:36.297478,2979.82,2979.82,0.0,-20.180000000000017,0
2026-03-22T16:06:37.308810,2979.82,2979.82,0.0,-20.180000000000017,0
2026-03-22T16:06:38.314709,2979.82,2979.82,0.0,-20.180000000000017,0
2026-03-22T16:06:39.330574,2979.82,2979.82,0.0,-20.180000000000017,0
2026-03-22T16:06:40.341474,2979.82,2979.82,0.0,-20.180000000000017,0
2026-03-22T16:06:41.349841,2979.82,2979.82,0.0,-20.180000000000017,0
2026-03-22T16:06:42.369287,2979.82,2979.82,0.0,-20.180000000000017,0
2026-03-22T16:06:43.387412,2979.82,2979.82,0.0,-20.180000000000017,0
2026-03-22T16:06:44.399045,2979.82,2979.82,0.0,-20.180000000000017,0
2026-03-22T16:06:45.408309,2979.82,2979.82,0.0,-20.180000000000017,0
2026-03-22T16:06:46.432419,2979.82,2979.82,0.0,-20.180000000000017,0
2026-03-22T16:06:47.443706,2979.82,2979.82,0.0,-20.180000000000017,0
2026-03-22T16:06:48.455529,2979.82,2979.82,0.0,-20.180000000000017,0
2026-03-22T16:06:49.474486,2979.82,2979.82,0.0,-20.180000000000017,0
2026-03-22T16:06:50.494631,2979.82,2979.82,0.0,-20.180000000000017,0
2026-03-22T16:06:51.503371,2979.82,2979.82,0.0,-20.180000000000017,0
2026-03-22T16:06:52.512255,2979.82,2979.82,0.0,-20.180000000000017,0
2026-03-22T16:06:53.521993,2979.82,2979.82,0.0,-20.180000000000017,0
2026-03-22T16:06:54.537410,2979.82,2979.82,0.0,-20.180000000000017,0
2026-03-22T16:06:55.562045,2979.82,2979.82,0.0,-20.180000000000017,0
2026-03-22T16:06:56.579269,2979.82,2979.82,0.0,-20.180000000000017,0
2026-03-22T16:06:57.590106,2979.82,2979.82,0.0,-20.180000000000017,0
2026-03-22T16:06:58.606655,2979.82,2979.82,0.0,-20.180000000000017,0
2026-03-22T16:06:59.615678,2979.82,2979.82,0.0,-20.180000000000017,0
2026-03-22T16:07:00.639512,2979.82,2979.82,0.0,-20.180000000000017,0
2026-03-22T16:07:01.662652,2979.82,2979.82,0.0,-20.180000000000017,0
2026-03-22T16:07:02.668058,2979.82,2979.82,0.0,-20.180000000000017,0
2026-03-22T16:07:03.682856,2979.82,2979.82,0.0,-20.180000000000017,0
2026-03-22T16:07:04.697891,2979.82,2831.32,148.5,-20.180000000000017,0
2026-03-22T16:07:05.709646,2979.82,2831.32,148.5,-20.180000000000017,0
2026-03-22T16:07:06.728987,2979.82,2831.32,148.5,-20.180000000000017,0
2026-03-22T16:07:07.737384,2978.62,2830.12,148.5,-21.380000000000017,0.0
2026-03-22T16:07:08.747987,2978.62,2830.12,148.5,-21.380000000000017,0.0
2026-03-22T16:07:09.755968,2978.62,2830.12,148.5,-21.380000000000017,0.0
2026-03-22T16:07:10.767267,2978.62,2830.12,148.5,-21.380000000000017,0.0
2026-03-22T16:07:11.777262,2978.62,2830.12,148.5,-21.380000000000017,0.0
2026-03-22T16:07:12.795942,2978.62,2830.12,148.5,-21.380000000000017,0.0
2026-03-22T16:07:13.803697,2978.62,2830.12,148.5,-21.380000000000017,0.0
2026-03-22T16:07:14.813737,2978.62,2830.12,148.5,-21.380000000000017,0.0
2026-03-22T16:07:15.831475,2978.62,2830.12,148.5,-21.380000000000017,0.0
2026-03-22T16:07:16.847074,2978.62,2830.12,148.5,-21.380000000000017,0.0
2026-03-22T16:07:17.868935,2978.62,2830.12,148.5,-21.380000000000017,0.0
2026-03-22T16:07:18.880775,2978.62,2830.12,148.5,-21.380000000000017,0.0
2026-03-22T16:07:19.905479,2978.62,2830.12,148.5,-21.380000000000017,0.0
2026-03-22T16:07:20.913703,2978.62,2830.12,148.5,-21.380000000000017,0.0
2026-03-22T16:07:21.932557,2978.62,2830.12,148.5,-21.380000000000017,0.0
2026-03-22T16:07:22.942088,2978.62,2830.12,148.5,-21.380000000000017,0.0
2026-03-22T16:07:23.962969,2959.37,2830.12,148.5,-21.380000000000017,-19.250000000000018
2026-03-22T16:07:24.974723,2959.37,2830.12,148.5,-21.380000000000017,-19.250000000000018
2026-03-22T16:07:25.985592,2959.37,2830.12,148.5,-21.380000000000017,-19.250000000000018
2026-03-22T16:07:26.995061,2959.37,2830.12,148.5,-21.380000000000017,-19.250000000000018
2026-03-22T16:07:28.007792,2959.37,2830.12,148.5,-21.380000000000017,-19.250000000000018
2026-03-22T16:07:29.024379,2959.37,2830.12,148.5,-21.380000000000017,-19.250000000000018
2026-03-22T16:07:30.037258,2959.37,2830.12,148.5,-21.380000000000017,-19.250000000000018
2026-03-22T16:07:31.052138,2959.37,2830.12,148.5,-21.380000000000017,-19.250000000000018
2026-03-22T16:07:32.064494,2959.37,2830.12,148.5,-21.380000000000017,-19.250000000000018
2026-03-22T16:07:33.078745,2959.37,2830.12,148.5,-21.380000000000017,-19.250000000000018
2026-03-22T16:07:34.092803,2959.37,2830.12,148.5,-21.380000000000017,-19.250000000000018
2026-03-22T16:07:35.105549,2959.37,2830.12,148.5,-21.380000000000017,-19.250000000000018
2026-03-22T16:07:36.115051,2959.37,2830.12,148.5,-21.380000000000017,-19.250000000000018
2026-03-22T16:07:37.122849,2959.37,2830.12,148.5,-21.380000000000017,-19.250000000000018
2026-03-22T16:07:38.134166,2959.37,2830.12,148.5,-21.380000000000017,-19.250000000000018
2026-03-22T16:07:39.151065,2959.37,2830.12,148.5,-21.380000000000017,-19.250000000000018
2026-03-22T16:07:40.157173,2959.37,2830.12,148.5,-21.380000000000017,-19.250000000000018
2026-03-22T16:07:41.165306,2959.37,2830.12,148.5,-21.380000000000017,-19.250000000000018
2026-03-22T16:07:42.180495,2942.87,2830.12,148.5,-21.380000000000017,-35.75
2026-03-22T16:07:43.192046,2942.87,2830.12,148.5,-21.380000000000017,-35.75
2026-03-22T16:07:44.213026,2942.87,2830.12,148.5,-21.380000000000017,-35.75
2026-03-22T16:07:45.221824,2942.87,2830.12,148.5,-21.380000000000017,-35.75
2026-03-22T16:07:46.229574,2942.87,2830.12,148.5,-21.380000000000017,-35.75
2026-03-22T16:07:47.243780,2942.87,2830.12,148.5,-21.380000000000017,-35.75
2026-03-22T16:07:48.259282,2942.87,2830.12,148.5,-21.380000000000017,-35.75
2026-03-22T16:07:49.271745,2942.87,2830.12,148.5,-21.380000000000017,-35.75
2026-03-22T16:07:50.278469,2942.87,2830.12,148.5,-21.380000000000017,-35.75
2026-03-22T16:07:51.287378,2942.87,2830.12,148.5,-21.380000000000017,-35.75
2026-03-22T16:07:52.309134,2942.87,2830.12,148.5,-21.380000000000017,-35.75
2026-03-22T16:07:53.314393,2942.87,2830.12,148.5,-21.380000000000017,-35.75
2026-03-22T16:07:54.322441,2942.87,2830.12,148.5,-21.380000000000017,-35.75
2026-03-22T16:07:55.344469,2942.87,2830.12,148.5,-21.380000000000017,-35.75
2026-03-22T16:07:56.356253,2942.87,2830.12,148.5,-21.380000000000017,-35.75
2026-03-22T16:07:57.370621,2942.87,2830.12,148.5,-21.380000000000017,-35.75
2026-03-22T16:07:58.378564,2942.87,2830.12,148.5,-21.380000000000017,-35.75
2026-03-22T16:07:59.400219,2942.87,2830.12,148.5,-21.380000000000017,-35.75
2026-03-22T16:08:00.417587,2953.87,2830.12,148.5,-21.380000000000017,-24.75000000000002
2026-03-22T16:08:01.426477,2953.87,2830.12,148.5,-21.380000000000017,-24.75000000000002
2026-03-22T16:08:02.448561,2953.87,2830.12,148.5,-21.380000000000017,-24.75000000000002
2026-03-22T16:08:03.466059,2953.87,2830.12,148.5,-21.380000000000017,-24.75000000000002
2026-03-22T16:08:04.472645,2953.87,2830.12,148.5,-21.380000000000017,-24.75000000000002
2026-03-22T16:08:05.481514,2953.87,2830.12,148.5,-21.380000000000017,-24.75000000000002
2026-03-22T16:08:06.494540,2953.87,2830.12,148.5,-21.380000000000017,-24.75000000000002
2026-03-22T16:08:07.500261,2953.87,2830.12,148.5,-21.380000000000017,-24.75000000000002
2026-03-22T16:08:08.508417,2953.87,2830.12,148.5,-21.380000000000017,-24.75000000000002
2026-03-22T16:08:09.524529,2953.87,2830.12,148.5,-21.380000000000017,-24.75000000000002
2026-03-22T16:08:10.537275,2953.87,2830.12,148.5,-21.380000000000017,-24.75000000000002
2026-03-22T16:08:11.557049,2953.87,2830.12,148.5,-21.380000000000017,-24.75000000000002
2026-03-22T16:08:12.565245,2953.87,2830.12,148.5,-21.380000000000017,-24.75000000000002
2026-03-22T16:08:13.577243,2953.87,2830.12,148.5,-21.380000000000017,-24.75000000000002
2026-03-22T16:08:14.594538,2953.87,2830.12,148.5,-21.380000000000017,-24.75000000000002
2026-03-22T16:08:15.602206,2953.87,2830.12,148.5,-21.380000000000017,-24.75000000000002
2026-03-22T16:08:16.620300,2953.87,2830.12,148.5,-21.380000000000017,-24.75000000000002
2026-03-22T16:08:17.637841,2953.87,2830.12,148.5,-21.380000000000017,-24.75000000000002
2026-03-22T16:08:18.660514,2942.87,2830.12,148.5,-21.380000000000017,-35.75
2026-03-22T16:08:19.665804,2942.87,2830.12,148.5,-21.380000000000017,-35.75
2026-03-22T16:08:20.684825,2942.87,2830.12,148.5,-21.380000000000017,-35.75
2026-03-22T16:08:21.702906,2942.87,2830.12,148.5,-21.380000000000017,-35.75
2026-03-22T16:08:22.714020,2942.87,2830.12,148.5,-21.380000000000017,-35.75
2026-03-22T16:08:23.730597,2942.87,2830.12,148.5,-21.380000000000017,-35.75
2026-03-22T16:08:24.742554,2942.87,2830.12,148.5,-21.380000000000017,-35.75
2026-03-22T16:08:25.763220,2942.87,2830.12,148.5,-21.380000000000017,-35.75
2026-03-22T16:08:26.776079,2942.87,2830.12,148.5,-21.380000000000017,-35.75
2026-03-22T16:08:27.788860,2942.87,2830.12,148.5,-21.380000000000017,-35.75
2026-03-22T16:08:28.809234,2942.87,2830.12,148.5,-21.380000000000017,-35.75
2026-03-22T16:08:29.828571,2942.87,2830.12,148.5,-21.380000000000017,-35.75
2026-03-22T16:08:30.836414,2942.87,2830.12,148.5,-21.380000000000017,-35.75
2026-03-22T16:08:31.844396,2942.87,2830.12,148.5,-21.380000000000017,-35.75
2026-03-22T16:08:32.859564,2942.87,2830.12,148.5,-21.380000000000017,-35.75
2026-03-22T16:08:33.881167,2942.87,2830.12,148.5,-21.380000000000017,-35.75
2026-03-22T16:08:34.891638,2942.87,2830.12,148.5,-21.380000000000017,-35.75
2026-03-22T16:08:35.906329,2942.87,2830.12,148.5,-21.380000000000017,-35.75
2026-03-22T16:08:36.919403,2942.87,2830.12,148.5,-21.380000000000017,-35.75
2026-03-22T16:08:37.937559,2942.87,2830.12,148.5,-21.380000000000017,-35.75
2026-03-22T16:08:38.946411,2942.87,2830.12,148.5,-21.380000000000017,-35.75
2026-03-22T16:08:39.966017,2942.87,2830.12,148.5,-21.380000000000017,-35.75
2026-03-22T16:08:40.981507,2940.12,2830.12,148.5,-21.380000000000017,-38.50000000000001
2026-03-22T16:08:41.988220,2940.12,2830.12,148.5,-21.380000000000017,-38.50000000000001
2026-03-22T16:08:43.009412,2940.12,2830.12,148.5,-21.380000000000017,-38.50000000000001
2026-03-22T16:08:44.029664,2940.12,2830.12,148.5,-21.380000000000017,-38.50000000000001
2026-03-22T16:08:45.039697,2940.12,2830.12,148.5,-21.380000000000017,-38.50000000000001
2026-03-22T16:08:46.045091,2940.12,2830.12,148.5,-21.380000000000017,-38.50000000000001
2026-03-22T16:08:47.060383,2940.12,2830.12,148.5,-21.380000000000017,-38.50000000000001
2026-03-22T16:08:48.067153,2940.12,2830.12,148.5,-21.380000000000017,-38.50000000000001
2026-03-22T16:08:49.081890,2940.12,2830.12,148.5,-21.380000000000017,-38.50000000000001
2026-03-22T16:08:50.090913,2940.12,2830.12,148.5,-21.380000000000017,-38.50000000000001
2026-03-22T16:08:51.101835,2940.12,2830.12,148.5,-21.380000000000017,-38.50000000000001
2026-03-22T16:08:52.109898,2940.12,2830.12,148.5,-21.380000000000017,-38.50000000000001
2026-03-22T16:08:53.124695,2940.12,2830.12,148.5,-21.380000000000017,-38.50000000000001
2026-03-22T16:08:54.167760,2940.12,2830.12,148.5,-21.380000000000017,-38.50000000000001
2026-03-22T16:08:55.184607,2940.12,2830.12,148.5,-21.380000000000017,-38.50000000000001
2026-03-22T16:08:56.197734,2940.12,2830.12,148.5,-21.380000000000017,-38.50000000000001
2026-03-22T16:08:57.215673,2940.12,2830.12,148.5,-21.380000000000017,-38.50000000000001
2026-03-22T16:08:58.269490,2940.12,2830.12,148.5,-21.380000000000017,-38.50000000000001
2026-03-22T16:08:59.279244,2948.37,2830.12,148.5,-21.380000000000017,-30.249999999999996
2026-03-22T16:09:00.295567,2948.37,2830.12,148.5,-21.380000000000017,-30.249999999999996
2026-03-22T16:09:01.315601,2948.37,2830.12,148.5,-21.380000000000017,-30.249999999999996
2026-03-22T16:09:02.344941,2948.37,2830.12,148.5,-21.380000000000017,-30.249999999999996
2026-03-22T16:09:03.356460,2948.37,2830.12,148.5,-21.380000000000017,-30.249999999999996
2026-03-22T16:09:04.365564,2948.37,2830.12,148.5,-21.380000000000017,-30.249999999999996
2026-03-22T16:09:05.374948,2948.37,2830.12,148.5,-21.380000000000017,-30.249999999999996
2026-03-22T16:09:06.393217,2948.37,2830.12,148.5,-21.380000000000017,-30.249999999999996
2026-03-22T16:09:07.405307,2948.37,2830.12,148.5,-21.380000000000017,-30.249999999999996
2026-03-22T16:09:08.425427,2948.37,2830.12,148.5,-21.380000000000017,-30.249999999999996
2026-03-22T16:09:09.434419,2948.37,2830.12,148.5,-21.380000000000017,-30.249999999999996
2026-03-22T16:09:10.443835,2948.37,2830.12,148.5,-21.380000000000017,-30.249999999999996
2026-03-22T16:09:11.453958,2948.37,2830.12,148.5,-21.380000000000017,-30.249999999999996
2026-03-22T16:09:12.468195,2948.37,2830.12,148.5,-21.380000000000017,-30.249999999999996
2026-03-22T16:09:13.479000,2948.37,2830.12,148.5,-21.380000000000017,-30.249999999999996
2026-03-22T16:09:14.499168,2948.37,2830.12,148.5,-21.380000000000017,-30.249999999999996
2026-03-22T16:09:15.519069,2948.37,2830.12,148.5,-21.380000000000017,-30.249999999999996
2026-03-22T16:09:16.533672,2948.37,2830.12,148.5,-21.380000000000017,-30.249999999999996
2026-03-22T16:09:17.556243,2945.62,2830.12,148.5,-21.380000000000017,-33.0
2026-03-22T16:09:18.572788,2945.62,2830.12,148.5,-21.380000000000017,-33.0
2026-03-22T16:09:19.583932,2945.62,2830.12,148.5,-21.380000000000017,-33.0
2026-03-22T16:09:20.596064,2945.62,2830.12,148.5,-21.380000000000017,-33.0
2026-03-22T16:09:21.604809,2945.62,2830.12,148.5,-21.380000000000017,-33.0
2026-03-22T16:09:22.618182,2945.62,2830.12,148.5,-21.380000000000017,-33.0
2026-03-22T16:09:23.640164,2945.62,2830.12,148.5,-21.380000000000017,-33.0
2026-03-22T16:09:24.646231,2945.62,2830.12,148.5,-21.380000000000017,-33.0
2026-03-22T16:09:25.664168,2945.62,2830.12,148.5,-21.380000000000017,-33.0
2026-03-22T16:09:26.672564,2945.62,2830.12,148.5,-21.380000000000017,-33.0
2026-03-22T16:09:27.693109,2945.62,2830.12,148.5,-21.380000000000017,-33.0
2026-03-22T16:09:28.710649,2945.62,2830.12,148.5,-21.380000000000017,-33.0
2026-03-22T16:09:29.731997,2945.62,2830.12,148.5,-21.380000000000017,-33.0
2026-03-22T16:09:30.739550,2945.62,2830.12,148.5,-21.380000000000017,-33.0
2026-03-22T16:09:31.750580,2945.62,2830.12,148.5,-21.380000000000017,-33.0
2026-03-22T16:09:32.764029,2945.62,2830.12,148.5,-21.380000000000017,-33.0
2026-03-22T16:09:33.776686,2945.62,2830.12,148.5,-21.380000000000017,-33.0
2026-03-22T16:09:34.795472,2945.62,2830.12,148.5,-21.380000000000017,-33.0
2026-03-22T16:09:35.802736,2953.87,2830.12,148.5,-21.380000000000017,-24.75000000000002
2026-03-22T16:09:36.812345,2953.87,2830.12,148.5,-21.380000000000017,-24.75000000000002
2026-03-22T16:09:37.830064,2953.87,2830.12,148.5,-21.380000000000017,-24.75000000000002
2026-03-22T16:09:38.839700,2953.87,2830.12,148.5,-21.380000000000017,-24.75000000000002
2026-03-22T16:09:39.860789,2953.87,2830.12,148.5,-21.380000000000017,-24.75000000000002
2026-03-22T16:09:40.878757,2953.87,2830.12,148.5,-21.380000000000017,-24.75000000000002
2026-03-22T16:09:41.892020,2953.87,2830.12,148.5,-21.380000000000017,-24.75000000000002
2026-03-22T16:09:42.901045,2953.87,2830.12,148.5,-21.380000000000017,-24.75000000000002
2026-03-22T16:09:43.909122,2953.87,2830.12,148.5,-21.380000000000017,-24.75000000000002
2026-03-22T16:09:44.928667,2953.87,2830.12,148.5,-21.380000000000017,-24.75000000000002
2026-03-22T16:09:45.978712,2953.87,2830.12,148.5,-21.380000000000017,-24.75000000000002
2026-03-22T16:09:46.985147,2953.87,2830.12,148.5,-21.380000000000017,-24.75000000000002
2026-03-22T16:09:47.994611,2953.87,2830.12,148.5,-21.380000000000017,-24.75000000000002
2026-03-22T16:09:49.006653,2953.87,2830.12,148.5,-21.380000000000017,-24.75000000000002
2026-03-22T16:09:50.054592,2953.87,2830.12,148.5,-21.380000000000017,-24.75000000000002
2026-03-22T16:09:51.062609,2953.87,2830.12,148.5,-21.380000000000017,-24.75000000000002
2026-03-22T16:09:52.081119,2953.87,2830.12,148.5,-21.380000000000017,-24.75000000000002
2026-03-22T16:09:53.085710,2953.87,2830.12,148.5,-21.380000000000017,-24.75000000000002
2026-03-22T16:09:54.099173,2953.87,2830.12,148.5,-21.380000000000017,-24.75000000000002
2026-03-22T16:09:55.113206,2953.87,2830.12,148.5,-21.380000000000017,-24.75000000000002
2026-03-22T16:09:56.134889,2953.87,2830.12,148.5,-21.380000000000017,-24.75000000000002
2026-03-22T16:09:57.151252,2953.87,2830.12,148.5,-21.380000000000017,-24.75000000000002
2026-03-22T16:09:58.172272,2959.37,2830.12,148.5,-21.380000000000017,-19.250000000000018
2026-03-22T16:09:59.184465,2959.37,2830.12,148.5,-21.380000000000017,-19.250000000000018
2026-03-22T16:10:00.200198,2959.37,2830.12,148.5,-21.380000000000017,-19.250000000000018
2026-03-22T16:10:01.205261,2959.37,2830.12,148.5,-21.380000000000017,-19.250000000000018
2026-03-22T16:10:02.218496,2959.37,2830.12,148.5,-21.380000000000017,-19.250000000000018
2026-03-22T16:10:03.232176,2959.37,2830.12,148.5,-21.380000000000017,-19.250000000000018
2026-03-22T16:10:04.250289,2959.37,2830.12,148.5,-21.380000000000017,-19.250000000000018
2026-03-22T16:10:05.267024,2959.37,2830.12,148.5,-21.380000000000017,-19.250000000000018
2026-03-22T16:10:06.273121,2959.37,2830.12,148.5,-21.380000000000017,-19.250000000000018
2026-03-22T16:10:07.292590,2959.37,2830.12,148.5,-21.380000000000017,-19.250000000000018
2026-03-22T16:10:08.305648,2959.37,2830.12,148.5,-21.380000000000017,-19.250000000000018
2026-03-22T16:10:09.309622,2959.37,2830.12,148.5,-21.380000000000017,-19.250000000000018
2026-03-22T16:10:10.320041,2959.37,2830.12,148.5,-21.380000000000017,-19.250000000000018
2026-03-22T16:10:11.335192,2959.37,2830.12,148.5,-21.380000000000017,-19.250000000000018
2026-03-22T16:10:12.343276,2959.37,2830.12,148.5,-21.380000000000017,-19.250000000000018
2026-03-22T16:10:13.362892,2959.37,2830.12,148.5,-21.380000000000017,-19.250000000000018
2026-03-22T16:10:14.373604,2959.37,2830.12,148.5,-21.380000000000017,-19.250000000000018
2026-03-22T16:10:15.397173,2959.37,2830.12,148.5,-21.380000000000017,-19.250000000000018
2026-03-22T16:10:16.411661,2959.37,2830.12,148.5,-21.380000000000017,-19.250000000000018
2026-03-22T16:10:17.424537,2959.37,2830.12,148.5,-21.380000000000017,-19.250000000000018
2026-03-22T16:10:18.434534,2959.37,2830.12,148.5,-21.380000000000017,-19.250000000000018
2026-03-22T16:10:19.445602,2959.37,2689.0,289.62,-21.380000000000017,-19.250000000000018
2026-03-22T16:10:20.459448,2959.37,2689.0,289.62,-21.380000000000017,-19.250000000000018
2026-03-22T16:10:21.479007,2958.28,2687.9100000000003,289.62,-22.470000000000017,-19.250000000000018
2026-03-22T16:10:22.493954,2958.28,2687.9100000000003,289.62,-22.470000000000017,-19.250000000000018
2026-03-22T16:10:23.510363,2958.28,2687.9100000000003,289.62,-22.470000000000017,-19.250000000000018
2026-03-22T16:10:24.526371,2958.28,2687.9100000000003,289.62,-22.470000000000017,-19.250000000000018
2026-03-22T16:10:25.531594,2958.28,2687.9100000000003,289.62,-22.470000000000017,-19.250000000000018
2026-03-22T16:10:26.546445,2958.28,2687.9100000000003,289.62,-22.470000000000017,-19.250000000000018
2026-03-22T16:10:27.559593,2958.28,2687.9100000000003,289.62,-22.470000000000017,-19.250000000000018
2026-03-22T16:10:28.580944,2958.28,2687.9100000000003,289.62,-22.470000000000017,-19.250000000000018
2026-03-22T16:10:29.598648,2958.28,2687.9100000000003,289.62,-22.470000000000017,-19.250000000000018
2026-03-22T16:10:30.613074,2958.28,2687.9100000000003,289.62,-22.470000000000017,-19.250000000000018
2026-03-22T16:10:31.628996,2958.28,2687.9100000000003,289.62,-22.470000000000017,-19.250000000000018
2026-03-22T16:10:32.646006,2958.28,2687.9100000000003,289.62,-22.470000000000017,-19.250000000000018
2026-03-22T16:10:33.672215,2958.28,2687.9100000000003,289.62,-22.470000000000017,-19.250000000000018
2026-03-22T16:10:34.694211,2958.28,2687.9100000000003,289.62,-22.470000000000017,-19.250000000000018
2026-03-22T16:10:35.704524,2958.28,2687.9100000000003,289.62,-22.470000000000017,-19.250000000000018
2026-03-22T16:10:36.720968,2958.28,2687.9100000000003,289.62,-22.470000000000017,-19.250000000000018
2026-03-22T16:10:37.770368,2958.28,2687.9100000000003,289.62,-22.470000000000017,-19.250000000000018
2026-03-22T16:10:38.778286,2958.28,2687.9100000000003,289.62,-22.470000000000017,-19.250000000000018
2026-03-22T16:10:39.787223,2958.28,2687.9100000000003,289.62,-22.470000000000017,-19.250000000000018
2026-03-22T16:10:40.798967,2958.28,2687.9100000000003,289.62,-22.470000000000017,-19.250000000000018
2026-03-22T16:10:41.821616,2958.28,2687.9100000000003,289.62,-22.470000000000017,-19.250000000000018
2026-03-22T16:10:42.832539,2958.28,2687.9100000000003,289.62,-22.470000000000017,-19.250000000000018
2026-03-22T16:10:43.853975,2958.28,2687.9100000000003,289.62,-22.470000000000017,-19.250000000000018
2026-03-22T16:10:44.865345,2958.28,2687.9100000000003,289.62,-22.470000000000017,-19.250000000000018
2026-03-22T16:10:45.888383,2958.28,2687.9100000000003,289.62,-22.470000000000017,-19.250000000000018
2026-03-22T16:10:46.904455,2958.28,2687.9100000000003,289.62,-22.470000000000017,-19.250000000000018
2026-03-22T16:10:47.911506,2958.28,2687.9100000000003,289.62,-22.470000000000017,-19.250000000000018
2026-03-22T16:10:48.921587,2958.28,2687.9100000000003,289.62,-22.470000000000017,-19.250000000000018
2026-03-22T16:10:49.938742,2958.28,2687.9100000000003,289.62,-22.470000000000017,-19.250000000000018
2026-03-22T16:10:50.948698,2958.28,2687.9100000000003,289.62,-22.470000000000017,-19.250000000000018
2026-03-22T16:10:51.962274,2928.5,2793.75,148.5,-57.75000000000003,-13.750000000000012
2026-03-22T16:10:52.978657,2928.5,2793.75,148.5,-57.75000000000003,-13.750000000000012
2026-03-22T16:10:53.987158,2928.5,2793.75,148.5,-57.75000000000003,-13.750000000000012
2026-03-22T16:10:55.012052,2928.5,2793.75,148.5,-57.75000000000003,-13.750000000000012
2026-03-22T16:10:56.021890,2928.5,2793.75,148.5,-57.75000000000003,-13.750000000000012
2026-03-22T16:10:57.037046,2928.5,2793.75,148.5,-57.75000000000003,-13.750000000000012
2026-03-22T16:10:58.044409,2928.5,2793.75,148.5,-57.75000000000003,-13.750000000000012
2026-03-22T16:10:59.053410,2928.5,2793.75,148.5,-57.75000000000003,-13.750000000000012
2026-03-22T16:11:00.071902,2928.5,2793.75,148.5,-57.75000000000003,-13.750000000000012
2026-03-22T16:11:01.078521,2928.5,2793.75,148.5,-57.75000000000003,-13.750000000000012
2026-03-22T16:11:02.087000,2928.5,2793.75,148.5,-57.75000000000003,-13.750000000000012
2026-03-22T16:11:03.103950,2928.5,2793.75,148.5,-57.75000000000003,-13.750000000000012
2026-03-22T16:11:04.120003,2928.5,2793.75,148.5,-57.75000000000003,-13.750000000000012
2026-03-22T16:11:05.137129,2928.5,2793.75,148.5,-57.75000000000003,-13.750000000000012
2026-03-22T16:11:06.145034,2928.5,2793.75,148.5,-57.75000000000003,-13.750000000000012
2026-03-22T16:11:07.154846,2928.5,2793.75,148.5,-57.75000000000003,-13.750000000000012
2026-03-22T16:11:08.170132,2928.5,2793.75,148.5,-57.75000000000003,-13.750000000000012
2026-03-22T16:11:09.181637,2928.5,2793.75,148.5,-57.75000000000003,-13.750000000000012
2026-03-22T16:11:10.186811,2928.5,2793.75,148.5,-57.75000000000003,-13.750000000000012
2026-03-22T16:11:11.201531,2928.5,2793.75,148.5,-57.75000000000003,-13.750000000000012
2026-03-22T16:11:12.212272,2928.5,2793.75,148.5,-57.75000000000003,-13.750000000000012
2026-03-22T16:11:13.231016,2928.5,2793.75,148.5,-57.75000000000003,-13.750000000000012
2026-03-22T16:11:14.236655,2928.5,2793.75,148.5,-57.75000000000003,-13.750000000000012
2026-03-22T16:11:15.244937,2917.5,2917.5,0.0,-82.50000000000003,0
2026-03-22T16:11:16.254495,2917.5,2917.5,0.0,-82.50000000000003,0
2026-03-22T16:11:17.285432,2917.5,2917.5,0.0,-82.50000000000003,0
2026-03-22T16:11:18.298427,2917.5,2917.5,0.0,-82.50000000000003,0
2026-03-22T16:11:19.304100,2917.5,2917.5,0.0,-82.50000000000003,0
2026-03-22T16:11:20.312142,2917.5,2917.5,0.0,-82.50000000000003,0
2026-03-22T16:11:21.329206,2917.5,2917.5,0.0,-82.50000000000003,0
2026-03-22T16:11:22.351810,2917.5,2917.5,0.0,-82.50000000000003,0
2026-03-22T16:11:23.362803,2917.5,2917.5,0.0,-82.50000000000003,0
2026-03-22T16:11:24.386339,2917.5,2917.5,0.0,-82.50000000000003,0
2026-03-22T16:11:25.396929,2917.5,2917.5,0.0,-82.50000000000003,0
2026-03-22T16:11:26.420019,2917.5,2917.5,0.0,-82.50000000000003,0
2026-03-22T16:11:27.435202,2917.5,2917.5,0.0,-82.50000000000003,0
2026-03-22T16:11:28.451685,2917.5,2917.5,0.0,-82.50000000000003,0
2026-03-22T16:11:29.461858,2917.5,2917.5,0.0,-82.50000000000003,0
2026-03-22T16:11:30.479716,2917.5,2917.5,0.0,-82.50000000000003,0
2026-03-22T16:11:31.487507,2917.5,2917.5,0.0,-82.50000000000003,0
2026-03-22T16:11:32.503439,2917.5,2917.5,0.0,-82.50000000000003,0
2026-03-22T16:11:33.510125,2917.5,2917.5,0.0,-82.50000000000003,0
2026-03-22T16:11:34.517292,2917.5,2917.5,0.0,-82.50000000000003,0
2026-03-22T16:11:35.536563,2917.5,2917.5,0.0,-82.50000000000003,0
2026-03-22T16:11:36.558298,2917.5,2917.5,0.0,-82.50000000000003,0
2026-03-22T16:11:37.569741,2917.5,2917.5,0.0,-82.50000000000003,0
2026-03-22T16:11:38.586123,2917.5,2917.5,0.0,-82.50000000000003,0
2026-03-22T16:11:39.604957,2917.5,2917.5,0.0,-82.50000000000003,0
2026-03-22T16:11:40.619557,2917.5,2917.5,0.0,-82.50000000000003,0
2026-03-22T16:11:41.634325,2917.5,2917.5,0.0,-82.50000000000003,0
2026-03-22T16:11:42.641072,2917.5,2917.5,0.0,-82.50000000000003,0
2026-03-22T16:11:43.656012,2917.5,2917.5,0.0,-82.50000000000003,0
2026-03-22T16:11:44.667159,2917.5,2917.5,0.0,-82.50000000000003,0
2026-03-22T16:11:45.681125,2917.5,2917.5,0.0,-82.50000000000003,0
2026-03-22T16:11:46.692840,2917.5,2917.5,0.0,-82.50000000000003,0
2026-03-22T16:11:47.699173,2917.5,2917.5,0.0,-82.50000000000003,0
2026-03-22T16:11:48.710540,2917.5,2917.5,0.0,-82.50000000000003,0
2026-03-22T16:11:49.728917,2917.5,2917.5,0.0,-82.50000000000003,0
2026-03-22T16:11:50.744856,2917.5,2917.5,0.0,-82.50000000000003,0
2026-03-22T16:11:51.764626,2917.5,2917.5,0.0,-82.50000000000003,0
2026-03-22T16:11:52.771970,2917.5,2917.5,0.0,-82.50000000000003,0
2026-03-22T16:11:53.782860,2917.5,2917.5,0.0,-82.50000000000003,0
2026-03-22T16:11:54.804836,2917.5,2917.5,0.0,-82.50000000000003,0
2026-03-22T16:11:55.815023,2917.5,2917.5,0.0,-82.50000000000003,0
2026-03-22T16:11:56.824228,2917.5,2917.5,0.0,-82.50000000000003,0
2026-03-22T16:11:57.839674,2917.5,2917.5,0.0,-82.50000000000003,0
2026-03-22T16:11:58.851824,2917.5,2917.5,0.0,-82.50000000000003,0
2026-03-22T16:11:59.861837,2917.5,2917.5,0.0,-82.50000000000003,0
2026-03-22T16:12:00.876311,2917.5,2917.5,0.0,-82.50000000000003,0
2026-03-22T16:12:01.893429,2917.5,2917.5,0.0,-82.50000000000003,0
2026-03-22T16:12:02.912339,2917.5,2917.5,0.0,-82.50000000000003,0
2026-03-22T16:12:03.931756,2917.5,2917.5,0.0,-82.50000000000003,0
2026-03-22T16:12:04.949467,2917.5,2917.5,0.0,-82.50000000000003,0
2026-03-22T16:12:05.962921,2917.5,2917.5,0.0,-82.50000000000003,0
2026-03-22T16:12:06.980887,2917.5,2917.5,0.0,-82.50000000000003,0
2026-03-22T16:12:07.993675,2917.5,2917.5,0.0,-82.50000000000003,0
2026-03-22T16:12:09.010561,2917.5,2917.5,0.0,-82.50000000000003,0
2026-03-22T16:12:10.033509,2917.5,2917.5,0.0,-82.50000000000003,0
2026-03-22T16:12:11.053611,2917.5,2917.5,0.0,-82.50000000000003,0
2026-03-22T16:12:12.070927,2917.5,2917.5,0.0,-82.50000000000003,0
2026-03-22T16:12:13.088951,2917.5,2917.5,0.0,-82.50000000000003,0
2026-03-22T16:12:14.110079,2917.5,2917.5,0.0,-82.50000000000003,0
2026-03-22T16:12:15.128689,2917.5,2917.5,0.0,-82.50000000000003,0
2026-03-22T16:12:16.148991,2917.5,2917.5,0.0,-82.50000000000003,0
2026-03-22T16:12:17.169244,2917.5,2917.5,0.0,-82.50000000000003,0
2026-03-22T16:12:18.185687,2917.5,2917.5,0.0,-82.50000000000003,0
2026-03-22T16:12:19.196710,2917.5,2917.5,0.0,-82.50000000000003,0
2026-03-22T16:12:20.209208,2917.5,2917.5,0.0,-82.50000000000003,0
2026-03-22T16:12:21.219993,2917.5,2917.5,0.0,-82.50000000000003,0
2026-03-22T16:12:22.242870,2917.5,2917.5,0.0,-82.50000000000003,0
2026-03-22T16:12:23.258853,2917.5,2917.5,0.0,-82.50000000000003,0
2026-03-22T16:12:24.276600,2917.5,2917.5,0.0,-82.50000000000003,0
2026-03-22T16:12:25.291541,2917.5,2917.5,0.0,-82.50000000000003,0
2026-03-22T16:12:26.309074,2917.5,2917.5,0.0,-82.50000000000003,0
2026-03-22T16:12:27.321972,2917.5,2917.5,0.0,-82.50000000000003,0
2026-03-22T16:12:28.337755,2917.5,2917.5,0.0,-82.50000000000003,0
2026-03-22T16:12:29.349938,2917.5,2917.5,0.0,-82.50000000000003,0
2026-03-22T16:12:30.369216,2917.5,2917.5,0.0,-82.50000000000003,0
2026-03-22T16:12:31.381807,2917.5,2917.5,0.0,-82.50000000000003,0
2026-03-22T16:12:32.405817,2917.5,2917.5,0.0,-82.50000000000003,0
2026-03-22T16:12:33.412579,2917.5,2917.5,0.0,-82.50000000000003,0
2026-03-22T16:12:34.422034,2917.5,2917.5,0.0,-82.50000000000003,0
2026-03-22T16:12:35.438090,2917.5,2917.5,0.0,-82.50000000000003,0
2026-03-22T16:12:36.454376,2917.5,2917.5,0.0,-82.50000000000003,0
2026-03-22T16:12:37.464582,2917.5,2917.5,0.0,-82.50000000000003,0
2026-03-22T16:12:38.469773,2917.5,2917.5,0.0,-82.50000000000003,0
2026-03-22T16:12:39.475982,2917.5,2917.5,0.0,-82.50000000000003,0
2026-03-22T16:12:40.497020,2917.5,2917.5,0.0,-82.50000000000003,0
2026-03-22T16:12:41.512344,2917.5,2917.5,0.0,-82.50000000000003,0
2026-03-22T16:12:42.521250,2917.5,2917.5,0.0,-82.50000000000003,0
2026-03-22T16:12:43.540570,2917.5,2917.5,0.0,-82.50000000000003,0
2026-03-22T16:12:44.550002,2917.5,2917.5,0.0,-82.50000000000003,0
2026-03-22T16:12:45.556959,2917.5,2917.5,0.0,-82.50000000000003,0
2026-03-22T16:12:46.562670,2917.5,2917.5,0.0,-82.50000000000003,0
2026-03-22T16:12:47.581593,2917.5,2917.5,0.0,-82.50000000000003,0
2026-03-22T16:12:48.619192,2917.5,2917.5,0.0,-82.50000000000003,0
2026-03-22T16:12:49.634322,2917.5,2917.5,0.0,-82.50000000000003,0
2026-03-22T16:12:50.652475,2917.5,2917.5,0.0,-82.50000000000003,0
2026-03-22T16:12:51.673734,2917.5,2917.5,0.0,-82.50000000000003,0
2026-03-22T16:12:52.714021,2917.5,2917.5,0.0,-82.50000000000003,0
2026-03-22T16:12:53.734289,2917.5,2917.5,0.0,-82.50000000000003,0
2026-03-22T16:12:54.754244,2917.5,2917.5,0.0,-82.50000000000003,0
2026-03-22T16:12:55.762632,2917.5,2917.5,0.0,-82.50000000000003,0
2026-03-22T16:12:56.805481,2917.5,2917.5,0.0,-82.50000000000003,0
2026-03-22T16:12:57.821869,2917.5,2917.5,0.0,-82.50000000000003,0
2026-03-22T16:12:58.835615,2917.5,2917.5,0.0,-82.50000000000003,0
2026-03-22T16:12:59.843234,2917.5,2917.5,0.0,-82.50000000000003,0
2026-03-22T16:13:00.855104,2917.5,2917.5,0.0,-82.50000000000003,0
2026-03-22T16:13:01.872911,2917.5,2917.5,0.0,-82.50000000000003,0
2026-03-22T16:13:02.887899,2917.5,2917.5,0.0,-82.50000000000003,0
2026-03-22T16:13:03.896039,2917.5,2917.5,0.0,-82.50000000000003,0
2026-03-22T16:13:04.903233,2917.5,2917.5,0.0,-82.50000000000003,0
2026-03-22T16:13:05.914494,2917.5,2917.5,0.0,-82.50000000000003,0
2026-03-22T16:13:06.932966,2917.5,2917.5,0.0,-82.50000000000003,0
2026-03-22T16:13:07.947048,2917.5,2917.5,0.0,-82.50000000000003,0
2026-03-22T16:13:08.962943,2917.5,2917.5,0.0,-82.50000000000003,0
2026-03-22T16:13:09.970716,2917.5,2917.5,0.0,-82.50000000000003,0
2026-03-22T16:13:10.985406,2917.5,2917.5,0.0,-82.50000000000003,0
2026-03-22T16:13:12.001754,2917.5,2917.5,0.0,-82.50000000000003,0
2026-03-22T16:13:13.013004,2917.5,2917.5,0.0,-82.50000000000003,0
2026-03-22T16:13:14.020283,2917.5,2917.5,0.0,-82.50000000000003,0
2026-03-22T16:13:15.046298,2917.5,2917.5,0.0,-82.50000000000003,0
2026-03-22T16:13:16.053132,2917.5,2917.5,0.0,-82.50000000000003,0
2026-03-22T16:13:17.062300,2917.5,2917.5,0.0,-82.50000000000003,0
2026-03-22T16:13:18.071671,2917.5,2917.5,0.0,-82.50000000000003,0
2026-03-22T16:13:19.085640,2917.5,2917.5,0.0,-82.50000000000003,0
2026-03-22T16:13:20.096381,2917.5,2917.5,0.0,-82.50000000000003,0
2026-03-22T16:13:21.112880,2917.5,2917.5,0.0,-82.50000000000003,0
2026-03-22T16:13:22.130273,2917.5,2917.5,0.0,-82.50000000000003,0
2026-03-22T16:13:23.136784,2917.5,2917.5,0.0,-82.50000000000003,0
2026-03-22T16:13:24.143181,2917.5,2917.5,0.0,-82.50000000000003,0
2026-03-22T16:13:25.163247,2917.5,2917.5,0.0,-82.50000000000003,0
2026-03-22T16:13:26.188169,2917.5,2917.5,0.0,-82.50000000000003,0
2026-03-22T16:13:27.208037,2917.5,2917.5,0.0,-82.50000000000003,0
2026-03-22T16:13:28.223793,2917.5,2917.5,0.0,-82.50000000000003,0
2026-03-22T16:13:29.234841,2917.5,2917.5,0.0,-82.50000000000003,0
2026-03-22T16:13:30.248167,2917.5,2917.5,0.0,-82.50000000000003,0
2026-03-22T16:13:31.267473,2917.5,2772.15,145.35,-82.50000000000003,0
2026-03-22T16:13:32.287716,2917.5,2772.15,145.35,-82.50000000000003,0
2026-03-22T16:13:33.295250,2917.5,2772.15,145.35,-82.50000000000003,0
2026-03-22T16:13:34.312968,2916.4,2771.05,145.35,-83.60000000000002,0.0
2026-03-22T16:13:35.323136,2916.4,2771.05,145.35,-83.60000000000002,0.0
2026-03-22T16:13:36.332776,2916.4,2771.05,145.35,-83.60000000000002,0.0
2026-03-22T16:13:37.354134,2916.4,2771.05,145.35,-83.60000000000002,0.0
2026-03-22T16:13:38.365126,2916.4,2771.05,145.35,-83.60000000000002,0.0
2026-03-22T16:13:39.389191,2916.4,2771.05,145.35,-83.60000000000002,0.0
2026-03-22T16:13:40.429929,2916.4,2771.05,145.35,-83.60000000000002,0.0
2026-03-22T16:13:41.441642,2916.4,2771.05,145.35,-83.60000000000002,0.0
2026-03-22T16:13:42.453597,2916.4,2771.05,145.35,-83.60000000000002,0.0
2026-03-22T16:13:43.458626,2916.4,2771.05,145.35,-83.60000000000002,0.0
2026-03-22T16:13:44.476244,2916.4,2771.05,145.35,-83.60000000000002,0.0
2026-03-22T16:13:45.484303,2916.4,2771.05,145.35,-83.60000000000002,0.0
2026-03-22T16:13:46.490387,2916.4,2771.05,145.35,-83.60000000000002,0.0
2026-03-22T16:13:47.499532,2916.4,2771.05,145.35,-83.60000000000002,0.0
2026-03-22T16:13:48.517150,2916.4,2771.05,145.35,-83.60000000000002,0.0
2026-03-22T16:13:49.527256,2913.85,2771.05,145.35,-83.60000000000002,-2.549999999999974
2026-03-22T16:13:50.534375,2913.85,2771.05,145.35,-83.60000000000002,-2.549999999999974
2026-03-22T16:13:51.540006,2913.85,2771.05,145.35,-83.60000000000002,-2.549999999999974
2026-03-22T16:13:52.556548,2913.85,2771.05,145.35,-83.60000000000002,-2.549999999999974
2026-03-22T16:13:53.576973,2913.85,2771.05,145.35,-83.60000000000002,-2.549999999999974
2026-03-22T16:13:54.584489,2913.85,2771.05,145.35,-83.60000000000002,-2.549999999999974
2026-03-22T16:13:55.596042,2913.85,2771.05,145.35,-83.60000000000002,-2.549999999999974
2026-03-22T16:13:56.607965,2913.85,2771.05,145.35,-83.60000000000002,-2.549999999999974
2026-03-22T16:13:57.624717,2913.85,2771.05,145.35,-83.60000000000002,-2.549999999999974
2026-03-22T16:13:58.631459,2913.85,2771.05,145.35,-83.60000000000002,-2.549999999999974
2026-03-22T16:13:59.641694,2913.85,2771.05,145.35,-83.60000000000002,-2.549999999999974
2026-03-22T16:14:00.646800,2913.85,2771.05,145.35,-83.60000000000002,-2.549999999999974
2026-03-22T16:14:01.667592,2913.85,2771.05,145.35,-83.60000000000002,-2.549999999999974
2026-03-22T16:14:02.677384,2913.85,2771.05,145.35,-83.60000000000002,-2.549999999999974
2026-03-22T16:14:03.687439,2913.85,2771.05,145.35,-83.60000000000002,-2.549999999999974
2026-03-22T16:14:04.705157,2913.85,2771.05,145.35,-83.60000000000002,-2.549999999999974
2026-03-22T16:14:05.715431,2913.85,2771.05,145.35,-83.60000000000002,-2.549999999999974
2026-03-22T16:14:06.742647,2913.85,2771.05,145.35,-83.60000000000002,-2.549999999999974
2026-03-22T16:14:07.762634,2878.15,2878.15,0.0,-121.85000000000002,0
2026-03-22T16:14:08.768007,2878.15,2878.15,0.0,-121.85000000000002,0
2026-03-22T16:14:09.784944,2878.15,2878.15,0.0,-121.85000000000002,0
2026-03-22T16:14:10.798140,2878.15,2878.15,0.0,-121.85000000000002,0
2026-03-22T16:14:11.807279,2878.15,2878.15,0.0,-121.85000000000002,0
2026-03-22T16:14:12.818191,2878.15,2878.15,0.0,-121.85000000000002,0
2026-03-22T16:14:13.830038,2878.15,2878.15,0.0,-121.85000000000002,0
2026-03-22T16:14:14.845565,2878.15,2878.15,0.0,-121.85000000000002,0
2026-03-22T16:14:15.861261,2878.15,2878.15,0.0,-121.85000000000002,0
2026-03-22T16:14:16.870907,2878.15,2878.15,0.0,-121.85000000000002,0
2026-03-22T16:14:17.886243,2878.15,2878.15,0.0,-121.85000000000002,0
2026-03-22T16:14:18.898859,2878.15,2878.15,0.0,-121.85000000000002,0
2026-03-22T16:14:19.918077,2878.15,2878.15,0.0,-121.85000000000002,0
2026-03-22T16:14:20.933106,2878.15,2878.15,0.0,-121.85000000000002,0
2026-03-22T16:14:21.946252,2878.15,2878.15,0.0,-121.85000000000002,0
2026-03-22T16:14:22.958677,2878.15,2878.15,0.0,-121.85000000000002,0
2026-03-22T16:14:23.979737,2878.15,2878.15,0.0,-121.85000000000002,0
2026-03-22T16:14:24.989810,2878.15,2878.15,0.0,-121.85000000000002,0
2026-03-22T16:14:26.006975,2878.15,2878.15,0.0,-121.85000000000002,0
2026-03-22T16:14:27.013205,2878.15,2878.15,0.0,-121.85000000000002,0
2026-03-22T16:14:28.030629,2878.15,2878.15,0.0,-121.85000000000002,0
2026-03-22T16:14:29.048414,2878.15,2878.15,0.0,-121.85000000000002,0
2026-03-22T16:14:30.056921,2878.15,2878.15,0.0,-121.85000000000002,0
2026-03-22T16:14:31.064395,2878.15,2878.15,0.0,-121.85000000000002,0
2026-03-22T16:14:32.086936,2878.15,2878.15,0.0,-121.85000000000002,0
2026-03-22T16:14:33.103815,2878.15,2878.15,0.0,-121.85000000000002,0
2026-03-22T16:14:34.122250,2878.15,2878.15,0.0,-121.85000000000002,0
2026-03-22T16:14:35.132675,2878.15,2878.15,0.0,-121.85000000000002,0
2026-03-22T16:14:36.142655,2878.15,2878.15,0.0,-121.85000000000002,0
2026-03-22T16:14:37.151993,2878.15,2878.15,0.0,-121.85000000000002,0
2026-03-22T16:14:38.162613,2878.15,2878.15,0.0,-121.85000000000002,0
2026-03-22T16:14:39.180391,2878.15,2878.15,0.0,-121.85000000000002,0
2026-03-22T16:14:40.193748,2878.15,2878.15,0.0,-121.85000000000002,0
2026-03-22T16:14:41.202105,2878.15,2878.15,0.0,-121.85000000000002,0
2026-03-22T16:14:42.225370,2878.15,2878.15,0.0,-121.85000000000002,0
2026-03-22T16:14:43.247412,2878.15,2878.15,0.0,-121.85000000000002,0
2026-03-22T16:14:44.264853,2878.15,2878.15,0.0,-121.85000000000002,0
2026-03-22T16:14:45.275813,2878.15,2878.15,0.0,-121.85000000000002,0
2026-03-22T16:14:46.287696,2878.15,2878.15,0.0,-121.85000000000002,0
2026-03-22T16:14:47.296068,2878.15,2878.15,0.0,-121.85000000000002,0
2026-03-22T16:14:48.306250,2878.15,2878.15,0.0,-121.85000000000002,0
2026-03-22T16:14:49.311095,2878.15,2878.15,0.0,-121.85000000000002,0
2026-03-22T16:14:50.321214,2878.15,2878.15,0.0,-121.85000000000002,0
2026-03-22T16:14:51.335290,2878.15,2878.15,0.0,-121.85000000000002,0
2026-03-22T16:14:52.340491,2878.15,2878.15,0.0,-121.85000000000002,0
2026-03-22T16:14:53.354504,2878.15,2878.15,0.0,-121.85000000000002,0
2026-03-22T16:14:54.362977,2878.15,2878.15,0.0,-121.85000000000002,0
2026-03-22T16:14:55.384371,2878.15,2878.15,0.0,-121.85000000000002,0
2026-03-22T16:14:56.405629,2878.15,2878.15,0.0,-121.85000000000002,0
2026-03-22T16:14:57.423873,2878.15,2878.15,0.0,-121.85000000000002,0
2026-03-22T16:14:58.449468,2878.15,2878.15,0.0,-121.85000000000002,0
2026-03-22T16:14:59.485478,2878.15,2878.15,0.0,-121.85000000000002,0
2026-03-22T16:15:00.505318,2878.15,2878.15,0.0,-121.85000000000002,0
2026-03-22T16:15:01.525161,2878.15,2878.15,0.0,-121.85000000000002,0
2026-03-22T16:15:02.543015,2878.15,2878.15,0.0,-121.85000000000002,0
2026-03-22T16:15:03.572864,2878.15,2878.15,0.0,-121.85000000000002,0
2026-03-22T16:15:04.584737,2878.15,2878.15,0.0,-121.85000000000002,0
2026-03-22T16:15:05.608937,2878.15,2878.15,0.0,-121.85000000000002,0
2026-03-22T16:15:06.620429,2878.15,2878.15,0.0,-121.85000000000002,0
2026-03-22T16:15:07.658332,2878.15,2878.15,0.0,-121.85000000000002,0
2026-03-22T16:15:08.670715,2878.15,2878.15,0.0,-121.85000000000002,0
2026-03-22T16:15:09.687565,2878.15,2878.15,0.0,-121.85000000000002,0
2026-03-22T16:15:10.693663,2878.15,2878.15,0.0,-121.85000000000002,0
2026-03-22T16:15:11.699641,2878.15,2878.15,0.0,-121.85000000000002,0
2026-03-22T16:15:12.720814,2878.15,2878.15,0.0,-121.85000000000002,0
2026-03-22T16:15:13.735397,2878.15,2878.15,0.0,-121.85000000000002,0
2026-03-22T16:15:14.748654,2878.15,2878.15,0.0,-121.85000000000002,0
2026-03-22T16:15:15.763058,2878.15,2878.15,0.0,-121.85000000000002,0
2026-03-22T16:15:16.777764,2878.15,2878.15,0.0,-121.85000000000002,0
2026-03-22T16:15:17.796177,2878.15,2878.15,0.0,-121.85000000000002,0
2026-03-22T16:15:18.806051,2878.15,2878.15,0.0,-121.85000000000002,0
2026-03-22T16:15:19.816819,2878.15,2878.15,0.0,-121.85000000000002,0
2026-03-22T16:15:20.834155,2878.15,2878.15,0.0,-121.85000000000002,0
2026-03-22T16:15:21.852653,2878.15,2878.15,0.0,-121.85000000000002,0
2026-03-22T16:15:22.865068,2878.15,2878.15,0.0,-121.85000000000002,0
2026-03-22T16:15:23.882434,2878.15,2878.15,0.0,-121.85000000000002,0
2026-03-22T16:15:24.903141,2878.15,2878.15,0.0,-121.85000000000002,0
2026-03-22T16:15:25.919526,2878.15,2878.15,0.0,-121.85000000000002,0
2026-03-22T16:15:26.935682,2878.15,2878.15,0.0,-121.85000000000002,0
2026-03-22T16:15:27.942497,2878.15,2878.15,0.0,-121.85000000000002,0
2026-03-22T16:15:28.948170,2878.15,2878.15,0.0,-121.85000000000002,0
2026-03-22T16:15:29.962866,2878.15,2878.15,0.0,-121.85000000000002,0
2026-03-22T16:15:30.975960,2878.15,2878.15,0.0,-121.85000000000002,0
2026-03-22T16:15:31.993145,2878.15,2878.15,0.0,-121.85000000000002,0
2026-03-22T16:15:33.010421,2878.15,2878.15,0.0,-121.85000000000002,0
2026-03-22T16:15:34.030785,2878.15,2878.15,0.0,-121.85000000000002,0
2026-03-22T16:15:35.037098,2878.15,2878.15,0.0,-121.85000000000002,0
2026-03-22T16:15:36.044811,2878.15,2878.15,0.0,-121.85000000000002,0
2026-03-22T16:15:37.066831,2878.15,2878.15,0.0,-121.85000000000002,0
2026-03-22T16:15:38.073758,2878.15,2878.15,0.0,-121.85000000000002,0
2026-03-22T16:15:39.095179,2878.15,2878.15,0.0,-121.85000000000002,0
2026-03-22T16:15:40.113240,2878.15,2878.15,0.0,-121.85000000000002,0
2026-03-22T16:15:41.128957,2878.15,2878.15,0.0,-121.85000000000002,0
2026-03-22T16:15:42.154074,2878.15,2878.15,0.0,-121.85000000000002,0
2026-03-22T16:15:43.171144,2878.15,2878.15,0.0,-121.85000000000002,0
2026-03-22T16:15:44.184121,2878.15,2878.15,0.0,-121.85000000000002,0
2026-03-22T16:15:45.192124,2878.15,2878.15,0.0,-121.85000000000002,0
2026-03-22T16:15:46.212571,2878.15,2878.15,0.0,-121.85000000000002,0
2026-03-22T16:15:47.232095,2878.15,2878.15,0.0,-121.85000000000002,0
2026-03-22T16:15:48.246808,2878.15,2878.15,0.0,-121.85000000000002,0
2026-03-22T16:15:49.264596,2878.15,2878.15,0.0,-121.85000000000002,0
2026-03-22T16:15:50.273029,2878.15,2878.15,0.0,-121.85000000000002,0
2026-03-22T16:15:51.292469,2878.15,2878.15,0.0,-121.85000000000002,0
2026-03-22T16:15:52.303030,2878.15,2878.15,0.0,-121.85000000000002,0
2026-03-22T16:15:53.315281,2878.15,2878.15,0.0,-121.85000000000002,0
2026-03-22T16:15:54.327318,2878.15,2878.15,0.0,-121.85000000000002,0
2026-03-22T16:15:55.342580,2878.15,2878.15,0.0,-121.85000000000002,0
2026-03-22T16:15:56.358950,2878.15,2878.15,0.0,-121.85000000000002,0
2026-03-22T16:15:57.370021,2878.15,2878.15,0.0,-121.85000000000002,0
2026-03-22T16:15:58.382711,2878.15,2878.15,0.0,-121.85000000000002,0
2026-03-22T16:15:59.393963,2878.15,2878.15,0.0,-121.85000000000002,0
2026-03-22T16:16:00.414572,2878.15,2878.15,0.0,-121.85000000000002,0
2026-03-22T16:16:01.427060,2878.15,2878.15,0.0,-121.85000000000002,0
2026-03-22T16:16:02.444072,2878.15,2878.15,0.0,-121.85000000000002,0
2026-03-22T16:16:03.453646,2878.15,2878.15,0.0,-121.85000000000002,0
2026-03-22T16:16:04.469927,2878.15,2878.15,0.0,-121.85000000000002,0
2026-03-22T16:16:05.475773,2878.15,2878.15,0.0,-121.85000000000002,0
2026-03-22T16:16:06.484680,2878.15,2878.15,0.0,-121.85000000000002,0
2026-03-22T16:16:07.495618,2878.15,2878.15,0.0,-121.85000000000002,0
2026-03-22T16:16:08.512643,2878.15,2878.15,0.0,-121.85000000000002,0
2026-03-22T16:16:09.520319,2878.15,2878.15,0.0,-121.85000000000002,0
2026-03-22T16:16:10.537342,2878.15,2878.15,0.0,-121.85000000000002,0
2026-03-22T16:16:11.545410,2878.15,2878.15,0.0,-121.85000000000002,0
2026-03-22T16:16:12.553477,2878.15,2878.15,0.0,-121.85000000000002,0
2026-03-22T16:16:13.576327,2878.15,2878.15,0.0,-121.85000000000002,0
2026-03-22T16:16:14.617343,2878.15,2878.15,0.0,-121.85000000000002,0
2026-03-22T16:16:15.645337,2878.15,2878.15,0.0,-121.85000000000002,0
2026-03-22T16:16:16.688967,2878.15,2878.15,0.0,-121.85000000000002,0
2026-03-22T16:16:17.703887,2878.15,2878.15,0.0,-121.85000000000002,0
2026-03-22T16:16:18.711372,2878.15,2878.15,0.0,-121.85000000000002,0
2026-03-22T16:16:19.719859,2878.15,2878.15,0.0,-121.85000000000002,0
2026-03-22T16:16:20.736678,2878.15,2878.15,0.0,-121.85000000000002,0
2026-03-22T16:16:21.745618,2878.15,2878.15,0.0,-121.85000000000002,0
2026-03-22T16:16:22.753600,2878.15,2878.15,0.0,-121.85000000000002,0
2026-03-22T16:16:23.777131,2878.15,2878.15,0.0,-121.85000000000002,0
2026-03-22T16:16:24.787511,2878.15,2878.15,0.0,-121.85000000000002,0
2026-03-22T16:16:25.811388,2878.15,2878.15,0.0,-121.85000000000002,0
2026-03-22T16:16:26.829132,2878.15,2878.15,0.0,-121.85000000000002,0
2026-03-22T16:16:27.849238,2878.15,2878.15,0.0,-121.85000000000002,0
2026-03-22T16:16:28.860594,2878.15,2878.15,0.0,-121.85000000000002,0
2026-03-22T16:16:29.869636,2878.15,2878.15,0.0,-121.85000000000002,0
2026-03-22T16:16:30.884416,2878.15,2878.15,0.0,-121.85000000000002,0
2026-03-22T16:16:31.895041,2878.15,2878.15,0.0,-121.85000000000002,0
2026-03-22T16:16:32.911555,2878.15,2878.15,0.0,-121.85000000000002,0
2026-03-22T16:16:33.919564,2878.15,2878.15,0.0,-121.85000000000002,0
2026-03-22T16:16:34.928424,2878.15,2878.15,0.0,-121.85000000000002,0
2026-03-22T16:16:35.949468,2878.15,2878.15,0.0,-121.85000000000002,0
2026-03-22T16:16:36.962141,2878.15,2878.15,0.0,-121.85000000000002,0
2026-03-22T16:16:37.974409,2878.15,2878.15,0.0,-121.85000000000002,0
2026-03-22T16:16:39.006098,2878.15,2878.15,0.0,-121.85000000000002,0
2026-03-22T16:16:40.018077,2878.15,2878.15,0.0,-121.85000000000002,0
2026-03-22T16:16:41.101688,2878.15,2878.15,0.0,-121.85000000000002,0
2026-03-22T16:16:42.126426,2878.15,2878.15,0.0,-121.85000000000002,0
2026-03-22T16:16:43.141582,2878.15,2878.15,0.0,-121.85000000000002,0
2026-03-22T16:16:44.163945,2878.15,2878.15,0.0,-121.85000000000002,0
2026-03-22T16:16:45.173699,2878.15,2878.15,0.0,-121.85000000000002,0
2026-03-22T16:16:46.186376,2878.15,2734.6,143.55,-121.85000000000002,0
2026-03-22T16:16:47.201768,2878.15,2734.6,143.55,-121.85000000000002,0
2026-03-22T16:16:48.209762,2878.15,2734.6,143.55,-121.85000000000002,0
2026-03-22T16:16:49.222048,2876.7599999999998,2733.2099999999996,143.55,-123.24000000000002,0.0
2026-03-22T16:16:50.233747,2876.7599999999998,2733.2099999999996,143.55,-123.24000000000002,0.0
2026-03-22T16:16:51.261188,2876.7599999999998,2733.2099999999996,143.55,-123.24000000000002,0.0
2026-03-22T16:16:52.270103,2876.7599999999998,2733.2099999999996,143.55,-123.24000000000002,0.0
2026-03-22T16:16:53.294739,2876.7599999999998,2733.2099999999996,143.55,-123.24000000000002,0.0
2026-03-22T16:16:54.304000,2876.7599999999998,2733.2099999999996,143.55,-123.24000000000002,0.0
2026-03-22T16:16:55.312419,2876.7599999999998,2733.2099999999996,143.55,-123.24000000000002,0.0
2026-03-22T16:16:56.321407,2876.7599999999998,2733.2099999999996,143.55,-123.24000000000002,0.0
2026-03-22T16:16:57.335185,2876.7599999999998,2733.2099999999996,143.55,-123.24000000000002,0.0
2026-03-22T16:16:58.353078,2876.7599999999998,2733.2099999999996,143.55,-123.24000000000002,0.0
2026-03-22T16:16:59.365839,2876.7599999999998,2733.2099999999996,143.55,-123.24000000000002,0.0
2026-03-22T16:17:00.386527,2876.7599999999998,2733.2099999999996,143.55,-123.24000000000002,0.0
2026-03-22T16:17:01.437964,2895.8999999999996,2733.2099999999996,143.55,-123.24000000000002,19.14
2026-03-22T16:17:02.452380,2895.8999999999996,2733.2099999999996,143.55,-123.24000000000002,19.14
2026-03-22T16:17:03.472695,2895.8999999999996,2733.2099999999996,143.55,-123.24000000000002,19.14
2026-03-22T16:17:04.491741,2895.8999999999996,2733.2099999999996,143.55,-123.24000000000002,19.14
2026-03-22T16:17:05.501612,2895.8999999999996,2733.2099999999996,143.55,-123.24000000000002,19.14
2026-03-22T16:17:06.518112,2895.8999999999996,2733.2099999999996,143.55,-123.24000000000002,19.14
2026-03-22T16:17:07.541412,2895.8999999999996,2733.2099999999996,143.55,-123.24000000000002,19.14
2026-03-22T16:17:08.553416,2895.8999999999996,2733.2099999999996,143.55,-123.24000000000002,19.14
2026-03-22T16:17:09.561201,2895.8999999999996,2733.2099999999996,143.55,-123.24000000000002,19.14
2026-03-22T16:17:10.569664,2895.8999999999996,2733.2099999999996,143.55,-123.24000000000002,19.14
2026-03-22T16:17:11.587767,2895.8999999999996,2733.2099999999996,143.55,-123.24000000000002,19.14
2026-03-22T16:17:12.603723,2895.8999999999996,2733.2099999999996,143.55,-123.24000000000002,19.14
2026-03-22T16:17:13.618251,2895.8999999999996,2733.2099999999996,143.55,-123.24000000000002,19.14
2026-03-22T16:17:14.628577,2895.8999999999996,2733.2099999999996,143.55,-123.24000000000002,19.14
2026-03-22T16:17:15.642686,2895.8999999999996,2733.2099999999996,143.55,-123.24000000000002,19.14
2026-03-22T16:17:16.650298,2895.8999999999996,2733.2099999999996,143.55,-123.24000000000002,19.14
2026-03-22T16:17:17.666443,2895.8999999999996,2733.2099999999996,143.55,-123.24000000000002,19.14
2026-03-22T16:17:18.690483,2895.8999999999996,2733.2099999999996,143.55,-123.24000000000002,19.14
2026-03-22T16:17:19.712351,2892.71,2892.71,0.0,-107.29000000000002,0
2026-03-22T16:17:20.729034,2892.71,2892.71,0.0,-107.29000000000002,0
2026-03-22T16:17:21.738393,2892.71,2892.71,0.0,-107.29000000000002,0
2026-03-22T16:17:22.756054,2892.71,2892.71,0.0,-107.29000000000002,0
2026-03-22T16:17:23.763801,2892.71,2892.71,0.0,-107.29000000000002,0
2026-03-22T16:17:24.775275,2892.71,2892.71,0.0,-107.29000000000002,0
2026-03-22T16:17:25.784839,2892.71,2892.71,0.0,-107.29000000000002,0
2026-03-22T16:17:26.801745,2892.71,2892.71,0.0,-107.29000000000002,0
2026-03-22T16:17:27.816208,2892.71,2892.71,0.0,-107.29000000000002,0
2026-03-22T16:17:28.834403,2892.71,2892.71,0.0,-107.29000000000002,0
2026-03-22T16:17:29.853943,2892.71,2892.71,0.0,-107.29000000000002,0
2026-03-22T16:17:30.878662,2892.71,2892.71,0.0,-107.29000000000002,0
2026-03-22T16:17:31.900408,2892.71,2892.71,0.0,-107.29000000000002,0
2026-03-22T16:17:32.913149,2892.71,2892.71,0.0,-107.29000000000002,0
2026-03-22T16:17:33.935348,2892.71,2892.71,0.0,-107.29000000000002,0
2026-03-22T16:17:34.957381,2892.71,2892.71,0.0,-107.29000000000002,0
2026-03-22T16:17:35.968450,2892.71,2892.71,0.0,-107.29000000000002,0
2026-03-22T16:17:36.977326,2892.71,2892.71,0.0,-107.29000000000002,0
2026-03-22T16:17:37.994378,2892.71,2892.71,0.0,-107.29000000000002,0
2026-03-22T16:17:39.002550,2892.71,2892.71,0.0,-107.29000000000002,0
2026-03-22T16:17:40.020600,2892.71,2892.71,0.0,-107.29000000000002,0
2026-03-22T16:17:41.038861,2892.71,2892.71,0.0,-107.29000000000002,0
2026-03-22T16:17:42.059117,2892.71,2892.71,0.0,-107.29000000000002,0
2026-03-22T16:17:43.069035,2892.71,2892.71,0.0,-107.29000000000002,0
2026-03-22T16:17:44.087517,2892.71,2892.71,0.0,-107.29000000000002,0
2026-03-22T16:17:45.104167,2892.71,2892.71,0.0,-107.29000000000002,0
2026-03-22T16:17:46.123370,2892.71,2892.71,0.0,-107.29000000000002,0
2026-03-22T16:17:47.153239,2892.71,2892.71,0.0,-107.29000000000002,0
2026-03-22T16:17:48.163142,2892.71,2892.71,0.0,-107.29000000000002,0
2026-03-22T16:17:49.187354,2892.71,2892.71,0.0,-107.29000000000002,0
2026-03-22T16:17:50.196145,2892.71,2892.71,0.0,-107.29000000000002,0
2026-03-22T16:17:51.245145,2892.71,2892.71,0.0,-107.29000000000002,0
2026-03-22T16:17:52.259272,2892.71,2892.71,0.0,-107.29000000000002,0
2026-03-22T16:17:53.264681,2892.71,2892.71,0.0,-107.29000000000002,0
2026-03-22T16:17:54.275230,2892.71,2892.71,0.0,-107.29000000000002,0
2026-03-22T16:17:55.287051,2892.71,2892.71,0.0,-107.29000000000002,0
2026-03-22T16:17:56.299697,2892.71,2892.71,0.0,-107.29000000000002,0
2026-03-22T16:17:57.314732,2892.71,2892.71,0.0,-107.29000000000002,0
2026-03-22T16:17:58.334097,2892.71,2892.71,0.0,-107.29000000000002,0
2026-03-22T16:17:59.355352,2892.71,2892.71,0.0,-107.29000000000002,0
2026-03-22T16:18:00.364717,2892.71,2892.71,0.0,-107.29000000000002,0
2026-03-22T16:18:01.374877,2892.71,2892.71,0.0,-107.29000000000002,0
2026-03-22T16:18:02.390273,2892.71,2892.71,0.0,-107.29000000000002,0
2026-03-22T16:18:03.408626,2892.71,2892.71,0.0,-107.29000000000002,0
2026-03-22T16:18:04.421545,2892.71,2892.71,0.0,-107.29000000000002,0
2026-03-22T16:18:05.437015,2892.71,2892.71,0.0,-107.29000000000002,0
2026-03-22T16:18:06.449178,2892.71,2892.71,0.0,-107.29000000000002,0
2026-03-22T16:18:07.458906,2892.71,2892.71,0.0,-107.29000000000002,0
2026-03-22T16:18:08.474009,2892.71,2892.71,0.0,-107.29000000000002,0
2026-03-22T16:18:09.487386,2892.71,2892.71,0.0,-107.29000000000002,0
2026-03-22T16:18:10.496542,2892.71,2892.71,0.0,-107.29000000000002,0
2026-03-22T16:18:11.508688,2892.71,2892.71,0.0,-107.29000000000002,0
2026-03-22T16:18:12.526627,2892.71,2892.71,0.0,-107.29000000000002,0
2026-03-22T16:18:13.543014,2892.71,2892.71,0.0,-107.29000000000002,0
2026-03-22T16:18:14.556041,2892.71,2892.71,0.0,-107.29000000000002,0
2026-03-22T16:18:15.564305,2892.71,2892.71,0.0,-107.29000000000002,0
2026-03-22T16:18:16.572673,2892.71,2892.71,0.0,-107.29000000000002,0
2026-03-22T16:18:17.598083,2892.71,2892.71,0.0,-107.29000000000002,0
2026-03-22T16:18:18.607895,2892.71,2892.71,0.0,-107.29000000000002,0
2026-03-22T16:18:19.619184,2892.71,2892.71,0.0,-107.29000000000002,0
2026-03-22T16:18:20.636517,2892.71,2892.71,0.0,-107.29000000000002,0
2026-03-22T16:18:21.653512,2892.71,2892.71,0.0,-107.29000000000002,0
2026-03-22T16:18:22.668126,2892.71,2892.71,0.0,-107.29000000000002,0
2026-03-22T16:18:23.677809,2892.71,2892.71,0.0,-107.29000000000002,0
2026-03-22T16:18:24.685288,2892.71,2892.71,0.0,-107.29000000000002,0
2026-03-22T16:18:25.694480,2892.71,2892.71,0.0,-107.29000000000002,0
2026-03-22T16:18:26.702020,2892.71,2892.71,0.0,-107.29000000000002,0
2026-03-22T16:18:27.711485,2892.71,2892.71,0.0,-107.29000000000002,0
2026-03-22T16:18:28.726484,2892.71,2892.71,0.0,-107.29000000000002,0
2026-03-22T16:18:29.743985,2892.71,2892.71,0.0,-107.29000000000002,0
2026-03-22T16:18:30.774723,2892.71,2892.71,0.0,-107.29000000000002,0
2026-03-22T16:18:31.785407,2892.71,2892.71,0.0,-107.29000000000002,0
2026-03-22T16:18:32.793470,2892.71,2892.71,0.0,-107.29000000000002,0
2026-03-22T16:18:33.811951,2892.71,2892.71,0.0,-107.29000000000002,0
2026-03-22T16:18:34.820726,2892.71,2892.71,0.0,-107.29000000000002,0
2026-03-22T16:18:35.841758,2892.71,2892.71,0.0,-107.29000000000002,0
2026-03-22T16:18:36.863765,2892.71,2892.71,0.0,-107.29000000000002,0
2026-03-22T16:18:37.875900,2892.71,2892.71,0.0,-107.29000000000002,0
2026-03-22T16:18:38.886210,2892.71,2892.71,0.0,-107.29000000000002,0
2026-03-22T16:18:39.901822,2892.71,2892.71,0.0,-107.29000000000002,0
2026-03-22T16:18:40.912443,2892.71,2892.71,0.0,-107.29000000000002,0
2026-03-22T16:18:41.928240,2892.71,2892.71,0.0,-107.29000000000002,0
2026-03-22T16:18:42.937323,2892.71,2892.71,0.0,-107.29000000000002,0
2026-03-22T16:18:43.952748,2892.71,2892.71,0.0,-107.29000000000002,0
2026-03-22T16:18:44.967747,2892.71,2892.71,0.0,-107.29000000000002,0
2026-03-22T16:18:45.976714,2892.71,2892.71,0.0,-107.29000000000002,0
2026-03-22T16:18:46.994660,2892.71,2892.71,0.0,-107.29000000000002,0
2026-03-22T16:18:48.014408,2892.71,2892.71,0.0,-107.29000000000002,0
2026-03-22T16:18:49.026398,2892.71,2892.71,0.0,-107.29000000000002,0
2026-03-22T16:18:50.043772,2892.71,2892.71,0.0,-107.29000000000002,0
2026-03-22T16:18:51.059233,2892.71,2892.71,0.0,-107.29000000000002,0
2026-03-22T16:18:52.069862,2892.71,2892.71,0.0,-107.29000000000002,0
2026-03-22T16:18:53.077797,2892.71,2892.71,0.0,-107.29000000000002,0
2026-03-22T16:18:54.084757,2892.71,2892.71,0.0,-107.29000000000002,0
2026-03-22T16:18:55.094803,2892.71,2892.71,0.0,-107.29000000000002,0
2026-03-22T16:18:56.114359,2892.71,2892.71,0.0,-107.29000000000002,0
2026-03-22T16:18:57.136086,2892.71,2892.71,0.0,-107.29000000000002,0
2026-03-22T16:18:58.153796,2892.71,2892.71,0.0,-107.29000000000002,0
2026-03-22T16:18:59.170796,2892.71,2892.71,0.0,-107.29000000000002,0
2026-03-22T16:19:00.186036,2892.71,2892.71,0.0,-107.29000000000002,0
2026-03-22T16:19:01.194552,2892.71,2892.71,0.0,-107.29000000000002,0
2026-03-22T16:19:02.211269,2892.71,2892.71,0.0,-107.29000000000002,0
2026-03-22T16:19:03.220378,2892.71,2892.71,0.0,-107.29000000000002,0
2026-03-22T16:19:04.236665,2892.71,2892.71,0.0,-107.29000000000002,0
2026-03-22T16:19:05.254930,2892.71,2892.71,0.0,-107.29000000000002,0
2026-03-22T16:19:06.339539,2892.71,2892.71,0.0,-107.29000000000002,0
2026-03-22T16:19:07.360869,2892.71,2892.71,0.0,-107.29000000000002,0
2026-03-22T16:19:08.372589,2892.71,2892.71,0.0,-107.29000000000002,0
2026-03-22T16:19:09.387398,2892.71,2892.71,0.0,-107.29000000000002,0
2026-03-22T16:19:10.394971,2892.71,2892.71,0.0,-107.29000000000002,0
2026-03-22T16:19:11.403737,2892.71,2892.71,0.0,-107.29000000000002,0
2026-03-22T16:19:12.411760,2892.71,2892.71,0.0,-107.29000000000002,0
2026-03-22T16:19:13.421073,2892.71,2892.71,0.0,-107.29000000000002,0
2026-03-22T16:19:14.444428,2892.71,2892.71,0.0,-107.29000000000002,0
2026-03-22T16:19:15.453054,2892.71,2892.71,0.0,-107.29000000000002,0
2026-03-22T16:19:16.463088,2892.71,2892.71,0.0,-107.29000000000002,0
2026-03-22T16:19:17.478787,2892.71,2892.71,0.0,-107.29000000000002,0
2026-03-22T16:19:18.487555,2892.71,2892.71,0.0,-107.29000000000002,0
2026-03-22T16:19:19.506665,2892.71,2892.71,0.0,-107.29000000000002,0
2026-03-22T16:19:20.520841,2892.71,2892.71,0.0,-107.29000000000002,0
2026-03-22T16:19:21.534724,2892.71,2892.71,0.0,-107.29000000000002,0
2026-03-22T16:19:22.548470,2892.71,2892.71,0.0,-107.29000000000002,0
2026-03-22T16:19:23.562618,2892.71,2892.71,0.0,-107.29000000000002,0
2026-03-22T16:19:24.572418,2892.71,2892.71,0.0,-107.29000000000002,0
2026-03-22T16:19:25.596013,2892.71,2892.71,0.0,-107.29000000000002,0
2026-03-22T16:19:26.606088,2892.71,2892.71,0.0,-107.29000000000002,0
2026-03-22T16:19:27.627870,2892.71,2892.71,0.0,-107.29000000000002,0
2026-03-22T16:19:28.639629,2892.71,2892.71,0.0,-107.29000000000002,0
2026-03-22T16:19:29.656782,2892.71,2892.71,0.0,-107.29000000000002,0
2026-03-22T16:19:30.675904,2892.71,2892.71,0.0,-107.29000000000002,0
2026-03-22T16:19:31.687725,2892.71,2892.71,0.0,-107.29000000000002,0
2026-03-22T16:19:32.695298,2892.71,2892.71,0.0,-107.29000000000002,0
2026-03-22T16:19:33.703508,2892.71,2892.71,0.0,-107.29000000000002,0
2026-03-22T16:19:34.712013,2892.71,2892.71,0.0,-107.29000000000002,0
2026-03-22T16:19:35.722711,2892.71,2892.71,0.0,-107.29000000000002,0
2026-03-22T16:19:36.756086,2892.71,2892.71,0.0,-107.29000000000002,0
2026-03-22T16:19:37.771347,2892.71,2892.71,0.0,-107.29000000000002,0
2026-03-22T16:19:38.786778,2892.71,2892.71,0.0,-107.29000000000002,0
2026-03-22T16:19:39.795328,2892.71,2892.71,0.0,-107.29000000000002,0
2026-03-22T16:19:40.804743,2892.71,2892.71,0.0,-107.29000000000002,0
2026-03-22T16:19:41.820224,2892.71,2892.71,0.0,-107.29000000000002,0
2026-03-22T16:19:42.828892,2892.71,2892.71,0.0,-107.29000000000002,0
2026-03-22T16:19:43.837114,2892.71,2892.71,0.0,-107.29000000000002,0
2026-03-22T16:19:44.846696,2892.71,2892.71,0.0,-107.29000000000002,0
2026-03-22T16:19:45.868240,2892.71,2892.71,0.0,-107.29000000000002,0
2026-03-22T16:19:46.884445,2892.71,2892.71,0.0,-107.29000000000002,0
2026-03-22T16:19:47.897560,2892.71,2892.71,0.0,-107.29000000000002,0
2026-03-22T16:19:48.912498,2892.71,2892.71,0.0,-107.29000000000002,0
2026-03-22T16:19:49.920742,2892.71,2892.71,0.0,-107.29000000000002,0
2026-03-22T16:19:50.929958,2892.71,2892.71,0.0,-107.29000000000002,0
2026-03-22T16:19:51.945565,2892.71,2892.71,0.0,-107.29000000000002,0
2026-03-22T16:19:52.961725,2892.71,2892.71,0.0,-107.29000000000002,0
2026-03-22T16:19:53.971349,2892.71,2892.71,0.0,-107.29000000000002,0
2026-03-22T16:19:54.988257,2892.71,2892.71,0.0,-107.29000000000002,0
2026-03-22T16:19:56.004988,2892.71,2892.71,0.0,-107.29000000000002,0
2026-03-22T16:19:57.011812,2892.71,2892.71,0.0,-107.29000000000002,0
2026-03-22T16:19:58.023581,2892.71,2892.71,0.0,-107.29000000000002,0
2026-03-22T16:19:59.038202,2892.71,2892.71,0.0,-107.29000000000002,0
2026-03-22T16:20:00.054553,2892.71,2892.71,0.0,-107.29000000000002,0
2026-03-22T16:20:01.071386,2892.71,2892.71,0.0,-107.29000000000002,0
2026-03-22T16:20:02.103666,2892.71,2892.71,0.0,-107.29000000000002,0
2026-03-22T16:20:03.111817,2892.71,2892.71,0.0,-107.29000000000002,0
2026-03-22T16:20:04.126705,2892.71,2892.71,0.0,-107.29000000000002,0
2026-03-22T16:20:05.136915,2892.71,2892.71,0.0,-107.29000000000002,0
2026-03-22T16:20:06.154083,2892.71,2892.71,0.0,-107.29000000000002,0
2026-03-22T16:20:07.162465,2892.71,2892.71,0.0,-107.29000000000002,0
2026-03-22T16:20:08.178369,2892.71,2892.71,0.0,-107.29000000000002,0
2026-03-22T16:20:09.196706,2892.71,2892.71,0.0,-107.29000000000002,0
2026-03-22T16:20:10.211858,2892.71,2892.71,0.0,-107.29000000000002,0
2026-03-22T16:20:11.221190,2892.71,2892.71,0.0,-107.29000000000002,0
2026-03-22T16:20:12.229553,2892.71,2892.71,0.0,-107.29000000000002,0
2026-03-22T16:20:13.245244,2892.71,2892.71,0.0,-107.29000000000002,0
2026-03-22T16:20:14.253365,2892.71,2892.71,0.0,-107.29000000000002,0
2026-03-22T16:20:15.262630,2892.71,2892.71,0.0,-107.29000000000002,0
2026-03-22T16:20:16.279280,2892.71,2892.71,0.0,-107.29000000000002,0
2026-03-22T16:20:17.295256,2892.71,2892.71,0.0,-107.29000000000002,0
2026-03-22T16:20:18.348451,2892.71,2892.71,0.0,-107.29000000000002,0
2026-03-22T16:20:19.366280,2892.71,2892.71,0.0,-107.29000000000002,0
2026-03-22T16:20:20.380114,2892.71,2892.71,0.0,-107.29000000000002,0
2026-03-22T16:20:21.394197,2892.71,2892.71,0.0,-107.29000000000002,0
2026-03-22T16:20:22.413986,2892.71,2892.71,0.0,-107.29000000000002,0
2026-03-22T16:20:23.421161,2892.71,2892.71,0.0,-107.29000000000002,0
2026-03-22T16:20:24.430510,2892.71,2892.71,0.0,-107.29000000000002,0
2026-03-22T16:20:25.462447,2892.71,2892.71,0.0,-107.29000000000002,0
2026-03-22T16:20:26.476656,2892.71,2892.71,0.0,-107.29000000000002,0
2026-03-22T16:20:27.489230,2892.71,2892.71,0.0,-107.29000000000002,0
2026-03-22T16:20:28.513654,2892.71,2892.71,0.0,-107.29000000000002,0
2026-03-22T16:20:29.530905,2892.71,2892.71,0.0,-107.29000000000002,0
2026-03-22T16:20:30.547690,2892.71,2892.71,0.0,-107.29000000000002,0
2026-03-22T16:20:31.556153,2892.71,2892.71,0.0,-107.29000000000002,0
2026-03-22T16:20:32.575199,2892.71,2892.71,0.0,-107.29000000000002,0
2026-03-22T16:20:33.592143,2892.71,2892.71,0.0,-107.29000000000002,0
2026-03-22T16:20:34.603283,2892.71,2892.71,0.0,-107.29000000000002,0
2026-03-22T16:20:35.618466,2892.71,2892.71,0.0,-107.29000000000002,0
2026-03-22T16:20:36.628775,2892.71,2892.71,0.0,-107.29000000000002,0
2026-03-22T16:20:37.636522,2892.71,2892.71,0.0,-107.29000000000002,0
2026-03-22T16:20:38.645203,2892.71,2892.71,0.0,-107.29000000000002,0
2026-03-22T16:20:39.662666,2892.71,2892.71,0.0,-107.29000000000002,0
2026-03-22T16:20:40.677728,2892.71,2892.71,0.0,-107.29000000000002,0
2026-03-22T16:20:41.686177,2892.71,2892.71,0.0,-107.29000000000002,0
2026-03-22T16:20:42.708610,2892.71,2892.71,0.0,-107.29000000000002,0
2026-03-22T16:20:43.719287,2892.71,2892.71,0.0,-107.29000000000002,0
2026-03-22T16:20:44.732119,2892.71,2892.71,0.0,-107.29000000000002,0
2026-03-22T16:20:45.749248,2892.71,2892.71,0.0,-107.29000000000002,0
2026-03-22T16:20:46.770126,2892.71,2892.71,0.0,-107.29000000000002,0
2026-03-22T16:20:47.794816,2892.71,2892.71,0.0,-107.29000000000002,0
2026-03-22T16:20:48.810180,2892.71,2892.71,0.0,-107.29000000000002,0
2026-03-22T16:20:49.831701,2892.71,2892.71,0.0,-107.29000000000002,0
2026-03-22T16:20:50.841175,2892.71,2892.71,0.0,-107.29000000000002,0
2026-03-22T16:20:51.862606,2892.71,2892.71,0.0,-107.29000000000002,0
2026-03-22T16:20:52.869424,2892.71,2892.71,0.0,-107.29000000000002,0
2026-03-22T16:20:53.916560,2892.71,2892.71,0.0,-107.29000000000002,0
2026-03-22T16:20:54.930134,2892.71,2892.71,0.0,-107.29000000000002,0
2026-03-22T16:20:55.942291,2892.71,2892.71,0.0,-107.29000000000002,0
2026-03-22T16:20:56.957640,2892.71,2892.71,0.0,-107.29000000000002,0
2026-03-22T16:20:58.009785,2892.71,2892.71,0.0,-107.29000000000002,0
2026-03-22T16:20:59.024901,2892.71,2892.71,0.0,-107.29000000000002,0
2026-03-22T16:21:00.047170,2892.71,2892.71,0.0,-107.29000000000002,0
2026-03-22T16:21:01.066125,2892.71,2748.39,144.32,-107.29000000000002,0
2026-03-22T16:21:02.085357,2892.71,2748.39,144.32,-107.29000000000002,0
2026-03-22T16:21:03.103337,2892.71,2748.39,144.32,-107.29000000000002,0
2026-03-22T16:21:04.109907,2892.71,2748.39,144.32,-107.29000000000002,0
2026-03-22T16:21:05.121676,2892.71,2748.39,144.32,-107.29000000000002,0
2026-03-22T16:21:06.139101,2892.4,2748.08,144.32,-107.60000000000002,0.0
2026-03-22T16:21:07.159968,2892.4,2748.08,144.32,-107.60000000000002,0.0
2026-03-22T16:21:08.169615,2892.4,2748.08,144.32,-107.60000000000002,0.0
2026-03-22T16:21:09.181953,2892.4,2748.08,144.32,-107.60000000000002,0.0
2026-03-22T16:21:10.196356,2892.4,2748.08,144.32,-107.60000000000002,0.0
2026-03-22T16:21:11.208960,2892.4,2748.08,144.32,-107.60000000000002,0.0
2026-03-22T16:21:12.234669,2892.4,2748.08,144.32,-107.60000000000002,0.0
2026-03-22T16:21:13.261734,2892.4,2748.08,144.32,-107.60000000000002,0.0
2026-03-22T16:21:14.276409,2892.4,2748.08,144.32,-107.60000000000002,0.0
2026-03-22T16:21:15.297841,2892.4,2748.08,144.32,-107.60000000000002,0.0
2026-03-22T16:21:16.319724,2892.4,2748.08,144.32,-107.60000000000002,0.0
2026-03-22T16:21:17.329305,2892.4,2748.08,144.32,-107.60000000000002,0.0
2026-03-22T16:21:18.338541,2892.4,2748.08,144.32,-107.60000000000002,0.0
2026-03-22T16:21:19.352975,2892.4,2748.08,144.32,-107.60000000000002,0.0
2026-03-22T16:21:20.361723,2892.4,2748.08,144.32,-107.60000000000002,0.0
2026-03-22T16:21:21.376812,2892.4,2748.08,144.32,-107.60000000000002,0.0
2026-03-22T16:21:22.389367,2900.436,2748.08,144.32,-107.60000000000002,8.036000000000007
2026-03-22T16:21:23.401593,2900.436,2748.08,144.32,-107.60000000000002,8.036000000000007
2026-03-22T16:21:24.426411,2900.436,2748.08,144.32,-107.60000000000002,8.036000000000007
2026-03-22T16:21:25.446208,2900.436,2748.08,144.32,-107.60000000000002,8.036000000000007
2026-03-22T16:21:26.461092,2900.436,2748.08,144.32,-107.60000000000002,8.036000000000007
2026-03-22T16:21:27.472239,2900.436,2748.08,144.32,-107.60000000000002,8.036000000000007
2026-03-22T16:21:28.494368,2900.436,2748.08,144.32,-107.60000000000002,8.036000000000007
2026-03-22T16:21:29.503190,2900.436,2748.08,144.32,-107.60000000000002,8.036000000000007
2026-03-22T16:21:30.512218,2900.436,2748.08,144.32,-107.60000000000002,8.036000000000007
2026-03-22T16:21:31.527590,2900.436,2748.08,144.32,-107.60000000000002,8.036000000000007
2026-03-22T16:21:32.550431,2900.436,2748.08,144.32,-107.60000000000002,8.036000000000007
2026-03-22T16:21:33.575560,2900.436,2748.08,144.32,-107.60000000000002,8.036000000000007
2026-03-22T16:21:34.586601,2900.436,2748.08,144.32,-107.60000000000002,8.036000000000007
2026-03-22T16:21:35.593526,2900.436,2748.08,144.32,-107.60000000000002,8.036000000000007
2026-03-22T16:21:36.614338,2900.436,2748.08,144.32,-107.60000000000002,8.036000000000007
2026-03-22T16:21:37.638046,2900.436,2748.08,144.32,-107.60000000000002,8.036000000000007
2026-03-22T16:21:38.653541,2900.436,2748.08,144.32,-107.60000000000002,8.036000000000007
2026-03-22T16:21:39.668217,2900.436,2748.08,144.32,-107.60000000000002,8.036000000000007
2026-03-22T16:21:40.677622,2900.436,2748.08,144.32,-107.60000000000002,8.036000000000007
2026-03-22T16:21:41.686764,2771.04,2771.04,0.0,-228.96000000000004,0
2026-03-22T16:21:42.696337,2771.04,2771.04,0.0,-228.96000000000004,0
2026-03-22T16:21:43.702593,2771.04,2771.04,0.0,-228.96000000000004,0
2026-03-22T16:21:44.726410,2771.04,2771.04,0.0,-228.96000000000004,0
2026-03-22T16:21:45.754743,2771.04,2771.04,0.0,-228.96000000000004,0
2026-03-22T16:21:46.772694,2771.04,2771.04,0.0,-228.96000000000004,0
2026-03-22T16:21:47.794838,2771.04,2771.04,0.0,-228.96000000000004,0
2026-03-22T16:21:48.811282,2771.04,2771.04,0.0,-228.96000000000004,0
2026-03-22T16:21:49.822923,2771.04,2771.04,0.0,-228.96000000000004,0
2026-03-22T16:21:50.835271,2771.04,2771.04,0.0,-228.96000000000004,0
2026-03-22T16:21:51.844359,2771.04,2771.04,0.0,-228.96000000000004,0
2026-03-22T16:21:52.856333,2771.04,2771.04,0.0,-228.96000000000004,0
2026-03-22T16:21:53.878071,2771.04,2771.04,0.0,-228.96000000000004,0
2026-03-22T16:21:54.885864,2771.04,2771.04,0.0,-228.96000000000004,0
2026-03-22T16:21:55.903448,2771.04,2771.04,0.0,-228.96000000000004,0
2026-03-22T16:21:56.920613,2771.04,2771.04,0.0,-228.96000000000004,0
2026-03-22T16:21:57.934071,2771.04,2771.04,0.0,-228.96000000000004,0
2026-03-22T16:21:58.944613,2771.04,2771.04,0.0,-228.96000000000004,0
2026-03-22T16:21:59.961909,2771.04,2771.04,0.0,-228.96000000000004,0
2026-03-22T16:22:00.969722,2771.04,2771.04,0.0,-228.96000000000004,0
2026-03-22T16:22:01.998007,2771.04,2771.04,0.0,-228.96000000000004,0
2026-03-22T16:22:03.011156,2771.04,2771.04,0.0,-228.96000000000004,0
2026-03-22T16:22:04.020263,2771.04,2771.04,0.0,-228.96000000000004,0
2026-03-22T16:22:05.036008,2771.04,2771.04,0.0,-228.96000000000004,0
2026-03-22T16:22:06.053675,2771.04,2771.04,0.0,-228.96000000000004,0
2026-03-22T16:22:07.076106,2771.04,2771.04,0.0,-228.96000000000004,0
2026-03-22T16:22:08.087177,2771.04,2771.04,0.0,-228.96000000000004,0
2026-03-22T16:22:09.095136,2771.04,2771.04,0.0,-228.96000000000004,0
2026-03-22T16:22:10.121268,2771.04,2771.04,0.0,-228.96000000000004,0
2026-03-22T16:22:11.143180,2771.04,2771.04,0.0,-228.96000000000004,0
2026-03-22T16:22:12.153439,2771.04,2771.04,0.0,-228.96000000000004,0
2026-03-22T16:22:13.180187,2771.04,2771.04,0.0,-228.96000000000004,0
2026-03-22T16:22:14.195027,2771.04,2771.04,0.0,-228.96000000000004,0
2026-03-22T16:22:15.201700,2771.04,2771.04,0.0,-228.96000000000004,0
2026-03-22T16:22:16.210626,2771.04,2771.04,0.0,-228.96000000000004,0
2026-03-22T16:22:17.229068,2771.04,2771.04,0.0,-228.96000000000004,0
2026-03-22T16:22:18.252628,2771.04,2771.04,0.0,-228.96000000000004,0
2026-03-22T16:22:19.261189,2771.04,2771.04,0.0,-228.96000000000004,0
2026-03-22T16:22:20.278052,2771.04,2771.04,0.0,-228.96000000000004,0
2026-03-22T16:22:21.297341,2771.04,2771.04,0.0,-228.96000000000004,0
2026-03-22T16:22:22.312964,2771.04,2771.04,0.0,-228.96000000000004,0
2026-03-22T16:22:23.328307,2771.04,2771.04,0.0,-228.96000000000004,0
2026-03-22T16:22:24.335895,2771.04,2771.04,0.0,-228.96000000000004,0
2026-03-22T16:22:25.345544,2771.04,2771.04,0.0,-228.96000000000004,0
2026-03-22T16:22:26.353661,2771.04,2771.04,0.0,-228.96000000000004,0
2026-03-22T16:22:27.377512,2771.04,2771.04,0.0,-228.96000000000004,0
2026-03-22T16:22:28.394972,2771.04,2771.04,0.0,-228.96000000000004,0
2026-03-22T16:22:29.408487,2771.04,2771.04,0.0,-228.96000000000004,0
2026-03-22T16:22:30.419618,2771.04,2771.04,0.0,-228.96000000000004,0
2026-03-22T16:22:31.436695,2771.04,2771.04,0.0,-228.96000000000004,0
2026-03-22T16:22:32.444689,2771.04,2771.04,0.0,-228.96000000000004,0
2026-03-22T16:22:33.453541,2771.04,2771.04,0.0,-228.96000000000004,0
2026-03-22T16:22:34.468193,2771.04,2771.04,0.0,-228.96000000000004,0
2026-03-22T16:22:35.484829,2771.04,2771.04,0.0,-228.96000000000004,0
2026-03-22T16:22:36.493614,2771.04,2771.04,0.0,-228.96000000000004,0
2026-03-22T16:22:37.503293,2771.04,2771.04,0.0,-228.96000000000004,0
2026-03-22T16:22:38.526163,2771.04,2771.04,0.0,-228.96000000000004,0
2026-03-22T16:22:39.541733,2771.04,2771.04,0.0,-228.96000000000004,0
2026-03-22T16:22:40.558336,2771.04,2771.04,0.0,-228.96000000000004,0
2026-03-22T16:22:41.571475,2771.04,2771.04,0.0,-228.96000000000004,0
2026-03-22T16:22:42.594434,2771.04,2771.04,0.0,-228.96000000000004,0
2026-03-22T16:22:43.602949,2771.04,2771.04,0.0,-228.96000000000004,0
2026-03-22T16:22:44.610987,2771.04,2771.04,0.0,-228.96000000000004,0
2026-03-22T16:22:45.619538,2771.04,2771.04,0.0,-228.96000000000004,0
2026-03-22T16:22:46.627976,2771.04,2771.04,0.0,-228.96000000000004,0
2026-03-22T16:22:47.644534,2771.04,2771.04,0.0,-228.96000000000004,0
2026-03-22T16:22:48.655192,2771.04,2771.04,0.0,-228.96000000000004,0
2026-03-22T16:22:49.671633,2771.04,2771.04,0.0,-228.96000000000004,0
2026-03-22T16:22:50.696090,2771.04,2771.04,0.0,-228.96000000000004,0
2026-03-22T16:22:51.709277,2771.04,2771.04,0.0,-228.96000000000004,0
2026-03-22T16:22:52.719938,2771.04,2771.04,0.0,-228.96000000000004,0
2026-03-22T16:22:53.737293,2771.04,2771.04,0.0,-228.96000000000004,0
2026-03-22T16:22:54.752854,2771.04,2771.04,0.0,-228.96000000000004,0
2026-03-22T16:22:55.762751,2771.04,2771.04,0.0,-228.96000000000004,0
2026-03-22T16:22:56.769224,2771.04,2771.04,0.0,-228.96000000000004,0
2026-03-22T16:22:57.775954,2771.04,2771.04,0.0,-228.96000000000004,0
2026-03-22T16:22:58.786181,2771.04,2771.04,0.0,-228.96000000000004,0
2026-03-22T16:22:59.802757,2771.04,2771.04,0.0,-228.96000000000004,0
2026-03-22T16:23:00.819483,2771.04,2771.04,0.0,-228.96000000000004,0
2026-03-22T16:23:01.844500,2771.04,2771.04,0.0,-228.96000000000004,0
2026-03-22T16:23:02.853624,2771.04,2771.04,0.0,-228.96000000000004,0
2026-03-22T16:23:03.880584,2771.04,2771.04,0.0,-228.96000000000004,0
2026-03-22T16:23:04.902170,2771.04,2771.04,0.0,-228.96000000000004,0
2026-03-22T16:23:05.927431,2771.04,2771.04,0.0,-228.96000000000004,0
2026-03-22T16:23:06.934725,2771.04,2771.04,0.0,-228.96000000000004,0
2026-03-22T16:23:07.948151,2771.04,2771.04,0.0,-228.96000000000004,0
2026-03-22T16:23:08.961351,2771.04,2771.04,0.0,-228.96000000000004,0
2026-03-22T16:23:09.977677,2771.04,2771.04,0.0,-228.96000000000004,0
2026-03-22T16:23:10.994201,2771.04,2771.04,0.0,-228.96000000000004,0
2026-03-22T16:23:12.002905,2771.04,2771.04,0.0,-228.96000000000004,0
2026-03-22T16:23:13.012929,2771.04,2771.04,0.0,-228.96000000000004,0
2026-03-22T16:23:14.028635,2771.04,2771.04,0.0,-228.96000000000004,0
2026-03-22T16:23:15.047428,2771.04,2771.04,0.0,-228.96000000000004,0
2026-03-22T16:23:16.061116,2771.04,2771.04,0.0,-228.96000000000004,0
2026-03-22T16:23:17.070587,2771.04,2771.04,0.0,-228.96000000000004,0
2026-03-22T16:23:18.079572,2771.04,2771.04,0.0,-228.96000000000004,0
2026-03-22T16:23:19.087624,2771.04,2771.04,0.0,-228.96000000000004,0
2026-03-22T16:23:20.111903,2771.04,2771.04,0.0,-228.96000000000004,0
2026-03-22T16:23:21.128348,2771.04,2771.04,0.0,-228.96000000000004,0
2026-03-22T16:23:22.136629,2771.04,2771.04,0.0,-228.96000000000004,0
2026-03-22T16:23:23.144077,2771.04,2771.04,0.0,-228.96000000000004,0
2026-03-22T16:23:24.152726,2771.04,2771.04,0.0,-228.96000000000004,0
2026-03-22T16:23:25.159477,2771.04,2771.04,0.0,-228.96000000000004,0
2026-03-22T16:23:26.175646,2771.04,2771.04,0.0,-228.96000000000004,0
2026-03-22T16:23:27.192950,2771.04,2771.04,0.0,-228.96000000000004,0
2026-03-22T16:23:28.202392,2771.04,2771.04,0.0,-228.96000000000004,0
2026-03-22T16:23:29.221280,2771.04,2771.04,0.0,-228.96000000000004,0
2026-03-22T16:23:30.320938,2771.04,2771.04,0.0,-228.96000000000004,0
2026-03-22T16:23:31.336082,2771.04,2771.04,0.0,-228.96000000000004,0
2026-03-22T16:23:32.351916,2771.04,2771.04,0.0,-228.96000000000004,0
2026-03-22T16:23:33.361895,2771.04,2771.04,0.0,-228.96000000000004,0
2026-03-22T16:23:34.372504,2771.04,2771.04,0.0,-228.96000000000004,0
2026-03-22T16:23:35.376571,2771.04,2771.04,0.0,-228.96000000000004,0
2026-03-22T16:23:36.385832,2771.04,2771.04,0.0,-228.96000000000004,0
2026-03-22T16:23:37.403369,2771.04,2771.04,0.0,-228.96000000000004,0
2026-03-22T16:23:38.411476,2771.04,2771.04,0.0,-228.96000000000004,0
2026-03-22T16:23:39.435470,2771.04,2771.04,0.0,-228.96000000000004,0
2026-03-22T16:23:40.451623,2771.04,2771.04,0.0,-228.96000000000004,0
2026-03-22T16:23:41.468993,2771.04,2771.04,0.0,-228.96000000000004,0
2026-03-22T16:23:42.476586,2771.04,2771.04,0.0,-228.96000000000004,0
2026-03-22T16:23:43.490924,2771.04,2771.04,0.0,-228.96000000000004,0
2026-03-22T16:23:44.510869,2771.04,2771.04,0.0,-228.96000000000004,0
2026-03-22T16:23:45.530920,2771.04,2771.04,0.0,-228.96000000000004,0
2026-03-22T16:23:46.547753,2771.04,2771.04,0.0,-228.96000000000004,0
2026-03-22T16:23:47.565011,2771.04,2771.04,0.0,-228.96000000000004,0
2026-03-22T16:23:48.578339,2771.04,2771.04,0.0,-228.96000000000004,0
2026-03-22T16:23:49.586268,2771.04,2771.04,0.0,-228.96000000000004,0
2026-03-22T16:23:50.592605,2771.04,2771.04,0.0,-228.96000000000004,0
2026-03-22T16:23:51.609535,2771.04,2771.04,0.0,-228.96000000000004,0
2026-03-22T16:23:52.628110,2771.04,2771.04,0.0,-228.96000000000004,0
2026-03-22T16:23:53.644641,2771.04,2771.04,0.0,-228.96000000000004,0
2026-03-22T16:23:54.655351,2771.04,2771.04,0.0,-228.96000000000004,0
2026-03-22T16:23:55.674156,2771.04,2771.04,0.0,-228.96000000000004,0
2026-03-22T16:23:56.692483,2771.04,2771.04,0.0,-228.96000000000004,0
2026-03-22T16:23:57.705243,2771.04,2771.04,0.0,-228.96000000000004,0
2026-03-22T16:23:58.718955,2771.04,2771.04,0.0,-228.96000000000004,0
2026-03-22T16:23:59.738763,2771.04,2771.04,0.0,-228.96000000000004,0
2026-03-22T16:24:00.750501,2771.04,2771.04,0.0,-228.96000000000004,0
2026-03-22T16:24:01.759179,2771.04,2771.04,0.0,-228.96000000000004,0
2026-03-22T16:24:02.776583,2771.04,2771.04,0.0,-228.96000000000004,0
2026-03-22T16:24:03.786347,2771.04,2771.04,0.0,-228.96000000000004,0
2026-03-22T16:24:04.794554,2771.04,2771.04,0.0,-228.96000000000004,0
2026-03-22T16:24:05.803726,2771.04,2771.04,0.0,-228.96000000000004,0
2026-03-22T16:24:06.809985,2771.04,2771.04,0.0,-228.96000000000004,0
2026-03-22T16:24:07.826231,2771.04,2771.04,0.0,-228.96000000000004,0
2026-03-22T16:24:08.832687,2771.04,2771.04,0.0,-228.96000000000004,0
2026-03-22T16:24:09.843986,2771.04,2771.04,0.0,-228.96000000000004,0
2026-03-22T16:24:10.849843,2771.04,2771.04,0.0,-228.96000000000004,0
2026-03-22T16:24:11.862988,2771.04,2771.04,0.0,-228.96000000000004,0
2026-03-22T16:24:12.879297,2771.04,2771.04,0.0,-228.96000000000004,0
2026-03-22T16:24:13.894502,2771.04,2771.04,0.0,-228.96000000000004,0
2026-03-22T16:24:14.901101,2771.04,2771.04,0.0,-228.96000000000004,0
2026-03-22T16:24:15.908987,2771.04,2771.04,0.0,-228.96000000000004,0
2026-03-22T16:24:16.912442,2771.04,2771.04,0.0,-228.96000000000004,0
2026-03-22T16:24:17.926474,2771.04,2771.04,0.0,-228.96000000000004,0
2026-03-22T16:24:18.935358,2771.04,2771.04,0.0,-228.96000000000004,0
2026-03-22T16:24:19.944890,2771.04,2771.04,0.0,-228.96000000000004,0
2026-03-22T16:24:20.959254,2771.04,2771.04,0.0,-228.96000000000004,0
2026-03-22T16:24:21.980446,2771.04,2771.04,0.0,-228.96000000000004,0
2026-03-22T16:24:22.996570,2771.04,2771.04,0.0,-228.96000000000004,0
2026-03-22T16:24:24.019252,2771.04,2771.04,0.0,-228.96000000000004,0
2026-03-22T16:24:25.029862,2771.04,2771.04,0.0,-228.96000000000004,0
2026-03-22T16:24:26.049000,2771.04,2771.04,0.0,-228.96000000000004,0
2026-03-22T16:24:27.064900,2771.04,2771.04,0.0,-228.96000000000004,0
2026-03-22T16:24:28.078293,2771.04,2771.04,0.0,-228.96000000000004,0
2026-03-22T16:24:29.094763,2771.04,2771.04,0.0,-228.96000000000004,0
2026-03-22T16:24:30.103133,2771.04,2771.04,0.0,-228.96000000000004,0
2026-03-22T16:24:31.111515,2771.04,2771.04,0.0,-228.96000000000004,0
2026-03-22T16:24:32.127176,2771.04,2771.04,0.0,-228.96000000000004,0
2026-03-22T16:24:33.139464,2771.04,2771.04,0.0,-228.96000000000004,0
2026-03-22T16:24:34.160796,2771.04,2771.04,0.0,-228.96000000000004,0
2026-03-22T16:24:35.168736,2771.04,2771.04,0.0,-228.96000000000004,0
2026-03-22T16:24:36.186100,2771.04,2771.04,0.0,-228.96000000000004,0
2026-03-22T16:24:37.200205,2771.04,2771.04,0.0,-228.96000000000004,0
2026-03-22T16:24:38.212338,2771.04,2771.04,0.0,-228.96000000000004,0
2026-03-22T16:24:39.218415,2771.04,2771.04,0.0,-228.96000000000004,0
2026-03-22T16:24:40.229763,2771.04,2771.04,0.0,-228.96000000000004,0
2026-03-22T16:24:41.235144,2771.04,2771.04,0.0,-228.96000000000004,0
2026-03-22T16:24:42.242871,2771.04,2771.04,0.0,-228.96000000000004,0
2026-03-22T16:24:43.256740,2771.04,2771.04,0.0,-228.96000000000004,0
2026-03-22T16:24:44.262421,2771.04,2771.04,0.0,-228.96000000000004,0
2026-03-22T16:24:45.272803,2771.04,2771.04,0.0,-228.96000000000004,0
2026-03-22T16:24:46.285397,2771.04,2771.04,0.0,-228.96000000000004,0
2026-03-22T16:24:47.298490,2771.04,2771.04,0.0,-228.96000000000004,0
2026-03-22T16:24:48.318245,2771.04,2771.04,0.0,-228.96000000000004,0
2026-03-22T16:24:49.333099,2771.04,2771.04,0.0,-228.96000000000004,0
2026-03-22T16:24:50.347035,2771.04,2771.04,0.0,-228.96000000000004,0
2026-03-22T16:24:51.360708,2771.04,2771.04,0.0,-228.96000000000004,0
2026-03-22T16:24:52.380244,2771.04,2771.04,0.0,-228.96000000000004,0
2026-03-22T16:24:53.390564,2771.04,2771.04,0.0,-228.96000000000004,0
2026-03-22T16:24:54.408928,2771.04,2771.04,0.0,-228.96000000000004,0
2026-03-22T16:24:55.415024,2771.04,2771.04,0.0,-228.96000000000004,0
2026-03-22T16:24:56.435663,2771.04,2771.04,0.0,-228.96000000000004,0
2026-03-22T16:24:57.442174,2771.04,2771.04,0.0,-228.96000000000004,0
2026-03-22T16:24:58.455832,2771.04,2771.04,0.0,-228.96000000000004,0
2026-03-22T16:24:59.464930,2771.04,2771.04,0.0,-228.96000000000004,0
2026-03-22T16:25:00.483487,2771.04,2771.04,0.0,-228.96000000000004,0
2026-03-22T16:25:01.496338,2771.04,2771.04,0.0,-228.96000000000004,0
2026-03-22T16:25:02.505537,2771.04,2771.04,0.0,-228.96000000000004,0
2026-03-22T16:25:03.523152,2771.04,2771.04,0.0,-228.96000000000004,0
2026-03-22T16:25:04.536566,2771.04,2771.04,0.0,-228.96000000000004,0
2026-03-22T16:25:05.552349,2771.04,2771.04,0.0,-228.96000000000004,0
2026-03-22T16:25:06.569551,2771.04,2771.04,0.0,-228.96000000000004,0
2026-03-22T16:25:07.581791,2771.04,2771.04,0.0,-228.96000000000004,0
2026-03-22T16:25:08.601331,2771.04,2632.5299999999997,138.51,-228.96000000000004,0
2026-03-22T16:25:09.611671,2769.99,2631.4799999999996,138.51,-230.01000000000005,0.0
2026-03-22T16:25:10.628249,2769.99,2631.4799999999996,138.51,-230.01000000000005,0.0
2026-03-22T16:25:11.647341,2769.99,2631.4799999999996,138.51,-230.01000000000005,0.0
2026-03-22T16:25:12.671798,2769.99,2631.4799999999996,138.51,-230.01000000000005,0.0
2026-03-22T16:25:13.683667,2769.99,2631.4799999999996,138.51,-230.01000000000005,0.0
2026-03-22T16:25:14.697897,2769.99,2631.4799999999996,138.51,-230.01000000000005,0.0
2026-03-22T16:25:15.705880,2769.99,2631.4799999999996,138.51,-230.01000000000005,0.0
2026-03-22T16:25:16.710720,2769.99,2631.4799999999996,138.51,-230.01000000000005,0.0
2026-03-22T16:25:17.723000,2769.99,2631.4799999999996,138.51,-230.01000000000005,0.0
2026-03-22T16:25:18.740467,2769.99,2631.4799999999996,138.51,-230.01000000000005,0.0
2026-03-22T16:25:19.745374,2777.2799999999997,2631.4799999999996,138.51,-230.01000000000005,7.290000000000006
2026-03-22T16:25:20.755559,2777.2799999999997,2631.4799999999996,138.51,-230.01000000000005,7.290000000000006
2026-03-22T16:25:21.772511,2777.2799999999997,2631.4799999999996,138.51,-230.01000000000005,7.290000000000006
2026-03-22T16:25:22.781536,2777.2799999999997,2631.4799999999996,138.51,-230.01000000000005,7.290000000000006
2026-03-22T16:25:23.797915,2777.2799999999997,2631.4799999999996,138.51,-230.01000000000005,7.290000000000006
2026-03-22T16:25:24.819968,2777.2799999999997,2631.4799999999996,138.51,-230.01000000000005,7.290000000000006
2026-03-22T16:25:25.833816,2777.2799999999997,2631.4799999999996,138.51,-230.01000000000005,7.290000000000006
2026-03-22T16:25:26.847129,2777.2799999999997,2631.4799999999996,138.51,-230.01000000000005,7.290000000000006
2026-03-22T16:25:27.864413,2777.2799999999997,2631.4799999999996,138.51,-230.01000000000005,7.290000000000006
2026-03-22T16:25:28.880182,2777.2799999999997,2631.4799999999996,138.51,-230.01000000000005,7.290000000000006
2026-03-22T16:25:29.889806,2777.2799999999997,2631.4799999999996,138.51,-230.01000000000005,7.290000000000006
2026-03-22T16:25:30.899586,2777.2799999999997,2631.4799999999996,138.51,-230.01000000000005,7.290000000000006
2026-03-22T16:25:31.915044,2777.2799999999997,2631.4799999999996,138.51,-230.01000000000005,7.290000000000006
2026-03-22T16:25:32.925183,2777.2799999999997,2631.4799999999996,138.51,-230.01000000000005,7.290000000000006
2026-03-22T16:25:33.940007,2777.2799999999997,2631.4799999999996,138.51,-230.01000000000005,7.290000000000006
2026-03-22T16:25:34.949407,2787.0,2631.4799999999996,138.51,-230.01000000000005,17.010000000000016
2026-03-22T16:25:35.963736,2787.0,2631.4799999999996,138.51,-230.01000000000005,17.010000000000016
2026-03-22T16:25:36.970996,2787.0,2631.4799999999996,138.51,-230.01000000000005,17.010000000000016
2026-03-22T16:25:37.983151,2787.0,2631.4799999999996,138.51,-230.01000000000005,17.010000000000016
2026-03-22T16:25:38.996602,2787.0,2631.4799999999996,138.51,-230.01000000000005,17.010000000000016
2026-03-22T16:25:40.005703,2787.0,2631.4799999999996,138.51,-230.01000000000005,17.010000000000016
2026-03-22T16:25:41.020989,2787.0,2631.4799999999996,138.51,-230.01000000000005,17.010000000000016
2026-03-22T16:25:42.031064,2787.0,2631.4799999999996,138.51,-230.01000000000005,17.010000000000016
2026-03-22T16:25:43.043397,2787.0,2631.4799999999996,138.51,-230.01000000000005,17.010000000000016
2026-03-22T16:25:44.055980,2787.0,2631.4799999999996,138.51,-230.01000000000005,17.010000000000016
2026-03-22T16:25:45.066516,2787.0,2631.4799999999996,138.51,-230.01000000000005,17.010000000000016
2026-03-22T16:25:46.084178,2787.0,2631.4799999999996,138.51,-230.01000000000005,17.010000000000016
2026-03-22T16:25:47.093308,2787.0,2631.4799999999996,138.51,-230.01000000000005,17.010000000000016
2026-03-22T16:25:48.104376,2787.0,2631.4799999999996,138.51,-230.01000000000005,17.010000000000016
2026-03-22T16:25:49.116325,2743.02,2743.02,0.0,-256.98,0
2026-03-22T16:25:50.128868,2743.02,2743.02,0.0,-256.98,0
2026-03-22T16:25:51.140936,2743.02,2743.02,0.0,-256.98,0
2026-03-22T16:25:52.152615,2743.02,2743.02,0.0,-256.98,0
2026-03-22T16:25:53.164682,2743.02,2743.02,0.0,-256.98,0
2026-03-22T16:25:54.169103,2743.02,2743.02,0.0,-256.98,0
2026-03-22T16:25:55.177268,2743.02,2743.02,0.0,-256.98,0
2026-03-22T16:25:56.189688,2743.02,2743.02,0.0,-256.98,0
2026-03-22T16:25:57.202193,2743.02,2743.02,0.0,-256.98,0
2026-03-22T16:25:58.215310,2743.02,2743.02,0.0,-256.98,0
2026-03-22T16:25:59.226416,2743.02,2743.02,0.0,-256.98,0
2026-03-22T16:26:00.238021,2743.02,2743.02,0.0,-256.98,0
2026-03-22T16:26:01.251771,2743.02,2743.02,0.0,-256.98,0
2026-03-22T16:26:02.275783,2743.02,2743.02,0.0,-256.98,0
2026-03-22T16:26:03.283465,2743.02,2743.02,0.0,-256.98,0
2026-03-22T16:26:04.295566,2743.02,2743.02,0.0,-256.98,0
2026-03-22T16:26:05.311156,2743.02,2743.02,0.0,-256.98,0
2026-03-22T16:26:06.327287,2743.02,2743.02,0.0,-256.98,0
2026-03-22T16:26:07.336186,2743.02,2743.02,0.0,-256.98,0
2026-03-22T16:26:08.344657,2743.02,2743.02,0.0,-256.98,0
2026-03-22T16:26:09.353399,2743.02,2743.02,0.0,-256.98,0
2026-03-22T16:26:10.365514,2743.02,2743.02,0.0,-256.98,0
2026-03-22T16:26:11.378381,2743.02,2743.02,0.0,-256.98,0
2026-03-22T16:26:12.390393,2743.02,2743.02,0.0,-256.98,0
2026-03-22T16:26:13.401914,2743.02,2743.02,0.0,-256.98,0
2026-03-22T16:26:14.410782,2743.02,2743.02,0.0,-256.98,0
2026-03-22T16:26:15.430363,2743.02,2743.02,0.0,-256.98,0
2026-03-22T16:26:16.443099,2743.02,2743.02,0.0,-256.98,0
2026-03-22T16:26:17.454164,2743.02,2743.02,0.0,-256.98,0
2026-03-22T16:26:18.468698,2743.02,2743.02,0.0,-256.98,0
2026-03-22T16:26:19.479094,2743.02,2743.02,0.0,-256.98,0
2026-03-22T16:26:20.492093,2743.02,2743.02,0.0,-256.98,0
2026-03-22T16:26:21.501242,2743.02,2743.02,0.0,-256.98,0
2026-03-22T16:26:22.508731,2743.02,2743.02,0.0,-256.98,0
2026-03-22T16:26:23.516040,2743.02,2743.02,0.0,-256.98,0
2026-03-22T16:26:24.527435,2743.02,2743.02,0.0,-256.98,0
2026-03-22T16:26:25.536396,2743.02,2743.02,0.0,-256.98,0
2026-03-22T16:26:26.546507,2743.02,2743.02,0.0,-256.98,0
2026-03-22T16:26:27.560471,2743.02,2743.02,0.0,-256.98,0
2026-03-22T16:26:28.583912,2743.02,2743.02,0.0,-256.98,0
2026-03-22T16:26:29.604314,2743.02,2743.02,0.0,-256.98,0
2026-03-22T16:26:30.610926,2743.02,2743.02,0.0,-256.98,0
2026-03-22T16:26:31.624615,2743.02,2743.02,0.0,-256.98,0
2026-03-22T16:26:32.637454,2743.02,2743.02,0.0,-256.98,0
2026-03-22T16:26:33.647906,2743.02,2743.02,0.0,-256.98,0
2026-03-22T16:26:34.659143,2743.02,2743.02,0.0,-256.98,0
2026-03-22T16:26:35.664606,2743.02,2743.02,0.0,-256.98,0
2026-03-22T16:26:36.674614,2743.02,2743.02,0.0,-256.98,0
2026-03-22T16:26:37.687295,2743.02,2743.02,0.0,-256.98,0
2026-03-22T16:26:38.696635,2743.02,2743.02,0.0,-256.98,0
2026-03-22T16:26:39.708835,2743.02,2743.02,0.0,-256.98,0
2026-03-22T16:26:40.715309,2743.02,2743.02,0.0,-256.98,0
2026-03-22T16:26:41.727471,2743.02,2743.02,0.0,-256.98,0
2026-03-22T16:26:42.741081,2743.02,2743.02,0.0,-256.98,0
2026-03-22T16:26:43.754131,2743.02,2743.02,0.0,-256.98,0
2026-03-22T16:26:44.764988,2743.02,2743.02,0.0,-256.98,0
2026-03-22T16:26:45.776470,2743.02,2743.02,0.0,-256.98,0
2026-03-22T16:26:46.789552,2743.02,2743.02,0.0,-256.98,0
2026-03-22T16:26:47.800713,2743.02,2743.02,0.0,-256.98,0
2026-03-22T16:26:48.808803,2743.02,2743.02,0.0,-256.98,0
2026-03-22T16:26:49.815210,2743.02,2743.02,0.0,-256.98,0
2026-03-22T16:26:50.826267,2743.02,2743.02,0.0,-256.98,0
2026-03-22T16:26:51.837610,2743.02,2743.02,0.0,-256.98,0
2026-03-22T16:26:52.849257,2743.02,2743.02,0.0,-256.98,0
2026-03-22T16:26:53.858768,2743.02,2743.02,0.0,-256.98,0
2026-03-22T16:26:54.873908,2743.02,2743.02,0.0,-256.98,0
2026-03-22T16:26:55.883638,2743.02,2743.02,0.0,-256.98,0
2026-03-22T16:26:56.895122,2743.02,2743.02,0.0,-256.98,0
2026-03-22T16:26:57.910279,2743.02,2743.02,0.0,-256.98,0
2026-03-22T16:26:58.918038,2743.02,2743.02,0.0,-256.98,0
2026-03-22T16:26:59.924057,2743.02,2743.02,0.0,-256.98,0
2026-03-22T16:27:00.936781,2743.02,2743.02,0.0,-256.98,0
2026-03-22T16:27:01.949363,2743.02,2743.02,0.0,-256.98,0
2026-03-22T16:27:02.957194,2743.02,2743.02,0.0,-256.98,0
2026-03-22T16:27:03.966198,2743.02,2743.02,0.0,-256.98,0
2026-03-22T16:27:04.979691,2743.02,2743.02,0.0,-256.98,0
2026-03-22T16:27:05.987396,2743.02,2743.02,0.0,-256.98,0
2026-03-22T16:27:07.000070,2743.02,2743.02,0.0,-256.98,0
2026-03-22T16:27:08.016104,2743.02,2743.02,0.0,-256.98,0
2026-03-22T16:27:09.024280,2743.02,2743.02,0.0,-256.98,0
2026-03-22T16:27:10.037440,2743.02,2743.02,0.0,-256.98,0
2026-03-22T16:27:11.046544,2743.02,2743.02,0.0,-256.98,0
2026-03-22T16:27:12.058595,2743.02,2743.02,0.0,-256.98,0
2026-03-22T16:27:13.070459,2743.02,2743.02,0.0,-256.98,0
2026-03-22T16:27:14.082306,2743.02,2743.02,0.0,-256.98,0
2026-03-22T16:27:15.094432,2743.02,2743.02,0.0,-256.98,0
2026-03-22T16:27:16.101683,2743.02,2743.02,0.0,-256.98,0
2026-03-22T16:27:17.112753,2743.02,2743.02,0.0,-256.98,0
2026-03-22T16:27:18.122709,2743.02,2743.02,0.0,-256.98,0
2026-03-22T16:27:19.134568,2743.02,2743.02,0.0,-256.98,0
2026-03-22T16:27:20.146654,2743.02,2743.02,0.0,-256.98,0
2026-03-22T16:27:21.155376,2743.02,2743.02,0.0,-256.98,0
2026-03-22T16:27:22.167260,2743.02,2743.02,0.0,-256.98,0
2026-03-22T16:27:23.176876,2743.02,2743.02,0.0,-256.98,0
2026-03-22T16:27:24.189898,2743.02,2743.02,0.0,-256.98,0
2026-03-22T16:27:25.203288,2743.02,2743.02,0.0,-256.98,0
2026-03-22T16:27:26.212564,2743.02,2743.02,0.0,-256.98,0
2026-03-22T16:27:27.227088,2743.02,2743.02,0.0,-256.98,0
2026-03-22T16:27:28.233323,2743.02,2743.02,0.0,-256.98,0
2026-03-22T16:27:29.244526,2743.02,2743.02,0.0,-256.98,0
2026-03-22T16:27:30.257876,2743.02,2743.02,0.0,-256.98,0
2026-03-22T16:27:31.268070,2743.02,2743.02,0.0,-256.98,0
2026-03-22T16:27:32.277546,2743.02,2743.02,0.0,-256.98,0
2026-03-22T16:27:33.293122,2743.02,2743.02,0.0,-256.98,0
2026-03-22T16:27:34.301429,2743.02,2743.02,0.0,-256.98,0
2026-03-22T16:27:35.311897,2743.02,2743.02,0.0,-256.98,0
2026-03-22T16:27:36.325974,2743.02,2743.02,0.0,-256.98,0
2026-03-22T16:27:37.338008,2743.02,2743.02,0.0,-256.98,0
2026-03-22T16:27:38.375722,2743.02,2743.02,0.0,-256.98,0
2026-03-22T16:27:39.395000,2743.02,2743.02,0.0,-256.98,0
2026-03-22T16:27:40.402764,2743.02,2743.02,0.0,-256.98,0
2026-03-22T16:27:41.412562,2743.02,2743.02,0.0,-256.98,0
2026-03-22T16:27:42.424256,2743.02,2743.02,0.0,-256.98,0
2026-03-22T16:27:43.430181,2743.02,2743.02,0.0,-256.98,0
2026-03-22T16:27:44.438516,2743.02,2743.02,0.0,-256.98,0
2026-03-22T16:27:45.449001,2743.02,2743.02,0.0,-256.98,0
2026-03-22T16:27:46.458879,2743.02,2743.02,0.0,-256.98,0
2026-03-22T16:27:47.470023,2743.02,2743.02,0.0,-256.98,0
2026-03-22T16:27:48.481825,2743.02,2743.02,0.0,-256.98,0
2026-03-22T16:27:49.490289,2743.02,2743.02,0.0,-256.98,0
2026-03-22T16:27:50.499276,2743.02,2743.02,0.0,-256.98,0
2026-03-22T16:27:51.509768,2743.02,2743.02,0.0,-256.98,0
2026-03-22T16:27:52.528540,2743.02,2743.02,0.0,-256.98,0
2026-03-22T16:27:53.538422,2743.02,2743.02,0.0,-256.98,0
2026-03-22T16:27:54.553000,2743.02,2743.02,0.0,-256.98,0
2026-03-22T16:27:55.562598,2743.02,2743.02,0.0,-256.98,0
2026-03-22T16:27:56.573942,2743.02,2743.02,0.0,-256.98,0
2026-03-22T16:27:57.580053,2743.02,2743.02,0.0,-256.98,0
2026-03-22T16:27:58.589802,2743.02,2743.02,0.0,-256.98,0
2026-03-22T16:27:59.600768,2743.02,2743.02,0.0,-256.98,0
2026-03-22T16:28:00.616334,2743.02,2743.02,0.0,-256.98,0
2026-03-22T16:28:01.626504,2743.02,2743.02,0.0,-256.98,0
2026-03-22T16:28:02.637211,2743.02,2743.02,0.0,-256.98,0
2026-03-22T16:28:03.651130,2743.02,2743.02,0.0,-256.98,0
2026-03-22T16:28:04.662393,2743.02,2743.02,0.0,-256.98,0
2026-03-22T16:28:05.679728,2743.02,2743.02,0.0,-256.98,0
2026-03-22T16:28:06.689144,2743.02,2743.02,0.0,-256.98,0
2026-03-22T16:28:07.699054,2743.02,2743.02,0.0,-256.98,0
2026-03-22T16:28:08.709438,2743.02,2743.02,0.0,-256.98,0
2026-03-22T16:28:09.718731,2743.02,2743.02,0.0,-256.98,0
2026-03-22T16:28:10.734887,2743.02,2743.02,0.0,-256.98,0
2026-03-22T16:28:11.750786,2743.02,2743.02,0.0,-256.98,0
2026-03-22T16:28:12.759286,2743.02,2743.02,0.0,-256.98,0
2026-03-22T16:28:13.772772,2743.02,2743.02,0.0,-256.98,0
2026-03-22T16:28:14.784959,2743.02,2743.02,0.0,-256.98,0
2026-03-22T16:28:15.796406,2743.02,2743.02,0.0,-256.98,0
2026-03-22T16:28:16.804808,2743.02,2743.02,0.0,-256.98,0
2026-03-22T16:28:17.818814,2743.02,2743.02,0.0,-256.98,0
2026-03-22T16:28:18.837631,2743.02,2606.14,136.88,-256.98,0
2026-03-22T16:28:19.849457,2742.01,2605.13,136.88,-257.99,0.0
2026-03-22T16:28:20.859842,2742.01,2605.13,136.88,-257.99,0.0
2026-03-22T16:28:21.868562,2742.01,2605.13,136.88,-257.99,0.0
2026-03-22T16:28:22.875667,2742.01,2605.13,136.88,-257.99,0.0
2026-03-22T16:28:23.888483,2742.01,2605.13,136.88,-257.99,0.0
2026-03-22T16:28:24.895374,2742.01,2605.13,136.88,-257.99,0.0
2026-03-22T16:28:25.902611,2742.01,2605.13,136.88,-257.99,0.0
2026-03-22T16:28:26.914548,2742.01,2605.13,136.88,-257.99,0.0
2026-03-22T16:28:27.927045,2742.01,2605.13,136.88,-257.99,0.0
2026-03-22T16:28:28.933636,2742.01,2605.13,136.88,-257.99,0.0
2026-03-22T16:28:29.942352,2742.01,2605.13,136.88,-257.99,0.0
2026-03-22T16:28:30.950224,2742.01,2605.13,136.88,-257.99,0.0
2026-03-22T16:28:31.957597,2742.01,2605.13,136.88,-257.99,0.0
2026-03-22T16:28:32.967192,2742.01,2605.13,136.88,-257.99,0.0
2026-03-22T16:28:33.993549,2734.9300000000003,2605.13,136.88,-257.99,-7.0799999999999805
2026-03-22T16:28:35.003395,2734.9300000000003,2605.13,136.88,-257.99,-7.0799999999999805
2026-03-22T16:28:36.015135,2734.9300000000003,2605.13,136.88,-257.99,-7.0799999999999805
2026-03-22T16:28:37.029208,2734.9300000000003,2605.13,136.88,-257.99,-7.0799999999999805
2026-03-22T16:28:38.035241,2734.9300000000003,2605.13,136.88,-257.99,-7.0799999999999805
2026-03-22T16:28:39.048146,2734.9300000000003,2605.13,136.88,-257.99,-7.0799999999999805
2026-03-22T16:28:40.066291,2734.9300000000003,2605.13,136.88,-257.99,-7.0799999999999805
2026-03-22T16:28:41.077559,2734.9300000000003,2605.13,136.88,-257.99,-7.0799999999999805
2026-03-22T16:28:42.087367,2734.9300000000003,2605.13,136.88,-257.99,-7.0799999999999805
2026-03-22T16:28:43.096401,2734.9300000000003,2605.13,136.88,-257.99,-7.0799999999999805
2026-03-22T16:28:44.108041,2734.9300000000003,2605.13,136.88,-257.99,-7.0799999999999805
2026-03-22T16:28:45.121783,2734.9300000000003,2605.13,136.88,-257.99,-7.0799999999999805
2026-03-22T16:28:46.129665,2734.9300000000003,2605.13,136.88,-257.99,-7.0799999999999805
2026-03-22T16:28:47.149976,2734.9300000000003,2605.13,136.88,-257.99,-7.0799999999999805
2026-03-22T16:28:48.159050,2734.9300000000003,2605.13,136.88,-257.99,-7.0799999999999805
2026-03-22T16:28:49.170091,2734.9300000000003,2605.13,136.88,-257.99,-7.0799999999999805
2026-03-22T16:28:50.179856,2734.9300000000003,2605.13,136.88,-257.99,-7.0799999999999805
2026-03-22T16:28:51.195973,2734.9300000000003,2605.13,136.88,-257.99,-7.0799999999999805
2026-03-22T16:28:52.206860,2734.9300000000003,2605.13,136.88,-257.99,-7.0799999999999805
2026-03-22T16:28:53.219180,2734.9300000000003,2605.13,136.88,-257.99,-7.0799999999999805
2026-03-22T16:28:54.233937,2734.9300000000003,2605.13,136.88,-257.99,-7.0799999999999805
2026-03-22T16:28:55.242559,2734.9300000000003,2605.13,136.88,-257.99,-7.0799999999999805
2026-03-22T18:04:18.242637,2037.94,1938.6100000000001,101.63999999999999,-959.7500000000001,-2.3099999999999894
2026-03-22T18:04:19.260389,2037.94,1938.6100000000001,101.63999999999999,-959.7500000000001,-2.3099999999999894
2026-03-22T18:04:20.284724,2037.94,1938.6100000000001,101.63999999999999,-959.7500000000001,-2.3099999999999894
2026-03-22T18:04:21.310515,2037.94,1938.6100000000001,101.63999999999999,-959.7500000000001,-2.3099999999999894
2026-03-22T18:04:22.327430,2037.94,1938.6100000000001,101.63999999999999,-959.7500000000001,-2.3099999999999894
2026-03-22T18:04:23.353016,2037.94,1938.6100000000001,101.63999999999999,-959.7500000000001,-2.3099999999999894
2026-03-22T18:04:24.376298,2037.94,1938.6100000000001,101.63999999999999,-959.7500000000001,-2.3099999999999894
2026-03-22T18:04:25.395313,2037.94,1938.6100000000001,101.63999999999999,-959.7500000000001,-2.3099999999999894
2026-03-22T18:04:26.411663,2037.94,1938.6100000000001,101.63999999999999,-959.7500000000001,-2.3099999999999894
2026-03-22T18:04:27.435331,2037.94,2037.94,0.0,-962.0600000000001,0
2026-03-22T18:04:28.461028,2037.94,2037.94,0.0,-962.0600000000001,0
2026-03-22T18:04:29.478345,2037.94,2037.94,0.0,-962.0600000000001,0
2026-03-22T18:04:30.494922,2037.94,2037.94,0.0,-962.0600000000001,0
2026-03-22T18:04:31.507281,2037.94,2037.94,0.0,-962.0600000000001,0
2026-03-22T18:04:32.518742,2037.94,2037.94,0.0,-962.0600000000001,0
2026-03-22T18:04:33.535570,2037.94,2037.94,0.0,-962.0600000000001,0
2026-03-22T18:04:34.558798,2037.94,2037.94,0.0,-962.0600000000001,0
2026-03-22T18:04:35.605827,2037.94,2037.94,0.0,-962.0600000000001,0
2026-03-22T18:04:36.624489,2037.94,2037.94,0.0,-962.0600000000001,0
2026-03-22T18:04:37.643694,2037.94,2037.94,0.0,-962.0600000000001,0
2026-03-22T18:04:38.658964,2037.94,2037.94,0.0,-962.0600000000001,0
2026-03-22T18:04:39.676174,2037.94,2037.94,0.0,-962.0600000000001,0
2026-03-22T18:04:40.692702,2037.94,2037.94,0.0,-962.0600000000001,0
2026-03-22T18:04:41.716060,2037.94,2037.94,0.0,-962.0600000000001,0
2026-03-22T18:04:42.736770,2037.94,2037.94,0.0,-962.0600000000001,0
2026-03-22T18:04:43.751766,2037.94,2037.94,0.0,-962.0600000000001,0
2026-03-22T18:04:44.765500,2037.94,2037.94,0.0,-962.0600000000001,0
2026-03-22T18:04:45.777136,2037.94,2037.94,0.0,-962.0600000000001,0
2026-03-22T18:04:46.801691,2037.94,2037.94,0.0,-962.0600000000001,0
2026-03-22T18:04:47.822083,2037.94,2037.94,0.0,-962.0600000000001,0
2026-03-22T18:04:48.834412,2037.94,2037.94,0.0,-962.0600000000001,0
2026-03-22T18:04:49.857059,2037.94,2037.94,0.0,-962.0600000000001,0
2026-03-22T18:04:50.868521,2037.94,2037.94,0.0,-962.0600000000001,0
2026-03-22T18:04:51.883528,2037.94,2037.94,0.0,-962.0600000000001,0
2026-03-22T18:04:52.902649,2037.94,2037.94,0.0,-962.0600000000001,0
2026-03-22T18:04:53.925088,2037.94,2037.94,0.0,-962.0600000000001,0
2026-03-22T18:04:54.944735,2037.94,2037.94,0.0,-962.0600000000001,0
2026-03-22T18:04:55.963622,2037.94,2037.94,0.0,-962.0600000000001,0
2026-03-22T18:04:57.001771,2037.94,2037.94,0.0,-962.0600000000001,0
2026-03-22T18:04:58.048626,2037.94,2037.94,0.0,-962.0600000000001,0
2026-03-22T18:04:59.060251,2037.94,2037.94,0.0,-962.0600000000001,0
2026-03-22T18:05:00.076829,2037.94,2037.94,0.0,-962.0600000000001,0
2026-03-22T18:05:01.099594,2037.94,2037.94,0.0,-962.0600000000001,0
2026-03-22T18:05:02.120781,2037.94,2037.94,0.0,-962.0600000000001,0
2026-03-22T18:05:03.141674,2037.94,2037.94,0.0,-962.0600000000001,0
2026-03-22T18:05:04.165193,2037.94,2037.94,0.0,-962.0600000000001,0
2026-03-22T18:05:05.189935,2037.94,2037.94,0.0,-962.0600000000001,0
2026-03-22T18:05:06.204478,2037.94,2037.94,0.0,-962.0600000000001,0
2026-03-22T18:05:07.222317,2037.94,2037.94,0.0,-962.0600000000001,0
2026-03-22T18:05:08.238601,2037.94,2037.94,0.0,-962.0600000000001,0
2026-03-22T18:05:09.256504,2037.94,2037.94,0.0,-962.0600000000001,0
2026-03-22T18:05:10.276206,2037.94,2037.94,0.0,-962.0600000000001,0
2026-03-22T18:05:11.306409,2037.94,2037.94,0.0,-962.0600000000001,0
2026-03-22T18:05:12.332706,2037.94,2037.94,0.0,-962.0600000000001,0
2026-03-22T18:05:13.351950,2037.94,2037.94,0.0,-962.0600000000001,0
2026-03-22T18:05:14.367894,2037.94,2037.94,0.0,-962.0600000000001,0
2026-03-22T18:05:15.400673,2037.94,2037.94,0.0,-962.0600000000001,0
2026-03-22T18:05:16.422005,2037.94,2037.94,0.0,-962.0600000000001,0
2026-03-22T18:05:17.437794,2037.94,2037.94,0.0,-962.0600000000001,0
2026-03-22T18:05:18.459151,2037.94,2037.94,0.0,-962.0600000000001,0
2026-03-22T18:05:19.498567,2037.94,2037.94,0.0,-962.0600000000001,0
2026-03-22T18:05:20.530441,2037.94,2037.94,0.0,-962.0600000000001,0
2026-03-22T18:05:21.559319,2037.94,2037.94,0.0,-962.0600000000001,0
2026-03-22T18:05:22.574476,2037.94,2037.94,0.0,-962.0600000000001,0
2026-03-22T18:05:23.591825,2037.94,2037.94,0.0,-962.0600000000001,0
2026-03-22T18:05:24.609014,2037.94,2037.94,0.0,-962.0600000000001,0
2026-03-22T18:05:25.632080,2037.94,2037.94,0.0,-962.0600000000001,0
2026-03-22T18:05:26.661112,2037.94,2037.94,0.0,-962.0600000000001,0
2026-03-22T18:05:27.683218,2037.94,2037.94,0.0,-962.0600000000001,0
2026-03-22T18:05:28.701201,2037.94,2037.94,0.0,-962.0600000000001,0
2026-03-22T18:05:29.720486,2037.94,2037.94,0.0,-962.0600000000001,0
2026-03-22T18:05:30.743934,2037.94,2037.94,0.0,-962.0600000000001,0
2026-03-22T18:05:31.762629,2037.94,2037.94,0.0,-962.0600000000001,0
2026-03-22T18:05:32.778494,2037.94,2037.94,0.0,-962.0600000000001,0
2026-03-22T18:05:33.794360,2037.94,2037.94,0.0,-962.0600000000001,0
2026-03-22T18:05:34.810481,2037.94,2037.94,0.0,-962.0600000000001,0
2026-03-22T18:05:35.826669,2037.94,2037.94,0.0,-962.0600000000001,0
2026-03-22T18:05:36.842639,2037.94,2037.94,0.0,-962.0600000000001,0
2026-03-22T18:05:37.868941,2037.94,2037.94,0.0,-962.0600000000001,0
2026-03-22T18:05:38.901706,2037.94,2037.94,0.0,-962.0600000000001,0
2026-03-22T18:05:39.915029,2037.94,2037.94,0.0,-962.0600000000001,0
2026-03-22T18:05:40.940808,2037.94,2037.94,0.0,-962.0600000000001,0
2026-03-22T18:05:41.990644,2037.94,2037.94,0.0,-962.0600000000001,0
2026-03-22T18:05:43.008715,2037.94,2037.94,0.0,-962.0600000000001,0
2026-03-22T18:05:44.034442,2037.94,2037.94,0.0,-962.0600000000001,0
2026-03-22T18:05:45.059172,2037.94,2037.94,0.0,-962.0600000000001,0
2026-03-22T18:05:46.074880,2037.94,2037.94,0.0,-962.0600000000001,0
2026-03-22T18:05:47.094564,2037.94,2037.94,0.0,-962.0600000000001,0
2026-03-22T18:05:48.121774,2037.94,2037.94,0.0,-962.0600000000001,0
2026-03-22T18:05:49.141138,2037.94,2037.94,0.0,-962.0600000000001,0
2026-03-22T18:05:50.167074,2037.94,2037.94,0.0,-962.0600000000001,0
2026-03-22T18:05:51.184383,2037.94,2037.94,0.0,-962.0600000000001,0
2026-03-22T18:05:52.200411,2037.94,2037.94,0.0,-962.0600000000001,0
2026-03-22T18:05:53.229040,2037.94,2037.94,0.0,-962.0600000000001,0
2026-03-22T18:05:54.276925,2037.94,2037.94,0.0,-962.0600000000001,0
2026-03-22T18:05:55.301700,2037.94,2037.94,0.0,-962.0600000000001,0
2026-03-22T18:05:56.325781,2037.94,2037.94,0.0,-962.0600000000001,0
2026-03-22T18:05:57.350324,2037.94,2037.94,0.0,-962.0600000000001,0
2026-03-22T18:05:58.371020,2037.94,2037.94,0.0,-962.0600000000001,0
2026-03-22T18:05:59.385078,2037.94,2037.94,0.0,-962.0600000000001,0
2026-03-22T18:06:00.445859,2037.94,2037.94,0.0,-962.0600000000001,0
2026-03-22T18:06:01.485393,2037.94,2037.94,0.0,-962.0600000000001,0
2026-03-22T18:06:02.508956,2037.94,2037.94,0.0,-962.0600000000001,0
2026-03-22T18:06:03.532694,2037.94,2037.94,0.0,-962.0600000000001,0
2026-03-22T18:06:04.588441,2037.94,2037.94,0.0,-962.0600000000001,0
2026-03-22T18:06:05.607006,2037.94,2037.94,0.0,-962.0600000000001,0
2026-03-22T18:06:06.630215,2037.94,2037.94,0.0,-962.0600000000001,0
2026-03-22T18:06:07.659453,2037.94,2037.94,0.0,-962.0600000000001,0
2026-03-22T18:06:08.687629,2037.94,2037.94,0.0,-962.0600000000001,0
2026-03-22T18:06:09.699406,2037.94,2037.94,0.0,-962.0600000000001,0
2026-03-22T18:06:10.718889,2037.94,2037.94,0.0,-962.0600000000001,0
2026-03-22T18:06:11.737956,2037.94,2037.94,0.0,-962.0600000000001,0
2026-03-22T18:06:12.750654,2037.94,2037.94,0.0,-962.0600000000001,0
2026-03-22T18:06:13.767733,2037.94,2037.94,0.0,-962.0600000000001,0
2026-03-22T18:06:14.793624,2037.94,2037.94,0.0,-962.0600000000001,0
2026-03-22T18:06:15.814013,2037.94,2037.94,0.0,-962.0600000000001,0
2026-03-22T18:06:16.825946,2037.94,2037.94,0.0,-962.0600000000001,0
2026-03-22T18:06:17.837954,2037.94,2037.94,0.0,-962.0600000000001,0
2026-03-22T18:06:18.865715,2037.94,2037.94,0.0,-962.0600000000001,0
2026-03-22T18:06:19.880676,2037.94,2037.94,0.0,-962.0600000000001,0
2026-03-22T18:06:20.896705,2037.94,2037.94,0.0,-962.0600000000001,0
2026-03-22T18:06:21.918232,2037.94,2037.94,0.0,-962.0600000000001,0
2026-03-22T18:06:22.930057,2037.94,2037.94,0.0,-962.0600000000001,0
2026-03-22T18:06:23.953360,2037.94,2037.94,0.0,-962.0600000000001,0
2026-03-22T18:06:24.977666,2037.94,2037.94,0.0,-962.0600000000001,0
2026-03-22T18:06:26.003286,2037.94,2037.94,0.0,-962.0600000000001,0
2026-03-22T18:06:27.050313,2037.94,2037.94,0.0,-962.0600000000001,0
2026-03-22T18:06:28.074750,2037.94,2037.94,0.0,-962.0600000000001,0
2026-03-22T18:06:29.101989,2037.94,2037.94,0.0,-962.0600000000001,0
2026-03-22T18:06:30.118311,2037.94,2037.94,0.0,-962.0600000000001,0
2026-03-22T18:06:31.133908,2037.94,2037.94,0.0,-962.0600000000001,0
2026-03-22T18:06:32.155630,2037.94,2037.94,0.0,-962.0600000000001,0
2026-03-22T18:06:33.177517,2037.94,2037.94,0.0,-962.0600000000001,0
2026-03-22T18:06:34.205528,2037.94,2037.94,0.0,-962.0600000000001,0
2026-03-22T18:06:35.228003,2037.94,2037.94,0.0,-962.0600000000001,0
2026-03-22T18:06:36.245374,2037.94,2037.94,0.0,-962.0600000000001,0
2026-03-22T18:06:37.275999,2037.94,2037.94,0.0,-962.0600000000001,0
2026-03-22T18:06:38.300143,2037.94,2037.94,0.0,-962.0600000000001,0
2026-03-22T18:06:39.315467,2037.94,2037.94,0.0,-962.0600000000001,0
2026-03-22T18:06:40.343435,2037.94,2037.94,0.0,-962.0600000000001,0
2026-03-22T18:06:41.359698,2037.94,2037.94,0.0,-962.0600000000001,0
2026-03-22T18:06:42.388878,2037.94,2037.94,0.0,-962.0600000000001,0
2026-03-22T18:06:43.411207,2037.94,2037.94,0.0,-962.0600000000001,0
2026-03-22T18:06:44.427448,2037.94,2037.94,0.0,-962.0600000000001,0
2026-03-22T18:06:45.446685,2037.94,2037.94,0.0,-962.0600000000001,0
2026-03-22T18:06:46.464858,2037.94,2037.94,0.0,-962.0600000000001,0
2026-03-22T18:06:47.494360,2037.94,2037.94,0.0,-962.0600000000001,0
2026-03-22T18:06:48.548542,2037.94,2037.94,0.0,-962.0600000000001,0
2026-03-22T18:06:49.565151,2037.94,2037.94,0.0,-962.0600000000001,0
2026-03-22T18:06:50.592756,2037.94,2037.94,0.0,-962.0600000000001,0
2026-03-22T18:06:51.604199,2037.94,2037.94,0.0,-962.0600000000001,0
2026-03-22T18:06:52.627259,2037.94,2037.94,0.0,-962.0600000000001,0
2026-03-22T18:06:53.652612,2037.94,2037.94,0.0,-962.0600000000001,0
2026-03-22T18:06:54.674158,2037.94,2037.94,0.0,-962.0600000000001,0
2026-03-22T18:06:55.696586,2037.94,2037.94,0.0,-962.0600000000001,0
2026-03-22T18:06:56.718975,2037.94,2037.94,0.0,-962.0600000000001,0
2026-03-22T18:06:57.743549,2037.94,2037.94,0.0,-962.0600000000001,0
2026-03-22T18:06:58.759859,2037.94,2037.94,0.0,-962.0600000000001,0
2026-03-22T18:06:59.776022,2037.94,2037.94,0.0,-962.0600000000001,0
2026-03-22T18:07:00.798328,2037.94,1936.24,101.69999999999999,-962.0600000000001,0
2026-03-22T18:07:01.810124,2036.96,1935.26,101.69999999999999,-963.0400000000001,0.0
2026-03-22T18:07:02.834818,2036.96,1935.26,101.69999999999999,-963.0400000000001,0.0
2026-03-22T18:07:03.844550,2036.96,1935.26,101.69999999999999,-963.0400000000001,0.0
2026-03-22T18:07:04.864865,2036.96,1935.26,101.69999999999999,-963.0400000000001,0.0
2026-03-22T18:07:05.877905,2036.96,1935.26,101.69999999999999,-963.0400000000001,0.0
2026-03-22T18:07:06.910398,2036.96,1935.26,101.69999999999999,-963.0400000000001,0.0
2026-03-22T18:07:07.924016,2036.96,1935.26,101.69999999999999,-963.0400000000001,0.0
2026-03-22T18:07:08.958725,2036.96,1935.26,101.69999999999999,-963.0400000000001,0.0
2026-03-22T18:07:09.992875,2036.96,1935.26,101.69999999999999,-963.0400000000001,0.0
2026-03-22T18:07:11.047779,2036.96,1935.26,101.69999999999999,-963.0400000000001,0.0
2026-03-22T18:07:12.065985,2036.96,1935.26,101.69999999999999,-963.0400000000001,1.2545520178264269e-14
2026-03-22T18:07:13.095208,2036.96,1935.26,101.69999999999999,-963.0400000000001,1.2545520178264269e-14
2026-03-22T18:07:14.121083,2036.96,1935.26,101.69999999999999,-963.0400000000001,1.2545520178264269e-14
2026-03-22T18:07:15.132760,2036.96,1935.26,101.69999999999999,-963.0400000000001,1.2545520178264269e-14
2026-03-22T18:07:16.149947,2036.96,1935.26,101.69999999999999,-963.0400000000001,1.2545520178264269e-14
2026-03-22T18:07:17.173984,2036.96,1935.26,101.69999999999999,-963.0400000000001,1.2545520178264269e-14
2026-03-22T18:07:18.191371,2036.96,1935.26,101.69999999999999,-963.0400000000001,1.2545520178264269e-14
2026-03-22T18:07:19.215371,2036.96,1935.26,101.69999999999999,-963.0400000000001,1.2545520178264269e-14
2026-03-22T18:07:20.230035,2036.96,1935.26,101.69999999999999,-963.0400000000001,1.2545520178264269e-14
2026-03-22T18:07:21.242577,2036.96,1935.26,101.69999999999999,-963.0400000000001,1.2545520178264269e-14
2026-03-22T18:07:22.259086,2036.96,1935.26,101.69999999999999,-963.0400000000001,1.2545520178264269e-14
2026-03-22T18:07:23.278177,2036.96,1935.26,101.69999999999999,-963.0400000000001,1.2545520178264269e-14
2026-03-22T18:07:24.310012,2036.96,1935.26,101.69999999999999,-963.0400000000001,1.2545520178264269e-14
2026-03-22T18:07:25.324842,2036.96,1935.26,101.69999999999999,-963.0400000000001,1.2545520178264269e-14
2026-03-22T18:07:26.351620,2030.18,1935.26,101.69999999999999,-963.0400000000001,-6.779999999999993
2026-03-22T18:07:27.381267,2030.18,1935.26,101.69999999999999,-963.0400000000001,-6.779999999999993
2026-03-22T18:07:28.407196,2030.18,1935.26,101.69999999999999,-963.0400000000001,-6.779999999999993
2026-03-22T18:07:29.435508,2030.18,1935.26,101.69999999999999,-963.0400000000001,-6.779999999999993
2026-03-22T18:07:30.458887,2030.18,1935.26,101.69999999999999,-963.0400000000001,-6.779999999999993
2026-03-22T18:07:31.474648,2030.18,1935.26,101.69999999999999,-963.0400000000001,-6.779999999999993
2026-03-22T18:07:32.493191,2030.18,1935.26,101.69999999999999,-963.0400000000001,-6.779999999999993
2026-03-22T18:07:33.538400,2030.18,1935.26,101.69999999999999,-963.0400000000001,-6.779999999999993
2026-03-22T18:07:34.562065,2030.18,1935.26,101.69999999999999,-963.0400000000001,-6.779999999999993
2026-03-22T18:07:35.581336,2030.18,1935.26,101.69999999999999,-963.0400000000001,-6.779999999999993
2026-03-22T18:07:36.596956,2030.18,1935.26,101.69999999999999,-963.0400000000001,-6.779999999999993
2026-03-22T18:07:37.621757,2030.18,1935.26,101.69999999999999,-963.0400000000001,-6.779999999999993
2026-03-22T18:07:38.635028,2030.1799999999998,2030.1799999999998,0.0,-969.82,0
2026-03-22T18:07:39.658813,2030.1799999999998,2030.1799999999998,0.0,-969.82,0
2026-03-22T18:07:40.683012,2030.1799999999998,2030.1799999999998,0.0,-969.82,0
2026-03-22T18:07:41.701542,2030.1799999999998,2030.1799999999998,0.0,-969.82,0
2026-03-22T18:07:42.714978,2030.1799999999998,2030.1799999999998,0.0,-969.82,0
2026-03-22T18:07:43.740243,2030.1799999999998,2030.1799999999998,0.0,-969.82,0
2026-03-22T18:07:44.751858,2030.1799999999998,2030.1799999999998,0.0,-969.82,0
2026-03-22T18:07:45.764667,2030.1799999999998,2030.1799999999998,0.0,-969.82,0
2026-03-22T18:07:46.787584,2030.1799999999998,2030.1799999999998,0.0,-969.82,0
2026-03-22T18:07:47.811566,2030.1799999999998,2030.1799999999998,0.0,-969.82,0
2026-03-22T18:07:48.835962,2030.1799999999998,2030.1799999999998,0.0,-969.82,0
2026-03-22T18:07:49.856966,2030.1799999999998,2030.1799999999998,0.0,-969.82,0
2026-03-22T18:07:50.883135,2030.1799999999998,2030.1799999999998,0.0,-969.82,0
2026-03-22T18:07:51.909256,2030.1799999999998,2030.1799999999998,0.0,-969.82,0
2026-03-22T18:07:52.925553,2030.1799999999998,2030.1799999999998,0.0,-969.82,0
2026-03-22T18:07:53.949069,2030.1799999999998,2030.1799999999998,0.0,-969.82,0
2026-03-22T18:07:54.996321,2030.1799999999998,2030.1799999999998,0.0,-969.82,0
2026-03-22T18:07:56.026335,2030.1799999999998,2030.1799999999998,0.0,-969.82,0
2026-03-22T18:07:57.048733,2030.1799999999998,2030.1799999999998,0.0,-969.82,0
2026-03-22T18:07:58.074872,2030.1799999999998,2030.1799999999998,0.0,-969.82,0
2026-03-22T18:07:59.093705,2030.1799999999998,2030.1799999999998,0.0,-969.82,0
2026-03-22T18:08:00.111797,2030.1799999999998,2030.1799999999998,0.0,-969.82,0
2026-03-22T18:08:01.132465,2030.1799999999998,2030.1799999999998,0.0,-969.82,0
2026-03-22T18:08:02.146351,2030.1799999999998,2030.1799999999998,0.0,-969.82,0
2026-03-22T18:08:03.160604,2030.1799999999998,2030.1799999999998,0.0,-969.82,0
2026-03-22T18:08:04.183364,2030.1799999999998,2030.1799999999998,0.0,-969.82,0
2026-03-22T18:08:05.201119,2030.1799999999998,2030.1799999999998,0.0,-969.82,0
2026-03-22T18:08:06.220533,2030.1799999999998,2030.1799999999998,0.0,-969.82,0
2026-03-22T18:08:07.234135,2030.1799999999998,2030.1799999999998,0.0,-969.82,0
2026-03-22T18:08:08.248729,2030.1799999999998,2030.1799999999998,0.0,-969.82,0
2026-03-22T18:08:09.263263,2030.1799999999998,2030.1799999999998,0.0,-969.82,0
2026-03-22T18:08:10.284873,2030.1799999999998,2030.1799999999998,0.0,-969.82,0
2026-03-22T18:08:11.308554,2030.1799999999998,2030.1799999999998,0.0,-969.82,0
2026-03-22T18:08:12.321774,2030.1799999999998,2030.1799999999998,0.0,-969.82,0
2026-03-22T18:08:13.340865,2030.1799999999998,2030.1799999999998,0.0,-969.82,0
2026-03-22T18:08:14.356136,2030.1799999999998,2030.1799999999998,0.0,-969.82,0
2026-03-22T18:08:15.381745,2030.1799999999998,2030.1799999999998,0.0,-969.82,0
2026-03-22T18:08:16.434167,2030.1799999999998,2030.1799999999998,0.0,-969.82,0
2026-03-22T18:08:17.491318,2030.1799999999998,2030.1799999999998,0.0,-969.82,0
2026-03-22T18:08:18.518676,2030.1799999999998,2030.1799999999998,0.0,-969.82,0
2026-03-22T18:08:19.544296,2030.1799999999998,2030.1799999999998,0.0,-969.82,0
2026-03-22T18:08:20.563886,2030.1799999999998,2030.1799999999998,0.0,-969.82,0
2026-03-22T18:08:21.588351,2030.1799999999998,2030.1799999999998,0.0,-969.82,0
2026-03-22T18:08:22.613139,2030.1799999999998,2030.1799999999998,0.0,-969.82,0
2026-03-22T18:08:23.632669,2030.1799999999998,2030.1799999999998,0.0,-969.82,0
2026-03-22T18:08:24.654327,2030.1799999999998,2030.1799999999998,0.0,-969.82,0
2026-03-22T18:08:25.671787,2030.1799999999998,2030.1799999999998,0.0,-969.82,0
2026-03-22T18:08:26.693411,2030.1799999999998,2030.1799999999998,0.0,-969.82,0
2026-03-22T18:08:27.717411,2030.1799999999998,2030.1799999999998,0.0,-969.82,0
2026-03-22T18:08:28.745119,2030.1799999999998,2030.1799999999998,0.0,-969.82,0
2026-03-22T18:08:29.767137,2030.1799999999998,2030.1799999999998,0.0,-969.82,0
2026-03-22T18:08:30.782436,2030.1799999999998,2030.1799999999998,0.0,-969.82,0
2026-03-22T18:08:31.803329,2030.1799999999998,2030.1799999999998,0.0,-969.82,0
2026-03-22T18:08:32.828321,2030.1799999999998,2030.1799999999998,0.0,-969.82,0
2026-03-22T18:08:33.857403,2030.1799999999998,2030.1799999999998,0.0,-969.82,0
2026-03-22T18:08:34.876266,2030.1799999999998,2030.1799999999998,0.0,-969.82,0
2026-03-22T18:08:35.886637,2030.1799999999998,2030.1799999999998,0.0,-969.82,0
2026-03-22T18:08:36.898408,2030.1799999999998,2030.1799999999998,0.0,-969.82,0
2026-03-22T18:08:37.931087,2030.1799999999998,2030.1799999999998,0.0,-969.82,0
2026-03-22T18:08:38.945812,2030.1799999999998,2030.1799999999998,0.0,-969.82,0
2026-03-22T18:08:39.974845,2030.1799999999998,2030.1799999999998,0.0,-969.82,0
2026-03-22T18:08:40.993058,2030.1799999999998,2030.1799999999998,0.0,-969.82,0
2026-03-22T18:08:42.010706,2030.1799999999998,2030.1799999999998,0.0,-969.82,0
2026-03-22T18:08:43.022397,2030.1799999999998,2030.1799999999998,0.0,-969.82,0
2026-03-22T18:08:44.047058,2030.1799999999998,2030.1799999999998,0.0,-969.82,0
2026-03-22T18:08:45.075997,2030.1799999999998,2030.1799999999998,0.0,-969.82,0
2026-03-22T18:08:46.100873,2030.1799999999998,2030.1799999999998,0.0,-969.82,0
2026-03-22T18:08:47.122154,2030.1799999999998,2030.1799999999998,0.0,-969.82,0
2026-03-22T18:08:48.152420,2030.1799999999998,2030.1799999999998,0.0,-969.82,0
2026-03-22T18:08:49.174593,2030.1799999999998,1929.2599999999998,100.92,-969.82,0
2026-03-22T18:08:50.191432,2030.1799999999998,1929.2599999999998,100.92,-969.82,0
2026-03-22T18:08:51.210528,2030.1799999999998,1929.2599999999998,100.92,-969.82,0
2026-03-22T18:08:52.225591,2029.9499999999998,1929.0299999999997,100.92,-970.0500000000001,0.0
2026-03-22T18:08:53.246664,2029.9499999999998,1929.0299999999997,100.92,-970.0500000000001,0.0
2026-03-22T18:08:54.259319,2029.9499999999998,1929.0299999999997,100.92,-970.0500000000001,0.0
2026-03-22T18:08:55.275968,2029.9499999999998,1929.0299999999997,100.92,-970.0500000000001,0.0
2026-03-22T18:08:56.301907,2029.9499999999998,1929.0299999999997,100.92,-970.0500000000001,0.0
2026-03-22T18:08:57.326402,2029.9499999999998,1929.0299999999997,100.92,-970.0500000000001,0.0
2026-03-22T18:08:58.343445,2029.9499999999998,1929.0299999999997,100.92,-970.0500000000001,0.0
2026-03-22T18:08:59.360992,2029.9499999999998,1929.0299999999997,100.92,-970.0500000000001,0.0
2026-03-22T18:09:00.385636,2029.9499999999998,1929.0299999999997,100.92,-970.0500000000001,0.0
2026-03-22T18:09:01.435807,2029.9499999999998,1929.0299999999997,100.92,-970.0500000000001,0.0
2026-03-22T18:09:02.452110,2029.9499999999998,1929.0299999999997,100.92,-970.0500000000001,0.0
2026-03-22T18:09:03.473914,2029.9499999999998,1929.0299999999997,100.92,-970.0500000000001,0.0
2026-03-22T18:09:04.485087,2029.9499999999998,1929.0299999999997,100.92,-970.0500000000001,0.0
2026-03-22T18:09:05.507712,2029.9499999999998,1929.0299999999997,100.92,-970.0500000000001,0.0
2026-03-22T18:09:06.518038,2029.9499999999998,1929.0299999999997,100.92,-970.0500000000001,0.0
2026-03-22T18:09:07.543581,2029.9499999999998,1929.0299999999997,100.92,-970.0500000000001,0.0
2026-03-22T18:09:08.559274,2029.9499999999998,1929.0299999999997,100.92,-970.0500000000001,0.0
2026-03-22T18:09:09.585137,2029.9499999999998,1929.0299999999997,100.92,-970.0500000000001,0.0
2026-03-22T18:09:10.600371,2029.9499999999998,1929.0299999999997,100.92,-970.0500000000001,0.0
2026-03-22T18:09:11.627063,2029.9499999999998,1929.0299999999997,100.92,-970.0500000000001,0.0
2026-03-22T18:09:12.647276,2029.9499999999998,1929.0299999999997,100.92,-970.0500000000001,0.0
2026-03-22T18:09:13.659125,2029.9499999999998,1929.0299999999997,100.92,-970.0500000000001,0.0
2026-03-22T18:09:14.676786,2029.9499999999998,1929.0299999999997,100.92,-970.0500000000001,0.0
2026-03-22T18:09:15.690210,2029.9499999999998,1929.0299999999997,100.92,-970.0500000000001,0.0
2026-03-22T18:09:16.718325,2029.9499999999998,1929.0299999999997,100.92,-970.0500000000001,0.0
2026-03-22T18:09:17.730944,2029.9499999999998,1929.0299999999997,100.92,-970.0500000000001,0.0
2026-03-22T18:09:18.760746,2029.9499999999998,1929.0299999999997,100.92,-970.0500000000001,0.0
2026-03-22T18:09:19.777660,2029.9499999999998,1929.0299999999997,100.92,-970.0500000000001,0.0
2026-03-22T18:09:20.790903,2029.9499999999998,1929.0299999999997,100.92,-970.0500000000001,0.0
2026-03-22T18:09:21.804416,2029.9499999999998,1929.0299999999997,100.92,-970.0500000000001,0.0
2026-03-22T18:09:22.835859,2029.9499999999998,1929.0299999999997,100.92,-970.0500000000001,0.0
2026-03-22T18:09:23.886067,2029.9499999999998,1929.0299999999997,100.92,-970.0500000000001,0.0
2026-03-22T18:09:24.908840,2029.9499999999998,1929.0299999999997,100.92,-970.0500000000001,0.0
2026-03-22T18:09:25.927800,2029.9499999999998,1929.0299999999997,100.92,-970.0500000000001,0.0
2026-03-22T18:09:26.949509,2029.9499999999998,1929.0299999999997,100.92,-970.0500000000001,0.0
2026-03-22T18:09:27.977137,2029.9499999999998,1929.0299999999997,100.92,-970.0500000000001,0.0
2026-03-22T18:09:28.999557,2029.9499999999998,1929.0299999999997,100.92,-970.0500000000001,0.0
2026-03-22T18:09:30.015435,2029.9499999999998,1929.0299999999997,100.92,-970.0500000000001,0.0
2026-03-22T18:09:31.043899,1951.07,1951.07,0.0,-1048.93,0
2026-03-22T18:09:32.060680,1951.07,1951.07,0.0,-1048.93,0
2026-03-22T18:09:33.076476,1951.07,1951.07,0.0,-1048.93,0
2026-03-22T18:09:34.094827,1951.07,1951.07,0.0,-1048.93,0
2026-03-22T18:09:35.107468,1951.07,1951.07,0.0,-1048.93,0
2026-03-22T18:09:36.126400,1951.07,1951.07,0.0,-1048.93,0
2026-03-22T18:09:37.143172,1951.07,1951.07,0.0,-1048.93,0
2026-03-22T18:09:38.161031,1951.07,1951.07,0.0,-1048.93,0
2026-03-22T18:09:39.174574,1951.07,1951.07,0.0,-1048.93,0
2026-03-22T18:09:40.187929,1951.07,1951.07,0.0,-1048.93,0
2026-03-22T18:09:41.225289,1951.07,1951.07,0.0,-1048.93,0
2026-03-22T18:09:42.241297,1951.07,1951.07,0.0,-1048.93,0
2026-03-22T18:09:43.265517,1951.07,1951.07,0.0,-1048.93,0
2026-03-22T18:09:44.294306,1951.07,1951.07,0.0,-1048.93,0
2026-03-22T18:09:45.334806,1951.07,1951.07,0.0,-1048.93,0
2026-03-22T18:09:46.382465,1951.07,1951.07,0.0,-1048.93,0
2026-03-22T18:09:47.402172,1951.07,1951.07,0.0,-1048.93,0
2026-03-22T18:09:48.427142,1951.07,1951.07,0.0,-1048.93,0
2026-03-22T18:09:49.442859,1951.07,1951.07,0.0,-1048.93,0
2026-03-22T18:09:50.455607,1951.07,1951.07,0.0,-1048.93,0
2026-03-22T18:09:51.467279,1951.07,1951.07,0.0,-1048.93,0
2026-03-22T18:09:52.484679,1951.07,1951.07,0.0,-1048.93,0
2026-03-22T18:09:53.510285,1951.07,1951.07,0.0,-1048.93,0
2026-03-22T18:09:54.531584,1951.07,1951.07,0.0,-1048.93,0
2026-03-22T18:09:55.551964,1951.07,1951.07,0.0,-1048.93,0
2026-03-22T18:09:56.566781,1951.07,1951.07,0.0,-1048.93,0
2026-03-22T18:09:57.584850,1951.07,1951.07,0.0,-1048.93,0
2026-03-22T18:09:58.601287,1951.07,1951.07,0.0,-1048.93,0
2026-03-22T18:09:59.625836,1951.07,1951.07,0.0,-1048.93,0
2026-03-22T18:10:00.648197,1951.07,1951.07,0.0,-1048.93,0
2026-03-22T18:10:01.666889,1951.07,1951.07,0.0,-1048.93,0
2026-03-22T18:10:02.691870,1951.07,1951.07,0.0,-1048.93,0
2026-03-22T18:10:03.709799,1951.07,1951.07,0.0,-1048.93,0
2026-03-22T18:10:04.734951,1951.07,1951.07,0.0,-1048.93,0
2026-03-22T18:10:05.758409,1951.07,1951.07,0.0,-1048.93,0
2026-03-22T18:10:06.777584,1951.07,1951.07,0.0,-1048.93,0
2026-03-22T18:10:07.818552,1951.07,1951.07,0.0,-1048.93,0
2026-03-22T18:10:08.833289,1951.07,1951.07,0.0,-1048.93,0
2026-03-22T18:10:09.843567,1951.07,1951.07,0.0,-1048.93,0
2026-03-22T18:10:10.860594,1951.07,1951.07,0.0,-1048.93,0
2026-03-22T18:10:11.882514,1951.07,1951.07,0.0,-1048.93,0
2026-03-22T18:10:12.908059,1951.07,1853.6299999999999,97.44000000000001,-1048.93,0
2026-03-22T18:10:13.932953,1950.31,1852.87,97.44000000000001,-1049.69,0.0
2026-03-22T18:10:14.947630,1950.31,1852.87,97.44000000000001,-1049.69,0.0
2026-03-22T18:10:15.958802,1950.31,1852.87,97.44000000000001,-1049.69,0.0
2026-03-22T18:10:16.976740,1950.31,1852.87,97.44000000000001,-1049.69,0.0
2026-03-22T18:10:18.001895,1950.31,1852.87,97.44000000000001,-1049.69,0.0
2026-03-22T18:10:19.027308,1950.31,1852.87,97.44000000000001,-1049.69,0.0
2026-03-22T18:10:20.050264,1950.31,1852.87,97.44000000000001,-1049.69,0.0
2026-03-22T18:10:21.064586,1950.31,1852.87,97.44000000000001,-1049.69,0.0
2026-03-22T18:10:22.093468,1950.31,1852.87,97.44000000000001,-1049.69,0.0
2026-03-22T18:10:23.110501,1950.31,1852.87,97.44000000000001,-1049.69,0.0
2026-03-22T18:10:24.143272,1950.31,1852.87,97.44000000000001,-1049.69,0.0
2026-03-22T18:10:25.161246,1952.05,1852.87,97.44000000000001,-1049.69,1.7400000000000015
2026-03-22T18:10:26.174587,1952.05,1852.87,97.44000000000001,-1049.69,1.7400000000000015
2026-03-22T18:10:27.192542,1952.05,1852.87,97.44000000000001,-1049.69,1.7400000000000015
2026-03-22T18:10:28.224864,1952.05,1852.87,97.44000000000001,-1049.69,1.7400000000000015
2026-03-22T18:10:29.247497,1952.05,1852.87,97.44000000000001,-1049.69,1.7400000000000015
2026-03-22T18:10:30.268746,1952.05,1852.87,97.44000000000001,-1049.69,1.7400000000000015
2026-03-22T18:10:31.282241,1952.05,1852.87,97.44000000000001,-1049.69,1.7400000000000015
2026-03-22T18:10:32.299756,1952.05,1852.87,97.44000000000001,-1049.69,1.7400000000000015
2026-03-22T18:10:33.318120,1952.05,1852.87,97.44000000000001,-1049.69,1.7400000000000015
2026-03-22T18:10:34.333941,1952.05,1852.87,97.44000000000001,-1049.69,1.7400000000000015
2026-03-22T18:10:35.350016,1952.05,1852.87,97.44000000000001,-1049.69,1.7400000000000015
2026-03-22T18:10:36.367204,1952.05,1852.87,97.44000000000001,-1049.69,1.7400000000000015
2026-03-22T18:10:37.384023,1952.05,1852.87,97.44000000000001,-1049.69,1.7400000000000015
2026-03-22T18:10:38.405755,1952.05,1852.87,97.44000000000001,-1049.69,1.7400000000000015
2026-03-22T18:10:39.424586,1945.09,1852.87,97.44000000000001,-1049.69,-5.220000000000004
2026-03-22T18:10:40.443352,1945.09,1852.87,97.44000000000001,-1049.69,-5.220000000000004
2026-03-22T18:10:41.466896,1945.09,1852.87,97.44000000000001,-1049.69,-5.220000000000004
2026-03-22T18:10:42.483932,1945.09,1852.87,97.44000000000001,-1049.69,-5.220000000000004
2026-03-22T18:10:43.506830,1945.09,1852.87,97.44000000000001,-1049.69,-5.220000000000004
2026-03-22T18:10:44.525355,1945.09,1852.87,97.44000000000001,-1049.69,-5.220000000000004
2026-03-22T18:10:45.548563,1945.09,1852.87,97.44000000000001,-1049.69,-5.220000000000004
2026-03-22T18:10:46.566164,1945.09,1852.87,97.44000000000001,-1049.69,-5.220000000000004
2026-03-22T18:10:47.582074,1945.09,1852.87,97.44000000000001,-1049.69,-5.220000000000004
2026-03-22T18:10:48.592957,1945.09,1852.87,97.44000000000001,-1049.69,-5.220000000000004
2026-03-22T18:10:49.609894,1945.09,1852.87,97.44000000000001,-1049.69,-5.220000000000004
2026-03-22T18:10:50.626154,1945.09,1852.87,97.44000000000001,-1049.69,-5.220000000000004
2026-03-22T18:10:51.683237,1945.09,1852.87,97.44000000000001,-1049.69,-5.220000000000004
2026-03-22T18:10:52.694471,1945.09,1852.87,97.44000000000001,-1049.69,-5.220000000000004
2026-03-22T18:10:53.709814,1934.6499999999999,1934.6499999999999,0.0,-1065.3500000000001,0
2026-03-22T18:10:54.735289,1934.6499999999999,1934.6499999999999,0.0,-1065.3500000000001,0
2026-03-22T18:10:55.750398,1934.6499999999999,1934.6499999999999,0.0,-1065.3500000000001,0
2026-03-22T18:10:56.776622,1934.6499999999999,1934.6499999999999,0.0,-1065.3500000000001,0
2026-03-22T18:10:57.800827,1934.6499999999999,1934.6499999999999,0.0,-1065.3500000000001,0
2026-03-22T18:10:58.825231,1934.6499999999999,1934.6499999999999,0.0,-1065.3500000000001,0
2026-03-22T18:10:59.849946,1934.6499999999999,1934.6499999999999,0.0,-1065.3500000000001,0
2026-03-22T18:11:00.868141,1934.6499999999999,1934.6499999999999,0.0,-1065.3500000000001,0
2026-03-22T18:11:01.884722,1934.6499999999999,1934.6499999999999,0.0,-1065.3500000000001,0
2026-03-22T18:11:02.900520,1934.6499999999999,1934.6499999999999,0.0,-1065.3500000000001,0
2026-03-22T18:11:03.917460,1934.6499999999999,1934.6499999999999,0.0,-1065.3500000000001,0
2026-03-22T18:11:04.944030,1934.6499999999999,1934.6499999999999,0.0,-1065.3500000000001,0
2026-03-22T18:11:05.957550,1934.6499999999999,1934.6499999999999,0.0,-1065.3500000000001,0
2026-03-22T18:11:06.982561,1934.6499999999999,1934.6499999999999,0.0,-1065.3500000000001,0
2026-03-22T18:11:08.006788,1934.6499999999999,1934.6499999999999,0.0,-1065.3500000000001,0
2026-03-22T18:11:09.033677,1934.6499999999999,1934.6499999999999,0.0,-1065.3500000000001,0
2026-03-22T18:11:10.068146,1934.6499999999999,1934.6499999999999,0.0,-1065.3500000000001,0
2026-03-22T18:11:11.092396,1934.6499999999999,1934.6499999999999,0.0,-1065.3500000000001,0
2026-03-22T18:11:12.125750,1934.6499999999999,1934.6499999999999,0.0,-1065.3500000000001,0
2026-03-22T18:11:13.152127,1934.6499999999999,1934.6499999999999,0.0,-1065.3500000000001,0
2026-03-22T18:11:14.218290,1934.6499999999999,1934.6499999999999,0.0,-1065.3500000000001,0
2026-03-22T18:11:15.232189,1934.6499999999999,1934.6499999999999,0.0,-1065.3500000000001,0
2026-03-22T18:11:16.252262,1934.6499999999999,1934.6499999999999,0.0,-1065.3500000000001,0
2026-03-22T18:11:17.266100,1934.6499999999999,1934.6499999999999,0.0,-1065.3500000000001,0
2026-03-22T18:11:18.293916,1934.6499999999999,1934.6499999999999,0.0,-1065.3500000000001,0
2026-03-22T18:11:19.312213,1934.6499999999999,1934.6499999999999,0.0,-1065.3500000000001,0
2026-03-22T18:11:20.332590,1934.6499999999999,1934.6499999999999,0.0,-1065.3500000000001,0
2026-03-22T18:11:21.347117,1934.6499999999999,1934.6499999999999,0.0,-1065.3500000000001,0
2026-03-22T18:11:22.368260,1934.6499999999999,1934.6499999999999,0.0,-1065.3500000000001,0
2026-03-22T18:11:23.396929,1934.6499999999999,1934.6499999999999,0.0,-1065.3500000000001,0
2026-03-22T18:11:24.419262,1934.6499999999999,1934.6499999999999,0.0,-1065.3500000000001,0
2026-03-22T18:11:25.443722,1934.6499999999999,1934.6499999999999,0.0,-1065.3500000000001,0
2026-03-22T18:11:26.459416,1934.6499999999999,1934.6499999999999,0.0,-1065.3500000000001,0
2026-03-22T18:11:27.476416,1934.6499999999999,1934.6499999999999,0.0,-1065.3500000000001,0
2026-03-22T18:11:28.502014,1934.6499999999999,1934.6499999999999,0.0,-1065.3500000000001,0
2026-03-22T18:11:29.518145,1934.6499999999999,1934.6499999999999,0.0,-1065.3500000000001,0
2026-03-22T18:11:30.533397,1934.6499999999999,1934.6499999999999,0.0,-1065.3500000000001,0
2026-03-22T18:11:31.560574,1934.6499999999999,1934.6499999999999,0.0,-1065.3500000000001,0
2026-03-22T18:11:32.574457,1934.6499999999999,1934.6499999999999,0.0,-1065.3500000000001,0
2026-03-22T18:11:33.593422,1934.6499999999999,1934.6499999999999,0.0,-1065.3500000000001,0
2026-03-22T18:11:34.618565,1934.6499999999999,1934.6499999999999,0.0,-1065.3500000000001,0
2026-03-22T18:11:35.650118,1934.6499999999999,1934.6499999999999,0.0,-1065.3500000000001,0
2026-03-22T18:11:36.693171,1934.6499999999999,1934.6499999999999,0.0,-1065.3500000000001,0
2026-03-22T18:11:37.709957,1934.6499999999999,1934.6499999999999,0.0,-1065.3500000000001,0
2026-03-22T18:11:38.726208,1934.6499999999999,1934.6499999999999,0.0,-1065.3500000000001,0
2026-03-22T18:11:39.743794,1934.6499999999999,1934.6499999999999,0.0,-1065.3500000000001,0
2026-03-22T18:11:40.758840,1934.6499999999999,1934.6499999999999,0.0,-1065.3500000000001,0
2026-03-22T18:11:41.776927,1934.6499999999999,1934.6499999999999,0.0,-1065.3500000000001,0
2026-03-22T18:11:42.792472,1934.6499999999999,1934.6499999999999,0.0,-1065.3500000000001,0
2026-03-22T18:11:43.808810,1934.6499999999999,1934.6499999999999,0.0,-1065.3500000000001,0
2026-03-22T18:11:44.827333,1934.6499999999999,1934.6499999999999,0.0,-1065.3500000000001,0
2026-03-22T18:11:45.852556,1934.6499999999999,1934.6499999999999,0.0,-1065.3500000000001,0
2026-03-22T18:11:46.869342,1934.6499999999999,1934.6499999999999,0.0,-1065.3500000000001,0
2026-03-22T18:11:47.884610,1934.6499999999999,1934.6499999999999,0.0,-1065.3500000000001,0
2026-03-22T18:11:48.909332,1934.6499999999999,1934.6499999999999,0.0,-1065.3500000000001,0
2026-03-22T18:11:49.926353,1934.6499999999999,1934.6499999999999,0.0,-1065.3500000000001,0
2026-03-22T18:11:50.944052,1934.6499999999999,1934.6499999999999,0.0,-1065.3500000000001,0
2026-03-22T18:11:51.976342,1934.6499999999999,1934.6499999999999,0.0,-1065.3500000000001,0
2026-03-22T18:11:52.993216,1934.6499999999999,1934.6499999999999,0.0,-1065.3500000000001,0
2026-03-22T18:11:54.010526,1934.6499999999999,1934.6499999999999,0.0,-1065.3500000000001,0
2026-03-22T18:11:55.036871,1934.6499999999999,1934.6499999999999,0.0,-1065.3500000000001,0
2026-03-22T18:11:56.051532,1934.6499999999999,1934.6499999999999,0.0,-1065.3500000000001,0
2026-03-22T18:11:57.075133,1934.6499999999999,1934.6499999999999,0.0,-1065.3500000000001,0
2026-03-22T18:11:58.093192,1934.6499999999999,1934.6499999999999,0.0,-1065.3500000000001,0
2026-03-22T18:11:59.127711,1934.6499999999999,1934.6499999999999,0.0,-1065.3500000000001,0
2026-03-22T18:12:00.143324,1934.6499999999999,1934.6499999999999,0.0,-1065.3500000000001,0
2026-03-22T18:12:01.160540,1934.6499999999999,1934.6499999999999,0.0,-1065.3500000000001,0
2026-03-22T18:12:02.182305,1934.6499999999999,1934.6499999999999,0.0,-1065.3500000000001,0
2026-03-22T18:12:03.200741,1934.6499999999999,1934.6499999999999,0.0,-1065.3500000000001,0
2026-03-22T18:12:04.218502,1934.6499999999999,1934.6499999999999,0.0,-1065.3500000000001,0
2026-03-22T18:12:05.242886,1934.6499999999999,1934.6499999999999,0.0,-1065.3500000000001,0
2026-03-22T18:12:06.266684,1934.6499999999999,1934.6499999999999,0.0,-1065.3500000000001,0
2026-03-22T18:12:07.284398,1934.6499999999999,1934.6499999999999,0.0,-1065.3500000000001,0
2026-03-22T18:12:08.308840,1934.6499999999999,1934.6499999999999,0.0,-1065.3500000000001,0
2026-03-22T18:12:09.335979,1934.6499999999999,1934.6499999999999,0.0,-1065.3500000000001,0
2026-03-22T18:12:10.357988,1934.6499999999999,1934.6499999999999,0.0,-1065.3500000000001,0
2026-03-22T18:12:11.372179,1934.6499999999999,1934.6499999999999,0.0,-1065.3500000000001,0
2026-03-22T18:12:12.393749,1934.6499999999999,1934.6499999999999,0.0,-1065.3500000000001,0
2026-03-22T18:12:13.408772,1934.6499999999999,1934.6499999999999,0.0,-1065.3500000000001,0
2026-03-22T18:12:14.426840,1934.6499999999999,1934.6499999999999,0.0,-1065.3500000000001,0
2026-03-22T18:12:15.441373,1934.6499999999999,1934.6499999999999,0.0,-1065.3500000000001,0
2026-03-22T18:12:16.469073,1934.6499999999999,1934.6499999999999,0.0,-1065.3500000000001,0
2026-03-22T18:12:17.484962,1934.6499999999999,1934.6499999999999,0.0,-1065.3500000000001,0
2026-03-22T18:12:18.509953,1934.6499999999999,1934.6499999999999,0.0,-1065.3500000000001,0
2026-03-22T18:12:19.534678,1934.6499999999999,1934.6499999999999,0.0,-1065.3500000000001,0
2026-03-22T18:12:20.591036,1934.6499999999999,1934.6499999999999,0.0,-1065.3500000000001,0
2026-03-22T18:12:21.608704,1934.6499999999999,1934.6499999999999,0.0,-1065.3500000000001,0
2026-03-22T18:12:22.628486,1934.6499999999999,1934.6499999999999,0.0,-1065.3500000000001,0
2026-03-22T18:12:23.650617,1934.6499999999999,1934.6499999999999,0.0,-1065.3500000000001,0
2026-03-22T18:12:24.667982,1934.6499999999999,1934.6499999999999,0.0,-1065.3500000000001,0
2026-03-22T18:12:25.681816,1934.6499999999999,1934.6499999999999,0.0,-1065.3500000000001,0
2026-03-22T18:12:26.700273,1934.6499999999999,1934.6499999999999,0.0,-1065.3500000000001,0
2026-03-22T18:12:27.718786,1934.6499999999999,1934.6499999999999,0.0,-1065.3500000000001,0
2026-03-22T18:12:28.744316,1934.6499999999999,1934.6499999999999,0.0,-1065.3500000000001,0
2026-03-22T18:12:29.760941,1934.6499999999999,1934.6499999999999,0.0,-1065.3500000000001,0
2026-03-22T18:12:30.785028,1934.6499999999999,1934.6499999999999,0.0,-1065.3500000000001,0
2026-03-22T18:12:31.801755,1934.6499999999999,1934.6499999999999,0.0,-1065.3500000000001,0
2026-03-22T18:12:32.812953,1934.6499999999999,1934.6499999999999,0.0,-1065.3500000000001,0
2026-03-22T18:12:33.833512,1934.6499999999999,1934.6499999999999,0.0,-1065.3500000000001,0
2026-03-22T18:12:34.860123,1934.6499999999999,1934.6499999999999,0.0,-1065.3500000000001,0
2026-03-22T18:12:35.877179,1934.6499999999999,1934.6499999999999,0.0,-1065.3500000000001,0
2026-03-22T18:12:36.902432,1934.6499999999999,1934.6499999999999,0.0,-1065.3500000000001,0
2026-03-22T18:12:37.919786,1934.6499999999999,1934.6499999999999,0.0,-1065.3500000000001,0
2026-03-22T18:12:38.941658,1934.6499999999999,1934.6499999999999,0.0,-1065.3500000000001,0
2026-03-22T18:12:39.965942,1934.6499999999999,1934.6499999999999,0.0,-1065.3500000000001,0
2026-03-22T18:12:40.985116,1934.6499999999999,1934.6499999999999,0.0,-1065.3500000000001,0
2026-03-22T18:12:42.008909,1934.6499999999999,1934.6499999999999,0.0,-1065.3500000000001,0
2026-03-22T18:12:43.058566,1934.6499999999999,1934.6499999999999,0.0,-1065.3500000000001,0
2026-03-22T18:12:44.077399,1934.6499999999999,1934.6499999999999,0.0,-1065.3500000000001,0
2026-03-22T18:12:45.091388,1934.6499999999999,1934.6499999999999,0.0,-1065.3500000000001,0
2026-03-22T18:12:46.109680,1934.6499999999999,1934.6499999999999,0.0,-1065.3500000000001,0
2026-03-22T18:12:47.126063,1934.6499999999999,1934.6499999999999,0.0,-1065.3500000000001,0
2026-03-22T18:12:48.143004,1934.6499999999999,1934.6499999999999,0.0,-1065.3500000000001,0
2026-03-22T18:12:49.158088,1934.6499999999999,1934.6499999999999,0.0,-1065.3500000000001,0
2026-03-22T18:12:50.176422,1934.6499999999999,1934.6499999999999,0.0,-1065.3500000000001,0
2026-03-22T18:12:51.192952,1934.6499999999999,1934.6499999999999,0.0,-1065.3500000000001,0
2026-03-22T18:12:52.219070,1934.6499999999999,1934.6499999999999,0.0,-1065.3500000000001,0
2026-03-22T18:12:53.242792,1934.6499999999999,1934.6499999999999,0.0,-1065.3500000000001,0
2026-03-22T18:12:54.260381,1934.6499999999999,1934.6499999999999,0.0,-1065.3500000000001,0
2026-03-22T18:12:55.277459,1934.6499999999999,1934.6499999999999,0.0,-1065.3500000000001,0
2026-03-22T18:12:56.293831,1934.6499999999999,1934.6499999999999,0.0,-1065.3500000000001,0
2026-03-22T18:12:57.311295,1934.6499999999999,1934.6499999999999,0.0,-1065.3500000000001,0
2026-03-22T18:12:58.327099,1934.6499999999999,1934.6499999999999,0.0,-1065.3500000000001,0
2026-03-22T18:12:59.343576,1934.6499999999999,1934.6499999999999,0.0,-1065.3500000000001,0
2026-03-22T18:13:00.359843,1934.6499999999999,1934.6499999999999,0.0,-1065.3500000000001,0
2026-03-22T18:13:01.391612,1934.6499999999999,1934.6499999999999,0.0,-1065.3500000000001,0
2026-03-22T18:13:02.409486,1934.6499999999999,1934.6499999999999,0.0,-1065.3500000000001,0
2026-03-22T18:13:03.428289,1934.6499999999999,1934.6499999999999,0.0,-1065.3500000000001,0
2026-03-22T18:13:04.482920,1934.6499999999999,1934.6499999999999,0.0,-1065.3500000000001,0
2026-03-22T18:13:05.503784,1934.6499999999999,1934.6499999999999,0.0,-1065.3500000000001,0
2026-03-22T18:13:06.516245,1934.6499999999999,1934.6499999999999,0.0,-1065.3500000000001,0
2026-03-22T18:13:07.526779,1934.6499999999999,1934.6499999999999,0.0,-1065.3500000000001,0
2026-03-22T18:13:08.542899,1934.6499999999999,1934.6499999999999,0.0,-1065.3500000000001,0
2026-03-22T18:13:09.558586,1934.6499999999999,1934.6499999999999,0.0,-1065.3500000000001,0
2026-03-22T18:13:10.575533,1934.6499999999999,1934.6499999999999,0.0,-1065.3500000000001,0
2026-03-22T18:13:11.601231,1934.6499999999999,1934.6499999999999,0.0,-1065.3500000000001,0
2026-03-22T18:13:12.617787,1934.6499999999999,1934.6499999999999,0.0,-1065.3500000000001,0
2026-03-22T18:13:13.634798,1934.6499999999999,1934.6499999999999,0.0,-1065.3500000000001,0
2026-03-22T18:13:14.650612,1934.6499999999999,1838.3,96.35,-1065.3500000000001,0
2026-03-22T18:13:15.675041,1934.6499999999999,1838.3,96.35,-1065.3500000000001,0
2026-03-22T18:13:16.693769,1933.7499999999998,1837.3999999999999,96.35,-1066.2500000000002,0.0
2026-03-22T18:13:17.710116,1933.7499999999998,1837.3999999999999,96.35,-1066.2500000000002,0.0
2026-03-22T18:13:18.733266,1933.7499999999998,1837.3999999999999,96.35,-1066.2500000000002,0.0
2026-03-22T18:13:19.759744,1933.7499999999998,1837.3999999999999,96.35,-1066.2500000000002,0.0
2026-03-22T18:13:20.777356,1933.7499999999998,1837.3999999999999,96.35,-1066.2500000000002,0.0
2026-03-22T18:13:21.800751,1933.7499999999998,1837.3999999999999,96.35,-1066.2500000000002,0.0
2026-03-22T18:13:22.817905,1933.7499999999998,1837.3999999999999,96.35,-1066.2500000000002,0.0
2026-03-22T18:13:23.832282,1933.7499999999998,1837.3999999999999,96.35,-1066.2500000000002,0.0
2026-03-22T18:13:24.861340,1933.7499999999998,1837.3999999999999,96.35,-1066.2500000000002,0.0
2026-03-22T18:13:25.883184,1939.8999999999999,1837.3999999999999,96.35,-1066.2500000000002,6.150000000000006
2026-03-22T18:13:26.935379,1939.8999999999999,1837.3999999999999,96.35,-1066.2500000000002,6.150000000000006
2026-03-22T18:13:27.959442,1939.8999999999999,1837.3999999999999,96.35,-1066.2500000000002,6.150000000000006
2026-03-22T18:13:28.986027,1939.8999999999999,1837.3999999999999,96.35,-1066.2500000000002,6.150000000000006
2026-03-22T18:13:30.009983,1939.8999999999999,1837.3999999999999,96.35,-1066.2500000000002,6.150000000000006
2026-03-22T18:13:31.036241,1939.8999999999999,1837.3999999999999,96.35,-1066.2500000000002,6.150000000000006
2026-03-22T18:13:32.051703,1939.8999999999999,1837.3999999999999,96.35,-1066.2500000000002,6.150000000000006
2026-03-22T18:13:33.065049,1939.8999999999999,1837.3999999999999,96.35,-1066.2500000000002,6.150000000000006
2026-03-22T18:13:34.085346,1939.8999999999999,1837.3999999999999,96.35,-1066.2500000000002,6.150000000000006
2026-03-22T18:13:35.109766,1939.8999999999999,1837.3999999999999,96.35,-1066.2500000000002,6.150000000000006
2026-03-22T18:13:36.134296,1939.8999999999999,1837.3999999999999,96.35,-1066.2500000000002,6.150000000000006
2026-03-22T18:13:37.154762,1939.8999999999999,1837.3999999999999,96.35,-1066.2500000000002,6.150000000000006
2026-03-22T18:13:38.175577,1939.8999999999999,1837.3999999999999,96.35,-1066.2500000000002,6.150000000000006
2026-03-22T18:13:39.191375,1943.9999999999998,1837.3999999999999,96.35,-1066.2500000000002,10.250000000000009
2026-03-22T18:13:40.216427,1943.9999999999998,1837.3999999999999,96.35,-1066.2500000000002,10.250000000000009
2026-03-22T18:13:41.234451,1943.9999999999998,1837.3999999999999,96.35,-1066.2500000000002,10.250000000000009
2026-03-22T18:13:42.249514,1943.9999999999998,1837.3999999999999,96.35,-1066.2500000000002,10.250000000000009
2026-03-22T18:13:43.267264,1943.9999999999998,1837.3999999999999,96.35,-1066.2500000000002,10.250000000000009
2026-03-22T18:13:44.293493,1943.9999999999998,1837.3999999999999,96.35,-1066.2500000000002,10.250000000000009
2026-03-22T18:13:45.308077,1943.9999999999998,1837.3999999999999,96.35,-1066.2500000000002,10.250000000000009
2026-03-22T18:13:46.325724,1943.9999999999998,1837.3999999999999,96.35,-1066.2500000000002,10.250000000000009
2026-03-22T18:13:47.353222,1943.9999999999998,1837.3999999999999,96.35,-1066.2500000000002,10.250000000000009
2026-03-22T18:13:48.443027,1943.9999999999998,1837.3999999999999,96.35,-1066.2500000000002,10.250000000000009
2026-03-22T18:13:49.476865,1943.9999999999998,1837.3999999999999,96.35,-1066.2500000000002,10.250000000000009
2026-03-22T18:13:50.501231,1943.9999999999998,1837.3999999999999,96.35,-1066.2500000000002,10.250000000000009
2026-03-22T18:13:51.532639,1943.9999999999998,1837.3999999999999,96.35,-1066.2500000000002,10.250000000000009
2026-03-22T18:13:52.552300,1943.9999999999998,1837.3999999999999,96.35,-1066.2500000000002,10.250000000000009
2026-03-22T18:13:53.573155,1943.9999999999998,1837.3999999999999,96.35,-1066.2500000000002,10.250000000000009
2026-03-22T18:13:54.603739,1936.3499999999997,1936.3499999999997,0.0,-1063.6500000000003,0
2026-03-22T18:13:55.633557,1936.3499999999997,1936.3499999999997,0.0,-1063.6500000000003,0
2026-03-22T18:13:56.676671,1936.3499999999997,1936.3499999999997,0.0,-1063.6500000000003,0
2026-03-22T18:13:57.701264,1936.3499999999997,1936.3499999999997,0.0,-1063.6500000000003,0
2026-03-22T18:13:58.728041,1936.3499999999997,1936.3499999999997,0.0,-1063.6500000000003,0
2026-03-22T18:13:59.754606,1936.3499999999997,1936.3499999999997,0.0,-1063.6500000000003,0
2026-03-22T18:14:00.804541,1936.3499999999997,1936.3499999999997,0.0,-1063.6500000000003,0
2026-03-22T18:14:01.890148,1936.3499999999997,1936.3499999999997,0.0,-1063.6500000000003,0
2026-03-22T18:14:02.919212,1936.3499999999997,1936.3499999999997,0.0,-1063.6500000000003,0
2026-03-22T18:14:03.951395,1936.3499999999997,1936.3499999999997,0.0,-1063.6500000000003,0
2026-03-22T18:14:04.976968,1936.3499999999997,1936.3499999999997,0.0,-1063.6500000000003,0
2026-03-22T18:14:06.000860,1936.3499999999997,1936.3499999999997,0.0,-1063.6500000000003,0
2026-03-22T18:14:07.035052,1936.3499999999997,1936.3499999999997,0.0,-1063.6500000000003,0
2026-03-22T18:14:08.069283,1936.3499999999997,1936.3499999999997,0.0,-1063.6500000000003,0
2026-03-22T18:14:09.101832,1936.3499999999997,1936.3499999999997,0.0,-1063.6500000000003,0
2026-03-22T18:14:10.126375,1936.3499999999997,1936.3499999999997,0.0,-1063.6500000000003,0
2026-03-22T18:14:11.160129,1936.3499999999997,1936.3499999999997,0.0,-1063.6500000000003,0
2026-03-22T18:14:12.262854,1936.3499999999997,1936.3499999999997,0.0,-1063.6500000000003,0
2026-03-22T18:14:13.302950,1936.3499999999997,1936.3499999999997,0.0,-1063.6500000000003,0
2026-03-22T18:14:14.326111,1936.3499999999997,1936.3499999999997,0.0,-1063.6500000000003,0
2026-03-22T18:14:15.351110,1936.3499999999997,1936.3499999999997,0.0,-1063.6500000000003,0
2026-03-22T18:14:16.385490,1936.3499999999997,1936.3499999999997,0.0,-1063.6500000000003,0
2026-03-22T18:14:17.418569,1936.3499999999997,1936.3499999999997,0.0,-1063.6500000000003,0
2026-03-22T18:14:18.451578,1936.3499999999997,1936.3499999999997,0.0,-1063.6500000000003,0
2026-03-22T18:14:19.476584,1936.3499999999997,1936.3499999999997,0.0,-1063.6500000000003,0
2026-03-22T18:14:20.501251,1936.3499999999997,1936.3499999999997,0.0,-1063.6500000000003,0
2026-03-22T18:14:21.524465,1936.3499999999997,1936.3499999999997,0.0,-1063.6500000000003,0
2026-03-22T18:14:22.550171,1936.3499999999997,1936.3499999999997,0.0,-1063.6500000000003,0
2026-03-22T18:14:23.576848,1936.3499999999997,1936.3499999999997,0.0,-1063.6500000000003,0
2026-03-22T18:14:24.601385,1936.3499999999997,1936.3499999999997,0.0,-1063.6500000000003,0
2026-03-22T18:14:25.633247,1936.3499999999997,1936.3499999999997,0.0,-1063.6500000000003,0
2026-03-22T18:14:26.661490,1936.3499999999997,1936.3499999999997,0.0,-1063.6500000000003,0
2026-03-22T18:14:27.692329,1936.3499999999997,1936.3499999999997,0.0,-1063.6500000000003,0
2026-03-22T18:14:28.717902,1936.3499999999997,1936.3499999999997,0.0,-1063.6500000000003,0
2026-03-22T18:14:29.744970,1936.3499999999997,1936.3499999999997,0.0,-1063.6500000000003,0
2026-03-22T18:14:30.768128,1936.3499999999997,1936.3499999999997,0.0,-1063.6500000000003,0
2026-03-22T18:14:31.799851,1936.3499999999997,1936.3499999999997,0.0,-1063.6500000000003,0
2026-03-22T18:14:32.837023,1936.3499999999997,1936.3499999999997,0.0,-1063.6500000000003,0
2026-03-22T18:14:33.890708,1936.3499999999997,1936.3499999999997,0.0,-1063.6500000000003,0
2026-03-22T18:14:34.968424,1936.3499999999997,1936.3499999999997,0.0,-1063.6500000000003,0
2026-03-22T18:14:35.993954,1936.3499999999997,1936.3499999999997,0.0,-1063.6500000000003,0
2026-03-22T18:14:37.020846,1936.3499999999997,1936.3499999999997,0.0,-1063.6500000000003,0
2026-03-22T18:14:38.044518,1936.3499999999997,1936.3499999999997,0.0,-1063.6500000000003,0
2026-03-22T18:14:39.076398,1936.3499999999997,1936.3499999999997,0.0,-1063.6500000000003,0
2026-03-22T18:14:40.106374,1936.3499999999997,1936.3499999999997,0.0,-1063.6500000000003,0
2026-03-22T18:14:41.136129,1936.3499999999997,1936.3499999999997,0.0,-1063.6500000000003,0
2026-03-22T18:14:42.168270,1936.3499999999997,1936.3499999999997,0.0,-1063.6500000000003,0
2026-03-22T18:14:43.191670,1936.3499999999997,1936.3499999999997,0.0,-1063.6500000000003,0
2026-03-22T18:14:44.212194,1936.3499999999997,1936.3499999999997,0.0,-1063.6500000000003,0
2026-03-22T18:14:45.246673,1936.3499999999997,1936.3499999999997,0.0,-1063.6500000000003,0
2026-03-22T18:14:46.280527,1936.3499999999997,1936.3499999999997,0.0,-1063.6500000000003,0
2026-03-22T18:14:47.310889,1936.3499999999997,1936.3499999999997,0.0,-1063.6500000000003,0
2026-03-22T18:14:48.344850,1936.3499999999997,1936.3499999999997,0.0,-1063.6500000000003,0
2026-03-22T18:14:49.385323,1936.3499999999997,1936.3499999999997,0.0,-1063.6500000000003,0
2026-03-22T18:14:50.414130,1936.3499999999997,1936.3499999999997,0.0,-1063.6500000000003,0
2026-03-22T18:14:51.446250,1936.3499999999997,1936.3499999999997,0.0,-1063.6500000000003,0
2026-03-22T18:14:52.479719,1936.3499999999997,1936.3499999999997,0.0,-1063.6500000000003,0
2026-03-22T18:14:53.502466,1936.3499999999997,1936.3499999999997,0.0,-1063.6500000000003,0
2026-03-22T18:14:54.527646,1936.3499999999997,1936.3499999999997,0.0,-1063.6500000000003,0
2026-03-22T18:14:55.568776,1936.3499999999997,1936.3499999999997,0.0,-1063.6500000000003,0
2026-03-22T18:14:56.597905,1936.3499999999997,1936.3499999999997,0.0,-1063.6500000000003,0
2026-03-22T18:14:57.671010,1936.3499999999997,1936.3499999999997,0.0,-1063.6500000000003,0
2026-03-22T18:14:58.699078,1936.3499999999997,1936.3499999999997,0.0,-1063.6500000000003,0
2026-03-22T18:14:59.735057,1936.3499999999997,1936.3499999999997,0.0,-1063.6500000000003,0
2026-03-22T18:15:00.765410,1936.3499999999997,1936.3499999999997,0.0,-1063.6500000000003,0
2026-03-22T18:15:01.785666,1936.3499999999997,1936.3499999999997,0.0,-1063.6500000000003,0
2026-03-22T18:15:02.814188,1936.3499999999997,1936.3499999999997,0.0,-1063.6500000000003,0
2026-03-22T18:15:03.851319,1936.3499999999997,1936.3499999999997,0.0,-1063.6500000000003,0
2026-03-22T18:15:04.879032,1936.3499999999997,1936.3499999999997,0.0,-1063.6500000000003,0
2026-03-22T18:15:05.907013,1936.3499999999997,1936.3499999999997,0.0,-1063.6500000000003,0
2026-03-22T18:15:06.937027,1936.3499999999997,1936.3499999999997,0.0,-1063.6500000000003,0
2026-03-22T18:15:07.971723,1936.3499999999997,1936.3499999999997,0.0,-1063.6500000000003,0
2026-03-22T18:15:08.996594,1936.3499999999997,1936.3499999999997,0.0,-1063.6500000000003,0
2026-03-22T18:15:10.035704,1936.3499999999997,1936.3499999999997,0.0,-1063.6500000000003,0
2026-03-22T18:15:11.068533,1936.3499999999997,1936.3499999999997,0.0,-1063.6500000000003,0
2026-03-22T18:15:12.099684,1936.3499999999997,1936.3499999999997,0.0,-1063.6500000000003,0
2026-03-22T18:15:13.133162,1936.3499999999997,1936.3499999999997,0.0,-1063.6500000000003,0
2026-03-22T18:15:14.162740,1936.3499999999997,1936.3499999999997,0.0,-1063.6500000000003,0
2026-03-22T18:15:15.197027,1936.3499999999997,1936.3499999999997,0.0,-1063.6500000000003,0
2026-03-22T18:15:16.231292,1936.3499999999997,1936.3499999999997,0.0,-1063.6500000000003,0
2026-03-22T18:15:17.261813,1936.3499999999997,1936.3499999999997,0.0,-1063.6500000000003,0
2026-03-22T18:15:18.289144,1936.3499999999997,1936.3499999999997,0.0,-1063.6500000000003,0
2026-03-22T18:15:19.333074,1936.3499999999997,1936.3499999999997,0.0,-1063.6500000000003,0
2026-03-22T18:15:20.384601,1936.3499999999997,1936.3499999999997,0.0,-1063.6500000000003,0
2026-03-22T18:15:21.446839,1936.3499999999997,1936.3499999999997,0.0,-1063.6500000000003,0
2026-03-22T18:15:22.488042,1936.3499999999997,1936.3499999999997,0.0,-1063.6500000000003,0
2026-03-22T18:15:23.510833,1936.3499999999997,1936.3499999999997,0.0,-1063.6500000000003,0
2026-03-22T18:15:24.532839,1936.3499999999997,1936.3499999999997,0.0,-1063.6500000000003,0
2026-03-22T18:15:25.563383,1936.3499999999997,1936.3499999999997,0.0,-1063.6500000000003,0
2026-03-22T18:15:26.604156,1936.3499999999997,1936.3499999999997,0.0,-1063.6500000000003,0
2026-03-22T18:15:27.640271,1936.3499999999997,1936.3499999999997,0.0,-1063.6500000000003,0
2026-03-22T18:15:28.682644,1936.3499999999997,1936.3499999999997,0.0,-1063.6500000000003,0
2026-03-22T18:15:29.707098,1936.3499999999997,1936.3499999999997,0.0,-1063.6500000000003,0
2026-03-22T18:15:30.742023,1936.3499999999997,1936.3499999999997,0.0,-1063.6500000000003,0
2026-03-22T18:15:31.762090,1936.3499999999997,1936.3499999999997,0.0,-1063.6500000000003,0
2026-03-22T18:15:32.792555,1936.3499999999997,1936.3499999999997,0.0,-1063.6500000000003,0
2026-03-22T18:15:33.825510,1936.3499999999997,1936.3499999999997,0.0,-1063.6500000000003,0
2026-03-22T18:15:34.876947,1936.3499999999997,1936.3499999999997,0.0,-1063.6500000000003,0
2026-03-22T18:15:35.910889,1936.3499999999997,1936.3499999999997,0.0,-1063.6500000000003,0
2026-03-22T18:15:36.943854,1936.3499999999997,1936.3499999999997,0.0,-1063.6500000000003,0
2026-03-22T18:15:37.963213,1936.3499999999997,1936.3499999999997,0.0,-1063.6500000000003,0
2026-03-22T18:15:39.006326,1936.3499999999997,1936.3499999999997,0.0,-1063.6500000000003,0
2026-03-22T18:15:40.031254,1936.3499999999997,1936.3499999999997,0.0,-1063.6500000000003,0
2026-03-22T18:15:41.064981,1936.3499999999997,1936.3499999999997,0.0,-1063.6500000000003,0
2026-03-22T18:15:42.103662,1936.3499999999997,1936.3499999999997,0.0,-1063.6500000000003,0
2026-03-22T18:15:43.132318,1936.3499999999997,1936.3499999999997,0.0,-1063.6500000000003,0
2026-03-22T18:15:44.194249,1936.3499999999997,1936.3499999999997,0.0,-1063.6500000000003,0
2026-03-22T18:15:45.241240,1936.3499999999997,1936.3499999999997,0.0,-1063.6500000000003,0
2026-03-22T18:15:46.275274,1936.3499999999997,1936.3499999999997,0.0,-1063.6500000000003,0
2026-03-22T18:15:47.318379,1936.3499999999997,1936.3499999999997,0.0,-1063.6500000000003,0
2026-03-22T18:15:48.346391,1936.3499999999997,1936.3499999999997,0.0,-1063.6500000000003,0
2026-03-22T18:15:49.370468,1936.3499999999997,1936.3499999999997,0.0,-1063.6500000000003,0
2026-03-22T18:15:50.401815,1936.3499999999997,1936.3499999999997,0.0,-1063.6500000000003,0
2026-03-22T18:15:51.439631,1936.3499999999997,1936.3499999999997,0.0,-1063.6500000000003,0
2026-03-22T18:15:52.464255,1936.3499999999997,1936.3499999999997,0.0,-1063.6500000000003,0
2026-03-22T18:15:53.490702,1936.3499999999997,1936.3499999999997,0.0,-1063.6500000000003,0
2026-03-22T18:15:54.522223,1936.3499999999997,1936.3499999999997,0.0,-1063.6500000000003,0
2026-03-22T18:15:55.553521,1936.3499999999997,1936.3499999999997,0.0,-1063.6500000000003,0
2026-03-22T18:15:56.582124,1936.3499999999997,1936.3499999999997,0.0,-1063.6500000000003,0
2026-03-22T18:15:57.615990,1936.3499999999997,1936.3499999999997,0.0,-1063.6500000000003,0
2026-03-22T18:15:58.637388,1936.3499999999997,1936.3499999999997,0.0,-1063.6500000000003,0
2026-03-22T18:15:59.665977,1936.3499999999997,1936.3499999999997,0.0,-1063.6500000000003,0
2026-03-22T18:16:00.687655,1936.3499999999997,1936.3499999999997,0.0,-1063.6500000000003,0
2026-03-22T18:16:01.712559,1936.3499999999997,1936.3499999999997,0.0,-1063.6500000000003,0
2026-03-22T18:16:02.752457,1936.3499999999997,1936.3499999999997,0.0,-1063.6500000000003,0
2026-03-22T18:16:03.794488,1936.3499999999997,1936.3499999999997,0.0,-1063.6500000000003,0
2026-03-22T18:16:04.827697,1936.3499999999997,1936.3499999999997,0.0,-1063.6500000000003,0
2026-03-22T18:16:05.863494,1936.3499999999997,1936.3499999999997,0.0,-1063.6500000000003,0
2026-03-22T18:16:06.941820,1936.3499999999997,1936.3499999999997,0.0,-1063.6500000000003,0
2026-03-22T18:16:07.976445,1936.3499999999997,1936.3499999999997,0.0,-1063.6500000000003,0
2026-03-22T18:16:09.009846,1936.3499999999997,1936.3499999999997,0.0,-1063.6500000000003,0
2026-03-22T18:16:10.043298,1936.3499999999997,1936.3499999999997,0.0,-1063.6500000000003,0
2026-03-22T18:16:11.076011,1936.3499999999997,1936.3499999999997,0.0,-1063.6500000000003,0
2026-03-22T18:16:12.095859,1936.3499999999997,1936.3499999999997,0.0,-1063.6500000000003,0
2026-03-22T18:16:13.115252,1936.3499999999997,1936.3499999999997,0.0,-1063.6500000000003,0
2026-03-22T18:16:14.159317,1936.3499999999997,1936.3499999999997,0.0,-1063.6500000000003,0
2026-03-22T18:16:15.193640,1936.3499999999997,1936.3499999999997,0.0,-1063.6500000000003,0
2026-03-22T18:16:16.232532,1936.3499999999997,1936.3499999999997,0.0,-1063.6500000000003,0
2026-03-22T18:16:17.258151,1936.3499999999997,1936.3499999999997,0.0,-1063.6500000000003,0
2026-03-22T18:16:18.298489,1936.3499999999997,1936.3499999999997,0.0,-1063.6500000000003,0
2026-03-22T18:16:19.330463,1936.3499999999997,1936.3499999999997,0.0,-1063.6500000000003,0
2026-03-22T18:16:20.352255,1936.3499999999997,1936.3499999999997,0.0,-1063.6500000000003,0
2026-03-22T18:16:21.378534,1936.3499999999997,1936.3499999999997,0.0,-1063.6500000000003,0
2026-03-22T18:16:22.411957,1936.3499999999997,1936.3499999999997,0.0,-1063.6500000000003,0
2026-03-22T18:16:23.460404,1936.3499999999997,1936.3499999999997,0.0,-1063.6500000000003,0
2026-03-22T18:16:24.501664,1936.3499999999997,1936.3499999999997,0.0,-1063.6500000000003,0
2026-03-22T18:16:25.535273,1936.3499999999997,1936.3499999999997,0.0,-1063.6500000000003,0
2026-03-22T18:16:26.567906,1936.3499999999997,1936.3499999999997,0.0,-1063.6500000000003,0
2026-03-22T18:16:27.590407,1936.3499999999997,1839.5499999999997,96.79999999999998,-1063.6500000000003,0
2026-03-22T18:16:28.626090,1936.3499999999997,1839.5499999999997,96.79999999999998,-1063.6500000000003,0
2026-03-22T18:16:29.646583,1935.3999999999996,1838.5999999999997,96.79999999999998,-1064.6000000000004,0.0
2026-03-22T18:16:30.715601,1935.3999999999996,1838.5999999999997,96.79999999999998,-1064.6000000000004,0.0
2026-03-22T18:16:31.744980,1935.3999999999996,1838.5999999999997,96.79999999999998,-1064.6000000000004,0.0
2026-03-22T18:16:32.777177,1935.3999999999996,1838.5999999999997,96.79999999999998,-1064.6000000000004,0.0
2026-03-22T18:16:33.837398,1935.3999999999996,1838.5999999999997,96.79999999999998,-1064.6000000000004,0.0
2026-03-22T18:16:34.871050,1935.3999999999996,1838.5999999999997,96.79999999999998,-1064.6000000000004,0.0
2026-03-22T18:16:35.893684,1935.3999999999996,1838.5999999999997,96.79999999999998,-1064.6000000000004,0.0
2026-03-22T18:16:36.931910,1935.3999999999996,1838.5999999999997,96.79999999999998,-1064.6000000000004,0.0
2026-03-22T18:16:37.955521,1935.3999999999996,1838.5999999999997,96.79999999999998,-1064.6000000000004,0.0
2026-03-22T18:16:38.985604,1935.3999999999996,1838.5999999999997,96.79999999999998,-1064.6000000000004,0.0
2026-03-22T18:16:40.025005,1935.3999999999996,1838.5999999999997,96.79999999999998,-1064.6000000000004,0.0
2026-03-22T18:16:41.053882,1935.3999999999996,1838.5999999999997,96.79999999999998,-1064.6000000000004,0.0
2026-03-22T18:16:42.089050,1935.3999999999996,1838.5999999999997,96.79999999999998,-1064.6000000000004,0.0
2026-03-22T18:16:43.121642,1926.5999999999997,1838.5999999999997,96.79999999999998,-1064.6000000000004,-8.799999999999983
2026-03-22T18:16:44.160103,1926.5999999999997,1838.5999999999997,96.79999999999998,-1064.6000000000004,-8.799999999999983
2026-03-22T18:16:45.192964,1926.5999999999997,1838.5999999999997,96.79999999999998,-1064.6000000000004,-8.799999999999983
2026-03-22T18:16:46.213618,1926.5999999999997,1838.5999999999997,96.79999999999998,-1064.6000000000004,-8.799999999999983
2026-03-22T18:16:47.239544,1926.5999999999997,1838.5999999999997,96.79999999999998,-1064.6000000000004,-8.799999999999983
2026-03-22T18:16:48.264827,1926.5999999999997,1838.5999999999997,96.79999999999998,-1064.6000000000004,-8.799999999999983
2026-03-22T18:16:49.306517,1926.5999999999997,1838.5999999999997,96.79999999999998,-1064.6000000000004,-8.799999999999983
2026-03-22T18:16:50.334623,1926.5999999999997,1838.5999999999997,96.79999999999998,-1064.6000000000004,-8.799999999999983
2026-03-22T18:16:51.357623,1926.5999999999997,1838.5999999999997,96.79999999999998,-1064.6000000000004,-8.799999999999983
2026-03-22T18:16:52.384584,1926.5999999999997,1838.5999999999997,96.79999999999998,-1064.6000000000004,-8.799999999999983
2026-03-22T18:16:53.456752,1926.5999999999997,1838.5999999999997,96.79999999999998,-1064.6000000000004,-8.799999999999983
2026-03-22T18:16:54.488385,1926.5999999999997,1838.5999999999997,96.79999999999998,-1064.6000000000004,-8.799999999999983
2026-03-22T18:16:55.517107,1926.5999999999997,1838.5999999999997,96.79999999999998,-1064.6000000000004,-8.799999999999983
2026-03-22T18:16:56.542923,1926.5999999999997,1838.5999999999997,96.79999999999998,-1064.6000000000004,-8.799999999999983
2026-03-22T18:16:57.567674,1926.5999999999997,1838.5999999999997,96.79999999999998,-1064.6000000000004,-8.799999999999983
2026-03-22T18:16:58.593141,1926.5999999999997,1838.5999999999997,96.79999999999998,-1064.6000000000004,-8.799999999999983
2026-03-22T18:16:59.614249,1926.5999999999997,1838.5999999999997,96.79999999999998,-1064.6000000000004,-8.799999999999983
2026-03-22T18:17:00.679903,1926.5999999999997,1838.5999999999997,96.79999999999998,-1064.6000000000004,-8.799999999999983
2026-03-22T18:17:01.727553,1919.9999999999995,1919.9999999999995,0.0,-1080.0000000000005,0
2026-03-22T18:17:02.763875,1919.9999999999995,1919.9999999999995,0.0,-1080.0000000000005,0
2026-03-22T18:17:03.793224,1919.9999999999995,1919.9999999999995,0.0,-1080.0000000000005,0
2026-03-22T18:17:04.826169,1919.9999999999995,1919.9999999999995,0.0,-1080.0000000000005,0
2026-03-22T18:17:05.851389,1919.9999999999995,1919.9999999999995,0.0,-1080.0000000000005,0
2026-03-22T18:17:06.881922,1919.9999999999995,1919.9999999999995,0.0,-1080.0000000000005,0
2026-03-22T18:17:07.930689,1919.9999999999995,1919.9999999999995,0.0,-1080.0000000000005,0
2026-03-22T18:17:08.957936,1919.9999999999995,1919.9999999999995,0.0,-1080.0000000000005,0
2026-03-22T18:17:09.979291,1919.9999999999995,1919.9999999999995,0.0,-1080.0000000000005,0
2026-03-22T18:17:11.018201,1919.9999999999995,1919.9999999999995,0.0,-1080.0000000000005,0
2026-03-22T18:17:12.039976,1919.9999999999995,1919.9999999999995,0.0,-1080.0000000000005,0
2026-03-22T18:17:13.065480,1919.9999999999995,1919.9999999999995,0.0,-1080.0000000000005,0
2026-03-22T18:17:14.101205,1919.9999999999995,1919.9999999999995,0.0,-1080.0000000000005,0
2026-03-22T18:17:15.134797,1919.9999999999995,1919.9999999999995,0.0,-1080.0000000000005,0
2026-03-22T18:17:16.168615,1919.9999999999995,1919.9999999999995,0.0,-1080.0000000000005,0
2026-03-22T18:17:17.201309,1919.9999999999995,1919.9999999999995,0.0,-1080.0000000000005,0
2026-03-22T18:17:18.232597,1919.9999999999995,1919.9999999999995,0.0,-1080.0000000000005,0
2026-03-22T18:17:19.257597,1919.9999999999995,1919.9999999999995,0.0,-1080.0000000000005,0
2026-03-22T18:17:20.280349,1919.9999999999995,1919.9999999999995,0.0,-1080.0000000000005,0
2026-03-22T18:17:21.305418,1919.9999999999995,1919.9999999999995,0.0,-1080.0000000000005,0
2026-03-22T18:17:22.330343,1919.9999999999995,1919.9999999999995,0.0,-1080.0000000000005,0
2026-03-22T18:17:23.353268,1919.9999999999995,1919.9999999999995,0.0,-1080.0000000000005,0
2026-03-22T18:17:24.373633,1919.9999999999995,1919.9999999999995,0.0,-1080.0000000000005,0
2026-03-22T18:17:25.398282,1919.9999999999995,1919.9999999999995,0.0,-1080.0000000000005,0
2026-03-22T18:17:26.426423,1919.9999999999995,1919.9999999999995,0.0,-1080.0000000000005,0
2026-03-22T18:17:27.460494,1919.9999999999995,1919.9999999999995,0.0,-1080.0000000000005,0
2026-03-22T18:17:28.501402,1919.9999999999995,1919.9999999999995,0.0,-1080.0000000000005,0
2026-03-22T18:17:29.543331,1919.9999999999995,1919.9999999999995,0.0,-1080.0000000000005,0
2026-03-22T18:17:30.568855,1919.9999999999995,1919.9999999999995,0.0,-1080.0000000000005,0
2026-03-22T18:17:31.592658,1919.9999999999995,1919.9999999999995,0.0,-1080.0000000000005,0
2026-03-22T18:17:32.631866,1919.9999999999995,1919.9999999999995,0.0,-1080.0000000000005,0
2026-03-22T18:17:33.666000,1919.9999999999995,1919.9999999999995,0.0,-1080.0000000000005,0
2026-03-22T18:17:34.698778,1919.9999999999995,1919.9999999999995,0.0,-1080.0000000000005,0
2026-03-22T18:17:35.722421,1919.9999999999995,1919.9999999999995,0.0,-1080.0000000000005,0
2026-03-22T18:17:36.768810,1919.9999999999995,1919.9999999999995,0.0,-1080.0000000000005,0
2026-03-22T18:17:37.801172,1919.9999999999995,1919.9999999999995,0.0,-1080.0000000000005,0
2026-03-22T18:17:38.841486,1919.9999999999995,1919.9999999999995,0.0,-1080.0000000000005,0
2026-03-22T18:17:39.898702,1919.9999999999995,1919.9999999999995,0.0,-1080.0000000000005,0
2026-03-22T18:17:40.941971,1919.9999999999995,1919.9999999999995,0.0,-1080.0000000000005,0
2026-03-22T18:17:42.003378,1919.9999999999995,1919.9999999999995,0.0,-1080.0000000000005,0
2026-03-22T18:17:43.023049,1919.9999999999995,1919.9999999999995,0.0,-1080.0000000000005,0
2026-03-22T18:17:44.049625,1919.9999999999995,1919.9999999999995,0.0,-1080.0000000000005,0
2026-03-22T18:17:45.076003,1919.9999999999995,1919.9999999999995,0.0,-1080.0000000000005,0
2026-03-22T18:17:46.101894,1919.9999999999995,1919.9999999999995,0.0,-1080.0000000000005,0
2026-03-22T18:17:47.143905,1919.9999999999995,1919.9999999999995,0.0,-1080.0000000000005,0
2026-03-22T18:17:48.177158,1919.9999999999995,1919.9999999999995,0.0,-1080.0000000000005,0
2026-03-22T18:17:49.202193,1919.9999999999995,1919.9999999999995,0.0,-1080.0000000000005,0
2026-03-22T18:17:50.233003,1919.9999999999995,1919.9999999999995,0.0,-1080.0000000000005,0
2026-03-22T18:17:51.260079,1919.9999999999995,1919.9999999999995,0.0,-1080.0000000000005,0
2026-03-22T18:17:52.286124,1919.9999999999995,1919.9999999999995,0.0,-1080.0000000000005,0
2026-03-22T18:17:53.309782,1919.9999999999995,1919.9999999999995,0.0,-1080.0000000000005,0
2026-03-22T18:17:54.335189,1919.9999999999995,1919.9999999999995,0.0,-1080.0000000000005,0
2026-03-22T18:17:55.369478,1919.9999999999995,1919.9999999999995,0.0,-1080.0000000000005,0
2026-03-22T18:17:56.404168,1919.9999999999995,1919.9999999999995,0.0,-1080.0000000000005,0
2026-03-22T18:17:57.432597,1919.9999999999995,1919.9999999999995,0.0,-1080.0000000000005,0
2026-03-22T18:17:58.472641,1919.9999999999995,1919.9999999999995,0.0,-1080.0000000000005,0
2026-03-22T18:17:59.521584,1919.9999999999995,1919.9999999999995,0.0,-1080.0000000000005,0
2026-03-22T18:18:00.548671,1919.9999999999995,1919.9999999999995,0.0,-1080.0000000000005,0
2026-03-22T18:18:01.577751,1919.9999999999995,1919.9999999999995,0.0,-1080.0000000000005,0
2026-03-22T18:18:02.613109,1919.9999999999995,1919.9999999999995,0.0,-1080.0000000000005,0
2026-03-22T18:18:03.682979,1919.9999999999995,1919.9999999999995,0.0,-1080.0000000000005,0
2026-03-22T18:18:04.724262,1919.9999999999995,1919.9999999999995,0.0,-1080.0000000000005,0
2026-03-22T18:18:05.751784,1919.9999999999995,1919.9999999999995,0.0,-1080.0000000000005,0
2026-03-22T18:18:06.785276,1919.9999999999995,1919.9999999999995,0.0,-1080.0000000000005,0
2026-03-22T18:18:07.827344,1919.9999999999995,1919.9999999999995,0.0,-1080.0000000000005,0
2026-03-22T18:18:08.851536,1919.9999999999995,1919.9999999999995,0.0,-1080.0000000000005,0
2026-03-22T18:18:09.885591,1919.9999999999995,1919.9999999999995,0.0,-1080.0000000000005,0
2026-03-22T18:18:10.918123,1919.9999999999995,1919.9999999999995,0.0,-1080.0000000000005,0
2026-03-22T18:18:11.942564,1919.9999999999995,1919.9999999999995,0.0,-1080.0000000000005,0
2026-03-22T18:18:12.968019,1919.9999999999995,1919.9999999999995,0.0,-1080.0000000000005,0
2026-03-22T18:18:13.993679,1919.9999999999995,1919.9999999999995,0.0,-1080.0000000000005,0
2026-03-22T18:18:15.032632,1919.9999999999995,1919.9999999999995,0.0,-1080.0000000000005,0
2026-03-22T18:18:16.077189,1919.9999999999995,1919.9999999999995,0.0,-1080.0000000000005,0
2026-03-22T18:18:17.108032,1919.9999999999995,1919.9999999999995,0.0,-1080.0000000000005,0
2026-03-22T18:18:18.148230,1919.9999999999995,1919.9999999999995,0.0,-1080.0000000000005,0
2026-03-22T18:18:19.180112,1919.9999999999995,1919.9999999999995,0.0,-1080.0000000000005,0
2026-03-22T18:18:20.213001,1919.9999999999995,1919.9999999999995,0.0,-1080.0000000000005,0
2026-03-22T18:18:21.235509,1919.9999999999995,1919.9999999999995,0.0,-1080.0000000000005,0
2026-03-22T18:18:22.261785,1919.9999999999995,1919.9999999999995,0.0,-1080.0000000000005,0
2026-03-22T18:18:23.291064,1919.9999999999995,1919.9999999999995,0.0,-1080.0000000000005,0
2026-03-22T18:18:24.312595,1919.9999999999995,1919.9999999999995,0.0,-1080.0000000000005,0
2026-03-22T18:18:25.346128,1919.9999999999995,1919.9999999999995,0.0,-1080.0000000000005,0
2026-03-22T18:18:26.406366,1919.9999999999995,1919.9999999999995,0.0,-1080.0000000000005,0
2026-03-22T18:18:27.426773,1919.9999999999995,1919.9999999999995,0.0,-1080.0000000000005,0
2026-03-22T18:18:28.458603,1919.9999999999995,1919.9999999999995,0.0,-1080.0000000000005,0
2026-03-22T18:18:29.485631,1919.9999999999995,1919.9999999999995,0.0,-1080.0000000000005,0
2026-03-22T18:18:30.506526,1919.9999999999995,1919.9999999999995,0.0,-1080.0000000000005,0
2026-03-22T18:18:31.535760,1919.9999999999995,1919.9999999999995,0.0,-1080.0000000000005,0
2026-03-22T18:18:32.568192,1919.9999999999995,1919.9999999999995,0.0,-1080.0000000000005,0
2026-03-22T18:18:33.603993,1919.9999999999995,1919.9999999999995,0.0,-1080.0000000000005,0
2026-03-22T18:18:34.623354,1919.9999999999995,1919.9999999999995,0.0,-1080.0000000000005,0
2026-03-22T18:18:35.672579,1919.9999999999995,1919.9999999999995,0.0,-1080.0000000000005,0
2026-03-22T18:18:36.700125,1919.9999999999995,1919.9999999999995,0.0,-1080.0000000000005,0
2026-03-22T18:18:37.728460,1919.9999999999995,1919.9999999999995,0.0,-1080.0000000000005,0
2026-03-22T18:18:38.752183,1919.9999999999995,1919.9999999999995,0.0,-1080.0000000000005,0
2026-03-22T18:18:39.777428,1919.9999999999995,1919.9999999999995,0.0,-1080.0000000000005,0
2026-03-22T18:18:40.809072,1919.9999999999995,1919.9999999999995,0.0,-1080.0000000000005,0
2026-03-22T18:18:41.848569,1919.9999999999995,1919.9999999999995,0.0,-1080.0000000000005,0
2026-03-22T18:18:42.886873,1919.9999999999995,1919.9999999999995,0.0,-1080.0000000000005,0
2026-03-22T18:18:43.926523,1919.9999999999995,1919.9999999999995,0.0,-1080.0000000000005,0
2026-03-22T18:18:44.953749,1919.9999999999995,1919.9999999999995,0.0,-1080.0000000000005,0
2026-03-22T18:18:45.974682,1919.9999999999995,1919.9999999999995,0.0,-1080.0000000000005,0
2026-03-22T18:18:47.019956,1919.9999999999995,1919.9999999999995,0.0,-1080.0000000000005,0
2026-03-22T18:18:48.077482,1919.9999999999995,1919.9999999999995,0.0,-1080.0000000000005,0
2026-03-22T18:18:49.174424,1919.9999999999995,1919.9999999999995,0.0,-1080.0000000000005,0
2026-03-22T18:18:50.213113,1919.9999999999995,1919.9999999999995,0.0,-1080.0000000000005,0
2026-03-22T18:18:51.259856,1919.9999999999995,1919.9999999999995,0.0,-1080.0000000000005,0
2026-03-22T18:18:52.294231,1919.9999999999995,1919.9999999999995,0.0,-1080.0000000000005,0
2026-03-22T18:18:53.315836,1919.9999999999995,1919.9999999999995,0.0,-1080.0000000000005,0
2026-03-22T18:18:54.341652,1919.9999999999995,1919.9999999999995,0.0,-1080.0000000000005,0
2026-03-22T18:18:55.376656,1919.9999999999995,1919.9999999999995,0.0,-1080.0000000000005,0
2026-03-22T18:18:56.401220,1919.9999999999995,1919.9999999999995,0.0,-1080.0000000000005,0
2026-03-22T18:18:57.426604,1919.9999999999995,1919.9999999999995,0.0,-1080.0000000000005,0
2026-03-22T18:18:58.458533,1919.9999999999995,1919.9999999999995,0.0,-1080.0000000000005,0
2026-03-22T18:18:59.493202,1919.9999999999995,1919.9999999999995,0.0,-1080.0000000000005,0
2026-03-22T18:19:00.519020,1919.9999999999995,1919.9999999999995,0.0,-1080.0000000000005,0
2026-03-22T18:19:01.556234,1919.9999999999995,1919.9999999999995,0.0,-1080.0000000000005,0
2026-03-22T18:19:02.582133,1919.9999999999995,1919.9999999999995,0.0,-1080.0000000000005,0
2026-03-22T18:19:03.616551,1919.9999999999995,1919.9999999999995,0.0,-1080.0000000000005,0
2026-03-22T18:19:04.640549,1919.9999999999995,1919.9999999999995,0.0,-1080.0000000000005,0
2026-03-22T18:19:05.682783,1919.9999999999995,1919.9999999999995,0.0,-1080.0000000000005,0
2026-03-22T18:19:06.709913,1919.9999999999995,1919.9999999999995,0.0,-1080.0000000000005,0
2026-03-22T18:19:07.746917,1919.9999999999995,1919.9999999999995,0.0,-1080.0000000000005,0
2026-03-22T18:19:08.776291,1919.9999999999995,1919.9999999999995,0.0,-1080.0000000000005,0
2026-03-22T18:19:09.806329,1919.9999999999995,1919.9999999999995,0.0,-1080.0000000000005,0
2026-03-22T18:19:10.830363,1919.9999999999995,1919.9999999999995,0.0,-1080.0000000000005,0
2026-03-22T18:19:11.898304,1919.9999999999995,1919.9999999999995,0.0,-1080.0000000000005,0
2026-03-22T18:19:12.930114,1919.9999999999995,1919.9999999999995,0.0,-1080.0000000000005,0
2026-03-22T18:19:13.950786,1919.9999999999995,1919.9999999999995,0.0,-1080.0000000000005,0
2026-03-22T18:19:14.965714,1919.9999999999995,1919.9999999999995,0.0,-1080.0000000000005,0
2026-03-22T18:19:16.008434,1919.9999999999995,1919.9999999999995,0.0,-1080.0000000000005,0
2026-03-22T18:19:17.043090,1919.9999999999995,1919.9999999999995,0.0,-1080.0000000000005,0
2026-03-22T18:19:18.076191,1919.9999999999995,1919.9999999999995,0.0,-1080.0000000000005,0
2026-03-22T18:19:19.100795,1919.9999999999995,1919.9999999999995,0.0,-1080.0000000000005,0
2026-03-22T18:19:20.118307,1919.9999999999995,1919.9999999999995,0.0,-1080.0000000000005,0
2026-03-22T18:19:21.159568,1919.9999999999995,1919.9999999999995,0.0,-1080.0000000000005,0
2026-03-22T18:19:22.185947,1919.9999999999995,1919.9999999999995,0.0,-1080.0000000000005,0
2026-03-22T18:19:23.216750,1919.9999999999995,1919.9999999999995,0.0,-1080.0000000000005,0
2026-03-22T18:19:24.242830,1919.9999999999995,1919.9999999999995,0.0,-1080.0000000000005,0
2026-03-22T18:19:25.264566,1919.9999999999995,1919.9999999999995,0.0,-1080.0000000000005,0
2026-03-22T18:19:26.293057,1919.9999999999995,1919.9999999999995,0.0,-1080.0000000000005,0
2026-03-22T18:19:27.328133,1919.9999999999995,1919.9999999999995,0.0,-1080.0000000000005,0
2026-03-22T18:19:28.360729,1919.9999999999995,1919.9999999999995,0.0,-1080.0000000000005,0
2026-03-22T18:19:29.392985,1919.9999999999995,1919.9999999999995,0.0,-1080.0000000000005,0
2026-03-22T18:19:30.422190,1919.9999999999995,1919.9999999999995,0.0,-1080.0000000000005,0
2026-03-22T18:19:31.442565,1919.9999999999995,1919.9999999999995,0.0,-1080.0000000000005,0
2026-03-22T18:19:32.464857,1919.9999999999995,1919.9999999999995,0.0,-1080.0000000000005,0
2026-03-22T18:19:33.499859,1919.9999999999995,1919.9999999999995,0.0,-1080.0000000000005,0
2026-03-22T18:19:34.581437,1919.9999999999995,1919.9999999999995,0.0,-1080.0000000000005,0
2026-03-22T18:19:35.617797,1919.9999999999995,1919.9999999999995,0.0,-1080.0000000000005,0
2026-03-22T18:19:36.638924,1919.9999999999995,1919.9999999999995,0.0,-1080.0000000000005,0
2026-03-22T18:19:37.668026,1919.9999999999995,1919.9999999999995,0.0,-1080.0000000000005,0
2026-03-22T18:19:38.690845,1919.9999999999995,1919.9999999999995,0.0,-1080.0000000000005,0
2026-03-22T18:19:39.723598,1919.9999999999995,1919.9999999999995,0.0,-1080.0000000000005,0
2026-03-22T18:19:40.759291,1919.9999999999995,1919.9999999999995,0.0,-1080.0000000000005,0
2026-03-22T18:19:41.789335,1919.9999999999995,1919.9999999999995,0.0,-1080.0000000000005,0
2026-03-22T18:19:42.818284,1919.9999999999995,1919.9999999999995,0.0,-1080.0000000000005,0
2026-03-22T18:19:43.840557,1919.9999999999995,1919.9999999999995,0.0,-1080.0000000000005,0
2026-03-22T18:19:44.868317,1919.9999999999995,1919.9999999999995,0.0,-1080.0000000000005,0
2026-03-22T18:19:45.901988,1919.9999999999995,1919.9999999999995,0.0,-1080.0000000000005,0
2026-03-22T18:19:46.936795,1919.9999999999995,1919.9999999999995,0.0,-1080.0000000000005,0
2026-03-22T18:19:47.968331,1919.9999999999995,1919.9999999999995,0.0,-1080.0000000000005,0
2026-03-22T18:19:49.001170,1919.9999999999995,1919.9999999999995,0.0,-1080.0000000000005,0
2026-03-22T18:19:50.034659,1919.9999999999995,1919.9999999999995,0.0,-1080.0000000000005,0
2026-03-22T18:19:51.068415,1919.9999999999995,1919.9999999999995,0.0,-1080.0000000000005,0
2026-03-22T18:19:52.109157,1919.9999999999995,1919.9999999999995,0.0,-1080.0000000000005,0
2026-03-22T18:19:53.142944,1919.9999999999995,1919.9999999999995,0.0,-1080.0000000000005,0
2026-03-22T18:19:54.176059,1919.9999999999995,1919.9999999999995,0.0,-1080.0000000000005,0
2026-03-22T18:19:55.205272,1919.9999999999995,1919.9999999999995,0.0,-1080.0000000000005,0
2026-03-22T18:19:56.250803,1919.9999999999995,1919.9999999999995,0.0,-1080.0000000000005,0
2026-03-22T18:19:57.342710,1919.9999999999995,1919.9999999999995,0.0,-1080.0000000000005,0
2026-03-22T18:19:58.377677,1919.9999999999995,1919.9999999999995,0.0,-1080.0000000000005,0
2026-03-22T18:19:59.410455,1919.9999999999995,1919.9999999999995,0.0,-1080.0000000000005,0
2026-03-22T18:20:00.435415,1919.9999999999995,1919.9999999999995,0.0,-1080.0000000000005,0
2026-03-22T18:20:01.468376,1919.9999999999995,1919.9999999999995,0.0,-1080.0000000000005,0
2026-03-22T18:20:02.503047,1919.9999999999995,1919.9999999999995,0.0,-1080.0000000000005,0
2026-03-22T18:20:03.534113,1919.9999999999995,1919.9999999999995,0.0,-1080.0000000000005,0
2026-03-22T18:20:04.557011,1919.9999999999995,1919.9999999999995,0.0,-1080.0000000000005,0
2026-03-22T18:20:05.597819,1919.9999999999995,1919.9999999999995,0.0,-1080.0000000000005,0
2026-03-22T18:20:06.634060,1919.9999999999995,1919.9999999999995,0.0,-1080.0000000000005,0
2026-03-22T18:20:07.665198,1919.9999999999995,1919.9999999999995,0.0,-1080.0000000000005,0
2026-03-22T18:20:08.701793,1919.9999999999995,1919.9999999999995,0.0,-1080.0000000000005,0
2026-03-22T18:20:09.725894,1919.9999999999995,1919.9999999999995,0.0,-1080.0000000000005,0
2026-03-22T18:20:10.752325,1919.9999999999995,1919.9999999999995,0.0,-1080.0000000000005,0
2026-03-22T18:20:11.776131,1919.9999999999995,1919.9999999999995,0.0,-1080.0000000000005,0
2026-03-22T18:20:12.801435,1919.9999999999995,1919.9999999999995,0.0,-1080.0000000000005,0
2026-03-22T18:20:13.826586,1919.9999999999995,1919.9999999999995,0.0,-1080.0000000000005,0
2026-03-22T18:20:14.861298,1919.9999999999995,1919.9999999999995,0.0,-1080.0000000000005,0
2026-03-22T18:20:15.902377,1919.9999999999995,1919.9999999999995,0.0,-1080.0000000000005,0
2026-03-22T18:20:16.935216,1919.9999999999995,1919.9999999999995,0.0,-1080.0000000000005,0
2026-03-22T18:20:17.967525,1919.9999999999995,1919.9999999999995,0.0,-1080.0000000000005,0
2026-03-22T18:20:19.003272,1919.9999999999995,1919.9999999999995,0.0,-1080.0000000000005,0
2026-03-22T18:20:20.093250,1919.9999999999995,1919.9999999999995,0.0,-1080.0000000000005,0
2026-03-22T18:20:21.126077,1919.9999999999995,1919.9999999999995,0.0,-1080.0000000000005,0
2026-03-22T18:20:22.151491,1919.9999999999995,1919.9999999999995,0.0,-1080.0000000000005,0
2026-03-22T18:20:23.183118,1919.9999999999995,1919.9999999999995,0.0,-1080.0000000000005,0
2026-03-22T18:20:24.214378,1919.9999999999995,1919.9999999999995,0.0,-1080.0000000000005,0
2026-03-22T18:20:25.243444,1919.9999999999995,1919.9999999999995,0.0,-1080.0000000000005,0
2026-03-22T18:20:26.269954,1919.9999999999995,1919.9999999999995,0.0,-1080.0000000000005,0
2026-03-22T18:20:27.299641,1919.9999999999995,1919.9999999999995,0.0,-1080.0000000000005,0
2026-03-22T18:20:28.327044,1919.9999999999995,1919.9999999999995,0.0,-1080.0000000000005,0
2026-03-22T18:20:29.368770,1919.9999999999995,1919.9999999999995,0.0,-1080.0000000000005,0
2026-03-22T18:20:30.393882,1919.9999999999995,1919.9999999999995,0.0,-1080.0000000000005,0
2026-03-22T18:20:31.418112,1919.9999999999995,1919.9999999999995,0.0,-1080.0000000000005,0
2026-03-22T18:20:32.441363,1919.9999999999995,1919.9999999999995,0.0,-1080.0000000000005,0
2026-03-22T18:20:33.475718,1919.9999999999995,1919.9999999999995,0.0,-1080.0000000000005,0
2026-03-22T18:20:34.502555,1919.9999999999995,1919.9999999999995,0.0,-1080.0000000000005,0
2026-03-22T18:20:35.539697,1919.9999999999995,1919.9999999999995,0.0,-1080.0000000000005,0
2026-03-22T18:20:36.564852,1919.9999999999995,1919.9999999999995,0.0,-1080.0000000000005,0
2026-03-22T18:20:37.591023,1919.9999999999995,1919.9999999999995,0.0,-1080.0000000000005,0
2026-03-22T18:20:38.616764,1919.9999999999995,1919.9999999999995,0.0,-1080.0000000000005,0
2026-03-22T18:20:39.642658,1919.9999999999995,1919.9999999999995,0.0,-1080.0000000000005,0
2026-03-22T18:20:40.676731,1919.9999999999995,1919.9999999999995,0.0,-1080.0000000000005,0
2026-03-22T18:20:41.711024,1919.9999999999995,1919.9999999999995,0.0,-1080.0000000000005,0
2026-03-22T18:20:42.743088,1919.9999999999995,1919.9999999999995,0.0,-1080.0000000000005,0
2026-03-22T18:20:43.817936,1919.9999999999995,1919.9999999999995,0.0,-1080.0000000000005,0
2026-03-22T18:20:44.849941,1919.9999999999995,1919.9999999999995,0.0,-1080.0000000000005,0
2026-03-22T18:20:45.875788,1919.9999999999995,1919.9999999999995,0.0,-1080.0000000000005,0
2026-03-22T18:20:46.902349,1919.9999999999995,1919.9999999999995,0.0,-1080.0000000000005,0
2026-03-22T18:20:47.935446,1919.9999999999995,1919.9999999999995,0.0,-1080.0000000000005,0
2026-03-22T18:20:48.969402,1919.9999999999995,1919.9999999999995,0.0,-1080.0000000000005,0
2026-03-22T18:20:49.999791,1919.9999999999995,1919.9999999999995,0.0,-1080.0000000000005,0
2026-03-22T18:20:51.026073,1919.9999999999995,1919.9999999999995,0.0,-1080.0000000000005,0
2026-03-22T18:20:52.051699,1919.9999999999995,1919.9999999999995,0.0,-1080.0000000000005,0
2026-03-22T18:20:53.084456,1919.9999999999995,1919.9999999999995,0.0,-1080.0000000000005,0
2026-03-22T18:20:54.110132,1919.9999999999995,1919.9999999999995,0.0,-1080.0000000000005,0
2026-03-22T18:20:55.142216,1919.9999999999995,1919.9999999999995,0.0,-1080.0000000000005,0
2026-03-22T18:20:56.176519,1919.9999999999995,1919.9999999999995,0.0,-1080.0000000000005,0
2026-03-22T18:20:57.202245,1919.9999999999995,1919.9999999999995,0.0,-1080.0000000000005,0
2026-03-22T18:20:58.243215,1919.9999999999995,1919.9999999999995,0.0,-1080.0000000000005,0
2026-03-22T18:20:59.266467,1919.9999999999995,1919.9999999999995,0.0,-1080.0000000000005,0
2026-03-22T18:21:00.299373,1919.9999999999995,1919.9999999999995,0.0,-1080.0000000000005,0
2026-03-22T18:21:01.342586,1919.9999999999995,1919.9999999999995,0.0,-1080.0000000000005,0
2026-03-22T18:21:02.377807,1919.9999999999995,1919.9999999999995,0.0,-1080.0000000000005,0
2026-03-22T18:21:03.408076,1919.9999999999995,1919.9999999999995,0.0,-1080.0000000000005,0
2026-03-22T18:21:04.434071,1919.9999999999995,1919.9999999999995,0.0,-1080.0000000000005,0
2026-03-22T18:21:05.479522,1919.9999999999995,1824.7699999999995,95.23,-1080.0000000000005,0
2026-03-22T18:21:06.518528,1919.9999999999995,1824.7699999999995,95.23,-1080.0000000000005,0
2026-03-22T18:21:07.559886,1919.9999999999995,1824.7699999999995,95.23,-1080.0000000000005,0
2026-03-22T18:21:08.592577,1919.9999999999995,1824.7699999999995,95.23,-1080.0000000000005,0
2026-03-22T18:21:09.618576,1919.9999999999995,1824.7699999999995,95.23,-1080.0000000000005,0
2026-03-22T18:21:10.642855,1919.8099999999995,1824.5799999999995,95.23,-1080.1900000000005,0.0
2026-03-22T18:21:11.685074,1919.8099999999995,1824.5799999999995,95.23,-1080.1900000000005,0.0
2026-03-22T18:21:12.709097,1919.8099999999995,1824.5799999999995,95.23,-1080.1900000000005,0.0
2026-03-22T18:21:13.734391,1919.8099999999995,1824.5799999999995,95.23,-1080.1900000000005,0.0
2026-03-22T18:21:14.768156,1919.8099999999995,1824.5799999999995,95.23,-1080.1900000000005,0.0
2026-03-22T18:21:15.807162,1919.8099999999995,1824.5799999999995,95.23,-1080.1900000000005,0.0
2026-03-22T18:21:16.834731,1919.8099999999995,1824.5799999999995,95.23,-1080.1900000000005,0.0
2026-03-22T18:21:17.857909,1919.8099999999995,1824.5799999999995,95.23,-1080.1900000000005,0.0
2026-03-22T18:21:18.884304,1919.8099999999995,1824.5799999999995,95.23,-1080.1900000000005,0.0
2026-03-22T18:21:19.909609,1919.8099999999995,1824.5799999999995,95.23,-1080.1900000000005,0.0
2026-03-22T18:21:20.932884,1919.8099999999995,1824.5799999999995,95.23,-1080.1900000000005,0.0
2026-03-22T18:21:21.961521,1919.8099999999995,1824.5799999999995,95.23,-1080.1900000000005,0.0
2026-03-22T18:21:22.984723,1919.8099999999995,1824.5799999999995,95.23,-1080.1900000000005,0.0
2026-03-22T18:21:24.009515,1919.8099999999995,1824.5799999999995,95.23,-1080.1900000000005,0.0
2026-03-22T18:21:25.042833,1920.8799999999994,1824.5799999999995,95.23,-1080.1900000000005,1.070000000000001
2026-03-22T18:21:26.068033,1920.8799999999994,1824.5799999999995,95.23,-1080.1900000000005,1.070000000000001
2026-03-22T18:21:27.101961,1920.8799999999994,1824.5799999999995,95.23,-1080.1900000000005,1.070000000000001
2026-03-22T18:21:28.152231,1920.8799999999994,1824.5799999999995,95.23,-1080.1900000000005,1.070000000000001
2026-03-22T18:21:29.217405,1920.8799999999994,1824.5799999999995,95.23,-1080.1900000000005,1.070000000000001
2026-03-22T18:21:30.251263,1920.8799999999994,1824.5799999999995,95.23,-1080.1900000000005,1.070000000000001
2026-03-22T18:21:31.276646,1920.8799999999994,1824.5799999999995,95.23,-1080.1900000000005,1.070000000000001
2026-03-22T18:21:32.301534,1920.8799999999994,1824.5799999999995,95.23,-1080.1900000000005,1.070000000000001
2026-03-22T18:21:33.342800,1920.8799999999994,1824.5799999999995,95.23,-1080.1900000000005,1.070000000000001
2026-03-22T18:21:34.368999,1920.8799999999994,1824.5799999999995,95.23,-1080.1900000000005,1.070000000000001
2026-03-22T18:21:35.401533,1920.8799999999994,1824.5799999999995,95.23,-1080.1900000000005,1.070000000000001
2026-03-22T18:21:36.459684,1920.8799999999994,1824.5799999999995,95.23,-1080.1900000000005,1.070000000000001
2026-03-22T18:21:37.484626,1920.8799999999994,1824.5799999999995,95.23,-1080.1900000000005,1.070000000000001
2026-03-22T18:21:38.543078,1920.8799999999994,1824.5799999999995,95.23,-1080.1900000000005,1.070000000000001
2026-03-22T18:21:39.575544,1920.8799999999994,1824.5799999999995,95.23,-1080.1900000000005,1.070000000000001
2026-03-22T18:21:40.610835,1920.8799999999994,1824.5799999999995,95.23,-1080.1900000000005,1.070000000000001
2026-03-22T18:21:41.652935,1920.8799999999994,1824.5799999999995,95.23,-1080.1900000000005,1.070000000000001
2026-03-22T18:21:42.692938,1920.8799999999994,1824.5799999999995,95.23,-1080.1900000000005,1.070000000000001
2026-03-22T18:21:43.726332,1920.8799999999994,1824.5799999999995,95.23,-1080.1900000000005,1.070000000000001
2026-03-22T18:21:44.766003,1831.4279999999994,1831.4279999999994,0.0,-1168.5720000000006,0
2026-03-22T18:21:45.791345,1831.4279999999994,1831.4279999999994,0.0,-1168.5720000000006,0
2026-03-22T18:21:46.825757,1831.4279999999994,1831.4279999999994,0.0,-1168.5720000000006,0
2026-03-22T18:21:47.849587,1831.4279999999994,1831.4279999999994,0.0,-1168.5720000000006,0
2026-03-22T18:21:48.881964,1831.4279999999994,1831.4279999999994,0.0,-1168.5720000000006,0
2026-03-22T18:21:49.910011,1831.4279999999994,1831.4279999999994,0.0,-1168.5720000000006,0
2026-03-22T18:21:50.960781,1831.4279999999994,1831.4279999999994,0.0,-1168.5720000000006,0
2026-03-22T18:21:52.034369,1831.4279999999994,1831.4279999999994,0.0,-1168.5720000000006,0
2026-03-22T18:21:53.058980,1831.4279999999994,1831.4279999999994,0.0,-1168.5720000000006,0
2026-03-22T18:21:54.086732,1831.4279999999994,1831.4279999999994,0.0,-1168.5720000000006,0
2026-03-22T18:21:55.117741,1831.4279999999994,1831.4279999999994,0.0,-1168.5720000000006,0
2026-03-22T18:21:56.140286,1831.4279999999994,1831.4279999999994,0.0,-1168.5720000000006,0
2026-03-22T18:21:57.174504,1831.4279999999994,1831.4279999999994,0.0,-1168.5720000000006,0
2026-03-22T18:21:58.200707,1831.4279999999994,1831.4279999999994,0.0,-1168.5720000000006,0
2026-03-22T18:21:59.217757,1831.4279999999994,1831.4279999999994,0.0,-1168.5720000000006,0
2026-03-22T18:22:00.242949,1831.4279999999994,1831.4279999999994,0.0,-1168.5720000000006,0
2026-03-22T18:22:01.279896,1831.4279999999994,1831.4279999999994,0.0,-1168.5720000000006,0
2026-03-22T18:22:02.318154,1831.4279999999994,1831.4279999999994,0.0,-1168.5720000000006,0
2026-03-22T18:22:03.348262,1831.4279999999994,1831.4279999999994,0.0,-1168.5720000000006,0
2026-03-22T18:22:04.377002,1831.4279999999994,1831.4279999999994,0.0,-1168.5720000000006,0
2026-03-22T18:22:05.426660,1831.4279999999994,1831.4279999999994,0.0,-1168.5720000000006,0
2026-03-22T18:22:06.450801,1831.4279999999994,1831.4279999999994,0.0,-1168.5720000000006,0
2026-03-22T18:22:07.475877,1831.4279999999994,1831.4279999999994,0.0,-1168.5720000000006,0
2026-03-22T18:22:08.501178,1831.4279999999994,1831.4279999999994,0.0,-1168.5720000000006,0
2026-03-22T18:22:09.523331,1831.4279999999994,1831.4279999999994,0.0,-1168.5720000000006,0
2026-03-22T18:22:10.543262,1831.4279999999994,1831.4279999999994,0.0,-1168.5720000000006,0
2026-03-22T18:22:11.567404,1831.4279999999994,1831.4279999999994,0.0,-1168.5720000000006,0
2026-03-22T18:22:12.609366,1831.4279999999994,1831.4279999999994,0.0,-1168.5720000000006,0
2026-03-22T18:22:13.637703,1831.4279999999994,1831.4279999999994,0.0,-1168.5720000000006,0
2026-03-22T18:22:14.709535,1831.4279999999994,1831.4279999999994,0.0,-1168.5720000000006,0
2026-03-22T18:22:15.736057,1831.4279999999994,1831.4279999999994,0.0,-1168.5720000000006,0
2026-03-22T18:22:16.768920,1831.4279999999994,1831.4279999999994,0.0,-1168.5720000000006,0
2026-03-22T18:22:17.801299,1831.4279999999994,1831.4279999999994,0.0,-1168.5720000000006,0
2026-03-22T18:22:18.834253,1831.4279999999994,1831.4279999999994,0.0,-1168.5720000000006,0
2026-03-22T18:22:19.868154,1831.4279999999994,1831.4279999999994,0.0,-1168.5720000000006,0
2026-03-22T18:22:20.894053,1831.4279999999994,1831.4279999999994,0.0,-1168.5720000000006,0
2026-03-22T18:22:21.917525,1831.4279999999994,1831.4279999999994,0.0,-1168.5720000000006,0
2026-03-22T18:22:22.943527,1831.4279999999994,1831.4279999999994,0.0,-1168.5720000000006,0
2026-03-22T18:22:23.984900,1831.4279999999994,1831.4279999999994,0.0,-1168.5720000000006,0
2026-03-22T18:22:25.017455,1831.4279999999994,1831.4279999999994,0.0,-1168.5720000000006,0
2026-03-22T18:22:26.042395,1831.4279999999994,1831.4279999999994,0.0,-1168.5720000000006,0
2026-03-22T18:22:27.075847,1831.4279999999994,1831.4279999999994,0.0,-1168.5720000000006,0
2026-03-22T18:22:28.114323,1831.4279999999994,1831.4279999999994,0.0,-1168.5720000000006,0
2026-03-22T18:22:29.148567,1831.4279999999994,1831.4279999999994,0.0,-1168.5720000000006,0
2026-03-22T18:22:30.171274,1831.4279999999994,1831.4279999999994,0.0,-1168.5720000000006,0
2026-03-22T18:22:31.196696,1831.4279999999994,1831.4279999999994,0.0,-1168.5720000000006,0
2026-03-22T18:22:32.238971,1831.4279999999994,1831.4279999999994,0.0,-1168.5720000000006,0
2026-03-22T18:22:33.271055,1831.4279999999994,1831.4279999999994,0.0,-1168.5720000000006,0
2026-03-22T18:22:34.293119,1831.4279999999994,1831.4279999999994,0.0,-1168.5720000000006,0
2026-03-22T18:22:35.332056,1831.4279999999994,1831.4279999999994,0.0,-1168.5720000000006,0
2026-03-22T18:22:36.367642,1831.4279999999994,1831.4279999999994,0.0,-1168.5720000000006,0
2026-03-22T18:22:37.426355,1831.4279999999994,1831.4279999999994,0.0,-1168.5720000000006,0
2026-03-22T18:22:38.468088,1831.4279999999994,1831.4279999999994,0.0,-1168.5720000000006,0
2026-03-22T18:22:39.513296,1831.4279999999994,1831.4279999999994,0.0,-1168.5720000000006,0
2026-03-22T18:22:40.548961,1831.4279999999994,1831.4279999999994,0.0,-1168.5720000000006,0
2026-03-22T18:22:41.576061,1831.4279999999994,1831.4279999999994,0.0,-1168.5720000000006,0
2026-03-22T18:22:42.601092,1831.4279999999994,1831.4279999999994,0.0,-1168.5720000000006,0
2026-03-22T18:22:43.638176,1831.4279999999994,1831.4279999999994,0.0,-1168.5720000000006,0
2026-03-22T18:22:44.660411,1831.4279999999994,1831.4279999999994,0.0,-1168.5720000000006,0
2026-03-22T18:22:45.682100,1831.4279999999994,1831.4279999999994,0.0,-1168.5720000000006,0
2026-03-22T18:22:46.711221,1831.4279999999994,1831.4279999999994,0.0,-1168.5720000000006,0
2026-03-22T18:22:47.749300,1831.4279999999994,1831.4279999999994,0.0,-1168.5720000000006,0
2026-03-22T18:22:48.771666,1831.4279999999994,1831.4279999999994,0.0,-1168.5720000000006,0
2026-03-22T18:22:49.792647,1831.4279999999994,1831.4279999999994,0.0,-1168.5720000000006,0
2026-03-22T18:22:50.824611,1831.4279999999994,1831.4279999999994,0.0,-1168.5720000000006,0
2026-03-22T18:22:51.857033,1831.4279999999994,1831.4279999999994,0.0,-1168.5720000000006,0
2026-03-22T18:22:52.882300,1831.4279999999994,1831.4279999999994,0.0,-1168.5720000000006,0
2026-03-22T18:22:53.926529,1831.4279999999994,1831.4279999999994,0.0,-1168.5720000000006,0
2026-03-22T18:22:54.949401,1831.4279999999994,1831.4279999999994,0.0,-1168.5720000000006,0
2026-03-22T18:22:55.971718,1831.4279999999994,1831.4279999999994,0.0,-1168.5720000000006,0
2026-03-22T18:22:57.014189,1831.4279999999994,1831.4279999999994,0.0,-1168.5720000000006,0
2026-03-22T18:22:58.040353,1831.4279999999994,1831.4279999999994,0.0,-1168.5720000000006,0
2026-03-22T18:22:59.080378,1831.4279999999994,1831.4279999999994,0.0,-1168.5720000000006,0
2026-03-22T18:23:00.153065,1831.4279999999994,1831.4279999999994,0.0,-1168.5720000000006,0
2026-03-22T18:23:01.183276,1831.4279999999994,1831.4279999999994,0.0,-1168.5720000000006,0
2026-03-22T18:23:02.218922,1831.4279999999994,1831.4279999999994,0.0,-1168.5720000000006,0
2026-03-22T18:23:03.253669,1831.4279999999994,1831.4279999999994,0.0,-1168.5720000000006,0
2026-03-22T18:23:04.284572,1831.4279999999994,1831.4279999999994,0.0,-1168.5720000000006,0
2026-03-22T18:23:05.306545,1831.4279999999994,1831.4279999999994,0.0,-1168.5720000000006,0
2026-03-22T18:23:06.362489,1831.4279999999994,1831.4279999999994,0.0,-1168.5720000000006,0
2026-03-22T18:23:07.405902,1831.4279999999994,1831.4279999999994,0.0,-1168.5720000000006,0
2026-03-22T18:23:08.438329,1831.4279999999994,1831.4279999999994,0.0,-1168.5720000000006,0
2026-03-22T18:23:09.471672,1831.4279999999994,1831.4279999999994,0.0,-1168.5720000000006,0
2026-03-22T18:23:10.521828,1831.4279999999994,1831.4279999999994,0.0,-1168.5720000000006,0
2026-03-22T18:23:11.552522,1831.4279999999994,1831.4279999999994,0.0,-1168.5720000000006,0
2026-03-22T18:23:12.593572,1831.4279999999994,1831.4279999999994,0.0,-1168.5720000000006,0
2026-03-22T18:23:13.614723,1831.4279999999994,1831.4279999999994,0.0,-1168.5720000000006,0
2026-03-22T18:23:14.635861,1831.4279999999994,1831.4279999999994,0.0,-1168.5720000000006,0
2026-03-22T18:23:15.666363,1831.4279999999994,1831.4279999999994,0.0,-1168.5720000000006,0
2026-03-22T18:23:16.708936,1831.4279999999994,1831.4279999999994,0.0,-1168.5720000000006,0
2026-03-22T18:23:17.732986,1831.4279999999994,1831.4279999999994,0.0,-1168.5720000000006,0
2026-03-22T18:23:18.763007,1831.4279999999994,1831.4279999999994,0.0,-1168.5720000000006,0
2026-03-22T18:23:19.788499,1831.4279999999994,1831.4279999999994,0.0,-1168.5720000000006,0
2026-03-22T18:23:20.827879,1831.4279999999994,1831.4279999999994,0.0,-1168.5720000000006,0
2026-03-22T18:23:21.868610,1831.4279999999994,1831.4279999999994,0.0,-1168.5720000000006,0
2026-03-22T18:23:22.895611,1831.4279999999994,1831.4279999999994,0.0,-1168.5720000000006,0
2026-03-22T18:23:23.978328,1831.4279999999994,1831.4279999999994,0.0,-1168.5720000000006,0
2026-03-22T18:23:25.026778,1831.4279999999994,1831.4279999999994,0.0,-1168.5720000000006,0
2026-03-22T18:23:26.056587,1831.4279999999994,1831.4279999999994,0.0,-1168.5720000000006,0
2026-03-22T18:23:27.095484,1831.4279999999994,1831.4279999999994,0.0,-1168.5720000000006,0
2026-03-22T18:23:28.128294,1831.4279999999994,1831.4279999999994,0.0,-1168.5720000000006,0
2026-03-22T18:23:29.149284,1831.4279999999994,1831.4279999999994,0.0,-1168.5720000000006,0
2026-03-22T18:23:30.184826,1831.4279999999994,1831.4279999999994,0.0,-1168.5720000000006,0
2026-03-22T18:23:31.227766,1831.4279999999994,1831.4279999999994,0.0,-1168.5720000000006,0
2026-03-22T18:23:32.257312,1831.4279999999994,1831.4279999999994,0.0,-1168.5720000000006,0
2026-03-22T18:23:33.290897,1831.4279999999994,1831.4279999999994,0.0,-1168.5720000000006,0
2026-03-22T18:23:34.328312,1831.4279999999994,1831.4279999999994,0.0,-1168.5720000000006,0
2026-03-22T18:23:35.360939,1831.4279999999994,1831.4279999999994,0.0,-1168.5720000000006,0
2026-03-22T18:23:36.416431,1831.4279999999994,1831.4279999999994,0.0,-1168.5720000000006,0
2026-03-22T18:23:37.441683,1831.4279999999994,1831.4279999999994,0.0,-1168.5720000000006,0
2026-03-22T18:23:38.477646,1831.4279999999994,1831.4279999999994,0.0,-1168.5720000000006,0
2026-03-22T18:23:39.507759,1831.4279999999994,1831.4279999999994,0.0,-1168.5720000000006,0
2026-03-22T18:23:40.527301,1831.4279999999994,1831.4279999999994,0.0,-1168.5720000000006,0
2026-03-22T18:23:41.563160,1831.4279999999994,1831.4279999999994,0.0,-1168.5720000000006,0
2026-03-22T18:23:42.600760,1831.4279999999994,1831.4279999999994,0.0,-1168.5720000000006,0
2026-03-22T18:23:43.624514,1831.4279999999994,1831.4279999999994,0.0,-1168.5720000000006,0
2026-03-22T18:23:44.660583,1831.4279999999994,1831.4279999999994,0.0,-1168.5720000000006,0
2026-03-22T18:23:45.716098,1831.4279999999994,1831.4279999999994,0.0,-1168.5720000000006,0
2026-03-22T18:23:46.784535,1831.4279999999994,1831.4279999999994,0.0,-1168.5720000000006,0
2026-03-22T18:23:47.811586,1831.4279999999994,1831.4279999999994,0.0,-1168.5720000000006,0
2026-03-22T18:23:48.845497,1831.4279999999994,1831.4279999999994,0.0,-1168.5720000000006,0
2026-03-22T18:23:49.868800,1831.4279999999994,1831.4279999999994,0.0,-1168.5720000000006,0
2026-03-22T18:23:50.894346,1831.4279999999994,1831.4279999999994,0.0,-1168.5720000000006,0
2026-03-22T18:23:51.927123,1831.4279999999994,1831.4279999999994,0.0,-1168.5720000000006,0
2026-03-22T18:23:52.955154,1831.4279999999994,1831.4279999999994,0.0,-1168.5720000000006,0
2026-03-22T18:23:53.998497,1831.4279999999994,1831.4279999999994,0.0,-1168.5720000000006,0
2026-03-22T18:23:55.034651,1831.4279999999994,1831.4279999999994,0.0,-1168.5720000000006,0
2026-03-22T18:23:56.068833,1831.4279999999994,1831.4279999999994,0.0,-1168.5720000000006,0
2026-03-22T18:23:57.102431,1831.4279999999994,1831.4279999999994,0.0,-1168.5720000000006,0
2026-03-22T18:23:58.152681,1831.4279999999994,1831.4279999999994,0.0,-1168.5720000000006,0
2026-03-22T18:23:59.175945,1831.4279999999994,1831.4279999999994,0.0,-1168.5720000000006,0
2026-03-22T18:24:00.199494,1831.4279999999994,1831.4279999999994,0.0,-1168.5720000000006,0
2026-03-22T18:24:01.224061,1831.4279999999994,1831.4279999999994,0.0,-1168.5720000000006,0
2026-03-22T18:24:02.244977,1831.4279999999994,1831.4279999999994,0.0,-1168.5720000000006,0
2026-03-22T18:24:03.264948,1831.4279999999994,1831.4279999999994,0.0,-1168.5720000000006,0
2026-03-22T18:24:04.289428,1831.4279999999994,1831.4279999999994,0.0,-1168.5720000000006,0
2026-03-22T18:24:05.314714,1831.4279999999994,1831.4279999999994,0.0,-1168.5720000000006,0
2026-03-22T18:24:06.334423,1831.4279999999994,1831.4279999999994,0.0,-1168.5720000000006,0
2026-03-22T18:24:07.374097,1831.4279999999994,1831.4279999999994,0.0,-1168.5720000000006,0
2026-03-22T18:24:08.410107,1831.4279999999994,1831.4279999999994,0.0,-1168.5720000000006,0
2026-03-22T18:24:09.488789,1831.4279999999994,1831.4279999999994,0.0,-1168.5720000000006,0
2026-03-22T18:24:10.524543,1831.4279999999994,1831.4279999999994,0.0,-1168.5720000000006,0
2026-03-22T18:24:11.551490,1831.4279999999994,1831.4279999999994,0.0,-1168.5720000000006,0
2026-03-22T18:24:12.590927,1831.4279999999994,1831.4279999999994,0.0,-1168.5720000000006,0
2026-03-22T18:24:13.630413,1831.4279999999994,1831.4279999999994,0.0,-1168.5720000000006,0
2026-03-22T18:24:14.658881,1831.4279999999994,1831.4279999999994,0.0,-1168.5720000000006,0
2026-03-22T18:24:15.693456,1831.4279999999994,1831.4279999999994,0.0,-1168.5720000000006,0
2026-03-22T18:24:16.718560,1831.4279999999994,1831.4279999999994,0.0,-1168.5720000000006,0
2026-03-22T18:24:17.744285,1831.4279999999994,1831.4279999999994,0.0,-1168.5720000000006,0
2026-03-22T18:24:18.772111,1831.4279999999994,1831.4279999999994,0.0,-1168.5720000000006,0
2026-03-22T18:24:19.806544,1831.4279999999994,1831.4279999999994,0.0,-1168.5720000000006,0
2026-03-22T18:24:20.840280,1831.4279999999994,1831.4279999999994,0.0,-1168.5720000000006,0
2026-03-22T18:24:21.861148,1831.4279999999994,1831.4279999999994,0.0,-1168.5720000000006,0
2026-03-22T18:24:22.889806,1831.4279999999994,1831.4279999999994,0.0,-1168.5720000000006,0
2026-03-22T18:24:23.928267,1831.4279999999994,1831.4279999999994,0.0,-1168.5720000000006,0
2026-03-22T18:24:24.948063,1831.4279999999994,1831.4279999999994,0.0,-1168.5720000000006,0
2026-03-22T18:24:25.977403,1831.4279999999994,1831.4279999999994,0.0,-1168.5720000000006,0
2026-03-22T18:24:27.004225,1831.4279999999994,1831.4279999999994,0.0,-1168.5720000000006,0
2026-03-22T18:24:28.032833,1831.4279999999994,1831.4279999999994,0.0,-1168.5720000000006,0
2026-03-22T18:24:29.056926,1831.4279999999994,1831.4279999999994,0.0,-1168.5720000000006,0
2026-03-22T18:24:30.088420,1831.4279999999994,1831.4279999999994,0.0,-1168.5720000000006,0
2026-03-22T18:24:31.129345,1831.4279999999994,1831.4279999999994,0.0,-1168.5720000000006,0
2026-03-22T18:24:32.208998,1831.4279999999994,1831.4279999999994,0.0,-1168.5720000000006,0
2026-03-22T18:24:33.230829,1831.4279999999994,1831.4279999999994,0.0,-1168.5720000000006,0
2026-03-22T18:24:34.264752,1831.4279999999994,1831.4279999999994,0.0,-1168.5720000000006,0
2026-03-22T18:24:35.322828,1831.4279999999994,1831.4279999999994,0.0,-1168.5720000000006,0
2026-03-22T18:24:36.358427,1831.4279999999994,1831.4279999999994,0.0,-1168.5720000000006,0
2026-03-22T18:24:37.380220,1831.4279999999994,1831.4279999999994,0.0,-1168.5720000000006,0
2026-03-22T18:24:38.403844,1831.4279999999994,1831.4279999999994,0.0,-1168.5720000000006,0
2026-03-22T18:24:39.437688,1831.4279999999994,1831.4279999999994,0.0,-1168.5720000000006,0
2026-03-22T18:24:40.477860,1831.4279999999994,1831.4279999999994,0.0,-1168.5720000000006,0
2026-03-22T18:24:41.509550,1831.4279999999994,1831.4279999999994,0.0,-1168.5720000000006,0
2026-03-22T18:24:42.540256,1831.4279999999994,1831.4279999999994,0.0,-1168.5720000000006,0
2026-03-22T18:24:43.567942,1831.4279999999994,1831.4279999999994,0.0,-1168.5720000000006,0
2026-03-22T18:24:44.603830,1831.4279999999994,1831.4279999999994,0.0,-1168.5720000000006,0
2026-03-22T18:24:45.640592,1831.4279999999994,1831.4279999999994,0.0,-1168.5720000000006,0
2026-03-22T18:24:46.659465,1831.4279999999994,1831.4279999999994,0.0,-1168.5720000000006,0
2026-03-22T18:24:47.699191,1831.4279999999994,1831.4279999999994,0.0,-1168.5720000000006,0
2026-03-22T18:24:48.730552,1831.4279999999994,1831.4279999999994,0.0,-1168.5720000000006,0
2026-03-22T18:24:49.769004,1831.4279999999994,1831.4279999999994,0.0,-1168.5720000000006,0
2026-03-22T18:24:50.797282,1831.4279999999994,1831.4279999999994,0.0,-1168.5720000000006,0
2026-03-22T18:24:51.823041,1831.4279999999994,1831.4279999999994,0.0,-1168.5720000000006,0
2026-03-22T18:24:52.875016,1831.4279999999994,1831.4279999999994,0.0,-1168.5720000000006,0
2026-03-22T18:24:53.924827,1831.4279999999994,1831.4279999999994,0.0,-1168.5720000000006,0
2026-03-22T18:24:54.998441,1831.4279999999994,1831.4279999999994,0.0,-1168.5720000000006,0
2026-03-22T18:24:56.031334,1831.4279999999994,1831.4279999999994,0.0,-1168.5720000000006,0
2026-03-22T18:24:57.076436,1831.4279999999994,1831.4279999999994,0.0,-1168.5720000000006,0
2026-03-22T18:24:58.098170,1831.4279999999994,1831.4279999999994,0.0,-1168.5720000000006,0
2026-03-22T18:24:59.119837,1831.4279999999994,1831.4279999999994,0.0,-1168.5720000000006,0
2026-03-22T18:25:00.146069,1831.4279999999994,1831.4279999999994,0.0,-1168.5720000000006,0
2026-03-22T18:25:01.176038,1831.4279999999994,1831.4279999999994,0.0,-1168.5720000000006,0
2026-03-22T18:25:02.203542,1831.4279999999994,1831.4279999999994,0.0,-1168.5720000000006,0
2026-03-22T18:25:03.237172,1831.4279999999994,1831.4279999999994,0.0,-1168.5720000000006,0
2026-03-22T18:25:04.266343,1831.4279999999994,1831.4279999999994,0.0,-1168.5720000000006,0
2026-03-22T18:25:05.294536,1831.4279999999994,1831.4279999999994,0.0,-1168.5720000000006,0
2026-03-22T18:25:06.317665,1831.4279999999994,1831.4279999999994,0.0,-1168.5720000000006,0
2026-03-22T18:25:07.357418,1831.4279999999994,1831.4279999999994,0.0,-1168.5720000000006,0
2026-03-22T18:25:08.395109,1831.4279999999994,1831.4279999999994,0.0,-1168.5720000000006,0
2026-03-22T18:25:09.439305,1831.4279999999994,1831.4279999999994,0.0,-1168.5720000000006,0
2026-03-22T18:25:10.489026,1831.4279999999994,1831.4279999999994,0.0,-1168.5720000000006,0
2026-03-22T18:25:11.522835,1831.4279999999994,1831.4279999999994,0.0,-1168.5720000000006,0
2026-03-22T18:25:12.563056,1831.4279999999994,1831.4279999999994,0.0,-1168.5720000000006,0
2026-03-22T18:25:13.591437,1831.4279999999994,1740.2279999999994,91.2,-1168.5720000000006,0
2026-03-22T18:25:14.620500,1831.4279999999994,1740.2279999999994,91.2,-1168.5720000000006,0
2026-03-22T18:25:15.647569,1830.7879999999993,1739.5879999999993,91.2,-1169.2120000000007,0.0
2026-03-22T18:25:16.690001,1830.7879999999993,1739.5879999999993,91.2,-1169.2120000000007,0.0
2026-03-22T18:25:17.749846,1830.7879999999993,1739.5879999999993,91.2,-1169.2120000000007,0.0
2026-03-22T18:25:18.787438,1830.7879999999993,1739.5879999999993,91.2,-1169.2120000000007,0.0
2026-03-22T18:25:19.809988,1830.7879999999993,1739.5879999999993,91.2,-1169.2120000000007,0.0
2026-03-22T18:25:20.842253,1830.7879999999993,1739.5879999999993,91.2,-1169.2120000000007,0.0
2026-03-22T18:25:21.878735,1830.7879999999993,1739.5879999999993,91.2,-1169.2120000000007,0.0
2026-03-22T18:25:22.914159,1830.7879999999993,1739.5879999999993,91.2,-1169.2120000000007,0.0
2026-03-22T18:25:23.948538,1830.7879999999993,1739.5879999999993,91.2,-1169.2120000000007,0.0
2026-03-22T18:25:24.983645,1830.7879999999993,1739.5879999999993,91.2,-1169.2120000000007,0.0
2026-03-22T18:25:26.009008,1830.7879999999993,1739.5879999999993,91.2,-1169.2120000000007,0.0
2026-03-22T18:25:27.050745,1830.7879999999993,1739.5879999999993,91.2,-1169.2120000000007,0.0
2026-03-22T18:25:28.075992,1827.7479999999994,1739.5879999999993,91.2,-1169.2120000000007,-3.039999999999986
2026-03-22T18:25:29.096693,1827.7479999999994,1739.5879999999993,91.2,-1169.2120000000007,-3.039999999999986
2026-03-22T18:25:30.128189,1827.7479999999994,1739.5879999999993,91.2,-1169.2120000000007,-3.039999999999986
2026-03-22T18:25:31.158296,1827.7479999999994,1739.5879999999993,91.2,-1169.2120000000007,-3.039999999999986
2026-03-22T18:25:32.214346,1827.7479999999994,1739.5879999999993,91.2,-1169.2120000000007,-3.039999999999986
2026-03-22T18:25:33.249113,1827.7479999999994,1739.5879999999993,91.2,-1169.2120000000007,-3.039999999999986
2026-03-22T18:25:34.296148,1827.7479999999994,1739.5879999999993,91.2,-1169.2120000000007,-3.039999999999986
2026-03-22T18:25:35.340289,1827.7479999999994,1739.5879999999993,91.2,-1169.2120000000007,-3.039999999999986
2026-03-22T18:25:36.374303,1827.7479999999994,1739.5879999999993,91.2,-1169.2120000000007,-3.039999999999986
2026-03-22T18:25:37.398982,1827.7479999999994,1739.5879999999993,91.2,-1169.2120000000007,-3.039999999999986
2026-03-22T18:25:38.445706,1827.7479999999994,1739.5879999999993,91.2,-1169.2120000000007,-3.039999999999986
2026-03-22T18:25:39.477778,1827.7479999999994,1739.5879999999993,91.2,-1169.2120000000007,-3.039999999999986
2026-03-22T18:25:40.550484,1827.7479999999994,1739.5879999999993,91.2,-1169.2120000000007,-3.039999999999986
2026-03-22T18:25:41.585908,1827.7479999999994,1739.5879999999993,91.2,-1169.2120000000007,-3.039999999999986
2026-03-22T18:25:42.616835,1827.7479999999994,1739.5879999999993,91.2,-1169.2120000000007,-3.039999999999986
2026-03-22T18:25:43.635351,1827.7479999999994,1739.5879999999993,91.2,-1169.2120000000007,-3.039999999999986
2026-03-22T18:25:44.673021,1827.7479999999994,1739.5879999999993,91.2,-1169.2120000000007,-3.039999999999986
2026-03-22T18:25:45.714900,1827.7479999999994,1739.5879999999993,91.2,-1169.2120000000007,-3.039999999999986
2026-03-22T18:25:46.756143,1803.4279999999994,1803.4279999999994,0.0,-1196.5720000000006,0
2026-03-22T18:25:47.792032,1803.4279999999994,1803.4279999999994,0.0,-1196.5720000000006,0
2026-03-22T18:25:48.814780,1803.4279999999994,1803.4279999999994,0.0,-1196.5720000000006,0
2026-03-22T18:25:49.846184,1803.4279999999994,1803.4279999999994,0.0,-1196.5720000000006,0
2026-03-22T18:25:50.873565,1803.4279999999994,1803.4279999999994,0.0,-1196.5720000000006,0
2026-03-22T18:25:51.899283,1803.4279999999994,1803.4279999999994,0.0,-1196.5720000000006,0
2026-03-22T18:25:52.930918,1803.4279999999994,1803.4279999999994,0.0,-1196.5720000000006,0
2026-03-22T18:25:53.952901,1803.4279999999994,1803.4279999999994,0.0,-1196.5720000000006,0
2026-03-22T18:25:54.978018,1803.4279999999994,1803.4279999999994,0.0,-1196.5720000000006,0
2026-03-22T18:25:56.020319,1803.4279999999994,1803.4279999999994,0.0,-1196.5720000000006,0
2026-03-22T18:25:57.050228,1803.4279999999994,1803.4279999999994,0.0,-1196.5720000000006,0
2026-03-22T18:25:58.080396,1803.4279999999994,1803.4279999999994,0.0,-1196.5720000000006,0
2026-03-22T18:25:59.112664,1803.4279999999994,1803.4279999999994,0.0,-1196.5720000000006,0
2026-03-22T18:26:00.134586,1803.4279999999994,1803.4279999999994,0.0,-1196.5720000000006,0
2026-03-22T18:26:01.168679,1803.4279999999994,1803.4279999999994,0.0,-1196.5720000000006,0
2026-03-22T18:26:02.201536,1803.4279999999994,1803.4279999999994,0.0,-1196.5720000000006,0
2026-03-22T18:26:03.276106,1803.4279999999994,1803.4279999999994,0.0,-1196.5720000000006,0
2026-03-22T18:26:04.311269,1803.4279999999994,1803.4279999999994,0.0,-1196.5720000000006,0
2026-03-22T18:26:05.335613,1803.4279999999994,1803.4279999999994,0.0,-1196.5720000000006,0
2026-03-22T18:26:06.356813,1803.4279999999994,1803.4279999999994,0.0,-1196.5720000000006,0
2026-03-22T18:26:07.392313,1803.4279999999994,1803.4279999999994,0.0,-1196.5720000000006,0
2026-03-22T18:26:08.418463,1803.4279999999994,1803.4279999999994,0.0,-1196.5720000000006,0
2026-03-22T18:26:09.440641,1803.4279999999994,1803.4279999999994,0.0,-1196.5720000000006,0
2026-03-22T18:26:10.476080,1803.4279999999994,1803.4279999999994,0.0,-1196.5720000000006,0
2026-03-22T18:26:11.506095,1803.4279999999994,1803.4279999999994,0.0,-1196.5720000000006,0
2026-03-22T18:26:12.535255,1803.4279999999994,1803.4279999999994,0.0,-1196.5720000000006,0
2026-03-22T18:26:13.556588,1803.4279999999994,1803.4279999999994,0.0,-1196.5720000000006,0
2026-03-22T18:26:14.587345,1803.4279999999994,1803.4279999999994,0.0,-1196.5720000000006,0
2026-03-22T18:26:15.620047,1803.4279999999994,1803.4279999999994,0.0,-1196.5720000000006,0
2026-03-22T18:26:16.641943,1803.4279999999994,1803.4279999999994,0.0,-1196.5720000000006,0
2026-03-22T18:26:17.670081,1803.4279999999994,1803.4279999999994,0.0,-1196.5720000000006,0
2026-03-22T18:26:18.704423,1803.4279999999994,1803.4279999999994,0.0,-1196.5720000000006,0
2026-03-22T18:26:19.740313,1803.4279999999994,1803.4279999999994,0.0,-1196.5720000000006,0
2026-03-22T18:26:20.772213,1803.4279999999994,1803.4279999999994,0.0,-1196.5720000000006,0
2026-03-22T18:26:21.802387,1803.4279999999994,1803.4279999999994,0.0,-1196.5720000000006,0
2026-03-22T18:26:22.839104,1803.4279999999994,1803.4279999999994,0.0,-1196.5720000000006,0
2026-03-22T18:26:23.892384,1803.4279999999994,1803.4279999999994,0.0,-1196.5720000000006,0
2026-03-22T18:26:24.924576,1803.4279999999994,1803.4279999999994,0.0,-1196.5720000000006,0
2026-03-22T18:26:25.987899,1803.4279999999994,1803.4279999999994,0.0,-1196.5720000000006,0
2026-03-22T18:26:27.009196,1803.4279999999994,1803.4279999999994,0.0,-1196.5720000000006,0
2026-03-22T18:26:28.053391,1803.4279999999994,1803.4279999999994,0.0,-1196.5720000000006,0
2026-03-22T18:26:29.089800,1803.4279999999994,1803.4279999999994,0.0,-1196.5720000000006,0
2026-03-22T18:26:30.109034,1803.4279999999994,1803.4279999999994,0.0,-1196.5720000000006,0
2026-03-22T18:26:31.139740,1803.4279999999994,1803.4279999999994,0.0,-1196.5720000000006,0
2026-03-22T18:26:32.168423,1803.4279999999994,1803.4279999999994,0.0,-1196.5720000000006,0
2026-03-22T18:26:33.198930,1803.4279999999994,1803.4279999999994,0.0,-1196.5720000000006,0
2026-03-22T18:26:34.223211,1803.4279999999994,1803.4279999999994,0.0,-1196.5720000000006,0
2026-03-22T18:26:35.251485,1803.4279999999994,1803.4279999999994,0.0,-1196.5720000000006,0
2026-03-22T18:26:36.271687,1803.4279999999994,1803.4279999999994,0.0,-1196.5720000000006,0
2026-03-22T18:26:37.303295,1803.4279999999994,1803.4279999999994,0.0,-1196.5720000000006,0
2026-03-22T18:26:38.322449,1803.4279999999994,1803.4279999999994,0.0,-1196.5720000000006,0
2026-03-22T18:26:39.359857,1803.4279999999994,1803.4279999999994,0.0,-1196.5720000000006,0
2026-03-22T18:26:40.392872,1803.4279999999994,1803.4279999999994,0.0,-1196.5720000000006,0
2026-03-22T18:26:41.436723,1803.4279999999994,1803.4279999999994,0.0,-1196.5720000000006,0
2026-03-22T18:26:42.469223,1803.4279999999994,1803.4279999999994,0.0,-1196.5720000000006,0
2026-03-22T18:26:43.490628,1803.4279999999994,1803.4279999999994,0.0,-1196.5720000000006,0
2026-03-22T18:26:44.522205,1803.4279999999994,1803.4279999999994,0.0,-1196.5720000000006,0
2026-03-22T18:26:45.553435,1803.4279999999994,1803.4279999999994,0.0,-1196.5720000000006,0
2026-03-22T18:26:46.587097,1803.4279999999994,1803.4279999999994,0.0,-1196.5720000000006,0
2026-03-22T18:26:47.625256,1803.4279999999994,1803.4279999999994,0.0,-1196.5720000000006,0
2026-03-22T18:26:48.682405,1803.4279999999994,1803.4279999999994,0.0,-1196.5720000000006,0
2026-03-22T18:26:49.713332,1803.4279999999994,1803.4279999999994,0.0,-1196.5720000000006,0
2026-03-22T18:26:50.750744,1803.4279999999994,1803.4279999999994,0.0,-1196.5720000000006,0
2026-03-22T18:26:51.779372,1803.4279999999994,1803.4279999999994,0.0,-1196.5720000000006,0
2026-03-22T18:26:52.818632,1803.4279999999994,1803.4279999999994,0.0,-1196.5720000000006,0
2026-03-22T18:26:53.851935,1803.4279999999994,1803.4279999999994,0.0,-1196.5720000000006,0
2026-03-22T18:26:54.881226,1803.4279999999994,1803.4279999999994,0.0,-1196.5720000000006,0
2026-03-22T18:26:55.918348,1803.4279999999994,1803.4279999999994,0.0,-1196.5720000000006,0
2026-03-22T18:26:56.942229,1803.4279999999994,1803.4279999999994,0.0,-1196.5720000000006,0
2026-03-22T18:26:57.969708,1803.4279999999994,1803.4279999999994,0.0,-1196.5720000000006,0
2026-03-22T18:26:58.990748,1803.4279999999994,1803.4279999999994,0.0,-1196.5720000000006,0
2026-03-22T18:27:00.033289,1803.4279999999994,1803.4279999999994,0.0,-1196.5720000000006,0
2026-03-22T18:27:01.073826,1803.4279999999994,1803.4279999999994,0.0,-1196.5720000000006,0
2026-03-22T18:27:02.107174,1803.4279999999994,1803.4279999999994,0.0,-1196.5720000000006,0
2026-03-22T18:27:03.138405,1803.4279999999994,1803.4279999999994,0.0,-1196.5720000000006,0
2026-03-22T18:27:04.171619,1803.4279999999994,1803.4279999999994,0.0,-1196.5720000000006,0
2026-03-22T18:27:05.200728,1803.4279999999994,1803.4279999999994,0.0,-1196.5720000000006,0
2026-03-22T18:27:06.228224,1803.4279999999994,1803.4279999999994,0.0,-1196.5720000000006,0
2026-03-22T18:27:07.267655,1803.4279999999994,1803.4279999999994,0.0,-1196.5720000000006,0
2026-03-22T18:27:08.302910,1803.4279999999994,1803.4279999999994,0.0,-1196.5720000000006,0
2026-03-22T18:27:09.328535,1803.4279999999994,1803.4279999999994,0.0,-1196.5720000000006,0
2026-03-22T18:27:10.376872,1803.4279999999994,1803.4279999999994,0.0,-1196.5720000000006,0
2026-03-22T18:27:11.442150,1803.4279999999994,1803.4279999999994,0.0,-1196.5720000000006,0
2026-03-22T18:27:12.466356,1803.4279999999994,1803.4279999999994,0.0,-1196.5720000000006,0
2026-03-22T18:27:13.502265,1803.4279999999994,1803.4279999999994,0.0,-1196.5720000000006,0
2026-03-22T18:27:14.533607,1803.4279999999994,1803.4279999999994,0.0,-1196.5720000000006,0
2026-03-22T18:27:15.559007,1803.4279999999994,1803.4279999999994,0.0,-1196.5720000000006,0
2026-03-22T18:27:16.598880,1803.4279999999994,1803.4279999999994,0.0,-1196.5720000000006,0
2026-03-22T18:27:17.625134,1803.4279999999994,1803.4279999999994,0.0,-1196.5720000000006,0
2026-03-22T18:27:18.659724,1803.4279999999994,1803.4279999999994,0.0,-1196.5720000000006,0
2026-03-22T18:27:19.695823,1803.4279999999994,1803.4279999999994,0.0,-1196.5720000000006,0
2026-03-22T18:27:20.715146,1803.4279999999994,1803.4279999999994,0.0,-1196.5720000000006,0
2026-03-22T18:27:21.757389,1803.4279999999994,1803.4279999999994,0.0,-1196.5720000000006,0
2026-03-22T18:27:22.801046,1803.4279999999994,1803.4279999999994,0.0,-1196.5720000000006,0
2026-03-22T18:27:23.829814,1803.4279999999994,1803.4279999999994,0.0,-1196.5720000000006,0
2026-03-22T18:27:24.853943,1803.4279999999994,1803.4279999999994,0.0,-1196.5720000000006,0
2026-03-22T18:27:25.891385,1803.4279999999994,1803.4279999999994,0.0,-1196.5720000000006,0
2026-03-22T18:27:26.913796,1803.4279999999994,1803.4279999999994,0.0,-1196.5720000000006,0
2026-03-22T18:27:27.944918,1803.4279999999994,1803.4279999999994,0.0,-1196.5720000000006,0
2026-03-22T18:27:28.974310,1803.4279999999994,1803.4279999999994,0.0,-1196.5720000000006,0
2026-03-22T18:27:30.001856,1803.4279999999994,1803.4279999999994,0.0,-1196.5720000000006,0
2026-03-22T18:27:31.029155,1803.4279999999994,1803.4279999999994,0.0,-1196.5720000000006,0
2026-03-22T18:27:32.071719,1803.4279999999994,1803.4279999999994,0.0,-1196.5720000000006,0
2026-03-22T18:27:33.112878,1803.4279999999994,1803.4279999999994,0.0,-1196.5720000000006,0
2026-03-22T18:27:34.180992,1803.4279999999994,1803.4279999999994,0.0,-1196.5720000000006,0
2026-03-22T18:27:35.201758,1803.4279999999994,1803.4279999999994,0.0,-1196.5720000000006,0
2026-03-22T18:27:36.241437,1803.4279999999994,1803.4279999999994,0.0,-1196.5720000000006,0
2026-03-22T18:27:37.285208,1803.4279999999994,1803.4279999999994,0.0,-1196.5720000000006,0
2026-03-22T18:27:38.324158,1803.4279999999994,1803.4279999999994,0.0,-1196.5720000000006,0
2026-03-22T18:27:39.359843,1803.4279999999994,1803.4279999999994,0.0,-1196.5720000000006,0
2026-03-22T18:27:40.410039,1803.4279999999994,1803.4279999999994,0.0,-1196.5720000000006,0
2026-03-22T18:27:41.457119,1803.4279999999994,1803.4279999999994,0.0,-1196.5720000000006,0
2026-03-22T18:27:42.485023,1803.4279999999994,1803.4279999999994,0.0,-1196.5720000000006,0
2026-03-22T18:27:43.514858,1803.4279999999994,1803.4279999999994,0.0,-1196.5720000000006,0
2026-03-22T18:27:44.550621,1803.4279999999994,1803.4279999999994,0.0,-1196.5720000000006,0
2026-03-22T18:27:45.592479,1803.4279999999994,1803.4279999999994,0.0,-1196.5720000000006,0
2026-03-22T18:27:46.617766,1803.4279999999994,1803.4279999999994,0.0,-1196.5720000000006,0
2026-03-22T18:27:47.651599,1803.4279999999994,1803.4279999999994,0.0,-1196.5720000000006,0
2026-03-22T18:27:48.687399,1803.4279999999994,1803.4279999999994,0.0,-1196.5720000000006,0
2026-03-22T18:27:49.719001,1803.4279999999994,1803.4279999999994,0.0,-1196.5720000000006,0
2026-03-22T18:27:50.742968,1803.4279999999994,1803.4279999999994,0.0,-1196.5720000000006,0
2026-03-22T18:27:51.774268,1803.4279999999994,1803.4279999999994,0.0,-1196.5720000000006,0
2026-03-22T18:27:52.801518,1803.4279999999994,1803.4279999999994,0.0,-1196.5720000000006,0
2026-03-22T18:27:53.825575,1803.4279999999994,1803.4279999999994,0.0,-1196.5720000000006,0
2026-03-22T18:27:54.857836,1803.4279999999994,1803.4279999999994,0.0,-1196.5720000000006,0
2026-03-22T18:27:55.875145,1803.4279999999994,1803.4279999999994,0.0,-1196.5720000000006,0
2026-03-22T18:27:56.933728,1803.4279999999994,1803.4279999999994,0.0,-1196.5720000000006,0
2026-03-22T18:27:57.950282,1803.4279999999994,1803.4279999999994,0.0,-1196.5720000000006,0
2026-03-22T18:27:58.965215,1803.4279999999994,1803.4279999999994,0.0,-1196.5720000000006,0
2026-03-22T18:28:00.010102,1803.4279999999994,1803.4279999999994,0.0,-1196.5720000000006,0
2026-03-22T18:28:01.032515,1803.4279999999994,1803.4279999999994,0.0,-1196.5720000000006,0
2026-03-22T18:28:02.059297,1803.4279999999994,1803.4279999999994,0.0,-1196.5720000000006,0
2026-03-22T18:28:03.084540,1803.4279999999994,1803.4279999999994,0.0,-1196.5720000000006,0
2026-03-22T18:28:04.117235,1803.4279999999994,1803.4279999999994,0.0,-1196.5720000000006,0
2026-03-22T18:28:05.140895,1803.4279999999994,1803.4279999999994,0.0,-1196.5720000000006,0
2026-03-22T18:28:06.171560,1803.4279999999994,1803.4279999999994,0.0,-1196.5720000000006,0
2026-03-22T18:28:07.203524,1803.4279999999994,1803.4279999999994,0.0,-1196.5720000000006,0
2026-03-22T18:28:08.224110,1803.4279999999994,1803.4279999999994,0.0,-1196.5720000000006,0
2026-03-22T18:28:09.251075,1803.4279999999994,1803.4279999999994,0.0,-1196.5720000000006,0
2026-03-22T18:28:10.276631,1803.4279999999994,1803.4279999999994,0.0,-1196.5720000000006,0
2026-03-22T18:28:11.303469,1803.4279999999994,1803.4279999999994,0.0,-1196.5720000000006,0
2026-03-22T18:28:12.342092,1803.4279999999994,1803.4279999999994,0.0,-1196.5720000000006,0
2026-03-22T18:28:13.368027,1803.4279999999994,1803.4279999999994,0.0,-1196.5720000000006,0
2026-03-22T18:28:14.408484,1803.4279999999994,1803.4279999999994,0.0,-1196.5720000000006,0
2026-03-22T18:28:15.425696,1803.4279999999994,1803.4279999999994,0.0,-1196.5720000000006,0
2026-03-22T18:28:16.465868,1803.4279999999994,1803.4279999999994,0.0,-1196.5720000000006,0
2026-03-22T18:28:17.493147,1803.4279999999994,1713.5479999999993,89.88,-1196.5720000000006,0
2026-03-22T18:28:18.524159,1803.4279999999994,1713.5479999999993,89.88,-1196.5720000000006,0
2026-03-22T18:28:19.556931,1802.5079999999994,1712.6279999999992,89.88,-1197.4920000000006,0.0
2026-03-22T18:28:20.582446,1802.5079999999994,1712.6279999999992,89.88,-1197.4920000000006,0.0
2026-03-22T18:28:21.608974,1802.5079999999994,1712.6279999999992,89.88,-1197.4920000000006,0.0
2026-03-22T18:28:22.660344,1802.5079999999994,1712.6279999999992,89.88,-1197.4920000000006,0.0
2026-03-22T18:28:23.683782,1802.5079999999994,1712.6279999999992,89.88,-1197.4920000000006,0.0
2026-03-22T18:28:24.714055,1802.5079999999994,1712.6279999999992,89.88,-1197.4920000000006,0.0
2026-03-22T18:28:25.742051,1802.5079999999994,1712.6279999999992,89.88,-1197.4920000000006,0.0
2026-03-22T18:28:26.758694,1802.5079999999994,1712.6279999999992,89.88,-1197.4920000000006,0.0
2026-03-22T18:28:27.799348,1802.5079999999994,1712.6279999999992,89.88,-1197.4920000000006,0.0
2026-03-22T18:28:28.840059,1802.5079999999994,1712.6279999999992,89.88,-1197.4920000000006,0.0
2026-03-22T18:28:29.876837,1808.9279999999994,1712.6279999999992,89.88,-1197.4920000000006,6.419999999999994
2026-03-22T18:28:30.914854,1808.9279999999994,1712.6279999999992,89.88,-1197.4920000000006,6.419999999999994
2026-03-22T18:28:31.949715,1808.9279999999994,1712.6279999999992,89.88,-1197.4920000000006,6.419999999999994
2026-03-22T18:28:32.971823,1808.9279999999994,1712.6279999999992,89.88,-1197.4920000000006,6.419999999999994
2026-03-22T18:28:34.004574,1808.9279999999994,1712.6279999999992,89.88,-1197.4920000000006,6.419999999999994
2026-03-22T18:28:35.197983,1808.9279999999994,1712.6279999999992,89.88,-1197.4920000000006,6.419999999999994
2026-03-22T18:28:36.216336,1808.9279999999994,1712.6279999999992,89.88,-1197.4920000000006,6.419999999999994
2026-03-22T18:28:37.241965,1808.9279999999994,1712.6279999999992,89.88,-1197.4920000000006,6.419999999999994
2026-03-22T18:28:38.261785,1808.9279999999994,1712.6279999999992,89.88,-1197.4920000000006,6.419999999999994
2026-03-22T18:28:39.275609,1808.9279999999994,1712.6279999999992,89.88,-1197.4920000000006,6.419999999999994
2026-03-22T18:28:40.298902,1808.9279999999994,1712.6279999999992,89.88,-1197.4920000000006,6.419999999999994
2026-03-22T18:28:41.333815,1808.9279999999994,1712.6279999999992,89.88,-1197.4920000000006,6.419999999999994
2026-03-22T18:28:42.361277,1808.9279999999994,1712.6279999999992,89.88,-1197.4920000000006,6.419999999999994
2026-03-22T18:28:43.382325,1808.9279999999994,1712.6279999999992,89.88,-1197.4920000000006,6.419999999999994
2026-03-22T18:28:44.407876,1808.9279999999994,1712.6279999999992,89.88,-1197.4920000000006,6.419999999999994
2026-03-22T18:28:45.422503,1808.9279999999994,1712.6279999999992,89.88,-1197.4920000000006,6.419999999999994
2026-03-22T18:28:46.440805,1808.9279999999994,1712.6279999999992,89.88,-1197.4920000000006,6.419999999999994
2026-03-22T18:28:47.458639,1811.0679999999993,1712.6279999999992,89.88,-1197.4920000000006,8.559999999999995
2026-03-22T18:28:48.475349,1811.0679999999993,1712.6279999999992,89.88,-1197.4920000000006,8.559999999999995
2026-03-22T18:28:49.508980,1811.0679999999993,1712.6279999999992,89.88,-1197.4920000000006,8.559999999999995
2026-03-22T18:28:50.534112,1811.0679999999993,1712.6279999999992,89.88,-1197.4920000000006,8.559999999999995
2026-03-22T18:28:51.558593,1811.0679999999993,1712.6279999999992,89.88,-1197.4920000000006,8.559999999999995
2026-03-22T18:28:52.591193,1811.0679999999993,1712.6279999999992,89.88,-1197.4920000000006,8.559999999999995
2026-03-22T18:28:53.608643,1811.0679999999993,1712.6279999999992,89.88,-1197.4920000000006,8.559999999999995
2026-03-22T18:28:54.634821,1811.0679999999993,1712.6279999999992,89.88,-1197.4920000000006,8.559999999999995
2026-03-22T18:28:55.658782,1811.0679999999993,1712.6279999999992,89.88,-1197.4920000000006,8.559999999999995
2026-03-22T18:28:56.700417,1811.0679999999993,1712.6279999999992,89.88,-1197.4920000000006,8.559999999999995
2026-03-22T18:28:57.749151,1811.0679999999993,1712.6279999999992,89.88,-1197.4920000000006,8.559999999999995
2026-03-22T18:28:58.782217,1811.0679999999993,1712.6279999999992,89.88,-1197.4920000000006,8.559999999999995
2026-03-22T18:28:59.816708,1811.0679999999993,1712.6279999999992,89.88,-1197.4920000000006,8.559999999999995
2026-03-22T18:29:00.867629,1811.0679999999993,1712.6279999999992,89.88,-1197.4920000000006,8.559999999999995
2026-03-22T18:29:01.900274,1811.0679999999993,1712.6279999999992,89.88,-1197.4920000000006,8.559999999999995
2026-03-22T18:29:02.967241,1811.0679999999993,1712.6279999999992,89.88,-1197.4920000000006,8.559999999999995
2026-03-22T18:29:03.993489,1817.4879999999994,1817.4879999999994,0.0,-1182.5120000000006,0
2026-03-22T18:29:05.025405,1817.4879999999994,1817.4879999999994,0.0,-1182.5120000000006,0
2026-03-22T18:29:06.050410,1817.4879999999994,1817.4879999999994,0.0,-1182.5120000000006,0
2026-03-22T18:29:07.077602,1817.4879999999994,1817.4879999999994,0.0,-1182.5120000000006,0
2026-03-22T18:29:08.100810,1817.4879999999994,1817.4879999999994,0.0,-1182.5120000000006,0
2026-03-22T18:29:09.116859,1817.4879999999994,1817.4879999999994,0.0,-1182.5120000000006,0
2026-03-22T18:29:10.133614,1817.4879999999994,1817.4879999999994,0.0,-1182.5120000000006,0
2026-03-22T18:29:11.158536,1817.4879999999994,1817.4879999999994,0.0,-1182.5120000000006,0
2026-03-22T18:29:12.183755,1817.4879999999994,1817.4879999999994,0.0,-1182.5120000000006,0
2026-03-22T18:29:13.209136,1817.4879999999994,1817.4879999999994,0.0,-1182.5120000000006,0
2026-03-22T18:29:14.236122,1817.4879999999994,1817.4879999999994,0.0,-1182.5120000000006,0
2026-03-22T18:29:15.251176,1817.4879999999994,1817.4879999999994,0.0,-1182.5120000000006,0
2026-03-22T18:29:16.274117,1817.4879999999994,1817.4879999999994,0.0,-1182.5120000000006,0
2026-03-22T18:29:17.307784,1817.4879999999994,1817.4879999999994,0.0,-1182.5120000000006,0
2026-03-22T18:29:18.332097,1817.4879999999994,1817.4879999999994,0.0,-1182.5120000000006,0
2026-03-22T18:29:19.349530,1817.4879999999994,1817.4879999999994,0.0,-1182.5120000000006,0
2026-03-22T18:29:20.366990,1817.4879999999994,1817.4879999999994,0.0,-1182.5120000000006,0
2026-03-22T18:29:21.393121,1817.4879999999994,1817.4879999999994,0.0,-1182.5120000000006,0
2026-03-22T18:29:22.428395,1817.4879999999994,1817.4879999999994,0.0,-1182.5120000000006,0
2026-03-22T18:29:23.450999,1817.4879999999994,1817.4879999999994,0.0,-1182.5120000000006,0
2026-03-22T18:29:24.532830,1817.4879999999994,1817.4879999999994,0.0,-1182.5120000000006,0
2026-03-22T18:29:25.559242,1817.4879999999994,1817.4879999999994,0.0,-1182.5120000000006,0
2026-03-22T18:29:26.583609,1817.4879999999994,1817.4879999999994,0.0,-1182.5120000000006,0
2026-03-22T18:29:27.608828,1817.4879999999994,1817.4879999999994,0.0,-1182.5120000000006,0
2026-03-22T18:29:28.633930,1817.4879999999994,1817.4879999999994,0.0,-1182.5120000000006,0
2026-03-22T18:29:29.650330,1817.4879999999994,1817.4879999999994,0.0,-1182.5120000000006,0
2026-03-22T18:29:30.666760,1817.4879999999994,1817.4879999999994,0.0,-1182.5120000000006,0
2026-03-22T18:29:31.693231,1817.4879999999994,1817.4879999999994,0.0,-1182.5120000000006,0
2026-03-22T18:29:32.721422,1817.4879999999994,1817.4879999999994,0.0,-1182.5120000000006,0
2026-03-22T18:29:33.740558,1817.4879999999994,1817.4879999999994,0.0,-1182.5120000000006,0
2026-03-22T18:29:34.765405,1817.4879999999994,1817.4879999999994,0.0,-1182.5120000000006,0
2026-03-22T18:29:35.783770,1817.4879999999994,1817.4879999999994,0.0,-1182.5120000000006,0
2026-03-22T18:29:36.814070,1817.4879999999994,1817.4879999999994,0.0,-1182.5120000000006,0
2026-03-22T18:29:37.833619,1817.4879999999994,1817.4879999999994,0.0,-1182.5120000000006,0
2026-03-22T18:29:38.850291,1817.4879999999994,1817.4879999999994,0.0,-1182.5120000000006,0
2026-03-22T18:29:39.867323,1817.4879999999994,1817.4879999999994,0.0,-1182.5120000000006,0
2026-03-22T18:29:40.884462,1817.4879999999994,1817.4879999999994,0.0,-1182.5120000000006,0
2026-03-22T18:29:41.900110,1817.4879999999994,1817.4879999999994,0.0,-1182.5120000000006,0
2026-03-22T18:29:42.917227,1817.4879999999994,1817.4879999999994,0.0,-1182.5120000000006,0
2026-03-22T18:29:43.938421,1817.4879999999994,1817.4879999999994,0.0,-1182.5120000000006,0
2026-03-22T18:29:44.999319,1817.4879999999994,1817.4879999999994,0.0,-1182.5120000000006,0
2026-03-22T18:29:46.018845,1817.4879999999994,1817.4879999999994,0.0,-1182.5120000000006,0
2026-03-22T18:29:47.049090,1817.4879999999994,1817.4879999999994,0.0,-1182.5120000000006,0
2026-03-22T18:29:48.076119,1817.4879999999994,1817.4879999999994,0.0,-1182.5120000000006,0
2026-03-22T18:29:49.092866,1817.4879999999994,1817.4879999999994,0.0,-1182.5120000000006,0
2026-03-22T18:29:50.117177,1817.4879999999994,1817.4879999999994,0.0,-1182.5120000000006,0
2026-03-22T18:29:51.143382,1817.4879999999994,1817.4879999999994,0.0,-1182.5120000000006,0
2026-03-22T18:29:52.174005,1817.4879999999994,1817.4879999999994,0.0,-1182.5120000000006,0
2026-03-22T18:29:53.209919,1817.4879999999994,1817.4879999999994,0.0,-1182.5120000000006,0
2026-03-22T18:29:54.240051,1817.4879999999994,1817.4879999999994,0.0,-1182.5120000000006,0
2026-03-22T18:29:55.282460,1817.4879999999994,1817.4879999999994,0.0,-1182.5120000000006,0
2026-03-22T18:29:56.307230,1817.4879999999994,1817.4879999999994,0.0,-1182.5120000000006,0
2026-03-22T18:29:57.325662,1817.4879999999994,1817.4879999999994,0.0,-1182.5120000000006,0
2026-03-22T18:29:58.352810,1817.4879999999994,1817.4879999999994,0.0,-1182.5120000000006,0
2026-03-22T18:29:59.375411,1817.4879999999994,1817.4879999999994,0.0,-1182.5120000000006,0
2026-03-22T18:30:00.399204,1817.4879999999994,1817.4879999999994,0.0,-1182.5120000000006,0
2026-03-22T18:30:01.425484,1817.4879999999994,1817.4879999999994,0.0,-1182.5120000000006,0
2026-03-22T18:30:02.449279,1817.4879999999994,1817.4879999999994,0.0,-1182.5120000000006,0
2026-03-22T18:30:03.475609,1817.4879999999994,1817.4879999999994,0.0,-1182.5120000000006,0
2026-03-22T18:30:04.515379,1817.4879999999994,1817.4879999999994,0.0,-1182.5120000000006,0
2026-03-22T18:30:05.583704,1817.4879999999994,1817.4879999999994,0.0,-1182.5120000000006,0
2026-03-22T18:30:06.608866,1817.4879999999994,1817.4879999999994,0.0,-1182.5120000000006,0
2026-03-22T18:30:07.633442,1817.4879999999994,1817.4879999999994,0.0,-1182.5120000000006,0
2026-03-22T18:30:08.659648,1817.4879999999994,1817.4879999999994,0.0,-1182.5120000000006,0
2026-03-22T18:30:09.681295,1817.4879999999994,1817.4879999999994,0.0,-1182.5120000000006,0
2026-03-22T18:30:10.702944,1817.4879999999994,1817.4879999999994,0.0,-1182.5120000000006,0
2026-03-22T18:30:11.734679,1817.4879999999994,1817.4879999999994,0.0,-1182.5120000000006,0
2026-03-22T18:30:12.757760,1817.4879999999994,1817.4879999999994,0.0,-1182.5120000000006,0
2026-03-22T18:30:13.774404,1817.4879999999994,1817.4879999999994,0.0,-1182.5120000000006,0
2026-03-22T18:30:14.791622,1817.4879999999994,1817.4879999999994,0.0,-1182.5120000000006,0
2026-03-22T18:30:15.808827,1817.4879999999994,1817.4879999999994,0.0,-1182.5120000000006,0
2026-03-22T18:30:16.831993,1817.4879999999994,1817.4879999999994,0.0,-1182.5120000000006,0
2026-03-22T18:30:17.858678,1817.4879999999994,1817.4879999999994,0.0,-1182.5120000000006,0
2026-03-22T18:30:18.875193,1817.4879999999994,1817.4879999999994,0.0,-1182.5120000000006,0
2026-03-22T18:30:19.900184,1817.4879999999994,1817.4879999999994,0.0,-1182.5120000000006,0
2026-03-22T18:30:20.925629,1817.4879999999994,1817.4879999999994,0.0,-1182.5120000000006,0
2026-03-22T18:30:21.942188,1817.4879999999994,1817.4879999999994,0.0,-1182.5120000000006,0
2026-03-22T18:30:22.967462,1817.4879999999994,1817.4879999999994,0.0,-1182.5120000000006,0
2026-03-22T18:30:23.992006,1817.4879999999994,1817.4879999999994,0.0,-1182.5120000000006,0
2026-03-22T18:30:25.008815,1817.4879999999994,1817.4879999999994,0.0,-1182.5120000000006,0
2026-03-22T18:30:26.042032,1817.4879999999994,1817.4879999999994,0.0,-1182.5120000000006,0
2026-03-22T18:30:27.117035,1817.4879999999994,1817.4879999999994,0.0,-1182.5120000000006,0
2026-03-22T18:30:28.145049,1817.4879999999994,1817.4879999999994,0.0,-1182.5120000000006,0
2026-03-22T18:30:29.174255,1817.4879999999994,1817.4879999999994,0.0,-1182.5120000000006,0
2026-03-22T18:30:30.192883,1817.4879999999994,1817.4879999999994,0.0,-1182.5120000000006,0
2026-03-22T18:30:31.218490,1817.4879999999994,1817.4879999999994,0.0,-1182.5120000000006,0
2026-03-22T18:30:32.246024,1817.4879999999994,1817.4879999999994,0.0,-1182.5120000000006,0
2026-03-22T18:30:33.317512,1817.4879999999994,1817.4879999999994,0.0,-1182.5120000000006,0
2026-03-22T18:30:34.341773,1817.4879999999994,1817.4879999999994,0.0,-1182.5120000000006,0
2026-03-22T18:30:35.376744,1817.4879999999994,1817.4879999999994,0.0,-1182.5120000000006,0
2026-03-22T18:30:36.398423,1817.4879999999994,1817.4879999999994,0.0,-1182.5120000000006,0
2026-03-22T18:30:37.423958,1817.4879999999994,1817.4879999999994,0.0,-1182.5120000000006,0
2026-03-22T18:30:38.450234,1817.4879999999994,1817.4879999999994,0.0,-1182.5120000000006,0
2026-03-22T18:30:39.466947,1817.4879999999994,1817.4879999999994,0.0,-1182.5120000000006,0
2026-03-22T18:30:40.492124,1817.4879999999994,1817.4879999999994,0.0,-1182.5120000000006,0
2026-03-22T18:30:41.508569,1817.4879999999994,1817.4879999999994,0.0,-1182.5120000000006,0
2026-03-22T18:30:42.526402,1817.4879999999994,1817.4879999999994,0.0,-1182.5120000000006,0
2026-03-22T18:30:43.549339,1817.4879999999994,1817.4879999999994,0.0,-1182.5120000000006,0
2026-03-22T18:30:44.567284,1817.4879999999994,1817.4879999999994,0.0,-1182.5120000000006,0
2026-03-22T18:30:45.598397,1817.4879999999994,1817.4879999999994,0.0,-1182.5120000000006,0
2026-03-22T18:30:46.625359,1817.4879999999994,1817.4879999999994,0.0,-1182.5120000000006,0
2026-03-22T18:30:47.649420,1817.4879999999994,1817.4879999999994,0.0,-1182.5120000000006,0
2026-03-22T18:30:48.666794,1817.4879999999994,1817.4879999999994,0.0,-1182.5120000000006,0
2026-03-22T18:30:49.683388,1817.4879999999994,1817.4879999999994,0.0,-1182.5120000000006,0
2026-03-22T18:30:50.717233,1817.4879999999994,1817.4879999999994,0.0,-1182.5120000000006,0
2026-03-22T18:30:51.746695,1817.4879999999994,1817.4879999999994,0.0,-1182.5120000000006,0
2026-03-22T18:30:52.767021,1817.4879999999994,1817.4879999999994,0.0,-1182.5120000000006,0
2026-03-22T18:30:53.800135,1817.4879999999994,1817.4879999999994,0.0,-1182.5120000000006,0
2026-03-22T18:30:54.825223,1817.4879999999994,1817.4879999999994,0.0,-1182.5120000000006,0
2026-03-22T18:30:55.842119,1817.4879999999994,1817.4879999999994,0.0,-1182.5120000000006,0
2026-03-22T18:30:56.867358,1817.4879999999994,1817.4879999999994,0.0,-1182.5120000000006,0
2026-03-22T18:30:57.882058,1817.4879999999994,1817.4879999999994,0.0,-1182.5120000000006,0
2026-03-22T18:30:58.908765,1817.4879999999994,1817.4879999999994,0.0,-1182.5120000000006,0
2026-03-22T18:30:59.925267,1817.4879999999994,1817.4879999999994,0.0,-1182.5120000000006,0
2026-03-22T18:31:00.941764,1817.4879999999994,1817.4879999999994,0.0,-1182.5120000000006,0
2026-03-22T18:31:01.977866,1817.4879999999994,1817.4879999999994,0.0,-1182.5120000000006,0
2026-03-22T18:31:03.025122,1817.4879999999994,1817.4879999999994,0.0,-1182.5120000000006,0
2026-03-22T18:31:04.057461,1817.4879999999994,1817.4879999999994,0.0,-1182.5120000000006,0
2026-03-22T18:31:05.108294,1817.4879999999994,1817.4879999999994,0.0,-1182.5120000000006,0
2026-03-22T18:31:06.152068,1817.4879999999994,1817.4879999999994,0.0,-1182.5120000000006,0
2026-03-22T18:31:07.217509,1817.4879999999994,1817.4879999999994,0.0,-1182.5120000000006,0
2026-03-22T18:31:08.234158,1817.4879999999994,1817.4879999999994,0.0,-1182.5120000000006,0
2026-03-22T18:31:09.258952,1817.4879999999994,1817.4879999999994,0.0,-1182.5120000000006,0
2026-03-22T18:31:10.274918,1817.4879999999994,1817.4879999999994,0.0,-1182.5120000000006,0
2026-03-22T18:31:11.307481,1817.4879999999994,1817.4879999999994,0.0,-1182.5120000000006,0
2026-03-22T18:31:12.325642,1817.4879999999994,1817.4879999999994,0.0,-1182.5120000000006,0
2026-03-22T18:31:13.341905,1817.4879999999994,1817.4879999999994,0.0,-1182.5120000000006,0
2026-03-22T18:31:14.358437,1817.4879999999994,1817.4879999999994,0.0,-1182.5120000000006,0
2026-03-22T18:31:15.391882,1817.4879999999994,1817.4879999999994,0.0,-1182.5120000000006,0
2026-03-22T18:31:16.409004,1817.4879999999994,1817.4879999999994,0.0,-1182.5120000000006,0
2026-03-22T18:31:17.425227,1817.4879999999994,1817.4879999999994,0.0,-1182.5120000000006,0
2026-03-22T18:31:18.440513,1817.4879999999994,1817.4879999999994,0.0,-1182.5120000000006,0
2026-03-22T18:31:19.458407,1817.4879999999994,1817.4879999999994,0.0,-1182.5120000000006,0
2026-03-22T18:31:20.483582,1817.4879999999994,1817.4879999999994,0.0,-1182.5120000000006,0
2026-03-22T18:31:21.500717,1817.4879999999994,1817.4879999999994,0.0,-1182.5120000000006,0
2026-03-22T18:31:22.525578,1817.4879999999994,1817.4879999999994,0.0,-1182.5120000000006,0
2026-03-22T18:31:23.542041,1817.4879999999994,1817.4879999999994,0.0,-1182.5120000000006,0
2026-03-22T18:31:24.567381,1817.4879999999994,1817.4879999999994,0.0,-1182.5120000000006,0
2026-03-22T18:31:25.612244,1817.4879999999994,1817.4879999999994,0.0,-1182.5120000000006,0
2026-03-22T18:31:26.731842,1817.4879999999994,1817.4879999999994,0.0,-1182.5120000000006,0
2026-03-22T18:31:27.751694,1817.4879999999994,1817.4879999999994,0.0,-1182.5120000000006,0
2026-03-22T18:31:28.774380,1817.4879999999994,1817.4879999999994,0.0,-1182.5120000000006,0
2026-03-22T18:31:29.800061,1817.4879999999994,1817.4879999999994,0.0,-1182.5120000000006,0
2026-03-22T18:31:30.841184,1817.4879999999994,1726.8679999999995,90.62,-1182.5120000000006,0
2026-03-22T18:31:31.865543,1816.6279999999992,1726.0079999999994,90.62,-1183.3720000000005,0.0
2026-03-22T18:31:32.885676,1816.6279999999992,1726.0079999999994,90.62,-1183.3720000000005,0.0
2026-03-22T18:31:33.908968,1816.6279999999992,1726.0079999999994,90.62,-1183.3720000000005,0.0
2026-03-22T18:31:34.940987,1816.6279999999992,1726.0079999999994,90.62,-1183.3720000000005,0.0
2026-03-22T18:31:35.958396,1816.6279999999992,1726.0079999999994,90.62,-1183.3720000000005,0.0
2026-03-22T18:31:36.975323,1816.6279999999992,1726.0079999999994,90.62,-1183.3720000000005,0.0
2026-03-22T18:31:37.991829,1816.6279999999992,1726.0079999999994,90.62,-1183.3720000000005,0.0
2026-03-22T18:31:39.017160,1816.6279999999992,1726.0079999999994,90.62,-1183.3720000000005,0.0
2026-03-22T18:31:40.032393,1816.6279999999992,1726.0079999999994,90.62,-1183.3720000000005,0.0
2026-03-22T18:31:41.058515,1816.6279999999992,1726.0079999999994,90.62,-1183.3720000000005,0.0
2026-03-22T18:31:42.075268,1822.5379999999993,1726.0079999999994,90.62,-1183.3720000000005,5.909999999999994
2026-03-22T18:31:43.099325,1822.5379999999993,1726.0079999999994,90.62,-1183.3720000000005,5.909999999999994
2026-03-22T18:31:44.117362,1822.5379999999993,1726.0079999999994,90.62,-1183.3720000000005,5.909999999999994
2026-03-22T18:31:45.141687,1822.5379999999993,1726.0079999999994,90.62,-1183.3720000000005,5.909999999999994
2026-03-22T18:31:46.200232,1822.5379999999993,1726.0079999999994,90.62,-1183.3720000000005,5.909999999999994
2026-03-22T18:31:47.225184,1822.5379999999993,1726.0079999999994,90.62,-1183.3720000000005,5.909999999999994
2026-03-22T18:31:48.245452,1822.5379999999993,1726.0079999999994,90.62,-1183.3720000000005,5.909999999999994
2026-03-22T18:31:49.258306,1822.5379999999993,1726.0079999999994,90.62,-1183.3720000000005,5.909999999999994
2026-03-22T18:31:50.283516,1822.5379999999993,1726.0079999999994,90.62,-1183.3720000000005,5.909999999999994
2026-03-22T18:31:51.300303,1822.5379999999993,1726.0079999999994,90.62,-1183.3720000000005,5.909999999999994
2026-03-22T18:31:52.324174,1822.5379999999993,1726.0079999999994,90.62,-1183.3720000000005,5.909999999999994
2026-03-22T18:31:53.350313,1822.5379999999993,1726.0079999999994,90.62,-1183.3720000000005,5.909999999999994
2026-03-22T18:31:54.382225,1822.5379999999993,1726.0079999999994,90.62,-1183.3720000000005,5.909999999999994
2026-03-22T18:31:55.400744,1822.5379999999993,1726.0079999999994,90.62,-1183.3720000000005,5.909999999999994
2026-03-22T18:31:56.416816,1822.5379999999993,1726.0079999999994,90.62,-1183.3720000000005,5.909999999999994
2026-03-22T18:31:57.433262,1822.5379999999993,1726.0079999999994,90.62,-1183.3720000000005,5.909999999999994
2026-03-22T18:31:58.457558,1832.3879999999992,1726.0079999999994,90.62,-1183.3720000000005,15.760000000000003
2026-03-22T18:31:59.484551,1832.3879999999992,1726.0079999999994,90.62,-1183.3720000000005,15.760000000000003
2026-03-22T18:32:00.500198,1832.3879999999992,1726.0079999999994,90.62,-1183.3720000000005,15.760000000000003
2026-03-22T18:32:01.523323,1832.3879999999992,1726.0079999999994,90.62,-1183.3720000000005,15.760000000000003
2026-03-22T18:32:02.542363,1832.3879999999992,1726.0079999999994,90.62,-1183.3720000000005,15.760000000000003
2026-03-22T18:32:03.565938,1832.3879999999992,1726.0079999999994,90.62,-1183.3720000000005,15.760000000000003
2026-03-22T18:32:04.590252,1832.3879999999992,1726.0079999999994,90.62,-1183.3720000000005,15.760000000000003
2026-03-22T18:32:05.650115,1832.3879999999992,1726.0079999999994,90.62,-1183.3720000000005,15.760000000000003
2026-03-22T18:32:06.667215,1832.3879999999992,1726.0079999999994,90.62,-1183.3720000000005,15.760000000000003
2026-03-22T18:32:07.683211,1832.3879999999992,1726.0079999999994,90.62,-1183.3720000000005,15.760000000000003
2026-03-22T18:32:08.708385,1832.3879999999992,1726.0079999999994,90.62,-1183.3720000000005,15.760000000000003
2026-03-22T18:32:09.733449,1832.3879999999992,1726.0079999999994,90.62,-1183.3720000000005,15.760000000000003
2026-03-22T18:32:10.750074,1832.3879999999992,1726.0079999999994,90.62,-1183.3720000000005,15.760000000000003
2026-03-22T18:32:11.776649,1832.3879999999992,1726.0079999999994,90.62,-1183.3720000000005,15.760000000000003
2026-03-22T18:32:12.793093,1832.3879999999992,1726.0079999999994,90.62,-1183.3720000000005,15.760000000000003
2026-03-22T18:32:13.818126,1821.1579999999994,1821.1579999999994,0.0,-1178.8420000000006,0
2026-03-22T18:32:14.833436,1821.1579999999994,1821.1579999999994,0.0,-1178.8420000000006,0
2026-03-22T18:32:15.864485,1821.1579999999994,1821.1579999999994,0.0,-1178.8420000000006,0
2026-03-22T18:32:16.885623,1821.1579999999994,1821.1579999999994,0.0,-1178.8420000000006,0
2026-03-22T18:32:17.901588,1821.1579999999994,1821.1579999999994,0.0,-1178.8420000000006,0
2026-03-22T18:32:18.925076,1821.1579999999994,1821.1579999999994,0.0,-1178.8420000000006,0
2026-03-22T18:32:19.942204,1821.1579999999994,1821.1579999999994,0.0,-1178.8420000000006,0
2026-03-22T18:32:20.972320,1821.1579999999994,1821.1579999999994,0.0,-1178.8420000000006,0
2026-03-22T18:32:22.017085,1821.1579999999994,1821.1579999999994,0.0,-1178.8420000000006,0
2026-03-22T18:32:23.075514,1821.1579999999994,1821.1579999999994,0.0,-1178.8420000000006,0
2026-03-22T18:32:24.090937,1821.1579999999994,1821.1579999999994,0.0,-1178.8420000000006,0
2026-03-22T18:32:25.108474,1821.1579999999994,1821.1579999999994,0.0,-1178.8420000000006,0
2026-03-22T18:32:26.133267,1821.1579999999994,1821.1579999999994,0.0,-1178.8420000000006,0
2026-03-22T18:32:27.158548,1821.1579999999994,1821.1579999999994,0.0,-1178.8420000000006,0
2026-03-22T18:32:28.183473,1821.1579999999994,1821.1579999999994,0.0,-1178.8420000000006,0
2026-03-22T18:32:29.208552,1821.1579999999994,1821.1579999999994,0.0,-1178.8420000000006,0
2026-03-22T18:32:30.225250,1821.1579999999994,1821.1579999999994,0.0,-1178.8420000000006,0
2026-03-22T18:32:31.242439,1821.1579999999994,1821.1579999999994,0.0,-1178.8420000000006,0
2026-03-22T18:32:32.259000,1821.1579999999994,1821.1579999999994,0.0,-1178.8420000000006,0
2026-03-22T18:32:33.285582,1821.1579999999994,1821.1579999999994,0.0,-1178.8420000000006,0
2026-03-22T18:32:34.299312,1821.1579999999994,1821.1579999999994,0.0,-1178.8420000000006,0
2026-03-22T18:32:35.316681,1821.1579999999994,1821.1579999999994,0.0,-1178.8420000000006,0
2026-03-22T18:32:36.341587,1821.1579999999994,1821.1579999999994,0.0,-1178.8420000000006,0
2026-03-22T18:32:37.366911,1821.1579999999994,1821.1579999999994,0.0,-1178.8420000000006,0
2026-03-22T18:32:38.383306,1821.1579999999994,1821.1579999999994,0.0,-1178.8420000000006,0
2026-03-22T18:32:39.408566,1821.1579999999994,1821.1579999999994,0.0,-1178.8420000000006,0
2026-03-22T18:32:40.475470,1821.1579999999994,1821.1579999999994,0.0,-1178.8420000000006,0
2026-03-22T18:32:41.491665,1821.1579999999994,1821.1579999999994,0.0,-1178.8420000000006,0
2026-03-22T18:32:42.524251,1821.1579999999994,1821.1579999999994,0.0,-1178.8420000000006,0
2026-03-22T18:32:43.549968,1821.1579999999994,1821.1579999999994,0.0,-1178.8420000000006,0
2026-03-22T18:32:44.567913,1821.1579999999994,1821.1579999999994,0.0,-1178.8420000000006,0
2026-03-22T18:32:45.591491,1821.1579999999994,1821.1579999999994,0.0,-1178.8420000000006,0
2026-03-22T18:32:46.608280,1821.1579999999994,1821.1579999999994,0.0,-1178.8420000000006,0
2026-03-22T18:32:47.624847,1821.1579999999994,1821.1579999999994,0.0,-1178.8420000000006,0
2026-03-22T18:32:48.650080,1821.1579999999994,1821.1579999999994,0.0,-1178.8420000000006,0
2026-03-22T18:32:49.674987,1821.1579999999994,1821.1579999999994,0.0,-1178.8420000000006,0
2026-03-22T18:32:50.700441,1821.1579999999994,1821.1579999999994,0.0,-1178.8420000000006,0
2026-03-22T18:32:51.723671,1821.1579999999994,1821.1579999999994,0.0,-1178.8420000000006,0
2026-03-22T18:32:52.750237,1821.1579999999994,1821.1579999999994,0.0,-1178.8420000000006,0
2026-03-22T18:32:53.781695,1821.1579999999994,1821.1579999999994,0.0,-1178.8420000000006,0
2026-03-22T18:32:54.808590,1821.1579999999994,1821.1579999999994,0.0,-1178.8420000000006,0
2026-03-22T18:32:55.833555,1821.1579999999994,1821.1579999999994,0.0,-1178.8420000000006,0
2026-03-22T18:32:56.858944,1821.1579999999994,1821.1579999999994,0.0,-1178.8420000000006,0
2026-03-22T18:32:57.924882,1821.1579999999994,1821.1579999999994,0.0,-1178.8420000000006,0
2026-03-22T18:32:58.950553,1821.1579999999994,1821.1579999999994,0.0,-1178.8420000000006,0
2026-03-22T18:32:59.974914,1821.1579999999994,1821.1579999999994,0.0,-1178.8420000000006,0
2026-03-22T18:33:01.000176,1821.1579999999994,1821.1579999999994,0.0,-1178.8420000000006,0
2026-03-22T18:33:02.016572,1821.1579999999994,1821.1579999999994,0.0,-1178.8420000000006,0
2026-03-22T18:33:03.033145,1821.1579999999994,1821.1579999999994,0.0,-1178.8420000000006,0
2026-03-22T18:33:04.049184,1821.1579999999994,1821.1579999999994,0.0,-1178.8420000000006,0
2026-03-22T18:33:05.074989,1821.1579999999994,1821.1579999999994,0.0,-1178.8420000000006,0
2026-03-22T18:33:06.099352,1821.1579999999994,1821.1579999999994,0.0,-1178.8420000000006,0
2026-03-22T18:33:07.118173,1821.1579999999994,1821.1579999999994,0.0,-1178.8420000000006,0
2026-03-22T18:33:08.134109,1821.1579999999994,1821.1579999999994,0.0,-1178.8420000000006,0
2026-03-22T18:33:09.150470,1821.1579999999994,1821.1579999999994,0.0,-1178.8420000000006,0
2026-03-22T18:33:10.174232,1821.1579999999994,1821.1579999999994,0.0,-1178.8420000000006,0
2026-03-22T18:33:11.206482,1821.1579999999994,1821.1579999999994,0.0,-1178.8420000000006,0
2026-03-22T18:33:12.224616,1821.1579999999994,1821.1579999999994,0.0,-1178.8420000000006,0
2026-03-22T18:33:13.250172,1821.1579999999994,1821.1579999999994,0.0,-1178.8420000000006,0
2026-03-22T18:33:14.276935,1821.1579999999994,1821.1579999999994,0.0,-1178.8420000000006,0
2026-03-22T18:33:15.300412,1821.1579999999994,1821.1579999999994,0.0,-1178.8420000000006,0
2026-03-22T18:33:16.367156,1821.1579999999994,1821.1579999999994,0.0,-1178.8420000000006,0
2026-03-22T18:33:17.391672,1821.1579999999994,1821.1579999999994,0.0,-1178.8420000000006,0
2026-03-22T18:33:18.407415,1821.1579999999994,1821.1579999999994,0.0,-1178.8420000000006,0
2026-03-22T18:33:19.437776,1821.1579999999994,1821.1579999999994,0.0,-1178.8420000000006,0
2026-03-22T18:33:20.474336,1821.1579999999994,1821.1579999999994,0.0,-1178.8420000000006,0
2026-03-22T18:33:21.499286,1821.1579999999994,1821.1579999999994,0.0,-1178.8420000000006,0
2026-03-22T18:33:22.516516,1821.1579999999994,1821.1579999999994,0.0,-1178.8420000000006,0
2026-03-22T18:33:23.531543,1821.1579999999994,1821.1579999999994,0.0,-1178.8420000000006,0
2026-03-22T18:33:24.549790,1821.1579999999994,1821.1579999999994,0.0,-1178.8420000000006,0
2026-03-22T18:33:25.566558,1821.1579999999994,1821.1579999999994,0.0,-1178.8420000000006,0
2026-03-22T18:33:26.583086,1821.1579999999994,1821.1579999999994,0.0,-1178.8420000000006,0
2026-03-22T18:33:27.607544,1821.1579999999994,1821.1579999999994,0.0,-1178.8420000000006,0
2026-03-22T18:33:28.633216,1821.1579999999994,1821.1579999999994,0.0,-1178.8420000000006,0
2026-03-22T18:33:29.658354,1821.1579999999994,1821.1579999999994,0.0,-1178.8420000000006,0
2026-03-22T18:33:30.676220,1821.1579999999994,1821.1579999999994,0.0,-1178.8420000000006,0
2026-03-22T18:33:31.698651,1821.1579999999994,1821.1579999999994,0.0,-1178.8420000000006,0
2026-03-22T18:33:32.733294,1821.1579999999994,1821.1579999999994,0.0,-1178.8420000000006,0
2026-03-22T18:33:33.808304,1821.1579999999994,1821.1579999999994,0.0,-1178.8420000000006,0
2026-03-22T18:33:34.823311,1821.1579999999994,1821.1579999999994,0.0,-1178.8420000000006,0
2026-03-22T18:33:35.841517,1821.1579999999994,1821.1579999999994,0.0,-1178.8420000000006,0
2026-03-22T18:33:36.866454,1821.1579999999994,1821.1579999999994,0.0,-1178.8420000000006,0
2026-03-22T18:33:37.890809,1821.1579999999994,1821.1579999999994,0.0,-1178.8420000000006,0
2026-03-22T18:33:38.918411,1821.1579999999994,1821.1579999999994,0.0,-1178.8420000000006,0
2026-03-22T18:33:39.942267,1821.1579999999994,1821.1579999999994,0.0,-1178.8420000000006,0
2026-03-22T18:33:40.960851,1821.1579999999994,1821.1579999999994,0.0,-1178.8420000000006,0
2026-03-22T18:33:41.993986,1821.1579999999994,1821.1579999999994,0.0,-1178.8420000000006,0
2026-03-22T18:33:43.017700,1821.1579999999994,1821.1579999999994,0.0,-1178.8420000000006,0
2026-03-22T18:33:44.041848,1821.1579999999994,1821.1579999999994,0.0,-1178.8420000000006,0
2026-03-22T18:33:45.068471,1821.1579999999994,1821.1579999999994,0.0,-1178.8420000000006,0
2026-03-22T18:33:46.100513,1821.1579999999994,1821.1579999999994,0.0,-1178.8420000000006,0
2026-03-22T18:33:47.117178,1821.1579999999994,1821.1579999999994,0.0,-1178.8420000000006,0
2026-03-22T18:33:48.150441,1821.1579999999994,1821.1579999999994,0.0,-1178.8420000000006,0
2026-03-22T18:33:49.168161,1821.1579999999994,1821.1579999999994,0.0,-1178.8420000000006,0
2026-03-22T18:33:50.200764,1821.1579999999994,1821.1579999999994,0.0,-1178.8420000000006,0
2026-03-22T18:33:51.271598,1821.1579999999994,1821.1579999999994,0.0,-1178.8420000000006,0
2026-03-22T18:33:52.291960,1821.1579999999994,1821.1579999999994,0.0,-1178.8420000000006,0
2026-03-22T18:33:53.316500,1821.1579999999994,1821.1579999999994,0.0,-1178.8420000000006,0
2026-03-22T18:33:54.342394,1821.1579999999994,1821.1579999999994,0.0,-1178.8420000000006,0
2026-03-22T18:33:55.375270,1821.1579999999994,1821.1579999999994,0.0,-1178.8420000000006,0
2026-03-22T18:33:56.398547,1821.1579999999994,1821.1579999999994,0.0,-1178.8420000000006,0
2026-03-22T18:33:57.416846,1821.1579999999994,1821.1579999999994,0.0,-1178.8420000000006,0
2026-03-22T18:33:58.433216,1821.1579999999994,1821.1579999999994,0.0,-1178.8420000000006,0
2026-03-22T18:39:17.598185,1813.5979999999995,1642.4779999999996,177.06,-1180.4620000000004,-5.940000000000017
2026-03-22T18:39:18.635302,1813.5979999999995,1642.4779999999996,177.06,-1180.4620000000004,-5.940000000000017
2026-03-22T18:39:19.675452,1813.5979999999995,1642.4779999999996,177.06,-1180.4620000000004,-5.940000000000017
2026-03-22T18:39:20.714308,1813.5979999999995,1642.4779999999996,177.06,-1180.4620000000004,-5.940000000000017
2026-03-22T18:39:21.750895,1813.5979999999995,1642.4779999999996,177.06,-1180.4620000000004,-5.940000000000017
2026-03-22T18:39:22.794225,1813.5979999999995,1642.4779999999996,177.06,-1180.4620000000004,-5.940000000000017
2026-03-22T18:39:23.859563,1813.5979999999995,1642.4779999999996,177.06,-1180.4620000000004,-5.940000000000017
2026-03-22T18:39:24.884215,1813.5979999999995,1642.4779999999996,177.06,-1180.4620000000004,-5.940000000000017
2026-03-22T18:39:25.923784,1813.5979999999995,1642.4779999999996,177.06,-1180.4620000000004,-5.940000000000017
2026-03-22T18:39:26.959028,1813.5979999999995,1642.4779999999996,177.06,-1180.4620000000004,-5.940000000000017
2026-03-22T18:39:28.003470,1780.1179999999995,1642.4779999999996,177.06,-1180.4620000000004,-39.42
2026-03-22T18:39:29.034442,1780.1179999999995,1642.4779999999996,177.06,-1180.4620000000004,-39.42
2026-03-22T18:39:30.067180,1780.1179999999995,1642.4779999999996,177.06,-1180.4620000000004,-39.42
2026-03-22T18:39:31.126232,1780.1179999999995,1642.4779999999996,177.06,-1180.4620000000004,-39.42
2026-03-22T18:39:32.191352,1780.1179999999995,1642.4779999999996,177.06,-1180.4620000000004,-39.42
2026-03-22T18:39:33.215799,1780.1179999999995,1642.4779999999996,177.06,-1180.4620000000004,-39.42
2026-03-22T18:39:34.251796,1780.1179999999995,1642.4779999999996,177.06,-1180.4620000000004,-39.42
2026-03-22T18:39:35.291959,1780.1179999999995,1642.4779999999996,177.06,-1180.4620000000004,-39.42
2026-03-22T18:39:36.327977,1780.1179999999995,1642.4779999999996,177.06,-1180.4620000000004,-39.42
2026-03-22T18:39:37.370469,1780.1179999999995,1642.4779999999996,177.06,-1180.4620000000004,-39.42
2026-03-22T18:39:38.408664,1780.1179999999995,1642.4779999999996,177.06,-1180.4620000000004,-39.42
2026-03-22T18:39:39.424029,1780.1179999999995,1642.4779999999996,177.06,-1180.4620000000004,-39.42
2026-03-22T18:39:40.446223,1780.1179999999995,1642.4779999999996,177.06,-1180.4620000000004,-39.42
2026-03-22T18:39:41.473673,1780.1179999999995,1642.4779999999996,177.06,-1180.4620000000004,-39.42
2026-03-22T18:39:42.511151,1780.1179999999995,1642.4779999999996,177.06,-1180.4620000000004,-39.42
2026-03-22T18:39:43.545500,1780.1179999999995,1642.4779999999996,177.06,-1180.4620000000004,-39.42
2026-03-22T18:39:44.584271,1780.1179999999995,1642.4779999999996,177.06,-1180.4620000000004,-39.42
2026-03-22T18:39:45.606057,1780.1179999999995,1642.4779999999996,177.06,-1180.4620000000004,-39.42
2026-03-22T18:39:46.641610,1780.1179999999995,1642.4779999999996,177.06,-1180.4620000000004,-39.42
2026-03-22T18:39:47.680495,1780.1179999999995,1642.4779999999996,177.06,-1180.4620000000004,-39.42
2026-03-22T18:39:48.716629,1780.1179999999995,1642.4779999999996,177.06,-1180.4620000000004,-39.42
2026-03-22T18:39:49.774165,1780.1179999999995,1642.4779999999996,177.06,-1180.4620000000004,-39.42
2026-03-22T18:39:50.808141,1780.1179999999995,1642.4779999999996,177.06,-1180.4620000000004,-39.42
2026-03-22T18:39:51.843128,1780.1179999999995,1642.4779999999996,177.06,-1180.4620000000004,-39.42
2026-03-22T18:39:52.868645,1780.1179999999995,1642.4779999999996,177.06,-1180.4620000000004,-39.42
2026-03-22T18:39:53.897149,1780.1179999999995,1642.4779999999996,177.06,-1180.4620000000004,-39.42
2026-03-22T18:39:54.927511,1780.1179999999995,1642.4779999999996,177.06,-1180.4620000000004,-39.42
2026-03-22T18:39:55.949451,1780.1179999999995,1642.4779999999996,177.06,-1180.4620000000004,-39.42
2026-03-22T18:39:56.972322,1780.1179999999995,1642.4779999999996,177.06,-1180.4620000000004,-39.42
2026-03-22T18:39:58.008198,1780.1179999999995,1642.4779999999996,177.06,-1180.4620000000004,-39.42
2026-03-22T18:39:59.030262,1780.1179999999995,1642.4779999999996,177.06,-1180.4620000000004,-39.42
2026-03-22T18:40:00.060538,1780.1179999999995,1642.4779999999996,177.06,-1180.4620000000004,-39.42
2026-03-22T18:40:01.096561,1780.1179999999995,1642.4779999999996,177.06,-1180.4620000000004,-39.42
2026-03-22T18:40:02.124453,1780.1179999999995,1642.4779999999996,177.06,-1180.4620000000004,-39.42
2026-03-22T18:40:03.149449,1780.1179999999995,1642.4779999999996,177.06,-1180.4620000000004,-39.42
2026-03-22T18:40:04.175113,1780.1179999999995,1642.4779999999996,177.06,-1180.4620000000004,-39.42
2026-03-22T18:40:05.210479,1780.1179999999995,1642.4779999999996,177.06,-1180.4620000000004,-39.42
2026-03-22T18:40:06.246339,1780.1179999999995,1642.4779999999996,177.06,-1180.4620000000004,-39.42
2026-03-22T18:40:07.407799,1798.7179999999996,1642.4779999999996,177.06,-1180.4620000000004,-20.81999999999999
2026-03-22T18:40:08.475417,1798.7179999999996,1642.4779999999996,177.06,-1180.4620000000004,-20.81999999999999
2026-03-22T18:40:09.509783,1798.7179999999996,1642.4779999999996,177.06,-1180.4620000000004,-20.81999999999999
2026-03-22T18:40:10.555511,1798.7179999999996,1642.4779999999996,177.06,-1180.4620000000004,-20.81999999999999
2026-03-22T18:40:11.595229,1798.7179999999996,1642.4779999999996,177.06,-1180.4620000000004,-20.81999999999999
2026-03-22T18:40:12.626045,1798.7179999999996,1642.4779999999996,177.06,-1180.4620000000004,-20.81999999999999
2026-03-22T18:40:13.658857,1798.7179999999996,1642.4779999999996,177.06,-1180.4620000000004,-20.81999999999999
2026-03-22T18:40:14.696221,1798.7179999999996,1642.4779999999996,177.06,-1180.4620000000004,-20.81999999999999
2026-03-22T18:40:15.725828,1798.7179999999996,1642.4779999999996,177.06,-1180.4620000000004,-20.81999999999999
2026-03-22T18:40:16.763001,1798.7179999999996,1642.4779999999996,177.06,-1180.4620000000004,-20.81999999999999
2026-03-22T18:40:17.807794,1798.7179999999996,1642.4779999999996,177.06,-1180.4620000000004,-20.81999999999999
2026-03-22T18:40:18.821901,1798.7179999999996,1642.4779999999996,177.06,-1180.4620000000004,-20.81999999999999
2026-03-22T18:40:19.855125,1798.7179999999996,1642.4779999999996,177.06,-1180.4620000000004,-20.81999999999999
2026-03-22T18:40:20.896803,1798.7179999999996,1642.4779999999996,177.06,-1180.4620000000004,-20.81999999999999
2026-03-22T18:40:21.917802,1798.7179999999996,1642.4779999999996,177.06,-1180.4620000000004,-20.81999999999999
2026-03-22T18:40:22.943795,1798.7179999999996,1642.4779999999996,177.06,-1180.4620000000004,-20.81999999999999
2026-03-22T18:40:23.966355,1798.7179999999996,1642.4779999999996,177.06,-1180.4620000000004,-20.81999999999999
2026-03-22T18:40:24.994337,1809.8779999999995,1642.4779999999996,177.06,-1180.4620000000004,-9.66000000000002
2026-03-22T18:40:26.058235,1809.8779999999995,1642.4779999999996,177.06,-1180.4620000000004,-9.66000000000002
2026-03-22T18:40:27.074613,1809.8779999999995,1642.4779999999996,177.06,-1180.4620000000004,-9.66000000000002
2026-03-22T18:40:28.107707,1809.8779999999995,1642.4779999999996,177.06,-1180.4620000000004,-9.66000000000002
2026-03-22T18:40:29.133153,1809.8779999999995,1642.4779999999996,177.06,-1180.4620000000004,-9.66000000000002
2026-03-22T18:40:30.164974,1809.8779999999995,1642.4779999999996,177.06,-1180.4620000000004,-9.66000000000002
2026-03-22T18:40:31.192019,1809.8779999999995,1642.4779999999996,177.06,-1180.4620000000004,-9.66000000000002
2026-03-22T18:40:32.216047,1809.8779999999995,1642.4779999999996,177.06,-1180.4620000000004,-9.66000000000002
2026-03-22T18:40:33.257781,1809.8779999999995,1642.4779999999996,177.06,-1180.4620000000004,-9.66000000000002
2026-03-22T18:40:34.290937,1809.8779999999995,1642.4779999999996,177.06,-1180.4620000000004,-9.66000000000002
2026-03-22T18:40:35.324467,1809.8779999999995,1642.4779999999996,177.06,-1180.4620000000004,-9.66000000000002
2026-03-22T18:40:36.349340,1809.8779999999995,1642.4779999999996,177.06,-1180.4620000000004,-9.66000000000002
2026-03-22T18:40:37.374521,1809.8779999999995,1642.4779999999996,177.06,-1180.4620000000004,-9.66000000000002
2026-03-22T18:40:38.400720,1809.8779999999995,1642.4779999999996,177.06,-1180.4620000000004,-9.66000000000002
2026-03-22T18:40:39.431902,1809.8779999999995,1642.4779999999996,177.06,-1180.4620000000004,-9.66000000000002
2026-03-22T18:40:40.457969,1809.8779999999995,1642.4779999999996,177.06,-1180.4620000000004,-9.66000000000002
2026-03-22T18:40:41.482906,1809.8779999999995,1642.4779999999996,177.06,-1180.4620000000004,-9.66000000000002
2026-03-22T18:40:42.507819,1809.8779999999995,1642.4779999999996,177.06,-1180.4620000000004,-9.66000000000002
2026-03-22T18:40:43.583167,1809.8779999999995,1642.4779999999996,177.06,-1180.4620000000004,-9.66000000000002
2026-03-22T18:40:44.607812,1809.8779999999995,1642.4779999999996,177.06,-1180.4620000000004,-9.66000000000002
2026-03-22T18:40:45.641948,1809.8779999999995,1642.4779999999996,177.06,-1180.4620000000004,-9.66000000000002
2026-03-22T18:40:46.665958,1809.8779999999995,1642.4779999999996,177.06,-1180.4620000000004,-9.66000000000002
2026-03-22T18:40:47.690527,1809.8779999999995,1642.4779999999996,177.06,-1180.4620000000004,-9.66000000000002
2026-03-22T18:40:48.716232,1809.8779999999995,1642.4779999999996,177.06,-1180.4620000000004,-9.66000000000002
2026-03-22T18:40:49.741460,1809.8779999999995,1642.4779999999996,177.06,-1180.4620000000004,-9.66000000000002
2026-03-22T18:40:50.766771,1809.8779999999995,1642.4779999999996,177.06,-1180.4620000000004,-9.66000000000002
2026-03-22T18:40:51.783995,1809.8779999999995,1642.4779999999996,177.06,-1180.4620000000004,-9.66000000000002
2026-03-22T18:40:52.809481,1809.8779999999995,1642.4779999999996,177.06,-1180.4620000000004,-9.66000000000002
2026-03-22T18:40:53.841160,1809.8779999999995,1642.4779999999996,177.06,-1180.4620000000004,-9.66000000000002
2026-03-22T18:40:54.866057,1809.8779999999995,1642.4779999999996,177.06,-1180.4620000000004,-9.66000000000002
2026-03-22T18:40:55.891220,1809.8779999999995,1642.4779999999996,177.06,-1180.4620000000004,-9.66000000000002
2026-03-22T18:40:56.908541,1809.8779999999995,1642.4779999999996,177.06,-1180.4620000000004,-9.66000000000002
2026-03-22T18:40:57.924427,1809.8779999999995,1642.4779999999996,177.06,-1180.4620000000004,-9.66000000000002
2026-03-22T18:40:58.940956,1828.4779999999994,1828.4779999999994,0.0,-1171.5220000000006,0
2026-03-22T18:40:59.975428,1828.4779999999994,1737.5779999999993,90.9,-1171.5220000000006,0
2026-03-22T18:41:01.024826,1828.4779999999994,1737.5779999999993,90.9,-1171.5220000000006,0
2026-03-22T18:41:02.049432,1828.4779999999994,1737.5779999999993,90.9,-1171.5220000000006,0
2026-03-22T18:41:03.074343,1828.4779999999994,1737.5779999999993,90.9,-1171.5220000000006,0
2026-03-22T18:41:04.098401,1828.3179999999993,1737.4179999999992,90.9,-1171.6820000000007,0.0
2026-03-22T18:41:05.124587,1828.3179999999993,1737.4179999999992,90.9,-1171.6820000000007,0.0
2026-03-22T18:41:06.157746,1828.3179999999993,1737.4179999999992,90.9,-1171.6820000000007,0.0
2026-03-22T18:41:07.182855,1828.3179999999993,1737.4179999999992,90.9,-1171.6820000000007,0.0
2026-03-22T18:41:08.216252,1828.3179999999993,1737.4179999999992,90.9,-1171.6820000000007,0.0
2026-03-22T18:41:09.241191,1828.3179999999993,1737.4179999999992,90.9,-1171.6820000000007,0.0
2026-03-22T18:41:10.267716,1828.3179999999993,1737.4179999999992,90.9,-1171.6820000000007,0.0
2026-03-22T18:41:11.283423,1828.3179999999993,1737.4179999999992,90.9,-1171.6820000000007,0.0
2026-03-22T18:41:12.316222,1828.3179999999993,1737.4179999999992,90.9,-1171.6820000000007,0.0
2026-03-22T18:41:13.341276,1828.3179999999993,1737.4179999999992,90.9,-1171.6820000000007,0.0
2026-03-22T18:41:14.357616,1828.3179999999993,1737.4179999999992,90.9,-1171.6820000000007,0.0
2026-03-22T18:41:15.391335,1822.2579999999994,1737.4179999999992,90.9,-1171.6820000000007,-6.060000000000006
2026-03-22T18:41:16.407824,1822.2579999999994,1737.4179999999992,90.9,-1171.6820000000007,-6.060000000000006
2026-03-22T18:41:17.432462,1822.2579999999994,1737.4179999999992,90.9,-1171.6820000000007,-6.060000000000006
2026-03-22T18:41:18.466818,1822.2579999999994,1737.4179999999992,90.9,-1171.6820000000007,-6.060000000000006
2026-03-22T18:41:19.541299,1822.2579999999994,1737.4179999999992,90.9,-1171.6820000000007,-6.060000000000006
2026-03-22T18:41:20.566105,1822.2579999999994,1737.4179999999992,90.9,-1171.6820000000007,-6.060000000000006
2026-03-22T18:41:21.591373,1822.2579999999994,1737.4179999999992,90.9,-1171.6820000000007,-6.060000000000006
2026-03-22T18:41:22.616638,1822.2579999999994,1737.4179999999992,90.9,-1171.6820000000007,-6.060000000000006
2026-03-22T18:41:23.641411,1822.2579999999994,1737.4179999999992,90.9,-1171.6820000000007,-6.060000000000006
2026-03-22T18:41:24.666045,1822.2579999999994,1737.4179999999992,90.9,-1171.6820000000007,-6.060000000000006
2026-03-22T18:41:25.699683,1822.2579999999994,1737.4179999999992,90.9,-1171.6820000000007,-6.060000000000006
2026-03-22T18:41:26.724559,1822.2579999999994,1737.4179999999992,90.9,-1171.6820000000007,-6.060000000000006
2026-03-22T18:41:27.749499,1822.2579999999994,1737.4179999999992,90.9,-1171.6820000000007,-6.060000000000006
2026-03-22T18:41:28.774623,1822.2579999999994,1737.4179999999992,90.9,-1171.6820000000007,-6.060000000000006
2026-03-22T18:41:29.799431,1822.2579999999994,1737.4179999999992,90.9,-1171.6820000000007,-6.060000000000006
2026-03-22T18:41:30.824275,1822.2579999999994,1737.4179999999992,90.9,-1171.6820000000007,-6.060000000000006
2026-03-22T18:41:31.858288,1822.2579999999994,1737.4179999999992,90.9,-1171.6820000000007,-6.060000000000006
2026-03-22T18:41:32.901314,1754.5879999999993,1754.5879999999993,0.0,-1245.4120000000007,0
2026-03-22T18:41:33.935933,1754.5879999999993,1754.5879999999993,0.0,-1245.4120000000007,0
2026-03-22T18:41:34.967245,1754.5879999999993,1754.5879999999993,0.0,-1245.4120000000007,0
2026-03-22T18:41:36.022421,1754.5879999999993,1754.5879999999993,0.0,-1245.4120000000007,0
2026-03-22T18:41:37.115822,1754.5879999999993,1754.5879999999993,0.0,-1245.4120000000007,0
2026-03-22T18:41:38.148425,1754.5879999999993,1754.5879999999993,0.0,-1245.4120000000007,0
2026-03-22T18:41:39.172909,1754.5879999999993,1754.5879999999993,0.0,-1245.4120000000007,0
2026-03-22T18:41:40.192756,1754.5879999999993,1754.5879999999993,0.0,-1245.4120000000007,0
2026-03-22T18:41:41.226340,1754.5879999999993,1754.5879999999993,0.0,-1245.4120000000007,0
2026-03-22T18:41:42.249758,1754.5879999999993,1754.5879999999993,0.0,-1245.4120000000007,0
2026-03-22T18:41:43.269414,1754.5879999999993,1754.5879999999993,0.0,-1245.4120000000007,0
2026-03-22T18:41:44.290209,1754.5879999999993,1754.5879999999993,0.0,-1245.4120000000007,0
2026-03-22T18:41:45.321860,1754.5879999999993,1754.5879999999993,0.0,-1245.4120000000007,0
2026-03-22T18:41:46.340152,1754.5879999999993,1754.5879999999993,0.0,-1245.4120000000007,0
2026-03-22T18:41:47.358152,1754.5879999999993,1754.5879999999993,0.0,-1245.4120000000007,0
2026-03-22T18:41:48.386017,1754.5879999999993,1754.5879999999993,0.0,-1245.4120000000007,0
2026-03-22T18:41:49.418084,1754.5879999999993,1754.5879999999993,0.0,-1245.4120000000007,0
2026-03-22T18:41:50.435579,1754.5879999999993,1754.5879999999993,0.0,-1245.4120000000007,0
2026-03-22T18:41:51.473047,1754.5879999999993,1754.5879999999993,0.0,-1245.4120000000007,0
2026-03-22T18:41:52.501639,1754.5879999999993,1754.5879999999993,0.0,-1245.4120000000007,0
2026-03-22T18:41:53.543908,1754.5879999999993,1754.5879999999993,0.0,-1245.4120000000007,0
2026-03-22T18:41:54.614646,1754.5879999999993,1754.5879999999993,0.0,-1245.4120000000007,0
2026-03-22T18:41:55.635578,1754.5879999999993,1754.5879999999993,0.0,-1245.4120000000007,0
2026-03-22T18:41:56.658131,1754.5879999999993,1754.5879999999993,0.0,-1245.4120000000007,0
2026-03-22T18:41:57.680155,1754.5879999999993,1754.5879999999993,0.0,-1245.4120000000007,0
2026-03-22T18:41:58.720953,1754.5879999999993,1754.5879999999993,0.0,-1245.4120000000007,0
2026-03-22T18:41:59.753165,1754.5879999999993,1754.5879999999993,0.0,-1245.4120000000007,0
2026-03-22T18:42:00.788516,1754.5879999999993,1754.5879999999993,0.0,-1245.4120000000007,0
2026-03-22T18:42:01.808699,1754.5879999999993,1754.5879999999993,0.0,-1245.4120000000007,0
2026-03-22T18:42:02.846491,1754.5879999999993,1754.5879999999993,0.0,-1245.4120000000007,0
2026-03-22T18:42:03.880323,1754.5879999999993,1754.5879999999993,0.0,-1245.4120000000007,0
2026-03-22T18:42:04.910962,1754.5879999999993,1754.5879999999993,0.0,-1245.4120000000007,0
2026-03-22T18:42:05.932602,1754.5879999999993,1754.5879999999993,0.0,-1245.4120000000007,0
2026-03-22T18:42:06.965925,1754.5879999999993,1754.5879999999993,0.0,-1245.4120000000007,0
2026-03-22T18:42:07.991402,1754.5879999999993,1754.5879999999993,0.0,-1245.4120000000007,0
2026-03-22T18:42:09.015996,1754.5879999999993,1754.5879999999993,0.0,-1245.4120000000007,0
2026-03-22T18:42:10.042862,1754.5879999999993,1754.5879999999993,0.0,-1245.4120000000007,0
2026-03-22T18:42:11.058149,1754.5879999999993,1754.5879999999993,0.0,-1245.4120000000007,0
2026-03-22T18:42:12.101021,1754.5879999999993,1754.5879999999993,0.0,-1245.4120000000007,0
2026-03-22T18:42:13.157468,1754.5879999999993,1754.5879999999993,0.0,-1245.4120000000007,0
2026-03-22T18:42:14.174178,1754.5879999999993,1754.5879999999993,0.0,-1245.4120000000007,0
2026-03-22T18:42:15.207706,1754.5879999999993,1754.5879999999993,0.0,-1245.4120000000007,0
2026-03-22T18:42:16.241158,1754.5879999999993,1754.5879999999993,0.0,-1245.4120000000007,0
2026-03-22T18:42:17.274972,1754.5879999999993,1754.5879999999993,0.0,-1245.4120000000007,0
2026-03-22T18:42:18.313065,1754.5879999999993,1754.5879999999993,0.0,-1245.4120000000007,0
2026-03-22T18:42:19.349563,1754.5879999999993,1754.5879999999993,0.0,-1245.4120000000007,0
2026-03-22T18:42:20.375633,1754.5879999999993,1754.5879999999993,0.0,-1245.4120000000007,0
2026-03-22T18:42:21.406880,1754.5879999999993,1754.5879999999993,0.0,-1245.4120000000007,0
2026-03-22T18:42:22.432425,1754.5879999999993,1754.5879999999993,0.0,-1245.4120000000007,0
2026-03-22T18:42:23.470806,1754.5879999999993,1754.5879999999993,0.0,-1245.4120000000007,0
2026-03-22T18:42:24.511125,1754.5879999999993,1754.5879999999993,0.0,-1245.4120000000007,0
2026-03-22T18:42:25.549203,1754.5879999999993,1754.5879999999993,0.0,-1245.4120000000007,0
2026-03-22T18:42:26.570133,1754.5879999999993,1754.5879999999993,0.0,-1245.4120000000007,0
2026-03-22T18:42:27.595620,1754.5879999999993,1754.5879999999993,0.0,-1245.4120000000007,0
2026-03-22T18:42:28.617173,1754.5879999999993,1754.5879999999993,0.0,-1245.4120000000007,0
2026-03-22T18:42:29.644252,1754.5879999999993,1754.5879999999993,0.0,-1245.4120000000007,0
2026-03-22T18:42:30.727627,1754.5879999999993,1754.5879999999993,0.0,-1245.4120000000007,0
2026-03-22T18:42:31.750215,1754.5879999999993,1754.5879999999993,0.0,-1245.4120000000007,0
2026-03-22T18:42:32.767133,1754.5879999999993,1754.5879999999993,0.0,-1245.4120000000007,0
2026-03-22T18:42:33.794640,1754.5879999999993,1754.5879999999993,0.0,-1245.4120000000007,0
2026-03-22T18:42:34.820664,1754.5879999999993,1754.5879999999993,0.0,-1245.4120000000007,0
2026-03-22T18:42:35.847657,1754.5879999999993,1754.5879999999993,0.0,-1245.4120000000007,0
2026-03-22T18:42:36.878821,1754.5879999999993,1754.5879999999993,0.0,-1245.4120000000007,0
2026-03-22T18:42:37.906873,1754.5879999999993,1754.5879999999993,0.0,-1245.4120000000007,0
2026-03-22T18:42:38.933075,1754.5879999999993,1754.5879999999993,0.0,-1245.4120000000007,0
2026-03-22T18:42:39.964556,1754.5879999999993,1754.5879999999993,0.0,-1245.4120000000007,0
2026-03-22T18:42:41.006840,1754.5879999999993,1754.5879999999993,0.0,-1245.4120000000007,0
2026-03-22T18:42:42.034763,1754.5879999999993,1754.5879999999993,0.0,-1245.4120000000007,0
2026-03-22T18:42:43.067183,1754.5879999999993,1754.5879999999993,0.0,-1245.4120000000007,0
2026-03-22T18:42:44.099395,1754.5879999999993,1754.5879999999993,0.0,-1245.4120000000007,0
2026-03-22T18:42:45.135817,1754.5879999999993,1754.5879999999993,0.0,-1245.4120000000007,0
2026-03-22T18:42:46.163765,1754.5879999999993,1754.5879999999993,0.0,-1245.4120000000007,0
2026-03-22T18:42:47.191843,1754.5879999999993,1754.5879999999993,0.0,-1245.4120000000007,0
2026-03-22T18:42:48.252300,1754.5879999999993,1754.5879999999993,0.0,-1245.4120000000007,0
2026-03-22T18:42:49.277249,1754.5879999999993,1754.5879999999993,0.0,-1245.4120000000007,0
2026-03-22T18:42:50.312492,1754.5879999999993,1754.5879999999993,0.0,-1245.4120000000007,0
2026-03-22T18:42:51.329104,1754.5879999999993,1754.5879999999993,0.0,-1245.4120000000007,0
2026-03-22T18:42:52.357493,1754.5879999999993,1754.5879999999993,0.0,-1245.4120000000007,0
2026-03-22T18:42:53.384549,1754.5879999999993,1754.5879999999993,0.0,-1245.4120000000007,0
2026-03-22T18:42:54.412574,1754.5879999999993,1754.5879999999993,0.0,-1245.4120000000007,0
2026-03-22T18:42:55.432129,1754.5879999999993,1754.5879999999993,0.0,-1245.4120000000007,0
2026-03-22T18:42:56.472358,1754.5879999999993,1754.5879999999993,0.0,-1245.4120000000007,0
2026-03-22T18:42:57.495411,1754.5879999999993,1754.5879999999993,0.0,-1245.4120000000007,0
2026-03-22T18:42:58.522007,1754.5879999999993,1754.5879999999993,0.0,-1245.4120000000007,0
2026-03-22T18:42:59.553498,1754.5879999999993,1754.5879999999993,0.0,-1245.4120000000007,0
2026-03-22T18:43:00.572501,1754.5879999999993,1754.5879999999993,0.0,-1245.4120000000007,0
2026-03-22T18:43:01.603414,1754.5879999999993,1754.5879999999993,0.0,-1245.4120000000007,0
2026-03-22T18:43:02.630165,1754.5879999999993,1754.5879999999993,0.0,-1245.4120000000007,0
2026-03-22T18:43:03.653563,1754.5879999999993,1754.5879999999993,0.0,-1245.4120000000007,0
2026-03-22T18:43:04.687219,1754.5879999999993,1754.5879999999993,0.0,-1245.4120000000007,0
2026-03-22T18:43:05.767773,1754.5879999999993,1754.5879999999993,0.0,-1245.4120000000007,0
2026-03-22T18:43:06.785888,1754.5879999999993,1754.5879999999993,0.0,-1245.4120000000007,0
2026-03-22T18:43:07.810960,1754.5879999999993,1754.5879999999993,0.0,-1245.4120000000007,0
2026-03-22T18:43:08.833727,1754.5879999999993,1754.5879999999993,0.0,-1245.4120000000007,0
2026-03-22T18:43:09.853770,1754.5879999999993,1754.5879999999993,0.0,-1245.4120000000007,0
2026-03-22T18:43:10.891902,1754.5879999999993,1754.5879999999993,0.0,-1245.4120000000007,0
2026-03-22T18:43:11.910443,1754.5879999999993,1754.5879999999993,0.0,-1245.4120000000007,0
2026-03-22T18:43:12.928910,1754.5879999999993,1754.5879999999993,0.0,-1245.4120000000007,0
2026-03-22T18:43:13.957358,1754.5879999999993,1754.5879999999993,0.0,-1245.4120000000007,0
2026-03-22T18:43:14.981461,1754.5879999999993,1754.5879999999993,0.0,-1245.4120000000007,0
2026-03-22T18:43:16.003237,1754.5879999999993,1754.5879999999993,0.0,-1245.4120000000007,0
2026-03-22T18:43:17.026074,1754.5879999999993,1754.5879999999993,0.0,-1245.4120000000007,0
2026-03-22T18:43:18.049600,1754.5879999999993,1754.5879999999993,0.0,-1245.4120000000007,0
2026-03-22T18:43:19.071952,1754.5879999999993,1754.5879999999993,0.0,-1245.4120000000007,0
2026-03-22T18:43:20.109268,1754.5879999999993,1754.5879999999993,0.0,-1245.4120000000007,0
2026-03-22T18:43:21.130522,1754.5879999999993,1754.5879999999993,0.0,-1245.4120000000007,0
2026-03-22T18:43:22.157766,1754.5879999999993,1754.5879999999993,0.0,-1245.4120000000007,0
2026-03-22T18:43:23.217019,1754.5879999999993,1754.5879999999993,0.0,-1245.4120000000007,0
2026-03-22T18:43:24.249643,1754.5879999999993,1754.5879999999993,0.0,-1245.4120000000007,0
2026-03-22T18:43:25.280519,1754.5879999999993,1754.5879999999993,0.0,-1245.4120000000007,0
2026-03-22T18:43:26.308942,1754.5879999999993,1754.5879999999993,0.0,-1245.4120000000007,0
2026-03-22T18:43:27.332645,1754.5879999999993,1754.5879999999993,0.0,-1245.4120000000007,0
2026-03-22T18:43:28.362837,1754.5879999999993,1754.5879999999993,0.0,-1245.4120000000007,0
2026-03-22T18:43:29.385688,1754.5879999999993,1754.5879999999993,0.0,-1245.4120000000007,0
2026-03-22T18:43:30.411879,1754.5879999999993,1754.5879999999993,0.0,-1245.4120000000007,0
2026-03-22T18:43:31.437896,1754.5879999999993,1754.5879999999993,0.0,-1245.4120000000007,0
2026-03-22T18:43:32.471911,1754.5879999999993,1754.5879999999993,0.0,-1245.4120000000007,0
2026-03-22T18:43:33.499363,1754.5879999999993,1754.5879999999993,0.0,-1245.4120000000007,0
2026-03-22T18:43:34.521149,1754.5879999999993,1754.5879999999993,0.0,-1245.4120000000007,0
2026-03-22T18:43:35.536907,1754.5879999999993,1754.5879999999993,0.0,-1245.4120000000007,0
2026-03-22T18:43:36.574479,1754.5879999999993,1754.5879999999993,0.0,-1245.4120000000007,0
2026-03-22T18:43:37.601301,1754.5879999999993,1754.5879999999993,0.0,-1245.4120000000007,0
2026-03-22T18:43:38.626278,1754.5879999999993,1754.5879999999993,0.0,-1245.4120000000007,0
2026-03-22T18:43:39.653940,1754.5879999999993,1754.5879999999993,0.0,-1245.4120000000007,0
2026-03-22T18:43:40.753552,1754.5879999999993,1754.5879999999993,0.0,-1245.4120000000007,0
2026-03-22T18:43:41.771777,1754.5879999999993,1754.5879999999993,0.0,-1245.4120000000007,0
2026-03-22T18:43:42.801723,1754.5879999999993,1754.5879999999993,0.0,-1245.4120000000007,0
2026-03-22T18:43:43.818938,1754.5879999999993,1754.5879999999993,0.0,-1245.4120000000007,0
2026-03-22T18:43:44.849360,1754.5879999999993,1754.5879999999993,0.0,-1245.4120000000007,0
2026-03-22T18:43:45.880534,1754.5879999999993,1667.2829999999992,87.305,-1245.4120000000007,0
2026-03-22T18:43:46.905060,1754.5879999999993,1667.2829999999992,87.305,-1245.4120000000007,0
2026-03-22T18:43:47.924471,1754.5879999999993,1667.2829999999992,87.305,-1245.4120000000007,0
2026-03-22T18:43:48.942466,1754.5879999999993,1667.2829999999992,87.305,-1245.4120000000007,0
2026-03-22T18:43:49.965023,1754.5879999999993,1667.2829999999992,87.305,-1245.4120000000007,0
2026-03-22T18:43:51.008025,1754.4579999999992,1667.152999999999,87.305,-1245.5420000000008,0.0
2026-03-22T18:43:52.038748,1754.4579999999992,1667.152999999999,87.305,-1245.5420000000008,0.0
2026-03-22T18:43:53.064240,1754.4579999999992,1667.152999999999,87.305,-1245.5420000000008,0.0
2026-03-22T18:43:54.090810,1754.4579999999992,1667.152999999999,87.305,-1245.5420000000008,0.0
2026-03-22T18:43:55.122324,1754.4579999999992,1667.152999999999,87.305,-1245.5420000000008,0.0
2026-03-22T18:43:56.157809,1754.4579999999992,1667.152999999999,87.305,-1245.5420000000008,0.0
2026-03-22T18:43:57.198495,1754.4579999999992,1667.152999999999,87.305,-1245.5420000000008,0.0
2026-03-22T18:43:58.234458,1754.4579999999992,1667.152999999999,87.305,-1245.5420000000008,0.0
2026-03-22T18:43:59.305922,1754.4579999999992,1667.152999999999,87.305,-1245.5420000000008,0.0
2026-03-22T18:44:00.334413,1754.4579999999992,1667.152999999999,87.305,-1245.5420000000008,0.0
2026-03-22T18:44:01.364641,1754.4579999999992,1667.152999999999,87.305,-1245.5420000000008,0.0
2026-03-22T18:44:02.401754,1754.4579999999992,1667.152999999999,87.305,-1245.5420000000008,0.0
2026-03-22T18:44:03.424149,1754.4579999999992,1667.152999999999,87.305,-1245.5420000000008,0.0
2026-03-22T18:44:04.469279,1754.4579999999992,1667.152999999999,87.305,-1245.5420000000008,0.0
2026-03-22T18:44:05.509407,1755.5029999999992,1667.152999999999,87.305,-1245.5420000000008,1.0450000000000008
2026-03-22T18:44:06.530114,1755.5029999999992,1667.152999999999,87.305,-1245.5420000000008,1.0450000000000008
2026-03-22T18:44:07.559138,1755.5029999999992,1667.152999999999,87.305,-1245.5420000000008,1.0450000000000008
2026-03-22T18:44:08.582596,1755.5029999999992,1667.152999999999,87.305,-1245.5420000000008,1.0450000000000008
2026-03-22T18:44:09.621731,1755.5029999999992,1667.152999999999,87.305,-1245.5420000000008,1.0450000000000008
2026-03-22T18:44:10.664655,1755.5029999999992,1667.152999999999,87.305,-1245.5420000000008,1.0450000000000008
2026-03-22T18:44:11.701004,1755.5029999999992,1667.152999999999,87.305,-1245.5420000000008,1.0450000000000008
2026-03-22T18:44:12.719041,1755.5029999999992,1667.152999999999,87.305,-1245.5420000000008,1.0450000000000008
2026-03-22T18:44:13.755614,1755.5029999999992,1667.152999999999,87.305,-1245.5420000000008,1.0450000000000008
2026-03-22T18:44:14.782981,1755.5029999999992,1667.152999999999,87.305,-1245.5420000000008,1.0450000000000008
2026-03-22T18:44:15.839072,1755.5029999999992,1667.152999999999,87.305,-1245.5420000000008,1.0450000000000008
2026-03-22T18:44:16.918100,1755.5029999999992,1667.152999999999,87.305,-1245.5420000000008,1.0450000000000008
2026-03-22T18:44:17.940660,1755.5029999999992,1667.152999999999,87.305,-1245.5420000000008,1.0450000000000008
2026-03-22T18:44:18.980471,1755.5029999999992,1667.152999999999,87.305,-1245.5420000000008,1.0450000000000008
2026-03-22T18:44:20.004296,1755.5029999999992,1667.152999999999,87.305,-1245.5420000000008,1.0450000000000008
2026-03-22T18:44:21.026502,1755.5029999999992,1667.152999999999,87.305,-1245.5420000000008,1.0450000000000008
2026-03-22T18:44:22.047799,1755.5029999999992,1667.152999999999,87.305,-1245.5420000000008,1.0450000000000008
2026-03-22T18:44:23.071003,1755.5029999999992,1667.152999999999,87.305,-1245.5420000000008,1.0450000000000008
2026-03-22T18:44:24.105467,1759.3979999999992,1667.152999999999,87.305,-1245.5420000000008,4.939999999999994
2026-03-22T18:44:25.132746,1759.3979999999992,1667.152999999999,87.305,-1245.5420000000008,4.939999999999994
2026-03-22T18:44:26.172570,1759.3979999999992,1667.152999999999,87.305,-1245.5420000000008,4.939999999999994
2026-03-22T18:44:27.201674,1759.3979999999992,1667.152999999999,87.305,-1245.5420000000008,4.939999999999994
2026-03-22T18:44:28.222174,1759.3979999999992,1667.152999999999,87.305,-1245.5420000000008,4.939999999999994
2026-03-22T18:44:29.248073,1759.3979999999992,1667.152999999999,87.305,-1245.5420000000008,4.939999999999994
2026-03-22T18:44:30.279739,1759.3979999999992,1667.152999999999,87.305,-1245.5420000000008,4.939999999999994
2026-03-22T18:44:31.318162,1759.3979999999992,1667.152999999999,87.305,-1245.5420000000008,4.939999999999994
2026-03-22T18:44:32.376903,1759.3979999999992,1667.152999999999,87.305,-1245.5420000000008,4.939999999999994
2026-03-22T18:44:33.417364,1759.3979999999992,1667.152999999999,87.305,-1245.5420000000008,4.939999999999994
2026-03-22T18:44:34.464675,1759.3979999999992,1667.152999999999,87.305,-1245.5420000000008,4.939999999999994
2026-03-22T18:44:35.490888,1759.3979999999992,1667.152999999999,87.305,-1245.5420000000008,4.939999999999994
2026-03-22T18:44:36.521552,1759.3979999999992,1667.152999999999,87.305,-1245.5420000000008,4.939999999999994
2026-03-22T18:44:37.554287,1759.3979999999992,1667.152999999999,87.305,-1245.5420000000008,4.939999999999994
2026-03-22T18:44:38.576360,1759.3979999999992,1667.152999999999,87.305,-1245.5420000000008,4.939999999999994
2026-03-22T18:44:39.601731,1759.3979999999992,1667.152999999999,87.305,-1245.5420000000008,4.939999999999994
2026-03-22T18:44:40.635604,1759.3979999999992,1667.152999999999,87.305,-1245.5420000000008,4.939999999999994
2026-03-22T18:44:41.661490,1762.057999999999,1667.152999999999,87.305,-1245.5420000000008,7.599999999999996
2026-03-22T18:44:42.689000,1762.057999999999,1667.152999999999,87.305,-1245.5420000000008,7.599999999999996
2026-03-22T18:44:43.714518,1762.057999999999,1667.152999999999,87.305,-1245.5420000000008,7.599999999999996
2026-03-22T18:44:44.742466,1762.057999999999,1667.152999999999,87.305,-1245.5420000000008,7.599999999999996
2026-03-22T18:44:45.794369,1762.057999999999,1667.152999999999,87.305,-1245.5420000000008,7.599999999999996
2026-03-22T18:44:46.826014,1762.057999999999,1667.152999999999,87.305,-1245.5420000000008,7.599999999999996
2026-03-22T18:44:47.852305,1762.057999999999,1667.152999999999,87.305,-1245.5420000000008,7.599999999999996
2026-03-22T18:44:48.871451,1762.057999999999,1667.152999999999,87.305,-1245.5420000000008,7.599999999999996
2026-03-22T18:44:49.896534,1762.057999999999,1667.152999999999,87.305,-1245.5420000000008,7.599999999999996
2026-03-22T18:44:50.917762,1762.057999999999,1667.152999999999,87.305,-1245.5420000000008,7.599999999999996
2026-03-22T18:44:51.951031,1762.057999999999,1667.152999999999,87.305,-1245.5420000000008,7.599999999999996
2026-03-22T18:44:53.039463,1762.057999999999,1667.152999999999,87.305,-1245.5420000000008,7.599999999999996
2026-03-22T18:44:54.068242,1762.057999999999,1667.152999999999,87.305,-1245.5420000000008,7.599999999999996
2026-03-22T18:44:55.096831,1762.057999999999,1667.152999999999,87.305,-1245.5420000000008,7.599999999999996
2026-03-22T18:44:56.126519,1762.057999999999,1667.152999999999,87.305,-1245.5420000000008,7.599999999999996
2026-03-22T18:44:57.148008,1762.057999999999,1667.152999999999,87.305,-1245.5420000000008,7.599999999999996
2026-03-22T18:44:58.175527,1762.057999999999,1667.152999999999,87.305,-1245.5420000000008,7.599999999999996
2026-03-22T18:44:59.199402,1762.057999999999,1667.152999999999,87.305,-1245.5420000000008,7.599999999999996
2026-03-22T18:45:00.217004,1762.057999999999,1667.152999999999,87.305,-1245.5420000000008,7.599999999999996
2026-03-22T18:45:01.243035,1762.057999999999,1584.152999999999,170.305,-1245.5420000000008,7.599999999999996
2026-03-22T18:45:02.265841,1762.057999999999,1584.152999999999,170.305,-1245.5420000000008,7.599999999999996
2026-03-22T18:45:03.290809,1666.422999999999,1583.422999999999,83.0,-1333.577000000001,0.0
2026-03-22T18:45:04.314472,1666.422999999999,1583.422999999999,83.0,-1333.577000000001,0.0
2026-03-22T18:45:05.339551,1666.422999999999,1583.422999999999,83.0,-1333.577000000001,0.0
2026-03-22T18:45:06.363900,1666.422999999999,1583.422999999999,83.0,-1333.577000000001,0.0
2026-03-22T18:45:07.392534,1666.422999999999,1583.422999999999,83.0,-1333.577000000001,0.0
2026-03-22T18:45:08.425134,1666.422999999999,1583.422999999999,83.0,-1333.577000000001,0.0
2026-03-22T18:45:09.461189,1666.422999999999,1583.422999999999,83.0,-1333.577000000001,0.0
2026-03-22T18:45:10.550356,1666.422999999999,1583.422999999999,83.0,-1333.577000000001,0.0
2026-03-22T18:45:11.587565,1666.422999999999,1583.422999999999,83.0,-1333.577000000001,0.0
2026-03-22T18:45:12.622975,1666.422999999999,1583.422999999999,83.0,-1333.577000000001,0.0
2026-03-22T18:45:13.650513,1666.422999999999,1583.422999999999,83.0,-1333.577000000001,0.0
2026-03-22T18:45:14.684160,1676.3829999999991,1583.422999999999,83.0,-1333.577000000001,9.960000000000008
2026-03-22T18:45:15.717045,1676.3829999999991,1583.422999999999,83.0,-1333.577000000001,9.960000000000008
2026-03-22T18:45:16.734721,1676.3829999999991,1583.422999999999,83.0,-1333.577000000001,9.960000000000008
2026-03-22T18:45:17.770873,1676.3829999999991,1583.422999999999,83.0,-1333.577000000001,9.960000000000008
2026-03-22T18:45:18.808753,1676.3829999999991,1583.422999999999,83.0,-1333.577000000001,9.960000000000008
2026-03-22T18:45:19.828180,1676.3829999999991,1583.422999999999,83.0,-1333.577000000001,9.960000000000008
2026-03-22T18:45:20.851608,1676.3829999999991,1583.422999999999,83.0,-1333.577000000001,9.960000000000008
2026-03-22T18:45:21.884913,1676.3829999999991,1583.422999999999,83.0,-1333.577000000001,9.960000000000008
2026-03-22T18:45:22.921574,1676.3829999999991,1583.422999999999,83.0,-1333.577000000001,9.960000000000008
2026-03-22T18:45:23.953413,1676.3829999999991,1583.422999999999,83.0,-1333.577000000001,9.960000000000008
2026-03-22T18:45:24.990481,1676.3829999999991,1583.422999999999,83.0,-1333.577000000001,9.960000000000008
2026-03-22T18:45:26.018539,1676.3829999999991,1583.422999999999,83.0,-1333.577000000001,9.960000000000008
2026-03-22T18:45:27.056505,1676.3829999999991,1583.422999999999,83.0,-1333.577000000001,9.960000000000008
2026-03-22T18:45:28.120824,1676.3829999999991,1583.422999999999,83.0,-1333.577000000001,9.960000000000008
2026-03-22T18:45:29.143459,1676.3829999999991,1583.422999999999,83.0,-1333.577000000001,9.960000000000008
2026-03-22T18:45:30.178002,1676.3829999999991,1583.422999999999,83.0,-1333.577000000001,9.960000000000008
2026-03-22T18:45:31.193122,1676.3829999999991,1583.422999999999,83.0,-1333.577000000001,9.960000000000008
2026-03-22T18:45:32.212303,1663.1029999999992,1583.422999999999,83.0,-1333.577000000001,-3.320000000000003
2026-03-22T18:45:33.233911,1663.1029999999992,1583.422999999999,83.0,-1333.577000000001,-3.320000000000003
2026-03-22T18:45:34.249010,1663.1029999999992,1583.422999999999,83.0,-1333.577000000001,-3.320000000000003
2026-03-22T18:45:35.274852,1663.1029999999992,1583.422999999999,83.0,-1333.577000000001,-3.320000000000003
2026-03-22T18:45:36.300905,1663.1029999999992,1583.422999999999,83.0,-1333.577000000001,-3.320000000000003
2026-03-22T18:45:37.319024,1663.1029999999992,1583.422999999999,83.0,-1333.577000000001,-3.320000000000003
2026-03-22T18:45:38.349116,1663.1029999999992,1583.422999999999,83.0,-1333.577000000001,-3.320000000000003
2026-03-22T18:49:46.224982,1654.8429999999992,1654.8429999999992,0.0,-1345.1570000000008,0
2026-03-22T18:49:47.259356,1654.8429999999992,1654.8429999999992,0.0,-1345.1570000000008,0
2026-03-22T18:49:48.291628,1654.8429999999992,1654.8429999999992,0.0,-1345.1570000000008,0
2026-03-22T18:49:49.325174,1654.8429999999992,1654.8429999999992,0.0,-1345.1570000000008,0
2026-03-22T18:49:50.358122,1654.8429999999992,1654.8429999999992,0.0,-1345.1570000000008,0
2026-03-22T18:49:51.408234,1654.8429999999992,1654.8429999999992,0.0,-1345.1570000000008,0
2026-03-22T18:49:52.450881,1654.8429999999992,1654.8429999999992,0.0,-1345.1570000000008,0
2026-03-22T18:49:53.582537,1654.8429999999992,1654.8429999999992,0.0,-1345.1570000000008,0
2026-03-22T18:49:54.619915,1654.8429999999992,1654.8429999999992,0.0,-1345.1570000000008,0
2026-03-22T18:49:55.649802,1654.8429999999992,1654.8429999999992,0.0,-1345.1570000000008,0
2026-03-22T18:49:56.674514,1654.8429999999992,1654.8429999999992,0.0,-1345.1570000000008,0
2026-03-22T18:49:57.701560,1654.8429999999992,1654.8429999999992,0.0,-1345.1570000000008,0
2026-03-22T18:49:58.732573,1654.8429999999992,1654.8429999999992,0.0,-1345.1570000000008,0
2026-03-22T18:49:59.768967,1654.8429999999992,1654.8429999999992,0.0,-1345.1570000000008,0
2026-03-22T18:50:00.800285,1654.8429999999992,1654.8429999999992,0.0,-1345.1570000000008,0
2026-03-22T18:50:01.846745,1654.8429999999992,1654.8429999999992,0.0,-1345.1570000000008,0
2026-03-22T18:50:02.916246,1654.8429999999992,1654.8429999999992,0.0,-1345.1570000000008,0
2026-03-22T18:50:03.954170,1654.8429999999992,1654.8429999999992,0.0,-1345.1570000000008,0
2026-03-22T18:50:04.998692,1654.8429999999992,1654.8429999999992,0.0,-1345.1570000000008,0
2026-03-22T18:50:06.022037,1654.8429999999992,1654.8429999999992,0.0,-1345.1570000000008,0
2026-03-22T18:50:07.058832,1654.8429999999992,1654.8429999999992,0.0,-1345.1570000000008,0
2026-03-22T18:50:08.090149,1654.8429999999992,1654.8429999999992,0.0,-1345.1570000000008,0
2026-03-22T18:50:09.121843,1654.8429999999992,1654.8429999999992,0.0,-1345.1570000000008,0
2026-03-22T18:50:10.141277,1654.8429999999992,1654.8429999999992,0.0,-1345.1570000000008,0
2026-03-22T18:50:11.169300,1654.8429999999992,1654.8429999999992,0.0,-1345.1570000000008,0
2026-03-22T18:50:12.205571,1654.8429999999992,1654.8429999999992,0.0,-1345.1570000000008,0
2026-03-22T18:50:13.239214,1654.8429999999992,1654.8429999999992,0.0,-1345.1570000000008,0
2026-03-22T18:50:14.273978,1654.8429999999992,1654.8429999999992,0.0,-1345.1570000000008,0
2026-03-22T18:50:15.299174,1654.8429999999992,1654.8429999999992,0.0,-1345.1570000000008,0
2026-03-22T18:50:16.347926,1654.8429999999992,1654.8429999999992,0.0,-1345.1570000000008,0
2026-03-22T18:50:17.382376,1654.8429999999992,1654.8429999999992,0.0,-1345.1570000000008,0
2026-03-22T18:50:18.417735,1654.8429999999992,1654.8429999999992,0.0,-1345.1570000000008,0
2026-03-22T18:50:19.457226,1654.8429999999992,1654.8429999999992,0.0,-1345.1570000000008,0
2026-03-22T18:50:20.564262,1654.8429999999992,1654.8429999999992,0.0,-1345.1570000000008,0
2026-03-22T18:50:21.658904,1654.8429999999992,1654.8429999999992,0.0,-1345.1570000000008,0
2026-03-22T18:50:22.691161,1654.8429999999992,1654.8429999999992,0.0,-1345.1570000000008,0
2026-03-22T18:50:23.715358,1654.8429999999992,1654.8429999999992,0.0,-1345.1570000000008,0
2026-03-22T18:50:24.756942,1654.8429999999992,1654.8429999999992,0.0,-1345.1570000000008,0
2026-03-22T18:50:25.773524,1654.8429999999992,1654.8429999999992,0.0,-1345.1570000000008,0
2026-03-22T18:50:26.808763,1654.8429999999992,1654.8429999999992,0.0,-1345.1570000000008,0
2026-03-22T18:50:27.840443,1654.8429999999992,1654.8429999999992,0.0,-1345.1570000000008,0
2026-03-22T18:50:28.867452,1654.8429999999992,1654.8429999999992,0.0,-1345.1570000000008,0
2026-03-22T18:50:29.890232,1654.8429999999992,1654.8429999999992,0.0,-1345.1570000000008,0
2026-03-22T18:50:30.923673,1654.8429999999992,1654.8429999999992,0.0,-1345.1570000000008,0
2026-03-22T18:50:31.964247,1654.8429999999992,1654.8429999999992,0.0,-1345.1570000000008,0
2026-03-22T18:50:32.981777,1654.8429999999992,1654.8429999999992,0.0,-1345.1570000000008,0
2026-03-22T18:50:34.006799,1654.8429999999992,1654.8429999999992,0.0,-1345.1570000000008,0
2026-03-22T18:50:35.031916,1654.8429999999992,1654.8429999999992,0.0,-1345.1570000000008,0
2026-03-22T18:50:36.048594,1654.8429999999992,1654.8429999999992,0.0,-1345.1570000000008,0
2026-03-22T18:50:37.073639,1654.8429999999992,1654.8429999999992,0.0,-1345.1570000000008,0
2026-03-22T18:50:38.106793,1654.8429999999992,1654.8429999999992,0.0,-1345.1570000000008,0
2026-03-22T18:50:39.173699,1654.8429999999992,1654.8429999999992,0.0,-1345.1570000000008,0
2026-03-22T18:50:40.206954,1654.8429999999992,1654.8429999999992,0.0,-1345.1570000000008,0
2026-03-22T18:50:41.232205,1654.8429999999992,1654.8429999999992,0.0,-1345.1570000000008,0
2026-03-22T18:50:42.257915,1654.8429999999992,1654.8429999999992,0.0,-1345.1570000000008,0
2026-03-22T18:50:43.282194,1654.8429999999992,1654.8429999999992,0.0,-1345.1570000000008,0
2026-03-22T18:50:44.331922,1654.8429999999992,1654.8429999999992,0.0,-1345.1570000000008,0
2026-03-22T18:50:45.356842,1654.8429999999992,1654.8429999999992,0.0,-1345.1570000000008,0
2026-03-22T18:50:46.406884,1654.8429999999992,1654.8429999999992,0.0,-1345.1570000000008,0
2026-03-22T18:50:47.432825,1654.8429999999992,1654.8429999999992,0.0,-1345.1570000000008,0
2026-03-22T18:50:48.465186,1654.8429999999992,1654.8429999999992,0.0,-1345.1570000000008,0
2026-03-22T18:50:49.490823,1654.8429999999992,1654.8429999999992,0.0,-1345.1570000000008,0
2026-03-22T18:50:50.523493,1654.8429999999992,1654.8429999999992,0.0,-1345.1570000000008,0
2026-03-22T18:50:51.549056,1654.8429999999992,1654.8429999999992,0.0,-1345.1570000000008,0
2026-03-22T18:50:52.573751,1654.8429999999992,1654.8429999999992,0.0,-1345.1570000000008,0
2026-03-22T18:50:53.591081,1654.8429999999992,1654.8429999999992,0.0,-1345.1570000000008,0
2026-03-22T18:50:54.618828,1654.8429999999992,1654.8429999999992,0.0,-1345.1570000000008,0
2026-03-22T18:50:55.656842,1654.8429999999992,1654.8429999999992,0.0,-1345.1570000000008,0
2026-03-22T18:50:56.740387,1654.8429999999992,1654.8429999999992,0.0,-1345.1570000000008,0
2026-03-22T18:50:57.772737,1654.8429999999992,1654.8429999999992,0.0,-1345.1570000000008,0
2026-03-22T18:50:58.790470,1654.8429999999992,1654.8429999999992,0.0,-1345.1570000000008,0
2026-03-22T18:50:59.807670,1654.8429999999992,1654.8429999999992,0.0,-1345.1570000000008,0
2026-03-22T18:51:00.832788,1654.8429999999992,1654.8429999999992,0.0,-1345.1570000000008,0
2026-03-22T18:51:01.849032,1654.8429999999992,1654.8429999999992,0.0,-1345.1570000000008,0
2026-03-22T18:51:02.873565,1654.8429999999992,1654.8429999999992,0.0,-1345.1570000000008,0
2026-03-22T18:51:03.896135,1654.8429999999992,1654.8429999999992,0.0,-1345.1570000000008,0
2026-03-22T18:51:04.923337,1654.8429999999992,1654.8429999999992,0.0,-1345.1570000000008,0
2026-03-22T18:51:05.948563,1654.8429999999992,1654.8429999999992,0.0,-1345.1570000000008,0
2026-03-22T18:51:06.977808,1654.8429999999992,1654.8429999999992,0.0,-1345.1570000000008,0
2026-03-22T18:51:08.007169,1654.8429999999992,1654.8429999999992,0.0,-1345.1570000000008,0
2026-03-22T18:51:09.040148,1654.8429999999992,1654.8429999999992,0.0,-1345.1570000000008,0
2026-03-22T18:51:10.057262,1654.8429999999992,1654.8429999999992,0.0,-1345.1570000000008,0
2026-03-22T18:51:11.075617,1654.8429999999992,1654.8429999999992,0.0,-1345.1570000000008,0
2026-03-22T18:51:12.108382,1654.8429999999992,1654.8429999999992,0.0,-1345.1570000000008,0
2026-03-22T18:51:13.131914,1654.8429999999992,1654.8429999999992,0.0,-1345.1570000000008,0
2026-03-22T18:51:14.198404,1654.8429999999992,1654.8429999999992,0.0,-1345.1570000000008,0
2026-03-22T18:51:15.214742,1654.8429999999992,1654.8429999999992,0.0,-1345.1570000000008,0
2026-03-22T18:51:16.242508,1654.8429999999992,1572.1329999999991,82.71000000000001,-1345.1570000000008,0
2026-03-22T18:51:17.273704,1654.8429999999992,1572.1329999999991,82.71000000000001,-1345.1570000000008,0
2026-03-22T18:51:18.306607,1654.8429999999992,1572.1329999999991,82.71000000000001,-1345.1570000000008,0
2026-03-22T18:51:19.340108,1654.8429999999992,1572.1329999999991,82.71000000000001,-1345.1570000000008,0
2026-03-22T18:51:20.373828,1654.7229999999993,1572.0129999999992,82.71000000000001,-1345.2770000000007,0.0
2026-03-22T18:51:21.406959,1654.7229999999993,1572.0129999999992,82.71000000000001,-1345.2770000000007,0.0
2026-03-22T18:51:22.432215,1654.7229999999993,1572.0129999999992,82.71000000000001,-1345.2770000000007,0.0
2026-03-22T18:51:23.457519,1654.7229999999993,1572.0129999999992,82.71000000000001,-1345.2770000000007,0.0
2026-03-22T18:51:24.482494,1654.7229999999993,1572.0129999999992,82.71000000000001,-1345.2770000000007,0.0
2026-03-22T18:51:25.515269,1654.7229999999993,1572.0129999999992,82.71000000000001,-1345.2770000000007,0.0
2026-03-22T18:51:26.531937,1654.7229999999993,1572.0129999999992,82.71000000000001,-1345.2770000000007,0.0
2026-03-22T18:51:27.564755,1654.7229999999993,1572.0129999999992,82.71000000000001,-1345.2770000000007,0.0
2026-03-22T18:51:28.599262,1654.7229999999993,1572.0129999999992,82.71000000000001,-1345.2770000000007,0.0
2026-03-22T18:51:29.625475,1654.7229999999993,1572.0129999999992,82.71000000000001,-1345.2770000000007,0.0
2026-03-22T18:51:30.657047,1654.7229999999993,1572.0129999999992,82.71000000000001,-1345.2770000000007,0.0
2026-03-22T18:51:31.690132,1654.7229999999993,1572.0129999999992,82.71000000000001,-1345.2770000000007,0.0
2026-03-22T18:51:32.772107,1654.7229999999993,1572.0129999999992,82.71000000000001,-1345.2770000000007,0.0
2026-03-22T18:51:33.807221,1654.7229999999993,1572.0129999999992,82.71000000000001,-1345.2770000000007,0.0
2026-03-22T18:51:34.825373,1654.6329999999994,1572.0129999999992,82.71000000000001,-1345.2770000000007,-0.09000000000000008
2026-03-22T18:51:35.849538,1654.6329999999994,1572.0129999999992,82.71000000000001,-1345.2770000000007,-0.09000000000000008
2026-03-22T18:51:36.882789,1654.6329999999994,1572.0129999999992,82.71000000000001,-1345.2770000000007,-0.09000000000000008
2026-03-22T18:51:37.906666,1654.6329999999994,1572.0129999999992,82.71000000000001,-1345.2770000000007,-0.09000000000000008
2026-03-22T18:51:38.931982,1654.6329999999994,1572.0129999999992,82.71000000000001,-1345.2770000000007,-0.09000000000000008
2026-03-22T18:51:39.965354,1654.6329999999994,1572.0129999999992,82.71000000000001,-1345.2770000000007,-0.09000000000000008
2026-03-22T18:51:40.990022,1654.6329999999994,1572.0129999999992,82.71000000000001,-1345.2770000000007,-0.09000000000000008
2026-03-22T18:51:42.015327,1654.6329999999994,1572.0129999999992,82.71000000000001,-1345.2770000000007,-0.09000000000000008
2026-03-22T18:51:43.048362,1654.6329999999994,1572.0129999999992,82.71000000000001,-1345.2770000000007,-0.09000000000000008
2026-03-22T18:51:44.073541,1654.6329999999994,1572.0129999999992,82.71000000000001,-1345.2770000000007,-0.09000000000000008
2026-03-22T18:51:45.098373,1654.6329999999994,1572.0129999999992,82.71000000000001,-1345.2770000000007,-0.09000000000000008
2026-03-22T18:51:46.123700,1654.6329999999994,1572.0129999999992,82.71000000000001,-1345.2770000000007,-0.09000000000000008
2026-03-22T18:51:47.157168,1654.6329999999994,1572.0129999999992,82.71000000000001,-1345.2770000000007,-0.09000000000000008
2026-03-22T18:51:48.189149,1654.6329999999994,1572.0129999999992,82.71000000000001,-1345.2770000000007,-0.09000000000000008
2026-03-22T18:51:49.230319,1654.6329999999994,1572.0129999999992,82.71000000000001,-1345.2770000000007,-0.09000000000000008
2026-03-22T18:51:50.292184,1654.6329999999994,1572.0129999999992,82.71000000000001,-1345.2770000000007,-0.09000000000000008
2026-03-22T18:51:51.315211,1578.1329999999994,1578.1329999999994,0.0,-1421.8670000000006,0
2026-03-22T18:51:52.332064,1578.1329999999994,1578.1329999999994,0.0,-1421.8670000000006,0
2026-03-22T18:51:53.357195,1578.1329999999994,1578.1329999999994,0.0,-1421.8670000000006,0
2026-03-22T18:51:54.390265,1578.1329999999994,1578.1329999999994,0.0,-1421.8670000000006,0
2026-03-22T18:51:55.423512,1578.1329999999994,1578.1329999999994,0.0,-1421.8670000000006,0
2026-03-22T18:51:56.449060,1578.1329999999994,1578.1329999999994,0.0,-1421.8670000000006,0
2026-03-22T18:51:57.482418,1578.1329999999994,1578.1329999999994,0.0,-1421.8670000000006,0
2026-03-22T18:51:58.506705,1578.1329999999994,1578.1329999999994,0.0,-1421.8670000000006,0
2026-03-22T18:51:59.531976,1578.1329999999994,1578.1329999999994,0.0,-1421.8670000000006,0
2026-03-22T18:52:00.565155,1578.1329999999994,1578.1329999999994,0.0,-1421.8670000000006,0
2026-03-22T18:52:01.590370,1578.1329999999994,1578.1329999999994,0.0,-1421.8670000000006,0
2026-03-22T18:52:02.623737,1578.1329999999994,1578.1329999999994,0.0,-1421.8670000000006,0
2026-03-22T18:52:03.640084,1578.1329999999994,1578.1329999999994,0.0,-1421.8670000000006,0
2026-03-22T18:52:04.667597,1578.1329999999994,1578.1329999999994,0.0,-1421.8670000000006,0
2026-03-22T18:52:05.692783,1578.1329999999994,1578.1329999999994,0.0,-1421.8670000000006,0
2026-03-22T18:52:06.723545,1578.1329999999994,1578.1329999999994,0.0,-1421.8670000000006,0
2026-03-22T18:52:07.790475,1578.1329999999994,1578.1329999999994,0.0,-1421.8670000000006,0
2026-03-22T18:52:08.806864,1578.1329999999994,1578.1329999999994,0.0,-1421.8670000000006,0
2026-03-22T18:52:09.833003,1578.1329999999994,1578.1329999999994,0.0,-1421.8670000000006,0
2026-03-22T18:52:10.860160,1578.1329999999994,1578.1329999999994,0.0,-1421.8670000000006,0
2026-03-22T18:52:11.882486,1578.1329999999994,1578.1329999999994,0.0,-1421.8670000000006,0
2026-03-22T18:52:12.901641,1578.1329999999994,1578.1329999999994,0.0,-1421.8670000000006,0
2026-03-22T18:52:13.925358,1578.1329999999994,1578.1329999999994,0.0,-1421.8670000000006,0
2026-03-22T18:52:14.958850,1578.1329999999994,1578.1329999999994,0.0,-1421.8670000000006,0
2026-03-22T18:52:15.998664,1578.1329999999994,1578.1329999999994,0.0,-1421.8670000000006,0
2026-03-22T18:52:17.023449,1578.1329999999994,1578.1329999999994,0.0,-1421.8670000000006,0
2026-03-22T18:52:18.056764,1578.1329999999994,1578.1329999999994,0.0,-1421.8670000000006,0
2026-03-22T18:52:19.090298,1578.1329999999994,1578.1329999999994,0.0,-1421.8670000000006,0
2026-03-22T18:52:20.107244,1578.1329999999994,1578.1329999999994,0.0,-1421.8670000000006,0
2026-03-22T18:52:21.175332,1578.1329999999994,1578.1329999999994,0.0,-1421.8670000000006,0
2026-03-22T18:52:22.199877,1578.1329999999994,1578.1329999999994,0.0,-1421.8670000000006,0
2026-03-22T18:52:23.224272,1578.1329999999994,1578.1329999999994,0.0,-1421.8670000000006,0
2026-03-22T18:52:24.258007,1578.1329999999994,1578.1329999999994,0.0,-1421.8670000000006,0
2026-03-22T18:52:25.332312,1578.1329999999994,1578.1329999999994,0.0,-1421.8670000000006,0
2026-03-22T18:52:26.373381,1578.1329999999994,1578.1329999999994,0.0,-1421.8670000000006,0
2026-03-22T18:52:27.407946,1578.1329999999994,1578.1329999999994,0.0,-1421.8670000000006,0
2026-03-22T18:52:28.440276,1578.1329999999994,1578.1329999999994,0.0,-1421.8670000000006,0
2026-03-22T18:52:29.465032,1578.1329999999994,1578.1329999999994,0.0,-1421.8670000000006,0
2026-03-22T18:52:30.489476,1578.1329999999994,1578.1329999999994,0.0,-1421.8670000000006,0
2026-03-22T18:52:31.515044,1578.1329999999994,1578.1329999999994,0.0,-1421.8670000000006,0
2026-03-22T18:52:32.548550,1578.1329999999994,1578.1329999999994,0.0,-1421.8670000000006,0
2026-03-22T18:52:33.582727,1578.1329999999994,1578.1329999999994,0.0,-1421.8670000000006,0
2026-03-22T18:52:34.598604,1578.1329999999994,1578.1329999999994,0.0,-1421.8670000000006,0
2026-03-22T18:52:35.640178,1578.1329999999994,1578.1329999999994,0.0,-1421.8670000000006,0
2026-03-22T18:52:36.672278,1578.1329999999994,1578.1329999999994,0.0,-1421.8670000000006,0
2026-03-22T18:52:37.698518,1578.1329999999994,1578.1329999999994,0.0,-1421.8670000000006,0
2026-03-22T18:52:38.723712,1578.1329999999994,1578.1329999999994,0.0,-1421.8670000000006,0
2026-03-22T18:52:39.756984,1578.1329999999994,1578.1329999999994,0.0,-1421.8670000000006,0
2026-03-22T18:52:40.783010,1578.1329999999994,1578.1329999999994,0.0,-1421.8670000000006,0
2026-03-22T18:52:41.818429,1578.1329999999994,1578.1329999999994,0.0,-1421.8670000000006,0
2026-03-22T18:52:42.882765,1578.1329999999994,1578.1329999999994,0.0,-1421.8670000000006,0
2026-03-22T18:52:43.906514,1578.1329999999994,1578.1329999999994,0.0,-1421.8670000000006,0
2026-03-22T18:52:44.931889,1578.1329999999994,1578.1329999999994,0.0,-1421.8670000000006,0
2026-03-22T18:52:45.969968,1578.1329999999994,1578.1329999999994,0.0,-1421.8670000000006,0
2026-03-22T18:52:47.040408,1578.1329999999994,1578.1329999999994,0.0,-1421.8670000000006,0
2026-03-22T18:52:48.061553,1578.1329999999994,1578.1329999999994,0.0,-1421.8670000000006,0
2026-03-22T18:52:49.090216,1578.1329999999994,1578.1329999999994,0.0,-1421.8670000000006,0
2026-03-22T18:52:50.123720,1578.1329999999994,1578.1329999999994,0.0,-1421.8670000000006,0
2026-03-22T18:52:51.159113,1578.1329999999994,1578.1329999999994,0.0,-1421.8670000000006,0
2026-03-22T18:52:52.199590,1578.1329999999994,1578.1329999999994,0.0,-1421.8670000000006,0
2026-03-22T18:52:53.226161,1578.1329999999994,1578.1329999999994,0.0,-1421.8670000000006,0
2026-03-22T18:52:54.250439,1578.1329999999994,1578.1329999999994,0.0,-1421.8670000000006,0
2026-03-22T18:52:55.280099,1578.1329999999994,1578.1329999999994,0.0,-1421.8670000000006,0
2026-03-22T18:52:56.310481,1578.1329999999994,1578.1329999999994,0.0,-1421.8670000000006,0
2026-03-22T18:52:57.353626,1578.1329999999994,1578.1329999999994,0.0,-1421.8670000000006,0
2026-03-22T18:52:58.390521,1578.1329999999994,1578.1329999999994,0.0,-1421.8670000000006,0
2026-03-22T18:52:59.423592,1578.1329999999994,1578.1329999999994,0.0,-1421.8670000000006,0
2026-03-22T18:53:00.512951,1578.1329999999994,1578.1329999999994,0.0,-1421.8670000000006,0
2026-03-22T18:53:01.549696,1578.1329999999994,1578.1329999999994,0.0,-1421.8670000000006,0
2026-03-22T18:53:02.597921,1578.1329999999994,1578.1329999999994,0.0,-1421.8670000000006,0
2026-03-22T18:53:03.624835,1578.1329999999994,1578.1329999999994,0.0,-1421.8670000000006,0
2026-03-22T18:53:04.663131,1578.1329999999994,1578.1329999999994,0.0,-1421.8670000000006,0
2026-03-22T18:53:05.703633,1578.1329999999994,1578.1329999999994,0.0,-1421.8670000000006,0
2026-03-22T18:53:06.729885,1578.1329999999994,1578.1329999999994,0.0,-1421.8670000000006,0
2026-03-22T18:53:07.757262,1578.1329999999994,1578.1329999999994,0.0,-1421.8670000000006,0
2026-03-22T18:53:08.788751,1578.1329999999994,1578.1329999999994,0.0,-1421.8670000000006,0
2026-03-22T18:53:09.832619,1578.1329999999994,1578.1329999999994,0.0,-1421.8670000000006,0
2026-03-22T18:53:10.857369,1578.1329999999994,1578.1329999999994,0.0,-1421.8670000000006,0
2026-03-22T18:53:11.883994,1578.1329999999994,1578.1329999999994,0.0,-1421.8670000000006,0
2026-03-22T18:53:12.921501,1578.1329999999994,1578.1329999999994,0.0,-1421.8670000000006,0
2026-03-22T18:53:13.953356,1578.1329999999994,1578.1329999999994,0.0,-1421.8670000000006,0
2026-03-22T18:53:14.982886,1578.1329999999994,1578.1329999999994,0.0,-1421.8670000000006,0
2026-03-22T18:53:16.018307,1578.1329999999994,1578.1329999999994,0.0,-1421.8670000000006,0
2026-03-22T18:53:17.059090,1578.1329999999994,1578.1329999999994,0.0,-1421.8670000000006,0
2026-03-22T18:53:18.098759,1578.1329999999994,1578.1329999999994,0.0,-1421.8670000000006,0
2026-03-22T18:53:19.166100,1578.1329999999994,1578.1329999999994,0.0,-1421.8670000000006,0
2026-03-22T18:53:20.314049,1578.1329999999994,1578.1329999999994,0.0,-1421.8670000000006,0
2026-03-22T18:53:21.342641,1578.1329999999994,1578.1329999999994,0.0,-1421.8670000000006,0
2026-03-22T18:53:22.378455,1578.1329999999994,1578.1329999999994,0.0,-1421.8670000000006,0
2026-03-22T18:53:23.408864,1578.1329999999994,1578.1329999999994,0.0,-1421.8670000000006,0
2026-03-22T18:53:24.436463,1578.1329999999994,1578.1329999999994,0.0,-1421.8670000000006,0
2026-03-22T18:53:25.460302,1578.1329999999994,1578.1329999999994,0.0,-1421.8670000000006,0
2026-03-22T18:53:26.496505,1578.1329999999994,1578.1329999999994,0.0,-1421.8670000000006,0
2026-03-22T18:53:27.524873,1578.1329999999994,1578.1329999999994,0.0,-1421.8670000000006,0
2026-03-22T18:53:28.554284,1578.1329999999994,1578.1329999999994,0.0,-1421.8670000000006,0
2026-03-22T18:53:29.590492,1578.1329999999994,1578.1329999999994,0.0,-1421.8670000000006,0
2026-03-22T18:53:30.615342,1578.1329999999994,1578.1329999999994,0.0,-1421.8670000000006,0
2026-03-22T18:53:31.655776,1578.1329999999994,1578.1329999999994,0.0,-1421.8670000000006,0
2026-03-22T18:53:32.681908,1578.1329999999994,1578.1329999999994,0.0,-1421.8670000000006,0
2026-03-22T18:53:33.736554,1578.1329999999994,1578.1329999999994,0.0,-1421.8670000000006,0
2026-03-22T18:53:34.789980,1578.1329999999994,1578.1329999999994,0.0,-1421.8670000000006,0
2026-03-22T18:53:35.824248,1578.1329999999994,1578.1329999999994,0.0,-1421.8670000000006,0
2026-03-22T18:53:36.899533,1578.1329999999994,1578.1329999999994,0.0,-1421.8670000000006,0
2026-03-22T18:53:37.923479,1578.1329999999994,1578.1329999999994,0.0,-1421.8670000000006,0
2026-03-22T18:53:38.953350,1578.1329999999994,1578.1329999999994,0.0,-1421.8670000000006,0
2026-03-22T18:53:39.978432,1578.1329999999994,1578.1329999999994,0.0,-1421.8670000000006,0
2026-03-22T18:53:41.024464,1578.1329999999994,1578.1329999999994,0.0,-1421.8670000000006,0
2026-03-22T18:53:42.058248,1578.1329999999994,1578.1329999999994,0.0,-1421.8670000000006,0
2026-03-22T18:53:43.157975,1578.1329999999994,1578.1329999999994,0.0,-1421.8670000000006,0
2026-03-22T18:53:44.193914,1578.1329999999994,1578.1329999999994,0.0,-1421.8670000000006,0
2026-03-22T18:53:45.228374,1578.1329999999994,1578.1329999999994,0.0,-1421.8670000000006,0
2026-03-22T18:53:46.270926,1578.1329999999994,1578.1329999999994,0.0,-1421.8670000000006,0
2026-03-22T18:53:47.303568,1578.1329999999994,1578.1329999999994,0.0,-1421.8670000000006,0
2026-03-22T18:53:48.332454,1578.1329999999994,1578.1329999999994,0.0,-1421.8670000000006,0
2026-03-22T18:53:49.359882,1578.1329999999994,1578.1329999999994,0.0,-1421.8670000000006,0
2026-03-22T18:53:50.390143,1578.1329999999994,1578.1329999999994,0.0,-1421.8670000000006,0
2026-03-22T18:53:51.416715,1578.1329999999994,1578.1329999999994,0.0,-1421.8670000000006,0
2026-03-22T18:53:52.451111,1578.1329999999994,1578.1329999999994,0.0,-1421.8670000000006,0
2026-03-22T18:53:53.494560,1578.1329999999994,1578.1329999999994,0.0,-1421.8670000000006,0
2026-03-22T18:53:54.581694,1578.1329999999994,1578.1329999999994,0.0,-1421.8670000000006,0
2026-03-22T18:53:55.614367,1578.1329999999994,1578.1329999999994,0.0,-1421.8670000000006,0
2026-03-22T18:53:56.649852,1578.1329999999994,1578.1329999999994,0.0,-1421.8670000000006,0
2026-03-22T18:53:57.672311,1578.1329999999994,1578.1329999999994,0.0,-1421.8670000000006,0
2026-03-22T18:53:58.696977,1578.1329999999994,1578.1329999999994,0.0,-1421.8670000000006,0
2026-03-22T18:53:59.723520,1578.1329999999994,1578.1329999999994,0.0,-1421.8670000000006,0
2026-03-22T18:54:00.754818,1578.1329999999994,1578.1329999999994,0.0,-1421.8670000000006,0
2026-03-22T18:54:01.779482,1578.1329999999994,1578.1329999999994,0.0,-1421.8670000000006,0
2026-03-22T18:54:02.801567,1578.1329999999994,1578.1329999999994,0.0,-1421.8670000000006,0
2026-03-22T18:54:03.818437,1578.1329999999994,1578.1329999999994,0.0,-1421.8670000000006,0
2026-03-22T18:54:04.836639,1578.1329999999994,1578.1329999999994,0.0,-1421.8670000000006,0
2026-03-22T18:54:05.854821,1578.1329999999994,1578.1329999999994,0.0,-1421.8670000000006,0
2026-03-22T18:54:06.874832,1578.1329999999994,1578.1329999999994,0.0,-1421.8670000000006,0
2026-03-22T18:54:07.891404,1578.1329999999994,1578.1329999999994,0.0,-1421.8670000000006,0
2026-03-22T18:54:08.922082,1578.1329999999994,1578.1329999999994,0.0,-1421.8670000000006,0
2026-03-22T18:54:09.946478,1578.1329999999994,1578.1329999999994,0.0,-1421.8670000000006,0
2026-03-22T18:54:10.977200,1578.1329999999994,1578.1329999999994,0.0,-1421.8670000000006,0
2026-03-22T18:54:12.053222,1578.1329999999994,1578.1329999999994,0.0,-1421.8670000000006,0
2026-03-22T18:54:13.074155,1578.1329999999994,1578.1329999999994,0.0,-1421.8670000000006,0
2026-03-22T18:54:14.091019,1578.1329999999994,1578.1329999999994,0.0,-1421.8670000000006,0
2026-03-22T18:54:15.110739,1578.1329999999994,1578.1329999999994,0.0,-1421.8670000000006,0
2026-03-22T18:54:16.142680,1578.1329999999994,1578.1329999999994,0.0,-1421.8670000000006,0
2026-03-22T18:54:17.161117,1578.1329999999994,1578.1329999999994,0.0,-1421.8670000000006,0
2026-03-22T18:54:18.182412,1578.1329999999994,1578.1329999999994,0.0,-1421.8670000000006,0
2026-03-22T18:54:19.207376,1578.1329999999994,1578.1329999999994,0.0,-1421.8670000000006,0
2026-03-22T18:54:20.225843,1578.1329999999994,1578.1329999999994,0.0,-1421.8670000000006,0
2026-03-22T18:54:21.259394,1578.1329999999994,1578.1329999999994,0.0,-1421.8670000000006,0
2026-03-22T18:54:22.285195,1578.1329999999994,1578.1329999999994,0.0,-1421.8670000000006,0
2026-03-22T18:54:23.310016,1578.1329999999994,1578.1329999999994,0.0,-1421.8670000000006,0
2026-03-22T18:54:24.329227,1578.1329999999994,1578.1329999999994,0.0,-1421.8670000000006,0
2026-03-22T18:54:25.357871,1578.1329999999994,1578.1329999999994,0.0,-1421.8670000000006,0
2026-03-22T18:54:26.386438,1578.1329999999994,1578.1329999999994,0.0,-1421.8670000000006,0
2026-03-22T18:54:27.428533,1578.1329999999994,1578.1329999999994,0.0,-1421.8670000000006,0
2026-03-22T18:54:28.455516,1578.1329999999994,1578.1329999999994,0.0,-1421.8670000000006,0
2026-03-22T18:54:29.521902,1578.1329999999994,1578.1329999999994,0.0,-1421.8670000000006,0
2026-03-22T18:54:30.554516,1578.1329999999994,1578.1329999999994,0.0,-1421.8670000000006,0
2026-03-22T18:54:31.582428,1578.1329999999994,1499.3229999999994,78.81,-1421.8670000000006,0
2026-03-22T18:54:32.611747,1578.1329999999994,1499.3229999999994,78.81,-1421.8670000000006,0
2026-03-22T18:54:33.659721,1577.7329999999993,1498.9229999999993,78.81,-1422.2670000000007,0.0
2026-03-22T18:54:34.692849,1577.7329999999993,1498.9229999999993,78.81,-1422.2670000000007,0.0
2026-03-22T18:54:35.715214,1577.7329999999993,1498.9229999999993,78.81,-1422.2670000000007,0.0
2026-03-22T18:54:36.746384,1577.7329999999993,1498.9229999999993,78.81,-1422.2670000000007,0.0
2026-03-22T18:54:37.771478,1577.7329999999993,1498.9229999999993,78.81,-1422.2670000000007,0.0
2026-03-22T18:54:38.807136,1577.7329999999993,1498.9229999999993,78.81,-1422.2670000000007,0.0
2026-03-22T18:54:39.839971,1577.7329999999993,1498.9229999999993,78.81,-1422.2670000000007,0.0
2026-03-22T18:54:40.875463,1577.7329999999993,1498.9229999999993,78.81,-1422.2670000000007,0.0
2026-03-22T18:54:41.904239,1577.7329999999993,1498.9229999999993,78.81,-1422.2670000000007,0.0
2026-03-22T18:54:42.924063,1577.7329999999993,1498.9229999999993,78.81,-1422.2670000000007,0.0
2026-03-22T18:54:43.947589,1566.6329999999994,1498.9229999999993,78.81,-1422.2670000000007,-11.099999999999998
2026-03-22T18:54:44.967992,1566.6329999999994,1498.9229999999993,78.81,-1422.2670000000007,-11.099999999999998
2026-03-22T18:54:46.001567,1566.6329999999994,1498.9229999999993,78.81,-1422.2670000000007,-11.099999999999998
2026-03-22T18:54:47.070129,1566.6329999999994,1498.9229999999993,78.81,-1422.2670000000007,-11.099999999999998
2026-03-22T18:54:48.089983,1566.6329999999994,1498.9229999999993,78.81,-1422.2670000000007,-11.099999999999998
2026-03-22T18:54:49.116713,1566.6329999999994,1498.9229999999993,78.81,-1422.2670000000007,-11.099999999999998
2026-03-22T18:54:50.139288,1566.6329999999994,1498.9229999999993,78.81,-1422.2670000000007,-11.099999999999998
2026-03-22T18:54:51.158061,1566.6329999999994,1498.9229999999993,78.81,-1422.2670000000007,-11.099999999999998
2026-03-22T18:54:52.204660,1566.6329999999994,1498.9229999999993,78.81,-1422.2670000000007,-11.099999999999998
2026-03-22T18:54:53.239669,1566.6329999999994,1498.9229999999993,78.81,-1422.2670000000007,-11.099999999999998
2026-03-22T18:54:54.275856,1566.6329999999994,1498.9229999999993,78.81,-1422.2670000000007,-11.099999999999998
2026-03-22T18:54:55.319512,1566.6329999999994,1498.9229999999993,78.81,-1422.2670000000007,-11.099999999999998
2026-03-22T18:54:56.366088,1566.6329999999994,1498.9229999999993,78.81,-1422.2670000000007,-11.099999999999998
2026-03-22T18:54:57.392963,1566.6329999999994,1498.9229999999993,78.81,-1422.2670000000007,-11.099999999999998
2026-03-22T18:54:58.431441,1566.6329999999994,1498.9229999999993,78.81,-1422.2670000000007,-11.099999999999998
2026-03-22T18:54:59.475378,1566.6329999999994,1498.9229999999993,78.81,-1422.2670000000007,-11.099999999999998
2026-03-22T18:55:00.504169,1566.6329999999994,1498.9229999999993,78.81,-1422.2670000000007,-11.099999999999998
2026-03-22T18:55:01.544087,1577.7329999999993,1498.9229999999993,78.81,-1422.2670000000007,0.0
2026-03-22T18:55:02.571104,1577.7329999999993,1498.9229999999993,78.81,-1422.2670000000007,0.0
2026-03-22T18:55:03.601492,1577.7329999999993,1498.9229999999993,78.81,-1422.2670000000007,0.0
2026-03-22T18:55:04.636737,1577.7329999999993,1498.9229999999993,78.81,-1422.2670000000007,0.0
2026-03-22T18:55:05.708836,1577.7329999999993,1498.9229999999993,78.81,-1422.2670000000007,0.0
2026-03-22T18:55:06.738693,1577.7329999999993,1498.9229999999993,78.81,-1422.2670000000007,0.0
2026-03-22T18:55:07.760433,1577.7329999999993,1498.9229999999993,78.81,-1422.2670000000007,0.0
2026-03-22T18:55:08.801120,1577.7329999999993,1498.9229999999993,78.81,-1422.2670000000007,0.0
2026-03-22T18:55:09.839919,1577.7329999999993,1498.9229999999993,78.81,-1422.2670000000007,0.0
2026-03-22T18:55:10.891165,1577.7329999999993,1498.9229999999993,78.81,-1422.2670000000007,0.0
2026-03-22T18:55:11.917826,1577.7329999999993,1498.9229999999993,78.81,-1422.2670000000007,0.0
2026-03-22T18:55:12.949446,1577.7329999999993,1498.9229999999993,78.81,-1422.2670000000007,0.0
2026-03-22T18:55:13.973523,1577.7329999999993,1498.9229999999993,78.81,-1422.2670000000007,0.0
2026-03-22T18:55:14.997808,1577.7329999999993,1498.9229999999993,78.81,-1422.2670000000007,0.0
2026-03-22T18:55:16.036833,1577.7329999999993,1498.9229999999993,78.81,-1422.2670000000007,0.0
2026-03-22T18:55:17.076201,1577.7329999999993,1498.9229999999993,78.81,-1422.2670000000007,0.0
2026-03-22T18:55:18.101213,1577.7329999999993,1498.9229999999993,78.81,-1422.2670000000007,0.0
2026-03-22T18:55:19.125858,1577.7329999999993,1498.9229999999993,78.81,-1422.2670000000007,0.0
2026-03-22T18:55:20.149546,1585.0829999999992,1526.2829999999992,53.25,-1420.4670000000008,5.550000000000005
2026-03-22T18:55:21.167378,1585.0829999999992,1526.2829999999992,53.25,-1420.4670000000008,5.550000000000005
2026-03-22T18:55:22.217249,1585.0829999999992,1526.2829999999992,53.25,-1420.4670000000008,5.550000000000005
2026-03-22T18:55:23.376180,1585.0829999999992,1526.2829999999992,53.25,-1420.4670000000008,5.550000000000005
2026-03-22T18:55:24.401261,1585.0829999999992,1526.2829999999992,53.25,-1420.4670000000008,5.550000000000005
2026-03-22T18:55:25.429684,1585.0829999999992,1526.2829999999992,53.25,-1420.4670000000008,5.550000000000005
2026-03-22T18:55:26.458849,1585.0829999999992,1526.2829999999992,53.25,-1420.4670000000008,5.550000000000005
2026-03-22T18:55:27.492447,1585.0829999999992,1526.2829999999992,53.25,-1420.4670000000008,5.550000000000005
2026-03-22T18:55:28.523254,1585.0829999999992,1526.2829999999992,53.25,-1420.4670000000008,5.550000000000005
2026-03-22T18:55:29.549591,1585.0829999999992,1526.2829999999992,53.25,-1420.4670000000008,5.550000000000005
2026-03-22T18:55:30.575205,1585.0829999999992,1526.2829999999992,53.25,-1420.4670000000008,5.550000000000005
2026-03-22T18:55:31.601278,1585.0829999999992,1526.2829999999992,53.25,-1420.4670000000008,5.550000000000005
2026-03-22T18:55:32.626653,1585.0829999999992,1526.2829999999992,53.25,-1420.4670000000008,5.550000000000005
2026-03-22T18:55:33.651483,1585.0829999999992,1526.2829999999992,53.25,-1420.4670000000008,5.550000000000005
2026-03-22T18:55:34.675531,1585.0829999999992,1526.2829999999992,53.25,-1420.4670000000008,5.550000000000005
2026-03-22T18:55:35.701008,1581.0329999999992,1526.2829999999992,53.25,-1420.4670000000008,1.5000000000000013
2026-03-22T18:55:36.753196,1581.0329999999992,1526.2829999999992,53.25,-1420.4670000000008,1.5000000000000013
2026-03-22T18:55:37.793027,1581.0329999999992,1526.2829999999992,53.25,-1420.4670000000008,1.5000000000000013
2026-03-22T18:55:38.842796,1581.0329999999992,1526.2829999999992,53.25,-1420.4670000000008,1.5000000000000013
2026-03-22T18:55:39.884528,1581.0329999999992,1526.2829999999992,53.25,-1420.4670000000008,1.5000000000000013
2026-03-22T18:55:40.920442,1581.0329999999992,1526.2829999999992,53.25,-1420.4670000000008,1.5000000000000013
2026-03-22T18:55:41.991205,1581.0329999999992,1526.2829999999992,53.25,-1420.4670000000008,1.5000000000000013
2026-03-22T18:55:43.028130,1581.0329999999992,1526.2829999999992,53.25,-1420.4670000000008,1.5000000000000013
2026-03-22T18:55:44.051377,1581.0329999999992,1526.2829999999992,53.25,-1420.4670000000008,1.5000000000000013
2026-03-22T18:55:45.076105,1581.0329999999992,1526.2829999999992,53.25,-1420.4670000000008,1.5000000000000013
2026-03-22T18:55:46.098630,1581.0329999999992,1526.2829999999992,53.25,-1420.4670000000008,1.5000000000000013
2026-03-22T18:55:47.128167,1581.0329999999992,1526.2829999999992,53.25,-1420.4670000000008,1.5000000000000013
2026-03-22T18:55:48.150960,1581.0329999999992,1526.2829999999992,53.25,-1420.4670000000008,1.5000000000000013
2026-03-22T18:55:49.190820,1581.0329999999992,1526.2829999999992,53.25,-1420.4670000000008,1.5000000000000013
2026-03-22T18:55:50.225587,1581.0329999999992,1526.2829999999992,53.25,-1420.4670000000008,1.5000000000000013
2026-03-22T18:55:51.256128,1581.0329999999992,1526.2829999999992,53.25,-1420.4670000000008,1.5000000000000013
2026-03-22T18:55:52.301059,1586.2829999999992,1526.2829999999992,53.25,-1420.4670000000008,6.750000000000006
2026-03-22T18:55:53.370607,1586.2829999999992,1526.2829999999992,53.25,-1420.4670000000008,6.750000000000006
2026-03-22T18:55:54.418433,1586.2829999999992,1526.2829999999992,53.25,-1420.4670000000008,6.750000000000006
2026-03-22T18:55:55.447301,1586.2829999999992,1526.2829999999992,53.25,-1420.4670000000008,6.750000000000006
2026-03-22T18:55:56.462632,1586.2829999999992,1526.2829999999992,53.25,-1420.4670000000008,6.750000000000006
2026-03-22T18:55:57.492853,1586.2829999999992,1526.2829999999992,53.25,-1420.4670000000008,6.750000000000006
2026-03-22T18:55:58.568435,1586.2829999999992,1526.2829999999992,53.25,-1420.4670000000008,6.750000000000006
2026-03-22T18:55:59.584520,1586.2829999999992,1526.2829999999992,53.25,-1420.4670000000008,6.750000000000006
2026-03-22T18:56:00.634953,1586.2829999999992,1526.2829999999992,53.25,-1420.4670000000008,6.750000000000006
2026-03-22T18:56:01.657372,1586.2829999999992,1526.2829999999992,53.25,-1420.4670000000008,6.750000000000006
2026-03-22T18:56:02.680337,1586.2829999999992,1526.2829999999992,53.25,-1420.4670000000008,6.750000000000006
2026-03-22T18:56:03.702822,1586.2829999999992,1526.2829999999992,53.25,-1420.4670000000008,6.750000000000006
2026-03-22T18:56:04.721101,1586.2829999999992,1526.2829999999992,53.25,-1420.4670000000008,6.750000000000006
2026-03-22T18:56:05.742653,1586.2829999999992,1526.2829999999992,53.25,-1420.4670000000008,6.750000000000006
2026-03-22T18:56:06.759923,1586.2829999999992,1526.2829999999992,53.25,-1420.4670000000008,6.750000000000006
2026-03-22T18:56:07.784583,1586.2829999999992,1526.2829999999992,53.25,-1420.4670000000008,6.750000000000006
2026-03-22T18:56:08.811519,1586.2829999999992,1526.2829999999992,53.25,-1420.4670000000008,6.750000000000006
2026-03-22T18:56:09.831016,1586.2829999999992,1526.2829999999992,53.25,-1420.4670000000008,6.750000000000006
2026-03-22T18:56:10.858138,1588.5329999999992,1588.5329999999992,0.0,-1411.4670000000008,0
2026-03-22T18:56:11.888263,1588.5329999999992,1588.5329999999992,0.0,-1411.4670000000008,0
2026-03-22T18:56:12.910088,1588.5329999999992,1588.5329999999992,0.0,-1411.4670000000008,0
2026-03-22T18:56:13.934962,1588.5329999999992,1588.5329999999992,0.0,-1411.4670000000008,0
2026-03-22T18:56:14.955197,1588.5329999999992,1588.5329999999992,0.0,-1411.4670000000008,0
2026-03-22T18:56:16.022106,1588.5329999999992,1588.5329999999992,0.0,-1411.4670000000008,0
2026-03-22T18:56:17.050001,1588.5329999999992,1588.5329999999992,0.0,-1411.4670000000008,0
2026-03-22T18:56:18.079970,1588.5329999999992,1588.5329999999992,0.0,-1411.4670000000008,0
2026-03-22T18:56:19.096560,1588.5329999999992,1588.5329999999992,0.0,-1411.4670000000008,0
2026-03-22T18:56:20.126057,1588.5329999999992,1588.5329999999992,0.0,-1411.4670000000008,0
2026-03-22T18:56:21.151338,1588.5329999999992,1588.5329999999992,0.0,-1411.4670000000008,0
2026-03-22T18:56:22.170776,1588.5329999999992,1588.5329999999992,0.0,-1411.4670000000008,0
2026-03-22T18:56:23.189056,1588.5329999999992,1588.5329999999992,0.0,-1411.4670000000008,0
2026-03-22T18:56:24.204981,1588.5329999999992,1588.5329999999992,0.0,-1411.4670000000008,0
2026-03-22T18:56:25.226499,1588.5329999999992,1588.5329999999992,0.0,-1411.4670000000008,0
2026-03-22T18:56:26.264218,1588.5329999999992,1588.5329999999992,0.0,-1411.4670000000008,0
2026-03-22T18:56:27.285600,1588.5329999999992,1588.5329999999992,0.0,-1411.4670000000008,0
2026-03-22T18:56:28.309225,1588.5329999999992,1588.5329999999992,0.0,-1411.4670000000008,0
2026-03-22T18:56:29.342843,1588.5329999999992,1588.5329999999992,0.0,-1411.4670000000008,0
2026-03-22T18:56:30.378794,1588.5329999999992,1588.5329999999992,0.0,-1411.4670000000008,0
2026-03-22T18:56:31.401930,1588.5329999999992,1588.5329999999992,0.0,-1411.4670000000008,0
2026-03-22T18:56:32.439589,1588.5329999999992,1588.5329999999992,0.0,-1411.4670000000008,0
2026-03-22T18:56:33.487265,1588.5329999999992,1588.5329999999992,0.0,-1411.4670000000008,0
2026-03-22T18:56:34.517164,1588.5329999999992,1588.5329999999992,0.0,-1411.4670000000008,0
2026-03-22T18:56:35.552040,1588.5329999999992,1588.5329999999992,0.0,-1411.4670000000008,0
2026-03-22T18:56:36.566682,1588.5329999999992,1588.5329999999992,0.0,-1411.4670000000008,0
2026-03-22T18:56:37.591500,1588.5329999999992,1588.5329999999992,0.0,-1411.4670000000008,0
2026-03-22T18:56:38.625846,1588.5329999999992,1588.5329999999992,0.0,-1411.4670000000008,0
2026-03-22T18:56:39.638736,1588.5329999999992,1588.5329999999992,0.0,-1411.4670000000008,0
2026-03-22T18:56:40.676422,1588.5329999999992,1588.5329999999992,0.0,-1411.4670000000008,0
2026-03-22T18:56:41.712814,1588.5329999999992,1588.5329999999992,0.0,-1411.4670000000008,0
2026-03-22T18:56:42.742175,1588.5329999999992,1588.5329999999992,0.0,-1411.4670000000008,0
2026-03-22T18:56:43.766666,1588.5329999999992,1588.5329999999992,0.0,-1411.4670000000008,0
2026-03-22T18:56:44.808799,1588.5329999999992,1588.5329999999992,0.0,-1411.4670000000008,0
2026-03-22T18:56:45.849500,1588.5329999999992,1588.5329999999992,0.0,-1411.4670000000008,0
2026-03-22T18:56:46.881628,1588.5329999999992,1588.5329999999992,0.0,-1411.4670000000008,0
2026-03-22T18:56:47.908710,1588.5329999999992,1588.5329999999992,0.0,-1411.4670000000008,0
2026-03-22T18:56:48.934525,1588.5329999999992,1588.5329999999992,0.0,-1411.4670000000008,0
2026-03-22T18:56:49.989987,1588.5329999999992,1588.5329999999992,0.0,-1411.4670000000008,0
2026-03-22T18:56:51.028883,1588.5329999999992,1588.5329999999992,0.0,-1411.4670000000008,0
2026-03-22T18:56:52.127656,1588.5329999999992,1588.5329999999992,0.0,-1411.4670000000008,0
2026-03-22T18:56:53.171904,1588.5329999999992,1588.5329999999992,0.0,-1411.4670000000008,0
2026-03-22T18:56:54.198642,1588.5329999999992,1588.5329999999992,0.0,-1411.4670000000008,0
2026-03-22T18:56:55.248588,1588.5329999999992,1588.5329999999992,0.0,-1411.4670000000008,0
2026-03-22T18:56:56.298463,1588.5329999999992,1588.5329999999992,0.0,-1411.4670000000008,0
2026-03-22T18:56:57.335350,1588.5329999999992,1588.5329999999992,0.0,-1411.4670000000008,0
2026-03-22T18:56:58.358915,1588.5329999999992,1588.5329999999992,0.0,-1411.4670000000008,0
2026-03-22T18:56:59.392806,1588.5329999999992,1588.5329999999992,0.0,-1411.4670000000008,0
2026-03-22T18:57:00.426582,1588.5329999999992,1588.5329999999992,0.0,-1411.4670000000008,0
2026-03-22T18:57:01.463283,1588.5329999999992,1588.5329999999992,0.0,-1411.4670000000008,0
2026-03-22T18:57:02.494994,1588.5329999999992,1588.5329999999992,0.0,-1411.4670000000008,0
2026-03-22T18:57:03.529168,1588.5329999999992,1588.5329999999992,0.0,-1411.4670000000008,0
2026-03-22T18:57:04.562185,1588.5329999999992,1588.5329999999992,0.0,-1411.4670000000008,0
2026-03-22T18:57:05.610258,1588.5329999999992,1588.5329999999992,0.0,-1411.4670000000008,0
2026-03-22T18:57:06.640626,1588.5329999999992,1588.5329999999992,0.0,-1411.4670000000008,0
2026-03-22T18:57:07.668946,1588.5329999999992,1588.5329999999992,0.0,-1411.4670000000008,0
2026-03-22T18:57:08.726876,1588.5329999999992,1588.5329999999992,0.0,-1411.4670000000008,0
2026-03-22T18:57:09.793572,1588.5329999999992,1588.5329999999992,0.0,-1411.4670000000008,0
2026-03-22T18:57:10.836337,1588.5329999999992,1588.5329999999992,0.0,-1411.4670000000008,0
2026-03-22T18:57:11.868670,1588.5329999999992,1588.5329999999992,0.0,-1411.4670000000008,0
2026-03-22T18:57:12.896478,1588.5329999999992,1588.5329999999992,0.0,-1411.4670000000008,0
2026-03-22T18:57:13.920522,1588.5329999999992,1588.5329999999992,0.0,-1411.4670000000008,0
2026-03-22T18:57:14.947446,1588.5329999999992,1588.5329999999992,0.0,-1411.4670000000008,0
2026-03-22T18:57:15.991044,1588.5329999999992,1588.5329999999992,0.0,-1411.4670000000008,0
2026-03-22T18:57:17.048695,1588.5329999999992,1588.5329999999992,0.0,-1411.4670000000008,0
2026-03-22T18:57:18.074178,1588.5329999999992,1588.5329999999992,0.0,-1411.4670000000008,0
2026-03-22T18:57:19.104805,1588.5329999999992,1588.5329999999992,0.0,-1411.4670000000008,0
2026-03-22T18:57:20.145272,1588.5329999999992,1588.5329999999992,0.0,-1411.4670000000008,0
2026-03-22T18:57:21.185863,1588.5329999999992,1588.5329999999992,0.0,-1411.4670000000008,0
2026-03-22T18:57:22.235743,1588.5329999999992,1588.5329999999992,0.0,-1411.4670000000008,0
2026-03-22T18:57:23.274648,1588.5329999999992,1588.5329999999992,0.0,-1411.4670000000008,0
2026-03-22T18:57:24.301545,1588.5329999999992,1588.5329999999992,0.0,-1411.4670000000008,0
2026-03-22T18:57:25.357402,1588.5329999999992,1588.5329999999992,0.0,-1411.4670000000008,0
2026-03-22T18:57:26.386888,1588.5329999999992,1588.5329999999992,0.0,-1411.4670000000008,0
2026-03-22T18:57:27.457974,1588.5329999999992,1588.5329999999992,0.0,-1411.4670000000008,0
2026-03-22T18:57:28.492595,1588.5329999999992,1588.5329999999992,0.0,-1411.4670000000008,0
2026-03-22T18:57:29.529679,1588.5329999999992,1588.5329999999992,0.0,-1411.4670000000008,0
2026-03-22T18:57:30.575874,1588.5329999999992,1588.5329999999992,0.0,-1411.4670000000008,0
2026-03-22T18:57:31.603505,1588.5329999999992,1588.5329999999992,0.0,-1411.4670000000008,0
2026-03-22T18:57:32.637401,1588.5329999999992,1588.5329999999992,0.0,-1411.4670000000008,0
2026-03-22T18:57:33.665638,1588.5329999999992,1588.5329999999992,0.0,-1411.4670000000008,0
2026-03-22T18:57:34.697007,1588.5329999999992,1588.5329999999992,0.0,-1411.4670000000008,0
2026-03-22T18:57:35.732148,1588.5329999999992,1588.5329999999992,0.0,-1411.4670000000008,0
2026-03-22T18:57:36.783192,1588.5329999999992,1588.5329999999992,0.0,-1411.4670000000008,0
2026-03-22T18:57:37.828742,1588.5329999999992,1588.5329999999992,0.0,-1411.4670000000008,0
2026-03-22T18:57:38.860250,1588.5329999999992,1588.5329999999992,0.0,-1411.4670000000008,0
2026-03-22T18:57:39.893915,1588.5329999999992,1588.5329999999992,0.0,-1411.4670000000008,0
2026-03-22T18:57:40.923078,1588.5329999999992,1588.5329999999992,0.0,-1411.4670000000008,0
2026-03-22T18:57:41.958051,1588.5329999999992,1588.5329999999992,0.0,-1411.4670000000008,0
2026-03-22T18:57:42.991599,1588.5329999999992,1588.5329999999992,0.0,-1411.4670000000008,0
2026-03-22T18:57:44.018955,1588.5329999999992,1588.5329999999992,0.0,-1411.4670000000008,0
2026-03-22T18:57:45.074415,1588.5329999999992,1588.5329999999992,0.0,-1411.4670000000008,0
2026-03-22T18:57:46.104717,1588.5329999999992,1588.5329999999992,0.0,-1411.4670000000008,0
2026-03-22T18:57:47.135549,1588.5329999999992,1588.5329999999992,0.0,-1411.4670000000008,0
2026-03-22T18:57:48.167484,1588.5329999999992,1588.5329999999992,0.0,-1411.4670000000008,0
2026-03-22T18:57:49.205552,1588.5329999999992,1588.5329999999992,0.0,-1411.4670000000008,0
2026-03-22T18:57:50.232464,1588.5329999999992,1588.5329999999992,0.0,-1411.4670000000008,0
2026-03-22T18:57:51.284807,1588.5329999999992,1588.5329999999992,0.0,-1411.4670000000008,0
2026-03-22T18:57:52.327697,1588.5329999999992,1588.5329999999992,0.0,-1411.4670000000008,0
2026-03-22T18:57:53.368552,1588.5329999999992,1588.5329999999992,0.0,-1411.4670000000008,0
2026-03-22T18:57:54.392698,1588.5329999999992,1588.5329999999992,0.0,-1411.4670000000008,0
2026-03-22T18:57:55.420227,1588.5329999999992,1588.5329999999992,0.0,-1411.4670000000008,0
2026-03-22T18:57:56.457794,1588.5329999999992,1588.5329999999992,0.0,-1411.4670000000008,0
2026-03-22T18:57:57.489947,1588.5329999999992,1588.5329999999992,0.0,-1411.4670000000008,0
2026-03-22T18:57:58.532789,1588.5329999999992,1588.5329999999992,0.0,-1411.4670000000008,0
2026-03-22T18:57:59.578264,1588.5329999999992,1588.5329999999992,0.0,-1411.4670000000008,0
2026-03-22T18:58:00.710529,1588.5329999999992,1588.5329999999992,0.0,-1411.4670000000008,0
2026-03-22T18:58:01.791878,1588.5329999999992,1588.5329999999992,0.0,-1411.4670000000008,0
2026-03-22T18:58:02.832899,1588.5329999999992,1588.5329999999992,0.0,-1411.4670000000008,0
2026-03-22T18:58:03.935083,1588.5329999999992,1588.5329999999992,0.0,-1411.4670000000008,0
2026-03-22T18:58:04.971337,1588.5329999999992,1588.5329999999992,0.0,-1411.4670000000008,0
2026-03-22T18:58:06.009061,1588.5329999999992,1588.5329999999992,0.0,-1411.4670000000008,0
2026-03-22T18:58:07.040704,1588.5329999999992,1588.5329999999992,0.0,-1411.4670000000008,0
2026-03-22T18:58:08.072340,1588.5329999999992,1588.5329999999992,0.0,-1411.4670000000008,0
2026-03-22T18:58:09.106489,1588.5329999999992,1588.5329999999992,0.0,-1411.4670000000008,0
2026-03-22T18:58:10.135813,1588.5329999999992,1588.5329999999992,0.0,-1411.4670000000008,0
2026-03-22T18:58:11.180271,1588.5329999999992,1588.5329999999992,0.0,-1411.4670000000008,0
2026-03-22T18:58:12.204316,1588.5329999999992,1588.5329999999992,0.0,-1411.4670000000008,0
2026-03-22T18:58:13.228842,1588.5329999999992,1588.5329999999992,0.0,-1411.4670000000008,0
2026-03-22T18:58:14.256878,1588.5329999999992,1588.5329999999992,0.0,-1411.4670000000008,0
2026-03-22T18:58:15.282763,1588.5329999999992,1588.5329999999992,0.0,-1411.4670000000008,0
2026-03-22T18:58:16.306441,1588.5329999999992,1588.5329999999992,0.0,-1411.4670000000008,0
2026-03-22T18:58:17.346182,1588.5329999999992,1588.5329999999992,0.0,-1411.4670000000008,0
2026-03-22T18:58:18.399920,1588.5329999999992,1588.5329999999992,0.0,-1411.4670000000008,0
2026-03-22T18:58:19.426343,1588.5329999999992,1588.5329999999992,0.0,-1411.4670000000008,0
2026-03-22T18:58:20.472179,1588.5329999999992,1588.5329999999992,0.0,-1411.4670000000008,0
2026-03-22T18:58:21.584883,1588.5329999999992,1588.5329999999992,0.0,-1411.4670000000008,0
2026-03-22T18:58:22.625359,1588.5329999999992,1588.5329999999992,0.0,-1411.4670000000008,0
2026-03-22T18:58:23.656143,1588.5329999999992,1588.5329999999992,0.0,-1411.4670000000008,0
2026-03-22T18:58:24.682094,1588.5329999999992,1588.5329999999992,0.0,-1411.4670000000008,0
2026-03-22T18:58:25.720958,1588.5329999999992,1588.5329999999992,0.0,-1411.4670000000008,0
2026-03-22T18:58:26.770254,1588.5329999999992,1588.5329999999992,0.0,-1411.4670000000008,0
2026-03-22T18:58:27.804266,1588.5329999999992,1588.5329999999992,0.0,-1411.4670000000008,0
2026-03-22T18:58:28.833995,1588.5329999999992,1588.5329999999992,0.0,-1411.4670000000008,0
2026-03-22T18:58:29.863267,1588.5329999999992,1588.5329999999992,0.0,-1411.4670000000008,0
2026-03-22T18:58:30.912890,1588.5329999999992,1588.5329999999992,0.0,-1411.4670000000008,0
2026-03-22T18:58:31.941805,1588.5329999999992,1588.5329999999992,0.0,-1411.4670000000008,0
2026-03-22T18:58:32.964090,1588.5329999999992,1588.5329999999992,0.0,-1411.4670000000008,0
2026-03-22T18:58:33.993719,1588.5329999999992,1588.5329999999992,0.0,-1411.4670000000008,0
2026-03-22T18:58:35.026487,1588.5329999999992,1588.5329999999992,0.0,-1411.4670000000008,0
2026-03-22T18:58:36.056384,1588.5329999999992,1588.5329999999992,0.0,-1411.4670000000008,0
2026-03-22T18:58:37.082385,1588.5329999999992,1588.5329999999992,0.0,-1411.4670000000008,0
2026-03-22T18:58:38.118492,1588.5329999999992,1588.5329999999992,0.0,-1411.4670000000008,0
2026-03-22T18:58:39.193902,1588.5329999999992,1588.5329999999992,0.0,-1411.4670000000008,0
2026-03-22T18:58:40.239902,1588.5329999999992,1588.5329999999992,0.0,-1411.4670000000008,0
2026-03-22T18:58:41.286255,1588.5329999999992,1588.5329999999992,0.0,-1411.4670000000008,0
2026-03-22T18:58:42.326708,1588.5329999999992,1588.5329999999992,0.0,-1411.4670000000008,0
2026-03-22T18:58:43.360089,1588.5329999999992,1588.5329999999992,0.0,-1411.4670000000008,0
2026-03-22T18:58:44.394528,1588.5329999999992,1588.5329999999992,0.0,-1411.4670000000008,0
2026-03-22T18:58:45.421105,1588.5329999999992,1588.5329999999992,0.0,-1411.4670000000008,0
2026-03-22T18:58:46.459445,1588.5329999999992,1588.5329999999992,0.0,-1411.4670000000008,0
2026-03-22T18:58:47.514348,1588.5329999999992,1588.5329999999992,0.0,-1411.4670000000008,0
2026-03-22T18:58:48.550834,1588.5329999999992,1588.5329999999992,0.0,-1411.4670000000008,0
2026-03-22T18:58:49.590331,1588.5329999999992,1588.5329999999992,0.0,-1411.4670000000008,0
2026-03-22T18:58:50.623581,1588.5329999999992,1588.5329999999992,0.0,-1411.4670000000008,0
2026-03-22T18:58:51.656903,1588.5329999999992,1588.5329999999992,0.0,-1411.4670000000008,0
2026-03-22T18:58:52.703709,1588.5329999999992,1588.5329999999992,0.0,-1411.4670000000008,0
2026-03-22T18:58:53.735513,1588.5329999999992,1588.5329999999992,0.0,-1411.4670000000008,0
2026-03-22T18:58:54.780594,1588.5329999999992,1588.5329999999992,0.0,-1411.4670000000008,0
2026-03-22T18:58:55.807553,1588.5329999999992,1588.5329999999992,0.0,-1411.4670000000008,0
2026-03-22T18:58:56.848159,1588.5329999999992,1588.5329999999992,0.0,-1411.4670000000008,0
2026-03-22T18:58:57.921245,1588.5329999999992,1588.5329999999992,0.0,-1411.4670000000008,0
2026-03-22T18:58:58.955901,1588.5329999999992,1588.5329999999992,0.0,-1411.4670000000008,0
2026-03-22T18:59:00.001655,1588.5329999999992,1588.5329999999992,0.0,-1411.4670000000008,0
2026-03-22T18:59:01.038055,1588.5329999999992,1588.5329999999992,0.0,-1411.4670000000008,0
2026-03-22T18:59:02.082764,1588.5329999999992,1588.5329999999992,0.0,-1411.4670000000008,0
2026-03-22T18:59:03.113835,1588.5329999999992,1588.5329999999992,0.0,-1411.4670000000008,0
2026-03-22T18:59:04.154716,1588.5329999999992,1588.5329999999992,0.0,-1411.4670000000008,0
2026-03-22T18:59:05.188646,1588.5329999999992,1588.5329999999992,0.0,-1411.4670000000008,0
2026-03-22T18:59:06.224482,1588.5329999999992,1588.5329999999992,0.0,-1411.4670000000008,0
2026-03-22T18:59:07.248955,1588.5329999999992,1588.5329999999992,0.0,-1411.4670000000008,0
2026-03-22T18:59:08.287223,1588.5329999999992,1588.5329999999992,0.0,-1411.4670000000008,0
2026-03-22T18:59:09.315470,1588.5329999999992,1588.5329999999992,0.0,-1411.4670000000008,0
2026-03-22T18:59:10.363545,1588.5329999999992,1588.5329999999992,0.0,-1411.4670000000008,0
2026-03-22T18:59:11.412448,1588.5329999999992,1588.5329999999992,0.0,-1411.4670000000008,0
2026-03-22T18:59:12.439367,1588.5329999999992,1588.5329999999992,0.0,-1411.4670000000008,0
2026-03-22T18:59:13.468837,1588.5329999999992,1588.5329999999992,0.0,-1411.4670000000008,0
2026-03-22T18:59:14.523092,1588.5329999999992,1588.5329999999992,0.0,-1411.4670000000008,0
2026-03-22T18:59:15.591444,1588.5329999999992,1588.5329999999992,0.0,-1411.4670000000008,0
2026-03-22T18:59:16.630280,1588.5329999999992,1588.5329999999992,0.0,-1411.4670000000008,0
2026-03-22T18:59:17.667112,1588.5329999999992,1588.5329999999992,0.0,-1411.4670000000008,0
2026-03-22T18:59:18.698627,1588.5329999999992,1588.5329999999992,0.0,-1411.4670000000008,0
2026-03-22T18:59:19.734225,1588.5329999999992,1588.5329999999992,0.0,-1411.4670000000008,0
2026-03-22T18:59:20.763222,1588.5329999999992,1588.5329999999992,0.0,-1411.4670000000008,0
2026-03-22T18:59:21.817354,1588.5329999999992,1588.5329999999992,0.0,-1411.4670000000008,0
2026-03-22T18:59:22.881799,1588.5329999999992,1588.5329999999992,0.0,-1411.4670000000008,0
2026-03-22T18:59:23.911408,1588.5329999999992,1588.5329999999992,0.0,-1411.4670000000008,0
2026-03-22T18:59:24.961778,1588.5329999999992,1588.5329999999992,0.0,-1411.4670000000008,0
2026-03-22T18:59:26.002851,1588.5329999999992,1588.5329999999992,0.0,-1411.4670000000008,0
2026-03-22T18:59:27.033963,1588.5329999999992,1588.5329999999992,0.0,-1411.4670000000008,0
2026-03-22T18:59:28.058596,1588.5329999999992,1588.5329999999992,0.0,-1411.4670000000008,0
2026-03-22T18:59:29.098279,1588.5329999999992,1588.5329999999992,0.0,-1411.4670000000008,0
2026-03-22T18:59:30.123556,1588.5329999999992,1588.5329999999992,0.0,-1411.4670000000008,0
2026-03-22T18:59:31.148999,1588.5329999999992,1588.5329999999992,0.0,-1411.4670000000008,0
2026-03-22T18:59:32.186162,1588.5329999999992,1588.5329999999992,0.0,-1411.4670000000008,0
2026-03-22T18:59:33.256851,1588.5329999999992,1588.5329999999992,0.0,-1411.4670000000008,0
2026-03-22T18:59:34.337223,1588.5329999999992,1588.5329999999992,0.0,-1411.4670000000008,0
2026-03-22T18:59:35.371234,1588.5329999999992,1588.5329999999992,0.0,-1411.4670000000008,0
2026-03-22T18:59:36.411049,1588.5329999999992,1588.5329999999992,0.0,-1411.4670000000008,0
2026-03-22T18:59:37.441669,1588.5329999999992,1588.5329999999992,0.0,-1411.4670000000008,0
2026-03-22T18:59:38.465655,1588.5329999999992,1588.5329999999992,0.0,-1411.4670000000008,0
2026-03-22T18:59:39.494281,1588.5329999999992,1588.5329999999992,0.0,-1411.4670000000008,0
2026-03-22T18:59:40.531023,1588.5329999999992,1588.5329999999992,0.0,-1411.4670000000008,0
2026-03-22T18:59:41.571947,1588.5329999999992,1588.5329999999992,0.0,-1411.4670000000008,0
2026-03-22T18:59:42.598046,1588.5329999999992,1588.5329999999992,0.0,-1411.4670000000008,0
2026-03-22T18:59:43.638484,1588.5329999999992,1588.5329999999992,0.0,-1411.4670000000008,0
2026-03-22T18:59:44.668123,1588.5329999999992,1588.5329999999992,0.0,-1411.4670000000008,0
2026-03-22T18:59:45.693556,1588.5329999999992,1588.5329999999992,0.0,-1411.4670000000008,0
2026-03-22T18:59:46.724318,1588.5329999999992,1588.5329999999992,0.0,-1411.4670000000008,0
2026-03-22T18:59:47.766171,1588.5329999999992,1588.5329999999992,0.0,-1411.4670000000008,0
2026-03-22T18:59:48.799431,1588.5329999999992,1588.5329999999992,0.0,-1411.4670000000008,0
2026-03-22T18:59:49.840458,1588.5329999999992,1588.5329999999992,0.0,-1411.4670000000008,0
2026-03-22T18:59:50.885932,1588.5329999999992,1588.5329999999992,0.0,-1411.4670000000008,0
2026-03-22T18:59:51.935398,1588.5329999999992,1588.5329999999992,0.0,-1411.4670000000008,0
2026-03-22T18:59:52.973150,1588.5329999999992,1588.5329999999992,0.0,-1411.4670000000008,0
2026-03-22T18:59:54.001850,1588.5329999999992,1588.5329999999992,0.0,-1411.4670000000008,0
2026-03-22T18:59:55.022106,1588.5329999999992,1588.5329999999992,0.0,-1411.4670000000008,0
2026-03-22T18:59:56.057548,1588.5329999999992,1588.5329999999992,0.0,-1411.4670000000008,0
2026-03-22T18:59:57.109700,1588.5329999999992,1588.5329999999992,0.0,-1411.4670000000008,0
2026-03-22T18:59:58.157547,1588.5329999999992,1588.5329999999992,0.0,-1411.4670000000008,0
2026-03-22T18:59:59.213016,1588.5329999999992,1588.5329999999992,0.0,-1411.4670000000008,0
2026-03-22T19:00:00.242949,1588.5329999999992,1588.5329999999992,0.0,-1411.4670000000008,0
2026-03-22T19:00:01.269152,1588.5329999999992,1588.5329999999992,0.0,-1411.4670000000008,0
2026-03-22T19:00:02.299343,1588.5329999999992,1588.5329999999992,0.0,-1411.4670000000008,0
2026-03-22T19:00:03.324472,1588.5329999999992,1588.5329999999992,0.0,-1411.4670000000008,0
2026-03-22T19:00:04.368707,1588.5329999999992,1588.5329999999992,0.0,-1411.4670000000008,0
2026-03-22T19:00:05.400142,1588.5329999999992,1588.5329999999992,0.0,-1411.4670000000008,0
2026-03-22T19:00:06.429177,1588.5329999999992,1588.5329999999992,0.0,-1411.4670000000008,0
2026-03-22T19:00:07.476158,1588.5329999999992,1588.5329999999992,0.0,-1411.4670000000008,0
2026-03-22T19:00:08.512849,1588.5329999999992,1588.5329999999992,0.0,-1411.4670000000008,0
2026-03-22T19:00:09.588465,1588.5329999999992,1588.5329999999992,0.0,-1411.4670000000008,0
2026-03-22T19:00:10.642779,1588.5329999999992,1588.5329999999992,0.0,-1411.4670000000008,0
2026-03-22T19:00:11.675374,1588.5329999999992,1588.5329999999992,0.0,-1411.4670000000008,0
2026-03-22T19:00:12.709735,1588.5329999999992,1588.5329999999992,0.0,-1411.4670000000008,0
2026-03-22T19:00:13.746498,1588.5329999999992,1588.5329999999992,0.0,-1411.4670000000008,0
2026-03-22T19:00:14.780425,1588.5329999999992,1588.5329999999992,0.0,-1411.4670000000008,0
2026-03-22T19:00:15.805615,1588.5329999999992,1588.5329999999992,0.0,-1411.4670000000008,0
2026-03-22T19:00:16.840816,1588.5329999999992,1588.5329999999992,0.0,-1411.4670000000008,0
2026-03-22T19:00:17.879634,1588.5329999999992,1588.5329999999992,0.0,-1411.4670000000008,0
2026-03-22T19:00:18.914793,1588.5329999999992,1588.5329999999992,0.0,-1411.4670000000008,0
2026-03-22T19:00:19.945602,1588.5329999999992,1588.5329999999992,0.0,-1411.4670000000008,0
2026-03-22T19:00:20.975135,1588.5329999999992,1588.5329999999992,0.0,-1411.4670000000008,0
2026-03-22T19:00:22.020766,1588.5329999999992,1588.5329999999992,0.0,-1411.4670000000008,0
2026-03-22T19:00:23.057944,1588.5329999999992,1509.4729999999993,79.06,-1411.4670000000008,0
2026-03-22T19:00:24.104783,1588.5329999999992,1509.4729999999993,79.06,-1411.4670000000008,0
2026-03-22T19:00:25.135301,1587.9629999999993,1508.9029999999993,79.06,-1412.0370000000007,0.0
2026-03-22T19:00:26.167415,1587.9629999999993,1508.9029999999993,79.06,-1412.0370000000007,0.0
2026-03-22T19:00:27.211870,1587.9629999999993,1508.9029999999993,79.06,-1412.0370000000007,0.0
2026-03-22T19:00:28.272466,1587.9629999999993,1508.9029999999993,79.06,-1412.0370000000007,0.0
2026-03-22T19:00:29.313184,1587.9629999999993,1508.9029999999993,79.06,-1412.0370000000007,0.0
2026-03-22T19:00:30.342971,1587.9629999999993,1508.9029999999993,79.06,-1412.0370000000007,0.0
2026-03-22T19:00:31.367960,1587.9629999999993,1508.9029999999993,79.06,-1412.0370000000007,0.0
2026-03-22T19:00:32.418031,1587.9629999999993,1508.9029999999993,79.06,-1412.0370000000007,0.0
2026-03-22T19:00:33.454931,1587.9629999999993,1508.9029999999993,79.06,-1412.0370000000007,0.0
2026-03-22T19:00:34.482010,1587.9629999999993,1508.9029999999993,79.06,-1412.0370000000007,0.0
2026-03-22T19:00:35.521984,1587.9629999999993,1508.9029999999993,79.06,-1412.0370000000007,0.0
2026-03-22T19:00:36.562813,1587.9629999999993,1508.9029999999993,79.06,-1412.0370000000007,0.0
2026-03-22T19:00:37.592480,1563.8429999999994,1508.9029999999993,79.06,-1412.0370000000007,-24.11999999999999
2026-03-22T19:00:38.626584,1563.8429999999994,1508.9029999999993,79.06,-1412.0370000000007,-24.11999999999999
2026-03-22T19:00:39.652158,1563.8429999999994,1508.9029999999993,79.06,-1412.0370000000007,-24.11999999999999
2026-03-22T19:00:40.696175,1563.8429999999994,1508.9029999999993,79.06,-1412.0370000000007,-24.11999999999999
2026-03-22T19:00:41.724037,1563.8429999999994,1508.9029999999993,79.06,-1412.0370000000007,-24.11999999999999
2026-03-22T19:00:42.759873,1563.8429999999994,1508.9029999999993,79.06,-1412.0370000000007,-24.11999999999999
2026-03-22T19:00:43.797231,1563.8429999999994,1508.9029999999993,79.06,-1412.0370000000007,-24.11999999999999
2026-03-22T19:00:44.851278,1563.8429999999994,1508.9029999999993,79.06,-1412.0370000000007,-24.11999999999999
2026-03-22T19:00:45.917391,1563.8429999999994,1508.9029999999993,79.06,-1412.0370000000007,-24.11999999999999
2026-03-22T19:00:46.952453,1563.8429999999994,1508.9029999999993,79.06,-1412.0370000000007,-24.11999999999999
2026-03-22T19:00:47.983928,1563.8429999999994,1508.9029999999993,79.06,-1412.0370000000007,-24.11999999999999
2026-03-22T19:00:49.022045,1563.8429999999994,1508.9029999999993,79.06,-1412.0370000000007,-24.11999999999999
2026-03-22T19:00:50.058327,1563.8429999999994,1508.9029999999993,79.06,-1412.0370000000007,-24.11999999999999
2026-03-22T19:00:51.104846,1563.8429999999994,1508.9029999999993,79.06,-1412.0370000000007,-24.11999999999999
2026-03-22T19:00:52.131333,1563.8429999999994,1508.9029999999993,79.06,-1412.0370000000007,-24.11999999999999
2026-03-22T19:00:53.168884,1563.8429999999994,1508.9029999999993,79.06,-1412.0370000000007,-24.11999999999999
2026-03-22T19:00:54.208051,1563.8429999999994,1508.9029999999993,79.06,-1412.0370000000007,-24.11999999999999
2026-03-22T19:00:55.239077,1563.8429999999994,1508.9029999999993,79.06,-1412.0370000000007,-24.11999999999999
2026-03-22T19:00:56.280224,1573.2229999999993,1508.9029999999993,79.06,-1412.0370000000007,-14.739999999999998
2026-03-22T19:00:57.329353,1573.2229999999993,1508.9029999999993,79.06,-1412.0370000000007,-14.739999999999998
2026-03-22T19:00:58.371776,1573.2229999999993,1508.9029999999993,79.06,-1412.0370000000007,-14.739999999999998
2026-03-22T19:00:59.406467,1573.2229999999993,1508.9029999999993,79.06,-1412.0370000000007,-14.739999999999998
2026-03-22T19:01:00.440070,1573.2229999999993,1508.9029999999993,79.06,-1412.0370000000007,-14.739999999999998
2026-03-22T19:01:01.479091,1573.2229999999993,1508.9029999999993,79.06,-1412.0370000000007,-14.739999999999998
2026-03-22T19:01:02.536924,1573.2229999999993,1508.9029999999993,79.06,-1412.0370000000007,-14.739999999999998
2026-03-22T19:01:03.614883,1573.2229999999993,1508.9029999999993,79.06,-1412.0370000000007,-14.739999999999998
2026-03-22T19:01:04.646335,1573.2229999999993,1508.9029999999993,79.06,-1412.0370000000007,-14.739999999999998
2026-03-22T19:01:05.687519,1573.2229999999993,1508.9029999999993,79.06,-1412.0370000000007,-14.739999999999998
2026-03-22T19:01:06.712485,1573.2229999999993,1508.9029999999993,79.06,-1412.0370000000007,-14.739999999999998
2026-03-22T19:01:07.746188,1573.2229999999993,1508.9029999999993,79.06,-1412.0370000000007,-14.739999999999998
2026-03-22T19:01:08.769566,1573.2229999999993,1508.9029999999993,79.06,-1412.0370000000007,-14.739999999999998
2026-03-22T19:01:09.800595,1573.2229999999993,1508.9029999999993,79.06,-1412.0370000000007,-14.739999999999998
2026-03-22T19:01:10.834016,1573.2229999999993,1508.9029999999993,79.06,-1412.0370000000007,-14.739999999999998
2026-03-22T19:01:11.879482,1573.2229999999993,1508.9029999999993,79.06,-1412.0370000000007,-14.739999999999998
2026-03-22T19:01:12.917691,1573.2229999999993,1508.9029999999993,79.06,-1412.0370000000007,-14.739999999999998
2026-03-22T19:01:13.948087,1573.2229999999993,1508.9029999999993,79.06,-1412.0370000000007,-14.739999999999998
2026-03-22T19:01:14.974808,1573.2229999999993,1508.9029999999993,79.06,-1412.0370000000007,-14.739999999999998
2026-03-22T19:01:16.001603,1573.2229999999993,1508.9029999999993,79.06,-1412.0370000000007,-14.739999999999998
2026-03-22T19:01:17.027158,1573.2229999999993,1508.9029999999993,79.06,-1412.0370000000007,-14.739999999999998
2026-03-22T19:01:18.101965,1573.2229999999993,1508.9029999999993,79.06,-1412.0370000000007,-14.739999999999998
2026-03-22T19:01:19.128485,1573.2229999999993,1508.9029999999993,79.06,-1412.0370000000007,-14.739999999999998
2026-03-22T19:01:20.156716,1573.2229999999993,1508.9029999999993,79.06,-1412.0370000000007,-14.739999999999998
2026-03-22T19:01:21.248649,1573.2229999999993,1508.9029999999993,79.06,-1412.0370000000007,-14.739999999999998
2026-03-22T19:01:22.290305,1573.2229999999993,1508.9029999999993,79.06,-1412.0370000000007,-14.739999999999998
2026-03-22T19:01:23.314882,1573.2229999999993,1508.9029999999993,79.06,-1412.0370000000007,-14.739999999999998
2026-03-22T19:01:24.358338,1573.2229999999993,1508.9029999999993,79.06,-1412.0370000000007,-14.739999999999998
2026-03-22T19:01:25.403430,1573.2229999999993,1508.9029999999993,79.06,-1412.0370000000007,-14.739999999999998
2026-03-22T19:01:26.440393,1573.2229999999993,1508.9029999999993,79.06,-1412.0370000000007,-14.739999999999998
2026-03-22T19:01:27.469426,1573.2229999999993,1508.9029999999993,79.06,-1412.0370000000007,-14.739999999999998
2026-03-22T19:01:28.494778,1573.2229999999993,1508.9029999999993,79.06,-1412.0370000000007,-14.739999999999998
2026-03-22T19:01:29.534476,1573.2229999999993,1508.9029999999993,79.06,-1412.0370000000007,-14.739999999999998
2026-03-22T19:01:30.560578,1573.2229999999993,1508.9029999999993,79.06,-1412.0370000000007,-14.739999999999998
2026-03-22T19:01:31.598976,1573.2229999999993,1508.9029999999993,79.06,-1412.0370000000007,-14.739999999999998
2026-03-22T19:01:32.641391,1573.2229999999993,1508.9029999999993,79.06,-1412.0370000000007,-14.739999999999998
2026-03-22T19:01:33.671126,1573.2229999999993,1508.9029999999993,79.06,-1412.0370000000007,-14.739999999999998
2026-03-22T19:01:34.739956,1573.2229999999993,1508.9029999999993,79.06,-1412.0370000000007,-14.739999999999998
2026-03-22T19:01:35.793341,1573.2229999999993,1508.9029999999993,79.06,-1412.0370000000007,-14.739999999999998
2026-03-22T19:01:36.831727,1573.2229999999993,1508.9029999999993,79.06,-1412.0370000000007,-14.739999999999998
2026-03-22T19:01:37.880309,1574.5629999999992,1574.5629999999992,0.0,-1425.4370000000008,0
2026-03-22T19:01:38.922465,1574.5629999999992,1574.5629999999992,0.0,-1425.4370000000008,0
2026-03-22T19:01:40.021343,1574.5629999999992,1574.5629999999992,0.0,-1425.4370000000008,0
2026-03-22T19:01:41.063134,1574.5629999999992,1574.5629999999992,0.0,-1425.4370000000008,0
2026-03-22T19:01:42.090553,1574.5629999999992,1574.5629999999992,0.0,-1425.4370000000008,0
2026-03-22T19:01:43.143236,1574.5629999999992,1574.5629999999992,0.0,-1425.4370000000008,0
2026-03-22T19:01:44.176514,1574.5629999999992,1574.5629999999992,0.0,-1425.4370000000008,0
2026-03-22T19:01:45.205449,1574.5629999999992,1574.5629999999992,0.0,-1425.4370000000008,0
2026-03-22T19:01:46.246671,1574.5629999999992,1574.5629999999992,0.0,-1425.4370000000008,0
2026-03-22T19:01:47.285388,1574.5629999999992,1574.5629999999992,0.0,-1425.4370000000008,0
2026-03-22T19:01:48.317129,1574.5629999999992,1574.5629999999992,0.0,-1425.4370000000008,0
2026-03-22T19:01:49.360336,1574.5629999999992,1574.5629999999992,0.0,-1425.4370000000008,0
2026-03-22T19:01:50.404372,1574.5629999999992,1574.5629999999992,0.0,-1425.4370000000008,0
2026-03-22T19:01:51.452754,1574.5629999999992,1574.5629999999992,0.0,-1425.4370000000008,0
2026-03-22T19:01:52.485749,1574.5629999999992,1574.5629999999992,0.0,-1425.4370000000008,0
2026-03-22T19:01:53.512462,1574.5629999999992,1574.5629999999992,0.0,-1425.4370000000008,0
2026-03-22T19:01:54.556860,1574.5629999999992,1574.5629999999992,0.0,-1425.4370000000008,0
2026-03-22T19:01:55.589770,1574.5629999999992,1574.5629999999992,0.0,-1425.4370000000008,0
2026-03-22T19:01:56.655665,1574.5629999999992,1574.5629999999992,0.0,-1425.4370000000008,0
2026-03-22T19:01:57.719818,1574.5629999999992,1574.5629999999992,0.0,-1425.4370000000008,0
2026-03-22T19:01:58.765055,1574.5629999999992,1574.5629999999992,0.0,-1425.4370000000008,0
2026-03-22T19:01:59.791354,1574.5629999999992,1574.5629999999992,0.0,-1425.4370000000008,0
2026-03-22T19:02:00.824343,1574.5629999999992,1574.5629999999992,0.0,-1425.4370000000008,0
2026-03-22T19:02:01.873146,1574.5629999999992,1574.5629999999992,0.0,-1425.4370000000008,0
2026-03-22T19:02:02.924746,1574.5629999999992,1574.5629999999992,0.0,-1425.4370000000008,0
2026-03-22T19:02:03.975983,1574.5629999999992,1574.5629999999992,0.0,-1425.4370000000008,0
2026-03-22T19:02:05.010032,1574.5629999999992,1574.5629999999992,0.0,-1425.4370000000008,0
2026-03-22T19:02:06.050099,1574.5629999999992,1574.5629999999992,0.0,-1425.4370000000008,0
2026-03-22T19:02:07.094559,1574.5629999999992,1574.5629999999992,0.0,-1425.4370000000008,0
2026-03-22T19:02:08.128482,1574.5629999999992,1574.5629999999992,0.0,-1425.4370000000008,0
2026-03-22T19:02:09.182847,1574.5629999999992,1574.5629999999992,0.0,-1425.4370000000008,0
2026-03-22T19:02:10.240275,1574.5629999999992,1574.5629999999992,0.0,-1425.4370000000008,0
2026-03-22T19:02:11.269911,1574.5629999999992,1574.5629999999992,0.0,-1425.4370000000008,0
2026-03-22T19:02:12.310229,1574.5629999999992,1574.5629999999992,0.0,-1425.4370000000008,0
2026-03-22T19:02:13.346988,1574.5629999999992,1574.5629999999992,0.0,-1425.4370000000008,0
2026-03-22T19:02:14.398670,1574.5629999999992,1574.5629999999992,0.0,-1425.4370000000008,0
2026-03-22T19:02:15.490574,1574.5629999999992,1574.5629999999992,0.0,-1425.4370000000008,0
2026-03-22T19:02:16.530887,1574.5629999999992,1574.5629999999992,0.0,-1425.4370000000008,0
2026-03-22T19:02:17.573373,1574.5629999999992,1574.5629999999992,0.0,-1425.4370000000008,0
2026-03-22T19:02:18.612367,1574.5629999999992,1574.5629999999992,0.0,-1425.4370000000008,0
2026-03-22T19:02:19.654053,1574.5629999999992,1574.5629999999992,0.0,-1425.4370000000008,0
2026-03-22T19:02:20.691365,1574.5629999999992,1574.5629999999992,0.0,-1425.4370000000008,0
2026-03-22T19:02:21.725147,1574.5629999999992,1574.5629999999992,0.0,-1425.4370000000008,0
2026-03-22T19:02:22.771731,1574.5629999999992,1574.5629999999992,0.0,-1425.4370000000008,0
2026-03-22T19:02:23.811982,1574.5629999999992,1574.5629999999992,0.0,-1425.4370000000008,0
2026-03-22T19:02:24.842977,1574.5629999999992,1574.5629999999992,0.0,-1425.4370000000008,0
2026-03-22T19:02:25.886154,1574.5629999999992,1574.5629999999992,0.0,-1425.4370000000008,0
2026-03-22T19:02:26.930012,1574.5629999999992,1574.5629999999992,0.0,-1425.4370000000008,0
2026-03-22T19:02:27.961238,1574.5629999999992,1574.5629999999992,0.0,-1425.4370000000008,0
2026-03-22T19:02:28.988596,1574.5629999999992,1574.5629999999992,0.0,-1425.4370000000008,0
2026-03-22T19:02:30.026013,1574.5629999999992,1574.5629999999992,0.0,-1425.4370000000008,0
2026-03-22T19:02:31.051717,1574.5629999999992,1574.5629999999992,0.0,-1425.4370000000008,0
2026-03-22T19:02:32.095446,1574.5629999999992,1574.5629999999992,0.0,-1425.4370000000008,0
2026-03-22T19:02:33.158654,1574.5629999999992,1574.5629999999992,0.0,-1425.4370000000008,0
2026-03-22T19:02:34.183502,1574.5629999999992,1574.5629999999992,0.0,-1425.4370000000008,0
2026-03-22T19:02:35.219767,1574.5629999999992,1574.5629999999992,0.0,-1425.4370000000008,0
2026-03-22T19:02:36.268481,1574.5629999999992,1574.5629999999992,0.0,-1425.4370000000008,0
2026-03-22T19:02:37.314546,1574.5629999999992,1574.5629999999992,0.0,-1425.4370000000008,0
2026-03-22T19:02:38.342402,1574.5629999999992,1574.5629999999992,0.0,-1425.4370000000008,0
2026-03-22T19:02:39.373148,1574.5629999999992,1574.5629999999992,0.0,-1425.4370000000008,0
2026-03-22T19:02:40.409217,1574.5629999999992,1574.5629999999992,0.0,-1425.4370000000008,0
2026-03-22T19:02:41.433574,1574.5629999999992,1574.5629999999992,0.0,-1425.4370000000008,0
2026-03-22T19:02:42.462322,1574.5629999999992,1574.5629999999992,0.0,-1425.4370000000008,0
2026-03-22T19:02:43.499718,1574.5629999999992,1574.5629999999992,0.0,-1425.4370000000008,0
2026-03-22T19:02:44.537514,1574.5629999999992,1574.5629999999992,0.0,-1425.4370000000008,0
2026-03-22T19:02:45.565964,1574.5629999999992,1574.5629999999992,0.0,-1425.4370000000008,0
2026-03-22T19:02:46.604024,1574.5629999999992,1574.5629999999992,0.0,-1425.4370000000008,0
2026-03-22T19:02:47.642433,1574.5629999999992,1574.5629999999992,0.0,-1425.4370000000008,0
2026-03-22T19:02:48.676501,1574.5629999999992,1574.5629999999992,0.0,-1425.4370000000008,0
2026-03-22T19:02:49.717764,1574.5629999999992,1574.5629999999992,0.0,-1425.4370000000008,0
2026-03-22T19:02:50.822812,1574.5629999999992,1574.5629999999992,0.0,-1425.4370000000008,0
2026-03-22T19:02:51.859190,1574.5629999999992,1574.5629999999992,0.0,-1425.4370000000008,0
2026-03-22T19:02:52.890531,1574.5629999999992,1574.5629999999992,0.0,-1425.4370000000008,0
2026-03-22T19:02:53.923509,1574.5629999999992,1574.5629999999992,0.0,-1425.4370000000008,0
2026-03-22T19:02:54.972850,1574.5629999999992,1574.5629999999992,0.0,-1425.4370000000008,0
2026-03-22T19:02:56.015126,1574.5629999999992,1574.5629999999992,0.0,-1425.4370000000008,0
2026-03-22T19:02:57.053251,1574.5629999999992,1574.5629999999992,0.0,-1425.4370000000008,0
2026-03-22T19:02:58.081669,1574.5629999999992,1574.5629999999992,0.0,-1425.4370000000008,0
2026-03-22T19:02:59.125097,1574.5629999999992,1574.5629999999992,0.0,-1425.4370000000008,0
2026-03-22T19:03:00.159068,1574.5629999999992,1574.5629999999992,0.0,-1425.4370000000008,0
2026-03-22T19:03:01.196763,1574.5629999999992,1574.5629999999992,0.0,-1425.4370000000008,0
2026-03-22T19:03:02.222837,1574.5629999999992,1574.5629999999992,0.0,-1425.4370000000008,0
2026-03-22T19:03:03.268808,1574.5629999999992,1574.5629999999992,0.0,-1425.4370000000008,0
2026-03-22T19:03:04.303857,1574.5629999999992,1574.5629999999992,0.0,-1425.4370000000008,0
2026-03-22T19:03:05.331587,1574.5629999999992,1574.5629999999992,0.0,-1425.4370000000008,0
2026-03-22T19:03:06.367217,1574.5629999999992,1574.5629999999992,0.0,-1425.4370000000008,0
2026-03-22T19:03:07.404999,1574.5629999999992,1574.5629999999992,0.0,-1425.4370000000008,0
2026-03-22T19:03:08.484625,1574.5629999999992,1574.5629999999992,0.0,-1425.4370000000008,0
2026-03-22T19:03:09.512722,1574.5629999999992,1574.5629999999992,0.0,-1425.4370000000008,0
2026-03-22T19:03:10.543756,1574.5629999999992,1574.5629999999992,0.0,-1425.4370000000008,0
2026-03-22T19:03:11.582126,1574.5629999999992,1574.5629999999992,0.0,-1425.4370000000008,0
2026-03-22T19:03:12.624882,1574.5629999999992,1574.5629999999992,0.0,-1425.4370000000008,0
2026-03-22T19:03:13.665317,1574.5629999999992,1574.5629999999992,0.0,-1425.4370000000008,0
2026-03-22T19:03:14.705343,1574.5629999999992,1574.5629999999992,0.0,-1425.4370000000008,0
2026-03-22T19:03:15.733341,1574.5629999999992,1574.5629999999992,0.0,-1425.4370000000008,0
2026-03-22T19:03:16.762633,1574.5629999999992,1574.5629999999992,0.0,-1425.4370000000008,0
2026-03-22T19:03:17.802230,1574.5629999999992,1574.5629999999992,0.0,-1425.4370000000008,0
2026-03-22T19:03:18.827917,1574.5629999999992,1574.5629999999992,0.0,-1425.4370000000008,0
2026-03-22T19:03:19.860507,1574.5629999999992,1574.5629999999992,0.0,-1425.4370000000008,0
2026-03-22T19:03:20.919157,1574.5629999999992,1574.5629999999992,0.0,-1425.4370000000008,0
2026-03-22T19:03:21.962533,1574.5629999999992,1574.5629999999992,0.0,-1425.4370000000008,0
2026-03-22T19:03:22.994819,1574.5629999999992,1574.5629999999992,0.0,-1425.4370000000008,0
2026-03-22T19:03:24.041171,1574.5629999999992,1574.5629999999992,0.0,-1425.4370000000008,0
2026-03-22T19:03:25.072878,1574.5629999999992,1574.5629999999992,0.0,-1425.4370000000008,0
2026-03-22T19:03:26.140248,1574.5629999999992,1574.5629999999992,0.0,-1425.4370000000008,0
2026-03-22T19:03:27.167268,1574.5629999999992,1574.5629999999992,0.0,-1425.4370000000008,0
2026-03-22T19:03:28.202497,1574.5629999999992,1574.5629999999992,0.0,-1425.4370000000008,0
2026-03-22T19:03:29.233766,1574.5629999999992,1574.5629999999992,0.0,-1425.4370000000008,0
2026-03-22T19:03:30.273059,1574.5629999999992,1574.5629999999992,0.0,-1425.4370000000008,0
2026-03-22T19:03:31.305962,1574.5629999999992,1574.5629999999992,0.0,-1425.4370000000008,0
2026-03-22T19:03:32.359528,1574.5629999999992,1574.5629999999992,0.0,-1425.4370000000008,0
2026-03-22T19:03:33.403419,1574.5629999999992,1574.5629999999992,0.0,-1425.4370000000008,0
2026-03-22T19:03:34.431813,1574.5629999999992,1574.5629999999992,0.0,-1425.4370000000008,0
2026-03-22T19:03:35.467139,1574.5629999999992,1574.5629999999992,0.0,-1425.4370000000008,0
2026-03-22T19:03:36.499317,1574.5629999999992,1496.0429999999992,78.52,-1425.4370000000008,0
2026-03-22T19:03:37.547179,1574.5629999999992,1496.0429999999992,78.52,-1425.4370000000008,0
2026-03-22T19:03:38.615133,1573.902999999999,1495.3829999999991,78.52,-1426.097000000001,0.0
2026-03-22T19:03:39.661057,1573.902999999999,1495.3829999999991,78.52,-1426.097000000001,0.0
2026-03-22T19:03:40.690304,1573.902999999999,1495.3829999999991,78.52,-1426.097000000001,0.0
2026-03-22T19:03:41.731697,1573.902999999999,1495.3829999999991,78.52,-1426.097000000001,0.0
2026-03-22T19:03:42.791955,1573.902999999999,1495.3829999999991,78.52,-1426.097000000001,0.0
2026-03-22T19:03:43.884843,1573.902999999999,1495.3829999999991,78.52,-1426.097000000001,0.0
2026-03-22T19:03:44.913091,1573.902999999999,1495.3829999999991,78.52,-1426.097000000001,0.0
2026-03-22T19:03:45.982808,1573.902999999999,1495.3829999999991,78.52,-1426.097000000001,0.0
2026-03-22T19:03:47.025418,1573.902999999999,1495.3829999999991,78.52,-1426.097000000001,0.0
2026-03-22T19:03:48.064854,1573.902999999999,1495.3829999999991,78.52,-1426.097000000001,0.0
2026-03-22T19:03:49.091820,1573.902999999999,1495.3829999999991,78.52,-1426.097000000001,0.0
2026-03-22T19:03:50.126462,1573.902999999999,1495.3829999999991,78.52,-1426.097000000001,0.0
2026-03-22T19:03:51.168001,1573.902999999999,1495.3829999999991,78.52,-1426.097000000001,0.0
2026-03-22T19:03:52.216768,1573.902999999999,1495.3829999999991,78.52,-1426.097000000001,0.0
2026-03-22T19:03:53.256356,1573.902999999999,1495.3829999999991,78.52,-1426.097000000001,0.0
2026-03-22T19:03:54.289958,1570.8829999999991,1495.3829999999991,78.52,-1426.097000000001,-3.0200000000000027
2026-03-22T19:03:55.327904,1570.8829999999991,1495.3829999999991,78.52,-1426.097000000001,-3.0200000000000027
2026-03-22T19:03:56.371719,1570.8829999999991,1495.3829999999991,78.52,-1426.097000000001,-3.0200000000000027
2026-03-22T19:03:57.406746,1570.8829999999991,1495.3829999999991,78.52,-1426.097000000001,-3.0200000000000027
2026-03-22T19:03:58.444615,1570.8829999999991,1495.3829999999991,78.52,-1426.097000000001,-3.0200000000000027
2026-03-22T19:03:59.487240,1570.8829999999991,1495.3829999999991,78.52,-1426.097000000001,-3.0200000000000027
2026-03-22T19:04:00.518930,1570.8829999999991,1495.3829999999991,78.52,-1426.097000000001,-3.0200000000000027
2026-03-22T19:04:01.602369,1570.8829999999991,1495.3829999999991,78.52,-1426.097000000001,-3.0200000000000027
2026-03-22T19:04:02.648953,1570.8829999999991,1495.3829999999991,78.52,-1426.097000000001,-3.0200000000000027
2026-03-22T19:04:03.686012,1570.8829999999991,1495.3829999999991,78.52,-1426.097000000001,-3.0200000000000027
2026-03-22T19:04:04.730159,1570.8829999999991,1495.3829999999991,78.52,-1426.097000000001,-3.0200000000000027
2026-03-22T19:04:05.761184,1570.8829999999991,1495.3829999999991,78.52,-1426.097000000001,-3.0200000000000027
2026-03-22T19:04:06.799319,1570.8829999999991,1495.3829999999991,78.52,-1426.097000000001,-3.0200000000000027
2026-03-22T19:04:07.840891,1570.8829999999991,1495.3829999999991,78.52,-1426.097000000001,-3.0200000000000027
2026-03-22T19:04:08.877419,1570.8829999999991,1495.3829999999991,78.52,-1426.097000000001,-3.0200000000000027
2026-03-22T19:04:09.912471,1570.8829999999991,1495.3829999999991,78.52,-1426.097000000001,-3.0200000000000027
2026-03-22T19:04:10.945975,1570.8829999999991,1495.3829999999991,78.52,-1426.097000000001,-3.0200000000000027
2026-03-22T19:04:11.982741,1570.8829999999991,1495.3829999999991,78.52,-1426.097000000001,-3.0200000000000027
2026-03-22T19:04:13.034496,1570.8829999999991,1495.3829999999991,78.52,-1426.097000000001,-3.0200000000000027
2026-03-22T19:04:14.069464,1570.8829999999991,1495.3829999999991,78.52,-1426.097000000001,-3.0200000000000027
2026-03-22T19:04:15.114678,1570.8829999999991,1495.3829999999991,78.52,-1426.097000000001,-3.0200000000000027
2026-03-22T19:04:16.146028,1569.3729999999991,1495.3829999999991,78.52,-1426.097000000001,-4.530000000000004
2026-03-22T19:04:17.173564,1569.3729999999991,1495.3829999999991,78.52,-1426.097000000001,-4.530000000000004
2026-03-22T19:04:18.203491,1569.3729999999991,1495.3829999999991,78.52,-1426.097000000001,-4.530000000000004
2026-03-22T19:04:19.257336,1569.3729999999991,1495.3829999999991,78.52,-1426.097000000001,-4.530000000000004
2026-03-22T19:04:20.323363,1569.3729999999991,1495.3829999999991,78.52,-1426.097000000001,-4.530000000000004
2026-03-22T19:04:21.355286,1569.3729999999991,1495.3829999999991,78.52,-1426.097000000001,-4.530000000000004
2026-03-22T19:04:22.382290,1569.3729999999991,1495.3829999999991,78.52,-1426.097000000001,-4.530000000000004
2026-03-22T19:04:23.407455,1569.3729999999991,1495.3829999999991,78.52,-1426.097000000001,-4.530000000000004
2026-03-22T19:04:24.436579,1569.3729999999991,1495.3829999999991,78.52,-1426.097000000001,-4.530000000000004
2026-03-22T19:04:25.464598,1569.3729999999991,1495.3829999999991,78.52,-1426.097000000001,-4.530000000000004
2026-03-22T19:04:26.501122,1569.3729999999991,1495.3829999999991,78.52,-1426.097000000001,-4.530000000000004
2026-03-22T19:04:27.568724,1569.3729999999991,1495.3829999999991,78.52,-1426.097000000001,-4.530000000000004
2026-03-22T19:04:28.595279,1569.3729999999991,1495.3829999999991,78.52,-1426.097000000001,-4.530000000000004
2026-03-22T19:04:29.618447,1569.3729999999991,1495.3829999999991,78.52,-1426.097000000001,-4.530000000000004
2026-03-22T19:04:30.669379,1569.3729999999991,1495.3829999999991,78.52,-1426.097000000001,-4.530000000000004
2026-03-22T19:04:31.704979,1569.3729999999991,1495.3829999999991,78.52,-1426.097000000001,-4.530000000000004
2026-03-22T19:04:32.740351,1569.3729999999991,1495.3829999999991,78.52,-1426.097000000001,-4.530000000000004
2026-03-22T19:04:33.812078,1569.3729999999991,1495.3829999999991,78.52,-1426.097000000001,-4.530000000000004
2026-03-22T19:04:34.868322,1569.3729999999991,1495.3829999999991,78.52,-1426.097000000001,-4.530000000000004
2026-03-22T19:04:35.906067,1560.3129999999992,1495.3829999999991,78.52,-1426.097000000001,-13.589999999999995
2026-03-22T19:04:36.942682,1560.3129999999992,1495.3829999999991,78.52,-1426.097000000001,-13.589999999999995
2026-03-22T19:04:38.031321,1560.3129999999992,1495.3829999999991,78.52,-1426.097000000001,-13.589999999999995
2026-03-22T19:04:39.068854,1560.3129999999992,1495.3829999999991,78.52,-1426.097000000001,-13.589999999999995
2026-03-22T19:04:40.100665,1560.3129999999992,1495.3829999999991,78.52,-1426.097000000001,-13.589999999999995
2026-03-22T19:04:41.143079,1560.3129999999992,1495.3829999999991,78.52,-1426.097000000001,-13.589999999999995
2026-03-22T19:04:42.180052,1560.3129999999992,1495.3829999999991,78.52,-1426.097000000001,-13.589999999999995
2026-03-22T19:04:43.227827,1560.3129999999992,1495.3829999999991,78.52,-1426.097000000001,-13.589999999999995
2026-03-22T19:04:44.260370,1560.3129999999992,1495.3829999999991,78.52,-1426.097000000001,-13.589999999999995
2026-03-22T19:04:45.298552,1560.3129999999992,1495.3829999999991,78.52,-1426.097000000001,-13.589999999999995
2026-03-22T19:04:46.342544,1560.3129999999992,1495.3829999999991,78.52,-1426.097000000001,-13.589999999999995
2026-03-22T19:04:47.389466,1560.3129999999992,1495.3829999999991,78.52,-1426.097000000001,-13.589999999999995
2026-03-22T19:04:48.422525,1560.3129999999992,1495.3829999999991,78.52,-1426.097000000001,-13.589999999999995
2026-03-22T19:04:49.457758,1560.3129999999992,1495.3829999999991,78.52,-1426.097000000001,-13.589999999999995
2026-03-22T19:04:50.506712,1560.3129999999992,1495.3829999999991,78.52,-1426.097000000001,-13.589999999999995
2026-03-22T19:04:51.551205,1560.3129999999992,1495.3829999999991,78.52,-1426.097000000001,-13.589999999999995
2026-03-22T19:04:52.579095,1560.3129999999992,1495.3829999999991,78.52,-1426.097000000001,-13.589999999999995
2026-03-22T19:04:53.625587,1560.3129999999992,1495.3829999999991,78.52,-1426.097000000001,-13.589999999999995
2026-03-22T19:04:54.688067,1560.3129999999992,1495.3829999999991,78.52,-1426.097000000001,-13.589999999999995
2026-03-22T19:04:55.786592,1560.3129999999992,1495.3829999999991,78.52,-1426.097000000001,-13.589999999999995
2026-03-22T19:04:56.822918,1560.3129999999992,1495.3829999999991,78.52,-1426.097000000001,-13.589999999999995
2026-03-22T19:04:57.872767,1566.3529999999992,1495.3829999999991,78.52,-1426.097000000001,-7.550000000000007
2026-03-22T19:04:58.945786,1566.3529999999992,1495.3829999999991,78.52,-1426.097000000001,-7.550000000000007
2026-03-22T19:04:59.988035,1566.3529999999992,1495.3829999999991,78.52,-1426.097000000001,-7.550000000000007
2026-03-22T19:05:01.035722,1566.3529999999992,1495.3829999999991,78.52,-1426.097000000001,-7.550000000000007
2026-03-22T19:05:02.072867,1566.3529999999992,1495.3829999999991,78.52,-1426.097000000001,-7.550000000000007
2026-03-22T19:05:03.120058,1566.3529999999992,1495.3829999999991,78.52,-1426.097000000001,-7.550000000000007
2026-03-22T19:05:04.156369,1566.3529999999992,1495.3829999999991,78.52,-1426.097000000001,-7.550000000000007
2026-03-22T19:05:05.189401,1566.3529999999992,1495.3829999999991,78.52,-1426.097000000001,-7.550000000000007
2026-03-22T19:05:06.221762,1566.3529999999992,1495.3829999999991,78.52,-1426.097000000001,-7.550000000000007
2026-03-22T19:05:07.246286,1566.3529999999992,1495.3829999999991,78.52,-1426.097000000001,-7.550000000000007
2026-03-22T19:05:08.272569,1566.3529999999992,1495.3829999999991,78.52,-1426.097000000001,-7.550000000000007
2026-03-22T19:05:09.296660,1566.3529999999992,1495.3829999999991,78.52,-1426.097000000001,-7.550000000000007
2026-03-22T19:05:10.330125,1566.3529999999992,1495.3829999999991,78.52,-1426.097000000001,-7.550000000000007
2026-03-22T19:05:11.363080,1566.3529999999992,1495.3829999999991,78.52,-1426.097000000001,-7.550000000000007
2026-03-22T19:05:12.398222,1566.3529999999992,1495.3829999999991,78.52,-1426.097000000001,-7.550000000000007
2026-03-22T19:05:13.479782,1566.3529999999992,1495.3829999999991,78.52,-1426.097000000001,-7.550000000000007
2026-03-22T19:05:14.524684,1566.3529999999992,1495.3829999999991,78.52,-1426.097000000001,-7.550000000000007
2026-03-22T19:05:15.556496,1569.3729999999991,1495.3829999999991,78.52,-1426.097000000001,-4.530000000000004
2026-03-22T19:05:16.589383,1569.3729999999991,1495.3829999999991,78.52,-1426.097000000001,-4.530000000000004
2026-03-22T19:05:17.606834,1569.3729999999991,1495.3829999999991,78.52,-1426.097000000001,-4.530000000000004
2026-03-22T19:05:18.631993,1569.3729999999991,1495.3829999999991,78.52,-1426.097000000001,-4.530000000000004
2026-03-22T19:05:19.656749,1569.3729999999991,1495.3829999999991,78.52,-1426.097000000001,-4.530000000000004
2026-03-22T19:05:20.682174,1569.3729999999991,1495.3829999999991,78.52,-1426.097000000001,-4.530000000000004
2026-03-22T19:05:21.706421,1569.3729999999991,1495.3829999999991,78.52,-1426.097000000001,-4.530000000000004
2026-03-22T19:05:22.731598,1569.3729999999991,1495.3829999999991,78.52,-1426.097000000001,-4.530000000000004
2026-03-22T19:05:23.748034,1569.3729999999991,1495.3829999999991,78.52,-1426.097000000001,-4.530000000000004
2026-03-22T19:05:24.797824,1569.3729999999991,1495.3829999999991,78.52,-1426.097000000001,-4.530000000000004
2026-03-22T19:05:25.830880,1569.3729999999991,1495.3829999999991,78.52,-1426.097000000001,-4.530000000000004
2026-03-22T19:05:26.871587,1569.3729999999991,1495.3829999999991,78.52,-1426.097000000001,-4.530000000000004
2026-03-22T19:05:27.897698,1569.3729999999991,1495.3829999999991,78.52,-1426.097000000001,-4.530000000000004
2026-03-22T19:05:28.931116,1569.3729999999991,1495.3829999999991,78.52,-1426.097000000001,-4.530000000000004
2026-03-22T19:05:29.956041,1569.3729999999991,1495.3829999999991,78.52,-1426.097000000001,-4.530000000000004
2026-03-22T19:05:31.014194,1569.3729999999991,1495.3829999999991,78.52,-1426.097000000001,-4.530000000000004
2026-03-22T19:05:32.039351,1569.3729999999991,1495.3829999999991,78.52,-1426.097000000001,-4.530000000000004
2026-03-22T19:05:33.056365,1569.3729999999991,1495.3829999999991,78.52,-1426.097000000001,-4.530000000000004
2026-03-22T19:05:34.081305,1569.3729999999991,1495.3829999999991,78.52,-1426.097000000001,-4.530000000000004
2026-03-22T19:05:35.139622,1569.3729999999991,1495.3829999999991,78.52,-1426.097000000001,-4.530000000000004
2026-03-22T19:05:36.156379,1569.3729999999991,1495.3829999999991,78.52,-1426.097000000001,-4.530000000000004
2026-03-22T19:05:37.188597,1569.3729999999991,1495.3829999999991,78.52,-1426.097000000001,-4.530000000000004
2026-03-22T19:05:38.215959,1569.3729999999991,1495.3829999999991,78.52,-1426.097000000001,-4.530000000000004
2026-03-22T19:05:39.248201,1569.3729999999991,1495.3829999999991,78.52,-1426.097000000001,-4.530000000000004
2026-03-22T19:05:40.264469,1569.3729999999991,1495.3829999999991,78.52,-1426.097000000001,-4.530000000000004
2026-03-22T19:05:41.289333,1569.3729999999991,1495.3829999999991,78.52,-1426.097000000001,-4.530000000000004
2026-03-22T19:05:42.322158,1569.3729999999991,1495.3829999999991,78.52,-1426.097000000001,-4.530000000000004
2026-03-22T19:05:43.348836,1569.3729999999991,1495.3829999999991,78.52,-1426.097000000001,-4.530000000000004
2026-03-22T19:05:44.373352,1569.3729999999991,1495.3829999999991,78.52,-1426.097000000001,-4.530000000000004
2026-03-22T19:05:45.398371,1569.3729999999991,1495.3829999999991,78.52,-1426.097000000001,-4.530000000000004
2026-03-22T19:05:46.422441,1566.6429999999991,1566.6429999999991,0.0,-1433.3570000000009,0
2026-03-22T19:05:47.462646,1566.6429999999991,1566.6429999999991,0.0,-1433.3570000000009,0
2026-03-22T19:05:48.522920,1566.6429999999991,1566.6429999999991,0.0,-1433.3570000000009,0
2026-03-22T19:05:49.548392,1566.6429999999991,1566.6429999999991,0.0,-1433.3570000000009,0
2026-03-22T19:05:50.564312,1566.6429999999991,1566.6429999999991,0.0,-1433.3570000000009,0
2026-03-22T19:05:51.581628,1566.6429999999991,1566.6429999999991,0.0,-1433.3570000000009,0
2026-03-22T19:05:52.606104,1566.6429999999991,1566.6429999999991,0.0,-1433.3570000000009,0
2026-03-22T19:05:53.633706,1566.6429999999991,1566.6429999999991,0.0,-1433.3570000000009,0
2026-03-22T19:05:54.664519,1566.6429999999991,1566.6429999999991,0.0,-1433.3570000000009,0
2026-03-22T19:05:55.682548,1566.6429999999991,1566.6429999999991,0.0,-1433.3570000000009,0
2026-03-22T19:05:56.703910,1566.6429999999991,1566.6429999999991,0.0,-1433.3570000000009,0
2026-03-22T19:05:57.733333,1566.6429999999991,1566.6429999999991,0.0,-1433.3570000000009,0
2026-03-22T19:05:58.754334,1566.6429999999991,1566.6429999999991,0.0,-1433.3570000000009,0
2026-03-22T19:05:59.779832,1566.6429999999991,1566.6429999999991,0.0,-1433.3570000000009,0
2026-03-22T19:06:00.796263,1566.6429999999991,1566.6429999999991,0.0,-1433.3570000000009,0
2026-03-22T19:06:01.847830,1566.6429999999991,1566.6429999999991,0.0,-1433.3570000000009,0
2026-03-22T19:06:02.880768,1566.6429999999991,1566.6429999999991,0.0,-1433.3570000000009,0
2026-03-22T19:06:03.923819,1566.6429999999991,1566.6429999999991,0.0,-1433.3570000000009,0
2026-03-22T19:06:04.996100,1566.6429999999991,1566.6429999999991,0.0,-1433.3570000000009,0
2026-03-22T19:06:06.030220,1566.6429999999991,1566.6429999999991,0.0,-1433.3570000000009,0
2026-03-22T19:06:07.046251,1566.6429999999991,1566.6429999999991,0.0,-1433.3570000000009,0
2026-03-22T19:06:08.073310,1566.6429999999991,1566.6429999999991,0.0,-1433.3570000000009,0
2026-03-22T19:06:09.105891,1566.6429999999991,1566.6429999999991,0.0,-1433.3570000000009,0
2026-03-22T19:06:10.122677,1566.6429999999991,1566.6429999999991,0.0,-1433.3570000000009,0
2026-03-22T19:06:11.148622,1566.6429999999991,1566.6429999999991,0.0,-1433.3570000000009,0
2026-03-22T19:06:12.181152,1566.6429999999991,1566.6429999999991,0.0,-1433.3570000000009,0
2026-03-22T19:06:13.205797,1566.6429999999991,1566.6429999999991,0.0,-1433.3570000000009,0
2026-03-22T19:06:14.221763,1566.6429999999991,1566.6429999999991,0.0,-1433.3570000000009,0
2026-03-22T19:06:15.247858,1566.6429999999991,1566.6429999999991,0.0,-1433.3570000000009,0
2026-03-22T19:06:16.281294,1566.6429999999991,1566.6429999999991,0.0,-1433.3570000000009,0
2026-03-22T19:06:17.322611,1566.6429999999991,1566.6429999999991,0.0,-1433.3570000000009,0
2026-03-22T19:06:18.352324,1566.6429999999991,1566.6429999999991,0.0,-1433.3570000000009,0
2026-03-22T19:06:19.391086,1566.6429999999991,1566.6429999999991,0.0,-1433.3570000000009,0
2026-03-22T19:06:20.431256,1566.6429999999991,1566.6429999999991,0.0,-1433.3570000000009,0
2026-03-22T19:06:21.472976,1566.6429999999991,1566.6429999999991,0.0,-1433.3570000000009,0
2026-03-22T19:06:22.573109,1566.6429999999991,1566.6429999999991,0.0,-1433.3570000000009,0
2026-03-22T19:06:23.612460,1566.6429999999991,1566.6429999999991,0.0,-1433.3570000000009,0
2026-03-22T19:06:24.647516,1566.6429999999991,1566.6429999999991,0.0,-1433.3570000000009,0
2026-03-22T19:06:25.679975,1566.6429999999991,1566.6429999999991,0.0,-1433.3570000000009,0
2026-03-22T19:06:26.712090,1566.6429999999991,1566.6429999999991,0.0,-1433.3570000000009,0
2026-03-22T19:06:27.747613,1566.6429999999991,1566.6429999999991,0.0,-1433.3570000000009,0
2026-03-22T19:06:28.765332,1566.6429999999991,1566.6429999999991,0.0,-1433.3570000000009,0
2026-03-22T19:06:29.781200,1566.6429999999991,1566.6429999999991,0.0,-1433.3570000000009,0
2026-03-22T19:06:30.797752,1566.6429999999991,1566.6429999999991,0.0,-1433.3570000000009,0
2026-03-22T19:06:31.820822,1566.6429999999991,1566.6429999999991,0.0,-1433.3570000000009,0
2026-03-22T19:06:32.850507,1566.6429999999991,1566.6429999999991,0.0,-1433.3570000000009,0
2026-03-22T19:06:33.879623,1566.6429999999991,1566.6429999999991,0.0,-1433.3570000000009,0
2026-03-22T19:06:34.897547,1566.6429999999991,1566.6429999999991,0.0,-1433.3570000000009,0
2026-03-22T19:06:35.922211,1566.6429999999991,1566.6429999999991,0.0,-1433.3570000000009,0
2026-03-22T19:06:36.955296,1566.6429999999991,1566.6429999999991,0.0,-1433.3570000000009,0
2026-03-22T19:06:37.989024,1566.6429999999991,1566.6429999999991,0.0,-1433.3570000000009,0
2026-03-22T19:06:39.039163,1566.6429999999991,1566.6429999999991,0.0,-1433.3570000000009,0
2026-03-22T19:06:40.098113,1566.6429999999991,1488.5429999999992,78.10000000000001,-1433.3570000000009,0
2026-03-22T19:06:41.130766,1566.6429999999991,1488.5429999999992,78.10000000000001,-1433.3570000000009,0
2026-03-22T19:06:42.156085,1566.0229999999992,1487.9229999999993,78.10000000000001,-1433.9770000000008,0.0
2026-03-22T19:06:43.171767,1566.0229999999992,1487.9229999999993,78.10000000000001,-1433.9770000000008,0.0
2026-03-22T19:06:44.223833,1566.0229999999992,1487.9229999999993,78.10000000000001,-1433.9770000000008,0.0
2026-03-22T19:06:45.245926,1566.0229999999992,1487.9229999999993,78.10000000000001,-1433.9770000000008,0.0
2026-03-22T19:06:46.264182,1566.0229999999992,1487.9229999999993,78.10000000000001,-1433.9770000000008,0.0
2026-03-22T19:06:47.284586,1566.0229999999992,1487.9229999999993,78.10000000000001,-1433.9770000000008,0.0
2026-03-22T19:06:48.331357,1566.0229999999992,1487.9229999999993,78.10000000000001,-1433.9770000000008,0.0
2026-03-22T19:06:49.381394,1566.0229999999992,1487.9229999999993,78.10000000000001,-1433.9770000000008,0.0
2026-03-22T19:06:50.405183,1566.0229999999992,1487.9229999999993,78.10000000000001,-1433.9770000000008,0.0
2026-03-22T19:06:51.464417,1566.0229999999992,1487.9229999999993,78.10000000000001,-1433.9770000000008,0.0
2026-03-22T19:06:52.491906,1566.0229999999992,1487.9229999999993,78.10000000000001,-1433.9770000000008,0.0
2026-03-22T19:06:53.511466,1567.4429999999993,1487.9229999999993,78.10000000000001,-1433.9770000000008,1.4200000000000013
2026-03-22T19:06:54.539285,1567.4429999999993,1487.9229999999993,78.10000000000001,-1433.9770000000008,1.4200000000000013
2026-03-22T19:06:55.573047,1567.4429999999993,1487.9229999999993,78.10000000000001,-1433.9770000000008,1.4200000000000013
2026-03-22T19:06:56.609476,1567.4429999999993,1487.9229999999993,78.10000000000001,-1433.9770000000008,1.4200000000000013
2026-03-22T19:06:57.680558,1567.4429999999993,1487.9229999999993,78.10000000000001,-1433.9770000000008,1.4200000000000013
2026-03-22T19:06:58.714587,1567.4429999999993,1487.9229999999993,78.10000000000001,-1433.9770000000008,1.4200000000000013
2026-03-22T19:06:59.747434,1567.4429999999993,1487.9229999999993,78.10000000000001,-1433.9770000000008,1.4200000000000013
2026-03-22T19:07:00.780725,1567.4429999999993,1487.9229999999993,78.10000000000001,-1433.9770000000008,1.4200000000000013
2026-03-22T19:07:01.814238,1567.4429999999993,1487.9229999999993,78.10000000000001,-1433.9770000000008,1.4200000000000013
2026-03-22T19:07:02.849504,1567.4429999999993,1487.9229999999993,78.10000000000001,-1433.9770000000008,1.4200000000000013
2026-03-22T19:07:03.880598,1567.4429999999993,1487.9229999999993,78.10000000000001,-1433.9770000000008,1.4200000000000013
2026-03-22T19:07:04.906363,1567.4429999999993,1487.9229999999993,78.10000000000001,-1433.9770000000008,1.4200000000000013
2026-03-22T19:07:05.922959,1567.4429999999993,1487.9229999999993,78.10000000000001,-1433.9770000000008,1.4200000000000013
2026-03-22T19:07:06.938642,1567.4429999999993,1487.9229999999993,78.10000000000001,-1433.9770000000008,1.4200000000000013
2026-03-22T19:07:07.971234,1567.4429999999993,1487.9229999999993,78.10000000000001,-1433.9770000000008,1.4200000000000013
2026-03-22T19:07:08.990839,1567.4429999999993,1487.9229999999993,78.10000000000001,-1433.9770000000008,1.4200000000000013
2026-03-22T19:07:10.005852,1567.4429999999993,1487.9229999999993,78.10000000000001,-1433.9770000000008,1.4200000000000013
2026-03-22T19:07:11.038444,1567.4429999999993,1487.9229999999993,78.10000000000001,-1433.9770000000008,1.4200000000000013
2026-03-22T19:07:12.056108,1567.4429999999993,1487.9229999999993,78.10000000000001,-1433.9770000000008,1.4200000000000013
2026-03-22T19:07:13.079941,1557.5029999999992,1487.9229999999993,78.10000000000001,-1433.9770000000008,-8.520000000000007
2026-03-22T19:07:14.106081,1557.5029999999992,1487.9229999999993,78.10000000000001,-1433.9770000000008,-8.520000000000007
2026-03-22T19:07:15.170744,1557.5029999999992,1487.9229999999993,78.10000000000001,-1433.9770000000008,-8.520000000000007
2026-03-22T19:07:16.189194,1557.5029999999992,1487.9229999999993,78.10000000000001,-1433.9770000000008,-8.520000000000007
2026-03-22T19:07:17.212260,1557.5029999999992,1487.9229999999993,78.10000000000001,-1433.9770000000008,-8.520000000000007
2026-03-22T19:07:18.237292,1557.5029999999992,1487.9229999999993,78.10000000000001,-1433.9770000000008,-8.520000000000007
2026-03-22T19:07:19.263104,1557.5029999999992,1487.9229999999993,78.10000000000001,-1433.9770000000008,-8.520000000000007
2026-03-22T19:07:20.281616,1557.5029999999992,1487.9229999999993,78.10000000000001,-1433.9770000000008,-8.520000000000007
2026-03-22T19:07:21.312757,1557.5029999999992,1487.9229999999993,78.10000000000001,-1433.9770000000008,-8.520000000000007
2026-03-22T19:07:22.339299,1557.5029999999992,1487.9229999999993,78.10000000000001,-1433.9770000000008,-8.520000000000007
2026-03-22T19:07:23.372609,1557.5029999999992,1487.9229999999993,78.10000000000001,-1433.9770000000008,-8.520000000000007
2026-03-22T19:07:24.394183,1557.5029999999992,1487.9229999999993,78.10000000000001,-1433.9770000000008,-8.520000000000007
2026-03-22T19:07:25.413267,1557.5029999999992,1487.9229999999993,78.10000000000001,-1433.9770000000008,-8.520000000000007
2026-03-22T19:07:26.438383,1557.5029999999992,1487.9229999999993,78.10000000000001,-1433.9770000000008,-8.520000000000007
2026-03-22T19:07:27.463408,1557.5029999999992,1487.9229999999993,78.10000000000001,-1433.9770000000008,-8.520000000000007
2026-03-22T19:07:28.480745,1553.2429999999993,1487.9229999999993,78.10000000000001,-1433.9770000000008,-12.780000000000012
2026-03-22T19:07:29.512844,1553.2429999999993,1487.9229999999993,78.10000000000001,-1433.9770000000008,-12.780000000000012
2026-03-22T19:07:30.539707,1553.2429999999993,1487.9229999999993,78.10000000000001,-1433.9770000000008,-12.780000000000012
2026-03-22T19:07:31.606526,1553.2429999999993,1487.9229999999993,78.10000000000001,-1433.9770000000008,-12.780000000000012
2026-03-22T19:07:32.630561,1553.2429999999993,1487.9229999999993,78.10000000000001,-1433.9770000000008,-12.780000000000012
2026-03-22T19:07:33.663756,1553.2429999999993,1487.9229999999993,78.10000000000001,-1433.9770000000008,-12.780000000000012
2026-03-22T19:07:34.688087,1553.2429999999993,1487.9229999999993,78.10000000000001,-1433.9770000000008,-12.780000000000012
2026-03-22T19:07:35.721780,1553.2429999999993,1487.9229999999993,78.10000000000001,-1433.9770000000008,-12.780000000000012
2026-03-22T19:07:36.739451,1553.2429999999993,1487.9229999999993,78.10000000000001,-1433.9770000000008,-12.780000000000012
2026-03-22T19:07:37.764218,1553.2429999999993,1487.9229999999993,78.10000000000001,-1433.9770000000008,-12.780000000000012
2026-03-22T19:07:38.780124,1553.2429999999993,1487.9229999999993,78.10000000000001,-1433.9770000000008,-12.780000000000012
2026-03-22T19:07:39.814887,1553.2429999999993,1487.9229999999993,78.10000000000001,-1433.9770000000008,-12.780000000000012
2026-03-22T19:07:40.831197,1553.2429999999993,1487.9229999999993,78.10000000000001,-1433.9770000000008,-12.780000000000012
2026-03-22T19:07:41.847398,1553.2429999999993,1487.9229999999993,78.10000000000001,-1433.9770000000008,-12.780000000000012
2026-03-22T19:07:42.863961,1554.6629999999993,1487.9229999999993,78.10000000000001,-1433.9770000000008,-11.36000000000001
2026-03-22T19:07:43.912701,1554.6629999999993,1487.9229999999993,78.10000000000001,-1433.9770000000008,-11.36000000000001
2026-03-22T19:07:44.939246,1554.6629999999993,1487.9229999999993,78.10000000000001,-1433.9770000000008,-11.36000000000001
2026-03-22T19:07:45.964432,1554.6629999999993,1487.9229999999993,78.10000000000001,-1433.9770000000008,-11.36000000000001
2026-03-22T19:07:46.990798,1554.6629999999993,1487.9229999999993,78.10000000000001,-1433.9770000000008,-11.36000000000001
2026-03-22T19:07:48.014333,1554.6629999999993,1487.9229999999993,78.10000000000001,-1433.9770000000008,-11.36000000000001
2026-03-22T19:07:49.072422,1554.6629999999993,1487.9229999999993,78.10000000000001,-1433.9770000000008,-11.36000000000001
2026-03-22T19:07:50.091221,1554.6629999999993,1487.9229999999993,78.10000000000001,-1433.9770000000008,-11.36000000000001
2026-03-22T19:07:51.115044,1554.6629999999993,1487.9229999999993,78.10000000000001,-1433.9770000000008,-11.36000000000001
2026-03-22T19:07:52.139382,1554.6629999999993,1487.9229999999993,78.10000000000001,-1433.9770000000008,-11.36000000000001
2026-03-22T19:07:53.163453,1554.6629999999993,1487.9229999999993,78.10000000000001,-1433.9770000000008,-11.36000000000001
2026-03-22T19:07:54.206229,1554.6629999999993,1487.9229999999993,78.10000000000001,-1433.9770000000008,-11.36000000000001
2026-03-22T19:07:55.228050,1554.6629999999993,1487.9229999999993,78.10000000000001,-1433.9770000000008,-11.36000000000001
2026-03-22T19:07:56.253637,1554.6629999999993,1487.9229999999993,78.10000000000001,-1433.9770000000008,-11.36000000000001
2026-03-22T19:07:57.271694,1554.6629999999993,1487.9229999999993,78.10000000000001,-1433.9770000000008,-11.36000000000001
2026-03-22T19:07:58.297989,1556.0829999999992,1487.9229999999993,78.10000000000001,-1433.9770000000008,-9.940000000000008
2026-03-22T19:07:59.330861,1556.0829999999992,1487.9229999999993,78.10000000000001,-1433.9770000000008,-9.940000000000008
2026-03-22T19:08:00.362560,1556.0829999999992,1487.9229999999993,78.10000000000001,-1433.9770000000008,-9.940000000000008
2026-03-22T19:08:01.391046,1556.0829999999992,1487.9229999999993,78.10000000000001,-1433.9770000000008,-9.940000000000008
2026-03-22T19:08:02.414125,1556.0829999999992,1487.9229999999993,78.10000000000001,-1433.9770000000008,-9.940000000000008
2026-03-22T19:08:03.430582,1556.0829999999992,1487.9229999999993,78.10000000000001,-1433.9770000000008,-9.940000000000008
2026-03-22T19:08:04.466787,1556.0829999999992,1487.9229999999993,78.10000000000001,-1433.9770000000008,-9.940000000000008
2026-03-22T19:08:05.489140,1556.0829999999992,1487.9229999999993,78.10000000000001,-1433.9770000000008,-9.940000000000008
2026-03-22T19:08:06.605863,1556.0829999999992,1487.9229999999993,78.10000000000001,-1433.9770000000008,-9.940000000000008
2026-03-22T19:08:07.629856,1556.0829999999992,1487.9229999999993,78.10000000000001,-1433.9770000000008,-9.940000000000008
2026-03-22T19:08:08.654626,1556.0829999999992,1487.9229999999993,78.10000000000001,-1433.9770000000008,-9.940000000000008
2026-03-22T19:08:09.684089,1556.0829999999992,1487.9229999999993,78.10000000000001,-1433.9770000000008,-9.940000000000008
2026-03-22T19:08:10.710021,1556.0829999999992,1487.9229999999993,78.10000000000001,-1433.9770000000008,-9.940000000000008
2026-03-22T19:08:11.735015,1556.0829999999992,1487.9229999999993,78.10000000000001,-1433.9770000000008,-9.940000000000008
2026-03-22T19:08:12.763863,1556.0829999999992,1487.9229999999993,78.10000000000001,-1433.9770000000008,-9.940000000000008
2026-03-22T19:08:13.785709,1556.0829999999992,1487.9229999999993,78.10000000000001,-1433.9770000000008,-9.940000000000008
2026-03-22T19:08:14.822297,1556.0829999999992,1487.9229999999993,78.10000000000001,-1433.9770000000008,-9.940000000000008
2026-03-22T19:08:15.847648,1556.0829999999992,1487.9229999999993,78.10000000000001,-1433.9770000000008,-9.940000000000008
2026-03-22T19:08:16.871813,1556.0829999999992,1487.9229999999993,78.10000000000001,-1433.9770000000008,-9.940000000000008
2026-03-22T19:08:17.889662,1556.0829999999992,1487.9229999999993,78.10000000000001,-1433.9770000000008,-9.940000000000008
2026-03-22T19:08:18.905921,1556.0829999999992,1487.9229999999993,78.10000000000001,-1433.9770000000008,-9.940000000000008
2026-03-22T19:08:19.938127,1556.0829999999992,1487.9229999999993,78.10000000000001,-1433.9770000000008,-9.940000000000008
2026-03-22T19:08:20.964525,1556.0829999999992,1487.9229999999993,78.10000000000001,-1433.9770000000008,-9.940000000000008
2026-03-22T19:08:22.003819,1556.0829999999992,1487.9229999999993,78.10000000000001,-1433.9770000000008,-9.940000000000008
2026-03-22T19:08:23.037871,1556.0829999999992,1487.9229999999993,78.10000000000001,-1433.9770000000008,-9.940000000000008
2026-03-22T19:08:24.098066,1556.0829999999992,1487.9229999999993,78.10000000000001,-1433.9770000000008,-9.940000000000008
2026-03-22T19:08:25.122409,1556.0829999999992,1487.9229999999993,78.10000000000001,-1433.9770000000008,-9.940000000000008
2026-03-22T19:08:26.161451,1556.0829999999992,1487.9229999999993,78.10000000000001,-1433.9770000000008,-9.940000000000008
2026-03-22T19:08:27.181133,1556.0829999999992,1487.9229999999993,78.10000000000001,-1433.9770000000008,-9.940000000000008
2026-03-22T19:08:28.212566,1556.0829999999992,1487.9229999999993,78.10000000000001,-1433.9770000000008,-9.940000000000008
2026-03-22T19:08:29.249758,1556.0829999999992,1487.9229999999993,78.10000000000001,-1433.9770000000008,-9.940000000000008
2026-03-22T19:08:30.271326,1556.0829999999992,1487.9229999999993,78.10000000000001,-1433.9770000000008,-9.940000000000008
2026-03-22T19:08:31.298269,1556.0829999999992,1487.9229999999993,78.10000000000001,-1433.9770000000008,-9.940000000000008
2026-03-22T19:08:32.323077,1553.2429999999993,1487.9229999999993,78.10000000000001,-1433.9770000000008,-12.780000000000012
2026-03-22T19:08:33.339056,1553.2429999999993,1487.9229999999993,78.10000000000001,-1433.9770000000008,-12.780000000000012
2026-03-22T19:08:34.362991,1553.2429999999993,1487.9229999999993,78.10000000000001,-1433.9770000000008,-12.780000000000012
2026-03-22T19:08:35.380955,1553.2429999999993,1487.9229999999993,78.10000000000001,-1433.9770000000008,-12.780000000000012
2026-03-22T19:08:36.407683,1553.2429999999993,1487.9229999999993,78.10000000000001,-1433.9770000000008,-12.780000000000012
2026-03-22T19:08:37.430752,1553.2429999999993,1487.9229999999993,78.10000000000001,-1433.9770000000008,-12.780000000000012
2026-03-22T19:08:38.446541,1553.2429999999993,1487.9229999999993,78.10000000000001,-1433.9770000000008,-12.780000000000012
2026-03-22T19:08:39.479214,1553.2429999999993,1487.9229999999993,78.10000000000001,-1433.9770000000008,-12.780000000000012
2026-03-22T19:08:40.539361,1553.2429999999993,1487.9229999999993,78.10000000000001,-1433.9770000000008,-12.780000000000012
2026-03-22T19:08:41.564020,1553.2429999999993,1487.9229999999993,78.10000000000001,-1433.9770000000008,-12.780000000000012
2026-03-22T19:08:42.579406,1553.2429999999993,1487.9229999999993,78.10000000000001,-1433.9770000000008,-12.780000000000012
2026-03-22T19:08:43.612462,1553.2429999999993,1487.9229999999993,78.10000000000001,-1433.9770000000008,-12.780000000000012
2026-03-22T19:08:44.640744,1553.2429999999993,1487.9229999999993,78.10000000000001,-1433.9770000000008,-12.780000000000012
2026-03-22T19:08:45.664404,1553.2429999999993,1487.9229999999993,78.10000000000001,-1433.9770000000008,-12.780000000000012
2026-03-22T19:08:46.696671,1553.2429999999993,1487.9229999999993,78.10000000000001,-1433.9770000000008,-12.780000000000012
2026-03-22T19:08:47.714174,1548.9829999999993,1487.9229999999993,78.10000000000001,-1433.9770000000008,-17.04
2026-03-22T19:08:48.730968,1548.9829999999993,1487.9229999999993,78.10000000000001,-1433.9770000000008,-17.04
2026-03-22T19:08:49.747388,1548.9829999999993,1487.9229999999993,78.10000000000001,-1433.9770000000008,-17.04
2026-03-22T19:08:50.764099,1548.9829999999993,1487.9229999999993,78.10000000000001,-1433.9770000000008,-17.04
2026-03-22T19:08:51.804598,1548.9829999999993,1487.9229999999993,78.10000000000001,-1433.9770000000008,-17.04
2026-03-22T19:08:52.830974,1548.9829999999993,1487.9229999999993,78.10000000000001,-1433.9770000000008,-17.04
2026-03-22T19:08:53.855795,1548.9829999999993,1487.9229999999993,78.10000000000001,-1433.9770000000008,-17.04
2026-03-22T19:08:54.872244,1548.9829999999993,1487.9229999999993,78.10000000000001,-1433.9770000000008,-17.04
2026-03-22T19:08:55.897588,1548.9829999999993,1487.9229999999993,78.10000000000001,-1433.9770000000008,-17.04
2026-03-22T19:08:56.932567,1548.9829999999993,1487.9229999999993,78.10000000000001,-1433.9770000000008,-17.04
2026-03-22T19:08:58.009558,1548.9829999999993,1487.9229999999993,78.10000000000001,-1433.9770000000008,-17.04
2026-03-22T19:08:59.031000,1548.9829999999993,1487.9229999999993,78.10000000000001,-1433.9770000000008,-17.04
2026-03-22T19:09:00.047313,1548.9829999999993,1487.9229999999993,78.10000000000001,-1433.9770000000008,-17.04
2026-03-22T19:09:01.074942,1550.402999999999,1487.9229999999993,78.10000000000001,-1433.9770000000008,-15.620000000000013
2026-03-22T19:09:02.106098,1550.402999999999,1487.9229999999993,78.10000000000001,-1433.9770000000008,-15.620000000000013
2026-03-22T19:09:03.130675,1550.402999999999,1487.9229999999993,78.10000000000001,-1433.9770000000008,-15.620000000000013
2026-03-22T19:09:04.172279,1550.402999999999,1487.9229999999993,78.10000000000001,-1433.9770000000008,-15.620000000000013
2026-03-22T19:09:05.196188,1550.402999999999,1487.9229999999993,78.10000000000001,-1433.9770000000008,-15.620000000000013
2026-03-22T19:09:06.231038,1550.402999999999,1487.9229999999993,78.10000000000001,-1433.9770000000008,-15.620000000000013
2026-03-22T19:09:07.255746,1550.402999999999,1487.9229999999993,78.10000000000001,-1433.9770000000008,-15.620000000000013
2026-03-22T19:09:08.289036,1550.402999999999,1487.9229999999993,78.10000000000001,-1433.9770000000008,-15.620000000000013
2026-03-22T19:09:09.342779,1550.402999999999,1487.9229999999993,78.10000000000001,-1433.9770000000008,-15.620000000000013
2026-03-22T19:09:10.371238,1550.402999999999,1487.9229999999993,78.10000000000001,-1433.9770000000008,-15.620000000000013
2026-03-22T19:09:11.402714,1550.402999999999,1487.9229999999993,78.10000000000001,-1433.9770000000008,-15.620000000000013
2026-03-22T19:09:12.430121,1550.402999999999,1487.9229999999993,78.10000000000001,-1433.9770000000008,-15.620000000000013
2026-03-22T19:09:13.472916,1550.402999999999,1487.9229999999993,78.10000000000001,-1433.9770000000008,-15.620000000000013
2026-03-22T19:09:14.547792,1550.402999999999,1487.9229999999993,78.10000000000001,-1433.9770000000008,-15.620000000000013
2026-03-22T19:09:15.572572,1550.402999999999,1487.9229999999993,78.10000000000001,-1433.9770000000008,-15.620000000000013
2026-03-22T19:09:16.631574,1550.402999999999,1487.9229999999993,78.10000000000001,-1433.9770000000008,-15.620000000000013
2026-03-22T19:09:17.648034,1550.402999999999,1487.9229999999993,78.10000000000001,-1433.9770000000008,-15.620000000000013
2026-03-22T19:09:18.671607,1550.402999999999,1487.9229999999993,78.10000000000001,-1433.9770000000008,-15.620000000000013
2026-03-22T19:09:19.695503,1553.2429999999993,1487.9229999999993,78.10000000000001,-1433.9770000000008,-12.780000000000012
2026-03-22T19:09:20.722417,1553.2429999999993,1487.9229999999993,78.10000000000001,-1433.9770000000008,-12.780000000000012
2026-03-22T19:09:21.746314,1553.2429999999993,1487.9229999999993,78.10000000000001,-1433.9770000000008,-12.780000000000012
2026-03-22T19:09:22.772295,1553.2429999999993,1487.9229999999993,78.10000000000001,-1433.9770000000008,-12.780000000000012
2026-03-22T19:09:23.804479,1553.2429999999993,1487.9229999999993,78.10000000000001,-1433.9770000000008,-12.780000000000012
2026-03-22T19:09:24.828343,1553.2429999999993,1487.9229999999993,78.10000000000001,-1433.9770000000008,-12.780000000000012
2026-03-22T19:09:25.847555,1553.2429999999993,1487.9229999999993,78.10000000000001,-1433.9770000000008,-12.780000000000012
2026-03-22T19:09:26.864278,1553.2429999999993,1487.9229999999993,78.10000000000001,-1433.9770000000008,-12.780000000000012
2026-03-22T19:09:27.888395,1553.2429999999993,1487.9229999999993,78.10000000000001,-1433.9770000000008,-12.780000000000012
2026-03-22T19:09:28.905728,1553.2429999999993,1487.9229999999993,78.10000000000001,-1433.9770000000008,-12.780000000000012
2026-03-22T19:09:29.922182,1553.2429999999993,1487.9229999999993,78.10000000000001,-1433.9770000000008,-12.780000000000012
2026-03-22T19:09:30.954638,1553.2429999999993,1487.9229999999993,78.10000000000001,-1433.9770000000008,-12.780000000000012
2026-03-22T19:09:32.022427,1553.2429999999993,1487.9229999999993,78.10000000000001,-1433.9770000000008,-12.780000000000012
2026-03-22T19:09:33.047893,1553.2429999999993,1487.9229999999993,78.10000000000001,-1433.9770000000008,-12.780000000000012
2026-03-22T19:09:34.071467,1553.2429999999993,1487.9229999999993,78.10000000000001,-1433.9770000000008,-12.780000000000012
2026-03-22T19:09:35.089632,1553.2429999999993,1487.9229999999993,78.10000000000001,-1433.9770000000008,-12.780000000000012
2026-03-22T19:09:36.114204,1556.0829999999992,1487.9229999999993,78.10000000000001,-1433.9770000000008,-9.940000000000008
2026-03-22T19:09:37.139690,1556.0829999999992,1487.9229999999993,78.10000000000001,-1433.9770000000008,-9.940000000000008
2026-03-22T19:09:38.163913,1556.0829999999992,1487.9229999999993,78.10000000000001,-1433.9770000000008,-9.940000000000008
2026-03-22T19:09:39.196682,1556.0829999999992,1487.9229999999993,78.10000000000001,-1433.9770000000008,-9.940000000000008
2026-03-22T19:09:40.222356,1556.0829999999992,1487.9229999999993,78.10000000000001,-1433.9770000000008,-9.940000000000008
2026-03-22T19:09:41.239328,1556.0829999999992,1487.9229999999993,78.10000000000001,-1433.9770000000008,-9.940000000000008
2026-03-22T19:09:42.255803,1556.0829999999992,1487.9229999999993,78.10000000000001,-1433.9770000000008,-9.940000000000008
2026-03-22T19:09:43.272044,1556.0829999999992,1487.9229999999993,78.10000000000001,-1433.9770000000008,-9.940000000000008
2026-03-22T19:09:44.289691,1556.0829999999992,1487.9229999999993,78.10000000000001,-1433.9770000000008,-9.940000000000008
2026-03-22T19:09:45.305926,1556.0829999999992,1487.9229999999993,78.10000000000001,-1433.9770000000008,-9.940000000000008
2026-03-22T19:09:46.337254,1556.0829999999992,1487.9229999999993,78.10000000000001,-1433.9770000000008,-9.940000000000008
2026-03-22T19:09:47.364664,1556.0829999999992,1487.9229999999993,78.10000000000001,-1433.9770000000008,-9.940000000000008
2026-03-22T19:09:48.446457,1556.0829999999992,1487.9229999999993,78.10000000000001,-1433.9770000000008,-9.940000000000008
2026-03-22T19:09:49.464091,1556.0829999999992,1487.9229999999993,78.10000000000001,-1433.9770000000008,-9.940000000000008
2026-03-22T19:09:50.488063,1554.6629999999993,1487.9229999999993,78.10000000000001,-1433.9770000000008,-11.36000000000001
2026-03-22T19:09:51.518450,1554.6629999999993,1487.9229999999993,78.10000000000001,-1433.9770000000008,-11.36000000000001
2026-03-22T19:09:52.542632,1554.6629999999993,1487.9229999999993,78.10000000000001,-1433.9770000000008,-11.36000000000001
2026-03-22T19:09:53.563055,1554.6629999999993,1413.7229999999993,152.3,-1433.9770000000008,-11.36000000000001
2026-03-22T19:09:54.585773,1554.0429999999994,1413.1029999999994,152.3,-1434.5970000000007,-11.36000000000001
2026-03-22T19:09:55.609555,1554.0429999999994,1413.1029999999994,152.3,-1434.5970000000007,-11.36000000000001
2026-03-22T19:09:56.627492,1554.0429999999994,1413.1029999999994,152.3,-1434.5970000000007,-11.36000000000001
2026-03-22T19:09:57.646052,1554.0429999999994,1413.1029999999994,152.3,-1434.5970000000007,-11.36000000000001
2026-03-22T19:09:58.672217,1554.0429999999994,1413.1029999999994,152.3,-1434.5970000000007,-11.36000000000001
2026-03-22T19:09:59.693236,1554.0429999999994,1413.1029999999994,152.3,-1434.5970000000007,-11.36000000000001
2026-03-22T19:10:00.717534,1554.0429999999994,1413.1029999999994,152.3,-1434.5970000000007,-11.36000000000001
2026-03-22T19:10:01.738194,1554.0429999999994,1413.1029999999994,152.3,-1434.5970000000007,-11.36000000000001
2026-03-22T19:10:02.760691,1554.0429999999994,1413.1029999999994,152.3,-1434.5970000000007,-11.36000000000001
2026-03-22T19:10:03.785241,1554.0429999999994,1413.1029999999994,152.3,-1434.5970000000007,-11.36000000000001
2026-03-22T19:10:04.812784,1554.0629999999994,1413.1029999999994,152.3,-1434.5970000000007,-11.34000000000001
2026-03-22T19:10:05.877169,1554.0629999999994,1413.1029999999994,152.3,-1434.5970000000007,-11.34000000000001
2026-03-22T19:10:06.904968,1554.0629999999994,1413.1029999999994,152.3,-1434.5970000000007,-11.34000000000001
2026-03-22T19:10:07.922223,1554.0629999999994,1413.1029999999994,152.3,-1434.5970000000007,-11.34000000000001
2026-03-22T19:10:08.937968,1554.0629999999994,1413.1029999999994,152.3,-1434.5970000000007,-11.34000000000001
2026-03-22T19:10:09.961964,1554.0629999999994,1413.1029999999994,152.3,-1434.5970000000007,-11.34000000000001
2026-03-22T19:10:10.996599,1554.0629999999994,1413.1029999999994,152.3,-1434.5970000000007,-11.34000000000001
2026-03-22T19:10:12.014437,1554.0629999999994,1413.1029999999994,152.3,-1434.5970000000007,-11.34000000000001
2026-03-22T19:10:13.030732,1554.0629999999994,1413.1029999999994,152.3,-1434.5970000000007,-11.34000000000001
2026-03-22T19:10:14.046438,1554.0629999999994,1413.1029999999994,152.3,-1434.5970000000007,-11.34000000000001
2026-03-22T19:10:15.071148,1554.0629999999994,1413.1029999999994,152.3,-1434.5970000000007,-11.34000000000001
2026-03-22T19:10:16.102406,1554.0629999999994,1413.1029999999994,152.3,-1434.5970000000007,-11.34000000000001
2026-03-22T19:10:17.123085,1554.0629999999994,1413.1029999999994,152.3,-1434.5970000000007,-11.34000000000001
2026-03-22T19:10:18.151669,1554.0629999999994,1413.1029999999994,152.3,-1434.5970000000007,-11.34000000000001
2026-03-22T19:10:19.175910,1554.0629999999994,1413.1029999999994,152.3,-1434.5970000000007,-11.34000000000001
2026-03-22T19:10:20.199558,1554.0629999999994,1413.1029999999994,152.3,-1434.5970000000007,-11.34000000000001
2026-03-22T19:10:21.226146,1554.0429999999994,1413.1029999999994,152.3,-1434.5970000000007,-11.36000000000001
2026-03-22T19:10:22.258191,1554.0429999999994,1413.1029999999994,152.3,-1434.5970000000007,-11.36000000000001
2026-03-22T19:10:23.312053,1554.0429999999994,1413.1029999999994,152.3,-1434.5970000000007,-11.36000000000001
2026-03-22T19:10:24.332585,1554.0429999999994,1413.1029999999994,152.3,-1434.5970000000007,-11.36000000000001
2026-03-22T19:10:25.358613,1554.0429999999994,1413.1029999999994,152.3,-1434.5970000000007,-11.36000000000001
2026-03-22T19:10:26.377577,1554.0429999999994,1413.1029999999994,152.3,-1434.5970000000007,-11.36000000000001
2026-03-22T19:10:27.418160,1554.0429999999994,1413.1029999999994,152.3,-1434.5970000000007,-11.36000000000001
2026-03-22T19:10:28.443583,1554.0429999999994,1413.1029999999994,152.3,-1434.5970000000007,-11.36000000000001
2026-03-22T19:10:29.462698,1554.0429999999994,1413.1029999999994,152.3,-1434.5970000000007,-11.36000000000001
2026-03-22T19:10:30.484684,1554.0429999999994,1413.1029999999994,152.3,-1434.5970000000007,-11.36000000000001
2026-03-22T19:10:31.509026,1554.0429999999994,1413.1029999999994,152.3,-1434.5970000000007,-11.36000000000001
2026-03-22T19:10:32.536038,1554.0429999999994,1413.1029999999994,152.3,-1434.5970000000007,-11.36000000000001
2026-03-22T19:10:33.556427,1554.0429999999994,1413.1029999999994,152.3,-1434.5970000000007,-11.36000000000001
2026-03-22T19:10:34.572509,1554.0429999999994,1413.1029999999994,152.3,-1434.5970000000007,-11.36000000000001
2026-03-22T19:10:35.602240,1554.0429999999994,1413.1029999999994,152.3,-1434.5970000000007,-11.36000000000001
2026-03-22T19:10:36.626125,1554.1029999999994,1554.1029999999994,0.0,-1445.8970000000006,0
2026-03-22T19:10:37.646251,1554.1029999999994,1554.1029999999994,0.0,-1445.8970000000006,0
2026-03-22T19:10:38.674374,1554.1029999999994,1554.1029999999994,0.0,-1445.8970000000006,0
2026-03-22T19:10:39.751441,1554.1029999999994,1554.1029999999994,0.0,-1445.8970000000006,0
2026-03-22T19:10:40.774962,1554.1029999999994,1554.1029999999994,0.0,-1445.8970000000006,0
2026-03-22T19:10:41.793590,1554.1029999999994,1554.1029999999994,0.0,-1445.8970000000006,0
2026-03-22T19:10:42.822069,1554.1029999999994,1554.1029999999994,0.0,-1445.8970000000006,0
2026-03-22T19:10:43.843004,1554.1029999999994,1554.1029999999994,0.0,-1445.8970000000006,0
2026-03-22T19:10:44.871870,1554.1029999999994,1554.1029999999994,0.0,-1445.8970000000006,0
2026-03-22T19:10:45.893102,1554.1029999999994,1554.1029999999994,0.0,-1445.8970000000006,0
2026-03-22T19:10:46.908863,1554.1029999999994,1554.1029999999994,0.0,-1445.8970000000006,0
2026-03-22T19:10:47.935594,1554.1029999999994,1554.1029999999994,0.0,-1445.8970000000006,0
2026-03-22T19:10:48.959855,1554.1029999999994,1554.1029999999994,0.0,-1445.8970000000006,0
2026-03-22T19:10:49.987159,1554.1029999999994,1554.1029999999994,0.0,-1445.8970000000006,0
2026-03-22T19:10:51.008995,1554.1029999999994,1554.1029999999994,0.0,-1445.8970000000006,0
2026-03-22T19:10:52.057948,1554.1029999999994,1554.1029999999994,0.0,-1445.8970000000006,0
2026-03-22T19:10:53.076090,1554.1029999999994,1554.1029999999994,0.0,-1445.8970000000006,0
2026-03-22T19:10:54.098437,1554.1029999999994,1554.1029999999994,0.0,-1445.8970000000006,0
2026-03-22T19:10:55.126344,1554.1029999999994,1554.1029999999994,0.0,-1445.8970000000006,0
2026-03-22T19:10:56.151126,1554.1029999999994,1554.1029999999994,0.0,-1445.8970000000006,0
2026-03-22T19:10:57.201316,1554.1029999999994,1554.1029999999994,0.0,-1445.8970000000006,0
2026-03-22T19:10:58.221271,1554.1029999999994,1554.1029999999994,0.0,-1445.8970000000006,0
2026-03-22T19:10:59.258274,1554.1029999999994,1554.1029999999994,0.0,-1445.8970000000006,0
2026-03-22T19:11:00.292715,1554.1029999999994,1554.1029999999994,0.0,-1445.8970000000006,0
2026-03-22T19:11:01.332788,1554.1029999999994,1554.1029999999994,0.0,-1445.8970000000006,0
2026-03-22T19:11:02.358549,1554.1029999999994,1554.1029999999994,0.0,-1445.8970000000006,0
2026-03-22T19:11:03.386725,1554.1029999999994,1554.1029999999994,0.0,-1445.8970000000006,0
2026-03-22T19:11:04.410096,1554.1029999999994,1554.1029999999994,0.0,-1445.8970000000006,0
2026-03-22T19:11:05.426035,1554.1029999999994,1554.1029999999994,0.0,-1445.8970000000006,0
2026-03-22T19:11:06.443176,1554.1029999999994,1554.1029999999994,0.0,-1445.8970000000006,0
2026-03-22T19:11:07.468413,1554.1029999999994,1554.1029999999994,0.0,-1445.8970000000006,0
2026-03-22T19:11:08.484334,1554.1029999999994,1554.1029999999994,0.0,-1445.8970000000006,0
2026-03-22T19:11:09.518383,1554.1029999999994,1554.1029999999994,0.0,-1445.8970000000006,0
2026-03-22T19:11:10.546446,1554.1029999999994,1554.1029999999994,0.0,-1445.8970000000006,0
2026-03-22T19:11:11.584710,1554.1029999999994,1554.1029999999994,0.0,-1445.8970000000006,0
2026-03-22T19:11:12.624276,1554.1029999999994,1554.1029999999994,0.0,-1445.8970000000006,0
2026-03-22T19:11:13.652027,1554.1029999999994,1554.1029999999994,0.0,-1445.8970000000006,0
2026-03-22T19:11:14.701684,1554.1029999999994,1554.1029999999994,0.0,-1445.8970000000006,0
2026-03-22T19:11:15.757102,1554.1029999999994,1554.1029999999994,0.0,-1445.8970000000006,0
2026-03-22T19:11:16.786153,1554.1029999999994,1554.1029999999994,0.0,-1445.8970000000006,0
2026-03-22T19:11:17.817603,1554.1029999999994,1554.1029999999994,0.0,-1445.8970000000006,0
2026-03-22T19:11:18.834703,1554.1029999999994,1554.1029999999994,0.0,-1445.8970000000006,0
2026-03-22T19:11:19.849510,1554.1029999999994,1554.1029999999994,0.0,-1445.8970000000006,0
2026-03-22T19:11:20.893198,1554.1029999999994,1554.1029999999994,0.0,-1445.8970000000006,0
2026-03-22T19:11:21.921320,1554.1029999999994,1554.1029999999994,0.0,-1445.8970000000006,0
2026-03-22T19:11:22.937814,1554.1029999999994,1554.1029999999994,0.0,-1445.8970000000006,0
2026-03-22T19:11:23.964657,1554.1029999999994,1554.1029999999994,0.0,-1445.8970000000006,0
2026-03-22T19:11:24.984583,1554.1029999999994,1554.1029999999994,0.0,-1445.8970000000006,0
2026-03-22T19:11:26.001161,1554.1029999999994,1554.1029999999994,0.0,-1445.8970000000006,0
2026-03-22T19:11:27.018478,1554.1029999999994,1554.1029999999994,0.0,-1445.8970000000006,0
2026-03-22T19:11:28.040304,1554.1029999999994,1554.1029999999994,0.0,-1445.8970000000006,0
2026-03-22T19:11:29.058716,1554.1029999999994,1554.1029999999994,0.0,-1445.8970000000006,0
2026-03-22T19:11:30.084696,1554.1029999999994,1554.1029999999994,0.0,-1445.8970000000006,0
2026-03-22T19:11:31.145769,1554.1029999999994,1554.1029999999994,0.0,-1445.8970000000006,0
2026-03-22T19:11:32.162000,1554.1029999999994,1554.1029999999994,0.0,-1445.8970000000006,0
2026-03-22T19:11:33.182493,1554.1029999999994,1554.1029999999994,0.0,-1445.8970000000006,0
2026-03-22T19:11:34.210854,1554.1029999999994,1554.1029999999994,0.0,-1445.8970000000006,0
2026-03-22T19:11:35.235611,1554.1029999999994,1554.1029999999994,0.0,-1445.8970000000006,0
2026-03-22T19:11:36.272201,1554.1029999999994,1554.1029999999994,0.0,-1445.8970000000006,0
2026-03-22T19:11:37.292882,1554.1029999999994,1554.1029999999994,0.0,-1445.8970000000006,0
2026-03-22T19:11:38.318721,1554.1029999999994,1554.1029999999994,0.0,-1445.8970000000006,0
2026-03-22T19:11:39.344932,1554.1029999999994,1554.1029999999994,0.0,-1445.8970000000006,0
2026-03-22T19:11:40.366656,1554.1029999999994,1554.1029999999994,0.0,-1445.8970000000006,0
2026-03-22T19:11:41.387029,1554.1029999999994,1554.1029999999994,0.0,-1445.8970000000006,0
2026-03-22T19:11:42.417301,1554.1029999999994,1554.1029999999994,0.0,-1445.8970000000006,0
2026-03-22T19:11:43.446170,1554.1029999999994,1554.1029999999994,0.0,-1445.8970000000006,0
2026-03-22T19:11:44.470666,1554.1029999999994,1554.1029999999994,0.0,-1445.8970000000006,0
2026-03-22T19:11:45.499665,1554.1029999999994,1554.1029999999994,0.0,-1445.8970000000006,0
2026-03-22T19:11:46.519094,1554.1029999999994,1554.1029999999994,0.0,-1445.8970000000006,0
2026-03-22T19:11:47.571379,1554.1029999999994,1554.1029999999994,0.0,-1445.8970000000006,0
2026-03-22T19:11:48.592743,1554.1029999999994,1554.1029999999994,0.0,-1445.8970000000006,0
2026-03-22T19:11:49.624358,1554.1029999999994,1554.1029999999994,0.0,-1445.8970000000006,0
2026-03-22T19:11:50.650944,1554.1029999999994,1554.1029999999994,0.0,-1445.8970000000006,0
2026-03-22T19:11:51.669102,1554.1029999999994,1554.1029999999994,0.0,-1445.8970000000006,0
2026-03-22T19:11:52.690221,1554.1029999999994,1554.1029999999994,0.0,-1445.8970000000006,0
2026-03-22T19:11:53.712508,1554.1029999999994,1554.1029999999994,0.0,-1445.8970000000006,0
2026-03-22T19:11:54.734670,1554.1029999999994,1554.1029999999994,0.0,-1445.8970000000006,0
2026-03-22T19:11:55.754448,1554.1029999999994,1554.1029999999994,0.0,-1445.8970000000006,0
2026-03-22T19:11:56.771868,1554.1029999999994,1554.1029999999994,0.0,-1445.8970000000006,0
2026-03-22T19:11:57.802533,1554.1029999999994,1554.1029999999994,0.0,-1445.8970000000006,0
2026-03-22T19:11:58.824118,1554.1029999999994,1554.1029999999994,0.0,-1445.8970000000006,0
2026-03-22T19:11:59.856275,1554.1029999999994,1554.1029999999994,0.0,-1445.8970000000006,0
2026-03-22T19:12:00.882000,1554.1029999999994,1554.1029999999994,0.0,-1445.8970000000006,0
2026-03-22T19:12:01.905713,1554.1029999999994,1554.1029999999994,0.0,-1445.8970000000006,0
2026-03-22T19:12:02.929576,1554.1029999999994,1554.1029999999994,0.0,-1445.8970000000006,0
2026-03-22T19:12:03.955798,1554.1029999999994,1554.1029999999994,0.0,-1445.8970000000006,0
2026-03-22T19:12:05.025726,1554.1029999999994,1554.1029999999994,0.0,-1445.8970000000006,0
2026-03-22T19:12:06.051684,1554.1029999999994,1554.1029999999994,0.0,-1445.8970000000006,0
2026-03-22T19:12:07.100612,1554.1029999999994,1554.1029999999994,0.0,-1445.8970000000006,0
2026-03-22T19:12:08.247025,1554.1029999999994,1554.1029999999994,0.0,-1445.8970000000006,0
2026-03-22T19:12:09.280350,1554.1029999999994,1554.1029999999994,0.0,-1445.8970000000006,0
2026-03-22T19:12:10.305572,1554.1029999999994,1554.1029999999994,0.0,-1445.8970000000006,0
2026-03-22T19:12:11.337778,1554.1029999999994,1554.1029999999994,0.0,-1445.8970000000006,0
2026-03-22T19:12:12.371074,1554.1029999999994,1554.1029999999994,0.0,-1445.8970000000006,0
2026-03-22T19:12:13.412721,1554.1029999999994,1554.1029999999994,0.0,-1445.8970000000006,0
2026-03-22T19:12:14.450855,1554.1029999999994,1554.1029999999994,0.0,-1445.8970000000006,0
2026-03-22T19:12:15.482019,1554.1029999999994,1554.1029999999994,0.0,-1445.8970000000006,0
2026-03-22T19:12:16.565161,1554.1029999999994,1554.1029999999994,0.0,-1445.8970000000006,0
2026-03-22T19:12:17.648242,1554.1029999999994,1554.1029999999994,0.0,-1445.8970000000006,0
2026-03-22T19:12:18.681775,1554.1029999999994,1554.1029999999994,0.0,-1445.8970000000006,0
2026-03-22T19:12:19.723730,1554.1029999999994,1554.1029999999994,0.0,-1445.8970000000006,0
2026-03-22T19:12:20.768553,1554.1029999999994,1554.1029999999994,0.0,-1445.8970000000006,0
2026-03-22T19:12:21.853740,1554.1029999999994,1554.1029999999994,0.0,-1445.8970000000006,0
2026-03-22T19:12:22.896379,1554.1029999999994,1554.1029999999994,0.0,-1445.8970000000006,0
2026-03-22T19:12:23.933765,1554.1029999999994,1554.1029999999994,0.0,-1445.8970000000006,0
2026-03-22T19:12:24.987202,1554.1029999999994,1554.1029999999994,0.0,-1445.8970000000006,0
2026-03-22T19:12:26.032813,1554.1029999999994,1554.1029999999994,0.0,-1445.8970000000006,0
2026-03-22T19:12:27.069800,1554.1029999999994,1554.1029999999994,0.0,-1445.8970000000006,0
2026-03-22T19:12:28.108105,1554.1029999999994,1554.1029999999994,0.0,-1445.8970000000006,0
2026-03-22T19:12:29.140322,1554.1029999999994,1554.1029999999994,0.0,-1445.8970000000006,0
2026-03-22T19:12:30.172187,1554.1029999999994,1554.1029999999994,0.0,-1445.8970000000006,0
2026-03-22T19:12:31.205526,1554.1029999999994,1554.1029999999994,0.0,-1445.8970000000006,0
2026-03-22T19:12:32.238954,1554.1029999999994,1554.1029999999994,0.0,-1445.8970000000006,0
2026-03-22T19:12:33.265632,1554.1029999999994,1554.1029999999994,0.0,-1445.8970000000006,0
2026-03-22T19:12:34.335786,1554.1029999999994,1554.1029999999994,0.0,-1445.8970000000006,0
2026-03-22T19:12:35.377956,1554.1029999999994,1554.1029999999994,0.0,-1445.8970000000006,0
2026-03-22T19:12:36.422084,1554.1029999999994,1554.1029999999994,0.0,-1445.8970000000006,0
2026-03-22T19:12:37.458386,1554.1029999999994,1554.1029999999994,0.0,-1445.8970000000006,0
2026-03-22T19:12:38.492194,1554.1029999999994,1554.1029999999994,0.0,-1445.8970000000006,0
2026-03-22T19:12:39.568662,1554.1029999999994,1554.1029999999994,0.0,-1445.8970000000006,0
2026-03-22T19:12:40.612939,1554.1029999999994,1554.1029999999994,0.0,-1445.8970000000006,0
2026-03-22T19:12:41.639678,1554.1029999999994,1554.1029999999994,0.0,-1445.8970000000006,0
2026-03-22T19:12:42.670254,1554.1029999999994,1554.1029999999994,0.0,-1445.8970000000006,0
2026-03-22T19:12:43.699143,1554.1029999999994,1554.1029999999994,0.0,-1445.8970000000006,0
2026-03-22T19:12:44.736295,1554.1029999999994,1554.1029999999994,0.0,-1445.8970000000006,0
2026-03-22T19:12:45.774903,1554.1029999999994,1554.1029999999994,0.0,-1445.8970000000006,0
2026-03-22T19:12:46.808579,1554.1029999999994,1554.1029999999994,0.0,-1445.8970000000006,0
2026-03-22T19:12:47.858494,1554.1029999999994,1554.1029999999994,0.0,-1445.8970000000006,0
2026-03-22T19:12:48.899461,1554.1029999999994,1554.1029999999994,0.0,-1445.8970000000006,0
2026-03-22T19:12:49.934160,1554.1029999999994,1554.1029999999994,0.0,-1445.8970000000006,0
2026-03-22T19:12:50.962680,1554.1029999999994,1554.1029999999994,0.0,-1445.8970000000006,0
2026-03-22T19:12:51.990591,1554.1029999999994,1554.1029999999994,0.0,-1445.8970000000006,0
2026-03-22T19:12:53.034968,1554.1029999999994,1554.1029999999994,0.0,-1445.8970000000006,0
2026-03-22T19:12:54.075169,1554.1029999999994,1554.1029999999994,0.0,-1445.8970000000006,0
2026-03-22T19:12:55.110838,1554.1029999999994,1554.1029999999994,0.0,-1445.8970000000006,0
2026-03-22T19:12:56.139475,1554.1029999999994,1554.1029999999994,0.0,-1445.8970000000006,0
2026-03-22T19:12:57.180097,1554.1029999999994,1554.1029999999994,0.0,-1445.8970000000006,0
2026-03-22T19:12:58.226183,1554.1029999999994,1554.1029999999994,0.0,-1445.8970000000006,0
2026-03-22T19:12:59.255711,1554.1029999999994,1554.1029999999994,0.0,-1445.8970000000006,0
2026-03-22T19:13:00.292762,1554.1029999999994,1554.1029999999994,0.0,-1445.8970000000006,0
2026-03-22T19:13:01.333202,1554.1029999999994,1554.1029999999994,0.0,-1445.8970000000006,0
2026-03-22T19:13:02.375124,1554.1029999999994,1554.1029999999994,0.0,-1445.8970000000006,0
2026-03-22T19:13:03.454006,1554.1029999999994,1554.1029999999994,0.0,-1445.8970000000006,0
2026-03-22T19:13:04.491904,1554.1029999999994,1554.1029999999994,0.0,-1445.8970000000006,0
2026-03-22T19:13:05.531352,1554.1029999999994,1554.1029999999994,0.0,-1445.8970000000006,0
2026-03-22T19:13:06.578211,1554.1029999999994,1554.1029999999994,0.0,-1445.8970000000006,0
2026-03-22T19:13:07.623635,1554.1029999999994,1554.1029999999994,0.0,-1445.8970000000006,0
2026-03-22T19:13:08.664201,1554.1029999999994,1554.1029999999994,0.0,-1445.8970000000006,0
2026-03-22T19:13:09.691911,1554.1029999999994,1554.1029999999994,0.0,-1445.8970000000006,0
2026-03-22T19:13:10.730182,1554.1029999999994,1554.1029999999994,0.0,-1445.8970000000006,0
2026-03-22T19:13:11.768429,1554.1029999999994,1476.5529999999994,77.55,-1445.8970000000006,0
2026-03-22T19:13:12.808902,1554.1029999999994,1476.5529999999994,77.55,-1445.8970000000006,0
2026-03-22T19:13:13.846528,1553.3829999999994,1475.8329999999994,77.55,-1446.6170000000006,0.0
2026-03-22T19:13:14.894440,1553.3829999999994,1475.8329999999994,77.55,-1446.6170000000006,0.0
2026-03-22T19:13:15.961780,1553.3829999999994,1475.8329999999994,77.55,-1446.6170000000006,0.0
2026-03-22T19:13:16.992432,1553.3829999999994,1475.8329999999994,77.55,-1446.6170000000006,0.0
2026-03-22T19:13:18.030861,1553.3829999999994,1475.8329999999994,77.55,-1446.6170000000006,0.0
2026-03-22T19:13:19.070844,1553.3829999999994,1475.8329999999994,77.55,-1446.6170000000006,0.0
2026-03-22T19:13:20.111169,1553.3829999999994,1475.8329999999994,77.55,-1446.6170000000006,0.0
2026-03-22T19:13:21.140861,1553.3829999999994,1475.8329999999994,77.55,-1446.6170000000006,0.0
2026-03-22T19:13:22.172351,1553.3829999999994,1475.8329999999994,77.55,-1446.6170000000006,0.0
2026-03-22T19:13:23.205474,1553.3829999999994,1475.8329999999994,77.55,-1446.6170000000006,0.0
2026-03-22T19:13:24.256146,1553.3829999999994,1475.8329999999994,77.55,-1446.6170000000006,0.0
2026-03-22T19:13:25.292637,1553.3829999999994,1475.8329999999994,77.55,-1446.6170000000006,0.0
2026-03-22T19:13:26.323608,1553.3829999999994,1475.8329999999994,77.55,-1446.6170000000006,0.0
2026-03-22T19:13:27.348139,1553.3829999999994,1475.8329999999994,77.55,-1446.6170000000006,0.0
2026-03-22T19:13:28.386540,1553.3829999999994,1475.8329999999994,77.55,-1446.6170000000006,0.0
2026-03-22T19:13:29.413422,1553.3829999999994,1475.8329999999994,77.55,-1446.6170000000006,0.0
2026-03-22T19:13:30.449726,1553.3829999999994,1475.8329999999994,77.55,-1446.6170000000006,0.0
2026-03-22T19:13:31.491968,1548.4329999999993,1475.8329999999994,77.55,-1446.6170000000006,-4.949999999999995
2026-03-22T19:13:32.585874,1548.4329999999993,1475.8329999999994,77.55,-1446.6170000000006,-4.949999999999995
2026-03-22T19:13:33.621263,1548.4329999999993,1475.8329999999994,77.55,-1446.6170000000006,-4.949999999999995
2026-03-22T19:13:34.647627,1548.4329999999993,1475.8329999999994,77.55,-1446.6170000000006,-4.949999999999995
2026-03-22T19:13:35.674180,1548.4329999999993,1475.8329999999994,77.55,-1446.6170000000006,-4.949999999999995
2026-03-22T19:13:36.705914,1548.4329999999993,1475.8329999999994,77.55,-1446.6170000000006,-4.949999999999995
2026-03-22T19:13:37.740907,1548.4329999999993,1475.8329999999994,77.55,-1446.6170000000006,-4.949999999999995
2026-03-22T19:13:38.780739,1548.4329999999993,1475.8329999999994,77.55,-1446.6170000000006,-4.949999999999995
2026-03-22T19:13:39.834696,1548.4329999999993,1475.8329999999994,77.55,-1446.6170000000006,-4.949999999999995
2026-03-22T19:13:40.871350,1548.4329999999993,1475.8329999999994,77.55,-1446.6170000000006,-4.949999999999995
2026-03-22T19:13:41.898643,1548.4329999999993,1475.8329999999994,77.55,-1446.6170000000006,-4.949999999999995
2026-03-22T19:13:42.932248,1548.4329999999993,1475.8329999999994,77.55,-1446.6170000000006,-4.949999999999995
2026-03-22T19:13:43.972186,1548.4329999999993,1475.8329999999994,77.55,-1446.6170000000006,-4.949999999999995
2026-03-22T19:13:45.014348,1548.4329999999993,1475.8329999999994,77.55,-1446.6170000000006,-4.949999999999995
2026-03-22T19:13:46.053345,1548.4329999999993,1475.8329999999994,77.55,-1446.6170000000006,-4.949999999999995
2026-03-22T19:13:47.082859,1548.4329999999993,1475.8329999999994,77.55,-1446.6170000000006,-4.949999999999995
2026-03-22T19:13:48.114579,1548.4329999999993,1475.8329999999994,77.55,-1446.6170000000006,-4.949999999999995
2026-03-22T19:13:49.214632,1548.4329999999993,1475.8329999999994,77.55,-1446.6170000000006,-4.949999999999995
2026-03-22T19:13:50.247885,1548.4329999999993,1475.8329999999994,77.55,-1446.6170000000006,-4.949999999999995
2026-03-22T19:13:51.280417,1546.7829999999994,1546.7829999999994,0.0,-1453.2170000000006,0
2026-03-22T19:13:52.310281,1546.7829999999994,1546.7829999999994,0.0,-1453.2170000000006,0
2026-03-22T19:13:53.345821,1546.7829999999994,1546.7829999999994,0.0,-1453.2170000000006,0
2026-03-22T19:13:54.394049,1546.7829999999994,1546.7829999999994,0.0,-1453.2170000000006,0
2026-03-22T19:13:55.424139,1546.7829999999994,1546.7829999999994,0.0,-1453.2170000000006,0
2026-03-22T19:13:56.469172,1546.7829999999994,1546.7829999999994,0.0,-1453.2170000000006,0
2026-03-22T19:13:57.499394,1546.7829999999994,1546.7829999999994,0.0,-1453.2170000000006,0
2026-03-22T19:13:58.549692,1546.7829999999994,1546.7829999999994,0.0,-1453.2170000000006,0
2026-03-22T19:13:59.594266,1546.7829999999994,1546.7829999999994,0.0,-1453.2170000000006,0
2026-03-22T19:14:00.623935,1546.7829999999994,1546.7829999999994,0.0,-1453.2170000000006,0
2026-03-22T19:14:01.697522,1546.7829999999994,1546.7829999999994,0.0,-1453.2170000000006,0
2026-03-22T19:14:02.742840,1546.7829999999994,1546.7829999999994,0.0,-1453.2170000000006,0
2026-03-22T19:14:03.795250,1546.7829999999994,1546.7829999999994,0.0,-1453.2170000000006,0
2026-03-22T19:14:04.858720,1546.7829999999994,1546.7829999999994,0.0,-1453.2170000000006,0
2026-03-22T19:14:05.939395,1546.7829999999994,1546.7829999999994,0.0,-1453.2170000000006,0
2026-03-22T19:14:07.076232,1546.7829999999994,1546.7829999999994,0.0,-1453.2170000000006,0
2026-03-22T19:14:08.114552,1546.7829999999994,1546.7829999999994,0.0,-1453.2170000000006,0
2026-03-22T19:14:09.159180,1546.7829999999994,1546.7829999999994,0.0,-1453.2170000000006,0
2026-03-22T19:14:10.278773,1546.7829999999994,1546.7829999999994,0.0,-1453.2170000000006,0
2026-03-22T19:14:11.308456,1546.7829999999994,1546.7829999999994,0.0,-1453.2170000000006,0
2026-03-22T19:14:12.339741,1546.7829999999994,1546.7829999999994,0.0,-1453.2170000000006,0
2026-03-22T19:14:13.372133,1546.7829999999994,1546.7829999999994,0.0,-1453.2170000000006,0
2026-03-22T19:14:14.406017,1546.7829999999994,1546.7829999999994,0.0,-1453.2170000000006,0
2026-03-22T19:14:15.450687,1546.7829999999994,1546.7829999999994,0.0,-1453.2170000000006,0
2026-03-22T19:14:16.491440,1546.7829999999994,1546.7829999999994,0.0,-1453.2170000000006,0
2026-03-22T19:14:17.516750,1546.7829999999994,1546.7829999999994,0.0,-1453.2170000000006,0
2026-03-22T19:14:18.544040,1546.7829999999994,1546.7829999999994,0.0,-1453.2170000000006,0
2026-03-22T19:14:19.589736,1546.7829999999994,1546.7829999999994,0.0,-1453.2170000000006,0
2026-03-22T19:14:20.637021,1546.7829999999994,1546.7829999999994,0.0,-1453.2170000000006,0
2026-03-22T19:14:21.685409,1546.7829999999994,1546.7829999999994,0.0,-1453.2170000000006,0
2026-03-22T19:14:22.724126,1546.7829999999994,1546.7829999999994,0.0,-1453.2170000000006,0
2026-03-22T19:14:23.822118,1546.7829999999994,1546.7829999999994,0.0,-1453.2170000000006,0
2026-03-22T19:14:24.870677,1546.7829999999994,1546.7829999999994,0.0,-1453.2170000000006,0
2026-03-22T19:14:25.915507,1546.7829999999994,1546.7829999999994,0.0,-1453.2170000000006,0
2026-03-22T19:14:26.947490,1546.7829999999994,1546.7829999999994,0.0,-1453.2170000000006,0
2026-03-22T19:14:27.989283,1546.7829999999994,1546.7829999999994,0.0,-1453.2170000000006,0
2026-03-22T19:14:29.022261,1546.7829999999994,1546.7829999999994,0.0,-1453.2170000000006,0
2026-03-22T19:14:30.056993,1546.7829999999994,1546.7829999999994,0.0,-1453.2170000000006,0
2026-03-22T19:14:31.095402,1546.7829999999994,1546.7829999999994,0.0,-1453.2170000000006,0
2026-03-22T19:14:32.138653,1546.7829999999994,1546.7829999999994,0.0,-1453.2170000000006,0
2026-03-22T19:14:33.174769,1546.7829999999994,1546.7829999999994,0.0,-1453.2170000000006,0
2026-03-22T19:14:34.213762,1546.7829999999994,1546.7829999999994,0.0,-1453.2170000000006,0
2026-03-22T19:14:35.247233,1546.7829999999994,1546.7829999999994,0.0,-1453.2170000000006,0
2026-03-22T19:14:36.279131,1546.7829999999994,1546.7829999999994,0.0,-1453.2170000000006,0
2026-03-22T19:14:37.305545,1546.7829999999994,1546.7829999999994,0.0,-1453.2170000000006,0
2026-03-22T19:14:38.347784,1546.7829999999994,1546.7829999999994,0.0,-1453.2170000000006,0
2026-03-22T19:14:39.389866,1546.7829999999994,1546.7829999999994,0.0,-1453.2170000000006,0
2026-03-22T19:14:40.488628,1546.7829999999994,1546.7829999999994,0.0,-1453.2170000000006,0
2026-03-22T19:14:41.519789,1546.7829999999994,1546.7829999999994,0.0,-1453.2170000000006,0
2026-03-22T19:14:42.560879,1546.7829999999994,1546.7829999999994,0.0,-1453.2170000000006,0
2026-03-22T19:14:43.615055,1546.7829999999994,1546.7829999999994,0.0,-1453.2170000000006,0
2026-03-22T19:14:44.657288,1546.7829999999994,1546.7829999999994,0.0,-1453.2170000000006,0
2026-03-22T19:14:45.697133,1546.7829999999994,1546.7829999999994,0.0,-1453.2170000000006,0
2026-03-22T19:14:46.738748,1546.7829999999994,1546.7829999999994,0.0,-1453.2170000000006,0
2026-03-22T19:14:47.790001,1546.7829999999994,1546.7829999999994,0.0,-1453.2170000000006,0
2026-03-22T19:14:48.822895,1546.7829999999994,1546.7829999999994,0.0,-1453.2170000000006,0
2026-03-22T19:14:49.856808,1546.7829999999994,1546.7829999999994,0.0,-1453.2170000000006,0
2026-03-22T19:14:50.880142,1546.7829999999994,1546.7829999999994,0.0,-1453.2170000000006,0
2026-03-22T19:14:51.915139,1546.7829999999994,1546.7829999999994,0.0,-1453.2170000000006,0
2026-03-22T19:14:52.957288,1546.7829999999994,1546.7829999999994,0.0,-1453.2170000000006,0
2026-03-22T19:14:53.987234,1546.7829999999994,1546.7829999999994,0.0,-1453.2170000000006,0
2026-03-22T19:14:55.047174,1546.7829999999994,1546.7829999999994,0.0,-1453.2170000000006,0
2026-03-22T19:14:56.096676,1546.7829999999994,1546.7829999999994,0.0,-1453.2170000000006,0
2026-03-22T19:14:57.140743,1546.7829999999994,1546.7829999999994,0.0,-1453.2170000000006,0
2026-03-22T19:14:58.190581,1546.7829999999994,1546.7829999999994,0.0,-1453.2170000000006,0
2026-03-22T19:14:59.230165,1546.7829999999994,1546.7829999999994,0.0,-1453.2170000000006,0
2026-03-22T19:15:00.280302,1546.7829999999994,1546.7829999999994,0.0,-1453.2170000000006,0
2026-03-22T19:15:01.307441,1546.7829999999994,1546.7829999999994,0.0,-1453.2170000000006,0
2026-03-22T19:15:02.356558,1546.7829999999994,1546.7829999999994,0.0,-1453.2170000000006,0
2026-03-22T19:15:03.390688,1546.7829999999994,1546.7829999999994,0.0,-1453.2170000000006,0
2026-03-22T19:15:04.428241,1546.7829999999994,1546.7829999999994,0.0,-1453.2170000000006,0
2026-03-22T19:15:05.466997,1546.7829999999994,1546.7829999999994,0.0,-1453.2170000000006,0
2026-03-22T19:15:06.498103,1546.7829999999994,1546.7829999999994,0.0,-1453.2170000000006,0
2026-03-22T19:15:07.523237,1546.7829999999994,1546.7829999999994,0.0,-1453.2170000000006,0
2026-03-22T19:15:08.555035,1546.7829999999994,1546.7829999999994,0.0,-1453.2170000000006,0
2026-03-22T19:15:09.584790,1546.7829999999994,1546.7829999999994,0.0,-1453.2170000000006,0
2026-03-22T19:15:10.602974,1546.7829999999994,1546.7829999999994,0.0,-1453.2170000000006,0
2026-03-22T19:15:11.637757,1546.7829999999994,1546.7829999999994,0.0,-1453.2170000000006,0
2026-03-22T19:15:12.709114,1546.7829999999994,1546.7829999999994,0.0,-1453.2170000000006,0
2026-03-22T19:15:13.763719,1546.7829999999994,1546.7829999999994,0.0,-1453.2170000000006,0
2026-03-22T19:15:14.791948,1546.7829999999994,1546.7829999999994,0.0,-1453.2170000000006,0
2026-03-22T19:15:15.815582,1546.7829999999994,1546.7829999999994,0.0,-1453.2170000000006,0
2026-03-22T19:15:16.841313,1546.7829999999994,1546.7829999999994,0.0,-1453.2170000000006,0
2026-03-22T19:15:17.870442,1546.7829999999994,1546.7829999999994,0.0,-1453.2170000000006,0
2026-03-22T19:15:18.896070,1546.7829999999994,1546.7829999999994,0.0,-1453.2170000000006,0
2026-03-22T19:15:19.919472,1546.7829999999994,1546.7829999999994,0.0,-1453.2170000000006,0
2026-03-22T19:15:20.945753,1546.7829999999994,1546.7829999999994,0.0,-1453.2170000000006,0
2026-03-22T19:15:21.971598,1546.7829999999994,1546.7829999999994,0.0,-1453.2170000000006,0
2026-03-22T19:15:22.996345,1546.7829999999994,1546.7829999999994,0.0,-1453.2170000000006,0
2026-03-22T19:15:24.013392,1546.7829999999994,1546.7829999999994,0.0,-1453.2170000000006,0
2026-03-22T19:15:25.038413,1546.7829999999994,1546.7829999999994,0.0,-1453.2170000000006,0
2026-03-22T19:15:26.055312,1546.7829999999994,1546.7829999999994,0.0,-1453.2170000000006,0
2026-03-22T19:15:27.079685,1546.7829999999994,1546.7829999999994,0.0,-1453.2170000000006,0
2026-03-22T19:15:28.130465,1546.7829999999994,1546.7829999999994,0.0,-1453.2170000000006,0
2026-03-22T19:15:29.147201,1546.7829999999994,1546.7829999999994,0.0,-1453.2170000000006,0
2026-03-22T19:15:30.172359,1546.7829999999994,1546.7829999999994,0.0,-1453.2170000000006,0
2026-03-22T19:15:31.196414,1546.7829999999994,1546.7829999999994,0.0,-1453.2170000000006,0
2026-03-22T19:15:32.222518,1546.7829999999994,1546.7829999999994,0.0,-1453.2170000000006,0
2026-03-22T19:15:33.238782,1546.7829999999994,1546.7829999999994,0.0,-1453.2170000000006,0
2026-03-22T19:15:34.255868,1546.7829999999994,1546.7829999999994,0.0,-1453.2170000000006,0
2026-03-22T19:15:35.280124,1546.7829999999994,1546.7829999999994,0.0,-1453.2170000000006,0
2026-03-22T19:15:36.297175,1546.7829999999994,1546.7829999999994,0.0,-1453.2170000000006,0
2026-03-22T19:15:37.321248,1546.7829999999994,1546.7829999999994,0.0,-1453.2170000000006,0
2026-03-22T19:15:38.338412,1546.7829999999994,1546.7829999999994,0.0,-1453.2170000000006,0
2026-03-22T19:15:39.355326,1546.7829999999994,1546.7829999999994,0.0,-1453.2170000000006,0
2026-03-22T19:15:40.386022,1546.7829999999994,1546.7829999999994,0.0,-1453.2170000000006,0
2026-03-22T19:15:41.412760,1546.7829999999994,1546.7829999999994,0.0,-1453.2170000000006,0
2026-03-22T19:15:42.428963,1546.7829999999994,1546.7829999999994,0.0,-1453.2170000000006,0
2026-03-22T19:15:43.512344,1546.7829999999994,1546.7829999999994,0.0,-1453.2170000000006,0
2026-03-22T19:15:44.528098,1546.7829999999994,1546.7829999999994,0.0,-1453.2170000000006,0
2026-03-22T19:15:45.554818,1546.7829999999994,1546.7829999999994,0.0,-1453.2170000000006,0
2026-03-22T19:15:46.578872,1546.7829999999994,1546.7829999999994,0.0,-1453.2170000000006,0
2026-03-22T19:15:47.602939,1546.7829999999994,1546.7829999999994,0.0,-1453.2170000000006,0
2026-03-22T19:15:48.618758,1546.7829999999994,1546.7829999999994,0.0,-1453.2170000000006,0
2026-03-22T19:15:49.645954,1546.7829999999994,1546.7829999999994,0.0,-1453.2170000000006,0
2026-03-22T19:15:50.676129,1546.7829999999994,1546.7829999999994,0.0,-1453.2170000000006,0
2026-03-22T19:15:51.696672,1546.7829999999994,1546.7829999999994,0.0,-1453.2170000000006,0
2026-03-22T19:15:52.728270,1546.7829999999994,1546.7829999999994,0.0,-1453.2170000000006,0
2026-03-22T19:15:53.762706,1546.7829999999994,1546.7829999999994,0.0,-1453.2170000000006,0
2026-03-22T19:15:54.794154,1546.7829999999994,1546.7829999999994,0.0,-1453.2170000000006,0
2026-03-22T19:15:55.827845,1546.7829999999994,1546.7829999999994,0.0,-1453.2170000000006,0
2026-03-22T19:15:56.853469,1546.7829999999994,1546.7829999999994,0.0,-1453.2170000000006,0
2026-03-22T19:15:57.880285,1546.7829999999994,1546.7829999999994,0.0,-1453.2170000000006,0
2026-03-22T19:15:58.927475,1546.7829999999994,1546.7829999999994,0.0,-1453.2170000000006,0
2026-03-22T19:15:59.943700,1546.7829999999994,1546.7829999999994,0.0,-1453.2170000000006,0
2026-03-22T19:16:00.964831,1546.7829999999994,1546.7829999999994,0.0,-1453.2170000000006,0
2026-03-22T19:16:01.980331,1546.7829999999994,1546.7829999999994,0.0,-1453.2170000000006,0
2026-03-22T19:16:02.995561,1546.7829999999994,1546.7829999999994,0.0,-1453.2170000000006,0
2026-03-22T19:16:04.019085,1546.7829999999994,1546.7829999999994,0.0,-1453.2170000000006,0
2026-03-22T19:16:05.043701,1546.7829999999994,1546.7829999999994,0.0,-1453.2170000000006,0
2026-03-22T19:16:06.077829,1546.7829999999994,1546.7829999999994,0.0,-1453.2170000000006,0
2026-03-22T19:16:07.109851,1546.7829999999994,1546.7829999999994,0.0,-1453.2170000000006,0
2026-03-22T19:16:08.131342,1546.7829999999994,1546.7829999999994,0.0,-1453.2170000000006,0
2026-03-22T19:16:09.156791,1546.7829999999994,1546.7829999999994,0.0,-1453.2170000000006,0
2026-03-22T19:16:10.179743,1546.7829999999994,1546.7829999999994,0.0,-1453.2170000000006,0
2026-03-22T19:16:11.196423,1546.7829999999994,1546.7829999999994,0.0,-1453.2170000000006,0
2026-03-22T19:16:12.222536,1546.7829999999994,1546.7829999999994,0.0,-1453.2170000000006,0
2026-03-22T19:16:13.255250,1546.7829999999994,1546.7829999999994,0.0,-1453.2170000000006,0
2026-03-22T19:16:14.313392,1546.7829999999994,1546.7829999999994,0.0,-1453.2170000000006,0
2026-03-22T19:16:15.340248,1546.7829999999994,1546.7829999999994,0.0,-1453.2170000000006,0
2026-03-22T19:16:16.364670,1546.7829999999994,1546.7829999999994,0.0,-1453.2170000000006,0
2026-03-22T19:16:17.384840,1546.7829999999994,1546.7829999999994,0.0,-1453.2170000000006,0
2026-03-22T19:16:18.413718,1546.7829999999994,1546.7829999999994,0.0,-1453.2170000000006,0
2026-03-22T19:16:19.442797,1546.7829999999994,1546.7829999999994,0.0,-1453.2170000000006,0
2026-03-22T19:16:20.465272,1546.7829999999994,1546.7829999999994,0.0,-1453.2170000000006,0
2026-03-22T19:16:21.497626,1546.7829999999994,1546.7829999999994,0.0,-1453.2170000000006,0
2026-03-22T19:16:22.534465,1546.7829999999994,1546.7829999999994,0.0,-1453.2170000000006,0
2026-03-22T19:16:23.569280,1546.7829999999994,1546.7829999999994,0.0,-1453.2170000000006,0
2026-03-22T19:16:24.589656,1546.7829999999994,1469.7829999999994,77.0,-1453.2170000000006,0
2026-03-22T19:16:25.614791,1546.1029999999994,1469.1029999999994,77.0,-1453.8970000000006,0.0
2026-03-22T19:16:26.632085,1546.1029999999994,1469.1029999999994,77.0,-1453.8970000000006,0.0
2026-03-22T19:16:27.659041,1546.1029999999994,1469.1029999999994,77.0,-1453.8970000000006,0.0
2026-03-22T19:16:28.709991,1546.1029999999994,1469.1029999999994,77.0,-1453.8970000000006,0.0
2026-03-22T19:16:29.729985,1546.1029999999994,1469.1029999999994,77.0,-1453.8970000000006,0.0
2026-03-22T19:16:30.756185,1546.1029999999994,1469.1029999999994,77.0,-1453.8970000000006,0.0
2026-03-22T19:16:31.780582,1546.1029999999994,1469.1029999999994,77.0,-1453.8970000000006,0.0
2026-03-22T19:16:32.799466,1546.1029999999994,1469.1029999999994,77.0,-1453.8970000000006,0.0
2026-03-22T19:16:33.824463,1546.1029999999994,1469.1029999999994,77.0,-1453.8970000000006,0.0
2026-03-22T19:16:34.862306,1546.1029999999994,1469.1029999999994,77.0,-1453.8970000000006,0.0
2026-03-22T19:16:35.886350,1546.1029999999994,1469.1029999999994,77.0,-1453.8970000000006,0.0
2026-03-22T19:16:36.900207,1546.1029999999994,1469.1029999999994,77.0,-1453.8970000000006,0.0
2026-03-22T19:16:37.918653,1546.1029999999994,1469.1029999999994,77.0,-1453.8970000000006,0.0
2026-03-22T19:16:38.948285,1546.1029999999994,1469.1029999999994,77.0,-1453.8970000000006,0.0
2026-03-22T19:16:39.963988,1546.1029999999994,1469.1029999999994,77.0,-1453.8970000000006,0.0
2026-03-22T19:16:40.980690,1546.1029999999994,1469.1029999999994,77.0,-1453.8970000000006,0.0
2026-03-22T19:16:42.013726,1546.1029999999994,1469.1029999999994,77.0,-1453.8970000000006,0.0
2026-03-22T19:16:43.059387,1546.1029999999994,1469.1029999999994,77.0,-1453.8970000000006,0.0
2026-03-22T19:16:44.087273,1546.1029999999994,1469.1029999999994,77.0,-1453.8970000000006,0.0
2026-03-22T19:16:45.116814,1546.1029999999994,1469.1029999999994,77.0,-1453.8970000000006,0.0
2026-03-22T19:16:46.137575,1546.1029999999994,1469.1029999999994,77.0,-1453.8970000000006,0.0
2026-03-22T19:16:47.157126,1546.1029999999994,1469.1029999999994,77.0,-1453.8970000000006,0.0
2026-03-22T19:16:48.187975,1546.1029999999994,1469.1029999999994,77.0,-1453.8970000000006,0.0
2026-03-22T19:16:49.218633,1546.1029999999994,1469.1029999999994,77.0,-1453.8970000000006,0.0
2026-03-22T19:16:50.235832,1558.4229999999993,1469.1029999999994,77.0,-1453.8970000000006,12.319999999999993
2026-03-22T19:16:51.257624,1558.4229999999993,1469.1029999999994,77.0,-1453.8970000000006,12.319999999999993
2026-03-22T19:16:52.277917,1558.4229999999993,1469.1029999999994,77.0,-1453.8970000000006,12.319999999999993
2026-03-22T19:16:53.303612,1558.4229999999993,1469.1029999999994,77.0,-1453.8970000000006,12.319999999999993
2026-03-22T19:16:54.332115,1558.4229999999993,1469.1029999999994,77.0,-1453.8970000000006,12.319999999999993
2026-03-22T19:16:55.365521,1558.4229999999993,1469.1029999999994,77.0,-1453.8970000000006,12.319999999999993
2026-03-22T19:16:56.389437,1558.4229999999993,1469.1029999999994,77.0,-1453.8970000000006,12.319999999999993
2026-03-22T19:16:57.450286,1558.4229999999993,1469.1029999999994,77.0,-1453.8970000000006,12.319999999999993
2026-03-22T19:16:58.469438,1558.4229999999993,1469.1029999999994,77.0,-1453.8970000000006,12.319999999999993
2026-03-22T19:16:59.492739,1558.4229999999993,1469.1029999999994,77.0,-1453.8970000000006,12.319999999999993
2026-03-22T19:17:00.524612,1558.4229999999993,1469.1029999999994,77.0,-1453.8970000000006,12.319999999999993
2026-03-22T19:17:01.543161,1558.4229999999993,1469.1029999999994,77.0,-1453.8970000000006,12.319999999999993
2026-03-22T19:17:02.566204,1558.4229999999993,1469.1029999999994,77.0,-1453.8970000000006,12.319999999999993
2026-03-22T19:17:03.584013,1558.4229999999993,1469.1029999999994,77.0,-1453.8970000000006,12.319999999999993
2026-03-22T19:17:04.610519,1558.4229999999993,1469.1029999999994,77.0,-1453.8970000000006,12.319999999999993
2026-03-22T19:17:05.634605,1559.9629999999993,1559.9629999999993,0.0,-1440.0370000000007,0
2026-03-22T19:17:06.664137,1559.9629999999993,1559.9629999999993,0.0,-1440.0370000000007,0
2026-03-22T19:17:07.688320,1559.9629999999993,1559.9629999999993,0.0,-1440.0370000000007,0
2026-03-22T19:17:08.714532,1559.9629999999993,1559.9629999999993,0.0,-1440.0370000000007,0
2026-03-22T19:17:09.749978,1559.9629999999993,1559.9629999999993,0.0,-1440.0370000000007,0
2026-03-22T19:17:10.783043,1559.9629999999993,1559.9629999999993,0.0,-1440.0370000000007,0
2026-03-22T19:17:11.833836,1559.9629999999993,1559.9629999999993,0.0,-1440.0370000000007,0
2026-03-22T19:17:12.855538,1559.9629999999993,1559.9629999999993,0.0,-1440.0370000000007,0
2026-03-22T19:17:13.877758,1559.9629999999993,1559.9629999999993,0.0,-1440.0370000000007,0
2026-03-22T19:17:14.894513,1559.9629999999993,1559.9629999999993,0.0,-1440.0370000000007,0
2026-03-22T19:17:15.918475,1559.9629999999993,1559.9629999999993,0.0,-1440.0370000000007,0
2026-03-22T19:17:16.940983,1559.9629999999993,1559.9629999999993,0.0,-1440.0370000000007,0
2026-03-22T19:17:17.963902,1559.9629999999993,1559.9629999999993,0.0,-1440.0370000000007,0
2026-03-22T19:17:18.983455,1559.9629999999993,1559.9629999999993,0.0,-1440.0370000000007,0
2026-03-22T19:17:20.016791,1559.9629999999993,1559.9629999999993,0.0,-1440.0370000000007,0
2026-03-22T19:17:21.037005,1559.9629999999993,1559.9629999999993,0.0,-1440.0370000000007,0
2026-03-22T19:17:22.066192,1559.9629999999993,1559.9629999999993,0.0,-1440.0370000000007,0
2026-03-22T19:17:23.096695,1559.9629999999993,1559.9629999999993,0.0,-1440.0370000000007,0
2026-03-22T19:17:24.115618,1559.9629999999993,1559.9629999999993,0.0,-1440.0370000000007,0
2026-03-22T19:17:25.149469,1559.9629999999993,1559.9629999999993,0.0,-1440.0370000000007,0
2026-03-22T19:17:26.197898,1559.9629999999993,1559.9629999999993,0.0,-1440.0370000000007,0
2026-03-22T19:17:27.228217,1559.9629999999993,1559.9629999999993,0.0,-1440.0370000000007,0
2026-03-22T19:17:28.259059,1559.9629999999993,1559.9629999999993,0.0,-1440.0370000000007,0
2026-03-22T19:17:29.276338,1559.9629999999993,1559.9629999999993,0.0,-1440.0370000000007,0
2026-03-22T19:17:30.300969,1559.9629999999993,1559.9629999999993,0.0,-1440.0370000000007,0
2026-03-22T19:17:31.333648,1559.9629999999993,1559.9629999999993,0.0,-1440.0370000000007,0
2026-03-22T19:17:32.351328,1559.9629999999993,1559.9629999999993,0.0,-1440.0370000000007,0
2026-03-22T19:17:33.371818,1559.9629999999993,1559.9629999999993,0.0,-1440.0370000000007,0
2026-03-22T19:17:34.396765,1559.9629999999993,1559.9629999999993,0.0,-1440.0370000000007,0
2026-03-22T19:17:35.429628,1559.9629999999993,1559.9629999999993,0.0,-1440.0370000000007,0
2026-03-22T19:17:36.463427,1559.9629999999993,1559.9629999999993,0.0,-1440.0370000000007,0
2026-03-22T19:17:37.491504,1559.9629999999993,1559.9629999999993,0.0,-1440.0370000000007,0
2026-03-22T19:17:38.508930,1559.9629999999993,1559.9629999999993,0.0,-1440.0370000000007,0
2026-03-22T19:17:39.532474,1559.9629999999993,1559.9629999999993,0.0,-1440.0370000000007,0
2026-03-22T19:17:40.580483,1559.9629999999993,1559.9629999999993,0.0,-1440.0370000000007,0
2026-03-22T19:17:41.596341,1559.9629999999993,1559.9629999999993,0.0,-1440.0370000000007,0
2026-03-22T19:17:42.614611,1559.9629999999993,1559.9629999999993,0.0,-1440.0370000000007,0
2026-03-22T19:17:43.630109,1559.9629999999993,1559.9629999999993,0.0,-1440.0370000000007,0
2026-03-22T19:17:44.645533,1559.9629999999993,1559.9629999999993,0.0,-1440.0370000000007,0
2026-03-22T19:17:45.667343,1559.9629999999993,1559.9629999999993,0.0,-1440.0370000000007,0
2026-03-22T19:17:46.695996,1559.9629999999993,1559.9629999999993,0.0,-1440.0370000000007,0
2026-03-22T19:17:47.714663,1559.9629999999993,1559.9629999999993,0.0,-1440.0370000000007,0
2026-03-22T19:17:48.744092,1559.9629999999993,1559.9629999999993,0.0,-1440.0370000000007,0
2026-03-22T19:17:49.761962,1559.9629999999993,1559.9629999999993,0.0,-1440.0370000000007,0
2026-03-22T19:17:50.782573,1559.9629999999993,1559.9629999999993,0.0,-1440.0370000000007,0
2026-03-22T19:17:51.804325,1559.9629999999993,1559.9629999999993,0.0,-1440.0370000000007,0
2026-03-22T19:17:52.820782,1559.9629999999993,1559.9629999999993,0.0,-1440.0370000000007,0
2026-03-22T19:17:53.851153,1559.9629999999993,1559.9629999999993,0.0,-1440.0370000000007,0
2026-03-22T19:17:54.910103,1559.9629999999993,1559.9629999999993,0.0,-1440.0370000000007,0
2026-03-22T19:17:55.933759,1559.9629999999993,1559.9629999999993,0.0,-1440.0370000000007,0
2026-03-22T19:17:56.957919,1559.9629999999993,1559.9629999999993,0.0,-1440.0370000000007,0
2026-03-22T19:17:57.988024,1559.9629999999993,1559.9629999999993,0.0,-1440.0370000000007,0
2026-03-22T19:17:59.004119,1559.9629999999993,1559.9629999999993,0.0,-1440.0370000000007,0
2026-03-22T19:18:00.064739,1559.9629999999993,1559.9629999999993,0.0,-1440.0370000000007,0
2026-03-22T19:18:01.099960,1559.9629999999993,1559.9629999999993,0.0,-1440.0370000000007,0
2026-03-22T19:18:02.139728,1559.9629999999993,1559.9629999999993,0.0,-1440.0370000000007,0
2026-03-22T19:18:03.199686,1559.9629999999993,1559.9629999999993,0.0,-1440.0370000000007,0
2026-03-22T19:18:04.242477,1559.9629999999993,1559.9629999999993,0.0,-1440.0370000000007,0
2026-03-22T19:18:05.274169,1559.9629999999993,1559.9629999999993,0.0,-1440.0370000000007,0
2026-03-22T19:18:06.303155,1559.9629999999993,1559.9629999999993,0.0,-1440.0370000000007,0
2026-03-22T19:18:07.323255,1559.9629999999993,1559.9629999999993,0.0,-1440.0370000000007,0
2026-03-22T19:18:08.360769,1559.9629999999993,1559.9629999999993,0.0,-1440.0370000000007,0
2026-03-22T19:18:09.386796,1559.9629999999993,1559.9629999999993,0.0,-1440.0370000000007,0
2026-03-22T19:18:10.417952,1559.9629999999993,1559.9629999999993,0.0,-1440.0370000000007,0
2026-03-22T19:18:11.438731,1559.9629999999993,1559.9629999999993,0.0,-1440.0370000000007,0
2026-03-22T19:18:12.466705,1559.9629999999993,1559.9629999999993,0.0,-1440.0370000000007,0
2026-03-22T19:18:13.482381,1559.9629999999993,1559.9629999999993,0.0,-1440.0370000000007,0
2026-03-22T19:18:14.500165,1559.9629999999993,1559.9629999999993,0.0,-1440.0370000000007,0
2026-03-22T19:18:15.518463,1559.9629999999993,1559.9629999999993,0.0,-1440.0370000000007,0
2026-03-22T19:18:16.535461,1559.9629999999993,1559.9629999999993,0.0,-1440.0370000000007,0
2026-03-22T19:18:17.559042,1559.9629999999993,1559.9629999999993,0.0,-1440.0370000000007,0
2026-03-22T19:18:18.585969,1559.9629999999993,1559.9629999999993,0.0,-1440.0370000000007,0
2026-03-22T19:18:19.601885,1559.9629999999993,1559.9629999999993,0.0,-1440.0370000000007,0
2026-03-22T19:18:20.622438,1559.9629999999993,1559.9629999999993,0.0,-1440.0370000000007,0
2026-03-22T19:18:21.646834,1559.9629999999993,1559.9629999999993,0.0,-1440.0370000000007,0
2026-03-22T19:18:22.678209,1559.9629999999993,1559.9629999999993,0.0,-1440.0370000000007,0
2026-03-22T19:18:23.729981,1559.9629999999993,1559.9629999999993,0.0,-1440.0370000000007,0
2026-03-22T19:18:24.751394,1559.9629999999993,1559.9629999999993,0.0,-1440.0370000000007,0
2026-03-22T19:18:25.775899,1559.9629999999993,1559.9629999999993,0.0,-1440.0370000000007,0
2026-03-22T19:18:26.803287,1559.9629999999993,1559.9629999999993,0.0,-1440.0370000000007,0
2026-03-22T19:18:27.821343,1559.9629999999993,1559.9629999999993,0.0,-1440.0370000000007,0
2026-03-22T19:18:28.842359,1559.9629999999993,1559.9629999999993,0.0,-1440.0370000000007,0
2026-03-22T19:18:29.863540,1559.9629999999993,1559.9629999999993,0.0,-1440.0370000000007,0
2026-03-22T19:18:30.880120,1559.9629999999993,1559.9629999999993,0.0,-1440.0370000000007,0
2026-03-22T19:18:31.909342,1559.9629999999993,1559.9629999999993,0.0,-1440.0370000000007,0
2026-03-22T19:18:32.934496,1559.9629999999993,1559.9629999999993,0.0,-1440.0370000000007,0
2026-03-22T19:18:33.952875,1559.9629999999993,1559.9629999999993,0.0,-1440.0370000000007,0
2026-03-22T19:18:34.980618,1559.9629999999993,1559.9629999999993,0.0,-1440.0370000000007,0
2026-03-22T19:18:35.998753,1559.9629999999993,1559.9629999999993,0.0,-1440.0370000000007,0
2026-03-22T19:18:37.032170,1559.9629999999993,1559.9629999999993,0.0,-1440.0370000000007,0
2026-03-22T19:18:38.085160,1559.9629999999993,1559.9629999999993,0.0,-1440.0370000000007,0
2026-03-22T19:18:39.104959,1559.9629999999993,1559.9629999999993,0.0,-1440.0370000000007,0
2026-03-22T19:18:40.122166,1559.9629999999993,1559.9629999999993,0.0,-1440.0370000000007,0
2026-03-22T19:18:41.148378,1559.9629999999993,1559.9629999999993,0.0,-1440.0370000000007,0
2026-03-22T19:18:42.165536,1559.9629999999993,1559.9629999999993,0.0,-1440.0370000000007,0
2026-03-22T19:18:43.179964,1559.9629999999993,1559.9629999999993,0.0,-1440.0370000000007,0
2026-03-22T19:18:44.194831,1559.9629999999993,1559.9629999999993,0.0,-1440.0370000000007,0
2026-03-22T19:18:45.219587,1559.9629999999993,1559.9629999999993,0.0,-1440.0370000000007,0
2026-03-22T19:18:46.244878,1559.9629999999993,1559.9629999999993,0.0,-1440.0370000000007,0
2026-03-22T19:18:47.259388,1559.9629999999993,1559.9629999999993,0.0,-1440.0370000000007,0
2026-03-22T19:18:48.280120,1559.9629999999993,1559.9629999999993,0.0,-1440.0370000000007,0
2026-03-22T19:18:49.309061,1559.9629999999993,1559.9629999999993,0.0,-1440.0370000000007,0
2026-03-22T19:18:50.335738,1559.9629999999993,1559.9629999999993,0.0,-1440.0370000000007,0
2026-03-22T19:18:51.365724,1559.9629999999993,1559.9629999999993,0.0,-1440.0370000000007,0
2026-03-22T19:18:52.422014,1559.9629999999993,1559.9629999999993,0.0,-1440.0370000000007,0
2026-03-22T19:18:53.448196,1559.9629999999993,1559.9629999999993,0.0,-1440.0370000000007,0
2026-03-22T19:18:54.472593,1559.9629999999993,1559.9629999999993,0.0,-1440.0370000000007,0
2026-03-22T19:18:55.491788,1559.9629999999993,1559.9629999999993,0.0,-1440.0370000000007,0
2026-03-22T19:18:56.510729,1559.9629999999993,1559.9629999999993,0.0,-1440.0370000000007,0
2026-03-22T19:18:57.535185,1559.9629999999993,1559.9629999999993,0.0,-1440.0370000000007,0
2026-03-22T19:18:58.576592,1559.9629999999993,1559.9629999999993,0.0,-1440.0370000000007,0
2026-03-22T19:18:59.596670,1559.9629999999993,1559.9629999999993,0.0,-1440.0370000000007,0
2026-03-22T19:19:00.620434,1559.9629999999993,1559.9629999999993,0.0,-1440.0370000000007,0
2026-03-22T19:19:01.649495,1559.9629999999993,1559.9629999999993,0.0,-1440.0370000000007,0
2026-03-22T19:19:02.687384,1559.9629999999993,1559.9629999999993,0.0,-1440.0370000000007,0
2026-03-22T19:19:03.714525,1559.9629999999993,1559.9629999999993,0.0,-1440.0370000000007,0
2026-03-22T19:19:04.751146,1559.9629999999993,1559.9629999999993,0.0,-1440.0370000000007,0
2026-03-22T19:19:05.786354,1559.9629999999993,1559.9629999999993,0.0,-1440.0370000000007,0
2026-03-22T19:19:06.843896,1559.9629999999993,1559.9629999999993,0.0,-1440.0370000000007,0
2026-03-22T19:19:07.869441,1559.9629999999993,1559.9629999999993,0.0,-1440.0370000000007,0
2026-03-22T19:19:08.884574,1559.9629999999993,1559.9629999999993,0.0,-1440.0370000000007,0
2026-03-22T19:19:09.900401,1559.9629999999993,1559.9629999999993,0.0,-1440.0370000000007,0
2026-03-22T19:19:10.926866,1559.9629999999993,1559.9629999999993,0.0,-1440.0370000000007,0
2026-03-22T19:19:11.957776,1559.9629999999993,1559.9629999999993,0.0,-1440.0370000000007,0
2026-03-22T19:19:12.983909,1559.9629999999993,1559.9629999999993,0.0,-1440.0370000000007,0
2026-03-22T19:19:14.006105,1559.9629999999993,1559.9629999999993,0.0,-1440.0370000000007,0
2026-03-22T19:19:15.034113,1559.9629999999993,1559.9629999999993,0.0,-1440.0370000000007,0
2026-03-22T19:19:16.051470,1559.9629999999993,1559.9629999999993,0.0,-1440.0370000000007,0
2026-03-22T19:19:17.078404,1559.9629999999993,1559.9629999999993,0.0,-1440.0370000000007,0
2026-03-22T19:19:18.100762,1559.9629999999993,1559.9629999999993,0.0,-1440.0370000000007,0
2026-03-22T19:19:19.128045,1559.9629999999993,1559.9629999999993,0.0,-1440.0370000000007,0
2026-03-22T19:19:20.162839,1559.9629999999993,1559.9629999999993,0.0,-1440.0370000000007,0
2026-03-22T19:19:21.221915,1559.9629999999993,1559.9629999999993,0.0,-1440.0370000000007,0
2026-03-22T19:19:22.253606,1559.9629999999993,1559.9629999999993,0.0,-1440.0370000000007,0
2026-03-22T19:19:23.280843,1559.9629999999993,1559.9629999999993,0.0,-1440.0370000000007,0
2026-03-22T19:19:24.301137,1559.9629999999993,1559.9629999999993,0.0,-1440.0370000000007,0
2026-03-22T19:19:25.318820,1559.9629999999993,1559.9629999999993,0.0,-1440.0370000000007,0
2026-03-22T19:19:26.343895,1559.9629999999993,1559.9629999999993,0.0,-1440.0370000000007,0
2026-03-22T19:19:27.368196,1559.9629999999993,1559.9629999999993,0.0,-1440.0370000000007,0
2026-03-22T19:19:28.390277,1559.9629999999993,1559.9629999999993,0.0,-1440.0370000000007,0
2026-03-22T19:19:29.408592,1559.9629999999993,1559.9629999999993,0.0,-1440.0370000000007,0
2026-03-22T19:19:30.422240,1559.9629999999993,1559.9629999999993,0.0,-1440.0370000000007,0
2026-03-22T19:19:31.440600,1559.9629999999993,1559.9629999999993,0.0,-1440.0370000000007,0
2026-03-22T19:19:32.474536,1559.9629999999993,1559.9629999999993,0.0,-1440.0370000000007,0
2026-03-22T19:19:33.492670,1559.9629999999993,1482.2029999999993,77.75999999999999,-1440.0370000000007,0
2026-03-22T19:19:34.514837,1559.9629999999993,1482.2029999999993,77.75999999999999,-1440.0370000000007,0
2026-03-22T19:19:35.562892,1559.2529999999992,1481.4929999999993,77.75999999999999,-1440.7470000000008,0.0
2026-03-22T19:19:36.584654,1559.2529999999992,1481.4929999999993,77.75999999999999,-1440.7470000000008,0.0
2026-03-22T19:19:37.605072,1559.2529999999992,1481.4929999999993,77.75999999999999,-1440.7470000000008,0.0
2026-03-22T19:19:38.626767,1559.2529999999992,1481.4929999999993,77.75999999999999,-1440.7470000000008,0.0
2026-03-22T19:19:39.650692,1559.2529999999992,1481.4929999999993,77.75999999999999,-1440.7470000000008,0.0
2026-03-22T19:19:40.670957,1559.2529999999992,1481.4929999999993,77.75999999999999,-1440.7470000000008,0.0
2026-03-22T19:19:41.695598,1559.2529999999992,1481.4929999999993,77.75999999999999,-1440.7470000000008,0.0
2026-03-22T19:19:42.724857,1559.2529999999992,1481.4929999999993,77.75999999999999,-1440.7470000000008,0.0
2026-03-22T19:19:43.752666,1559.2529999999992,1481.4929999999993,77.75999999999999,-1440.7470000000008,0.0
2026-03-22T19:19:44.783791,1560.8729999999991,1481.4929999999993,77.75999999999999,-1440.7470000000008,1.6200000000000014
2026-03-22T19:19:45.799982,1560.8729999999991,1481.4929999999993,77.75999999999999,-1440.7470000000008,1.6200000000000014
2026-03-22T19:19:46.826331,1560.8729999999991,1481.4929999999993,77.75999999999999,-1440.7470000000008,1.6200000000000014
2026-03-22T19:19:47.858915,1560.8729999999991,1481.4929999999993,77.75999999999999,-1440.7470000000008,1.6200000000000014
2026-03-22T19:19:48.889953,1560.8729999999991,1481.4929999999993,77.75999999999999,-1440.7470000000008,1.6200000000000014
2026-03-22T19:19:49.933197,1560.8729999999991,1481.4929999999993,77.75999999999999,-1440.7470000000008,1.6200000000000014
2026-03-22T19:19:50.948382,1560.8729999999991,1481.4929999999993,77.75999999999999,-1440.7470000000008,1.6200000000000014
2026-03-22T19:19:51.977304,1560.8729999999991,1481.4929999999993,77.75999999999999,-1440.7470000000008,1.6200000000000014
2026-03-22T19:19:52.998895,1560.8729999999991,1481.4929999999993,77.75999999999999,-1440.7470000000008,1.6200000000000014
2026-03-22T19:19:54.030123,1560.8729999999991,1481.4929999999993,77.75999999999999,-1440.7470000000008,1.6200000000000014
2026-03-22T19:19:55.046719,1560.8729999999991,1481.4929999999993,77.75999999999999,-1440.7470000000008,1.6200000000000014
2026-03-22T19:19:56.068138,1560.8729999999991,1481.4929999999993,77.75999999999999,-1440.7470000000008,1.6200000000000014
2026-03-22T19:19:57.097603,1560.8729999999991,1481.4929999999993,77.75999999999999,-1440.7470000000008,1.6200000000000014
2026-03-22T19:19:58.118299,1556.0129999999992,1481.4929999999993,77.75999999999999,-1440.7470000000008,-3.239999999999994
2026-03-22T19:19:59.137644,1556.0129999999992,1481.4929999999993,77.75999999999999,-1440.7470000000008,-3.239999999999994
2026-03-22T19:20:00.153307,1556.0129999999992,1481.4929999999993,77.75999999999999,-1440.7470000000008,-3.239999999999994
2026-03-22T19:20:01.178311,1556.0129999999992,1481.4929999999993,77.75999999999999,-1440.7470000000008,-3.239999999999994
2026-03-22T19:20:02.196531,1556.0129999999992,1481.4929999999993,77.75999999999999,-1440.7470000000008,-3.239999999999994
2026-03-22T19:20:03.224961,1556.0129999999992,1481.4929999999993,77.75999999999999,-1440.7470000000008,-3.239999999999994
2026-03-22T19:20:04.276875,1556.0129999999992,1481.4929999999993,77.75999999999999,-1440.7470000000008,-3.239999999999994
2026-03-22T19:20:05.301072,1556.0129999999992,1481.4929999999993,77.75999999999999,-1440.7470000000008,-3.239999999999994
2026-03-22T19:20:06.324210,1556.0129999999992,1481.4929999999993,77.75999999999999,-1440.7470000000008,-3.239999999999994
2026-03-22T19:20:07.346741,1556.0129999999992,1481.4929999999993,77.75999999999999,-1440.7470000000008,-3.239999999999994
2026-03-22T19:20:08.368036,1556.0129999999992,1481.4929999999993,77.75999999999999,-1440.7470000000008,-3.239999999999994
2026-03-22T19:20:09.390059,1556.0129999999992,1481.4929999999993,77.75999999999999,-1440.7470000000008,-3.239999999999994
2026-03-22T19:20:10.419342,1556.0129999999992,1481.4929999999993,77.75999999999999,-1440.7470000000008,-3.239999999999994
2026-03-22T19:20:11.436460,1554.3929999999993,1554.3929999999993,0.0,-1445.6070000000007,0
2026-03-22T19:20:12.461780,1554.3929999999993,1554.3929999999993,0.0,-1445.6070000000007,0
2026-03-22T19:20:13.482335,1554.3929999999993,1554.3929999999993,0.0,-1445.6070000000007,0
2026-03-22T19:20:14.508414,1554.3929999999993,1554.3929999999993,0.0,-1445.6070000000007,0
2026-03-22T19:20:15.531873,1554.3929999999993,1554.3929999999993,0.0,-1445.6070000000007,0
2026-03-22T19:20:16.559173,1554.3929999999993,1554.3929999999993,0.0,-1445.6070000000007,0
2026-03-22T19:20:17.585903,1554.3929999999993,1554.3929999999993,0.0,-1445.6070000000007,0
2026-03-22T19:20:18.613081,1554.3929999999993,1554.3929999999993,0.0,-1445.6070000000007,0
2026-03-22T19:20:19.630113,1554.3929999999993,1554.3929999999993,0.0,-1445.6070000000007,0
2026-03-22T19:20:20.645033,1554.3929999999993,1554.3929999999993,0.0,-1445.6070000000007,0
2026-03-22T19:20:21.667124,1554.3929999999993,1554.3929999999993,0.0,-1445.6070000000007,0
2026-03-22T19:20:22.690465,1554.3929999999993,1554.3929999999993,0.0,-1445.6070000000007,0
2026-03-22T19:20:23.710293,1554.3929999999993,1554.3929999999993,0.0,-1445.6070000000007,0
2026-03-22T19:20:24.732270,1554.3929999999993,1554.3929999999993,0.0,-1445.6070000000007,0
2026-03-22T19:20:25.755315,1554.3929999999993,1554.3929999999993,0.0,-1445.6070000000007,0
2026-03-22T19:20:26.781232,1554.3929999999993,1554.3929999999993,0.0,-1445.6070000000007,0
2026-03-22T19:20:27.812369,1554.3929999999993,1554.3929999999993,0.0,-1445.6070000000007,0
2026-03-22T19:20:28.836759,1554.3929999999993,1554.3929999999993,0.0,-1445.6070000000007,0
2026-03-22T19:20:29.860582,1554.3929999999993,1554.3929999999993,0.0,-1445.6070000000007,0
2026-03-22T19:20:30.893024,1554.3929999999993,1554.3929999999993,0.0,-1445.6070000000007,0
2026-03-22T19:20:31.918617,1554.3929999999993,1554.3929999999993,0.0,-1445.6070000000007,0
2026-03-22T19:20:32.943504,1554.3929999999993,1554.3929999999993,0.0,-1445.6070000000007,0
2026-03-22T19:20:33.961496,1554.3929999999993,1554.3929999999993,0.0,-1445.6070000000007,0
2026-03-22T19:20:34.981416,1554.3929999999993,1554.3929999999993,0.0,-1445.6070000000007,0
2026-03-22T19:20:36.006995,1554.3929999999993,1554.3929999999993,0.0,-1445.6070000000007,0
2026-03-22T19:20:37.029485,1554.3929999999993,1554.3929999999993,0.0,-1445.6070000000007,0
2026-03-22T19:20:38.055184,1554.3929999999993,1554.3929999999993,0.0,-1445.6070000000007,0
2026-03-22T19:20:39.072704,1554.3929999999993,1554.3929999999993,0.0,-1445.6070000000007,0
2026-03-22T19:20:40.094153,1554.3929999999993,1554.3929999999993,0.0,-1445.6070000000007,0
2026-03-22T19:20:41.111764,1554.3929999999993,1554.3929999999993,0.0,-1445.6070000000007,0
2026-03-22T19:20:42.129618,1554.3929999999993,1554.3929999999993,0.0,-1445.6070000000007,0
2026-03-22T19:20:43.150873,1554.3929999999993,1554.3929999999993,0.0,-1445.6070000000007,0
2026-03-22T19:20:44.175857,1554.3929999999993,1554.3929999999993,0.0,-1445.6070000000007,0
2026-03-22T19:20:45.197942,1554.3929999999993,1554.3929999999993,0.0,-1445.6070000000007,0
2026-03-22T19:20:46.228543,1554.3929999999993,1554.3929999999993,0.0,-1445.6070000000007,0
2026-03-22T19:20:47.274705,1554.3929999999993,1554.3929999999993,0.0,-1445.6070000000007,0
2026-03-22T19:20:48.300787,1554.3929999999993,1554.3929999999993,0.0,-1445.6070000000007,0
2026-03-22T19:20:49.329654,1554.3929999999993,1554.3929999999993,0.0,-1445.6070000000007,0
2026-03-22T19:20:50.358771,1554.3929999999993,1554.3929999999993,0.0,-1445.6070000000007,0
2026-03-22T19:20:51.373713,1554.3929999999993,1554.3929999999993,0.0,-1445.6070000000007,0
2026-03-22T19:20:52.388713,1554.3929999999993,1554.3929999999993,0.0,-1445.6070000000007,0
2026-03-22T19:20:53.411617,1554.3929999999993,1554.3929999999993,0.0,-1445.6070000000007,0
2026-03-22T19:20:54.437347,1554.3929999999993,1554.3929999999993,0.0,-1445.6070000000007,0
2026-03-22T19:20:55.459471,1554.3929999999993,1554.3929999999993,0.0,-1445.6070000000007,0
2026-03-22T19:20:56.474595,1554.3929999999993,1554.3929999999993,0.0,-1445.6070000000007,0
2026-03-22T19:20:57.496787,1554.3929999999993,1554.3929999999993,0.0,-1445.6070000000007,0
2026-03-22T19:20:58.514482,1554.3929999999993,1554.3929999999993,0.0,-1445.6070000000007,0
2026-03-22T19:20:59.543168,1554.3929999999993,1554.3929999999993,0.0,-1445.6070000000007,0
2026-03-22T19:21:00.563277,1554.3929999999993,1554.3929999999993,0.0,-1445.6070000000007,0
2026-03-22T19:21:01.614844,1554.3929999999993,1554.3929999999993,0.0,-1445.6070000000007,0
2026-03-22T19:21:02.637245,1554.3929999999993,1554.3929999999993,0.0,-1445.6070000000007,0
2026-03-22T19:21:03.657317,1554.3929999999993,1554.3929999999993,0.0,-1445.6070000000007,0
2026-03-22T19:21:04.686894,1554.3929999999993,1554.3929999999993,0.0,-1445.6070000000007,0
2026-03-22T19:21:05.710219,1554.3929999999993,1554.3929999999993,0.0,-1445.6070000000007,0
2026-03-22T19:21:06.735690,1554.3929999999993,1554.3929999999993,0.0,-1445.6070000000007,0
2026-03-22T19:21:07.766343,1554.3929999999993,1554.3929999999993,0.0,-1445.6070000000007,0
2026-03-22T19:21:08.794973,1554.3929999999993,1554.3929999999993,0.0,-1445.6070000000007,0
2026-03-22T19:21:09.822369,1554.3929999999993,1554.3929999999993,0.0,-1445.6070000000007,0
2026-03-22T19:21:10.842595,1554.3929999999993,1554.3929999999993,0.0,-1445.6070000000007,0
2026-03-22T19:21:11.865937,1554.3929999999993,1554.3929999999993,0.0,-1445.6070000000007,0
2026-03-22T19:21:12.882805,1554.3929999999993,1554.3929999999993,0.0,-1445.6070000000007,0
2026-03-22T19:21:13.899668,1554.3929999999993,1554.3929999999993,0.0,-1445.6070000000007,0
2026-03-22T19:21:14.932504,1554.3929999999993,1554.3929999999993,0.0,-1445.6070000000007,0
2026-03-22T19:21:15.976531,1554.3929999999993,1554.3929999999993,0.0,-1445.6070000000007,0
2026-03-22T19:21:16.998474,1554.3929999999993,1554.3929999999993,0.0,-1445.6070000000007,0
2026-03-22T19:21:18.016539,1554.3929999999993,1554.3929999999993,0.0,-1445.6070000000007,0
2026-03-22T19:21:19.038139,1554.3929999999993,1554.3929999999993,0.0,-1445.6070000000007,0
2026-03-22T19:21:20.067040,1554.3929999999993,1554.3929999999993,0.0,-1445.6070000000007,0
2026-03-22T19:21:21.097107,1554.3929999999993,1554.3929999999993,0.0,-1445.6070000000007,0
2026-03-22T19:21:22.120364,1554.3929999999993,1554.3929999999993,0.0,-1445.6070000000007,0
2026-03-22T19:21:23.139198,1554.3929999999993,1554.3929999999993,0.0,-1445.6070000000007,0
2026-03-22T19:21:24.166692,1554.3929999999993,1554.3929999999993,0.0,-1445.6070000000007,0
2026-03-22T19:21:25.187172,1554.3929999999993,1554.3929999999993,0.0,-1445.6070000000007,0
2026-03-22T19:21:26.209450,1554.3929999999993,1554.3929999999993,0.0,-1445.6070000000007,0
2026-03-22T19:21:27.236495,1554.3929999999993,1554.3929999999993,0.0,-1445.6070000000007,0
2026-03-22T19:21:28.261267,1554.3929999999993,1554.3929999999993,0.0,-1445.6070000000007,0
2026-03-22T19:21:29.286836,1554.3929999999993,1554.3929999999993,0.0,-1445.6070000000007,0
2026-03-22T19:21:30.345743,1554.3929999999993,1554.3929999999993,0.0,-1445.6070000000007,0
2026-03-22T19:21:31.375016,1554.3929999999993,1554.3929999999993,0.0,-1445.6070000000007,0
2026-03-22T19:21:32.398803,1554.3929999999993,1554.3929999999993,0.0,-1445.6070000000007,0
2026-03-22T19:21:33.425175,1554.3929999999993,1554.3929999999993,0.0,-1445.6070000000007,0
2026-03-22T19:21:34.446397,1554.3929999999993,1554.3929999999993,0.0,-1445.6070000000007,0
2026-03-22T19:21:35.471035,1554.3929999999993,1554.3929999999993,0.0,-1445.6070000000007,0
2026-03-22T19:21:36.493418,1554.3929999999993,1554.3929999999993,0.0,-1445.6070000000007,0
2026-03-22T19:21:37.523063,1554.3929999999993,1554.3929999999993,0.0,-1445.6070000000007,0
2026-03-22T19:21:38.542276,1554.3929999999993,1554.3929999999993,0.0,-1445.6070000000007,0
2026-03-22T19:21:39.569393,1554.3929999999993,1554.3929999999993,0.0,-1445.6070000000007,0
2026-03-22T19:21:40.590638,1554.3929999999993,1554.3929999999993,0.0,-1445.6070000000007,0
2026-03-22T19:21:41.613194,1554.3929999999993,1554.3929999999993,0.0,-1445.6070000000007,0
2026-03-22T19:21:42.641160,1554.3929999999993,1554.3929999999993,0.0,-1445.6070000000007,0
2026-03-22T19:21:43.673585,1554.3929999999993,1554.3929999999993,0.0,-1445.6070000000007,0
2026-03-22T19:21:44.724727,1554.3929999999993,1554.3929999999993,0.0,-1445.6070000000007,0
2026-03-22T19:21:45.741315,1554.3929999999993,1554.3929999999993,0.0,-1445.6070000000007,0
2026-03-22T19:21:46.770424,1554.3929999999993,1554.3929999999993,0.0,-1445.6070000000007,0
2026-03-22T19:21:47.800232,1554.3929999999993,1554.3929999999993,0.0,-1445.6070000000007,0
2026-03-22T19:21:48.830513,1554.3929999999993,1554.3929999999993,0.0,-1445.6070000000007,0
2026-03-22T19:21:49.859954,1554.3929999999993,1554.3929999999993,0.0,-1445.6070000000007,0
2026-03-22T19:21:50.875024,1554.3929999999993,1554.3929999999993,0.0,-1445.6070000000007,0
2026-03-22T19:21:51.889226,1554.3929999999993,1554.3929999999993,0.0,-1445.6070000000007,0
2026-03-22T19:21:52.909449,1554.3929999999993,1554.3929999999993,0.0,-1445.6070000000007,0
2026-03-22T19:21:53.932359,1554.3929999999993,1554.3929999999993,0.0,-1445.6070000000007,0
2026-03-22T19:21:54.961247,1554.3929999999993,1554.3929999999993,0.0,-1445.6070000000007,0
2026-03-22T19:21:55.989975,1554.3929999999993,1554.3929999999993,0.0,-1445.6070000000007,0
2026-03-22T19:21:57.010133,1554.3929999999993,1554.3929999999993,0.0,-1445.6070000000007,0
2026-03-22T19:21:58.042819,1554.3929999999993,1554.3929999999993,0.0,-1445.6070000000007,0
2026-03-22T19:21:59.092436,1554.3929999999993,1554.3929999999993,0.0,-1445.6070000000007,0
2026-03-22T19:22:00.110439,1554.3929999999993,1554.3929999999993,0.0,-1445.6070000000007,0
2026-03-22T19:22:01.130301,1554.3929999999993,1554.3929999999993,0.0,-1445.6070000000007,0
2026-03-22T19:22:02.155441,1554.3929999999993,1554.3929999999993,0.0,-1445.6070000000007,0
2026-03-22T19:22:03.170657,1554.3929999999993,1554.3929999999993,0.0,-1445.6070000000007,0
2026-03-22T19:22:04.191009,1554.3929999999993,1554.3929999999993,0.0,-1445.6070000000007,0
2026-03-22T19:22:05.212901,1554.3929999999993,1554.3929999999993,0.0,-1445.6070000000007,0
2026-03-22T19:22:06.228086,1554.3929999999993,1554.3929999999993,0.0,-1445.6070000000007,0
2026-03-22T19:22:07.252232,1554.3929999999993,1554.3929999999993,0.0,-1445.6070000000007,0
2026-03-22T19:22:08.276535,1554.3929999999993,1554.3929999999993,0.0,-1445.6070000000007,0
2026-03-22T19:22:09.302905,1554.3929999999993,1554.3929999999993,0.0,-1445.6070000000007,0
2026-03-22T19:22:10.335239,1554.3929999999993,1554.3929999999993,0.0,-1445.6070000000007,0
2026-03-22T19:22:11.349686,1554.3929999999993,1554.3929999999993,0.0,-1445.6070000000007,0
2026-03-22T19:22:12.381629,1554.3929999999993,1554.3929999999993,0.0,-1445.6070000000007,0
2026-03-22T19:22:13.432183,1554.3929999999993,1554.3929999999993,0.0,-1445.6070000000007,0
2026-03-22T19:22:14.460777,1554.3929999999993,1554.3929999999993,0.0,-1445.6070000000007,0
2026-03-22T19:22:15.477868,1554.3929999999993,1554.3929999999993,0.0,-1445.6070000000007,0
2026-03-22T19:22:16.493755,1554.3929999999993,1554.3929999999993,0.0,-1445.6070000000007,0
2026-03-22T19:22:17.521864,1554.3929999999993,1554.3929999999993,0.0,-1445.6070000000007,0
2026-03-22T19:22:18.546625,1554.3929999999993,1554.3929999999993,0.0,-1445.6070000000007,0
2026-03-22T19:22:19.567883,1554.3929999999993,1554.3929999999993,0.0,-1445.6070000000007,0
2026-03-22T19:22:20.590765,1554.3929999999993,1554.3929999999993,0.0,-1445.6070000000007,0
2026-03-22T19:22:21.610896,1554.3929999999993,1554.3929999999993,0.0,-1445.6070000000007,0
2026-03-22T19:22:22.629558,1554.3929999999993,1554.3929999999993,0.0,-1445.6070000000007,0
2026-03-22T19:22:23.658566,1554.3929999999993,1554.3929999999993,0.0,-1445.6070000000007,0
2026-03-22T19:22:24.680766,1554.3929999999993,1554.3929999999993,0.0,-1445.6070000000007,0
2026-03-22T19:22:25.705992,1554.3929999999993,1554.3929999999993,0.0,-1445.6070000000007,0
2026-03-22T19:22:26.759834,1554.3929999999993,1554.3929999999993,0.0,-1445.6070000000007,0
2026-03-22T19:22:27.780045,1554.3929999999993,1554.3929999999993,0.0,-1445.6070000000007,0
2026-03-22T19:22:28.800329,1554.3929999999993,1554.3929999999993,0.0,-1445.6070000000007,0
2026-03-22T19:22:29.822178,1554.3929999999993,1554.3929999999993,0.0,-1445.6070000000007,0
2026-03-22T19:22:30.855395,1554.3929999999993,1554.3929999999993,0.0,-1445.6070000000007,0
2026-03-22T19:22:31.876322,1554.3929999999993,1554.3929999999993,0.0,-1445.6070000000007,0
2026-03-22T19:22:32.897845,1554.3929999999993,1554.3929999999993,0.0,-1445.6070000000007,0
2026-03-22T19:22:33.927764,1554.3929999999993,1554.3929999999993,0.0,-1445.6070000000007,0
2026-03-22T19:22:34.956785,1554.3929999999993,1554.3929999999993,0.0,-1445.6070000000007,0
2026-03-22T19:22:35.982657,1554.3929999999993,1554.3929999999993,0.0,-1445.6070000000007,0
2026-03-22T19:22:37.007341,1554.3929999999993,1554.3929999999993,0.0,-1445.6070000000007,0
2026-03-22T19:22:38.027994,1554.3929999999993,1554.3929999999993,0.0,-1445.6070000000007,0
2026-03-22T19:22:39.048236,1554.3929999999993,1554.3929999999993,0.0,-1445.6070000000007,0
2026-03-22T19:22:40.070131,1554.3929999999993,1554.3929999999993,0.0,-1445.6070000000007,0
2026-03-22T19:22:41.130405,1554.3929999999993,1554.3929999999993,0.0,-1445.6070000000007,0
2026-03-22T19:22:42.158057,1554.3929999999993,1554.3929999999993,0.0,-1445.6070000000007,0
2026-03-22T19:22:43.177807,1554.3929999999993,1554.3929999999993,0.0,-1445.6070000000007,0
2026-03-22T19:22:44.193150,1554.3929999999993,1554.3929999999993,0.0,-1445.6070000000007,0
2026-03-22T19:22:45.214396,1554.3929999999993,1554.3929999999993,0.0,-1445.6070000000007,0
2026-03-22T19:22:46.232285,1554.3929999999993,1554.3929999999993,0.0,-1445.6070000000007,0
2026-03-22T19:22:47.264718,1554.3929999999993,1554.3929999999993,0.0,-1445.6070000000007,0
2026-03-22T19:22:48.296686,1554.3929999999993,1554.3929999999993,0.0,-1445.6070000000007,0
2026-03-22T19:22:49.318388,1554.3929999999993,1554.3929999999993,0.0,-1445.6070000000007,0
2026-03-22T19:22:50.334209,1554.3929999999993,1554.3929999999993,0.0,-1445.6070000000007,0
2026-03-22T19:22:51.364353,1554.3929999999993,1554.3929999999993,0.0,-1445.6070000000007,0
2026-03-22T19:22:52.390078,1554.3929999999993,1554.3929999999993,0.0,-1445.6070000000007,0
2026-03-22T19:22:53.405839,1554.3929999999993,1554.3929999999993,0.0,-1445.6070000000007,0
2026-03-22T19:22:54.441220,1554.3929999999993,1554.3929999999993,0.0,-1445.6070000000007,0
2026-03-22T19:22:55.492532,1554.3929999999993,1554.3929999999993,0.0,-1445.6070000000007,0
2026-03-22T19:22:56.514637,1554.3929999999993,1554.3929999999993,0.0,-1445.6070000000007,0
2026-03-22T19:22:57.535971,1554.3929999999993,1554.3929999999993,0.0,-1445.6070000000007,0
2026-03-22T19:22:58.555957,1554.3929999999993,1554.3929999999993,0.0,-1445.6070000000007,0
2026-03-22T19:22:59.582614,1554.3929999999993,1554.3929999999993,0.0,-1445.6070000000007,0
2026-03-22T19:23:00.602345,1554.3929999999993,1554.3929999999993,0.0,-1445.6070000000007,0
2026-03-22T19:23:01.637090,1554.3929999999993,1554.3929999999993,0.0,-1445.6070000000007,0
2026-03-22T19:23:02.674116,1554.3929999999993,1554.3929999999993,0.0,-1445.6070000000007,0
2026-03-22T19:23:03.694281,1554.3929999999993,1554.3929999999993,0.0,-1445.6070000000007,0
2026-03-22T19:23:04.728294,1554.3929999999993,1554.3929999999993,0.0,-1445.6070000000007,0
2026-03-22T19:23:05.749240,1554.3929999999993,1554.3929999999993,0.0,-1445.6070000000007,0
2026-03-22T19:23:06.768131,1554.3929999999993,1554.3929999999993,0.0,-1445.6070000000007,0
2026-03-22T19:23:07.796402,1554.3929999999993,1554.3929999999993,0.0,-1445.6070000000007,0
2026-03-22T19:23:08.822197,1554.3929999999993,1554.3929999999993,0.0,-1445.6070000000007,0
2026-03-22T19:23:09.874992,1554.3929999999993,1554.3929999999993,0.0,-1445.6070000000007,0
2026-03-22T19:23:10.896391,1554.3929999999993,1554.3929999999993,0.0,-1445.6070000000007,0
2026-03-22T19:23:11.930058,1554.3929999999993,1554.3929999999993,0.0,-1445.6070000000007,0
2026-03-22T19:23:12.959583,1554.3929999999993,1554.3929999999993,0.0,-1445.6070000000007,0
2026-03-22T19:23:13.977139,1554.3929999999993,1554.3929999999993,0.0,-1445.6070000000007,0
2026-03-22T19:23:15.003501,1554.3929999999993,1554.3929999999993,0.0,-1445.6070000000007,0
2026-03-22T19:23:16.019349,1554.3929999999993,1554.3929999999993,0.0,-1445.6070000000007,0
2026-03-22T19:23:17.036861,1554.3929999999993,1554.3929999999993,0.0,-1445.6070000000007,0
2026-03-22T19:23:18.058191,1554.3929999999993,1554.3929999999993,0.0,-1445.6070000000007,0
2026-03-22T19:23:19.088656,1554.3929999999993,1554.3929999999993,0.0,-1445.6070000000007,0
2026-03-22T19:23:20.122974,1554.3929999999993,1554.3929999999993,0.0,-1445.6070000000007,0
2026-03-22T19:23:21.151907,1554.3929999999993,1554.3929999999993,0.0,-1445.6070000000007,0
2026-03-22T19:23:22.175089,1554.3929999999993,1554.3929999999993,0.0,-1445.6070000000007,0
2026-03-22T19:23:23.199560,1554.3929999999993,1554.3929999999993,0.0,-1445.6070000000007,0
2026-03-22T19:23:24.249844,1554.3929999999993,1554.3929999999993,0.0,-1445.6070000000007,0
2026-03-22T19:23:25.277236,1554.3929999999993,1554.3929999999993,0.0,-1445.6070000000007,0
2026-03-22T19:23:26.297232,1554.3929999999993,1554.3929999999993,0.0,-1445.6070000000007,0
2026-03-22T19:23:27.322916,1554.3929999999993,1554.3929999999993,0.0,-1445.6070000000007,0
2026-03-22T19:23:28.344479,1554.3929999999993,1554.3929999999993,0.0,-1445.6070000000007,0
2026-03-22T19:23:29.374853,1554.3929999999993,1554.3929999999993,0.0,-1445.6070000000007,0
2026-03-22T19:23:30.392976,1554.3929999999993,1554.3929999999993,0.0,-1445.6070000000007,0
2026-03-22T19:23:31.453529,1554.3929999999993,1554.3929999999993,0.0,-1445.6070000000007,0
2026-03-22T19:23:32.508755,1554.3929999999993,1554.3929999999993,0.0,-1445.6070000000007,0
2026-03-22T19:23:33.530822,1554.3929999999993,1554.3929999999993,0.0,-1445.6070000000007,0
2026-03-22T19:23:34.559985,1554.3929999999993,1554.3929999999993,0.0,-1445.6070000000007,0
2026-03-22T19:23:35.578550,1554.3929999999993,1554.3929999999993,0.0,-1445.6070000000007,0
2026-03-22T19:23:36.593898,1554.3929999999993,1554.3929999999993,0.0,-1445.6070000000007,0
2026-03-22T19:23:37.619530,1554.3929999999993,1554.3929999999993,0.0,-1445.6070000000007,0
2026-03-22T19:23:38.673344,1554.3929999999993,1554.3929999999993,0.0,-1445.6070000000007,0
2026-03-22T19:23:39.699650,1554.3929999999993,1554.3929999999993,0.0,-1445.6070000000007,0
2026-03-22T19:23:40.719173,1554.3929999999993,1554.3929999999993,0.0,-1445.6070000000007,0
2026-03-22T19:23:41.741618,1554.3929999999993,1554.3929999999993,0.0,-1445.6070000000007,0
2026-03-22T19:23:42.768507,1554.3929999999993,1554.3929999999993,0.0,-1445.6070000000007,0
2026-03-22T19:23:43.793375,1554.3929999999993,1554.3929999999993,0.0,-1445.6070000000007,0
2026-03-22T19:23:44.817730,1554.3929999999993,1554.3929999999993,0.0,-1445.6070000000007,0
2026-03-22T19:23:45.840158,1554.3929999999993,1554.3929999999993,0.0,-1445.6070000000007,0
2026-03-22T19:23:46.861685,1554.3929999999993,1554.3929999999993,0.0,-1445.6070000000007,0
2026-03-22T19:23:47.890793,1554.3929999999993,1554.3929999999993,0.0,-1445.6070000000007,0
2026-03-22T19:23:48.920895,1554.3929999999993,1554.3929999999993,0.0,-1445.6070000000007,0
2026-03-22T19:23:49.943616,1554.3929999999993,1554.3929999999993,0.0,-1445.6070000000007,0
2026-03-22T19:23:50.959901,1554.3929999999993,1554.3929999999993,0.0,-1445.6070000000007,0
2026-03-22T19:23:51.993251,1554.3929999999993,1554.3929999999993,0.0,-1445.6070000000007,0
2026-03-22T19:23:53.055388,1554.3929999999993,1554.3929999999993,0.0,-1445.6070000000007,0
2026-03-22T19:23:54.083235,1554.3929999999993,1554.3929999999993,0.0,-1445.6070000000007,0
2026-03-22T19:23:55.110077,1554.3929999999993,1554.3929999999993,0.0,-1445.6070000000007,0
2026-03-22T19:23:56.134406,1554.3929999999993,1554.3929999999993,0.0,-1445.6070000000007,0
2026-03-22T19:23:57.156042,1554.3929999999993,1554.3929999999993,0.0,-1445.6070000000007,0
2026-03-22T19:23:58.178938,1554.3929999999993,1554.3929999999993,0.0,-1445.6070000000007,0
2026-03-22T19:23:59.209055,1554.3929999999993,1554.3929999999993,0.0,-1445.6070000000007,0
2026-03-22T19:24:00.228376,1554.3929999999993,1554.3929999999993,0.0,-1445.6070000000007,0
2026-03-22T19:24:01.260207,1554.3929999999993,1554.3929999999993,0.0,-1445.6070000000007,0
2026-03-22T19:24:02.278566,1554.3929999999993,1554.3929999999993,0.0,-1445.6070000000007,0
2026-03-22T19:24:03.300550,1554.3929999999993,1554.3929999999993,0.0,-1445.6070000000007,0
2026-03-22T19:24:04.324426,1554.3929999999993,1554.3929999999993,0.0,-1445.6070000000007,0
2026-03-22T19:24:05.353749,1554.3929999999993,1554.3929999999993,0.0,-1445.6070000000007,0
2026-03-22T19:24:06.382707,1554.3929999999993,1554.3929999999993,0.0,-1445.6070000000007,0
2026-03-22T19:24:07.427861,1554.3929999999993,1554.3929999999993,0.0,-1445.6070000000007,0
2026-03-22T19:24:08.442093,1554.3929999999993,1554.3929999999993,0.0,-1445.6070000000007,0
2026-03-22T19:24:09.465140,1554.3929999999993,1554.3929999999993,0.0,-1445.6070000000007,0
2026-03-22T19:24:10.487779,1554.3929999999993,1554.3929999999993,0.0,-1445.6070000000007,0
2026-03-22T19:24:11.508208,1554.3929999999993,1554.3929999999993,0.0,-1445.6070000000007,0
2026-03-22T19:24:12.533964,1554.3929999999993,1554.3929999999993,0.0,-1445.6070000000007,0
2026-03-22T19:24:13.565427,1554.3929999999993,1554.3929999999993,0.0,-1445.6070000000007,0
2026-03-22T19:24:14.595338,1554.3929999999993,1554.3929999999993,0.0,-1445.6070000000007,0
2026-03-22T19:24:15.637451,1554.3929999999993,1554.3929999999993,0.0,-1445.6070000000007,0
2026-03-22T19:24:16.666537,1554.3929999999993,1554.3929999999993,0.0,-1445.6070000000007,0
2026-03-22T19:24:17.688355,1554.3929999999993,1554.3929999999993,0.0,-1445.6070000000007,0
2026-03-22T19:24:18.709016,1554.3929999999993,1554.3929999999993,0.0,-1445.6070000000007,0
2026-03-22T19:24:19.731784,1554.3929999999993,1554.3929999999993,0.0,-1445.6070000000007,0
2026-03-22T19:24:20.759627,1554.3929999999993,1554.3929999999993,0.0,-1445.6070000000007,0
2026-03-22T19:24:21.828022,1554.3929999999993,1554.3929999999993,0.0,-1445.6070000000007,0
2026-03-22T19:24:22.843434,1554.3929999999993,1554.3929999999993,0.0,-1445.6070000000007,0
2026-03-22T19:24:23.868921,1554.3929999999993,1554.3929999999993,0.0,-1445.6070000000007,0
2026-03-22T19:24:24.887013,1554.3929999999993,1554.3929999999993,0.0,-1445.6070000000007,0
2026-03-22T19:24:25.911136,1554.3929999999993,1554.3929999999993,0.0,-1445.6070000000007,0
2026-03-22T19:24:26.930971,1554.3929999999993,1554.3929999999993,0.0,-1445.6070000000007,0
2026-03-22T19:24:27.957117,1554.3929999999993,1554.3929999999993,0.0,-1445.6070000000007,0
2026-03-22T19:24:28.980834,1554.3929999999993,1554.3929999999993,0.0,-1445.6070000000007,0
2026-03-22T19:24:30.008418,1554.3929999999993,1554.3929999999993,0.0,-1445.6070000000007,0
2026-03-22T19:24:31.035061,1554.3929999999993,1554.3929999999993,0.0,-1445.6070000000007,0
2026-03-22T19:24:32.060424,1554.3929999999993,1554.3929999999993,0.0,-1445.6070000000007,0
2026-03-22T19:24:33.079893,1554.3929999999993,1554.3929999999993,0.0,-1445.6070000000007,0
2026-03-22T19:24:34.110740,1554.3929999999993,1554.3929999999993,0.0,-1445.6070000000007,0
2026-03-22T19:24:35.153096,1554.3929999999993,1554.3929999999993,0.0,-1445.6070000000007,0
2026-03-22T19:24:36.197947,1554.3929999999993,1554.3929999999993,0.0,-1445.6070000000007,0
2026-03-22T19:24:37.212906,1554.3929999999993,1554.3929999999993,0.0,-1445.6070000000007,0
2026-03-22T19:24:38.234456,1554.3929999999993,1554.3929999999993,0.0,-1445.6070000000007,0
2026-03-22T19:24:39.266432,1554.3929999999993,1554.3929999999993,0.0,-1445.6070000000007,0
2026-03-22T19:24:40.285321,1554.3929999999993,1554.3929999999993,0.0,-1445.6070000000007,0
2026-03-22T19:24:41.311848,1554.3929999999993,1554.3929999999993,0.0,-1445.6070000000007,0
2026-03-22T19:24:42.336318,1554.3929999999993,1554.3929999999993,0.0,-1445.6070000000007,0
2026-03-22T19:24:43.354913,1554.3929999999993,1554.3929999999993,0.0,-1445.6070000000007,0
2026-03-22T19:24:44.372497,1554.3929999999993,1554.3929999999993,0.0,-1445.6070000000007,0
2026-03-22T19:24:45.401081,1554.3929999999993,1554.3929999999993,0.0,-1445.6070000000007,0
2026-03-22T19:24:46.423972,1554.3929999999993,1554.3929999999993,0.0,-1445.6070000000007,0
2026-03-22T19:24:47.444230,1554.3929999999993,1554.3929999999993,0.0,-1445.6070000000007,0
2026-03-22T19:24:48.471658,1554.3929999999993,1554.3929999999993,0.0,-1445.6070000000007,0
2026-03-22T19:24:49.497364,1554.3929999999993,1554.3929999999993,0.0,-1445.6070000000007,0
2026-03-22T19:24:50.529321,1554.3929999999993,1554.3929999999993,0.0,-1445.6070000000007,0
2026-03-22T19:24:51.548500,1554.3929999999993,1554.3929999999993,0.0,-1445.6070000000007,0
2026-03-22T19:24:52.571637,1554.3929999999993,1554.3929999999993,0.0,-1445.6070000000007,0
2026-03-22T19:24:53.595155,1554.3929999999993,1554.3929999999993,0.0,-1445.6070000000007,0
2026-03-22T19:24:54.627599,1554.3929999999993,1554.3929999999993,0.0,-1445.6070000000007,0
2026-03-22T19:24:55.650807,1554.3929999999993,1554.3929999999993,0.0,-1445.6070000000007,0
2026-03-22T19:24:56.675326,1554.3929999999993,1554.3929999999993,0.0,-1445.6070000000007,0
2026-03-22T19:24:57.700352,1554.3929999999993,1554.3929999999993,0.0,-1445.6070000000007,0
2026-03-22T19:24:58.725041,1554.3929999999993,1554.3929999999993,0.0,-1445.6070000000007,0
2026-03-22T19:24:59.750279,1554.3929999999993,1554.3929999999993,0.0,-1445.6070000000007,0
2026-03-22T19:25:00.768497,1554.3929999999993,1554.3929999999993,0.0,-1445.6070000000007,0
2026-03-22T19:25:01.787279,1554.3929999999993,1476.8929999999993,77.5,-1445.6070000000007,0
2026-03-22T19:25:02.820328,1553.7129999999993,1476.2129999999993,77.5,-1446.2870000000007,0.0
2026-03-22T19:25:03.883836,1553.7129999999993,1476.2129999999993,77.5,-1446.2870000000007,0.0
2026-03-22T19:25:04.916426,1553.7129999999993,1476.2129999999993,77.5,-1446.2870000000007,0.0
2026-03-22T19:25:05.939990,1553.7129999999993,1476.2129999999993,77.5,-1446.2870000000007,0.0
2026-03-22T19:25:06.969418,1553.7129999999993,1476.2129999999993,77.5,-1446.2870000000007,0.0
2026-03-22T19:25:08.001102,1553.7129999999993,1476.2129999999993,77.5,-1446.2870000000007,0.0
2026-03-22T19:25:09.020662,1553.7129999999993,1476.2129999999993,77.5,-1446.2870000000007,0.0
2026-03-22T19:25:10.048626,1553.7129999999993,1476.2129999999993,77.5,-1446.2870000000007,0.0
2026-03-22T19:25:11.068846,1553.7129999999993,1476.2129999999993,77.5,-1446.2870000000007,0.0
2026-03-22T19:25:12.097911,1553.7129999999993,1476.2129999999993,77.5,-1446.2870000000007,0.0
2026-03-22T19:25:13.122452,1552.1629999999993,1476.2129999999993,77.5,-1446.2870000000007,-1.5500000000000014
2026-03-22T19:25:14.142798,1552.1629999999993,1476.2129999999993,77.5,-1446.2870000000007,-1.5500000000000014
2026-03-22T19:25:15.174650,1552.1629999999993,1476.2129999999993,77.5,-1446.2870000000007,-1.5500000000000014
2026-03-22T19:25:16.199620,1552.1629999999993,1476.2129999999993,77.5,-1446.2870000000007,-1.5500000000000014
2026-03-22T19:25:17.227236,1552.1629999999993,1476.2129999999993,77.5,-1446.2870000000007,-1.5500000000000014
2026-03-22T19:25:18.281216,1552.1629999999993,1476.2129999999993,77.5,-1446.2870000000007,-1.5500000000000014
2026-03-22T19:25:19.303652,1552.1629999999993,1476.2129999999993,77.5,-1446.2870000000007,-1.5500000000000014
2026-03-22T19:25:20.333156,1552.1629999999993,1476.2129999999993,77.5,-1446.2870000000007,-1.5500000000000014
2026-03-22T19:25:21.354828,1552.1629999999993,1476.2129999999993,77.5,-1446.2870000000007,-1.5500000000000014
2026-03-22T19:25:22.384676,1552.1629999999993,1476.2129999999993,77.5,-1446.2870000000007,-1.5500000000000014
2026-03-22T19:25:23.405589,1552.1629999999993,1476.2129999999993,77.5,-1446.2870000000007,-1.5500000000000014
2026-03-22T19:25:24.434731,1552.1629999999993,1476.2129999999993,77.5,-1446.2870000000007,-1.5500000000000014
2026-03-22T19:25:25.465234,1552.1629999999993,1476.2129999999993,77.5,-1446.2870000000007,-1.5500000000000014
2026-03-22T19:25:26.502076,1552.1629999999993,1476.2129999999993,77.5,-1446.2870000000007,-1.5500000000000014
2026-03-22T19:25:27.526967,1552.1629999999993,1476.2129999999993,77.5,-1446.2870000000007,-1.5500000000000014
2026-03-22T19:25:28.572041,1547.5129999999992,1476.2129999999993,77.5,-1446.2870000000007,-6.2000000000000055
2026-03-22T19:25:29.601895,1547.5129999999992,1476.2129999999993,77.5,-1446.2870000000007,-6.2000000000000055
2026-03-22T19:25:30.626426,1547.5129999999992,1476.2129999999993,77.5,-1446.2870000000007,-6.2000000000000055
2026-03-22T19:25:31.670589,1547.5129999999992,1476.2129999999993,77.5,-1446.2870000000007,-6.2000000000000055
2026-03-22T19:25:32.720196,1547.5129999999992,1476.2129999999993,77.5,-1446.2870000000007,-6.2000000000000055
2026-03-22T19:25:33.741819,1547.5129999999992,1476.2129999999993,77.5,-1446.2870000000007,-6.2000000000000055
2026-03-22T19:25:34.765351,1547.5129999999992,1476.2129999999993,77.5,-1446.2870000000007,-6.2000000000000055
2026-03-22T19:25:35.782296,1547.5129999999992,1476.2129999999993,77.5,-1446.2870000000007,-6.2000000000000055
2026-03-22T19:25:36.818405,1547.5129999999992,1476.2129999999993,77.5,-1446.2870000000007,-6.2000000000000055
2026-03-22T19:25:37.841250,1547.5129999999992,1476.2129999999993,77.5,-1446.2870000000007,-6.2000000000000055
2026-03-22T19:25:38.859215,1547.5129999999992,1476.2129999999993,77.5,-1446.2870000000007,-6.2000000000000055
2026-03-22T19:25:39.891056,1547.5129999999992,1476.2129999999993,77.5,-1446.2870000000007,-6.2000000000000055
2026-03-22T19:25:40.907738,1547.5129999999992,1476.2129999999993,77.5,-1446.2870000000007,-6.2000000000000055
2026-03-22T19:25:41.936753,1547.5129999999992,1476.2129999999993,77.5,-1446.2870000000007,-6.2000000000000055
2026-03-22T19:25:42.977747,1547.5129999999992,1476.2129999999993,77.5,-1446.2870000000007,-6.2000000000000055
2026-03-22T19:25:43.999832,1542.8629999999994,1476.2129999999993,77.5,-1446.2870000000007,-10.849999999999993
2026-03-22T19:25:45.019556,1542.8629999999994,1476.2129999999993,77.5,-1446.2870000000007,-10.849999999999993
2026-03-22T19:25:46.045988,1542.8629999999994,1476.2129999999993,77.5,-1446.2870000000007,-10.849999999999993
2026-03-22T19:25:47.094589,1542.8629999999994,1476.2129999999993,77.5,-1446.2870000000007,-10.849999999999993
2026-03-22T19:25:48.114749,1542.8629999999994,1476.2129999999993,77.5,-1446.2870000000007,-10.849999999999993
2026-03-22T19:25:49.143272,1542.8629999999994,1476.2129999999993,77.5,-1446.2870000000007,-10.849999999999993
2026-03-22T19:25:50.166486,1542.8629999999994,1476.2129999999993,77.5,-1446.2870000000007,-10.849999999999993
2026-03-22T19:25:51.188829,1542.8629999999994,1476.2129999999993,77.5,-1446.2870000000007,-10.849999999999993
2026-03-22T19:25:52.217906,1542.8629999999994,1476.2129999999993,77.5,-1446.2870000000007,-10.849999999999993
2026-03-22T19:25:53.244047,1542.8629999999994,1476.2129999999993,77.5,-1446.2870000000007,-10.849999999999993
2026-03-22T19:25:54.262293,1542.8629999999994,1476.2129999999993,77.5,-1446.2870000000007,-10.849999999999993
2026-03-22T19:25:55.288497,1542.8629999999994,1476.2129999999993,77.5,-1446.2870000000007,-10.849999999999993
2026-03-22T19:25:56.329269,1542.8629999999994,1476.2129999999993,77.5,-1446.2870000000007,-10.849999999999993
2026-03-22T19:25:57.369507,1538.2129999999993,1476.2129999999993,77.5,-1446.2870000000007,-15.499999999999996
2026-03-22T19:25:58.404548,1538.2129999999993,1476.2129999999993,77.5,-1446.2870000000007,-15.499999999999996
2026-03-22T19:25:59.435291,1538.2129999999993,1476.2129999999993,77.5,-1446.2870000000007,-15.499999999999996
2026-03-22T19:26:00.472738,1538.2129999999993,1476.2129999999993,77.5,-1446.2870000000007,-15.499999999999996
2026-03-22T19:26:01.524855,1538.2129999999993,1476.2129999999993,77.5,-1446.2870000000007,-15.499999999999996
2026-03-22T19:26:02.560887,1538.2129999999993,1476.2129999999993,77.5,-1446.2870000000007,-15.499999999999996
2026-03-22T19:26:03.580666,1538.2129999999993,1476.2129999999993,77.5,-1446.2870000000007,-15.499999999999996
2026-03-22T19:26:04.610485,1538.2129999999993,1476.2129999999993,77.5,-1446.2870000000007,-15.499999999999996
2026-03-22T19:26:05.640814,1538.2129999999993,1476.2129999999993,77.5,-1446.2870000000007,-15.499999999999996
2026-03-22T19:26:06.665239,1538.2129999999993,1476.2129999999993,77.5,-1446.2870000000007,-15.499999999999996
2026-03-22T19:26:07.690056,1538.2129999999993,1476.2129999999993,77.5,-1446.2870000000007,-15.499999999999996
2026-03-22T19:26:08.707416,1538.2129999999993,1476.2129999999993,77.5,-1446.2870000000007,-15.499999999999996
2026-03-22T19:26:09.734408,1538.2129999999993,1476.2129999999993,77.5,-1446.2870000000007,-15.499999999999996
2026-03-22T19:26:10.765475,1538.2129999999993,1476.2129999999993,77.5,-1446.2870000000007,-15.499999999999996
2026-03-22T19:26:11.800515,1542.8629999999994,1476.2129999999993,77.5,-1446.2870000000007,-10.849999999999993
2026-03-22T19:26:12.818951,1542.8629999999994,1476.2129999999993,77.5,-1446.2870000000007,-10.849999999999993
2026-03-22T19:26:13.840339,1542.8629999999994,1476.2129999999993,77.5,-1446.2870000000007,-10.849999999999993
2026-03-22T19:26:14.882150,1542.8629999999994,1476.2129999999993,77.5,-1446.2870000000007,-10.849999999999993
2026-03-22T19:26:15.922490,1542.8629999999994,1476.2129999999993,77.5,-1446.2870000000007,-10.849999999999993
2026-03-22T19:26:16.950139,1542.8629999999994,1476.2129999999993,77.5,-1446.2870000000007,-10.849999999999993
2026-03-22T19:26:17.968799,1542.8629999999994,1476.2129999999993,77.5,-1446.2870000000007,-10.849999999999993
2026-03-22T19:26:18.990601,1542.8629999999994,1476.2129999999993,77.5,-1446.2870000000007,-10.849999999999993
2026-03-22T19:26:20.016214,1542.8629999999994,1476.2129999999993,77.5,-1446.2870000000007,-10.849999999999993
2026-03-22T19:26:21.042779,1542.8629999999994,1476.2129999999993,77.5,-1446.2870000000007,-10.849999999999993
2026-03-22T19:26:22.068621,1542.8629999999994,1476.2129999999993,77.5,-1446.2870000000007,-10.849999999999993
2026-03-22T19:26:23.084049,1542.8629999999994,1476.2129999999993,77.5,-1446.2870000000007,-10.849999999999993
2026-03-22T19:26:24.109711,1542.8629999999994,1476.2129999999993,77.5,-1446.2870000000007,-10.849999999999993
2026-03-22T19:26:25.150440,1542.8629999999994,1476.2129999999993,77.5,-1446.2870000000007,-10.849999999999993
2026-03-22T19:26:26.182833,1527.3629999999994,1476.2129999999993,77.5,-1446.2870000000007,-26.350000000000005
2026-03-22T19:26:27.214929,1527.3629999999994,1402.9009999999994,150.812,-1446.2870000000007,-26.350000000000005
2026-03-22T19:26:28.243013,1527.3629999999994,1402.9009999999994,150.812,-1446.2870000000007,-26.350000000000005
2026-03-22T19:26:29.272196,1527.3629999999994,1402.9009999999994,150.812,-1446.2870000000007,-26.350000000000005
2026-03-22T19:26:30.333033,1527.2629999999995,1402.8009999999995,150.812,-1446.3870000000006,-26.350000000000005
2026-03-22T19:26:31.355141,1527.2629999999995,1402.8009999999995,150.812,-1446.3870000000006,-26.350000000000005
2026-03-22T19:26:32.372022,1527.2629999999995,1402.8009999999995,150.812,-1446.3870000000006,-26.350000000000005
2026-03-22T19:26:33.396379,1527.2629999999995,1402.8009999999995,150.812,-1446.3870000000006,-26.350000000000005
2026-03-22T19:26:34.424864,1527.2629999999995,1402.8009999999995,150.812,-1446.3870000000006,-26.350000000000005
2026-03-22T19:26:35.446487,1527.2629999999995,1402.8009999999995,150.812,-1446.3870000000006,-26.350000000000005
2026-03-22T19:26:36.480656,1527.2629999999995,1402.8009999999995,150.812,-1446.3870000000006,-26.350000000000005
2026-03-22T19:26:37.512307,1527.2629999999995,1402.8009999999995,150.812,-1446.3870000000006,-26.350000000000005
2026-03-22T19:26:38.526330,1527.2629999999995,1402.8009999999995,150.812,-1446.3870000000006,-26.350000000000005
2026-03-22T19:26:39.552128,1527.2629999999995,1402.8009999999995,150.812,-1446.3870000000006,-26.350000000000005
2026-03-22T19:26:40.578147,1527.2629999999995,1402.8009999999995,150.812,-1446.3870000000006,-26.350000000000005
2026-03-22T19:26:41.604153,1527.2629999999995,1402.8009999999995,150.812,-1446.3870000000006,-26.350000000000005
2026-03-22T19:26:42.632800,1527.6089999999995,1402.8009999999995,150.812,-1446.3870000000006,-26.004000000000016
2026-03-22T19:26:43.661833,1527.6089999999995,1402.8009999999995,150.812,-1446.3870000000006,-26.004000000000016
2026-03-22T19:26:44.708834,1527.6089999999995,1402.8009999999995,150.812,-1446.3870000000006,-26.004000000000016
2026-03-22T19:26:45.746011,1527.6089999999995,1402.8009999999995,150.812,-1446.3870000000006,-26.004000000000016
2026-03-22T19:26:46.765440,1527.6089999999995,1402.8009999999995,150.812,-1446.3870000000006,-26.004000000000016
2026-03-22T19:26:47.794426,1527.6089999999995,1402.8009999999995,150.812,-1446.3870000000006,-26.004000000000016
2026-03-22T19:26:48.826305,1527.6089999999995,1402.8009999999995,150.812,-1446.3870000000006,-26.004000000000016
2026-03-22T19:26:49.854084,1527.6089999999995,1402.8009999999995,150.812,-1446.3870000000006,-26.004000000000016
2026-03-22T19:26:50.888139,1527.6089999999995,1402.8009999999995,150.812,-1446.3870000000006,-26.004000000000016
2026-03-22T19:26:51.912687,1527.6089999999995,1402.8009999999995,150.812,-1446.3870000000006,-26.004000000000016
2026-03-22T19:26:52.952266,1527.6089999999995,1402.8009999999995,150.812,-1446.3870000000006,-26.004000000000016
2026-03-22T19:26:53.977757,1527.6089999999995,1402.8009999999995,150.812,-1446.3870000000006,-26.004000000000016
2026-03-22T19:26:55.003861,1527.6089999999995,1402.8009999999995,150.812,-1446.3870000000006,-26.004000000000016
2026-03-22T19:26:56.042773,1527.6089999999995,1402.8009999999995,150.812,-1446.3870000000006,-26.004000000000016
2026-03-22T19:26:57.077231,1530.7879999999993,1402.8009999999995,150.812,-1446.3870000000006,-22.82500000000001
2026-03-22T19:26:58.108545,1530.7879999999993,1402.8009999999995,150.812,-1446.3870000000006,-22.82500000000001
2026-03-22T19:26:59.155402,1530.7879999999993,1402.8009999999995,150.812,-1446.3870000000006,-22.82500000000001
2026-03-22T19:27:00.181836,1530.7879999999993,1402.8009999999995,150.812,-1446.3870000000006,-22.82500000000001
2026-03-22T19:27:01.202551,1530.7879999999993,1402.8009999999995,150.812,-1446.3870000000006,-22.82500000000001
2026-03-22T19:27:02.235882,1530.7879999999993,1402.8009999999995,150.812,-1446.3870000000006,-22.82500000000001
2026-03-22T19:27:03.257331,1530.7879999999993,1402.8009999999995,150.812,-1446.3870000000006,-22.82500000000001
2026-03-22T19:27:04.290387,1530.7879999999993,1402.8009999999995,150.812,-1446.3870000000006,-22.82500000000001
2026-03-22T19:27:05.306760,1530.7879999999993,1402.8009999999995,150.812,-1446.3870000000006,-22.82500000000001
2026-03-22T19:27:06.341126,1530.7879999999993,1402.8009999999995,150.812,-1446.3870000000006,-22.82500000000001
2026-03-22T19:27:07.362816,1530.7879999999993,1402.8009999999995,150.812,-1446.3870000000006,-22.82500000000001
2026-03-22T19:27:08.393328,1530.7879999999993,1402.8009999999995,150.812,-1446.3870000000006,-22.82500000000001
2026-03-22T19:27:09.417963,1530.7879999999993,1402.8009999999995,150.812,-1446.3870000000006,-22.82500000000001
2026-03-22T19:27:10.449671,1532.1309999999994,1402.8009999999995,150.812,-1446.3870000000006,-21.48200000000001
2026-03-22T19:27:11.475752,1532.1309999999994,1402.8009999999995,150.812,-1446.3870000000006,-21.48200000000001
2026-03-22T19:27:12.523259,1532.1309999999994,1402.8009999999995,150.812,-1446.3870000000006,-21.48200000000001
2026-03-22T19:27:13.557637,1532.1309999999994,1402.8009999999995,150.812,-1446.3870000000006,-21.48200000000001
2026-03-22T19:27:14.586432,1532.1309999999994,1402.8009999999995,150.812,-1446.3870000000006,-21.48200000000001
2026-03-22T19:27:15.610092,1532.1309999999994,1402.8009999999995,150.812,-1446.3870000000006,-21.48200000000001
2026-03-22T19:27:16.634796,1532.1309999999994,1402.8009999999995,150.812,-1446.3870000000006,-21.48200000000001
2026-03-22T19:27:17.663366,1532.1309999999994,1402.8009999999995,150.812,-1446.3870000000006,-21.48200000000001
2026-03-22T19:27:18.688129,1532.1309999999994,1402.8009999999995,150.812,-1446.3870000000006,-21.48200000000001
2026-03-22T19:27:19.710357,1532.1309999999994,1402.8009999999995,150.812,-1446.3870000000006,-21.48200000000001
2026-03-22T19:27:20.737868,1532.1309999999994,1402.8009999999995,150.812,-1446.3870000000006,-21.48200000000001
2026-03-22T19:27:21.759806,1532.1309999999994,1402.8009999999995,150.812,-1446.3870000000006,-21.48200000000001
2026-03-22T19:27:22.791700,1532.1309999999994,1402.8009999999995,150.812,-1446.3870000000006,-21.48200000000001
2026-03-22T19:27:23.829274,1532.1309999999994,1402.8009999999995,150.812,-1446.3870000000006,-21.48200000000001
2026-03-22T19:27:24.856048,1529.4259999999992,1402.8009999999995,150.812,-1446.3870000000006,-24.187000000000015
2026-03-22T19:27:25.876579,1529.4259999999992,1402.8009999999995,150.812,-1446.3870000000006,-24.187000000000015
2026-03-22T19:27:26.938878,1529.4259999999992,1402.8009999999995,150.812,-1446.3870000000006,-24.187000000000015
2026-03-22T19:27:27.963687,1529.4259999999992,1402.8009999999995,150.812,-1446.3870000000006,-24.187000000000015
2026-03-22T19:27:28.992188,1529.4259999999992,1402.8009999999995,150.812,-1446.3870000000006,-24.187000000000015
2026-03-22T19:27:30.025014,1529.4259999999992,1402.8009999999995,150.812,-1446.3870000000006,-24.187000000000015
2026-03-22T19:27:31.040685,1529.4259999999992,1402.8009999999995,150.812,-1446.3870000000006,-24.187000000000015
2026-03-22T19:27:32.076197,1529.4259999999992,1402.8009999999995,150.812,-1446.3870000000006,-24.187000000000015
2026-03-22T19:27:33.122063,1529.4259999999992,1402.8009999999995,150.812,-1446.3870000000006,-24.187000000000015
2026-03-22T19:27:34.155052,1529.4259999999992,1402.8009999999995,150.812,-1446.3870000000006,-24.187000000000015
2026-03-22T19:27:35.179588,1529.4259999999992,1402.8009999999995,150.812,-1446.3870000000006,-24.187000000000015
2026-03-22T19:27:36.201552,1529.4259999999992,1402.8009999999995,150.812,-1446.3870000000006,-24.187000000000015
2026-03-22T19:27:37.231096,1529.4259999999992,1402.8009999999995,150.812,-1446.3870000000006,-24.187000000000015
2026-03-22T19:27:38.259371,1529.4259999999992,1402.8009999999995,150.812,-1446.3870000000006,-24.187000000000015
2026-03-22T19:27:39.296858,1502.1309999999994,1502.1309999999994,0.0,-1497.8690000000006,0
2026-03-22T19:27:40.317837,1502.1309999999994,1502.1309999999994,0.0,-1497.8690000000006,0
2026-03-22T19:27:41.368334,1502.1309999999994,1502.1309999999994,0.0,-1497.8690000000006,0
2026-03-22T19:27:42.396556,1502.1309999999994,1502.1309999999994,0.0,-1497.8690000000006,0
2026-03-22T19:27:43.418476,1502.1309999999994,1502.1309999999994,0.0,-1497.8690000000006,0
2026-03-22T19:27:44.462991,1502.1309999999994,1502.1309999999994,0.0,-1497.8690000000006,0
2026-03-22T19:27:45.478090,1502.1309999999994,1502.1309999999994,0.0,-1497.8690000000006,0
2026-03-22T19:27:46.509512,1502.1309999999994,1502.1309999999994,0.0,-1497.8690000000006,0
2026-03-22T19:27:47.530260,1502.1309999999994,1502.1309999999994,0.0,-1497.8690000000006,0
2026-03-22T19:27:48.558336,1502.1309999999994,1502.1309999999994,0.0,-1497.8690000000006,0
2026-03-22T19:27:49.588713,1502.1309999999994,1502.1309999999994,0.0,-1497.8690000000006,0
2026-03-22T19:27:50.603765,1502.1309999999994,1502.1309999999994,0.0,-1497.8690000000006,0
2026-03-22T19:27:51.636432,1502.1309999999994,1502.1309999999994,0.0,-1497.8690000000006,0
2026-03-22T19:27:52.688208,1502.1309999999994,1502.1309999999994,0.0,-1497.8690000000006,0
2026-03-22T19:27:53.722861,1502.1309999999994,1502.1309999999994,0.0,-1497.8690000000006,0
2026-03-22T19:27:54.775948,1502.1309999999994,1502.1309999999994,0.0,-1497.8690000000006,0
2026-03-22T19:27:55.832610,1502.1309999999994,1502.1309999999994,0.0,-1497.8690000000006,0
2026-03-22T19:27:56.863647,1502.1309999999994,1502.1309999999994,0.0,-1497.8690000000006,0
2026-03-22T19:27:57.893041,1502.1309999999994,1502.1309999999994,0.0,-1497.8690000000006,0
2026-03-22T19:27:58.910861,1502.1309999999994,1502.1309999999994,0.0,-1497.8690000000006,0
2026-03-22T19:27:59.934959,1502.1309999999994,1502.1309999999994,0.0,-1497.8690000000006,0
2026-03-22T19:28:00.955478,1502.1309999999994,1502.1309999999994,0.0,-1497.8690000000006,0
2026-03-22T19:28:01.985098,1502.1309999999994,1502.1309999999994,0.0,-1497.8690000000006,0
2026-03-22T19:28:03.014690,1502.1309999999994,1502.1309999999994,0.0,-1497.8690000000006,0
2026-03-22T19:28:04.031576,1502.1309999999994,1502.1309999999994,0.0,-1497.8690000000006,0
2026-03-22T19:28:05.051531,1502.1309999999994,1502.1309999999994,0.0,-1497.8690000000006,0
2026-03-22T19:28:06.076257,1502.1309999999994,1502.1309999999994,0.0,-1497.8690000000006,0
2026-03-22T19:28:07.104485,1502.1309999999994,1502.1309999999994,0.0,-1497.8690000000006,0
2026-03-22T19:28:08.130561,1502.1309999999994,1502.1309999999994,0.0,-1497.8690000000006,0
2026-03-22T19:28:09.159615,1502.1309999999994,1502.1309999999994,0.0,-1497.8690000000006,0
2026-03-22T19:28:10.245475,1502.1309999999994,1502.1309999999994,0.0,-1497.8690000000006,0
2026-03-22T19:28:11.279765,1502.1309999999994,1502.1309999999994,0.0,-1497.8690000000006,0
2026-03-22T19:28:12.310245,1502.1309999999994,1427.2509999999993,74.88,-1497.8690000000006,0
2026-03-22T19:28:13.336700,1501.5009999999993,1426.6209999999992,74.88,-1498.4990000000007,0.0
2026-03-22T19:28:14.370078,1501.5009999999993,1426.6209999999992,74.88,-1498.4990000000007,0.0
2026-03-22T19:28:15.402080,1501.5009999999993,1426.6209999999992,74.88,-1498.4990000000007,0.0
2026-03-22T19:28:16.438727,1501.5009999999993,1426.6209999999992,74.88,-1498.4990000000007,0.0
2026-03-22T19:28:17.463116,1501.5009999999993,1426.6209999999992,74.88,-1498.4990000000007,0.0
2026-03-22T19:28:18.487658,1501.5009999999993,1426.6209999999992,74.88,-1498.4990000000007,0.0
2026-03-22T19:28:19.505139,1501.5009999999993,1426.6209999999992,74.88,-1498.4990000000007,0.0
2026-03-22T19:28:20.522655,1501.5009999999993,1426.6209999999992,74.88,-1498.4990000000007,0.0
2026-03-22T19:28:21.559700,1501.5009999999993,1426.6209999999992,74.88,-1498.4990000000007,0.0
2026-03-22T19:28:22.592473,1501.5009999999993,1426.6209999999992,74.88,-1498.4990000000007,0.0
2026-03-22T19:28:23.635471,1498.6209999999992,1426.6209999999992,74.88,-1498.4990000000007,-2.8800000000000026
2026-03-22T19:28:24.699510,1498.6209999999992,1426.6209999999992,74.88,-1498.4990000000007,-2.8800000000000026
2026-03-22T19:28:25.730233,1498.6209999999992,1426.6209999999992,74.88,-1498.4990000000007,-2.8800000000000026
2026-03-22T19:28:26.760197,1498.6209999999992,1426.6209999999992,74.88,-1498.4990000000007,-2.8800000000000026
2026-03-22T19:28:27.796995,1498.6209999999992,1426.6209999999992,74.88,-1498.4990000000007,-2.8800000000000026
2026-03-22T19:28:28.825044,1498.6209999999992,1426.6209999999992,74.88,-1498.4990000000007,-2.8800000000000026
2026-03-22T19:28:29.846753,1498.6209999999992,1426.6209999999992,74.88,-1498.4990000000007,-2.8800000000000026
2026-03-22T19:28:30.876304,1498.6209999999992,1426.6209999999992,74.88,-1498.4990000000007,-2.8800000000000026
2026-03-22T19:28:31.900075,1498.6209999999992,1426.6209999999992,74.88,-1498.4990000000007,-2.8800000000000026
2026-03-22T19:28:32.917886,1498.6209999999992,1426.6209999999992,74.88,-1498.4990000000007,-2.8800000000000026
2026-03-22T19:28:33.941450,1498.6209999999992,1426.6209999999992,74.88,-1498.4990000000007,-2.8800000000000026
2026-03-22T19:28:34.993487,1498.6209999999992,1426.6209999999992,74.88,-1498.4990000000007,-2.8800000000000026
2026-03-22T19:28:36.018040,1498.6209999999992,1426.6209999999992,74.88,-1498.4990000000007,-2.8800000000000026
2026-03-22T19:28:37.053598,1498.6209999999992,1426.6209999999992,74.88,-1498.4990000000007,-2.8800000000000026
2026-03-22T19:28:38.084544,1498.6209999999992,1426.6209999999992,74.88,-1498.4990000000007,-2.8800000000000026
2026-03-22T19:28:39.107871,1498.6209999999992,1426.6209999999992,74.88,-1498.4990000000007,-2.8800000000000026
2026-03-22T19:28:40.130228,1498.6209999999992,1426.6209999999992,74.88,-1498.4990000000007,-2.8800000000000026
2026-03-22T19:28:41.150764,1498.6209999999992,1426.6209999999992,74.88,-1498.4990000000007,-2.8800000000000026
2026-03-22T19:28:42.178424,1498.6209999999992,1426.6209999999992,74.88,-1498.4990000000007,-2.8800000000000026
2026-03-22T19:28:43.195731,1498.6209999999992,1426.6209999999992,74.88,-1498.4990000000007,-2.8800000000000026
2026-03-22T19:28:44.218311,1498.6209999999992,1426.6209999999992,74.88,-1498.4990000000007,-2.8800000000000026
2026-03-22T19:28:45.240458,1498.6209999999992,1426.6209999999992,74.88,-1498.4990000000007,-2.8800000000000026
2026-03-22T19:28:46.263530,1498.6209999999992,1426.6209999999992,74.88,-1498.4990000000007,-2.8800000000000026
2026-03-22T19:28:47.288468,1498.6209999999992,1426.6209999999992,74.88,-1498.4990000000007,-2.8800000000000026
2026-03-22T19:28:48.316897,1498.6209999999992,1426.6209999999992,74.88,-1498.4990000000007,-2.8800000000000026
2026-03-22T19:28:49.344112,1498.6209999999992,1426.6209999999992,74.88,-1498.4990000000007,-2.8800000000000026
2026-03-22T19:28:50.364850,1498.6209999999992,1426.6209999999992,74.88,-1498.4990000000007,-2.8800000000000026
2026-03-22T19:28:51.387504,1491.4209999999994,1491.4209999999994,0.0,-1508.5790000000006,0
2026-03-22T19:28:52.444442,1491.4209999999994,1491.4209999999994,0.0,-1508.5790000000006,0
2026-03-22T19:28:53.477700,1491.4209999999994,1491.4209999999994,0.0,-1508.5790000000006,0
2026-03-22T19:28:54.510021,1491.4209999999994,1491.4209999999994,0.0,-1508.5790000000006,0
2026-03-22T19:28:55.537425,1491.4209999999994,1491.4209999999994,0.0,-1508.5790000000006,0
2026-03-22T19:28:56.563411,1491.4209999999994,1491.4209999999994,0.0,-1508.5790000000006,0
2026-03-22T19:28:57.593386,1491.4209999999994,1491.4209999999994,0.0,-1508.5790000000006,0
2026-03-22T19:28:58.624412,1491.4209999999994,1491.4209999999994,0.0,-1508.5790000000006,0
2026-03-22T19:28:59.643847,1491.4209999999994,1491.4209999999994,0.0,-1508.5790000000006,0
2026-03-22T19:29:00.663415,1491.4209999999994,1491.4209999999994,0.0,-1508.5790000000006,0
2026-03-22T19:29:01.685182,1491.4209999999994,1491.4209999999994,0.0,-1508.5790000000006,0
2026-03-22T19:29:02.716083,1491.4209999999994,1491.4209999999994,0.0,-1508.5790000000006,0
2026-03-22T19:29:03.732909,1491.4209999999994,1491.4209999999994,0.0,-1508.5790000000006,0
2026-03-22T19:29:04.770913,1491.4209999999994,1491.4209999999994,0.0,-1508.5790000000006,0
2026-03-22T19:29:05.819025,1491.4209999999994,1491.4209999999994,0.0,-1508.5790000000006,0
2026-03-22T19:29:06.883084,1491.4209999999994,1491.4209999999994,0.0,-1508.5790000000006,0
2026-03-22T19:29:07.908070,1491.4209999999994,1491.4209999999994,0.0,-1508.5790000000006,0
2026-03-22T19:29:08.944135,1491.4209999999994,1491.4209999999994,0.0,-1508.5790000000006,0
2026-03-22T19:29:09.993102,1491.4209999999994,1491.4209999999994,0.0,-1508.5790000000006,0
2026-03-22T19:29:11.012702,1491.4209999999994,1491.4209999999994,0.0,-1508.5790000000006,0
2026-03-22T19:29:12.044674,1491.4209999999994,1491.4209999999994,0.0,-1508.5790000000006,0
2026-03-22T19:29:13.060202,1491.4209999999994,1491.4209999999994,0.0,-1508.5790000000006,0
2026-03-22T19:29:14.085659,1491.4209999999994,1491.4209999999994,0.0,-1508.5790000000006,0
2026-03-22T19:29:15.114567,1491.4209999999994,1491.4209999999994,0.0,-1508.5790000000006,0
2026-03-22T19:29:16.137757,1491.4209999999994,1491.4209999999994,0.0,-1508.5790000000006,0
2026-03-22T19:29:17.160998,1491.4209999999994,1491.4209999999994,0.0,-1508.5790000000006,0
2026-03-22T19:29:18.179441,1491.4209999999994,1491.4209999999994,0.0,-1508.5790000000006,0
2026-03-22T19:29:19.195540,1491.4209999999994,1491.4209999999994,0.0,-1508.5790000000006,0
2026-03-22T19:29:20.219605,1491.4209999999994,1491.4209999999994,0.0,-1508.5790000000006,0
2026-03-22T19:29:21.277248,1491.4209999999994,1491.4209999999994,0.0,-1508.5790000000006,0
2026-03-22T19:29:22.295322,1491.4209999999994,1491.4209999999994,0.0,-1508.5790000000006,0
2026-03-22T19:29:23.319201,1491.4209999999994,1491.4209999999994,0.0,-1508.5790000000006,0
2026-03-22T19:29:24.343039,1491.4209999999994,1491.4209999999994,0.0,-1508.5790000000006,0
2026-03-22T19:29:25.371342,1491.4209999999994,1491.4209999999994,0.0,-1508.5790000000006,0
2026-03-22T19:29:26.387243,1491.4209999999994,1491.4209999999994,0.0,-1508.5790000000006,0
2026-03-22T19:29:27.404951,1491.4209999999994,1491.4209999999994,0.0,-1508.5790000000006,0
2026-03-22T19:29:28.437852,1491.4209999999994,1491.4209999999994,0.0,-1508.5790000000006,0
2026-03-22T19:29:29.462628,1491.4209999999994,1491.4209999999994,0.0,-1508.5790000000006,0
2026-03-22T19:29:30.495790,1491.4209999999994,1491.4209999999994,0.0,-1508.5790000000006,0
2026-03-22T19:29:31.513421,1491.4209999999994,1491.4209999999994,0.0,-1508.5790000000006,0
2026-03-22T19:29:32.535819,1491.4209999999994,1491.4209999999994,0.0,-1508.5790000000006,0
2026-03-22T19:29:33.553037,1491.4209999999994,1491.4209999999994,0.0,-1508.5790000000006,0
2026-03-22T19:29:34.584866,1491.4209999999994,1491.4209999999994,0.0,-1508.5790000000006,0
2026-03-22T19:29:35.639726,1491.4209999999994,1491.4209999999994,0.0,-1508.5790000000006,0
2026-03-22T19:29:36.662460,1491.4209999999994,1491.4209999999994,0.0,-1508.5790000000006,0
2026-03-22T19:29:37.686606,1491.4209999999994,1491.4209999999994,0.0,-1508.5790000000006,0
2026-03-22T19:29:38.706678,1491.4209999999994,1491.4209999999994,0.0,-1508.5790000000006,0
2026-03-22T19:29:39.726440,1491.4209999999994,1491.4209999999994,0.0,-1508.5790000000006,0
2026-03-22T19:29:40.746053,1491.4209999999994,1491.4209999999994,0.0,-1508.5790000000006,0
2026-03-22T19:29:41.770390,1491.4209999999994,1491.4209999999994,0.0,-1508.5790000000006,0
2026-03-22T19:29:42.792818,1491.4209999999994,1491.4209999999994,0.0,-1508.5790000000006,0
2026-03-22T19:29:43.820525,1491.4209999999994,1491.4209999999994,0.0,-1508.5790000000006,0
2026-03-22T19:29:44.838280,1491.4209999999994,1491.4209999999994,0.0,-1508.5790000000006,0
2026-03-22T19:29:45.870583,1491.4209999999994,1491.4209999999994,0.0,-1508.5790000000006,0
2026-03-22T19:29:46.887611,1491.4209999999994,1491.4209999999994,0.0,-1508.5790000000006,0
2026-03-22T19:29:47.905129,1491.4209999999994,1491.4209999999994,0.0,-1508.5790000000006,0
2026-03-22T19:29:48.936999,1491.4209999999994,1491.4209999999994,0.0,-1508.5790000000006,0
2026-03-22T19:29:49.988298,1491.4209999999994,1491.4209999999994,0.0,-1508.5790000000006,0
2026-03-22T19:29:51.005960,1491.4209999999994,1491.4209999999994,0.0,-1508.5790000000006,0
2026-03-22T19:29:52.029068,1491.4209999999994,1491.4209999999994,0.0,-1508.5790000000006,0
2026-03-22T19:29:53.045523,1491.4209999999994,1491.4209999999994,0.0,-1508.5790000000006,0
2026-03-22T19:29:54.070563,1491.4209999999994,1491.4209999999994,0.0,-1508.5790000000006,0
2026-03-22T19:29:55.108038,1491.4209999999994,1491.4209999999994,0.0,-1508.5790000000006,0
2026-03-22T19:29:56.128016,1491.4209999999994,1491.4209999999994,0.0,-1508.5790000000006,0
2026-03-22T19:29:57.144062,1491.4209999999994,1491.4209999999994,0.0,-1508.5790000000006,0
2026-03-22T19:29:58.168235,1491.4209999999994,1491.4209999999994,0.0,-1508.5790000000006,0
2026-03-22T19:29:59.185803,1491.4209999999994,1491.4209999999994,0.0,-1508.5790000000006,0
2026-03-22T19:30:00.203342,1491.4209999999994,1491.4209999999994,0.0,-1508.5790000000006,0
2026-03-22T19:30:01.235746,1491.4209999999994,1491.4209999999994,0.0,-1508.5790000000006,0
2026-03-22T19:30:02.253690,1491.4209999999994,1491.4209999999994,0.0,-1508.5790000000006,0
2026-03-22T19:30:03.302477,1491.4209999999994,1491.4209999999994,0.0,-1508.5790000000006,0
2026-03-22T19:30:04.336187,1491.4209999999994,1491.4209999999994,0.0,-1508.5790000000006,0
2026-03-22T19:30:05.369349,1491.4209999999994,1491.4209999999994,0.0,-1508.5790000000006,0
2026-03-22T19:30:06.387412,1491.4209999999994,1491.4209999999994,0.0,-1508.5790000000006,0
2026-03-22T19:30:07.408818,1491.4209999999994,1491.4209999999994,0.0,-1508.5790000000006,0
2026-03-22T19:30:08.428175,1491.4209999999994,1491.4209999999994,0.0,-1508.5790000000006,0
2026-03-22T19:30:09.446110,1491.4209999999994,1491.4209999999994,0.0,-1508.5790000000006,0
2026-03-22T19:30:10.463166,1491.4209999999994,1491.4209999999994,0.0,-1508.5790000000006,0
2026-03-22T19:30:11.478504,1491.4209999999994,1491.4209999999994,0.0,-1508.5790000000006,0
2026-03-22T19:30:12.495602,1491.4209999999994,1491.4209999999994,0.0,-1508.5790000000006,0
2026-03-22T19:30:13.518293,1491.4209999999994,1491.4209999999994,0.0,-1508.5790000000006,0
2026-03-22T19:30:14.547057,1491.4209999999994,1491.4209999999994,0.0,-1508.5790000000006,0
2026-03-22T19:30:15.565098,1491.4209999999994,1491.4209999999994,0.0,-1508.5790000000006,0
2026-03-22T19:30:16.588795,1491.4209999999994,1491.4209999999994,0.0,-1508.5790000000006,0
2026-03-22T19:30:17.642328,1491.4209999999994,1491.4209999999994,0.0,-1508.5790000000006,0
2026-03-22T19:30:18.661921,1491.4209999999994,1491.4209999999994,0.0,-1508.5790000000006,0
2026-03-22T19:30:19.687176,1491.4209999999994,1491.4209999999994,0.0,-1508.5790000000006,0
2026-03-22T19:30:20.720645,1491.4209999999994,1491.4209999999994,0.0,-1508.5790000000006,0
2026-03-22T19:30:21.746410,1491.4209999999994,1491.4209999999994,0.0,-1508.5790000000006,0
2026-03-22T19:30:22.770837,1491.4209999999994,1491.4209999999994,0.0,-1508.5790000000006,0
2026-03-22T19:30:23.796297,1491.4209999999994,1491.4209999999994,0.0,-1508.5790000000006,0
2026-03-22T19:30:24.821620,1491.4209999999994,1491.4209999999994,0.0,-1508.5790000000006,0
2026-03-22T19:30:25.843010,1491.4209999999994,1491.4209999999994,0.0,-1508.5790000000006,0
2026-03-22T19:30:26.859805,1491.4209999999994,1491.4209999999994,0.0,-1508.5790000000006,0
2026-03-22T19:30:27.885428,1491.4209999999994,1491.4209999999994,0.0,-1508.5790000000006,0
2026-03-22T19:30:28.903212,1491.4209999999994,1491.4209999999994,0.0,-1508.5790000000006,0
2026-03-22T19:30:29.927008,1491.4209999999994,1491.4209999999994,0.0,-1508.5790000000006,0
2026-03-22T19:30:30.961294,1491.4209999999994,1491.4209999999994,0.0,-1508.5790000000006,0
2026-03-22T19:30:32.020758,1491.4209999999994,1491.4209999999994,0.0,-1508.5790000000006,0
2026-03-22T19:30:33.037953,1491.4209999999994,1491.4209999999994,0.0,-1508.5790000000006,0
2026-03-22T19:30:34.053918,1491.4209999999994,1491.4209999999994,0.0,-1508.5790000000006,0
2026-03-22T19:30:35.079627,1491.4209999999994,1491.4209999999994,0.0,-1508.5790000000006,0
2026-03-22T19:30:36.097649,1491.4209999999994,1491.4209999999994,0.0,-1508.5790000000006,0
2026-03-22T19:30:37.126736,1491.4209999999994,1491.4209999999994,0.0,-1508.5790000000006,0
2026-03-22T19:30:38.153127,1491.4209999999994,1491.4209999999994,0.0,-1508.5790000000006,0
2026-03-22T19:30:39.171854,1491.4209999999994,1491.4209999999994,0.0,-1508.5790000000006,0
2026-03-22T19:30:40.186986,1491.4209999999994,1491.4209999999994,0.0,-1508.5790000000006,0
2026-03-22T19:30:41.205014,1491.4209999999994,1491.4209999999994,0.0,-1508.5790000000006,0
2026-03-22T19:30:42.221250,1491.4209999999994,1491.4209999999994,0.0,-1508.5790000000006,0
2026-03-22T19:30:43.238202,1491.4209999999994,1491.4209999999994,0.0,-1508.5790000000006,0
2026-03-22T19:30:44.253965,1491.4209999999994,1491.4209999999994,0.0,-1508.5790000000006,0
2026-03-22T19:30:45.279490,1491.4209999999994,1491.4209999999994,0.0,-1508.5790000000006,0
2026-03-22T19:30:46.329023,1491.4209999999994,1491.4209999999994,0.0,-1508.5790000000006,0
2026-03-22T19:30:47.351524,1491.4209999999994,1491.4209999999994,0.0,-1508.5790000000006,0
2026-03-22T19:30:48.376463,1491.4209999999994,1491.4209999999994,0.0,-1508.5790000000006,0
2026-03-22T19:30:49.412409,1491.4209999999994,1491.4209999999994,0.0,-1508.5790000000006,0
2026-03-22T19:30:50.443909,1491.4209999999994,1491.4209999999994,0.0,-1508.5790000000006,0
2026-03-22T19:30:51.462114,1491.4209999999994,1491.4209999999994,0.0,-1508.5790000000006,0
2026-03-22T19:30:52.479875,1491.4209999999994,1491.4209999999994,0.0,-1508.5790000000006,0
2026-03-22T19:30:53.495415,1491.4209999999994,1491.4209999999994,0.0,-1508.5790000000006,0
2026-03-22T19:30:54.512969,1491.4209999999994,1491.4209999999994,0.0,-1508.5790000000006,0
2026-03-22T19:30:55.529983,1491.4209999999994,1491.4209999999994,0.0,-1508.5790000000006,0
2026-03-22T19:30:56.545760,1491.4209999999994,1491.4209999999994,0.0,-1508.5790000000006,0
2026-03-22T19:30:57.568698,1491.4209999999994,1491.4209999999994,0.0,-1508.5790000000006,0
2026-03-22T19:30:58.586928,1491.4209999999994,1491.4209999999994,0.0,-1508.5790000000006,0
2026-03-22T19:30:59.612822,1491.4209999999994,1491.4209999999994,0.0,-1508.5790000000006,0
2026-03-22T19:31:00.671007,1491.4209999999994,1491.4209999999994,0.0,-1508.5790000000006,0
2026-03-22T19:31:01.688034,1491.4209999999994,1491.4209999999994,0.0,-1508.5790000000006,0
2026-03-22T19:31:02.703946,1491.4209999999994,1491.4209999999994,0.0,-1508.5790000000006,0
2026-03-22T19:31:03.737438,1491.4209999999994,1491.4209999999994,0.0,-1508.5790000000006,0
2026-03-22T19:31:04.763109,1491.4209999999994,1491.4209999999994,0.0,-1508.5790000000006,0
2026-03-22T19:31:05.779776,1491.4209999999994,1491.4209999999994,0.0,-1508.5790000000006,0
2026-03-22T19:31:06.811763,1491.4209999999994,1491.4209999999994,0.0,-1508.5790000000006,0
2026-03-22T19:31:07.826534,1491.4209999999994,1491.4209999999994,0.0,-1508.5790000000006,0
2026-03-22T19:31:08.842538,1491.4209999999994,1491.4209999999994,0.0,-1508.5790000000006,0
2026-03-22T19:31:09.872085,1491.4209999999994,1491.4209999999994,0.0,-1508.5790000000006,0
2026-03-22T19:31:10.887542,1491.4209999999994,1491.4209999999994,0.0,-1508.5790000000006,0
2026-03-22T19:31:11.912177,1491.4209999999994,1491.4209999999994,0.0,-1508.5790000000006,0
2026-03-22T19:31:12.932627,1491.4209999999994,1491.4209999999994,0.0,-1508.5790000000006,0
2026-03-22T19:31:13.988889,1491.4209999999994,1491.4209999999994,0.0,-1508.5790000000006,0
2026-03-22T19:31:15.018040,1491.4209999999994,1491.4209999999994,0.0,-1508.5790000000006,0
2026-03-22T19:31:16.037510,1491.4209999999994,1491.4209999999994,0.0,-1508.5790000000006,0
2026-03-22T19:31:17.054384,1491.4209999999994,1491.4209999999994,0.0,-1508.5790000000006,0
2026-03-22T19:31:18.073137,1491.4209999999994,1491.4209999999994,0.0,-1508.5790000000006,0
2026-03-22T19:31:19.110331,1491.4209999999994,1491.4209999999994,0.0,-1508.5790000000006,0
2026-03-22T19:31:20.136906,1491.4209999999994,1491.4209999999994,0.0,-1508.5790000000006,0
2026-03-22T19:31:21.152456,1491.4209999999994,1491.4209999999994,0.0,-1508.5790000000006,0
2026-03-22T19:31:22.170942,1491.4209999999994,1491.4209999999994,0.0,-1508.5790000000006,0
2026-03-22T19:31:23.192876,1491.4209999999994,1491.4209999999994,0.0,-1508.5790000000006,0
2026-03-22T19:31:24.212210,1491.4209999999994,1491.4209999999994,0.0,-1508.5790000000006,0
2026-03-22T19:31:25.227597,1491.4209999999994,1491.4209999999994,0.0,-1508.5790000000006,0
2026-03-22T19:31:26.251695,1491.4209999999994,1491.4209999999994,0.0,-1508.5790000000006,0
2026-03-22T19:31:27.270034,1491.4209999999994,1491.4209999999994,0.0,-1508.5790000000006,0
2026-03-22T19:31:28.327491,1491.4209999999994,1491.4209999999994,0.0,-1508.5790000000006,0
2026-03-22T19:31:29.346186,1491.4209999999994,1491.4209999999994,0.0,-1508.5790000000006,0
2026-03-22T19:31:30.370369,1491.4209999999994,1491.4209999999994,0.0,-1508.5790000000006,0
2026-03-22T19:31:31.387915,1491.4209999999994,1491.4209999999994,0.0,-1508.5790000000006,0
2026-03-22T19:31:32.404164,1491.4209999999994,1491.4209999999994,0.0,-1508.5790000000006,0
2026-03-22T19:31:33.420561,1491.4209999999994,1491.4209999999994,0.0,-1508.5790000000006,0
2026-03-22T19:31:34.445517,1491.4209999999994,1491.4209999999994,0.0,-1508.5790000000006,0
2026-03-22T19:31:35.468933,1491.4209999999994,1491.4209999999994,0.0,-1508.5790000000006,0
2026-03-22T19:31:36.487092,1491.4209999999994,1491.4209999999994,0.0,-1508.5790000000006,0
2026-03-22T19:31:37.503749,1491.4209999999994,1491.4209999999994,0.0,-1508.5790000000006,0
2026-03-22T19:31:38.528070,1491.4209999999994,1491.4209999999994,0.0,-1508.5790000000006,0
2026-03-22T19:31:39.545378,1491.4209999999994,1491.4209999999994,0.0,-1508.5790000000006,0
2026-03-22T19:31:40.562075,1491.4209999999994,1491.4209999999994,0.0,-1508.5790000000006,0
2026-03-22T19:31:41.587046,1491.4209999999994,1491.4209999999994,0.0,-1508.5790000000006,0
2026-03-22T19:31:42.620234,1491.4209999999994,1491.4209999999994,0.0,-1508.5790000000006,0
2026-03-22T19:31:43.677250,1491.4209999999994,1491.4209999999994,0.0,-1508.5790000000006,0
2026-03-22T19:31:44.695783,1491.4209999999994,1491.4209999999994,0.0,-1508.5790000000006,0
2026-03-22T19:31:45.712181,1491.4209999999994,1491.4209999999994,0.0,-1508.5790000000006,0
2026-03-22T19:31:46.729912,1491.4209999999994,1491.4209999999994,0.0,-1508.5790000000006,0
2026-03-22T19:31:47.743757,1491.4209999999994,1491.4209999999994,0.0,-1508.5790000000006,0
2026-03-22T19:31:48.759390,1491.4209999999994,1491.4209999999994,0.0,-1508.5790000000006,0
2026-03-22T19:31:49.787352,1491.4209999999994,1491.4209999999994,0.0,-1508.5790000000006,0
