Timestamp,Equity,Cash,Exposure,Realized_PnL,Unrealized_PnL
2026-03-23T12:05:55.240364,2851.462908859779,2391.2909999999997,459.61,-149.09899999999996,0.5619088597793205
2026-03-23T12:05:56.277256,2851.462908859779,2391.2909999999997,459.61,-149.09899999999996,0.5619088597793205
2026-03-23T12:05:57.304795,2851.462908859779,2391.2909999999997,459.61,-149.09899999999996,0.5619088597793205
2026-03-23T12:05:58.333559,2866.361,2521.101,334.31,-144.58899999999994,10.949999999999985
2026-03-23T12:05:59.367263,2866.361,2521.101,334.31,-144.58899999999994,10.949999999999985
2026-03-23T12:06:00.404315,2866.361,2521.101,334.31,-144.58899999999994,10.949999999999985
2026-03-23T12:06:01.431663,2866.361,2521.101,334.31,-144.58899999999994,10.949999999999985
2026-03-23T12:06:02.461653,2866.361,2521.101,334.31,-144.58899999999994,10.949999999999985
2026-03-23T12:06:03.489232,2866.361,2521.101,334.31,-144.58899999999994,10.949999999999985
2026-03-23T12:06:04.524562,2866.361,2521.101,334.31,-144.58899999999994,10.949999999999985
2026-03-23T12:06:05.555056,2866.361,2521.101,334.31,-144.58899999999994,10.949999999999985
2026-03-23T12:06:06.589226,2866.361,2521.101,334.31,-144.58899999999994,10.949999999999985
2026-03-23T12:06:07.624166,2866.361,2521.101,334.31,-144.58899999999994,10.949999999999985
2026-03-23T12:06:08.758153,2866.361,2521.101,334.31,-144.58899999999994,10.949999999999985
2026-03-23T12:06:09.787859,2866.361,2521.101,334.31,-144.58899999999994,10.949999999999985
2026-03-23T12:06:10.822265,2866.361,2521.101,334.31,-144.58899999999994,10.949999999999985
2026-03-23T12:06:11.850535,2866.361,2521.101,334.31,-144.58899999999994,10.949999999999985
2026-03-23T12:06:12.886715,2866.361,2521.101,334.31,-144.58899999999994,10.949999999999985
2026-03-23T12:06:13.917213,2866.361,2521.101,334.31,-144.58899999999994,10.949999999999985
2026-03-23T12:06:14.957156,2866.361,2521.101,334.31,-144.58899999999994,10.949999999999985
2026-03-23T12:06:15.984246,2866.361,2521.101,334.31,-144.58899999999994,10.949999999999985
2026-03-23T12:06:17.018907,2866.361,2521.101,334.31,-144.58899999999994,10.949999999999985
2026-03-23T12:06:18.098235,2866.361,2521.101,334.31,-144.58899999999994,10.949999999999985
2026-03-23T12:06:19.142880,2866.361,2521.101,334.31,-144.58899999999994,10.949999999999985
2026-03-23T12:06:20.171619,2866.361,2521.101,334.31,-144.58899999999994,10.949999999999985
2026-03-23T12:06:21.200442,2866.361,2521.101,334.31,-144.58899999999994,10.949999999999985
2026-03-23T12:06:22.253179,2866.361,2521.101,334.31,-144.58899999999994,10.949999999999985
2026-03-23T12:06:23.282857,2866.361,2521.101,334.31,-144.58899999999994,10.949999999999985
2026-03-23T12:06:24.311882,2866.361,2521.101,334.31,-144.58899999999994,10.949999999999985
2026-03-23T12:06:25.338778,2866.361,2521.101,334.31,-144.58899999999994,10.949999999999985
2026-03-23T12:06:26.369376,2866.361,2521.101,334.31,-144.58899999999994,10.949999999999985
2026-03-23T12:06:27.406802,2866.361,2521.101,334.31,-144.58899999999994,10.949999999999985
2026-03-23T12:06:28.437818,2866.361,2521.101,334.31,-144.58899999999994,10.949999999999985
2026-03-23T12:06:29.462143,2866.361,2521.101,334.31,-144.58899999999994,10.949999999999985
2026-03-23T12:06:30.495630,2866.361,2521.101,334.31,-144.58899999999994,10.949999999999985
2026-03-23T12:06:31.534626,2866.361,2521.101,334.31,-144.58899999999994,10.949999999999985
2026-03-23T12:06:32.583225,2866.361,2521.101,334.31,-144.58899999999994,10.949999999999985
2026-03-23T12:06:33.759517,2866.361,2521.101,334.31,-144.58899999999994,10.949999999999985
2026-03-23T12:06:34.788268,2866.361,2521.101,334.31,-144.58899999999994,10.949999999999985
2026-03-23T12:06:35.818313,2866.361,2521.101,334.31,-144.58899999999994,10.949999999999985
2026-03-23T12:06:36.851187,2866.361,2521.101,334.31,-144.58899999999994,10.949999999999985
2026-03-23T12:06:37.888993,2866.361,2395.491,459.92,-144.58899999999994,10.949999999999985
2026-03-23T12:06:38.923336,2865.321,2394.451,459.92,-145.62899999999993,10.949999999999985
2026-03-23T12:06:39.949800,2865.321,2394.451,459.92,-145.62899999999993,10.949999999999985
2026-03-23T12:06:40.977675,2865.321,2394.451,459.92,-145.62899999999993,10.949999999999985
2026-03-23T12:06:42.007236,2865.321,2394.451,459.92,-145.62899999999993,10.949999999999985
2026-03-23T12:06:43.033702,2865.321,2394.451,459.92,-145.62899999999993,10.949999999999985
2026-03-23T12:06:44.070251,2865.321,2394.451,459.92,-145.62899999999993,10.949999999999985
2026-03-23T12:06:45.099162,2865.321,2394.451,459.92,-145.62899999999993,10.949999999999985
2026-03-23T12:06:46.128202,2865.321,2394.451,459.92,-145.62899999999993,10.949999999999985
2026-03-23T12:06:47.154678,2865.321,2394.451,459.92,-145.62899999999993,10.949999999999985
2026-03-23T12:06:48.186177,2865.321,2394.451,459.92,-145.62899999999993,10.949999999999985
2026-03-23T12:06:49.214272,2865.321,2394.451,459.92,-145.62899999999993,10.949999999999985
2026-03-23T12:06:50.264672,2865.321,2394.451,459.92,-145.62899999999993,10.949999999999985
2026-03-23T12:06:51.293229,2865.321,2394.451,459.92,-145.62899999999993,10.949999999999985
2026-03-23T12:06:52.327210,2865.321,2394.451,459.92,-145.62899999999993,10.949999999999985
2026-03-23T12:06:53.363396,2865.321,2394.451,459.92,-145.62899999999993,10.949999999999985
2026-03-23T12:06:54.391578,2865.321,2394.451,459.92,-145.62899999999993,10.949999999999985
2026-03-23T12:06:55.420203,2865.321,2394.451,459.92,-145.62899999999993,10.949999999999985
2026-03-23T12:06:56.461707,2865.561,2394.451,459.92,-145.62899999999993,11.190000000000008
2026-03-23T12:06:57.505674,2865.561,2394.451,459.92,-145.62899999999993,11.190000000000008
2026-03-23T12:06:58.673668,2865.561,2394.451,459.92,-145.62899999999993,11.190000000000008
2026-03-23T12:06:59.710185,2865.561,2394.451,459.92,-145.62899999999993,11.190000000000008
2026-03-23T12:07:00.740764,2865.561,2394.451,459.92,-145.62899999999993,11.190000000000008
2026-03-23T12:07:01.771627,2865.561,2394.451,459.92,-145.62899999999993,11.190000000000008
2026-03-23T12:07:02.812641,2865.561,2394.451,459.92,-145.62899999999993,11.190000000000008
2026-03-23T12:07:03.847829,2865.561,2394.451,459.92,-145.62899999999993,11.190000000000008
2026-03-23T12:07:04.880288,2865.561,2394.451,459.92,-145.62899999999993,11.190000000000008
2026-03-23T12:07:05.918200,2858.451,2394.451,459.92,-145.62899999999993,4.080000000000004
2026-03-23T12:07:06.960534,2858.451,2394.451,459.92,-145.62899999999993,4.080000000000004
2026-03-23T12:07:07.989314,2858.451,2394.451,459.92,-145.62899999999993,4.080000000000004
2026-03-23T12:07:09.024145,2858.451,2394.451,459.92,-145.62899999999993,4.080000000000004
2026-03-23T12:07:10.055557,2858.451,2394.451,459.92,-145.62899999999993,4.080000000000004
2026-03-23T12:07:11.086535,2858.451,2394.451,459.92,-145.62899999999993,4.080000000000004
2026-03-23T12:07:12.115519,2858.451,2394.451,459.92,-145.62899999999993,4.080000000000004
2026-03-23T12:07:13.149106,2858.451,2394.451,459.92,-145.62899999999993,4.080000000000004
2026-03-23T12:07:14.177118,2841.8610000000003,2498.731,334.31,-166.95899999999995,8.820000000000007
2026-03-23T12:07:15.209469,2841.8610000000003,2498.731,334.31,-166.95899999999995,8.820000000000007
2026-03-23T12:07:16.236305,2841.8610000000003,2498.731,334.31,-166.95899999999995,8.820000000000007
2026-03-23T12:07:17.265733,2841.8610000000003,2498.731,334.31,-166.95899999999995,8.820000000000007
2026-03-23T12:07:18.295219,2841.8610000000003,2498.731,334.31,-166.95899999999995,8.820000000000007
2026-03-23T12:07:19.350241,2841.8610000000003,2498.731,334.31,-166.95899999999995,8.820000000000007
2026-03-23T12:07:20.389092,2841.8610000000003,2498.731,334.31,-166.95899999999995,8.820000000000007
2026-03-23T12:07:21.421468,2841.8610000000003,2498.731,334.31,-166.95899999999995,8.820000000000007
2026-03-23T12:07:22.465264,2841.8610000000003,2498.731,334.31,-166.95899999999995,8.820000000000007
2026-03-23T12:07:23.602701,2841.8610000000003,2498.731,334.31,-166.95899999999995,8.820000000000007
2026-03-23T12:07:24.634312,2841.8610000000003,2498.731,334.31,-166.95899999999995,8.820000000000007
2026-03-23T12:07:25.660158,2841.8610000000003,2498.731,334.31,-166.95899999999995,8.820000000000007
2026-03-23T12:07:26.689539,2841.8610000000003,2498.731,334.31,-166.95899999999995,8.820000000000007
2026-03-23T12:07:27.718481,2841.8610000000003,2498.731,334.31,-166.95899999999995,8.820000000000007
2026-03-23T12:07:28.759617,2841.8610000000003,2498.731,334.31,-166.95899999999995,8.820000000000007
2026-03-23T12:07:29.788268,2841.8610000000003,2498.731,334.31,-166.95899999999995,8.820000000000007
2026-03-23T12:07:30.821182,2841.8610000000003,2498.731,334.31,-166.95899999999995,8.820000000000007
2026-03-23T12:07:31.852353,2841.8610000000003,2498.731,334.31,-166.95899999999995,8.820000000000007
2026-03-23T12:07:32.887478,2843.991,2498.731,334.31,-166.95899999999995,10.949999999999985
2026-03-23T12:07:33.917230,2843.991,2498.731,334.31,-166.95899999999995,10.949999999999985
2026-03-23T12:07:34.952205,2843.991,2498.731,334.31,-166.95899999999995,10.949999999999985
2026-03-23T12:07:35.980837,2843.991,2498.731,334.31,-166.95899999999995,10.949999999999985
2026-03-23T12:07:37.015106,2843.991,2498.731,334.31,-166.95899999999995,10.949999999999985
2026-03-23T12:07:38.044242,2843.991,2498.731,334.31,-166.95899999999995,10.949999999999985
2026-03-23T12:07:39.073680,2843.991,2498.731,334.31,-166.95899999999995,10.949999999999985
2026-03-23T12:07:40.103538,2843.991,2498.731,334.31,-166.95899999999995,10.949999999999985
2026-03-23T12:07:41.130334,2843.991,2498.731,334.31,-166.95899999999995,10.949999999999985
2026-03-23T12:07:42.160497,2843.991,2498.731,334.31,-166.95899999999995,10.949999999999985
2026-03-23T12:07:43.192139,2843.991,2498.731,334.31,-166.95899999999995,10.949999999999985
2026-03-23T12:07:44.219920,2843.991,2498.731,334.31,-166.95899999999995,10.949999999999985
2026-03-23T12:07:45.260557,2843.991,2498.731,334.31,-166.95899999999995,10.949999999999985
2026-03-23T12:07:46.297771,2843.991,2498.731,334.31,-166.95899999999995,10.949999999999985
2026-03-23T12:07:47.416177,2843.991,2498.731,334.31,-166.95899999999995,10.949999999999985
2026-03-23T12:07:48.452374,2843.991,2498.731,334.31,-166.95899999999995,10.949999999999985
2026-03-23T12:07:49.478094,2843.991,2498.731,334.31,-166.95899999999995,10.949999999999985
2026-03-23T12:07:50.511263,2843.991,2498.731,334.31,-166.95899999999995,10.949999999999985
2026-03-23T12:07:51.538307,2843.991,2498.731,334.31,-166.95899999999995,10.949999999999985
2026-03-23T12:07:52.568340,2843.991,2498.731,334.31,-166.95899999999995,10.949999999999985
2026-03-23T12:07:53.601539,2843.991,2498.731,334.31,-166.95899999999995,10.949999999999985
2026-03-23T12:07:54.630261,2843.991,2498.731,334.31,-166.95899999999995,10.949999999999985
2026-03-23T12:07:55.663068,2843.991,2498.731,334.31,-166.95899999999995,10.949999999999985
2026-03-23T12:07:56.692372,2843.991,2498.731,334.31,-166.95899999999995,10.949999999999985
2026-03-23T12:07:57.721188,2843.991,2498.731,334.31,-166.95899999999995,10.949999999999985
2026-03-23T12:07:58.749583,2843.991,2498.731,334.31,-166.95899999999995,10.949999999999985
2026-03-23T12:07:59.785605,2843.991,2498.731,334.31,-166.95899999999995,10.949999999999985
2026-03-23T12:08:00.815035,2843.991,2498.731,334.31,-166.95899999999995,10.949999999999985
2026-03-23T12:08:01.840698,2843.991,2498.731,334.31,-166.95899999999995,10.949999999999985
2026-03-23T12:08:02.866070,2843.991,2498.731,334.31,-166.95899999999995,10.949999999999985
2026-03-23T12:08:03.892042,2843.991,2498.731,334.31,-166.95899999999995,10.949999999999985
2026-03-23T12:08:04.921158,2843.991,2498.731,334.31,-166.95899999999995,10.949999999999985
2026-03-23T12:08:05.952022,2843.991,2498.731,334.31,-166.95899999999995,10.949999999999985
2026-03-23T12:08:06.977887,2843.991,2498.731,334.31,-166.95899999999995,10.949999999999985
2026-03-23T12:08:08.005560,2843.991,2498.731,334.31,-166.95899999999995,10.949999999999985
2026-03-23T12:08:09.039392,2843.991,2498.731,334.31,-166.95899999999995,10.949999999999985
2026-03-23T12:08:10.075794,2843.991,2498.731,334.31,-166.95899999999995,10.949999999999985
2026-03-23T12:08:11.108059,2843.991,2498.731,334.31,-166.95899999999995,10.949999999999985
2026-03-23T12:08:12.143177,2843.991,2498.731,334.31,-166.95899999999995,10.949999999999985
2026-03-23T12:08:13.255807,2843.991,2498.731,334.31,-166.95899999999995,10.949999999999985
2026-03-23T12:08:14.284187,2843.991,2498.731,334.31,-166.95899999999995,10.949999999999985
2026-03-23T12:08:15.315257,2843.991,2498.731,334.31,-166.95899999999995,10.949999999999985
2026-03-23T12:08:16.349623,2843.991,2498.731,334.31,-166.95899999999995,10.949999999999985
2026-03-23T12:08:17.382243,2843.991,2498.731,334.31,-166.95899999999995,10.949999999999985
2026-03-23T12:08:18.444365,2843.991,2498.731,334.31,-166.95899999999995,10.949999999999985
2026-03-23T12:08:19.474237,2843.991,2498.731,334.31,-166.95899999999995,10.949999999999985
2026-03-23T12:08:20.504262,2843.991,2498.731,334.31,-166.95899999999995,10.949999999999985
2026-03-23T12:08:21.532446,2846.7110000000002,2498.731,334.31,-166.95899999999995,13.669999999999987
2026-03-23T12:08:22.570216,2846.7110000000002,2498.731,334.31,-166.95899999999995,13.669999999999987
2026-03-23T12:08:23.597676,2846.7110000000002,2498.731,334.31,-166.95899999999995,13.669999999999987
2026-03-23T17:54:44.619791,1644.7930000000003,1556.4840000000004,166.733,-1276.7829999999997,-78.424
2026-03-23T17:54:45.806203,1644.7930000000003,1556.4840000000004,166.733,-1276.7829999999997,-78.424
2026-03-23T17:54:47.087810,1644.7930000000003,1556.4840000000004,166.733,-1276.7829999999997,-78.424
2026-03-23T17:54:48.221619,1644.7930000000003,1556.4840000000004,166.733,-1276.7829999999997,-78.424
2026-03-23T17:54:49.357050,1644.7930000000003,1556.4840000000004,166.733,-1276.7829999999997,-78.424
2026-03-23T17:54:50.460042,1644.7930000000003,1556.4840000000004,166.733,-1276.7829999999997,-78.424
2026-03-23T17:54:51.563482,1644.7930000000003,1556.4840000000004,166.733,-1276.7829999999997,-78.424
2026-03-23T17:54:52.663904,1644.7930000000003,1556.4840000000004,166.733,-1276.7829999999997,-78.424
2026-03-23T17:54:53.900583,1644.7930000000003,1556.4840000000004,166.733,-1276.7829999999997,-78.424
2026-03-23T17:54:55.006622,1644.7930000000003,1556.4840000000004,166.733,-1276.7829999999997,-78.424
2026-03-23T17:54:56.112444,1644.7930000000003,1556.4840000000004,166.733,-1276.7829999999997,-78.424
2026-03-23T17:54:57.218075,1644.3410000000003,1556.4840000000004,166.733,-1276.7829999999997,-78.87600000000002
2026-03-23T17:54:58.329692,1644.3410000000003,1556.4840000000004,166.733,-1276.7829999999997,-78.87600000000002
2026-03-23T17:54:59.446501,1644.3410000000003,1556.4840000000004,166.733,-1276.7829999999997,-78.87600000000002
2026-03-23T17:55:00.557244,1644.3410000000003,1556.4840000000004,166.733,-1276.7829999999997,-78.87600000000002
2026-03-23T17:55:01.753547,1644.3410000000003,1556.4840000000004,166.733,-1276.7829999999997,-78.87600000000002
2026-03-23T17:55:02.872153,1644.3410000000003,1556.4840000000004,166.733,-1276.7829999999997,-78.87600000000002
2026-03-23T17:55:03.994595,1644.3410000000003,1556.4840000000004,166.733,-1276.7829999999997,-78.87600000000002
2026-03-23T17:55:05.096612,1644.3410000000003,1556.4840000000004,166.733,-1276.7829999999997,-78.87600000000002
2026-03-23T17:55:06.198342,1644.3410000000003,1556.4840000000004,166.733,-1276.7829999999997,-78.87600000000002
2026-03-23T17:55:07.303353,1646.2100000000003,1556.4840000000004,166.733,-1276.7829999999997,-77.00700000000002
2026-03-23T17:55:08.441708,1646.2100000000003,1556.4840000000004,166.733,-1276.7829999999997,-77.00700000000002
2026-03-23T17:55:09.678278,1646.2100000000003,1556.4840000000004,166.733,-1276.7829999999997,-77.00700000000002
2026-03-23T17:55:10.782202,1646.2100000000003,1556.4840000000004,166.733,-1276.7829999999997,-77.00700000000002
2026-03-23T17:55:11.893613,1646.2100000000003,1556.4840000000004,166.733,-1276.7829999999997,-77.00700000000002
2026-03-23T17:55:13.041021,1646.2100000000003,1556.4840000000004,166.733,-1276.7829999999997,-77.00700000000002
2026-03-23T17:55:14.146702,1646.2100000000003,1556.4840000000004,166.733,-1276.7829999999997,-77.00700000000002
2026-03-23T17:55:15.269850,1646.2100000000003,1556.4840000000004,166.733,-1276.7829999999997,-77.00700000000002
2026-03-23T17:55:16.527861,1646.2100000000003,1556.4840000000004,166.733,-1276.7829999999997,-77.00700000000002
2026-03-23T17:55:17.636584,1642.9920000000002,1556.4840000000002,81.613,-1361.9029999999998,4.894999999999994
2026-03-23T17:55:18.769590,1642.9920000000002,1556.4840000000002,81.613,-1361.9029999999998,4.894999999999994
2026-03-23T17:55:19.906488,1642.9920000000002,1556.4840000000002,81.613,-1361.9029999999998,4.894999999999994
2026-03-23T17:55:21.034036,1642.9920000000002,1556.4840000000002,81.613,-1361.9029999999998,4.894999999999994
2026-03-23T17:55:22.138102,1642.9920000000002,1556.4840000000002,81.613,-1361.9029999999998,4.894999999999994
2026-03-23T17:55:23.428573,1642.9920000000002,1556.4840000000002,81.613,-1361.9029999999998,4.894999999999994
2026-03-23T17:55:24.541138,1642.9920000000002,1556.4840000000002,81.613,-1361.9029999999998,4.894999999999994
2026-03-23T17:55:25.650672,1642.9920000000002,1556.4840000000002,81.613,-1361.9029999999998,4.894999999999994
2026-03-23T17:55:26.762577,1642.9920000000002,1556.4840000000002,81.613,-1361.9029999999998,4.894999999999994
2026-03-23T17:55:27.891405,1642.9920000000002,1556.4840000000002,81.613,-1361.9029999999998,4.894999999999994
2026-03-23T17:55:28.991472,1642.9920000000002,1556.4840000000002,81.613,-1361.9029999999998,4.894999999999994
2026-03-23T17:55:30.112799,1642.9920000000002,1556.4840000000002,81.613,-1361.9029999999998,4.894999999999994
2026-03-23T17:55:31.362524,1642.8140000000003,1556.4840000000002,81.613,-1361.9029999999998,4.716999999999994
2026-03-23T17:55:32.486732,1642.8140000000003,1556.4840000000002,81.613,-1361.9029999999998,4.716999999999994
2026-03-23T17:55:33.634463,1642.8140000000003,1556.4840000000002,81.613,-1361.9029999999998,4.716999999999994
2026-03-23T17:55:34.739520,1642.8140000000003,1556.4840000000002,81.613,-1361.9029999999998,4.716999999999994
2026-03-23T17:55:35.843909,1642.8140000000003,1556.4840000000002,81.613,-1361.9029999999998,4.716999999999994
2026-03-23T17:55:36.980120,1642.8140000000003,1556.4840000000002,81.613,-1361.9029999999998,4.716999999999994
2026-03-23T17:55:38.244262,1642.8140000000003,1556.4840000000002,81.613,-1361.9029999999998,4.716999999999994
2026-03-23T17:55:39.350260,1642.8140000000003,1556.4840000000002,81.613,-1361.9029999999998,4.716999999999994
2026-03-23T17:55:40.463402,1642.8140000000003,1556.4840000000002,81.613,-1361.9029999999998,4.716999999999994
2026-03-23T17:55:41.567154,1643.7930000000001,1556.4840000000002,81.613,-1361.9029999999998,5.695999999999995
2026-03-23T17:55:42.683729,1643.7930000000001,1556.4840000000002,81.613,-1361.9029999999998,5.695999999999995
2026-03-23T17:55:43.811250,1643.7930000000001,1556.4840000000002,81.613,-1361.9029999999998,5.695999999999995
2026-03-23T17:55:44.941046,1643.7930000000001,1556.4840000000002,81.613,-1361.9029999999998,5.695999999999995
2026-03-23T17:55:46.153238,1643.7930000000001,1556.4840000000002,81.613,-1361.9029999999998,5.695999999999995
2026-03-23T17:55:47.263830,1643.7930000000001,1556.4840000000002,81.613,-1361.9029999999998,5.695999999999995
2026-03-23T17:55:48.367159,1643.7930000000001,1556.4840000000002,81.613,-1361.9029999999998,5.695999999999995
2026-03-23T17:55:49.470687,1643.7930000000001,1556.4840000000002,81.613,-1361.9029999999998,5.695999999999995
2026-03-23T17:55:50.576749,1643.7930000000001,1556.4840000000002,81.613,-1361.9029999999998,5.695999999999995
2026-03-23T17:55:51.701004,1643.7930000000001,1556.4840000000002,81.613,-1361.9029999999998,5.695999999999995
2026-03-23T17:55:52.930214,1643.7930000000001,1556.4840000000002,81.613,-1361.9029999999998,5.695999999999995
2026-03-23T17:55:54.030238,1643.7930000000001,1556.4840000000002,81.613,-1361.9029999999998,5.695999999999995
2026-03-23T17:55:55.138141,1643.7930000000001,1556.4840000000002,81.613,-1361.9029999999998,5.695999999999995
2026-03-23T17:55:56.285722,1643.7930000000001,1556.4840000000002,81.613,-1361.9029999999998,5.695999999999995
2026-03-23T17:55:57.396728,1643.7930000000001,1556.4840000000002,81.613,-1361.9029999999998,5.695999999999995
2026-03-23T17:55:58.506302,1643.7930000000001,1556.4840000000002,81.613,-1361.9029999999998,5.695999999999995
2026-03-23T17:55:59.641187,1643.7930000000001,1556.4840000000002,81.613,-1361.9029999999998,5.695999999999995
2026-03-23T17:56:00.884251,1644.1490000000001,1556.4840000000002,81.613,-1361.9029999999998,6.051999999999995
2026-03-23T17:56:02.011352,1644.1490000000001,1556.4840000000002,81.613,-1361.9029999999998,6.051999999999995
2026-03-23T17:56:03.132735,1644.1490000000001,1556.4840000000002,81.613,-1361.9029999999998,6.051999999999995
2026-03-23T17:56:04.267252,1644.1490000000001,1556.4840000000002,81.613,-1361.9029999999998,6.051999999999995
2026-03-23T17:56:05.374817,1644.1490000000001,1556.4840000000002,81.613,-1361.9029999999998,6.051999999999995
2026-03-23T17:56:06.490381,1644.1490000000001,1556.4840000000002,81.613,-1361.9029999999998,6.051999999999995
2026-03-23T17:56:07.712195,1644.1490000000001,1556.4840000000002,81.613,-1361.9029999999998,6.051999999999995
2026-03-23T17:56:08.818506,1644.1490000000001,1556.4840000000002,81.613,-1361.9029999999998,6.051999999999995
2026-03-23T17:56:09.920599,1644.4160000000002,1556.4840000000002,81.613,-1361.9029999999998,6.3189999999999955
2026-03-23T17:56:11.036199,1644.4160000000002,1556.4840000000002,81.613,-1361.9029999999998,6.3189999999999955
2026-03-23T17:56:12.168916,1644.4160000000002,1556.4840000000002,81.613,-1361.9029999999998,6.3189999999999955
2026-03-23T17:56:13.282154,1644.4160000000002,1556.4840000000002,81.613,-1361.9029999999998,6.3189999999999955
2026-03-23T17:56:14.400146,1644.4160000000002,1556.4840000000002,81.613,-1361.9029999999998,6.3189999999999955
2026-03-23T17:56:15.653365,1644.4160000000002,1556.4840000000002,81.613,-1361.9029999999998,6.3189999999999955
2026-03-23T17:56:16.763883,1644.4160000000002,1556.4840000000002,81.613,-1361.9029999999998,6.3189999999999955
2026-03-23T17:56:17.873624,1644.4160000000002,1556.4840000000002,81.613,-1361.9029999999998,6.3189999999999955
2026-03-23T17:56:19.034372,1644.4160000000002,1556.4840000000002,81.613,-1361.9029999999998,6.3189999999999955
2026-03-23T17:56:20.150430,1644.4160000000002,1556.4840000000002,81.613,-1361.9029999999998,6.3189999999999955
2026-03-23T17:56:21.281600,1644.4160000000002,1556.4840000000002,81.613,-1361.9029999999998,6.3189999999999955
2026-03-23T17:56:22.587679,1644.6830000000002,1556.4840000000002,81.613,-1361.9029999999998,6.585999999999996
2026-03-23T17:56:23.763623,1644.6830000000002,1556.4840000000002,81.613,-1361.9029999999998,6.585999999999996
2026-03-23T17:56:24.903873,1644.6830000000002,1556.4840000000002,81.613,-1361.9029999999998,6.585999999999996
2026-03-23T17:56:26.023468,1644.6830000000002,1556.4840000000002,81.613,-1361.9029999999998,6.585999999999996
2026-03-23T17:56:27.130465,1644.6830000000002,1556.4840000000002,81.613,-1361.9029999999998,6.585999999999996
2026-03-23T17:56:28.240223,1644.6830000000002,1556.4840000000002,81.613,-1361.9029999999998,6.585999999999996
2026-03-23T17:56:29.355849,1644.6830000000002,1556.4840000000002,81.613,-1361.9029999999998,6.585999999999996
2026-03-23T17:56:30.581114,1644.6830000000002,1556.4840000000002,81.613,-1361.9029999999998,6.585999999999996
2026-03-23T17:56:31.692021,1644.6830000000002,1556.4840000000002,81.613,-1361.9029999999998,6.585999999999996
2026-03-23T17:56:32.821529,1644.6830000000002,1556.4840000000002,81.613,-1361.9029999999998,6.585999999999996
2026-03-23T17:56:33.932593,1644.6830000000002,1556.4840000000002,81.613,-1361.9029999999998,6.585999999999996
2026-03-23T17:56:35.040712,1644.6830000000002,1556.4840000000002,81.613,-1361.9029999999998,6.585999999999996
2026-03-23T17:56:36.154975,1644.6830000000002,1556.4840000000002,81.613,-1361.9029999999998,6.585999999999996
2026-03-23T17:56:37.397330,1644.6830000000002,1556.4840000000002,81.613,-1361.9029999999998,6.585999999999996
2026-03-23T17:56:38.518803,1644.6830000000002,1556.4840000000002,81.613,-1361.9029999999998,6.585999999999996
2026-03-23T17:56:39.623835,1644.6830000000002,1556.4840000000002,81.613,-1361.9029999999998,6.585999999999996
2026-03-23T17:56:40.744172,1644.6830000000002,1556.4840000000002,81.613,-1361.9029999999998,6.585999999999996
2026-03-23T17:56:41.846329,1644.6830000000002,1556.4840000000002,81.613,-1361.9029999999998,6.585999999999996
2026-03-23T17:56:42.967878,1644.6830000000002,1556.4840000000002,81.613,-1361.9029999999998,6.585999999999996
2026-03-23T17:56:44.200508,1644.6830000000002,1556.4840000000002,81.613,-1361.9029999999998,6.585999999999996
2026-03-23T17:56:45.303045,1644.6830000000002,1556.4840000000002,81.613,-1361.9029999999998,6.585999999999996
2026-03-23T17:56:46.406875,1644.9500000000003,1556.4840000000002,81.613,-1361.9029999999998,6.852999999999996
2026-03-23T17:56:47.559659,1644.9500000000003,1556.4840000000002,81.613,-1361.9029999999998,6.852999999999996
2026-03-23T17:56:48.681178,1644.9500000000003,1556.4840000000002,81.613,-1361.9029999999998,6.852999999999996
2026-03-23T17:56:49.781767,1644.9500000000003,1556.4840000000002,81.613,-1361.9029999999998,6.852999999999996
2026-03-23T17:56:50.916451,1644.9500000000003,1556.4840000000002,81.613,-1361.9029999999998,6.852999999999996
2026-03-23T17:56:52.154686,1644.9500000000003,1556.4840000000002,81.613,-1361.9029999999998,6.852999999999996
2026-03-23T17:56:53.262013,1644.9500000000003,1556.4840000000002,81.613,-1361.9029999999998,6.852999999999996
2026-03-23T17:56:54.371137,1644.9500000000003,1556.4840000000002,81.613,-1361.9029999999998,6.852999999999996
2026-03-23T17:56:55.482120,1644.9500000000003,1556.4840000000002,81.613,-1361.9029999999998,6.852999999999996
2026-03-23T17:56:56.588252,1644.7720000000002,1556.4840000000002,81.613,-1361.9029999999998,6.674999999999996
2026-03-23T17:56:57.710197,1644.7720000000002,1556.4840000000002,81.613,-1361.9029999999998,6.674999999999996
2026-03-23T17:56:58.987375,1644.7720000000002,1556.4840000000002,81.613,-1361.9029999999998,6.674999999999996
2026-03-23T17:57:00.101463,1644.7720000000002,1556.4840000000002,81.613,-1361.9029999999998,6.674999999999996
2026-03-23T17:57:01.214875,1644.7720000000002,1556.4840000000002,81.613,-1361.9029999999998,6.674999999999996
2026-03-23T17:57:02.347793,1644.7720000000002,1556.4840000000002,81.613,-1361.9029999999998,6.674999999999996
2026-03-23T17:57:03.452203,1644.7720000000002,1556.4840000000002,81.613,-1361.9029999999998,6.674999999999996
2026-03-23T17:57:04.558224,1644.7720000000002,1556.4840000000002,81.613,-1361.9029999999998,6.674999999999996
2026-03-23T17:57:05.810709,1644.7720000000002,1556.4840000000002,81.613,-1361.9029999999998,6.674999999999996
2026-03-23T17:57:06.919830,1644.7720000000002,1556.4840000000002,81.613,-1361.9029999999998,6.674999999999996
2026-03-23T17:57:08.033428,1644.7720000000002,1556.4840000000002,81.613,-1361.9029999999998,6.674999999999996
2026-03-23T17:57:09.159876,1644.7720000000002,1556.4840000000002,81.613,-1361.9029999999998,6.674999999999996
2026-03-23T17:57:10.265045,1644.7720000000002,1556.4840000000002,81.613,-1361.9029999999998,6.674999999999996
2026-03-23T17:57:11.386645,1644.7720000000002,1556.4840000000002,81.613,-1361.9029999999998,6.674999999999996
2026-03-23T17:57:12.527187,1644.7720000000002,1556.4840000000002,81.613,-1361.9029999999998,6.674999999999996
2026-03-23T17:57:13.756763,1644.7720000000002,1556.4840000000002,81.613,-1361.9029999999998,6.674999999999996
2026-03-23T17:57:14.872101,1644.7720000000002,1556.4840000000002,81.613,-1361.9029999999998,6.674999999999996
2026-03-23T17:57:15.984700,1644.7720000000002,1556.4840000000002,81.613,-1361.9029999999998,6.674999999999996
2026-03-23T17:57:17.112762,1644.9500000000003,1556.4840000000002,81.613,-1361.9029999999998,6.852999999999996
2026-03-23T17:57:18.253174,1644.9500000000003,1556.4840000000002,81.613,-1361.9029999999998,6.852999999999996
2026-03-23T17:57:19.393325,1644.9500000000003,1556.4840000000002,81.613,-1361.9029999999998,6.852999999999996
2026-03-23T17:57:20.664464,1644.9500000000003,1556.4840000000002,81.613,-1361.9029999999998,6.852999999999996
2026-03-23T17:57:21.773735,1644.9500000000003,1556.4840000000002,81.613,-1361.9029999999998,6.852999999999996
2026-03-23T17:57:22.946484,1644.9500000000003,1556.4840000000002,81.613,-1361.9029999999998,6.852999999999996
2026-03-23T17:57:24.106727,1644.9500000000003,1556.4840000000002,81.613,-1361.9029999999998,6.852999999999996
2026-03-23T17:57:25.209185,1644.9500000000003,1556.4840000000002,81.613,-1361.9029999999998,6.852999999999996
2026-03-23T17:57:26.316600,1644.9500000000003,1556.4840000000002,81.613,-1361.9029999999998,6.852999999999996
2026-03-23T17:57:27.503571,1644.9500000000003,1556.4840000000002,81.613,-1361.9029999999998,6.852999999999996
2026-03-23T17:57:28.759530,1644.9500000000003,1556.4840000000002,81.613,-1361.9029999999998,6.852999999999996
2026-03-23T17:57:29.888578,1644.9500000000003,1556.4840000000002,81.613,-1361.9029999999998,6.852999999999996
2026-03-23T17:57:30.999441,1644.9500000000003,1556.4840000000002,81.613,-1361.9029999999998,6.852999999999996
2026-03-23T17:57:32.132678,1644.9500000000003,1556.4840000000002,81.613,-1361.9029999999998,6.852999999999996
2026-03-23T17:57:33.245605,1644.9500000000003,1556.4840000000002,81.613,-1361.9029999999998,6.852999999999996
2026-03-23T17:57:34.406353,1644.9500000000003,1556.4840000000002,81.613,-1361.9029999999998,6.852999999999996
2026-03-23T17:57:35.657311,1644.9500000000003,1556.4840000000002,81.613,-1361.9029999999998,6.852999999999996
2026-03-23T17:57:36.824210,1644.9500000000003,1556.4840000000002,81.613,-1361.9029999999998,6.852999999999996
2026-03-23T17:57:37.960348,1644.9500000000003,1556.4840000000002,81.613,-1361.9029999999998,6.852999999999996
2026-03-23T17:57:39.074166,1644.9500000000003,1556.4840000000002,81.613,-1361.9029999999998,6.852999999999996
2026-03-23T17:57:40.184113,1644.9500000000003,1556.4840000000002,81.613,-1361.9029999999998,6.852999999999996
2026-03-23T17:57:41.297748,1644.9500000000003,1556.4840000000002,81.613,-1361.9029999999998,6.852999999999996
2026-03-23T17:57:42.459595,1644.9500000000003,1556.4840000000002,81.613,-1361.9029999999998,6.852999999999996
2026-03-23T17:57:43.751183,1644.9500000000003,1556.4840000000002,81.613,-1361.9029999999998,6.852999999999996
2026-03-23T17:57:44.860059,1644.9500000000003,1556.4840000000002,81.613,-1361.9029999999998,6.852999999999996
2026-03-23T17:57:45.966243,1644.9500000000003,1556.4840000000002,81.613,-1361.9029999999998,6.852999999999996
2026-03-23T17:57:47.078521,1644.9500000000003,1556.4840000000002,81.613,-1361.9029999999998,6.852999999999996
2026-03-23T17:57:48.186068,1644.9500000000003,1556.4840000000002,81.613,-1361.9029999999998,6.852999999999996
2026-03-23T17:57:49.292536,1644.9500000000003,1556.4840000000002,81.613,-1361.9029999999998,6.852999999999996
2026-03-23T17:57:50.498538,1644.9500000000003,1556.4840000000002,81.613,-1361.9029999999998,6.852999999999996
2026-03-23T17:57:51.627408,1644.9500000000003,1556.4840000000002,81.613,-1361.9029999999998,6.852999999999996
2026-03-23T17:57:52.788900,1644.8100000000002,1521.2440000000001,116.713,-1362.043,6.852999999999996
2026-03-23T17:57:53.906599,1644.8100000000002,1521.2440000000001,116.713,-1362.043,6.852999999999996
2026-03-23T17:57:55.016414,1644.8100000000002,1521.2440000000001,116.713,-1362.043,6.852999999999996
2026-03-23T17:57:56.127832,1644.8100000000002,1521.2440000000001,116.713,-1362.043,6.852999999999996
2026-03-23T17:57:57.403770,1644.8100000000002,1521.2440000000001,116.713,-1362.043,6.852999999999996
2026-03-23T17:57:58.506140,1644.8100000000002,1521.2440000000001,116.713,-1362.043,6.852999999999996
2026-03-23T17:57:59.613506,1644.8100000000002,1521.2440000000001,116.713,-1362.043,6.852999999999996
2026-03-23T17:58:00.720041,1639.41,1521.2440000000001,116.713,-1362.043,1.4529999999999914
2026-03-23T17:58:01.833390,1639.41,1521.2440000000001,116.713,-1362.043,1.4529999999999914
2026-03-23T17:58:02.968922,1639.41,1521.2440000000001,116.713,-1362.043,1.4529999999999914
2026-03-23T17:58:04.094204,1639.41,1521.2440000000001,116.713,-1362.043,1.4529999999999914
2026-03-23T17:58:05.295533,1639.41,1521.2440000000001,116.713,-1362.043,1.4529999999999914
2026-03-23T17:58:06.402281,1639.41,1521.2440000000001,116.713,-1362.043,1.4529999999999914
2026-03-23T17:58:07.527485,1639.41,1521.2440000000001,116.713,-1362.043,1.4529999999999914
2026-03-23T17:58:08.633554,1639.41,1521.2440000000001,116.713,-1362.043,1.4529999999999914
2026-03-23T17:58:09.745389,1639.41,1521.2440000000001,116.713,-1362.043,1.4529999999999914
2026-03-23T17:58:10.878603,1637.066,1521.2440000000001,116.713,-1362.043,-0.8910000000000053
2026-03-23T17:58:12.027828,1637.066,1521.2440000000001,116.713,-1362.043,-0.8910000000000053
2026-03-23T17:58:13.242271,1637.066,1521.2440000000001,116.713,-1362.043,-0.8910000000000053
2026-03-23T17:58:14.349208,1637.066,1521.2440000000001,116.713,-1362.043,-0.8910000000000053
2026-03-23T17:58:15.461100,1637.066,1521.2440000000001,116.713,-1362.043,-0.8910000000000053
2026-03-23T17:58:16.566121,1637.066,1521.2440000000001,116.713,-1362.043,-0.8910000000000053
2026-03-23T17:58:17.720221,1637.066,1521.2440000000001,116.713,-1362.043,-0.8910000000000053
2026-03-23T17:58:18.854289,1637.066,1521.2440000000001,116.713,-1362.043,-0.8910000000000053
2026-03-23T17:58:20.058144,1644.7160000000001,1521.2440000000001,116.713,-1362.043,6.758999999999996
2026-03-23T17:58:21.184069,1644.7160000000001,1521.2440000000001,116.713,-1362.043,6.758999999999996
2026-03-23T17:58:22.319215,1644.7160000000001,1521.2440000000001,116.713,-1362.043,6.758999999999996
2026-03-23T17:58:23.428406,1644.7160000000001,1521.2440000000001,116.713,-1362.043,6.758999999999996
2026-03-23T17:58:24.559798,1644.7160000000001,1521.2440000000001,116.713,-1362.043,6.758999999999996
2026-03-23T17:58:25.775511,1644.7160000000001,1521.2440000000001,116.713,-1362.043,6.758999999999996
2026-03-23T17:58:27.139178,1644.7160000000001,1521.2440000000001,116.713,-1362.043,6.758999999999996
2026-03-23T17:58:28.241077,1644.7160000000001,1521.2440000000001,116.713,-1362.043,6.758999999999996
2026-03-23T17:58:29.345249,1644.7160000000001,1521.2440000000001,116.713,-1362.043,6.758999999999996
2026-03-23T17:58:30.453874,1622.2160000000001,1533.394,81.613,-1384.993,7.208999999999996
2026-03-23T17:58:31.570421,1622.2160000000001,1533.394,81.613,-1384.993,7.208999999999996
2026-03-23T17:58:32.714387,1622.2160000000001,1533.394,81.613,-1384.993,7.208999999999996
2026-03-23T17:58:33.921169,1622.2160000000001,1533.394,81.613,-1384.993,7.208999999999996
2026-03-23T17:58:35.131327,1622.2160000000001,1533.394,81.613,-1384.993,7.208999999999996
2026-03-23T17:58:36.252605,1622.2160000000001,1533.394,81.613,-1384.993,7.208999999999996
2026-03-23T17:58:37.356151,1622.2160000000001,1533.394,81.613,-1384.993,7.208999999999996
2026-03-23T17:58:38.477870,1622.2160000000001,1533.394,81.613,-1384.993,7.208999999999996
2026-03-23T17:58:39.579599,1622.2160000000001,1533.394,81.613,-1384.993,7.208999999999996
2026-03-23T17:58:40.733896,1622.2160000000001,1533.394,81.613,-1384.993,7.208999999999996
2026-03-23T17:58:41.957542,1622.2160000000001,1533.394,81.613,-1384.993,7.208999999999996
2026-03-23T17:58:43.060652,1622.2160000000001,1533.394,81.613,-1384.993,7.208999999999996
2026-03-23T17:58:44.170457,1622.305,1533.394,81.613,-1384.993,7.2979999999999965
2026-03-23T17:58:45.294294,1622.305,1533.394,81.613,-1384.993,7.2979999999999965
2026-03-23T17:58:46.426706,1622.305,1533.394,81.613,-1384.993,7.2979999999999965
2026-03-23T17:58:47.606616,1622.305,1533.394,81.613,-1384.993,7.2979999999999965
2026-03-23T17:58:48.794087,1622.305,1533.394,81.613,-1384.993,7.2979999999999965
2026-03-23T17:58:50.004124,1622.305,1533.394,81.613,-1384.993,7.2979999999999965
2026-03-23T17:58:51.114599,1622.305,1533.394,81.613,-1384.993,7.2979999999999965
2026-03-23T17:58:52.223255,1622.305,1533.394,81.613,-1384.993,7.2979999999999965
2026-03-23T17:58:53.335625,1622.305,1533.394,81.613,-1384.993,7.2979999999999965
2026-03-23T17:58:54.448880,1622.305,1533.394,81.613,-1384.993,7.2979999999999965
2026-03-23T17:58:55.583307,1622.305,1533.394,81.613,-1384.993,7.2979999999999965
2026-03-23T17:58:56.856225,1622.305,1533.394,81.613,-1384.993,7.2979999999999965
2026-03-23T17:58:57.977199,1622.305,1533.394,81.613,-1384.993,7.2979999999999965
2026-03-23T17:58:59.099603,1622.305,1533.394,81.613,-1384.993,7.2979999999999965
2026-03-23T17:59:00.229316,1622.305,1533.394,81.613,-1384.993,7.2979999999999965
2026-03-23T17:59:01.332567,1622.305,1533.394,81.613,-1384.993,7.2979999999999965
2026-03-23T17:59:02.441906,1622.305,1533.394,81.613,-1384.993,7.2979999999999965
2026-03-23T17:59:03.573849,1622.305,1533.394,81.613,-1384.993,7.2979999999999965
2026-03-23T17:59:04.781348,1622.305,1533.394,81.613,-1384.993,7.2979999999999965
2026-03-23T17:59:05.918192,1622.305,1533.394,81.613,-1384.993,7.2979999999999965
2026-03-23T17:59:07.096333,1622.305,1533.394,81.613,-1384.993,7.2979999999999965
2026-03-23T17:59:08.233615,1622.305,1533.394,81.613,-1384.993,7.2979999999999965
2026-03-23T17:59:09.361477,1622.305,1533.394,81.613,-1384.993,7.2979999999999965
2026-03-23T17:59:10.512153,1622.305,1533.394,81.613,-1384.993,7.2979999999999965
2026-03-23T17:59:11.726438,1622.305,1533.394,81.613,-1384.993,7.2979999999999965
2026-03-23T17:59:12.839565,1622.305,1533.394,81.613,-1384.993,7.2979999999999965
2026-03-23T17:59:13.950566,1622.305,1533.394,81.613,-1384.993,7.2979999999999965
2026-03-23T17:59:15.093715,1622.305,1533.394,81.613,-1384.993,7.2979999999999965
2026-03-23T17:59:16.233720,1622.305,1533.394,81.613,-1384.993,7.2979999999999965
2026-03-23T17:59:17.414271,1622.305,1533.394,81.613,-1384.993,7.2979999999999965
2026-03-23T17:59:18.585868,1622.305,1533.394,81.613,-1384.993,7.2979999999999965
2026-03-23T17:59:19.892179,1622.305,1533.394,81.613,-1384.993,7.2979999999999965
2026-03-23T17:59:21.005291,1622.305,1533.394,81.613,-1384.993,7.2979999999999965
2026-03-23T17:59:22.140225,1622.305,1533.394,81.613,-1384.993,7.2979999999999965
2026-03-23T17:59:23.264146,1622.305,1533.394,81.613,-1384.993,7.2979999999999965
2026-03-23T17:59:24.396175,1622.305,1533.394,81.613,-1384.993,7.2979999999999965
2026-03-23T17:59:25.559066,1622.305,1533.394,81.613,-1384.993,7.2979999999999965
2026-03-23T17:59:26.721653,1622.305,1533.394,81.613,-1384.993,7.2979999999999965
2026-03-23T17:59:27.926139,1622.305,1533.394,81.613,-1384.993,7.2979999999999965
2026-03-23T17:59:29.054278,1622.305,1533.394,81.613,-1384.993,7.2979999999999965
2026-03-23T17:59:30.160497,1622.305,1533.394,81.613,-1384.993,7.2979999999999965
2026-03-23T17:59:31.266473,1622.305,1533.394,81.613,-1384.993,7.2979999999999965
2026-03-23T17:59:32.400274,1622.305,1533.394,81.613,-1384.993,7.2979999999999965
2026-03-23T17:59:33.541070,1622.305,1533.394,81.613,-1384.993,7.2979999999999965
2026-03-23T17:59:34.793249,1622.305,1533.394,81.613,-1384.993,7.2979999999999965
2026-03-23T17:59:35.926311,1622.305,1533.394,81.613,-1384.993,7.2979999999999965
2026-03-23T17:59:37.078238,1622.305,1533.394,81.613,-1384.993,7.2979999999999965
2026-03-23T17:59:38.200223,1622.305,1533.394,81.613,-1384.993,7.2979999999999965
2026-03-23T17:59:39.307762,1622.305,1533.394,81.613,-1384.993,7.2979999999999965
2026-03-23T17:59:40.420188,1622.305,1533.394,81.613,-1384.993,7.2979999999999965
2026-03-23T17:59:41.642350,1622.305,1533.394,81.613,-1384.993,7.2979999999999965
2026-03-23T17:59:42.768685,1622.305,1533.394,81.613,-1384.993,7.2979999999999965
2026-03-23T17:59:43.882570,1622.305,1533.394,81.613,-1384.993,7.2979999999999965
2026-03-23T17:59:45.005167,1622.305,1533.394,81.613,-1384.993,7.2979999999999965
2026-03-23T17:59:46.119621,1622.305,1533.394,81.613,-1384.993,7.2979999999999965
2026-03-23T17:59:47.233579,1622.305,1533.394,81.613,-1384.993,7.2979999999999965
2026-03-23T17:59:48.365295,1622.305,1533.394,81.613,-1384.993,7.2979999999999965
2026-03-23T17:59:49.591188,1622.305,1533.394,81.613,-1384.993,7.2979999999999965
2026-03-23T17:59:50.726497,1622.305,1533.394,81.613,-1384.993,7.2979999999999965
2026-03-23T17:59:51.830658,1622.305,1533.394,81.613,-1384.993,7.2979999999999965
2026-03-23T17:59:52.975185,1622.305,1533.394,81.613,-1384.993,7.2979999999999965
2026-03-23T17:59:54.091607,1622.305,1533.394,81.613,-1384.993,7.2979999999999965
2026-03-23T17:59:55.202852,1622.305,1533.394,81.613,-1384.993,7.2979999999999965
2026-03-23T17:59:56.401664,1622.305,1533.394,81.613,-1384.993,7.2979999999999965
2026-03-23T17:59:57.515565,1622.305,1533.394,81.613,-1384.993,7.2979999999999965
2026-03-23T17:59:58.619528,1622.305,1533.394,81.613,-1384.993,7.2979999999999965
2026-03-23T17:59:59.749233,1622.305,1533.394,81.613,-1384.993,7.2979999999999965
2026-03-23T18:00:00.868027,1622.394,1622.394,0.0,-1377.606,0
2026-03-23T18:00:01.974274,1622.394,1622.394,0.0,-1377.606,0
2026-03-23T18:00:03.119493,1622.394,1622.394,0.0,-1377.606,0
2026-03-23T18:00:04.356441,1622.394,1622.394,0.0,-1377.606,0
2026-03-23T18:00:05.462529,1622.394,1622.394,0.0,-1377.606,0
2026-03-23T18:00:06.569694,1622.394,1622.394,0.0,-1377.606,0
2026-03-23T18:00:07.698136,1622.394,1622.394,0.0,-1377.606,0
2026-03-23T18:00:08.817159,1622.394,1622.394,0.0,-1377.606,0
2026-03-23T18:00:09.988814,1622.394,1622.394,0.0,-1377.606,0
2026-03-23T18:00:11.169704,1622.394,1622.394,0.0,-1377.606,0
2026-03-23T18:00:12.360582,1622.394,1622.394,0.0,-1377.606,0
2026-03-23T18:00:13.496001,1622.394,1622.394,0.0,-1377.606,0
2026-03-23T18:00:14.608360,1622.394,1622.394,0.0,-1377.606,0
2026-03-23T18:00:15.761493,1622.394,1622.394,0.0,-1377.606,0
2026-03-23T18:00:16.924644,1622.394,1622.394,0.0,-1377.606,0
2026-03-23T18:00:18.113214,1622.394,1622.394,0.0,-1377.606,0
2026-03-23T18:00:19.445218,1622.394,1622.394,0.0,-1377.606,0
2026-03-23T18:00:20.578980,1622.394,1622.394,0.0,-1377.606,0
2026-03-23T18:00:21.689398,1622.394,1622.394,0.0,-1377.606,0
2026-03-23T18:00:22.951218,1622.394,1622.394,0.0,-1377.606,0
2026-03-23T18:00:24.060185,1622.394,1622.394,0.0,-1377.606,0
2026-03-23T18:00:25.187079,1622.394,1622.394,0.0,-1377.606,0
2026-03-23T18:00:26.407577,1622.394,1622.394,0.0,-1377.606,0
2026-03-23T18:00:27.533158,1622.394,1622.394,0.0,-1377.606,0
2026-03-23T18:00:28.639858,1622.394,1622.394,0.0,-1377.606,0
2026-03-23T18:00:29.765053,1622.394,1622.394,0.0,-1377.606,0
2026-03-23T18:00:30.910896,1622.394,1622.394,0.0,-1377.606,0
2026-03-23T18:00:32.021885,1622.394,1622.394,0.0,-1377.606,0
2026-03-23T18:00:33.199301,1622.394,1622.394,0.0,-1377.606,0
2026-03-23T18:00:34.447404,1622.394,1622.394,0.0,-1377.606,0
2026-03-23T18:00:35.553443,1622.394,1622.394,0.0,-1377.606,0
2026-03-23T18:00:36.668631,1622.394,1622.394,0.0,-1377.606,0
2026-03-23T18:00:37.782822,1622.394,1622.394,0.0,-1377.606,0
2026-03-23T18:00:38.892375,1622.394,1622.394,0.0,-1377.606,0
2026-03-23T18:00:40.013181,1622.394,1622.394,0.0,-1377.606,0
2026-03-23T18:00:41.171917,1622.394,1622.394,0.0,-1377.606,0
2026-03-23T18:00:42.405188,1622.394,1622.394,0.0,-1377.606,0
2026-03-23T18:00:43.520201,1622.394,1622.394,0.0,-1377.606,0
2026-03-23T18:00:44.654104,1622.394,1622.394,0.0,-1377.606,0
2026-03-23T18:00:45.769809,1622.394,1622.394,0.0,-1377.606,0
2026-03-23T18:00:46.932454,1622.394,1622.394,0.0,-1377.606,0
2026-03-23T18:00:48.108004,1622.394,1622.394,0.0,-1377.606,0
2026-03-23T18:00:49.412487,1622.394,1622.394,0.0,-1377.606,0
2026-03-23T18:00:50.535198,1622.394,1622.394,0.0,-1377.606,0
2026-03-23T18:00:51.682667,1622.394,1622.394,0.0,-1377.606,0
2026-03-23T18:00:52.821567,1622.394,1622.394,0.0,-1377.606,0
2026-03-23T18:00:54.021800,1622.394,1541.394,81.0,-1377.606,0
2026-03-23T18:00:55.157355,1621.684,1540.684,81.0,-1378.316,0.0
2026-03-23T18:00:56.294735,1621.684,1540.684,81.0,-1378.316,0.0
2026-03-23T18:00:57.591253,1621.684,1540.684,81.0,-1378.316,0.0
2026-03-23T18:00:58.704726,1621.684,1540.684,81.0,-1378.316,0.0
2026-03-23T18:00:59.860491,1621.684,1540.684,81.0,-1378.316,0.0
2026-03-23T18:01:00.987674,1621.684,1540.684,81.0,-1378.316,0.0
2026-03-23T18:01:02.126509,1610.344,1540.684,81.0,-1378.316,-11.340000000000002
2026-03-23T18:01:03.382250,1610.344,1540.684,81.0,-1378.316,-11.340000000000002
2026-03-23T18:01:04.639342,1610.344,1540.684,81.0,-1378.316,-11.340000000000002
2026-03-23T18:01:05.758257,1610.344,1540.684,81.0,-1378.316,-11.340000000000002
2026-03-23T18:01:06.923402,1610.344,1540.684,81.0,-1378.316,-11.340000000000002
2026-03-23T18:01:08.047585,1610.344,1540.684,81.0,-1378.316,-11.340000000000002
2026-03-23T18:01:09.172497,1610.344,1540.684,81.0,-1378.316,-11.340000000000002
2026-03-23T18:01:10.301788,1610.344,1540.684,81.0,-1378.316,-11.340000000000002
2026-03-23T18:01:11.574257,1610.344,1540.684,81.0,-1378.316,-11.340000000000002
2026-03-23T18:01:12.699732,1608.724,1540.684,81.0,-1378.316,-12.960000000000003
2026-03-23T18:01:13.870234,1608.724,1540.684,81.0,-1378.316,-12.960000000000003
2026-03-23T18:01:15.085466,1608.724,1540.684,81.0,-1378.316,-12.960000000000003
2026-03-23T18:01:16.202185,1608.724,1540.684,81.0,-1378.316,-12.960000000000003
2026-03-23T18:01:17.319288,1608.724,1540.684,81.0,-1378.316,-12.960000000000003
2026-03-23T18:01:18.535709,1608.724,1540.684,81.0,-1378.316,-12.960000000000003
2026-03-23T18:01:19.824809,1608.724,1540.684,81.0,-1378.316,-12.960000000000003
2026-03-23T18:01:20.949195,1608.724,1540.684,81.0,-1378.316,-12.960000000000003
2026-03-23T18:01:22.064858,1608.724,1540.684,81.0,-1378.316,-12.960000000000003
2026-03-23T18:01:23.229805,1611.964,1540.684,81.0,-1378.316,-9.719999999999999
2026-03-23T18:01:24.420173,1611.964,1540.684,81.0,-1378.316,-9.719999999999999
2026-03-23T18:01:25.560830,1611.964,1540.684,81.0,-1378.316,-9.719999999999999
2026-03-23T18:01:26.794088,1611.964,1540.684,81.0,-1378.316,-9.719999999999999
2026-03-23T18:01:27.909239,1611.964,1540.684,81.0,-1378.316,-9.719999999999999
2026-03-23T18:01:29.023584,1611.964,1540.684,81.0,-1378.316,-9.719999999999999
2026-03-23T18:01:30.156314,1611.964,1540.684,81.0,-1378.316,-9.719999999999999
2026-03-23T18:01:31.263560,1611.964,1540.684,81.0,-1378.316,-9.719999999999999
2026-03-23T18:01:32.380643,1611.964,1540.684,81.0,-1378.316,-9.719999999999999
2026-03-23T18:01:33.533177,1620.064,1620.064,0.0,-1379.936,0
2026-03-23T18:01:34.805568,1620.064,1620.064,0.0,-1379.936,0
2026-03-23T18:01:35.938285,1620.064,1620.064,0.0,-1379.936,0
2026-03-23T18:01:37.055584,1620.064,1620.064,0.0,-1379.936,0
2026-03-23T18:01:38.175481,1620.064,1620.064,0.0,-1379.936,0
2026-03-23T18:01:39.303728,1620.064,1620.064,0.0,-1379.936,0
2026-03-23T18:01:40.479704,1620.064,1620.064,0.0,-1379.936,0
2026-03-23T18:01:41.709541,1620.064,1620.064,0.0,-1379.936,0
2026-03-23T18:01:42.834060,1620.064,1620.064,0.0,-1379.936,0
2026-03-23T18:01:43.966654,1620.064,1620.064,0.0,-1379.936,0
2026-03-23T18:01:45.092252,1620.064,1620.064,0.0,-1379.936,0
2026-03-23T18:01:46.214182,1620.064,1620.064,0.0,-1379.936,0
2026-03-23T18:01:47.326381,1620.064,1620.064,0.0,-1379.936,0
2026-03-23T18:01:48.485962,1620.064,1620.064,0.0,-1379.936,0
2026-03-23T18:01:49.689711,1620.064,1620.064,0.0,-1379.936,0
2026-03-23T18:01:50.815402,1620.064,1620.064,0.0,-1379.936,0
2026-03-23T18:01:51.919712,1620.064,1620.064,0.0,-1379.936,0
2026-03-23T18:01:53.065184,1620.064,1620.064,0.0,-1379.936,0
2026-03-23T18:01:54.199135,1620.064,1620.064,0.0,-1379.936,0
2026-03-23T18:01:55.304008,1620.064,1620.064,0.0,-1379.936,0
2026-03-23T18:01:56.509760,1620.064,1620.064,0.0,-1379.936,0
2026-03-23T18:01:57.658609,1620.064,1620.064,0.0,-1379.936,0
2026-03-23T18:01:58.792816,1620.064,1620.064,0.0,-1379.936,0
2026-03-23T18:01:59.908699,1620.064,1620.064,0.0,-1379.936,0
2026-03-23T18:02:01.027633,1620.064,1620.064,0.0,-1379.936,0
2026-03-23T18:02:02.203303,1620.064,1620.064,0.0,-1379.936,0
2026-03-23T18:02:03.352461,1620.064,1620.064,0.0,-1379.936,0
2026-03-23T18:02:04.543905,1620.064,1620.064,0.0,-1379.936,0
2026-03-23T18:02:05.648609,1620.064,1620.064,0.0,-1379.936,0
2026-03-23T18:02:06.759259,1620.064,1620.064,0.0,-1379.936,0
2026-03-23T18:02:07.895309,1620.064,1620.064,0.0,-1379.936,0
2026-03-23T18:02:09.027225,1620.064,1620.064,0.0,-1379.936,0
2026-03-23T18:02:10.159247,1620.064,1620.064,0.0,-1379.936,0
2026-03-23T18:02:11.370601,1620.064,1620.064,0.0,-1379.936,0
2026-03-23T18:02:12.483186,1620.064,1620.064,0.0,-1379.936,0
2026-03-23T18:02:13.598199,1620.064,1620.064,0.0,-1379.936,0
2026-03-23T18:02:14.705568,1620.064,1620.064,0.0,-1379.936,0
2026-03-23T18:02:15.815109,1620.064,1620.064,0.0,-1379.936,0
2026-03-23T18:02:16.936708,1620.064,1620.064,0.0,-1379.936,0
2026-03-23T18:02:18.116428,1620.064,1620.064,0.0,-1379.936,0
2026-03-23T18:02:19.328197,1620.064,1620.064,0.0,-1379.936,0
2026-03-23T18:02:20.438603,1620.064,1620.064,0.0,-1379.936,0
2026-03-23T18:02:21.560797,1620.064,1620.064,0.0,-1379.936,0
2026-03-23T18:02:22.663512,1620.064,1620.064,0.0,-1379.936,0
2026-03-23T18:02:23.774044,1620.064,1620.064,0.0,-1379.936,0
2026-03-23T18:02:24.888062,1620.064,1620.064,0.0,-1379.936,0
2026-03-23T18:02:26.098012,1620.064,1620.064,0.0,-1379.936,0
2026-03-23T18:02:27.222457,1620.064,1620.064,0.0,-1379.936,0
2026-03-23T18:02:28.351606,1620.064,1620.064,0.0,-1379.936,0
2026-03-23T18:02:29.459845,1620.064,1620.064,0.0,-1379.936,0
2026-03-23T18:02:30.570520,1620.064,1620.064,0.0,-1379.936,0
2026-03-23T18:02:31.693354,1620.064,1620.064,0.0,-1379.936,0
2026-03-23T18:02:33.027154,1620.064,1620.064,0.0,-1379.936,0
2026-03-23T18:02:34.152503,1620.064,1620.064,0.0,-1379.936,0
2026-03-23T18:02:35.258547,1620.064,1620.064,0.0,-1379.936,0
2026-03-23T18:02:36.375795,1620.064,1620.064,0.0,-1379.936,0
2026-03-23T18:02:37.502783,1620.064,1620.064,0.0,-1379.936,0
2026-03-23T18:02:38.656856,1620.064,1620.064,0.0,-1379.936,0
2026-03-23T18:02:39.787688,1620.064,1620.064,0.0,-1379.936,0
2026-03-23T18:02:41.037202,1620.064,1620.064,0.0,-1379.936,0
2026-03-23T18:02:42.151622,1620.064,1620.064,0.0,-1379.936,0
2026-03-23T18:02:43.270194,1620.064,1620.064,0.0,-1379.936,0
2026-03-23T18:02:44.377560,1620.064,1620.064,0.0,-1379.936,0
2026-03-23T18:02:45.487456,1620.064,1620.064,0.0,-1379.936,0
2026-03-23T18:02:46.616267,1620.064,1620.064,0.0,-1379.936,0
2026-03-23T18:02:47.899262,1620.064,1620.064,0.0,-1379.936,0
2026-03-23T18:02:49.021539,1620.064,1620.064,0.0,-1379.936,0
2026-03-23T18:02:50.127118,1620.064,1620.064,0.0,-1379.936,0
2026-03-23T18:02:51.258139,1620.064,1620.064,0.0,-1379.936,0
2026-03-23T18:02:52.374180,1620.064,1620.064,0.0,-1379.936,0
2026-03-23T18:02:53.510191,1620.064,1620.064,0.0,-1379.936,0
2026-03-23T18:02:54.644144,1620.064,1620.064,0.0,-1379.936,0
2026-03-23T18:02:55.866587,1620.064,1620.064,0.0,-1379.936,0
2026-03-23T18:02:56.983616,1620.064,1620.064,0.0,-1379.936,0
2026-03-23T18:02:58.099877,1620.064,1620.064,0.0,-1379.936,0
2026-03-23T18:02:59.214568,1620.064,1620.064,0.0,-1379.936,0
2026-03-23T18:03:00.335538,1620.064,1620.064,0.0,-1379.936,0
2026-03-23T18:03:01.470504,1620.064,1620.064,0.0,-1379.936,0
2026-03-23T18:03:02.603218,1620.064,1620.064,0.0,-1379.936,0
2026-03-23T18:03:03.834026,1620.064,1620.064,0.0,-1379.936,0
2026-03-23T18:03:04.945192,1620.064,1620.064,0.0,-1379.936,0
2026-03-23T18:03:06.067253,1620.064,1620.064,0.0,-1379.936,0
2026-03-23T18:03:07.193472,1620.064,1620.064,0.0,-1379.936,0
2026-03-23T18:03:08.301496,1620.064,1539.544,80.52,-1379.936,0
2026-03-23T18:03:09.447387,1620.064,1539.544,80.52,-1379.936,0
2026-03-23T18:03:10.753093,1619.5140000000001,1538.9940000000001,80.52,-1380.4859999999999,0.0
2026-03-23T18:03:11.868665,1619.5140000000001,1538.9940000000001,80.52,-1380.4859999999999,0.0
2026-03-23T18:03:12.982201,1619.5140000000001,1538.9940000000001,80.52,-1380.4859999999999,0.0
2026-03-23T18:03:14.124611,1619.5140000000001,1538.9940000000001,80.52,-1380.4859999999999,0.0
2026-03-23T18:03:15.239448,1619.5140000000001,1538.9940000000001,80.52,-1380.4859999999999,0.0
2026-03-23T18:03:16.354217,1619.5140000000001,1538.9940000000001,80.52,-1380.4859999999999,0.0
2026-03-23T18:03:17.644229,1619.5140000000001,1538.9940000000001,80.52,-1380.4859999999999,0.0
2026-03-23T18:03:18.765441,1619.5140000000001,1538.9940000000001,80.52,-1380.4859999999999,0.0
2026-03-23T18:03:19.909811,1619.5140000000001,1538.9940000000001,80.52,-1380.4859999999999,0.0
2026-03-23T18:03:21.024677,1619.5140000000001,1538.9940000000001,80.52,-1380.4859999999999,0.0
2026-03-23T18:03:22.161798,1619.5140000000001,1538.9940000000001,80.52,-1380.4859999999999,0.0
2026-03-23T18:03:23.271633,1619.5140000000001,1538.9940000000001,80.52,-1380.4859999999999,0.0
2026-03-23T18:03:24.405205,1619.5140000000001,1538.9940000000001,80.52,-1380.4859999999999,0.0
2026-03-23T18:03:25.632157,1619.5140000000001,1538.9940000000001,80.52,-1380.4859999999999,0.0
2026-03-23T18:03:26.754670,1619.5140000000001,1538.9940000000001,80.52,-1380.4859999999999,0.0
2026-03-23T18:03:27.868559,1540.314,1538.9940000000001,80.52,-1380.4859999999999,-79.2
2026-03-23T18:03:28.980887,1622.1540000000002,1538.9940000000001,80.52,-1380.4859999999999,2.6400000000000023
2026-03-23T18:03:30.103786,1622.1540000000002,1538.9940000000001,80.52,-1380.4859999999999,2.6400000000000023
2026-03-23T18:03:31.245308,1622.1540000000002,1538.9940000000001,80.52,-1380.4859999999999,2.6400000000000023
2026-03-23T18:03:32.546843,1622.1540000000002,1538.9940000000001,80.52,-1380.4859999999999,2.6400000000000023
2026-03-23T18:03:33.661549,1622.1540000000002,1538.9940000000001,80.52,-1380.4859999999999,2.6400000000000023
2026-03-23T18:03:34.768853,1622.1540000000002,1538.9940000000001,80.52,-1380.4859999999999,2.6400000000000023
2026-03-23T18:03:35.896284,1622.1540000000002,1538.9940000000001,80.52,-1380.4859999999999,2.6400000000000023
2026-03-23T18:03:37.009240,1622.1540000000002,1538.9940000000001,80.52,-1380.4859999999999,2.6400000000000023
2026-03-23T18:03:38.120907,1540.314,1538.9940000000001,80.52,-1380.4859999999999,-79.2
2026-03-23T18:03:39.291439,1624.794,1538.9940000000001,80.52,-1380.4859999999999,5.280000000000005
2026-03-23T18:03:40.529393,1624.794,1538.9940000000001,80.52,-1380.4859999999999,5.280000000000005
2026-03-23T18:03:41.632571,1624.794,1538.9940000000001,80.52,-1380.4859999999999,5.280000000000005
2026-03-23T18:03:42.740184,1624.794,1538.9940000000001,80.52,-1380.4859999999999,5.280000000000005
2026-03-23T18:03:43.855578,1624.794,1538.9940000000001,80.52,-1380.4859999999999,5.280000000000005
2026-03-23T18:03:44.968288,1624.794,1538.9940000000001,80.52,-1380.4859999999999,5.280000000000005
2026-03-23T18:03:46.139873,1624.794,1538.9940000000001,80.52,-1380.4859999999999,5.280000000000005
2026-03-23T18:03:47.395505,1624.794,1538.9940000000001,80.52,-1380.4859999999999,5.280000000000005
2026-03-23T18:03:48.511077,1620.834,1620.834,0.0,-1379.166,0
2026-03-23T18:03:49.639058,1620.834,1620.834,0.0,-1379.166,0
2026-03-23T18:03:50.773046,1620.834,1620.834,0.0,-1379.166,0
2026-03-23T18:03:51.907813,1620.834,1620.834,0.0,-1379.166,0
2026-03-23T18:03:53.027677,1620.834,1620.834,0.0,-1379.166,0
2026-03-23T18:03:54.585394,1620.834,1620.834,0.0,-1379.166,0
2026-03-23T18:03:55.961204,1620.834,1620.834,0.0,-1379.166,0
2026-03-23T18:03:57.295013,1620.834,1620.834,0.0,-1379.166,0
2026-03-23T18:03:58.480720,1620.834,1620.834,0.0,-1379.166,0
2026-03-23T18:03:59.743087,1620.834,1620.834,0.0,-1379.166,0
2026-03-23T18:04:00.849321,1620.834,1620.834,0.0,-1379.166,0
2026-03-23T18:04:01.961532,1620.834,1620.834,0.0,-1379.166,0
2026-03-23T18:04:03.093821,1620.834,1620.834,0.0,-1379.166,0
2026-03-23T18:04:04.307699,1620.834,1620.834,0.0,-1379.166,0
2026-03-23T18:04:05.437725,1620.094,1539.454,80.64,-1379.906,0.0
2026-03-23T18:04:06.546278,1620.094,1539.454,80.64,-1379.906,0.0
2026-03-23T18:04:07.667312,1620.094,1539.454,80.64,-1379.906,0.0
2026-03-23T18:04:08.792816,1620.094,1539.454,80.64,-1379.906,0.0
2026-03-23T18:04:09.919451,1620.094,1539.454,80.64,-1379.906,0.0
2026-03-23T18:04:11.167842,1620.094,1539.454,80.64,-1379.906,0.0
2026-03-23T18:04:12.277879,1620.094,1539.454,80.64,-1379.906,0.0
2026-03-23T18:04:13.391352,1628.4940000000001,1539.454,80.64,-1379.906,8.400000000000007
2026-03-23T18:04:14.513222,1628.4940000000001,1539.454,80.64,-1379.906,8.400000000000007
2026-03-23T18:04:15.637580,1628.4940000000001,1539.454,80.64,-1379.906,8.400000000000007
2026-03-23T18:04:16.753143,1628.4940000000001,1539.454,80.64,-1379.906,8.400000000000007
2026-03-23T18:04:17.987580,1628.4940000000001,1539.454,80.64,-1379.906,8.400000000000007
2026-03-23T18:04:19.123989,1628.4940000000001,1539.454,80.64,-1379.906,8.400000000000007
2026-03-23T18:04:20.289279,1628.4940000000001,1539.454,80.64,-1379.906,8.400000000000007
2026-03-23T18:04:21.402830,1628.4940000000001,1539.454,80.64,-1379.906,8.400000000000007
2026-03-23T18:04:22.523668,1628.4940000000001,1539.454,80.64,-1379.906,8.400000000000007
2026-03-23T18:04:23.643392,1626.814,1539.454,80.64,-1379.906,6.720000000000006
2026-03-23T18:04:24.791276,1626.814,1539.454,80.64,-1379.906,6.720000000000006
2026-03-23T18:04:26.121880,1626.814,1539.454,80.64,-1379.906,6.720000000000006
2026-03-23T18:04:27.313329,1626.814,1539.454,80.64,-1379.906,6.720000000000006
2026-03-23T18:04:28.428537,1626.814,1539.454,80.64,-1379.906,6.720000000000006
2026-03-23T18:04:29.536703,1626.814,1539.454,80.64,-1379.906,6.720000000000006
2026-03-23T18:04:30.642528,1626.814,1539.454,80.64,-1379.906,6.720000000000006
2026-03-23T18:04:31.749719,1626.814,1539.454,80.64,-1379.906,6.720000000000006
2026-03-23T18:04:32.899921,1626.814,1539.454,80.64,-1379.906,6.720000000000006
2026-03-23T18:04:34.162829,1626.814,1539.454,80.64,-1379.906,6.720000000000006
2026-03-23T18:04:35.293407,1626.814,1539.454,80.64,-1379.906,6.720000000000006
2026-03-23T18:04:36.403099,1626.814,1539.454,80.64,-1379.906,6.720000000000006
2026-03-23T18:04:37.525186,1626.814,1539.454,80.64,-1379.906,6.720000000000006
2026-03-23T18:04:38.647478,1626.814,1539.454,80.64,-1379.906,6.720000000000006
2026-03-23T18:04:39.784219,1626.814,1539.454,80.64,-1379.906,6.720000000000006
2026-03-23T18:04:41.010771,1626.814,1539.454,80.64,-1379.906,6.720000000000006
2026-03-23T18:04:42.123423,1626.814,1539.454,80.64,-1379.906,6.720000000000006
2026-03-23T18:04:43.243246,1628.4940000000001,1628.4940000000001,0.0,-1371.5059999999999,0
2026-03-23T18:04:44.371191,1628.4940000000001,1628.4940000000001,0.0,-1371.5059999999999,0
2026-03-23T18:04:45.493827,1628.4940000000001,1628.4940000000001,0.0,-1371.5059999999999,0
2026-03-23T18:04:46.600221,1628.4940000000001,1628.4940000000001,0.0,-1371.5059999999999,0
2026-03-23T18:04:47.724756,1628.4940000000001,1628.4940000000001,0.0,-1371.5059999999999,0
2026-03-23T18:04:48.965430,1628.4940000000001,1628.4940000000001,0.0,-1371.5059999999999,0
2026-03-23T18:04:50.072289,1628.4940000000001,1628.4940000000001,0.0,-1371.5059999999999,0
2026-03-23T18:04:51.180555,1628.4940000000001,1628.4940000000001,0.0,-1371.5059999999999,0
2026-03-23T18:04:52.290564,1628.4940000000001,1628.4940000000001,0.0,-1371.5059999999999,0
2026-03-23T18:04:53.404162,1628.4940000000001,1628.4940000000001,0.0,-1371.5059999999999,0
2026-03-23T18:04:54.547127,1628.4940000000001,1628.4940000000001,0.0,-1371.5059999999999,0
2026-03-23T18:04:55.834241,1628.4940000000001,1628.4940000000001,0.0,-1371.5059999999999,0
2026-03-23T18:04:56.987504,1628.4940000000001,1628.4940000000001,0.0,-1371.5059999999999,0
2026-03-23T18:04:58.106272,1628.4940000000001,1628.4940000000001,0.0,-1371.5059999999999,0
2026-03-23T18:04:59.240562,1628.4940000000001,1628.4940000000001,0.0,-1371.5059999999999,0
2026-03-23T18:05:00.348365,1628.4940000000001,1628.4940000000001,0.0,-1371.5059999999999,0
2026-03-23T18:05:01.478295,1628.4940000000001,1628.4940000000001,0.0,-1371.5059999999999,0
2026-03-23T18:05:02.651617,1628.4940000000001,1628.4940000000001,0.0,-1371.5059999999999,0
2026-03-23T18:05:03.887211,1628.4940000000001,1628.4940000000001,0.0,-1371.5059999999999,0
2026-03-23T18:05:04.998841,1628.4940000000001,1628.4940000000001,0.0,-1371.5059999999999,0
2026-03-23T18:05:06.119575,1628.4940000000001,1628.4940000000001,0.0,-1371.5059999999999,0
2026-03-23T18:05:07.272083,1628.4940000000001,1628.4940000000001,0.0,-1371.5059999999999,0
2026-03-23T18:05:08.400693,1628.4940000000001,1628.4940000000001,0.0,-1371.5059999999999,0
2026-03-23T18:05:09.532219,1628.4940000000001,1628.4940000000001,0.0,-1371.5059999999999,0
2026-03-23T18:05:10.862287,1628.4940000000001,1628.4940000000001,0.0,-1371.5059999999999,0
2026-03-23T18:05:11.978160,1628.4940000000001,1628.4940000000001,0.0,-1371.5059999999999,0
2026-03-23T18:05:13.094393,1628.4940000000001,1628.4940000000001,0.0,-1371.5059999999999,0
2026-03-23T18:05:14.226082,1628.4940000000001,1628.4940000000001,0.0,-1371.5059999999999,0
2026-03-23T18:05:15.336551,1628.4940000000001,1628.4940000000001,0.0,-1371.5059999999999,0
2026-03-23T18:05:16.477253,1628.4940000000001,1628.4940000000001,0.0,-1371.5059999999999,0
2026-03-23T18:05:17.763444,1628.4940000000001,1547.4640000000002,81.03,-1371.5059999999999,0
2026-03-23T18:05:19.146783,1628.104,1547.074,81.03,-1371.896,0.0
2026-03-23T18:05:20.265455,1628.104,1547.074,81.03,-1371.896,0.0
2026-03-23T18:05:21.432745,1628.104,1547.074,81.03,-1371.896,0.0
2026-03-23T18:05:22.555775,1628.104,1547.074,81.03,-1371.896,0.0
2026-03-23T18:05:23.668613,1628.104,1547.074,81.03,-1371.896,0.0
2026-03-23T18:05:24.816498,1628.104,1547.074,81.03,-1371.896,0.0
2026-03-23T18:05:26.046471,1628.104,1547.074,81.03,-1371.896,0.0
2026-03-23T18:05:27.157785,1618.114,1547.074,81.03,-1371.896,-9.989999999999997
2026-03-23T18:05:28.286068,1618.114,1547.074,81.03,-1371.896,-9.989999999999997
2026-03-23T18:05:29.414694,1618.114,1547.074,81.03,-1371.896,-9.989999999999997
2026-03-23T18:05:30.526138,1618.114,1547.074,81.03,-1371.896,-9.989999999999997
2026-03-23T18:05:31.639565,1618.114,1547.074,81.03,-1371.896,-9.989999999999997
2026-03-23T18:05:32.864600,1618.114,1547.074,81.03,-1371.896,-9.989999999999997
2026-03-23T18:05:33.973591,1618.114,1547.074,81.03,-1371.896,-9.989999999999997
2026-03-23T18:05:35.084598,1618.114,1547.074,81.03,-1371.896,-9.989999999999997
2026-03-23T18:05:36.202543,1621.444,1547.074,81.03,-1371.896,-6.659999999999994
2026-03-23T18:05:37.338128,1621.444,1547.074,81.03,-1371.896,-6.659999999999994
2026-03-23T18:05:38.464677,1621.444,1547.074,81.03,-1371.896,-6.659999999999994
2026-03-23T18:05:39.592723,1621.444,1547.074,81.03,-1371.896,-6.659999999999994
2026-03-23T18:05:40.824067,1621.444,1547.074,81.03,-1371.896,-6.659999999999994
2026-03-23T18:05:41.949615,1621.444,1547.074,81.03,-1371.896,-6.659999999999994
2026-03-23T18:05:43.110265,1621.444,1547.074,81.03,-1371.896,-6.659999999999994
2026-03-23T18:05:44.227032,1621.444,1547.074,81.03,-1371.896,-6.659999999999994
2026-03-23T18:05:45.336454,1621.444,1547.074,81.03,-1371.896,-6.659999999999994
2026-03-23T18:05:46.471787,1622.554,1547.074,81.03,-1371.896,-5.549999999999993
2026-03-23T18:05:47.733521,1622.554,1547.074,81.03,-1371.896,-5.549999999999993
2026-03-23T18:05:48.855140,1622.554,1547.074,81.03,-1371.896,-5.549999999999993
2026-03-23T18:05:50.007592,1622.554,1547.074,81.03,-1371.896,-5.549999999999993
2026-03-23T18:05:51.115080,1622.554,1547.074,81.03,-1371.896,-5.549999999999993
2026-03-23T18:05:52.222314,1622.554,1547.074,81.03,-1371.896,-5.549999999999993
2026-03-23T18:05:53.336153,1622.554,1547.074,81.03,-1371.896,-5.549999999999993
2026-03-23T18:05:54.471416,1622.554,1547.074,81.03,-1371.896,-5.549999999999993
2026-03-23T18:05:55.661725,1624.7740000000001,1624.7740000000001,0.0,-1375.2259999999999,0
2026-03-23T18:05:56.782187,1624.7740000000001,1624.7740000000001,0.0,-1375.2259999999999,0
2026-03-23T18:05:57.911171,1624.7740000000001,1624.7740000000001,0.0,-1375.2259999999999,0
2026-03-23T18:05:59.037639,1624.7740000000001,1624.7740000000001,0.0,-1375.2259999999999,0
2026-03-23T18:06:00.148895,1624.7740000000001,1624.7740000000001,0.0,-1375.2259999999999,0
2026-03-23T18:06:01.290117,1624.7740000000001,1624.7740000000001,0.0,-1375.2259999999999,0
2026-03-23T18:06:02.494107,1624.7740000000001,1624.7740000000001,0.0,-1375.2259999999999,0
2026-03-23T18:06:03.603044,1624.7740000000001,1624.7740000000001,0.0,-1375.2259999999999,0
2026-03-23T18:06:04.712095,1624.7740000000001,1624.7740000000001,0.0,-1375.2259999999999,0
2026-03-23T18:06:05.829563,1624.7740000000001,1624.7740000000001,0.0,-1375.2259999999999,0
2026-03-23T18:06:06.943798,1624.7740000000001,1624.7740000000001,0.0,-1375.2259999999999,0
2026-03-23T18:06:08.060589,1624.7740000000001,1624.7740000000001,0.0,-1375.2259999999999,0
2026-03-23T18:06:09.208856,1624.7740000000001,1624.7740000000001,0.0,-1375.2259999999999,0
2026-03-23T18:06:10.425422,1624.7740000000001,1624.7740000000001,0.0,-1375.2259999999999,0
2026-03-23T18:06:11.536289,1624.7740000000001,1624.7740000000001,0.0,-1375.2259999999999,0
2026-03-23T18:06:12.673196,1624.7740000000001,1624.7740000000001,0.0,-1375.2259999999999,0
2026-03-23T18:06:13.777121,1624.7740000000001,1624.7740000000001,0.0,-1375.2259999999999,0
2026-03-23T18:06:14.892799,1624.7740000000001,1624.7740000000001,0.0,-1375.2259999999999,0
2026-03-23T18:06:16.031700,1624.7740000000001,1624.7740000000001,0.0,-1375.2259999999999,0
2026-03-23T18:06:17.287566,1624.7740000000001,1624.7740000000001,0.0,-1375.2259999999999,0
2026-03-23T18:06:18.418917,1624.7740000000001,1624.7740000000001,0.0,-1375.2259999999999,0
2026-03-23T18:06:19.583735,1624.7740000000001,1624.7740000000001,0.0,-1375.2259999999999,0
2026-03-23T18:06:20.746349,1624.7740000000001,1624.7740000000001,0.0,-1375.2259999999999,0
2026-03-23T18:06:21.869684,1624.7740000000001,1624.7740000000001,0.0,-1375.2259999999999,0
2026-03-23T18:06:22.992426,1624.7740000000001,1624.7740000000001,0.0,-1375.2259999999999,0
2026-03-23T18:06:24.264173,1624.7740000000001,1624.7740000000001,0.0,-1375.2259999999999,0
2026-03-23T18:06:25.370666,1624.7740000000001,1624.7740000000001,0.0,-1375.2259999999999,0
2026-03-23T18:06:26.483923,1624.7740000000001,1624.7740000000001,0.0,-1375.2259999999999,0
2026-03-23T18:06:27.595126,1624.7740000000001,1624.7740000000001,0.0,-1375.2259999999999,0
2026-03-23T18:06:28.721170,1624.7740000000001,1624.7740000000001,0.0,-1375.2259999999999,0
2026-03-23T18:06:29.864440,1624.7740000000001,1624.7740000000001,0.0,-1375.2259999999999,0
2026-03-23T18:06:30.990259,1624.7740000000001,1624.7740000000001,0.0,-1375.2259999999999,0
2026-03-23T18:06:32.230165,1624.7740000000001,1624.7740000000001,0.0,-1375.2259999999999,0
2026-03-23T18:06:33.337407,1624.7740000000001,1624.7740000000001,0.0,-1375.2259999999999,0
2026-03-23T18:06:34.484221,1624.7740000000001,1624.7740000000001,0.0,-1375.2259999999999,0
2026-03-23T18:06:35.598460,1624.7740000000001,1624.7740000000001,0.0,-1375.2259999999999,0
2026-03-23T18:06:36.704907,1624.7740000000001,1624.7740000000001,0.0,-1375.2259999999999,0
2026-03-23T18:06:37.857231,1624.7740000000001,1624.7740000000001,0.0,-1375.2259999999999,0
2026-03-23T18:06:39.130503,1624.7740000000001,1624.7740000000001,0.0,-1375.2259999999999,0
2026-03-23T18:06:40.237564,1624.7740000000001,1624.7740000000001,0.0,-1375.2259999999999,0
2026-03-23T18:06:41.390614,1624.7740000000001,1624.7740000000001,0.0,-1375.2259999999999,0
2026-03-23T18:06:42.498251,1624.7740000000001,1624.7740000000001,0.0,-1375.2259999999999,0
2026-03-23T18:06:43.607262,1624.7740000000001,1624.7740000000001,0.0,-1375.2259999999999,0
2026-03-23T18:06:44.712163,1624.7740000000001,1624.7740000000001,0.0,-1375.2259999999999,0
2026-03-23T18:06:45.853667,1624.7740000000001,1624.7740000000001,0.0,-1375.2259999999999,0
2026-03-23T18:06:47.095112,1624.7740000000001,1624.7740000000001,0.0,-1375.2259999999999,0
2026-03-23T18:06:48.219354,1624.7740000000001,1624.7740000000001,0.0,-1375.2259999999999,0
2026-03-23T18:06:49.359841,1624.7740000000001,1624.7740000000001,0.0,-1375.2259999999999,0
2026-03-23T18:06:50.466210,1624.7740000000001,1624.7740000000001,0.0,-1375.2259999999999,0
2026-03-23T18:06:51.575657,1624.7740000000001,1624.7740000000001,0.0,-1375.2259999999999,0
2026-03-23T18:06:52.704229,1624.7740000000001,1624.7740000000001,0.0,-1375.2259999999999,0
2026-03-23T18:06:53.932880,1624.7740000000001,1624.7740000000001,0.0,-1375.2259999999999,0
2026-03-23T18:06:55.045097,1624.7740000000001,1624.7740000000001,0.0,-1375.2259999999999,0
2026-03-23T18:06:56.160636,1624.7740000000001,1624.7740000000001,0.0,-1375.2259999999999,0
2026-03-23T18:06:57.299111,1624.7740000000001,1624.7740000000001,0.0,-1375.2259999999999,0
2026-03-23T18:06:58.421644,1624.7740000000001,1624.7740000000001,0.0,-1375.2259999999999,0
2026-03-23T18:06:59.528188,1624.7740000000001,1624.7740000000001,0.0,-1375.2259999999999,0
2026-03-23T18:07:00.667700,1624.7740000000001,1624.7740000000001,0.0,-1375.2259999999999,0
2026-03-23T18:07:01.866174,1624.7740000000001,1624.7740000000001,0.0,-1375.2259999999999,0
2026-03-23T18:07:03.054599,1624.7740000000001,1624.7740000000001,0.0,-1375.2259999999999,0
2026-03-23T18:07:04.171110,1624.7740000000001,1624.7740000000001,0.0,-1375.2259999999999,0
2026-03-23T18:07:05.285359,1624.7740000000001,1624.7740000000001,0.0,-1375.2259999999999,0
2026-03-23T18:07:06.427621,1624.7740000000001,1624.7740000000001,0.0,-1375.2259999999999,0
2026-03-23T18:07:07.594239,1624.7740000000001,1543.9340000000002,80.83999999999999,-1375.2259999999999,0
2026-03-23T18:07:08.844637,1624.0240000000001,1543.1840000000002,80.83999999999999,-1375.9759999999999,0.0
2026-03-23T18:07:09.977280,1624.0240000000001,1543.1840000000002,80.83999999999999,-1375.9759999999999,0.0
2026-03-23T18:07:11.116416,1624.0240000000001,1543.1840000000002,80.83999999999999,-1375.9759999999999,0.0
2026-03-23T18:07:12.232645,1624.0240000000001,1543.1840000000002,80.83999999999999,-1375.9759999999999,0.0
2026-03-23T18:07:13.359281,1624.0240000000001,1543.1840000000002,80.83999999999999,-1375.9759999999999,0.0
2026-03-23T18:07:14.476897,1624.0240000000001,1543.1840000000002,80.83999999999999,-1375.9759999999999,0.0
2026-03-23T18:07:15.654542,1624.0240000000001,1543.1840000000002,80.83999999999999,-1375.9759999999999,0.0
2026-03-23T18:07:16.872640,1624.0240000000001,1543.1840000000002,80.83999999999999,-1375.9759999999999,0.0
2026-03-23T18:07:17.988281,1624.0240000000001,1543.1840000000002,80.83999999999999,-1375.9759999999999,0.0
2026-03-23T18:07:19.105114,1624.0240000000001,1466.324,157.7,-1375.9759999999999,0.0
2026-03-23T18:07:20.234797,1624.0240000000001,1466.324,157.7,-1375.9759999999999,0.0
2026-03-23T18:07:21.359820,1623.4940000000001,1465.794,157.7,-1376.5059999999999,0.0
2026-03-23T18:07:22.486800,1623.4940000000001,1465.794,157.7,-1376.5059999999999,0.0
2026-03-23T18:07:23.707251,1623.4940000000001,1465.794,157.7,-1376.5059999999999,0.0
2026-03-23T18:07:24.832101,1623.4940000000001,1465.794,157.7,-1376.5059999999999,0.0
2026-03-23T18:07:25.986742,1623.4940000000001,1465.794,157.7,-1376.5059999999999,0.0
2026-03-23T18:07:27.102125,1623.4940000000001,1465.794,157.7,-1376.5059999999999,0.0
2026-03-23T18:07:28.211706,1623.4940000000001,1465.794,157.7,-1376.5059999999999,0.0
2026-03-23T18:07:29.330523,1613.4140000000002,1465.794,157.7,-1376.5059999999999,-10.079999999999995
2026-03-23T18:07:30.497275,1613.4140000000002,1465.794,157.7,-1376.5059999999999,-10.079999999999995
2026-03-23T18:07:31.732550,1613.4140000000002,1465.794,157.7,-1376.5059999999999,-10.079999999999995
2026-03-23T18:07:32.910239,1613.4140000000002,1465.794,157.7,-1376.5059999999999,-10.079999999999995
2026-03-23T18:07:34.018646,1613.4140000000002,1465.794,157.7,-1376.5059999999999,-10.079999999999995
2026-03-23T18:07:35.125315,1613.4140000000002,1465.794,157.7,-1376.5059999999999,-10.079999999999995
2026-03-23T18:07:36.232691,1613.4140000000002,1465.794,157.7,-1376.5059999999999,-10.079999999999995
2026-03-23T18:07:37.374175,1613.4140000000002,1465.794,157.7,-1376.5059999999999,-10.079999999999995
2026-03-23T18:07:38.515540,1549.814,1520.8340000000003,76.86,-1402.3059999999998,-47.88
2026-03-23T18:07:39.779494,1549.814,1520.8340000000003,76.86,-1402.3059999999998,-47.88
2026-03-23T18:07:40.906631,1549.814,1520.8340000000003,76.86,-1402.3059999999998,-47.88
2026-03-23T18:07:42.024200,1549.814,1520.8340000000003,76.86,-1402.3059999999998,-47.88
2026-03-23T18:07:43.140195,1549.814,1520.8340000000003,76.86,-1402.3059999999998,-47.88
2026-03-23T18:07:44.298729,1549.814,1520.8340000000003,76.86,-1402.3059999999998,-47.88
2026-03-23T18:07:45.448558,1549.814,1520.8340000000003,76.86,-1402.3059999999998,-47.88
2026-03-23T18:07:46.677612,1549.814,1520.8340000000003,76.86,-1402.3059999999998,-47.88
2026-03-23T18:07:47.798768,1549.814,1520.8340000000003,76.86,-1402.3059999999998,-47.88
2026-03-23T18:07:48.917424,1537.2140000000002,1520.8340000000003,76.86,-1402.3059999999998,-60.48
2026-03-23T18:07:50.049909,1537.2140000000002,1520.8340000000003,76.86,-1402.3059999999998,-60.48
2026-03-23T18:07:51.173823,1537.2140000000002,1520.8340000000003,76.86,-1402.3059999999998,-60.48
2026-03-23T18:07:52.280802,1537.2140000000002,1520.8340000000003,76.86,-1402.3059999999998,-60.48
2026-03-23T18:07:53.502076,1537.2140000000002,1520.8340000000003,76.86,-1402.3059999999998,-60.48
2026-03-23T18:07:54.625726,1537.2140000000002,1520.8340000000003,76.86,-1402.3059999999998,-60.48
2026-03-23T18:07:55.748918,1537.2140000000002,1520.8340000000003,76.86,-1402.3059999999998,-60.48
2026-03-23T18:07:56.861651,1537.2140000000002,1520.8340000000003,76.86,-1402.3059999999998,-60.48
2026-03-23T18:07:57.977820,1537.2140000000002,1520.8340000000003,76.86,-1402.3059999999998,-60.48
2026-03-23T18:07:59.090810,1544.7740000000001,1544.7740000000001,0.0,-1455.2259999999999,0
2026-03-23T18:08:00.240176,1544.7740000000001,1544.7740000000001,0.0,-1455.2259999999999,0
2026-03-23T18:08:01.464750,1544.7740000000001,1544.7740000000001,0.0,-1455.2259999999999,0
2026-03-23T18:08:02.595190,1544.7740000000001,1544.7740000000001,0.0,-1455.2259999999999,0
2026-03-23T18:08:03.709067,1544.7740000000001,1544.7740000000001,0.0,-1455.2259999999999,0
2026-03-23T18:08:04.819018,1544.7740000000001,1544.7740000000001,0.0,-1455.2259999999999,0
2026-03-23T18:08:05.966106,1544.7740000000001,1544.7740000000001,0.0,-1455.2259999999999,0
2026-03-23T18:08:07.084691,1544.7740000000001,1544.7740000000001,0.0,-1455.2259999999999,0
2026-03-23T18:08:08.222138,1544.7740000000001,1544.7740000000001,0.0,-1455.2259999999999,0
2026-03-23T18:08:09.470898,1544.7740000000001,1544.7740000000001,0.0,-1455.2259999999999,0
2026-03-23T18:08:10.583560,1544.7740000000001,1544.7740000000001,0.0,-1455.2259999999999,0
2026-03-23T18:08:11.710637,1544.7740000000001,1544.7740000000001,0.0,-1455.2259999999999,0
2026-03-23T18:08:12.852531,1544.7740000000001,1544.7740000000001,0.0,-1455.2259999999999,0
2026-03-23T18:08:13.992664,1544.7740000000001,1544.7740000000001,0.0,-1455.2259999999999,0
2026-03-23T18:08:15.116443,1544.7740000000001,1544.7740000000001,0.0,-1455.2259999999999,0
2026-03-23T18:08:16.423025,1544.7740000000001,1544.7740000000001,0.0,-1455.2259999999999,0
2026-03-23T18:08:17.568063,1544.7740000000001,1544.7740000000001,0.0,-1455.2259999999999,0
2026-03-23T18:08:18.689808,1544.7740000000001,1544.7740000000001,0.0,-1455.2259999999999,0
2026-03-23T18:08:19.821560,1544.7740000000001,1544.7740000000001,0.0,-1455.2259999999999,0
2026-03-23T18:08:20.931097,1544.7740000000001,1544.7740000000001,0.0,-1455.2259999999999,0
2026-03-23T18:08:22.052364,1544.7740000000001,1544.7740000000001,0.0,-1455.2259999999999,0
2026-03-23T18:08:23.195108,1544.7740000000001,1544.7740000000001,0.0,-1455.2259999999999,0
2026-03-23T18:08:24.418214,1544.7740000000001,1544.7740000000001,0.0,-1455.2259999999999,0
2026-03-23T18:08:25.546874,1544.7740000000001,1544.7740000000001,0.0,-1455.2259999999999,0
2026-03-23T18:08:26.680553,1544.7740000000001,1544.7740000000001,0.0,-1455.2259999999999,0
2026-03-23T18:08:27.859404,1544.7740000000001,1544.7740000000001,0.0,-1455.2259999999999,0
2026-03-23T18:08:28.978298,1544.7740000000001,1544.7740000000001,0.0,-1455.2259999999999,0
2026-03-23T18:08:30.166626,1544.7740000000001,1544.7740000000001,0.0,-1455.2259999999999,0
2026-03-23T18:08:31.444743,1544.7740000000001,1544.7740000000001,0.0,-1455.2259999999999,0
2026-03-23T18:08:32.571176,1544.7740000000001,1544.7740000000001,0.0,-1455.2259999999999,0
2026-03-23T18:08:33.681566,1544.7740000000001,1544.7740000000001,0.0,-1455.2259999999999,0
2026-03-23T18:08:34.791113,1544.7740000000001,1544.7740000000001,0.0,-1455.2259999999999,0
2026-03-23T18:08:35.925182,1544.7740000000001,1544.7740000000001,0.0,-1455.2259999999999,0
2026-03-23T18:08:37.063835,1544.7740000000001,1544.7740000000001,0.0,-1455.2259999999999,0
2026-03-23T18:08:38.199200,1544.7740000000001,1544.7740000000001,0.0,-1455.2259999999999,0
2026-03-23T18:08:39.448458,1544.7740000000001,1544.7740000000001,0.0,-1455.2259999999999,0
2026-03-23T18:08:40.561694,1544.7740000000001,1544.7740000000001,0.0,-1455.2259999999999,0
2026-03-23T18:08:41.671419,1544.7740000000001,1544.7740000000001,0.0,-1455.2259999999999,0
2026-03-23T18:08:42.790749,1544.7740000000001,1544.7740000000001,0.0,-1455.2259999999999,0
2026-03-23T18:08:43.901146,1544.7740000000001,1544.7740000000001,0.0,-1455.2259999999999,0
2026-03-23T18:08:45.070538,1544.7740000000001,1544.7740000000001,0.0,-1455.2259999999999,0
2026-03-23T18:08:46.218219,1544.7740000000001,1544.7740000000001,0.0,-1455.2259999999999,0
2026-03-23T18:08:47.461448,1544.7740000000001,1544.7740000000001,0.0,-1455.2259999999999,0
2026-03-23T18:08:48.571102,1544.7740000000001,1544.7740000000001,0.0,-1455.2259999999999,0
2026-03-23T18:08:49.691267,1544.7740000000001,1544.7740000000001,0.0,-1455.2259999999999,0
2026-03-23T18:08:50.815199,1544.7740000000001,1544.7740000000001,0.0,-1455.2259999999999,0
2026-03-23T18:08:51.921627,1544.7740000000001,1544.7740000000001,0.0,-1455.2259999999999,0
2026-03-23T18:08:53.066380,1544.7740000000001,1544.7740000000001,0.0,-1455.2259999999999,0
2026-03-23T18:08:54.294728,1544.7740000000001,1544.7740000000001,0.0,-1455.2259999999999,0
2026-03-23T18:08:55.416123,1544.7740000000001,1544.7740000000001,0.0,-1455.2259999999999,0
2026-03-23T18:08:56.525603,1544.7740000000001,1544.7740000000001,0.0,-1455.2259999999999,0
2026-03-23T18:08:57.637760,1544.7740000000001,1544.7740000000001,0.0,-1455.2259999999999,0
2026-03-23T18:08:58.782853,1544.7740000000001,1544.7740000000001,0.0,-1455.2259999999999,0
2026-03-23T18:08:59.963913,1544.7740000000001,1544.7740000000001,0.0,-1455.2259999999999,0
2026-03-23T18:09:01.198613,1544.7740000000001,1544.7740000000001,0.0,-1455.2259999999999,0
2026-03-23T18:09:02.312039,1544.7740000000001,1544.7740000000001,0.0,-1455.2259999999999,0
2026-03-23T18:09:03.437494,1544.7740000000001,1544.7740000000001,0.0,-1455.2259999999999,0
2026-03-23T18:09:04.562828,1544.7740000000001,1544.7740000000001,0.0,-1455.2259999999999,0
2026-03-23T18:09:05.678463,1544.7740000000001,1544.7740000000001,0.0,-1455.2259999999999,0
2026-03-23T18:09:06.844589,1544.7740000000001,1544.7740000000001,0.0,-1455.2259999999999,0
2026-03-23T18:09:07.992127,1544.7740000000001,1544.7740000000001,0.0,-1455.2259999999999,0
2026-03-23T18:09:09.206542,1544.7740000000001,1544.7740000000001,0.0,-1455.2259999999999,0
2026-03-23T18:09:10.318018,1544.7740000000001,1544.7740000000001,0.0,-1455.2259999999999,0
2026-03-23T18:09:11.426618,1544.7740000000001,1544.7740000000001,0.0,-1455.2259999999999,0
2026-03-23T18:09:12.549562,1544.7740000000001,1544.7740000000001,0.0,-1455.2259999999999,0
2026-03-23T18:09:13.679044,1544.7740000000001,1544.7740000000001,0.0,-1455.2259999999999,0
2026-03-23T18:09:14.826472,1544.7740000000001,1544.7740000000001,0.0,-1455.2259999999999,0
2026-03-23T18:09:16.086648,1544.7740000000001,1544.7740000000001,0.0,-1455.2259999999999,0
2026-03-23T18:09:17.216075,1544.7740000000001,1544.7740000000001,0.0,-1455.2259999999999,0
2026-03-23T18:09:18.361772,1544.7740000000001,1544.7740000000001,0.0,-1455.2259999999999,0
2026-03-23T18:09:19.487768,1544.7740000000001,1544.7740000000001,0.0,-1455.2259999999999,0
2026-03-23T18:09:20.619283,1544.7740000000001,1544.7740000000001,0.0,-1455.2259999999999,0
2026-03-23T18:09:21.732549,1544.7740000000001,1544.7740000000001,0.0,-1455.2259999999999,0
2026-03-23T18:09:22.909619,1544.7740000000001,1544.7740000000001,0.0,-1455.2259999999999,0
2026-03-23T18:09:24.126520,1544.7740000000001,1544.7740000000001,0.0,-1455.2259999999999,0
2026-03-23T18:09:25.238509,1544.7740000000001,1544.7740000000001,0.0,-1455.2259999999999,0
2026-03-23T18:09:26.371281,1544.7740000000001,1467.554,77.22,-1455.2259999999999,0
2026-03-23T18:09:27.505510,1544.7740000000001,1467.554,77.22,-1455.2259999999999,0
2026-03-23T18:09:28.615650,1544.7740000000001,1467.554,77.22,-1455.2259999999999,0
2026-03-23T18:09:29.726505,1544.7740000000001,1467.554,77.22,-1455.2259999999999,0
2026-03-23T18:09:30.946901,1544.7740000000001,1467.554,77.22,-1455.2259999999999,0
2026-03-23T18:09:32.061531,1544.7740000000001,1467.554,77.22,-1455.2259999999999,0
2026-03-23T18:09:33.179868,1544.4740000000002,1467.2540000000001,77.22,-1455.5259999999998,0.0
2026-03-23T18:09:34.293101,1544.4740000000002,1467.2540000000001,77.22,-1455.5259999999998,0.0
2026-03-23T18:09:35.410653,1544.4740000000002,1467.2540000000001,77.22,-1455.5259999999998,0.0
2026-03-23T18:09:36.554274,1544.4740000000002,1467.2540000000001,77.22,-1455.5259999999998,0.0
2026-03-23T18:09:37.679900,1544.4740000000002,1467.2540000000001,77.22,-1455.5259999999998,0.0
2026-03-23T18:09:38.916236,1544.4740000000002,1467.2540000000001,77.22,-1455.5259999999998,0.0
2026-03-23T18:09:40.034460,1544.4740000000002,1467.2540000000001,77.22,-1455.5259999999998,0.0
2026-03-23T18:09:41.149200,1565.2640000000001,1467.2540000000001,77.22,-1455.5259999999998,20.789999999999996
2026-03-23T18:09:42.285159,1540.5140000000001,1467.2540000000001,77.22,-1455.5259999999998,-3.9600000000000035
2026-03-23T18:09:43.430396,1540.5140000000001,1467.2540000000001,77.22,-1455.5259999999998,-3.9600000000000035
2026-03-23T18:09:44.558088,1540.5140000000001,1467.2540000000001,77.22,-1455.5259999999998,-3.9600000000000035
2026-03-23T18:09:45.800734,1540.5140000000001,1467.2540000000001,77.22,-1455.5259999999998,-3.9600000000000035
2026-03-23T18:09:46.917582,1540.5140000000001,1467.2540000000001,77.22,-1455.5259999999998,-3.9600000000000035
2026-03-23T18:09:48.031150,1540.5140000000001,1467.2540000000001,77.22,-1455.5259999999998,-3.9600000000000035
2026-03-23T18:09:49.163176,1540.5140000000001,1467.2540000000001,77.22,-1455.5259999999998,-3.9600000000000035
2026-03-23T18:09:50.283578,1540.5140000000001,1467.2540000000001,77.22,-1455.5259999999998,-3.9600000000000035
2026-03-23T18:09:51.401801,1565.2640000000001,1467.2540000000001,77.22,-1455.5259999999998,20.789999999999996
2026-03-23T18:09:52.563628,1547.4440000000002,1467.2540000000001,77.22,-1455.5259999999998,2.9700000000000024
2026-03-23T18:09:53.811050,1547.4440000000002,1467.2540000000001,77.22,-1455.5259999999998,2.9700000000000024
2026-03-23T18:09:54.924345,1547.4440000000002,1467.2540000000001,77.22,-1455.5259999999998,2.9700000000000024
2026-03-23T18:09:56.092274,1547.4440000000002,1467.2540000000001,77.22,-1455.5259999999998,2.9700000000000024
2026-03-23T18:09:57.219581,1547.4440000000002,1467.2540000000001,77.22,-1455.5259999999998,2.9700000000000024
2026-03-23T18:09:58.345155,1547.4440000000002,1467.2540000000001,77.22,-1455.5259999999998,2.9700000000000024
2026-03-23T18:09:59.495126,1547.4440000000002,1467.2540000000001,77.22,-1455.5259999999998,2.9700000000000024
2026-03-23T18:10:00.705654,1547.4440000000002,1467.2540000000001,77.22,-1455.5259999999998,2.9700000000000024
2026-03-23T18:10:01.824273,1539.0840000000003,1539.0840000000003,0.0,-1460.9159999999997,0
2026-03-23T18:10:03.058003,1539.0840000000003,1539.0840000000003,0.0,-1460.9159999999997,0
2026-03-23T18:10:04.224854,1539.0840000000003,1539.0840000000003,0.0,-1460.9159999999997,0
2026-03-23T18:10:05.336540,1539.0840000000003,1539.0840000000003,0.0,-1460.9159999999997,0
2026-03-23T18:10:06.478616,1539.0840000000003,1539.0840000000003,0.0,-1460.9159999999997,0
2026-03-23T18:10:07.623499,1539.0840000000003,1539.0840000000003,0.0,-1460.9159999999997,0
2026-03-23T18:10:08.826153,1539.0840000000003,1539.0840000000003,0.0,-1460.9159999999997,0
2026-03-23T18:10:09.945750,1539.0840000000003,1539.0840000000003,0.0,-1460.9159999999997,0
2026-03-23T18:10:11.060429,1539.0840000000003,1539.0840000000003,0.0,-1460.9159999999997,0
2026-03-23T18:10:12.180194,1539.0840000000003,1539.0840000000003,0.0,-1460.9159999999997,0
2026-03-23T18:10:13.360239,1539.0840000000003,1539.0840000000003,0.0,-1460.9159999999997,0
2026-03-23T18:10:14.521241,1538.3940000000002,1461.4640000000002,76.92999999999999,-1461.6059999999998,0.0
2026-03-23T18:10:15.740523,1538.3940000000002,1461.4640000000002,76.92999999999999,-1461.6059999999998,0.0
2026-03-23T18:10:16.961718,1538.3940000000002,1461.4640000000002,76.92999999999999,-1461.6059999999998,0.0
2026-03-23T18:10:18.109630,1538.3940000000002,1461.4640000000002,76.92999999999999,-1461.6059999999998,0.0
2026-03-23T18:10:19.237530,1538.3940000000002,1461.4640000000002,76.92999999999999,-1461.6059999999998,0.0
2026-03-23T18:10:20.359595,1538.3940000000002,1461.4640000000002,76.92999999999999,-1461.6059999999998,0.0
2026-03-23T18:10:21.476540,1538.3940000000002,1461.4640000000002,76.92999999999999,-1461.6059999999998,0.0
2026-03-23T18:10:22.691152,1539.9640000000002,1461.4640000000002,76.92999999999999,-1461.6059999999998,1.5700000000000014
2026-03-23T18:10:23.833052,1539.9640000000002,1461.4640000000002,76.92999999999999,-1461.6059999999998,1.5700000000000014
2026-03-23T18:10:24.981261,1539.9640000000002,1461.4640000000002,76.92999999999999,-1461.6059999999998,1.5700000000000014
2026-03-23T18:10:26.107228,1539.9640000000002,1461.4640000000002,76.92999999999999,-1461.6059999999998,1.5700000000000014
2026-03-23T18:10:27.223193,1539.9640000000002,1461.4640000000002,76.92999999999999,-1461.6059999999998,1.5700000000000014
2026-03-23T18:10:28.347525,1539.9640000000002,1461.4640000000002,76.92999999999999,-1461.6059999999998,1.5700000000000014
2026-03-23T18:10:29.486840,1539.9640000000002,1461.4640000000002,76.92999999999999,-1461.6059999999998,1.5700000000000014
2026-03-23T18:10:30.713192,1539.9640000000002,1461.4640000000002,76.92999999999999,-1461.6059999999998,1.5700000000000014
2026-03-23T18:10:31.829205,1539.9640000000002,1461.4640000000002,76.92999999999999,-1461.6059999999998,1.5700000000000014
2026-03-23T18:10:32.995881,1539.9640000000002,1461.4640000000002,76.92999999999999,-1461.6059999999998,1.5700000000000014
2026-03-23T18:10:34.112886,1539.9640000000002,1461.4640000000002,76.92999999999999,-1461.6059999999998,1.5700000000000014
2026-03-23T18:10:35.224258,1539.9640000000002,1461.4640000000002,76.92999999999999,-1461.6059999999998,1.5700000000000014
2026-03-23T18:10:36.333905,1541.5340000000003,1461.4640000000002,76.92999999999999,-1461.6059999999998,3.140000000000003
2026-03-23T18:10:37.527806,1541.5340000000003,1461.4640000000002,76.92999999999999,-1461.6059999999998,3.140000000000003
2026-03-23T18:10:38.770876,1541.5340000000003,1461.4640000000002,76.92999999999999,-1461.6059999999998,3.140000000000003
2026-03-23T18:10:39.903551,1541.5340000000003,1461.4640000000002,76.92999999999999,-1461.6059999999998,3.140000000000003
2026-03-23T18:10:41.068672,1541.5340000000003,1461.4640000000002,76.92999999999999,-1461.6059999999998,3.140000000000003
2026-03-23T18:10:42.198496,1541.5340000000003,1461.4640000000002,76.92999999999999,-1461.6059999999998,3.140000000000003
2026-03-23T18:10:43.326717,1541.5340000000003,1461.4640000000002,76.92999999999999,-1461.6059999999998,3.140000000000003
2026-03-23T18:10:44.515180,1541.5340000000003,1461.4640000000002,76.92999999999999,-1461.6059999999998,3.140000000000003
2026-03-23T18:10:45.746585,1541.5340000000003,1461.4640000000002,76.92999999999999,-1461.6059999999998,3.140000000000003
2026-03-23T18:10:46.871539,1544.6740000000002,1461.4640000000002,76.92999999999999,-1461.6059999999998,6.280000000000006
2026-03-23T18:10:48.006594,1544.6740000000002,1461.4640000000002,76.92999999999999,-1461.6059999999998,6.280000000000006
2026-03-23T18:10:49.134255,1544.6740000000002,1461.4640000000002,76.92999999999999,-1461.6059999999998,6.280000000000006
2026-03-23T18:10:50.248519,1544.6740000000002,1461.4640000000002,76.92999999999999,-1461.6059999999998,6.280000000000006
2026-03-23T18:10:51.381784,1544.6740000000002,1461.4640000000002,76.92999999999999,-1461.6059999999998,6.280000000000006
2026-03-23T18:10:52.600438,1544.6740000000002,1461.4640000000002,76.92999999999999,-1461.6059999999998,6.280000000000006
2026-03-23T18:10:53.712880,1544.6740000000002,1461.4640000000002,76.92999999999999,-1461.6059999999998,6.280000000000006
2026-03-23T18:10:54.823612,1544.6740000000002,1461.4640000000002,76.92999999999999,-1461.6059999999998,6.280000000000006
2026-03-23T18:10:55.937597,1544.6740000000002,1461.4640000000002,76.92999999999999,-1461.6059999999998,6.280000000000006
2026-03-23T18:10:57.062536,1550.9540000000002,1550.9540000000002,0.0,-1449.0459999999998,0
2026-03-23T18:10:58.205745,1550.9540000000002,1550.9540000000002,0.0,-1449.0459999999998,0
2026-03-23T18:10:59.354559,1550.9540000000002,1550.9540000000002,0.0,-1449.0459999999998,0
2026-03-23T18:11:00.551098,1550.9540000000002,1550.9540000000002,0.0,-1449.0459999999998,0
2026-03-23T18:11:01.666505,1550.9540000000002,1550.9540000000002,0.0,-1449.0459999999998,0
2026-03-23T18:11:02.826567,1550.9540000000002,1550.9540000000002,0.0,-1449.0459999999998,0
2026-03-23T18:11:03.942098,1550.9540000000002,1550.9540000000002,0.0,-1449.0459999999998,0
2026-03-23T18:11:05.048469,1550.9540000000002,1550.9540000000002,0.0,-1449.0459999999998,0
2026-03-23T18:11:06.169653,1550.9540000000002,1550.9540000000002,0.0,-1449.0459999999998,0
2026-03-23T18:11:07.443110,1550.9540000000002,1550.9540000000002,0.0,-1449.0459999999998,0
2026-03-23T18:11:08.586286,1550.9540000000002,1550.9540000000002,0.0,-1449.0459999999998,0
2026-03-23T18:11:09.696832,1550.9540000000002,1550.9540000000002,0.0,-1449.0459999999998,0
2026-03-23T18:11:10.835167,1550.9540000000002,1550.9540000000002,0.0,-1449.0459999999998,0
2026-03-23T18:11:11.957898,1550.9540000000002,1550.9540000000002,0.0,-1449.0459999999998,0
2026-03-23T18:11:13.071262,1550.9540000000002,1550.9540000000002,0.0,-1449.0459999999998,0
2026-03-23T18:11:14.304609,1550.9540000000002,1550.9540000000002,0.0,-1449.0459999999998,0
2026-03-23T18:11:15.429599,1550.9540000000002,1550.9540000000002,0.0,-1449.0459999999998,0
2026-03-23T18:11:16.584382,1550.9540000000002,1550.9540000000002,0.0,-1449.0459999999998,0
2026-03-23T18:11:17.762838,1550.9540000000002,1550.9540000000002,0.0,-1449.0459999999998,0
2026-03-23T18:11:18.938706,1550.9540000000002,1550.9540000000002,0.0,-1449.0459999999998,0
2026-03-23T18:11:20.075485,1550.9540000000002,1550.9540000000002,0.0,-1449.0459999999998,0
2026-03-23T18:11:21.209368,1550.9540000000002,1550.9540000000002,0.0,-1449.0459999999998,0
2026-03-23T18:11:22.414247,1550.9540000000002,1550.9540000000002,0.0,-1449.0459999999998,0
2026-03-23T18:11:23.561731,1550.9540000000002,1550.9540000000002,0.0,-1449.0459999999998,0
2026-03-23T18:11:24.687261,1550.9540000000002,1550.9540000000002,0.0,-1449.0459999999998,0
2026-03-23T18:11:25.808076,1550.9540000000002,1550.9540000000002,0.0,-1449.0459999999998,0
2026-03-23T18:11:26.986591,1550.9540000000002,1473.554,77.39999999999999,-1449.0459999999998,0
2026-03-23T18:11:28.158282,1550.9540000000002,1473.554,77.39999999999999,-1449.0459999999998,0
2026-03-23T18:11:29.397259,1550.9540000000002,1473.554,77.39999999999999,-1449.0459999999998,0
2026-03-23T18:11:30.528788,1550.4040000000002,1473.0040000000001,77.39999999999999,-1449.5959999999998,0.0
2026-03-23T18:11:31.680191,1550.4040000000002,1473.0040000000001,77.39999999999999,-1449.5959999999998,0.0
2026-03-23T18:11:32.800097,1550.4040000000002,1473.0040000000001,77.39999999999999,-1449.5959999999998,0.0
2026-03-23T18:11:33.914352,1550.4040000000002,1473.0040000000001,77.39999999999999,-1449.5959999999998,0.0
2026-03-23T18:11:35.037447,1550.4040000000002,1473.0040000000001,77.39999999999999,-1449.5959999999998,0.0
2026-03-23T18:11:36.165218,1550.4040000000002,1473.0040000000001,77.39999999999999,-1449.5959999999998,0.0
2026-03-23T18:11:37.429565,1550.4040000000002,1473.0040000000001,77.39999999999999,-1449.5959999999998,0.0
2026-03-23T18:11:38.545121,1550.4040000000002,1473.0040000000001,77.39999999999999,-1449.5959999999998,0.0
2026-03-23T18:11:39.659243,1550.4040000000002,1473.0040000000001,77.39999999999999,-1449.5959999999998,0.0
2026-03-23T18:11:40.773476,1546.5340000000003,1473.0040000000001,77.39999999999999,-1449.5959999999998,-3.869999999999989
2026-03-23T18:11:41.912169,1546.5340000000003,1473.0040000000001,77.39999999999999,-1449.5959999999998,-3.869999999999989
2026-03-23T18:11:43.107068,1546.5340000000003,1473.0040000000001,77.39999999999999,-1449.5959999999998,-3.869999999999989
2026-03-23T18:11:44.256599,1546.5340000000003,1473.0040000000001,77.39999999999999,-1449.5959999999998,-3.869999999999989
2026-03-23T18:11:45.474160,1546.5340000000003,1473.0040000000001,77.39999999999999,-1449.5959999999998,-3.869999999999989
2026-03-23T18:11:46.603589,1546.5340000000003,1473.0040000000001,77.39999999999999,-1449.5959999999998,-3.869999999999989
2026-03-23T18:11:47.776304,1546.5340000000003,1473.0040000000001,77.39999999999999,-1449.5959999999998,-3.869999999999989
2026-03-23T18:11:48.937659,1546.5340000000003,1473.0040000000001,77.39999999999999,-1449.5959999999998,-3.869999999999989
2026-03-23T18:11:50.061208,1600.7140000000002,1473.0040000000001,77.39999999999999,-1449.5959999999998,50.31
2026-03-23T18:11:51.211572,1550.4040000000002,1473.0040000000001,77.39999999999999,-1449.5959999999998,0.0
2026-03-23T18:11:52.497265,1550.4040000000002,1473.0040000000001,77.39999999999999,-1449.5959999999998,0.0
2026-03-23T18:11:53.621050,1550.4040000000002,1473.0040000000001,77.39999999999999,-1449.5959999999998,0.0
2026-03-23T18:11:54.752279,1550.4040000000002,1473.0040000000001,77.39999999999999,-1449.5959999999998,0.0
2026-03-23T18:11:55.917029,1550.4040000000002,1473.0040000000001,77.39999999999999,-1449.5959999999998,0.0
2026-03-23T18:11:57.047481,1550.4040000000002,1473.0040000000001,77.39999999999999,-1449.5959999999998,0.0
2026-03-23T18:11:58.168128,1550.4040000000002,1473.0040000000001,77.39999999999999,-1449.5959999999998,0.0
2026-03-23T18:11:59.427186,1550.4040000000002,1473.0040000000001,77.39999999999999,-1449.5959999999998,0.0
2026-03-23T18:12:00.545800,1582.2340000000004,1582.2340000000004,0.0,-1417.7659999999996,0
2026-03-23T18:12:01.676329,1582.2340000000004,1582.2340000000004,0.0,-1417.7659999999996,0
2026-03-23T18:12:02.825294,1582.2340000000004,1582.2340000000004,0.0,-1417.7659999999996,0
2026-03-23T18:12:03.946308,1582.2340000000004,1582.2340000000004,0.0,-1417.7659999999996,0
2026-03-23T18:12:05.063827,1582.2340000000004,1582.2340000000004,0.0,-1417.7659999999996,0
2026-03-23T18:12:06.201214,1582.2340000000004,1582.2340000000004,0.0,-1417.7659999999996,0
2026-03-23T18:12:07.475763,1582.2340000000004,1582.2340000000004,0.0,-1417.7659999999996,0
2026-03-23T18:12:08.585426,1582.2340000000004,1582.2340000000004,0.0,-1417.7659999999996,0
2026-03-23T18:12:09.693224,1582.2340000000004,1582.2340000000004,0.0,-1417.7659999999996,0
2026-03-23T18:12:10.852509,1582.2340000000004,1582.2340000000004,0.0,-1417.7659999999996,0
2026-03-23T18:12:11.985682,1582.2340000000004,1582.2340000000004,0.0,-1417.7659999999996,0
2026-03-23T18:12:13.129332,1582.2340000000004,1582.2340000000004,0.0,-1417.7659999999996,0
2026-03-23T18:12:14.396185,1582.2340000000004,1582.2340000000004,0.0,-1417.7659999999996,0
2026-03-23T18:12:15.514472,1582.2340000000004,1582.2340000000004,0.0,-1417.7659999999996,0
2026-03-23T18:12:16.645279,1582.2340000000004,1582.2340000000004,0.0,-1417.7659999999996,0
2026-03-23T18:12:17.818379,1582.2340000000004,1582.2340000000004,0.0,-1417.7659999999996,0
2026-03-23T18:12:18.942161,1582.2340000000004,1582.2340000000004,0.0,-1417.7659999999996,0
2026-03-23T18:12:20.074694,1582.2340000000004,1582.2340000000004,0.0,-1417.7659999999996,0
2026-03-23T18:12:21.226555,1582.2340000000004,1582.2340000000004,0.0,-1417.7659999999996,0
2026-03-23T18:12:22.442344,1582.2340000000004,1582.2340000000004,0.0,-1417.7659999999996,0
2026-03-23T18:12:23.584311,1582.2340000000004,1582.2340000000004,0.0,-1417.7659999999996,0
2026-03-23T18:12:24.699151,1582.2340000000004,1582.2340000000004,0.0,-1417.7659999999996,0
2026-03-23T18:12:25.811690,1582.2340000000004,1582.2340000000004,0.0,-1417.7659999999996,0
2026-03-23T18:12:26.929108,1582.2340000000004,1582.2340000000004,0.0,-1417.7659999999996,0
2026-03-23T18:12:28.090519,1582.2340000000004,1582.2340000000004,0.0,-1417.7659999999996,0
2026-03-23T18:12:29.302060,1582.2340000000004,1582.2340000000004,0.0,-1417.7659999999996,0
2026-03-23T18:12:30.413867,1582.2340000000004,1582.2340000000004,0.0,-1417.7659999999996,0
2026-03-23T18:12:31.545233,1582.2340000000004,1582.2340000000004,0.0,-1417.7659999999996,0
2026-03-23T18:12:32.694814,1582.2340000000004,1582.2340000000004,0.0,-1417.7659999999996,0
2026-03-23T18:12:33.825721,1582.2340000000004,1582.2340000000004,0.0,-1417.7659999999996,0
2026-03-23T18:12:34.944528,1582.2340000000004,1582.2340000000004,0.0,-1417.7659999999996,0
2026-03-23T18:12:36.110398,1582.2340000000004,1582.2340000000004,0.0,-1417.7659999999996,0
2026-03-23T18:12:37.240386,1582.2340000000004,1582.2340000000004,0.0,-1417.7659999999996,0
2026-03-23T18:12:38.361341,1582.2340000000004,1582.2340000000004,0.0,-1417.7659999999996,0
2026-03-23T18:12:39.502599,1582.2340000000004,1582.2340000000004,0.0,-1417.7659999999996,0
2026-03-23T18:12:40.616373,1582.2340000000004,1582.2340000000004,0.0,-1417.7659999999996,0
2026-03-23T18:12:41.740107,1582.2340000000004,1582.2340000000004,0.0,-1417.7659999999996,0
2026-03-23T18:12:42.893665,1582.2340000000004,1582.2340000000004,0.0,-1417.7659999999996,0
2026-03-23T18:12:44.151988,1582.2340000000004,1582.2340000000004,0.0,-1417.7659999999996,0
2026-03-23T18:12:45.311519,1582.2340000000004,1582.2340000000004,0.0,-1417.7659999999996,0
2026-03-23T18:12:46.456862,1582.2340000000004,1582.2340000000004,0.0,-1417.7659999999996,0
2026-03-23T18:12:47.590241,1582.2340000000004,1582.2340000000004,0.0,-1417.7659999999996,0
2026-03-23T18:12:48.711348,1582.2340000000004,1582.2340000000004,0.0,-1417.7659999999996,0
2026-03-23T18:12:49.820091,1582.2340000000004,1582.2340000000004,0.0,-1417.7659999999996,0
2026-03-23T18:12:51.067181,1582.2340000000004,1582.2340000000004,0.0,-1417.7659999999996,0
2026-03-23T18:12:52.223242,1582.2340000000004,1582.2340000000004,0.0,-1417.7659999999996,0
2026-03-23T18:12:53.341158,1582.2340000000004,1582.2340000000004,0.0,-1417.7659999999996,0
2026-03-23T18:12:54.453786,1582.2340000000004,1582.2340000000004,0.0,-1417.7659999999996,0
2026-03-23T18:12:55.563654,1582.2340000000004,1503.9140000000004,78.32000000000001,-1417.7659999999996,0
2026-03-23T18:12:56.692237,1582.2340000000004,1503.9140000000004,78.32000000000001,-1417.7659999999996,0
2026-03-23T18:12:57.919533,1582.0740000000003,1503.7540000000004,78.32000000000001,-1417.9259999999997,0.0
2026-03-23T18:12:59.149907,1582.0740000000003,1503.7540000000004,78.32000000000001,-1417.9259999999997,0.0
2026-03-23T18:13:00.266731,1582.0740000000003,1503.7540000000004,78.32000000000001,-1417.9259999999997,0.0
2026-03-23T18:13:01.385629,1582.0740000000003,1503.7540000000004,78.32000000000001,-1417.9259999999997,0.0
2026-03-23T18:13:02.552190,1582.0740000000003,1503.7540000000004,78.32000000000001,-1417.9259999999997,0.0
2026-03-23T18:13:03.685675,1582.0740000000003,1503.7540000000004,78.32000000000001,-1417.9259999999997,0.0
2026-03-23T18:13:04.842140,1582.9540000000004,1503.7540000000004,78.32000000000001,-1417.9259999999997,0.8800000000000008
2026-03-23T18:13:06.027489,1582.9540000000004,1503.7540000000004,78.32000000000001,-1417.9259999999997,0.8800000000000008
2026-03-23T18:13:07.283470,1582.9540000000004,1503.7540000000004,78.32000000000001,-1417.9259999999997,0.8800000000000008
2026-03-23T18:13:08.421012,1582.9540000000004,1503.7540000000004,78.32000000000001,-1417.9259999999997,0.8800000000000008
2026-03-23T18:13:09.539847,1582.9540000000004,1503.7540000000004,78.32000000000001,-1417.9259999999997,0.8800000000000008
2026-03-23T18:13:10.658205,1582.9540000000004,1503.7540000000004,78.32000000000001,-1417.9259999999997,0.8800000000000008
2026-03-23T18:13:11.768843,1582.9540000000004,1503.7540000000004,78.32000000000001,-1417.9259999999997,0.8800000000000008
2026-03-23T18:13:12.979194,1582.9540000000004,1503.7540000000004,78.32000000000001,-1417.9259999999997,0.8800000000000008
2026-03-23T18:13:14.248236,1582.9540000000004,1503.7540000000004,78.32000000000001,-1417.9259999999997,0.8800000000000008
2026-03-23T18:13:15.367302,1584.5380000000002,1503.7540000000004,78.32000000000001,-1417.9259999999997,2.464000000000002
2026-03-23T18:13:16.518184,1584.5380000000002,1503.7540000000004,78.32000000000001,-1417.9259999999997,2.464000000000002
2026-03-23T18:13:17.665258,1583.9080000000001,1428.2440000000001,153.2,-1418.5559999999998,2.464000000000002
2026-03-23T18:13:18.788113,1583.9080000000001,1428.2440000000001,153.2,-1418.5559999999998,2.464000000000002
2026-03-23T18:13:19.961687,1583.9080000000001,1428.2440000000001,153.2,-1418.5559999999998,2.464000000000002
2026-03-23T18:13:21.230140,1583.9080000000001,1428.2440000000001,153.2,-1418.5559999999998,2.464000000000002
2026-03-23T18:13:22.344363,1583.9080000000001,1428.2440000000001,153.2,-1418.5559999999998,2.464000000000002
2026-03-23T18:13:23.459400,1583.9080000000001,1428.2440000000001,153.2,-1418.5559999999998,2.464000000000002
2026-03-23T18:13:24.569600,1583.9080000000001,1428.2440000000001,153.2,-1418.5559999999998,2.464000000000002
2026-03-23T18:13:25.685397,1519.6840000000004,1452.0040000000004,74.88,-1473.1159999999998,-7.200000000000006
2026-03-23T18:13:26.851897,1519.6840000000004,1452.0040000000004,74.88,-1473.1159999999998,-7.200000000000006
2026-03-23T18:13:28.003185,1519.6840000000004,1452.0040000000004,74.88,-1473.1159999999998,-7.200000000000006
2026-03-23T18:13:29.250215,1519.6840000000004,1452.0040000000004,74.88,-1473.1159999999998,-7.200000000000006
2026-03-23T18:13:30.360812,1519.6840000000004,1452.0040000000004,74.88,-1473.1159999999998,-7.200000000000006
2026-03-23T18:13:31.528094,1519.6840000000004,1452.0040000000004,74.88,-1473.1159999999998,-7.200000000000006
2026-03-23T18:13:32.645258,1519.6840000000004,1452.0040000000004,74.88,-1473.1159999999998,-7.200000000000006
2026-03-23T18:13:33.768164,1519.6840000000004,1452.0040000000004,74.88,-1473.1159999999998,-7.200000000000006
2026-03-23T18:13:34.917720,1519.6840000000004,1452.0040000000004,74.88,-1473.1159999999998,-7.200000000000006
2026-03-23T18:13:36.083253,1519.6840000000004,1452.0040000000004,74.88,-1473.1159999999998,-7.200000000000006
2026-03-23T18:13:37.356593,1519.6840000000004,1452.0040000000004,74.88,-1473.1159999999998,-7.200000000000006
2026-03-23T18:13:38.499495,1519.6840000000004,1452.0040000000004,74.88,-1473.1159999999998,-7.200000000000006
2026-03-23T18:13:39.626084,1519.6840000000004,1452.0040000000004,74.88,-1473.1159999999998,-7.200000000000006
2026-03-23T18:13:40.743794,1519.6840000000004,1452.0040000000004,74.88,-1473.1159999999998,-7.200000000000006
2026-03-23T18:13:41.874259,1519.6840000000004,1452.0040000000004,74.88,-1473.1159999999998,-7.200000000000006
2026-03-23T18:13:43.042092,1519.6840000000004,1452.0040000000004,74.88,-1473.1159999999998,-7.200000000000006
2026-03-23T18:13:44.291182,1519.6840000000004,1452.0040000000004,74.88,-1473.1159999999998,-7.200000000000006
2026-03-23T18:13:45.404558,1519.6840000000004,1452.0040000000004,74.88,-1473.1159999999998,-7.200000000000006
2026-03-23T18:13:46.539346,1519.6840000000004,1452.0040000000004,74.88,-1473.1159999999998,-7.200000000000006
2026-03-23T18:13:47.660285,1519.6840000000004,1452.0040000000004,74.88,-1473.1159999999998,-7.200000000000006
2026-03-23T18:13:48.776701,1519.6840000000004,1452.0040000000004,74.88,-1473.1159999999998,-7.200000000000006
2026-03-23T18:13:49.895220,1522.5640000000005,1452.0040000000004,74.88,-1473.1159999999998,-4.320000000000004
2026-03-23T18:13:51.132176,1522.5640000000005,1452.0040000000004,74.88,-1473.1159999999998,-4.320000000000004
2026-03-23T18:13:52.285188,1522.5640000000005,1452.0040000000004,74.88,-1473.1159999999998,-4.320000000000004
2026-03-23T18:13:53.422552,1522.5640000000005,1452.0040000000004,74.88,-1473.1159999999998,-4.320000000000004
2026-03-23T18:13:54.778117,1522.5640000000005,1452.0040000000004,74.88,-1473.1159999999998,-4.320000000000004
2026-03-23T18:13:56.109027,1522.5640000000005,1452.0040000000004,74.88,-1473.1159999999998,-4.320000000000004
2026-03-23T18:13:57.457456,1522.5640000000005,1452.0040000000004,74.88,-1473.1159999999998,-4.320000000000004
2026-03-23T18:13:58.836808,1522.5640000000005,1452.0040000000004,74.88,-1473.1159999999998,-4.320000000000004
2026-03-23T18:14:00.081522,1522.5640000000005,1452.0040000000004,74.88,-1473.1159999999998,-4.320000000000004
2026-03-23T18:14:01.353209,1522.5640000000005,1452.0040000000004,74.88,-1473.1159999999998,-4.320000000000004
2026-03-23T18:14:02.515809,1522.5640000000005,1452.0040000000004,74.88,-1473.1159999999998,-4.320000000000004
2026-03-23T18:14:03.687128,1522.5640000000005,1452.0040000000004,74.88,-1473.1159999999998,-4.320000000000004
2026-03-23T18:14:04.928664,1522.5640000000005,1452.0040000000004,74.88,-1473.1159999999998,-4.320000000000004
2026-03-23T18:14:06.067356,1522.5640000000005,1452.0040000000004,74.88,-1473.1159999999998,-4.320000000000004
2026-03-23T18:14:07.308216,1522.5640000000005,1452.0040000000004,74.88,-1473.1159999999998,-4.320000000000004
2026-03-23T18:14:08.477293,1522.5640000000005,1452.0040000000004,74.88,-1473.1159999999998,-4.320000000000004
2026-03-23T18:14:09.609720,1522.5640000000005,1452.0040000000004,74.88,-1473.1159999999998,-4.320000000000004
2026-03-23T18:14:10.751186,1519.6840000000004,1452.0040000000004,74.88,-1473.1159999999998,-7.200000000000006
2026-03-23T18:14:11.931510,1519.6840000000004,1452.0040000000004,74.88,-1473.1159999999998,-7.200000000000006
2026-03-23T18:14:13.090539,1519.6840000000004,1452.0040000000004,74.88,-1473.1159999999998,-7.200000000000006
2026-03-23T18:14:14.377754,1519.6840000000004,1452.0040000000004,74.88,-1473.1159999999998,-7.200000000000006
2026-03-23T18:14:15.549811,1519.6840000000004,1452.0040000000004,74.88,-1473.1159999999998,-7.200000000000006
2026-03-23T18:14:16.675528,1519.6840000000004,1452.0040000000004,74.88,-1473.1159999999998,-7.200000000000006
2026-03-23T18:14:17.839965,1519.6840000000004,1452.0040000000004,74.88,-1473.1159999999998,-7.200000000000006
2026-03-23T18:14:19.044152,1519.6840000000004,1452.0040000000004,74.88,-1473.1159999999998,-7.200000000000006
2026-03-23T18:14:20.186318,1519.6840000000004,1452.0040000000004,74.88,-1473.1159999999998,-7.200000000000006
2026-03-23T18:14:21.354139,1519.6840000000004,1452.0040000000004,74.88,-1473.1159999999998,-7.200000000000006
2026-03-23T18:14:22.623557,1519.6840000000004,1452.0040000000004,74.88,-1473.1159999999998,-7.200000000000006
2026-03-23T18:14:23.866694,1519.6840000000004,1452.0040000000004,74.88,-1473.1159999999998,-7.200000000000006
2026-03-23T18:14:25.016625,1519.6840000000004,1452.0040000000004,74.88,-1473.1159999999998,-7.200000000000006
2026-03-23T18:14:26.150228,1519.6840000000004,1452.0040000000004,74.88,-1473.1159999999998,-7.200000000000006
2026-03-23T18:14:27.288123,1519.6840000000004,1452.0040000000004,74.88,-1473.1159999999998,-7.200000000000006
2026-03-23T18:14:28.430881,1519.6840000000004,1452.0040000000004,74.88,-1473.1159999999998,-7.200000000000006
2026-03-23T18:14:29.711584,1519.6840000000004,1452.0040000000004,74.88,-1473.1159999999998,-7.200000000000006
2026-03-23T18:14:30.826152,1519.6840000000004,1452.0040000000004,74.88,-1473.1159999999998,-7.200000000000006
2026-03-23T18:14:31.943869,1519.6840000000004,1452.0040000000004,74.88,-1473.1159999999998,-7.200000000000006
2026-03-23T18:14:33.094229,1519.6840000000004,1452.0040000000004,74.88,-1473.1159999999998,-7.200000000000006
2026-03-23T18:14:34.507846,1519.6840000000004,1452.0040000000004,74.88,-1473.1159999999998,-7.200000000000006
2026-03-23T18:14:35.632787,1519.6840000000004,1452.0040000000004,74.88,-1473.1159999999998,-7.200000000000006
2026-03-23T18:14:36.889673,1519.6840000000004,1452.0040000000004,74.88,-1473.1159999999998,-7.200000000000006
2026-03-23T18:14:38.156573,1519.6840000000004,1452.0040000000004,74.88,-1473.1159999999998,-7.200000000000006
2026-03-23T18:14:39.271518,1519.6840000000004,1452.0040000000004,74.88,-1473.1159999999998,-7.200000000000006
2026-03-23T18:14:40.391203,1519.6840000000004,1452.0040000000004,74.88,-1473.1159999999998,-7.200000000000006
2026-03-23T18:14:41.511512,1519.6840000000004,1452.0040000000004,74.88,-1473.1159999999998,-7.200000000000006
2026-03-23T18:14:42.624123,1524.0040000000001,1524.0040000000001,0.0,-1475.9959999999999,0
2026-03-23T18:14:43.823256,1524.0040000000001,1524.0040000000001,0.0,-1475.9959999999999,0
2026-03-23T18:14:45.215913,1524.0040000000001,1524.0040000000001,0.0,-1475.9959999999999,0
2026-03-23T18:14:46.353505,1524.0040000000001,1524.0040000000001,0.0,-1475.9959999999999,0
2026-03-23T18:14:47.547159,1524.0040000000001,1524.0040000000001,0.0,-1475.9959999999999,0
2026-03-23T18:14:48.685492,1524.0040000000001,1524.0040000000001,0.0,-1475.9959999999999,0
2026-03-23T18:14:49.805505,1524.0040000000001,1524.0040000000001,0.0,-1475.9959999999999,0
2026-03-23T18:14:50.953660,1524.0040000000001,1524.0040000000001,0.0,-1475.9959999999999,0
2026-03-23T18:14:52.222591,1524.0040000000001,1524.0040000000001,0.0,-1475.9959999999999,0
2026-03-23T18:14:53.374718,1524.0040000000001,1524.0040000000001,0.0,-1475.9959999999999,0
2026-03-23T18:14:54.506896,1524.0040000000001,1524.0040000000001,0.0,-1475.9959999999999,0
2026-03-23T18:14:55.623048,1524.0040000000001,1524.0040000000001,0.0,-1475.9959999999999,0
2026-03-23T18:14:56.767746,1524.0040000000001,1524.0040000000001,0.0,-1475.9959999999999,0
2026-03-23T18:14:57.922601,1524.0040000000001,1524.0040000000001,0.0,-1475.9959999999999,0
2026-03-23T18:14:59.061348,1524.0040000000001,1524.0040000000001,0.0,-1475.9959999999999,0
2026-03-23T18:15:00.296230,1524.0040000000001,1524.0040000000001,0.0,-1475.9959999999999,0
2026-03-23T18:15:01.470996,1524.0040000000001,1524.0040000000001,0.0,-1475.9959999999999,0
2026-03-23T18:15:02.587903,1524.0040000000001,1524.0040000000001,0.0,-1475.9959999999999,0
2026-03-23T18:15:03.701612,1524.0040000000001,1524.0040000000001,0.0,-1475.9959999999999,0
2026-03-23T18:15:04.826082,1524.0040000000001,1524.0040000000001,0.0,-1475.9959999999999,0
2026-03-23T18:15:05.978451,1524.0040000000001,1524.0040000000001,0.0,-1475.9959999999999,0
2026-03-23T18:15:07.147225,1524.0040000000001,1524.0040000000001,0.0,-1475.9959999999999,0
2026-03-23T18:15:08.355099,1524.0040000000001,1524.0040000000001,0.0,-1475.9959999999999,0
2026-03-23T18:15:09.481641,1524.0040000000001,1524.0040000000001,0.0,-1475.9959999999999,0
2026-03-23T18:15:10.601632,1524.0040000000001,1524.0040000000001,0.0,-1475.9959999999999,0
2026-03-23T18:15:11.724207,1524.0040000000001,1524.0040000000001,0.0,-1475.9959999999999,0
2026-03-23T18:15:12.844281,1524.0040000000001,1524.0040000000001,0.0,-1475.9959999999999,0
2026-03-23T18:15:13.991303,1524.0040000000001,1524.0040000000001,0.0,-1475.9959999999999,0
2026-03-23T18:15:15.247333,1524.0040000000001,1524.0040000000001,0.0,-1475.9959999999999,0
2026-03-23T18:15:16.481237,1524.0040000000001,1524.0040000000001,0.0,-1475.9959999999999,0
2026-03-23T18:15:17.713488,1524.0040000000001,1524.0040000000001,0.0,-1475.9959999999999,0
2026-03-23T18:15:18.840153,1524.0040000000001,1524.0040000000001,0.0,-1475.9959999999999,0
2026-03-23T18:15:19.984141,1524.0040000000001,1524.0040000000001,0.0,-1475.9959999999999,0
2026-03-23T18:15:21.136122,1524.0040000000001,1524.0040000000001,0.0,-1475.9959999999999,0
2026-03-23T18:15:22.303245,1524.0040000000001,1524.0040000000001,0.0,-1475.9959999999999,0
2026-03-23T18:15:23.532924,1524.0040000000001,1524.0040000000001,0.0,-1475.9959999999999,0
2026-03-23T18:15:24.651319,1524.0040000000001,1524.0040000000001,0.0,-1475.9959999999999,0
2026-03-23T18:15:25.786371,1524.0040000000001,1524.0040000000001,0.0,-1475.9959999999999,0
2026-03-23T18:15:26.947733,1524.0040000000001,1524.0040000000001,0.0,-1475.9959999999999,0
2026-03-23T18:15:28.072317,1524.0040000000001,1524.0040000000001,0.0,-1475.9959999999999,0
2026-03-23T18:15:29.208119,1524.0040000000001,1524.0040000000001,0.0,-1475.9959999999999,0
2026-03-23T18:15:30.465659,1524.0040000000001,1524.0040000000001,0.0,-1475.9959999999999,0
2026-03-23T18:15:31.603723,1524.0040000000001,1524.0040000000001,0.0,-1475.9959999999999,0
2026-03-23T18:15:32.740577,1524.0040000000001,1524.0040000000001,0.0,-1475.9959999999999,0
2026-03-23T18:15:33.852565,1524.0040000000001,1524.0040000000001,0.0,-1475.9959999999999,0
2026-03-23T18:15:34.979452,1524.0040000000001,1524.0040000000001,0.0,-1475.9959999999999,0
2026-03-23T18:15:36.116972,1524.0040000000001,1524.0040000000001,0.0,-1475.9959999999999,0
2026-03-23T18:15:37.429232,1524.0040000000001,1524.0040000000001,0.0,-1475.9959999999999,0
2026-03-23T18:15:38.543020,1524.0040000000001,1524.0040000000001,0.0,-1475.9959999999999,0
2026-03-23T18:15:39.655137,1524.0040000000001,1524.0040000000001,0.0,-1475.9959999999999,0
2026-03-23T18:15:40.804592,1524.0040000000001,1524.0040000000001,0.0,-1475.9959999999999,0
2026-03-23T18:15:41.919827,1524.0040000000001,1524.0040000000001,0.0,-1475.9959999999999,0
2026-03-23T18:15:43.040683,1524.0040000000001,1524.0040000000001,0.0,-1475.9959999999999,0
2026-03-23T18:15:44.180239,1524.0040000000001,1524.0040000000001,0.0,-1475.9959999999999,0
2026-03-23T18:15:45.384688,1524.0040000000001,1524.0040000000001,0.0,-1475.9959999999999,0
2026-03-23T18:15:46.526986,1524.0040000000001,1524.0040000000001,0.0,-1475.9959999999999,0
2026-03-23T18:15:47.685679,1524.0040000000001,1524.0040000000001,0.0,-1475.9959999999999,0
2026-03-23T18:15:48.818213,1524.0040000000001,1524.0040000000001,0.0,-1475.9959999999999,0
2026-03-23T18:15:49.965482,1524.0040000000001,1524.0040000000001,0.0,-1475.9959999999999,0
2026-03-23T18:15:51.113781,1524.0040000000001,1524.0040000000001,0.0,-1475.9959999999999,0
2026-03-23T18:15:52.319386,1524.0040000000001,1524.0040000000001,0.0,-1475.9959999999999,0
2026-03-23T18:15:53.468685,1524.0040000000001,1524.0040000000001,0.0,-1475.9959999999999,0
2026-03-23T18:15:54.592012,1524.0040000000001,1524.0040000000001,0.0,-1475.9959999999999,0
2026-03-23T18:15:55.719111,1524.0040000000001,1524.0040000000001,0.0,-1475.9959999999999,0
2026-03-23T18:15:56.876153,1524.0040000000001,1524.0040000000001,0.0,-1475.9959999999999,0
2026-03-23T18:15:57.996317,1524.0040000000001,1524.0040000000001,0.0,-1475.9959999999999,0
2026-03-23T18:15:59.257649,1524.0040000000001,1524.0040000000001,0.0,-1475.9959999999999,0
2026-03-23T18:16:00.392234,1524.0040000000001,1524.0040000000001,0.0,-1475.9959999999999,0
2026-03-23T18:16:01.549273,1524.0040000000001,1524.0040000000001,0.0,-1475.9959999999999,0
2026-03-23T18:16:02.688611,1524.0040000000001,1524.0040000000001,0.0,-1475.9959999999999,0
2026-03-23T18:16:03.803837,1524.0040000000001,1524.0040000000001,0.0,-1475.9959999999999,0
2026-03-23T18:16:04.917705,1524.0040000000001,1524.0040000000001,0.0,-1475.9959999999999,0
2026-03-23T18:16:06.188157,1524.0040000000001,1524.0040000000001,0.0,-1475.9959999999999,0
2026-03-23T18:16:07.307233,1524.0040000000001,1524.0040000000001,0.0,-1475.9959999999999,0
2026-03-23T18:16:08.424424,1524.0040000000001,1524.0040000000001,0.0,-1475.9959999999999,0
2026-03-23T18:16:09.569700,1524.0040000000001,1524.0040000000001,0.0,-1475.9959999999999,0
2026-03-23T18:16:10.720525,1524.0040000000001,1524.0040000000001,0.0,-1475.9959999999999,0
2026-03-23T18:16:11.836512,1524.0040000000001,1524.0040000000001,0.0,-1475.9959999999999,0
2026-03-23T18:16:13.082465,1524.0040000000001,1524.0040000000001,0.0,-1475.9959999999999,0
2026-03-23T18:16:14.362748,1524.0040000000001,1524.0040000000001,0.0,-1475.9959999999999,0
2026-03-23T18:16:15.497411,1524.0040000000001,1524.0040000000001,0.0,-1475.9959999999999,0
2026-03-23T18:16:16.651898,1524.0040000000001,1524.0040000000001,0.0,-1475.9959999999999,0
2026-03-23T18:16:17.821586,1524.0040000000001,1524.0040000000001,0.0,-1475.9959999999999,0
2026-03-23T18:16:18.987532,1524.0040000000001,1524.0040000000001,0.0,-1475.9959999999999,0
2026-03-23T18:16:20.162301,1524.0040000000001,1524.0040000000001,0.0,-1475.9959999999999,0
2026-03-23T18:16:21.343162,1524.0040000000001,1447.844,76.16000000000001,-1475.9959999999999,0
2026-03-23T18:16:22.592408,1523.4140000000002,1447.2540000000001,76.16000000000001,-1476.5859999999998,0.0
2026-03-23T18:16:23.742225,1523.4140000000002,1447.2540000000001,76.16000000000001,-1476.5859999999998,0.0
2026-03-23T18:16:24.871133,1523.4140000000002,1447.2540000000001,76.16000000000001,-1476.5859999999998,0.0
2026-03-23T18:16:25.984800,1523.4140000000002,1447.2540000000001,76.16000000000001,-1476.5859999999998,0.0
2026-03-23T18:16:27.166383,1523.4140000000002,1447.2540000000001,76.16000000000001,-1476.5859999999998,0.0
2026-03-23T18:16:28.319179,1523.4140000000002,1447.2540000000001,76.16000000000001,-1476.5859999999998,0.0
2026-03-23T18:16:29.570108,1523.4140000000002,1447.2540000000001,76.16000000000001,-1476.5859999999998,0.0
2026-03-23T18:16:30.703162,1522.0540000000003,1447.2540000000001,76.16000000000001,-1476.5859999999998,-1.3600000000000012
2026-03-23T18:16:31.836614,1522.0540000000003,1447.2540000000001,76.16000000000001,-1476.5859999999998,-1.3600000000000012
2026-03-23T18:16:33.026127,1522.0540000000003,1447.2540000000001,76.16000000000001,-1476.5859999999998,-1.3600000000000012
2026-03-23T18:16:34.162511,1522.0540000000003,1447.2540000000001,76.16000000000001,-1476.5859999999998,-1.3600000000000012
2026-03-23T18:16:35.295876,1522.0540000000003,1447.2540000000001,76.16000000000001,-1476.5859999999998,-1.3600000000000012
2026-03-23T18:16:36.614665,1522.0540000000003,1447.2540000000001,76.16000000000001,-1476.5859999999998,-1.3600000000000012
2026-03-23T18:16:37.828662,1522.0540000000003,1447.2540000000001,76.16000000000001,-1476.5859999999998,-1.3600000000000012
2026-03-23T18:16:38.975586,1522.0540000000003,1447.2540000000001,76.16000000000001,-1476.5859999999998,-1.3600000000000012
2026-03-23T18:16:40.106742,1522.0540000000003,1447.2540000000001,76.16000000000001,-1476.5859999999998,-1.3600000000000012
2026-03-23T18:16:41.258390,1522.0540000000003,1447.2540000000001,76.16000000000001,-1476.5859999999998,-1.3600000000000012
2026-03-23T18:16:42.417196,1522.0540000000003,1447.2540000000001,76.16000000000001,-1476.5859999999998,-1.3600000000000012
2026-03-23T18:16:43.611628,1522.0540000000003,1447.2540000000001,76.16000000000001,-1476.5859999999998,-1.3600000000000012
2026-03-23T18:16:44.871642,1522.0540000000003,1447.2540000000001,76.16000000000001,-1476.5859999999998,-1.3600000000000012
2026-03-23T18:16:45.993094,1522.0540000000003,1447.2540000000001,76.16000000000001,-1476.5859999999998,-1.3600000000000012
2026-03-23T18:16:47.115767,1522.0540000000003,1447.2540000000001,76.16000000000001,-1476.5859999999998,-1.3600000000000012
2026-03-23T18:16:48.258265,1522.0540000000003,1447.2540000000001,76.16000000000001,-1476.5859999999998,-1.3600000000000012
2026-03-23T18:16:49.380366,1522.0540000000003,1447.2540000000001,76.16000000000001,-1476.5859999999998,-1.3600000000000012
2026-03-23T18:16:50.513158,1524.7740000000001,1447.2540000000001,76.16000000000001,-1476.5859999999998,1.3600000000000012
2026-03-23T18:16:51.775296,1524.7740000000001,1447.2540000000001,76.16000000000001,-1476.5859999999998,1.3600000000000012
2026-03-23T18:16:52.968305,1524.7740000000001,1447.2540000000001,76.16000000000001,-1476.5859999999998,1.3600000000000012
2026-03-23T18:16:54.146559,1524.7740000000001,1447.2540000000001,76.16000000000001,-1476.5859999999998,1.3600000000000012
2026-03-23T18:16:55.260223,1524.7740000000001,1447.2540000000001,76.16000000000001,-1476.5859999999998,1.3600000000000012
2026-03-23T18:16:56.398126,1524.7740000000001,1447.2540000000001,76.16000000000001,-1476.5859999999998,1.3600000000000012
2026-03-23T18:16:57.569018,1524.7740000000001,1447.2540000000001,76.16000000000001,-1476.5859999999998,1.3600000000000012
2026-03-23T18:16:58.748721,1524.7740000000001,1447.2540000000001,76.16000000000001,-1476.5859999999998,1.3600000000000012
2026-03-23T18:17:00.002247,1524.7740000000001,1447.2540000000001,76.16000000000001,-1476.5859999999998,1.3600000000000012
2026-03-23T18:17:01.120673,1524.7740000000001,1447.2540000000001,76.16000000000001,-1476.5859999999998,1.3600000000000012
2026-03-23T18:17:02.279288,1524.7740000000001,1447.2540000000001,76.16000000000001,-1476.5859999999998,1.3600000000000012
2026-03-23T18:17:03.463247,1524.7740000000001,1447.2540000000001,76.16000000000001,-1476.5859999999998,1.3600000000000012
2026-03-23T18:17:04.577655,1524.7740000000001,1447.2540000000001,76.16000000000001,-1476.5859999999998,1.3600000000000012
2026-03-23T18:17:05.749451,1507.0940000000003,1507.0940000000003,0.0,-1492.9059999999997,0
2026-03-23T18:17:07.259560,1507.0940000000003,1507.0940000000003,0.0,-1492.9059999999997,0
2026-03-23T18:17:08.440822,1507.0940000000003,1507.0940000000003,0.0,-1492.9059999999997,0
2026-03-23T18:17:09.585520,1507.0940000000003,1507.0940000000003,0.0,-1492.9059999999997,0
2026-03-23T18:17:10.760159,1507.0940000000003,1507.0940000000003,0.0,-1492.9059999999997,0
2026-03-23T18:17:11.911594,1507.0940000000003,1507.0940000000003,0.0,-1492.9059999999997,0
2026-03-23T18:17:13.097504,1507.0940000000003,1507.0940000000003,0.0,-1492.9059999999997,0
2026-03-23T18:17:14.357717,1507.0940000000003,1507.0940000000003,0.0,-1492.9059999999997,0
2026-03-23T18:17:15.661782,1507.0940000000003,1507.0940000000003,0.0,-1492.9059999999997,0
2026-03-23T18:17:16.804699,1507.0940000000003,1507.0940000000003,0.0,-1492.9059999999997,0
2026-03-23T18:17:18.110131,1507.0940000000003,1507.0940000000003,0.0,-1492.9059999999997,0
2026-03-23T18:17:19.411921,1507.0940000000003,1507.0940000000003,0.0,-1492.9059999999997,0
2026-03-23T18:17:20.590657,1507.0940000000003,1507.0940000000003,0.0,-1492.9059999999997,0
2026-03-23T18:17:21.735628,1507.0940000000003,1507.0940000000003,0.0,-1492.9059999999997,0
2026-03-23T18:17:23.084261,1507.0940000000003,1507.0940000000003,0.0,-1492.9059999999997,0
2026-03-23T18:17:24.216599,1507.0940000000003,1507.0940000000003,0.0,-1492.9059999999997,0
2026-03-23T18:17:25.332420,1507.0940000000003,1507.0940000000003,0.0,-1492.9059999999997,0
2026-03-23T18:17:26.454544,1507.0940000000003,1507.0940000000003,0.0,-1492.9059999999997,0
2026-03-23T18:17:27.581671,1507.0940000000003,1507.0940000000003,0.0,-1492.9059999999997,0
2026-03-23T18:17:28.727277,1507.0940000000003,1507.0940000000003,0.0,-1492.9059999999997,0
2026-03-23T18:17:29.929618,1507.0940000000003,1507.0940000000003,0.0,-1492.9059999999997,0
2026-03-23T18:17:31.156646,1507.0940000000003,1507.0940000000003,0.0,-1492.9059999999997,0
2026-03-23T18:17:32.275073,1507.0940000000003,1507.0940000000003,0.0,-1492.9059999999997,0
2026-03-23T18:17:33.428166,1507.0940000000003,1507.0940000000003,0.0,-1492.9059999999997,0
2026-03-23T18:17:34.547726,1507.0940000000003,1507.0940000000003,0.0,-1492.9059999999997,0
2026-03-23T18:17:35.673760,1507.0940000000003,1507.0940000000003,0.0,-1492.9059999999997,0
2026-03-23T18:17:36.877788,1507.0940000000003,1507.0940000000003,0.0,-1492.9059999999997,0
2026-03-23T18:17:38.192179,1507.0940000000003,1507.0940000000003,0.0,-1492.9059999999997,0
2026-03-23T18:17:39.328632,1507.0940000000003,1507.0940000000003,0.0,-1492.9059999999997,0
2026-03-23T18:17:40.449040,1507.0940000000003,1507.0940000000003,0.0,-1492.9059999999997,0
2026-03-23T18:17:41.565183,1507.0940000000003,1507.0940000000003,0.0,-1492.9059999999997,0
2026-03-23T18:17:42.691283,1507.0940000000003,1507.0940000000003,0.0,-1492.9059999999997,0
2026-03-23T18:17:43.867573,1507.0940000000003,1507.0940000000003,0.0,-1492.9059999999997,0
2026-03-23T18:17:45.122073,1507.0940000000003,1507.0940000000003,0.0,-1492.9059999999997,0
2026-03-23T18:17:46.243687,1507.0940000000003,1507.0940000000003,0.0,-1492.9059999999997,0
2026-03-23T18:17:47.419296,1507.0940000000003,1507.0940000000003,0.0,-1492.9059999999997,0
2026-03-23T18:17:48.567828,1507.0940000000003,1507.0940000000003,0.0,-1492.9059999999997,0
2026-03-23T18:17:49.686217,1507.0940000000003,1507.0940000000003,0.0,-1492.9059999999997,0
2026-03-23T18:17:50.832236,1507.0940000000003,1507.0940000000003,0.0,-1492.9059999999997,0
2026-03-23T18:17:51.965325,1507.0940000000003,1507.0940000000003,0.0,-1492.9059999999997,0
2026-03-23T18:17:53.213509,1507.0940000000003,1507.0940000000003,0.0,-1492.9059999999997,0
2026-03-23T18:17:54.331581,1507.0940000000003,1507.0940000000003,0.0,-1492.9059999999997,0
2026-03-23T18:17:55.448645,1507.0940000000003,1507.0940000000003,0.0,-1492.9059999999997,0
2026-03-23T18:17:56.569850,1507.0940000000003,1507.0940000000003,0.0,-1492.9059999999997,0
2026-03-23T18:17:57.714996,1507.0940000000003,1507.0940000000003,0.0,-1492.9059999999997,0
2026-03-23T18:17:58.860571,1507.0940000000003,1507.0940000000003,0.0,-1492.9059999999997,0
2026-03-23T18:18:00.099759,1507.0940000000003,1507.0940000000003,0.0,-1492.9059999999997,0
2026-03-23T18:18:01.210622,1507.0940000000003,1507.0940000000003,0.0,-1492.9059999999997,0
2026-03-23T18:18:02.341181,1507.0940000000003,1507.0940000000003,0.0,-1492.9059999999997,0
2026-03-23T18:18:03.473008,1507.0940000000003,1507.0940000000003,0.0,-1492.9059999999997,0
2026-03-23T18:18:04.601109,1507.0940000000003,1507.0940000000003,0.0,-1492.9059999999997,0
2026-03-23T18:18:05.725361,1507.0940000000003,1507.0940000000003,0.0,-1492.9059999999997,0
2026-03-23T18:18:06.926510,1507.0940000000003,1507.0940000000003,0.0,-1492.9059999999997,0
2026-03-23T18:18:08.180216,1507.0940000000003,1507.0940000000003,0.0,-1492.9059999999997,0
2026-03-23T18:18:09.301912,1507.0940000000003,1507.0940000000003,0.0,-1492.9059999999997,0
2026-03-23T18:18:10.418365,1507.0940000000003,1507.0940000000003,0.0,-1492.9059999999997,0
2026-03-23T18:18:11.557079,1507.0940000000005,1432.2140000000004,74.88,-1492.9059999999997,0
2026-03-23T18:18:12.699201,1506.4640000000004,1431.5840000000003,74.88,-1493.5359999999998,0.0
2026-03-23T18:18:13.825472,1506.4640000000004,1431.5840000000003,74.88,-1493.5359999999998,0.0
2026-03-23T18:18:15.109183,1506.4640000000004,1431.5840000000003,74.88,-1493.5359999999998,0.0
2026-03-23T18:18:16.218561,1506.4640000000004,1431.5840000000003,74.88,-1493.5359999999998,0.0
2026-03-23T18:18:17.338647,1506.4640000000004,1431.5840000000003,74.88,-1493.5359999999998,0.0
2026-03-23T18:18:18.483446,1506.4640000000004,1431.5840000000003,74.88,-1493.5359999999998,0.0
2026-03-23T18:18:19.601162,1506.4640000000004,1431.5840000000003,74.88,-1493.5359999999998,0.0
2026-03-23T18:18:20.719769,1499.2640000000004,1431.5840000000003,74.88,-1493.5359999999998,-7.200000000000006
2026-03-23T18:18:21.912704,1499.2640000000004,1431.5840000000003,74.88,-1493.5359999999998,-7.200000000000006
2026-03-23T18:18:23.117599,1499.2640000000004,1431.5840000000003,74.88,-1493.5359999999998,-7.200000000000006
2026-03-23T18:18:24.244551,1499.2640000000004,1431.5840000000003,74.88,-1493.5359999999998,-7.200000000000006
2026-03-23T18:18:25.384236,1499.2640000000004,1431.5840000000003,74.88,-1493.5359999999998,-7.200000000000006
2026-03-23T18:18:26.497498,1499.2640000000004,1431.5840000000003,74.88,-1493.5359999999998,-7.200000000000006
2026-03-23T18:18:27.622577,1499.2640000000004,1431.5840000000003,74.88,-1493.5359999999998,-7.200000000000006
2026-03-23T18:18:28.809540,1499.2640000000004,1431.5840000000003,74.88,-1493.5359999999998,-7.200000000000006
2026-03-23T18:18:30.029840,1499.2640000000004,1431.5840000000003,74.88,-1493.5359999999998,-7.200000000000006
2026-03-23T18:18:31.145249,1574.1440000000005,1431.5840000000003,74.88,-1493.5359999999998,67.67999999999999
2026-03-23T18:18:32.313651,1506.4640000000004,1431.5840000000003,74.88,-1493.5359999999998,0.0
2026-03-23T18:18:33.457579,1506.4640000000004,1431.5840000000003,74.88,-1493.5359999999998,0.0
2026-03-23T18:18:34.568427,1506.4640000000004,1431.5840000000003,74.88,-1493.5359999999998,0.0
2026-03-23T18:18:35.711815,1506.4640000000004,1431.5840000000003,74.88,-1493.5359999999998,0.0
2026-03-23T18:18:37.037496,1506.4640000000004,1431.5840000000003,74.88,-1493.5359999999998,0.0
2026-03-23T18:18:38.148609,1506.4640000000004,1431.5840000000003,74.88,-1493.5359999999998,0.0
2026-03-23T18:18:39.282440,1506.4640000000004,1431.5840000000003,74.88,-1493.5359999999998,0.0
2026-03-23T18:18:40.395550,1506.4640000000004,1431.5840000000003,74.88,-1493.5359999999998,0.0
2026-03-23T18:18:41.511276,1550.624,1550.624,0.0,-1449.376,0
2026-03-23T18:18:42.648731,1550.624,1550.624,0.0,-1449.376,0
2026-03-23T18:18:43.847501,1550.624,1550.624,0.0,-1449.376,0
2026-03-23T18:18:44.985554,1550.624,1550.624,0.0,-1449.376,0
2026-03-23T18:18:46.208844,1550.624,1550.624,0.0,-1449.376,0
2026-03-23T18:18:47.340536,1550.624,1550.624,0.0,-1449.376,0
2026-03-23T18:18:48.463756,1550.624,1550.624,0.0,-1449.376,0
2026-03-23T18:18:49.608915,1550.624,1550.624,0.0,-1449.376,0
2026-03-23T18:18:50.736491,1550.624,1550.624,0.0,-1449.376,0
2026-03-23T18:18:51.954297,1550.624,1550.624,0.0,-1449.376,0
2026-03-23T18:18:53.129353,1550.624,1550.624,0.0,-1449.376,0
2026-03-23T18:18:54.287167,1550.624,1550.624,0.0,-1449.376,0
2026-03-23T18:18:55.402630,1550.624,1550.624,0.0,-1449.376,0
2026-03-23T18:18:56.556542,1550.624,1550.624,0.0,-1449.376,0
2026-03-23T18:18:57.693790,1550.624,1550.624,0.0,-1449.376,0
2026-03-23T18:18:58.910083,1550.624,1550.624,0.0,-1449.376,0
2026-03-23T18:19:00.026831,1550.624,1550.624,0.0,-1449.376,0
2026-03-23T18:19:01.159664,1550.624,1550.624,0.0,-1449.376,0
2026-03-23T18:19:02.284172,1550.624,1550.624,0.0,-1449.376,0
2026-03-23T18:19:03.464540,1550.624,1550.624,0.0,-1449.376,0
2026-03-23T18:19:04.595907,1550.624,1550.624,0.0,-1449.376,0
2026-03-23T18:19:05.845227,1550.624,1550.624,0.0,-1449.376,0
2026-03-23T18:19:06.973261,1550.624,1550.624,0.0,-1449.376,0
2026-03-23T18:19:08.106548,1550.624,1550.624,0.0,-1449.376,0
2026-03-23T18:19:09.223271,1550.624,1550.624,0.0,-1449.376,0
2026-03-23T18:19:10.357917,1550.624,1550.624,0.0,-1449.376,0
2026-03-23T18:19:11.516850,1550.624,1550.624,0.0,-1449.376,0
2026-03-23T18:19:12.674234,1550.624,1550.624,0.0,-1449.376,0
2026-03-23T18:19:13.879855,1550.624,1550.624,0.0,-1449.376,0
2026-03-23T18:19:15.028570,1550.624,1550.624,0.0,-1449.376,0
2026-03-23T18:19:16.160831,1550.624,1550.624,0.0,-1449.376,0
2026-03-23T18:19:17.278723,1550.624,1550.624,0.0,-1449.376,0
2026-03-23T18:19:18.450298,1550.624,1550.624,0.0,-1449.376,0
2026-03-23T18:19:19.606453,1550.624,1550.624,0.0,-1449.376,0
2026-03-23T18:19:20.843674,1550.624,1550.624,0.0,-1449.376,0
2026-03-23T18:19:21.962698,1550.624,1550.624,0.0,-1449.376,0
2026-03-23T18:19:23.084269,1550.624,1550.624,0.0,-1449.376,0
2026-03-23T18:19:24.206003,1550.624,1550.624,0.0,-1449.376,0
2026-03-23T18:19:25.337880,1550.624,1473.344,77.28,-1449.376,0
2026-03-23T18:19:26.467639,1549.914,1472.634,77.28,-1450.086,0.0
2026-03-23T18:19:27.623254,1549.914,1472.634,77.28,-1450.086,0.0
2026-03-23T18:19:28.808279,1549.914,1472.634,77.28,-1450.086,0.0
2026-03-23T18:19:29.925572,1549.914,1472.634,77.28,-1450.086,0.0
2026-03-23T18:19:31.057819,1549.914,1472.634,77.28,-1450.086,0.0
2026-03-23T18:19:32.170277,1549.914,1472.634,77.28,-1450.086,0.0
2026-03-23T18:19:33.281452,1556.354,1472.634,77.28,-1450.086,6.440000000000006
2026-03-23T18:19:34.430203,1556.354,1472.634,77.28,-1450.086,6.440000000000006
2026-03-23T18:19:35.669511,1556.354,1472.634,77.28,-1450.086,6.440000000000006
2026-03-23T18:19:36.783001,1556.354,1472.634,77.28,-1450.086,6.440000000000006
2026-03-23T18:19:37.892629,1556.354,1472.634,77.28,-1450.086,6.440000000000006
2026-03-23T18:19:39.002869,1556.354,1472.634,77.28,-1450.086,6.440000000000006
2026-03-23T18:19:40.142539,1556.354,1472.634,77.28,-1450.086,6.440000000000006
2026-03-23T18:19:41.272269,1556.354,1472.634,77.28,-1450.086,6.440000000000006
2026-03-23T18:19:42.480126,1554.744,1472.634,77.28,-1450.086,4.8300000000000045
2026-03-23T18:19:43.631125,1554.744,1472.634,77.28,-1450.086,4.8300000000000045
2026-03-23T18:19:44.759141,1554.744,1472.634,77.28,-1450.086,4.8300000000000045
2026-03-23T18:19:45.867539,1554.744,1472.634,77.28,-1450.086,4.8300000000000045
2026-03-23T18:19:46.984595,1554.744,1472.634,77.28,-1450.086,4.8300000000000045
2026-03-23T18:19:48.108767,1554.744,1472.634,77.28,-1450.086,4.8300000000000045
2026-03-23T18:19:49.322642,1554.744,1472.634,77.28,-1450.086,4.8300000000000045
2026-03-23T18:19:50.437869,1554.744,1472.634,77.28,-1450.086,4.8300000000000045
2026-03-23T18:19:51.554258,1554.744,1472.634,77.28,-1450.086,4.8300000000000045
2026-03-23T18:19:52.691774,1554.744,1472.634,77.28,-1450.086,4.8300000000000045
2026-03-23T18:19:53.805163,1554.744,1472.634,77.28,-1450.086,4.8300000000000045
2026-03-23T18:19:54.967535,1554.744,1472.634,77.28,-1450.086,4.8300000000000045
2026-03-23T18:19:56.190026,1554.744,1472.634,77.28,-1450.086,4.8300000000000045
2026-03-23T18:19:57.306543,1554.744,1472.634,77.28,-1450.086,4.8300000000000045
2026-03-23T18:19:58.414888,1554.744,1472.634,77.28,-1450.086,4.8300000000000045
2026-03-23T18:19:59.532206,1554.744,1472.634,77.28,-1450.086,4.8300000000000045
2026-03-23T18:20:00.650536,1549.834,1549.834,0.0,-1450.166,0
2026-03-23T18:20:01.783378,1549.834,1549.834,0.0,-1450.166,0
2026-03-23T18:20:03.121529,1549.834,1549.834,0.0,-1450.166,0
2026-03-23T18:20:04.267180,1549.834,1549.834,0.0,-1450.166,0
2026-03-23T18:20:05.399511,1549.834,1549.834,0.0,-1450.166,0
2026-03-23T18:20:06.516137,1549.834,1549.834,0.0,-1450.166,0
2026-03-23T18:20:07.632559,1549.834,1549.834,0.0,-1450.166,0
2026-03-23T18:20:08.764893,1549.834,1549.834,0.0,-1450.166,0
2026-03-23T18:20:09.987682,1549.834,1549.834,0.0,-1450.166,0
2026-03-23T18:20:11.131530,1549.834,1549.834,0.0,-1450.166,0
2026-03-23T18:20:12.261486,1549.834,1549.834,0.0,-1450.166,0
2026-03-23T18:20:13.370651,1549.834,1549.834,0.0,-1450.166,0
2026-03-23T18:20:14.500601,1549.834,1549.834,0.0,-1450.166,0
2026-03-23T18:20:15.611474,1549.834,1549.834,0.0,-1450.166,0
2026-03-23T18:20:16.866209,1549.834,1549.834,0.0,-1450.166,0
2026-03-23T18:20:17.987259,1549.834,1549.834,0.0,-1450.166,0
2026-03-23T18:20:19.134398,1549.834,1549.834,0.0,-1450.166,0
2026-03-23T18:20:20.245245,1549.834,1549.834,0.0,-1450.166,0
2026-03-23T18:20:21.362435,1549.834,1549.834,0.0,-1450.166,0
2026-03-23T18:20:22.509244,1549.834,1472.544,77.29,-1450.166,0
2026-03-23T18:20:23.661631,1549.2740000000001,1471.9840000000002,77.29,-1450.7259999999999,0.0
2026-03-23T18:20:24.853553,1549.2740000000001,1471.9840000000002,77.29,-1450.7259999999999,0.0
2026-03-23T18:20:25.966162,1549.2740000000001,1471.9840000000002,77.29,-1450.7259999999999,0.0
2026-03-23T18:20:27.098800,1549.2740000000001,1471.9840000000002,77.29,-1450.7259999999999,0.0
2026-03-23T18:20:28.249449,1549.2740000000001,1471.9840000000002,77.29,-1450.7259999999999,0.0
2026-03-23T18:20:29.360609,1549.2740000000001,1471.9840000000002,77.29,-1450.7259999999999,0.0
2026-03-23T18:20:30.514587,1549.2740000000001,1471.9840000000002,77.29,-1450.7259999999999,0.0
2026-03-23T18:20:31.767276,1547.9640000000002,1471.9840000000002,77.29,-1450.7259999999999,-1.3100000000000012
2026-03-23T18:20:32.913555,1547.9640000000002,1471.9840000000002,77.29,-1450.7259999999999,-1.3100000000000012
2026-03-23T18:20:34.032391,1547.9640000000002,1471.9840000000002,77.29,-1450.7259999999999,-1.3100000000000012
2026-03-23T18:20:35.143064,1547.9640000000002,1471.9840000000002,77.29,-1450.7259999999999,-1.3100000000000012
2026-03-23T18:20:36.285608,1547.9640000000002,1471.9840000000002,77.29,-1450.7259999999999,-1.3100000000000012
2026-03-23T18:20:37.445374,1547.9640000000002,1471.9840000000002,77.29,-1450.7259999999999,-1.3100000000000012
2026-03-23T18:20:38.556493,1547.9640000000002,1471.9840000000002,77.29,-1450.7259999999999,-1.3100000000000012
2026-03-23T18:20:39.669203,1547.9640000000002,1471.9840000000002,77.29,-1450.7259999999999,-1.3100000000000012
2026-03-23T18:20:40.787628,1550.584,1471.9840000000002,77.29,-1450.7259999999999,1.3099999999999867
2026-03-23T18:20:41.929735,1550.584,1471.9840000000002,77.29,-1450.7259999999999,1.3099999999999867
2026-03-23T18:20:43.059986,1550.584,1471.9840000000002,77.29,-1450.7259999999999,1.3099999999999867
2026-03-23T18:20:44.211437,1550.584,1471.9840000000002,77.29,-1450.7259999999999,1.3099999999999867
2026-03-23T18:20:45.443731,1550.584,1471.9840000000002,77.29,-1450.7259999999999,1.3099999999999867
2026-03-23T18:20:46.611684,1550.584,1471.9840000000002,77.29,-1450.7259999999999,1.3099999999999867
2026-03-23T18:20:47.730518,1550.584,1471.9840000000002,77.29,-1450.7259999999999,1.3099999999999867
2026-03-23T18:20:48.844302,1550.584,1471.9840000000002,77.29,-1450.7259999999999,1.3099999999999867
2026-03-23T18:20:49.959152,1554.5140000000001,1471.9840000000002,77.29,-1450.7259999999999,5.23999999999999
2026-03-23T18:20:51.109244,1554.5140000000001,1471.9840000000002,77.29,-1450.7259999999999,5.23999999999999
2026-03-23T18:20:52.311231,1554.5140000000001,1471.9840000000002,77.29,-1450.7259999999999,5.23999999999999
2026-03-23T18:20:53.427621,1554.5140000000001,1471.9840000000002,77.29,-1450.7259999999999,5.23999999999999
2026-03-23T18:20:54.543507,1554.5140000000001,1471.9840000000002,77.29,-1450.7259999999999,5.23999999999999
2026-03-23T18:20:55.674544,1554.5140000000001,1471.9840000000002,77.29,-1450.7259999999999,5.23999999999999
2026-03-23T18:20:56.795852,1554.5140000000001,1471.9840000000002,77.29,-1450.7259999999999,5.23999999999999
2026-03-23T18:20:57.929983,1574.394,1574.394,0.0,-1425.606,0
2026-03-23T18:20:59.198404,1574.394,1574.394,0.0,-1425.606,0
2026-03-23T18:21:00.323382,1574.394,1574.394,0.0,-1425.606,0
2026-03-23T18:21:01.430762,1574.394,1574.394,0.0,-1425.606,0
2026-03-23T18:21:02.546815,1574.394,1574.394,0.0,-1425.606,0
2026-03-23T18:21:03.662903,1574.394,1574.394,0.0,-1425.606,0
2026-03-23T18:21:04.843220,1574.394,1574.394,0.0,-1425.606,0
2026-03-23T18:21:06.108252,1574.394,1574.394,0.0,-1425.606,0
2026-03-23T18:21:07.231121,1574.394,1574.394,0.0,-1425.606,0
2026-03-23T18:21:08.398400,1574.394,1574.394,0.0,-1425.606,0
2026-03-23T18:21:09.556033,1574.394,1574.394,0.0,-1425.606,0
2026-03-23T18:21:10.666078,1574.394,1574.394,0.0,-1425.606,0
2026-03-23T18:21:11.798453,1574.394,1574.394,0.0,-1425.606,0
2026-03-23T18:21:13.038182,1574.394,1574.394,0.0,-1425.606,0
2026-03-23T18:21:14.199175,1574.394,1574.394,0.0,-1425.606,0
2026-03-23T18:21:15.318163,1574.394,1574.394,0.0,-1425.606,0
2026-03-23T18:21:16.430341,1574.394,1574.394,0.0,-1425.606,0
2026-03-23T18:21:17.561746,1574.394,1574.394,0.0,-1425.606,0
2026-03-23T18:21:18.692528,1574.394,1574.394,0.0,-1425.606,0
2026-03-23T18:21:19.827794,1574.394,1574.394,0.0,-1425.606,0
2026-03-23T18:21:21.088167,1574.394,1574.394,0.0,-1425.606,0
2026-03-23T18:21:22.203071,1574.394,1574.394,0.0,-1425.606,0
2026-03-23T18:21:23.369625,1574.394,1574.394,0.0,-1425.606,0
2026-03-23T18:21:24.488120,1574.394,1574.394,0.0,-1425.606,0
2026-03-23T18:21:25.636421,1574.394,1574.394,0.0,-1425.606,0
2026-03-23T18:21:26.777444,1574.394,1574.394,0.0,-1425.606,0
2026-03-23T18:21:28.026312,1574.394,1574.394,0.0,-1425.606,0
2026-03-23T18:21:29.155168,1574.394,1574.394,0.0,-1425.606,0
2026-03-23T18:21:30.286763,1574.394,1574.394,0.0,-1425.606,0
2026-03-23T18:21:31.400179,1574.394,1574.394,0.0,-1425.606,0
2026-03-23T18:21:32.519220,1574.394,1574.394,0.0,-1425.606,0
2026-03-23T18:21:33.683582,1574.394,1574.394,0.0,-1425.606,0
2026-03-23T18:21:34.919839,1574.394,1574.394,0.0,-1425.606,0
2026-03-23T18:21:36.031776,1574.394,1574.394,0.0,-1425.606,0
2026-03-23T18:21:37.147407,1574.394,1574.394,0.0,-1425.606,0
2026-03-23T18:21:38.255902,1574.394,1574.394,0.0,-1425.606,0
2026-03-23T18:21:39.397303,1574.394,1574.394,0.0,-1425.606,0
2026-03-23T18:21:40.526142,1574.394,1574.394,0.0,-1425.606,0
2026-03-23T18:21:41.769059,1574.394,1574.394,0.0,-1425.606,0
2026-03-23T18:21:42.913249,1574.394,1574.394,0.0,-1425.606,0
2026-03-23T18:21:44.025902,1574.394,1574.394,0.0,-1425.606,0
2026-03-23T18:21:45.137281,1574.394,1574.394,0.0,-1425.606,0
2026-03-23T18:21:46.257108,1574.394,1574.394,0.0,-1425.606,0
2026-03-23T18:21:47.417556,1574.394,1574.394,0.0,-1425.606,0
2026-03-23T18:21:48.672236,1574.394,1574.394,0.0,-1425.606,0
2026-03-23T18:21:49.812154,1574.394,1574.394,0.0,-1425.606,0
2026-03-23T18:21:50.932199,1574.394,1574.394,0.0,-1425.606,0
2026-03-23T18:21:52.060897,1574.394,1574.394,0.0,-1425.606,0
2026-03-23T18:21:53.172772,1574.394,1574.394,0.0,-1425.606,0
2026-03-23T18:21:54.358733,1574.394,1574.394,0.0,-1425.606,0
2026-03-23T18:21:55.581536,1574.394,1574.394,0.0,-1425.606,0
2026-03-23T18:21:56.697127,1574.394,1574.394,0.0,-1425.606,0
2026-03-23T18:21:57.854865,1574.394,1574.394,0.0,-1425.606,0
2026-03-23T18:21:58.995257,1574.394,1574.394,0.0,-1425.606,0
2026-03-23T18:22:00.115722,1574.394,1574.394,0.0,-1425.606,0
2026-03-23T18:22:01.233117,1574.394,1574.394,0.0,-1425.606,0
2026-03-23T18:22:02.392093,1574.394,1574.394,0.0,-1425.606,0
2026-03-23T18:22:03.608100,1574.394,1574.394,0.0,-1425.606,0
2026-03-23T18:22:04.720612,1574.394,1574.394,0.0,-1425.606,0
2026-03-23T18:22:05.838593,1574.394,1574.394,0.0,-1425.606,0
2026-03-23T18:22:06.965535,1574.394,1574.394,0.0,-1425.606,0
2026-03-23T18:22:08.101563,1574.394,1574.394,0.0,-1425.606,0
2026-03-23T18:22:09.249693,1574.394,1574.394,0.0,-1425.606,0
2026-03-23T18:22:10.464653,1574.394,1574.394,0.0,-1425.606,0
2026-03-23T18:22:11.593151,1574.394,1574.394,0.0,-1425.606,0
2026-03-23T18:22:12.710493,1574.394,1574.394,0.0,-1425.606,0
2026-03-23T18:22:13.820275,1574.394,1574.394,0.0,-1425.606,0
2026-03-23T18:22:14.949518,1574.394,1574.394,0.0,-1425.606,0
2026-03-23T18:22:16.084886,1574.394,1574.394,0.0,-1425.606,0
2026-03-23T18:22:17.366067,1574.394,1574.394,0.0,-1425.606,0
2026-03-23T18:22:18.529591,1574.394,1574.394,0.0,-1425.606,0
2026-03-23T18:22:19.655589,1574.394,1574.394,0.0,-1425.606,0
2026-03-23T18:22:20.774763,1574.394,1574.394,0.0,-1425.606,0
2026-03-23T18:22:21.893866,1574.394,1574.394,0.0,-1425.606,0
2026-03-23T18:22:23.178144,1574.394,1574.394,0.0,-1425.606,0
2026-03-23T18:22:24.458220,1574.394,1574.394,0.0,-1425.606,0
2026-03-23T18:22:25.570265,1574.394,1574.394,0.0,-1425.606,0
2026-03-23T18:22:26.686453,1574.394,1496.294,78.1,-1425.606,0
2026-03-23T18:22:27.825598,1574.394,1496.294,78.1,-1425.606,0
2026-03-23T18:22:28.958229,1573.994,1495.894,78.1,-1426.006,0.0
2026-03-23T18:22:30.082555,1573.994,1495.894,78.1,-1426.006,0.0
2026-03-23T18:22:31.327255,1573.994,1495.894,78.1,-1426.006,0.0
2026-03-23T18:22:32.448173,1573.994,1495.894,78.1,-1426.006,0.0
2026-03-23T18:22:33.562545,1573.994,1495.894,78.1,-1426.006,0.0
2026-03-23T18:22:34.704565,1573.994,1495.894,78.1,-1426.006,0.0
2026-03-23T18:22:35.814351,1573.994,1495.894,78.1,-1426.006,0.0
2026-03-23T18:22:36.931833,1573.994,1495.894,78.1,-1426.006,0.0
2026-03-23T18:22:38.154672,1582.7939999999999,1495.894,78.1,-1426.006,8.800000000000008
2026-03-23T18:22:39.299528,1582.7939999999999,1495.894,78.1,-1426.006,8.800000000000008
2026-03-23T18:22:40.424582,1582.7939999999999,1495.894,78.1,-1426.006,8.800000000000008
2026-03-23T18:22:41.533729,1582.7939999999999,1495.894,78.1,-1426.006,8.800000000000008
2026-03-23T18:22:42.672417,1582.7939999999999,1495.894,78.1,-1426.006,8.800000000000008
2026-03-23T18:22:43.824488,1582.7939999999999,1495.894,78.1,-1426.006,8.800000000000008
2026-03-23T18:22:45.040214,1582.7939999999999,1495.894,78.1,-1426.006,8.800000000000008
2026-03-23T18:22:46.162775,1582.7939999999999,1495.894,78.1,-1426.006,8.800000000000008
2026-03-23T18:22:47.281218,1587.194,1495.894,78.1,-1426.006,13.2
2026-03-23T18:22:48.413898,1587.194,1495.894,78.1,-1426.006,13.2
2026-03-23T18:22:49.530911,1587.194,1495.894,78.1,-1426.006,13.2
2026-03-23T18:22:50.642281,1587.194,1495.894,78.1,-1426.006,13.2
2026-03-23T18:22:51.916246,1587.194,1495.894,78.1,-1426.006,13.2
2026-03-23T18:22:53.033300,1587.194,1495.894,78.1,-1426.006,13.2
2026-03-23T18:22:54.151014,1587.194,1495.894,78.1,-1426.006,13.2
2026-03-23T18:22:55.260182,1587.194,1495.894,78.1,-1426.006,13.2
2026-03-23T18:22:56.382117,1586.0939999999998,1495.894,78.1,-1426.006,12.10000000000001
2026-03-23T18:22:57.519249,1586.0939999999998,1495.894,78.1,-1426.006,12.10000000000001
2026-03-23T18:22:58.746093,1586.0939999999998,1495.894,78.1,-1426.006,12.10000000000001
2026-03-23T18:22:59.885174,1586.0939999999998,1495.894,78.1,-1426.006,12.10000000000001
2026-03-23T18:23:01.024957,1586.0939999999998,1495.894,78.1,-1426.006,12.10000000000001
2026-03-23T18:23:02.146739,1586.0939999999998,1495.894,78.1,-1426.006,12.10000000000001
2026-03-23T18:23:03.260256,1586.0939999999998,1495.894,78.1,-1426.006,12.10000000000001
2026-03-23T18:23:04.388170,1586.0939999999998,1495.894,78.1,-1426.006,12.10000000000001
2026-03-23T18:23:05.599269,1575.1939999999997,1575.1939999999997,0.0,-1424.8060000000003,0
2026-03-23T18:23:06.738518,1575.1939999999997,1575.1939999999997,0.0,-1424.8060000000003,0
2026-03-23T18:23:07.852238,1575.1939999999997,1575.1939999999997,0.0,-1424.8060000000003,0
2026-03-23T18:23:08.985332,1575.1939999999997,1575.1939999999997,0.0,-1424.8060000000003,0
2026-03-23T18:23:10.157548,1575.1939999999997,1575.1939999999997,0.0,-1424.8060000000003,0
2026-03-23T18:23:11.275810,1575.1939999999997,1575.1939999999997,0.0,-1424.8060000000003,0
2026-03-23T18:23:12.489122,1575.1939999999997,1575.1939999999997,0.0,-1424.8060000000003,0
2026-03-23T18:23:13.602415,1575.1939999999997,1575.1939999999997,0.0,-1424.8060000000003,0
2026-03-23T18:23:14.716323,1575.1939999999997,1575.1939999999997,0.0,-1424.8060000000003,0
2026-03-23T18:23:15.866324,1575.1939999999997,1575.1939999999997,0.0,-1424.8060000000003,0
2026-03-23T18:23:17.001243,1575.1939999999997,1575.1939999999997,0.0,-1424.8060000000003,0
2026-03-23T18:23:18.131857,1575.1939999999997,1575.1939999999997,0.0,-1424.8060000000003,0
2026-03-23T18:23:19.402720,1575.1939999999997,1575.1939999999997,0.0,-1424.8060000000003,0
2026-03-23T18:23:20.517589,1575.1939999999997,1575.1939999999997,0.0,-1424.8060000000003,0
2026-03-23T18:23:21.637639,1575.1939999999997,1575.1939999999997,0.0,-1424.8060000000003,0
2026-03-23T18:23:22.750168,1575.1939999999997,1575.1939999999997,0.0,-1424.8060000000003,0
2026-03-23T18:23:23.887158,1575.1939999999997,1575.1939999999997,0.0,-1424.8060000000003,0
2026-03-23T18:23:25.046485,1575.1939999999997,1575.1939999999997,0.0,-1424.8060000000003,0
2026-03-23T18:23:26.263181,1575.1939999999997,1575.1939999999997,0.0,-1424.8060000000003,0
2026-03-23T18:23:27.476783,1575.1939999999997,1575.1939999999997,0.0,-1424.8060000000003,0
2026-03-23T18:23:28.592047,1575.1939999999997,1575.1939999999997,0.0,-1424.8060000000003,0
2026-03-23T18:23:29.740066,1575.1939999999997,1575.1939999999997,0.0,-1424.8060000000003,0
2026-03-23T18:23:30.855187,1575.1939999999997,1575.1939999999997,0.0,-1424.8060000000003,0
2026-03-23T18:23:31.986507,1575.1939999999997,1575.1939999999997,0.0,-1424.8060000000003,0
2026-03-23T18:23:33.269761,1575.1939999999997,1575.1939999999997,0.0,-1424.8060000000003,0
2026-03-23T18:23:34.432780,1575.1939999999997,1575.1939999999997,0.0,-1424.8060000000003,0
2026-03-23T18:23:35.542405,1575.1939999999997,1575.1939999999997,0.0,-1424.8060000000003,0
2026-03-23T18:23:36.695656,1575.1939999999997,1575.1939999999997,0.0,-1424.8060000000003,0
2026-03-23T18:23:37.817355,1575.1939999999997,1575.1939999999997,0.0,-1424.8060000000003,0
2026-03-23T18:23:38.955035,1575.1939999999997,1575.1939999999997,0.0,-1424.8060000000003,0
2026-03-23T18:23:40.167499,1575.1939999999997,1575.1939999999997,0.0,-1424.8060000000003,0
2026-03-23T18:23:41.297778,1575.1939999999997,1575.1939999999997,0.0,-1424.8060000000003,0
2026-03-23T18:23:42.411282,1575.1939999999997,1575.1939999999997,0.0,-1424.8060000000003,0
2026-03-23T18:23:43.527830,1575.1939999999997,1575.1939999999997,0.0,-1424.8060000000003,0
2026-03-23T18:23:44.690636,1575.1939999999997,1575.1939999999997,0.0,-1424.8060000000003,0
2026-03-23T18:23:45.822595,1575.1939999999997,1575.1939999999997,0.0,-1424.8060000000003,0
2026-03-23T18:23:47.090974,1575.1939999999997,1575.1939999999997,0.0,-1424.8060000000003,0
2026-03-23T18:23:48.208909,1575.1939999999997,1575.1939999999997,0.0,-1424.8060000000003,0
2026-03-23T18:23:49.327477,1575.1939999999997,1575.1939999999997,0.0,-1424.8060000000003,0
2026-03-23T18:23:50.494184,1575.1939999999997,1575.1939999999997,0.0,-1424.8060000000003,0
2026-03-23T18:23:51.606828,1575.1939999999997,1575.1939999999997,0.0,-1424.8060000000003,0
2026-03-23T18:23:52.746223,1575.1939999999997,1575.1939999999997,0.0,-1424.8060000000003,0
2026-03-23T18:23:53.980980,1575.1939999999997,1575.1939999999997,0.0,-1424.8060000000003,0
2026-03-23T18:23:55.602528,1575.1939999999997,1575.1939999999997,0.0,-1424.8060000000003,0
2026-03-23T18:23:56.844909,1575.1939999999997,1575.1939999999997,0.0,-1424.8060000000003,0
2026-03-23T18:23:58.230911,1575.1939999999997,1575.1939999999997,0.0,-1424.8060000000003,0
2026-03-23T18:23:59.557906,1575.1939999999997,1575.1939999999997,0.0,-1424.8060000000003,0
2026-03-23T18:24:00.756207,1575.1939999999997,1575.1939999999997,0.0,-1424.8060000000003,0
2026-03-23T18:24:01.975575,1575.1939999999997,1575.1939999999997,0.0,-1424.8060000000003,0
2026-03-23T18:24:03.098149,1575.1939999999997,1575.1939999999997,0.0,-1424.8060000000003,0
2026-03-23T18:24:04.214524,1575.1939999999997,1575.1939999999997,0.0,-1424.8060000000003,0
2026-03-23T18:24:05.353127,1575.1939999999997,1575.1939999999997,0.0,-1424.8060000000003,0
2026-03-23T18:24:06.467205,1575.1939999999997,1575.1939999999997,0.0,-1424.8060000000003,0
2026-03-23T18:24:07.588115,1575.1939999999997,1575.1939999999997,0.0,-1424.8060000000003,0
2026-03-23T18:24:08.791247,1575.1939999999997,1575.1939999999997,0.0,-1424.8060000000003,0
2026-03-23T18:24:09.906637,1575.1939999999997,1575.1939999999997,0.0,-1424.8060000000003,0
2026-03-23T18:24:11.027183,1575.1939999999997,1575.1939999999997,0.0,-1424.8060000000003,0
2026-03-23T18:24:12.137527,1575.1939999999997,1575.1939999999997,0.0,-1424.8060000000003,0
2026-03-23T18:24:13.262720,1575.1939999999997,1575.1939999999997,0.0,-1424.8060000000003,0
2026-03-23T18:24:14.399497,1575.1939999999997,1575.1939999999997,0.0,-1424.8060000000003,0
2026-03-23T18:24:15.530451,1575.1939999999997,1575.1939999999997,0.0,-1424.8060000000003,0
2026-03-23T18:24:16.730189,1575.1939999999997,1575.1939999999997,0.0,-1424.8060000000003,0
2026-03-23T18:24:17.841616,1575.1939999999997,1575.1939999999997,0.0,-1424.8060000000003,0
2026-03-23T18:24:18.983623,1575.1939999999997,1575.1939999999997,0.0,-1424.8060000000003,0
2026-03-23T18:24:20.111177,1575.1939999999997,1575.1939999999997,0.0,-1424.8060000000003,0
2026-03-23T18:24:21.231469,1575.1939999999997,1575.1939999999997,0.0,-1424.8060000000003,0
2026-03-23T18:24:22.410609,1575.1939999999997,1575.1939999999997,0.0,-1424.8060000000003,0
2026-03-23T18:24:23.649234,1575.1939999999997,1575.1939999999997,0.0,-1424.8060000000003,0
2026-03-23T18:24:24.772184,1575.1939999999997,1575.1939999999997,0.0,-1424.8060000000003,0
2026-03-23T18:24:25.890244,1575.1939999999997,1575.1939999999997,0.0,-1424.8060000000003,0
2026-03-23T18:24:27.035649,1575.1939999999997,1575.1939999999997,0.0,-1424.8060000000003,0
2026-03-23T18:24:28.181748,1575.1939999999997,1575.1939999999997,0.0,-1424.8060000000003,0
2026-03-23T18:24:29.314475,1575.1939999999997,1575.1939999999997,0.0,-1424.8060000000003,0
2026-03-23T18:24:30.536585,1575.1939999999997,1575.1939999999997,0.0,-1424.8060000000003,0
2026-03-23T18:24:31.671081,1575.1939999999997,1497.0939999999998,78.1,-1424.8060000000003,0
2026-03-23T18:24:32.799338,1574.7939999999996,1496.6939999999997,78.1,-1425.2060000000004,0.0
2026-03-23T18:24:33.917253,1574.7939999999996,1496.6939999999997,78.1,-1425.2060000000004,0.0
2026-03-23T18:24:35.032127,1574.7939999999996,1496.6939999999997,78.1,-1425.2060000000004,0.0
2026-03-23T18:24:36.211236,1574.7939999999996,1496.6939999999997,78.1,-1425.2060000000004,0.0
2026-03-23T18:24:37.437300,1574.7939999999996,1496.6939999999997,78.1,-1425.2060000000004,0.0
2026-03-23T18:24:38.550140,1574.7939999999996,1496.6939999999997,78.1,-1425.2060000000004,0.0
2026-03-23T18:24:39.663243,1574.7939999999996,1496.6939999999997,78.1,-1425.2060000000004,0.0
2026-03-23T18:24:40.781179,1573.6939999999997,1496.6939999999997,78.1,-1425.2060000000004,-1.100000000000001
2026-03-23T18:24:41.922881,1573.6939999999997,1496.6939999999997,78.1,-1425.2060000000004,-1.100000000000001
2026-03-23T18:24:43.080700,1573.6939999999997,1496.6939999999997,78.1,-1425.2060000000004,-1.100000000000001
2026-03-23T18:24:44.275295,1573.6939999999997,1496.6939999999997,78.1,-1425.2060000000004,-1.100000000000001
2026-03-23T18:24:45.537796,1573.6939999999997,1496.6939999999997,78.1,-1425.2060000000004,-1.100000000000001
2026-03-23T18:24:46.671564,1573.6939999999997,1496.6939999999997,78.1,-1425.2060000000004,-1.100000000000001
2026-03-23T18:24:47.792505,1573.6939999999997,1496.6939999999997,78.1,-1425.2060000000004,-1.100000000000001
2026-03-23T18:24:48.932658,1573.6939999999997,1496.6939999999997,78.1,-1425.2060000000004,-1.100000000000001
2026-03-23T18:24:50.052236,1573.6939999999997,1496.6939999999997,78.1,-1425.2060000000004,-1.100000000000001
2026-03-23T18:24:51.207631,1573.6939999999997,1496.6939999999997,78.1,-1425.2060000000004,-1.100000000000001
2026-03-23T18:24:52.462174,1575.8939999999996,1496.6939999999997,78.1,-1425.2060000000004,1.100000000000001
2026-03-23T18:24:53.598036,1575.8939999999996,1496.6939999999997,78.1,-1425.2060000000004,1.100000000000001
2026-03-23T18:24:54.711206,1575.8939999999996,1496.6939999999997,78.1,-1425.2060000000004,1.100000000000001
2026-03-23T18:24:55.846635,1575.8939999999996,1496.6939999999997,78.1,-1425.2060000000004,1.100000000000001
2026-03-23T18:24:56.987174,1575.8939999999996,1496.6939999999997,78.1,-1425.2060000000004,1.100000000000001
2026-03-23T18:24:58.117193,1575.8939999999996,1496.6939999999997,78.1,-1425.2060000000004,1.100000000000001
2026-03-23T18:24:59.349588,1575.8939999999996,1496.6939999999997,78.1,-1425.2060000000004,1.100000000000001
2026-03-23T18:25:00.468613,1575.8939999999996,1496.6939999999997,78.1,-1425.2060000000004,1.100000000000001
2026-03-23T18:25:01.590385,1579.3239999999994,1579.3239999999994,0.0,-1420.6760000000006,0
2026-03-23T18:25:02.736136,1579.3239999999996,1500.4439999999995,78.88,-1420.6760000000006,0
2026-03-23T18:25:03.876231,1578.7439999999997,1499.8639999999996,78.88,-1421.2560000000005,0.0
2026-03-23T18:25:05.030617,1578.7439999999997,1499.8639999999996,78.88,-1421.2560000000005,0.0
2026-03-23T18:25:06.282565,1578.7439999999997,1499.8639999999996,78.88,-1421.2560000000005,0.0
2026-03-23T18:25:07.414048,1578.7439999999997,1499.8639999999996,78.88,-1421.2560000000005,0.0
2026-03-23T18:25:08.527595,1578.7439999999997,1499.8639999999996,78.88,-1421.2560000000005,0.0
2026-03-23T18:25:09.648595,1578.7439999999997,1499.8639999999996,78.88,-1421.2560000000005,0.0
2026-03-23T18:25:10.768452,1566.5039999999997,1499.8639999999996,78.88,-1421.2560000000005,-12.239999999999995
2026-03-23T18:25:11.900902,1566.5039999999997,1499.8639999999996,78.88,-1421.2560000000005,-12.239999999999995
2026-03-23T18:25:13.080494,1566.5039999999997,1499.8639999999996,78.88,-1421.2560000000005,-12.239999999999995
2026-03-23T18:25:14.293552,1566.5039999999997,1499.8639999999996,78.88,-1421.2560000000005,-12.239999999999995
2026-03-23T18:25:15.405297,1566.5039999999997,1499.8639999999996,78.88,-1421.2560000000005,-12.239999999999995
2026-03-23T18:25:16.519509,1566.5039999999997,1499.8639999999996,78.88,-1421.2560000000005,-12.239999999999995
2026-03-23T18:25:17.687075,1566.5039999999997,1499.8639999999996,78.88,-1421.2560000000005,-12.239999999999995
2026-03-23T18:25:18.801780,1566.5039999999997,1499.8639999999996,78.88,-1421.2560000000005,-12.239999999999995
2026-03-23T18:25:19.957662,1573.3039999999996,1499.8639999999996,78.88,-1421.2560000000005,-5.43999999999999
2026-03-23T18:25:21.225909,1573.3039999999996,1499.8639999999996,78.88,-1421.2560000000005,-5.43999999999999
2026-03-23T18:25:22.384577,1573.3039999999996,1499.8639999999996,78.88,-1421.2560000000005,-5.43999999999999
2026-03-23T18:25:23.501168,1573.3039999999996,1499.8639999999996,78.88,-1421.2560000000005,-5.43999999999999
2026-03-23T18:25:24.612666,1573.3039999999996,1499.8639999999996,78.88,-1421.2560000000005,-5.43999999999999
2026-03-23T18:25:25.744200,1573.3039999999996,1499.8639999999996,78.88,-1421.2560000000005,-5.43999999999999
2026-03-23T18:25:27.066202,1573.3039999999996,1499.8639999999996,78.88,-1421.2560000000005,-5.43999999999999
2026-03-23T18:25:28.180170,1573.3039999999996,1499.8639999999996,78.88,-1421.2560000000005,-5.43999999999999
2026-03-23T18:25:29.293782,1573.3039999999996,1499.8639999999996,78.88,-1421.2560000000005,-5.43999999999999
2026-03-23T18:25:30.413051,1574.6639999999998,1499.8639999999996,78.88,-1421.2560000000005,-4.0799999999999885
2026-03-23T18:25:31.546830,1574.6639999999998,1499.8639999999996,78.88,-1421.2560000000005,-4.0799999999999885
2026-03-23T18:25:32.660500,1574.6639999999998,1499.8639999999996,78.88,-1421.2560000000005,-4.0799999999999885
2026-03-23T18:25:33.989056,1574.6639999999998,1499.8639999999996,78.88,-1421.2560000000005,-4.0799999999999885
2026-03-23T18:25:35.106659,1574.6639999999998,1499.8639999999996,78.88,-1421.2560000000005,-4.0799999999999885
2026-03-23T18:25:36.227207,1574.6639999999998,1499.8639999999996,78.88,-1421.2560000000005,-4.0799999999999885
2026-03-23T18:25:37.372246,1574.6639999999998,1499.8639999999996,78.88,-1421.2560000000005,-4.0799999999999885
2026-03-23T18:25:38.496594,1574.6639999999998,1499.8639999999996,78.88,-1421.2560000000005,-4.0799999999999885
2026-03-23T18:25:39.625898,1558.3439999999994,1558.3439999999994,0.0,-1441.6560000000006,0
2026-03-23T18:25:40.905381,1558.3439999999994,1558.3439999999994,0.0,-1441.6560000000006,0
2026-03-23T18:25:42.062525,1558.3439999999994,1558.3439999999994,0.0,-1441.6560000000006,0
2026-03-23T18:25:43.177902,1558.3439999999994,1558.3439999999994,0.0,-1441.6560000000006,0
2026-03-23T18:25:44.292390,1558.3439999999994,1558.3439999999994,0.0,-1441.6560000000006,0
2026-03-23T18:25:45.406014,1558.3439999999994,1558.3439999999994,0.0,-1441.6560000000006,0
2026-03-23T18:25:46.564119,1558.3439999999994,1558.3439999999994,0.0,-1441.6560000000006,0
2026-03-23T18:25:47.789565,1558.3439999999994,1558.3439999999994,0.0,-1441.6560000000006,0
2026-03-23T18:25:48.909980,1558.3439999999994,1558.3439999999994,0.0,-1441.6560000000006,0
2026-03-23T18:25:50.049122,1558.3439999999994,1558.3439999999994,0.0,-1441.6560000000006,0
2026-03-23T18:25:51.199247,1558.3439999999994,1558.3439999999994,0.0,-1441.6560000000006,0
2026-03-23T18:25:52.311403,1558.3439999999994,1558.3439999999994,0.0,-1441.6560000000006,0
2026-03-23T18:25:53.452323,1558.3439999999994,1558.3439999999994,0.0,-1441.6560000000006,0
2026-03-23T18:25:54.712531,1558.3439999999994,1558.3439999999994,0.0,-1441.6560000000006,0
2026-03-23T18:25:55.856805,1558.3439999999994,1558.3439999999994,0.0,-1441.6560000000006,0
2026-03-23T18:25:56.983782,1558.3439999999994,1558.3439999999994,0.0,-1441.6560000000006,0
2026-03-23T18:25:58.121184,1558.3439999999994,1558.3439999999994,0.0,-1441.6560000000006,0
2026-03-23T18:25:59.245305,1558.3439999999994,1558.3439999999994,0.0,-1441.6560000000006,0
2026-03-23T18:26:00.363609,1558.3439999999994,1558.3439999999994,0.0,-1441.6560000000006,0
2026-03-23T18:26:01.648586,1558.3439999999994,1558.3439999999994,0.0,-1441.6560000000006,0
2026-03-23T18:26:02.785630,1558.3439999999994,1558.3439999999994,0.0,-1441.6560000000006,0
2026-03-23T18:26:03.900531,1558.3439999999994,1558.3439999999994,0.0,-1441.6560000000006,0
2026-03-23T18:26:05.013187,1558.3439999999994,1558.3439999999994,0.0,-1441.6560000000006,0
2026-03-23T18:26:06.132050,1558.3439999999994,1558.3439999999994,0.0,-1441.6560000000006,0
2026-03-23T18:26:07.271285,1558.3439999999994,1558.3439999999994,0.0,-1441.6560000000006,0
2026-03-23T18:26:08.414148,1558.3439999999994,1558.3439999999994,0.0,-1441.6560000000006,0
2026-03-23T18:26:09.631569,1558.3439999999994,1558.3439999999994,0.0,-1441.6560000000006,0
2026-03-23T18:26:10.765548,1558.3439999999994,1558.3439999999994,0.0,-1441.6560000000006,0
2026-03-23T18:26:11.878699,1558.3439999999994,1558.3439999999994,0.0,-1441.6560000000006,0
2026-03-23T18:26:12.998236,1558.3439999999994,1558.3439999999994,0.0,-1441.6560000000006,0
2026-03-23T18:26:14.148440,1558.3439999999994,1558.3439999999994,0.0,-1441.6560000000006,0
2026-03-23T18:26:15.302660,1558.3439999999994,1558.3439999999994,0.0,-1441.6560000000006,0
2026-03-23T18:26:16.512650,1558.3439999999994,1558.3439999999994,0.0,-1441.6560000000006,0
2026-03-23T18:26:17.634681,1558.3439999999994,1558.3439999999994,0.0,-1441.6560000000006,0
2026-03-23T18:26:18.768579,1558.3439999999994,1558.3439999999994,0.0,-1441.6560000000006,0
2026-03-23T18:26:19.903805,1558.3439999999994,1558.3439999999994,0.0,-1441.6560000000006,0
2026-03-23T18:26:21.051209,1558.3439999999994,1558.3439999999994,0.0,-1441.6560000000006,0
2026-03-23T18:26:22.197174,1558.3439999999994,1558.3439999999994,0.0,-1441.6560000000006,0
2026-03-23T18:26:23.405276,1558.3439999999994,1558.3439999999994,0.0,-1441.6560000000006,0
2026-03-23T18:26:24.538002,1558.3439999999994,1558.3439999999994,0.0,-1441.6560000000006,0
2026-03-23T18:26:25.652636,1558.3439999999994,1558.3439999999994,0.0,-1441.6560000000006,0
2026-03-23T18:26:26.767911,1558.3439999999994,1558.3439999999994,0.0,-1441.6560000000006,0
2026-03-23T18:26:27.936061,1558.3439999999994,1558.3439999999994,0.0,-1441.6560000000006,0
2026-03-23T18:26:29.109110,1558.3439999999994,1558.3439999999994,0.0,-1441.6560000000006,0
2026-03-23T18:26:30.310016,1558.3439999999994,1558.3439999999994,0.0,-1441.6560000000006,0
2026-03-23T18:26:31.427892,1558.3439999999994,1558.3439999999994,0.0,-1441.6560000000006,0
2026-03-23T18:26:32.545198,1558.3439999999994,1558.3439999999994,0.0,-1441.6560000000006,0
2026-03-23T18:26:33.689140,1558.3439999999994,1558.3439999999994,0.0,-1441.6560000000006,0
2026-03-23T18:26:34.805582,1558.3439999999994,1558.3439999999994,0.0,-1441.6560000000006,0
2026-03-23T18:26:35.944157,1558.3439999999994,1558.3439999999994,0.0,-1441.6560000000006,0
2026-03-23T18:26:37.241023,1558.3439999999994,1558.3439999999994,0.0,-1441.6560000000006,0
2026-03-23T18:26:38.388922,1558.3439999999994,1558.3439999999994,0.0,-1441.6560000000006,0
2026-03-23T18:26:39.503097,1558.3439999999994,1558.3439999999994,0.0,-1441.6560000000006,0
2026-03-23T18:26:40.620324,1558.3439999999994,1558.3439999999994,0.0,-1441.6560000000006,0
2026-03-23T18:26:41.781532,1558.3439999999994,1558.3439999999994,0.0,-1441.6560000000006,0
2026-03-23T18:26:42.972242,1558.3439999999994,1558.3439999999994,0.0,-1441.6560000000006,0
2026-03-23T18:26:44.200921,1558.3439999999994,1558.3439999999994,0.0,-1441.6560000000006,0
2026-03-23T18:26:45.313854,1558.3439999999994,1558.3439999999994,0.0,-1441.6560000000006,0
2026-03-23T18:26:46.438784,1558.3439999999994,1558.3439999999994,0.0,-1441.6560000000006,0
2026-03-23T18:26:47.588059,1558.3439999999994,1558.3439999999994,0.0,-1441.6560000000006,0
2026-03-23T18:26:48.699478,1558.3439999999994,1558.3439999999994,0.0,-1441.6560000000006,0
2026-03-23T18:26:49.835379,1558.3439999999994,1558.3439999999994,0.0,-1441.6560000000006,0
2026-03-23T18:26:51.067438,1558.3439999999994,1558.3439999999994,0.0,-1441.6560000000006,0
2026-03-23T18:26:52.224707,1558.3439999999994,1558.3439999999994,0.0,-1441.6560000000006,0
2026-03-23T18:26:53.339493,1558.3439999999994,1558.3439999999994,0.0,-1441.6560000000006,0
2026-03-23T18:26:54.454199,1558.3439999999994,1558.3439999999994,0.0,-1441.6560000000006,0
2026-03-23T18:26:55.587687,1558.3439999999994,1558.3439999999994,0.0,-1441.6560000000006,0
2026-03-23T18:26:56.727362,1558.3439999999994,1558.3439999999994,0.0,-1441.6560000000006,0
2026-03-23T18:26:57.982139,1558.3439999999994,1558.3439999999994,0.0,-1441.6560000000006,0
2026-03-23T18:26:59.119405,1558.3439999999994,1558.3439999999994,0.0,-1441.6560000000006,0
2026-03-23T18:27:00.232056,1558.3439999999994,1558.3439999999994,0.0,-1441.6560000000006,0
2026-03-23T18:27:01.371160,1558.3439999999994,1558.3439999999994,0.0,-1441.6560000000006,0
2026-03-23T18:27:02.500427,1558.3439999999994,1558.3439999999994,0.0,-1441.6560000000006,0
2026-03-23T18:27:03.636399,1558.3439999999994,1558.3439999999994,0.0,-1441.6560000000006,0
2026-03-23T18:27:04.772141,1558.3439999999994,1558.3439999999994,0.0,-1441.6560000000006,0
2026-03-23T18:27:06.008767,1558.3439999999994,1558.3439999999994,0.0,-1441.6560000000006,0
2026-03-23T18:27:07.154830,1558.3439999999994,1558.3439999999994,0.0,-1441.6560000000006,0
2026-03-23T18:27:08.266368,1558.3439999999994,1558.3439999999994,0.0,-1441.6560000000006,0
2026-03-23T18:27:09.378819,1558.3439999999994,1558.3439999999994,0.0,-1441.6560000000006,0
2026-03-23T18:27:10.512239,1558.3439999999994,1558.3439999999994,0.0,-1441.6560000000006,0
2026-03-23T18:27:11.648897,1558.3439999999994,1558.3439999999994,0.0,-1441.6560000000006,0
2026-03-23T18:27:12.850226,1558.3439999999994,1558.3439999999994,0.0,-1441.6560000000006,0
2026-03-23T18:27:13.970185,1558.3439999999994,1558.3439999999994,0.0,-1441.6560000000006,0
2026-03-23T18:27:15.097910,1558.3439999999994,1480.5739999999994,77.77,-1441.6560000000006,0
2026-03-23T18:27:16.246626,1558.0239999999994,1480.2539999999995,77.77,-1441.9760000000006,0.0
2026-03-23T18:27:17.365763,1558.0239999999994,1480.2539999999995,77.77,-1441.9760000000006,0.0
2026-03-23T18:27:18.527116,1558.0239999999994,1480.2539999999995,77.77,-1441.9760000000006,0.0
2026-03-23T18:27:19.735127,1558.0239999999994,1480.2539999999995,77.77,-1441.9760000000006,0.0
2026-03-23T18:27:20.854159,1558.0239999999994,1480.2539999999995,77.77,-1441.9760000000006,0.0
2026-03-23T18:27:21.973256,1558.0239999999994,1480.2539999999995,77.77,-1441.9760000000006,0.0
2026-03-23T18:27:23.095521,1558.0239999999994,1480.2539999999995,77.77,-1441.9760000000006,0.0
2026-03-23T18:27:24.219465,1569.1339999999993,1480.2539999999995,77.77,-1441.9760000000006,11.11
2026-03-23T18:27:25.384333,1569.1339999999993,1480.2539999999995,77.77,-1441.9760000000006,11.11
2026-03-23T18:27:26.637506,1569.1339999999993,1480.2539999999995,77.77,-1441.9760000000006,11.11
2026-03-23T18:27:27.766065,1569.1339999999993,1480.2539999999995,77.77,-1441.9760000000006,11.11
2026-03-23T18:27:28.886593,1569.1339999999993,1480.2539999999995,77.77,-1441.9760000000006,11.11
2026-03-23T18:27:30.000505,1569.1339999999993,1480.2539999999995,77.77,-1441.9760000000006,11.11
2026-03-23T18:27:31.146126,1569.1339999999993,1480.2539999999995,77.77,-1441.9760000000006,11.11
2026-03-23T18:27:32.280105,1569.1339999999993,1480.2539999999995,77.77,-1441.9760000000006,11.11
2026-03-23T18:27:33.515505,1580.2439999999995,1480.2539999999995,77.77,-1441.9760000000006,22.22
2026-03-23T18:27:34.651740,1572.9719999999995,1406.8139999999994,151.20999999999998,-1441.9760000000006,14.948000000000002
2026-03-23T18:27:35.780278,1572.8619999999996,1406.7039999999995,151.20999999999998,-1442.0860000000005,14.948000000000002
2026-03-23T18:27:36.911820,1572.8619999999996,1406.7039999999995,151.20999999999998,-1442.0860000000005,14.948000000000002
2026-03-23T18:27:38.024456,1572.8619999999996,1406.7039999999995,151.20999999999998,-1442.0860000000005,14.948000000000002
2026-03-23T18:27:39.182628,1572.8619999999996,1406.7039999999995,151.20999999999998,-1442.0860000000005,14.948000000000002
2026-03-23T18:27:40.402100,1572.8619999999996,1406.7039999999995,151.20999999999998,-1442.0860000000005,14.948000000000002
2026-03-23T18:27:41.511582,1572.8619999999996,1406.7039999999995,151.20999999999998,-1442.0860000000005,14.948000000000002
2026-03-23T18:27:42.634594,1572.8619999999996,1406.7039999999995,151.20999999999998,-1442.0860000000005,14.948000000000002
2026-03-23T18:27:43.752399,1567.7939999999996,1406.7039999999995,151.20999999999998,-1442.0860000000005,9.879999999999997
2026-03-23T18:27:44.895379,1567.7939999999996,1406.7039999999995,151.20999999999998,-1442.0860000000005,9.879999999999997
2026-03-23T18:27:46.016506,1567.7939999999996,1406.7039999999995,151.20999999999998,-1442.0860000000005,9.879999999999997
2026-03-23T18:27:47.228227,1567.7939999999996,1406.7039999999995,151.20999999999998,-1442.0860000000005,9.879999999999997
2026-03-23T18:27:48.487243,1567.7939999999996,1406.7039999999995,151.20999999999998,-1442.0860000000005,9.879999999999997
2026-03-23T18:27:49.608161,1567.7939999999996,1406.7039999999995,151.20999999999998,-1442.0860000000005,9.879999999999997
2026-03-23T18:27:50.726589,1567.7939999999996,1406.7039999999995,151.20999999999998,-1442.0860000000005,9.879999999999997
2026-03-23T18:27:51.849287,1567.7939999999996,1406.7039999999995,151.20999999999998,-1442.0860000000005,9.879999999999997
2026-03-23T18:27:53.002542,1548.4339999999995,1476.4339999999995,73.44,-1450.1260000000004,-1.4400000000000013
2026-03-23T18:27:54.180497,1548.4339999999995,1476.4339999999995,73.44,-1450.1260000000004,-1.4400000000000013
2026-03-23T18:27:55.418125,1548.4339999999995,1476.4339999999995,73.44,-1450.1260000000004,-1.4400000000000013
2026-03-23T18:27:56.566818,1548.4339999999995,1476.4339999999995,73.44,-1450.1260000000004,-1.4400000000000013
2026-03-23T18:27:57.684534,1548.4339999999995,1476.4339999999995,73.44,-1450.1260000000004,-1.4400000000000013
2026-03-23T18:27:58.801213,1548.4339999999995,1476.4339999999995,73.44,-1450.1260000000004,-1.4400000000000013
2026-03-23T18:27:59.982864,1548.4339999999995,1476.4339999999995,73.44,-1450.1260000000004,-1.4400000000000013
2026-03-23T18:28:01.132732,1548.4339999999995,1476.4339999999995,73.44,-1450.1260000000004,-1.4400000000000013
2026-03-23T18:28:02.328305,1552.4339999999995,1476.4339999999995,73.44,-1450.1260000000004,2.5599999999999934
2026-03-23T18:28:03.498687,1552.4339999999995,1402.6439999999996,147.23,-1450.1260000000004,2.5599999999999934
2026-03-23T18:28:04.631211,1551.7439999999995,1401.9539999999995,147.23,-1450.8160000000005,2.5599999999999934
2026-03-23T18:28:05.748345,1551.7439999999995,1401.9539999999995,147.23,-1450.8160000000005,2.5599999999999934
2026-03-23T18:28:06.908297,1551.7439999999995,1401.9539999999995,147.23,-1450.8160000000005,2.5599999999999934
2026-03-23T18:28:08.057586,1551.7439999999995,1401.9539999999995,147.23,-1450.8160000000005,2.5599999999999934
2026-03-23T18:28:09.327550,1551.7439999999995,1401.9539999999995,147.23,-1450.8160000000005,2.5599999999999934
2026-03-23T18:28:10.442706,1551.7439999999995,1401.9539999999995,147.23,-1450.8160000000005,2.5599999999999934
2026-03-23T18:28:11.586102,1551.7439999999995,1401.9539999999995,147.23,-1450.8160000000005,2.5599999999999934
2026-03-23T18:28:12.697103,1551.7439999999995,1401.9539999999995,147.23,-1450.8160000000005,2.5599999999999934
2026-03-23T18:28:13.813152,1489.5039999999995,1403.1539999999995,73.78999999999999,-1523.0560000000005,12.560000000000011
2026-03-23T18:28:15.007516,1489.5039999999995,1403.1539999999995,73.78999999999999,-1523.0560000000005,12.560000000000011
2026-03-23T18:28:16.261199,1489.5039999999995,1403.1539999999995,73.78999999999999,-1523.0560000000005,12.560000000000011
2026-03-23T18:28:17.377772,1489.5039999999995,1403.1539999999995,73.78999999999999,-1523.0560000000005,12.560000000000011
2026-03-23T18:28:18.513643,1489.5039999999995,1403.1539999999995,73.78999999999999,-1523.0560000000005,12.560000000000011
2026-03-23T18:28:19.672247,1489.5039999999995,1403.1539999999995,73.78999999999999,-1523.0560000000005,12.560000000000011
2026-03-23T18:28:20.783823,1489.5039999999995,1403.1539999999995,73.78999999999999,-1523.0560000000005,12.560000000000011
2026-03-23T18:28:21.914832,1489.5039999999995,1403.1539999999995,73.78999999999999,-1523.0560000000005,12.560000000000011
2026-03-23T18:28:23.186223,1489.5039999999995,1403.1539999999995,73.78999999999999,-1523.0560000000005,12.560000000000011
2026-03-23T18:28:24.314524,1486.3639999999996,1403.1539999999995,73.78999999999999,-1523.0560000000005,9.420000000000009
2026-03-23T18:28:25.452546,1486.3639999999996,1403.1539999999995,73.78999999999999,-1523.0560000000005,9.420000000000009
2026-03-23T18:28:26.568491,1486.3639999999996,1403.1539999999995,73.78999999999999,-1523.0560000000005,9.420000000000009
2026-03-23T18:28:27.689087,1486.3639999999996,1403.1539999999995,73.78999999999999,-1523.0560000000005,9.420000000000009
2026-03-23T18:28:28.857697,1486.3639999999996,1403.1539999999995,73.78999999999999,-1523.0560000000005,9.420000000000009
2026-03-23T18:28:30.088172,1486.3639999999996,1403.1539999999995,73.78999999999999,-1523.0560000000005,9.420000000000009
2026-03-23T18:28:31.209586,1486.3639999999996,1403.1539999999995,73.78999999999999,-1523.0560000000005,9.420000000000009
2026-03-23T18:28:32.334574,1486.3639999999996,1403.1539999999995,73.78999999999999,-1523.0560000000005,9.420000000000009
2026-03-23T18:28:33.464722,1483.2239999999995,1403.1539999999995,73.78999999999999,-1523.0560000000005,6.280000000000006
2026-03-23T18:28:34.609431,1483.2239999999995,1403.1539999999995,73.78999999999999,-1523.0560000000005,6.280000000000006
2026-03-23T18:28:35.724210,1483.2239999999995,1403.1539999999995,73.78999999999999,-1523.0560000000005,6.280000000000006
2026-03-23T18:28:36.986593,1483.2239999999995,1403.1539999999995,73.78999999999999,-1523.0560000000005,6.280000000000006
2026-03-23T18:28:38.105864,1483.2239999999995,1403.1539999999995,73.78999999999999,-1523.0560000000005,6.280000000000006
2026-03-23T18:28:39.222526,1483.2239999999995,1403.1539999999995,73.78999999999999,-1523.0560000000005,6.280000000000006
2026-03-23T18:28:40.337407,1483.2239999999995,1403.1539999999995,73.78999999999999,-1523.0560000000005,6.280000000000006
2026-03-23T18:28:41.450170,1483.2239999999995,1403.1539999999995,73.78999999999999,-1523.0560000000005,6.280000000000006
2026-03-23T18:28:42.567516,1483.2239999999995,1403.1539999999995,73.78999999999999,-1523.0560000000005,6.280000000000006
2026-03-23T18:28:43.705606,1483.2239999999995,1403.1539999999995,73.78999999999999,-1523.0560000000005,6.280000000000006
2026-03-23T18:28:44.955167,1483.2239999999995,1403.1539999999995,73.78999999999999,-1523.0560000000005,6.280000000000006
2026-03-23T18:28:46.076087,1483.2239999999995,1403.1539999999995,73.78999999999999,-1523.0560000000005,6.280000000000006
2026-03-23T18:28:47.198451,1483.2239999999995,1403.1539999999995,73.78999999999999,-1523.0560000000005,6.280000000000006
2026-03-23T18:28:48.334138,1483.2239999999995,1403.1539999999995,73.78999999999999,-1523.0560000000005,6.280000000000006
2026-03-23T18:28:49.480189,1483.2239999999995,1403.1539999999995,73.78999999999999,-1523.0560000000005,6.280000000000006
2026-03-23T18:28:50.629222,1483.2239999999995,1403.1539999999995,73.78999999999999,-1523.0560000000005,6.280000000000006
2026-03-23T18:28:51.869559,1481.6539999999995,1481.6539999999995,0.0,-1518.3460000000005,0
2026-03-23T18:28:53.009081,1481.6539999999995,1481.6539999999995,0.0,-1518.3460000000005,0
2026-03-23T18:28:54.149195,1481.6539999999995,1481.6539999999995,0.0,-1518.3460000000005,0
2026-03-23T18:28:55.275384,1481.6539999999995,1481.6539999999995,0.0,-1518.3460000000005,0
2026-03-23T18:28:56.391126,1481.6539999999995,1481.6539999999995,0.0,-1518.3460000000005,0
2026-03-23T18:28:57.529586,1481.6539999999995,1481.6539999999995,0.0,-1518.3460000000005,0
2026-03-23T18:28:58.721572,1481.6539999999995,1481.6539999999995,0.0,-1518.3460000000005,0
2026-03-23T18:28:59.865303,1481.6539999999995,1481.6539999999995,0.0,-1518.3460000000005,0
2026-03-23T18:29:00.993377,1481.6539999999995,1481.6539999999995,0.0,-1518.3460000000005,0
2026-03-23T18:29:02.140708,1481.6539999999995,1481.6539999999995,0.0,-1518.3460000000005,0
2026-03-23T18:29:03.304477,1481.6539999999995,1481.6539999999995,0.0,-1518.3460000000005,0
2026-03-23T18:29:04.419225,1481.6539999999995,1481.6539999999995,0.0,-1518.3460000000005,0
2026-03-23T18:29:05.560894,1481.6539999999995,1481.6539999999995,0.0,-1518.3460000000005,0
2026-03-23T18:29:06.840181,1481.6539999999995,1481.6539999999995,0.0,-1518.3460000000005,0
2026-03-23T18:29:07.997406,1481.6539999999995,1481.6539999999995,0.0,-1518.3460000000005,0
2026-03-23T18:29:09.110894,1481.6539999999995,1481.6539999999995,0.0,-1518.3460000000005,0
2026-03-23T18:29:10.225516,1481.6539999999995,1481.6539999999995,0.0,-1518.3460000000005,0
2026-03-23T18:29:11.345257,1481.6539999999995,1481.6539999999995,0.0,-1518.3460000000005,0
2026-03-23T18:29:12.528880,1481.6539999999995,1481.6539999999995,0.0,-1518.3460000000005,0
2026-03-23T18:29:13.785167,1481.6539999999995,1481.6539999999995,0.0,-1518.3460000000005,0
2026-03-23T18:29:14.954237,1481.6539999999995,1481.6539999999995,0.0,-1518.3460000000005,0
2026-03-23T18:29:16.068835,1481.6539999999995,1481.6539999999995,0.0,-1518.3460000000005,0
2026-03-23T18:29:17.241709,1481.6539999999995,1481.6539999999995,0.0,-1518.3460000000005,0
2026-03-23T18:29:18.358545,1481.6539999999995,1481.6539999999995,0.0,-1518.3460000000005,0
2026-03-23T18:29:19.579685,1481.6539999999995,1481.6539999999995,0.0,-1518.3460000000005,0
2026-03-23T18:29:20.806251,1481.6539999999995,1481.6539999999995,0.0,-1518.3460000000005,0
2026-03-23T18:29:21.924678,1481.6539999999995,1481.6539999999995,0.0,-1518.3460000000005,0
2026-03-23T18:29:23.073255,1481.6539999999995,1481.6539999999995,0.0,-1518.3460000000005,0
2026-03-23T18:29:24.230556,1481.6539999999995,1481.6539999999995,0.0,-1518.3460000000005,0
2026-03-23T18:29:25.346744,1481.6539999999995,1481.6539999999995,0.0,-1518.3460000000005,0
2026-03-23T18:29:26.476236,1481.6539999999995,1481.6539999999995,0.0,-1518.3460000000005,0
2026-03-23T18:29:27.723529,1481.6539999999995,1481.6539999999995,0.0,-1518.3460000000005,0
2026-03-23T18:29:28.841108,1481.6539999999995,1481.6539999999995,0.0,-1518.3460000000005,0
2026-03-23T18:29:29.957619,1481.6539999999995,1481.6539999999995,0.0,-1518.3460000000005,0
2026-03-23T18:29:31.080223,1481.6539999999995,1481.6539999999995,0.0,-1518.3460000000005,0
2026-03-23T18:29:32.204535,1481.6539999999995,1481.6539999999995,0.0,-1518.3460000000005,0
2026-03-23T18:29:33.375103,1481.6539999999995,1481.6539999999995,0.0,-1518.3460000000005,0
2026-03-23T18:29:34.528616,1481.6539999999995,1481.6539999999995,0.0,-1518.3460000000005,0
2026-03-23T18:29:35.669000,1481.6539999999995,1481.6539999999995,0.0,-1518.3460000000005,0
2026-03-23T18:29:36.836884,1481.6539999999995,1481.6539999999995,0.0,-1518.3460000000005,0
2026-03-23T18:29:37.953412,1481.6539999999995,1481.6539999999995,0.0,-1518.3460000000005,0
2026-03-23T18:29:39.072071,1481.6539999999995,1481.6539999999995,0.0,-1518.3460000000005,0
2026-03-23T18:29:40.186705,1481.6539999999995,1481.6539999999995,0.0,-1518.3460000000005,0
2026-03-23T18:29:41.334220,1481.6539999999995,1481.6539999999995,0.0,-1518.3460000000005,0
2026-03-23T18:29:42.581175,1481.6539999999995,1481.6539999999995,0.0,-1518.3460000000005,0
2026-03-23T18:29:43.700808,1481.6539999999995,1481.6539999999995,0.0,-1518.3460000000005,0
2026-03-23T18:29:44.862776,1481.6539999999995,1481.6539999999995,0.0,-1518.3460000000005,0
2026-03-23T18:29:45.983168,1481.6539999999995,1481.6539999999995,0.0,-1518.3460000000005,0
2026-03-23T18:29:47.103615,1481.6539999999995,1481.6539999999995,0.0,-1518.3460000000005,0
2026-03-23T18:29:48.255783,1481.6539999999995,1481.6539999999995,0.0,-1518.3460000000005,0
2026-03-23T18:29:49.519477,1481.6539999999995,1481.6539999999995,0.0,-1518.3460000000005,0
2026-03-23T18:29:50.642100,1481.6539999999995,1481.6539999999995,0.0,-1518.3460000000005,0
2026-03-23T18:29:51.783980,1481.6539999999995,1481.6539999999995,0.0,-1518.3460000000005,0
2026-03-23T18:29:52.959796,1481.6539999999995,1481.6539999999995,0.0,-1518.3460000000005,0
2026-03-23T18:29:54.084111,1481.6539999999995,1481.6539999999995,0.0,-1518.3460000000005,0
2026-03-23T18:29:55.213585,1481.6539999999995,1481.6539999999995,0.0,-1518.3460000000005,0
2026-03-23T18:29:56.443507,1481.6539999999995,1481.6539999999995,0.0,-1518.3460000000005,0
2026-03-23T18:29:57.573131,1481.6539999999995,1481.6539999999995,0.0,-1518.3460000000005,0
2026-03-23T18:29:58.687177,1481.6539999999995,1481.6539999999995,0.0,-1518.3460000000005,0
2026-03-23T18:29:59.804108,1481.6539999999995,1481.6539999999995,0.0,-1518.3460000000005,0
2026-03-23T18:30:00.938172,1481.6539999999995,1481.6539999999995,0.0,-1518.3460000000005,0
2026-03-23T18:30:02.083780,1481.6539999999995,1481.6539999999995,0.0,-1518.3460000000005,0
2026-03-23T18:30:03.363135,1481.6539999999995,1481.6539999999995,0.0,-1518.3460000000005,0
2026-03-23T18:30:04.654671,1481.6539999999995,1481.6539999999995,0.0,-1518.3460000000005,0
2026-03-23T18:30:05.775561,1481.6539999999995,1481.6539999999995,0.0,-1518.3460000000005,0
2026-03-23T18:30:06.909557,1481.6539999999995,1481.6539999999995,0.0,-1518.3460000000005,0
2026-03-23T18:30:08.025211,1481.6539999999995,1481.6539999999995,0.0,-1518.3460000000005,0
2026-03-23T18:30:09.145995,1481.6539999999995,1481.6539999999995,0.0,-1518.3460000000005,0
2026-03-23T18:30:10.314700,1481.6539999999995,1481.6539999999995,0.0,-1518.3460000000005,0
2026-03-23T18:30:11.522500,1481.6539999999995,1481.6539999999995,0.0,-1518.3460000000005,0
2026-03-23T18:30:12.636579,1481.6539999999995,1481.6539999999995,0.0,-1518.3460000000005,0
2026-03-23T18:30:13.765569,1481.6539999999995,1481.6539999999995,0.0,-1518.3460000000005,0
2026-03-23T18:30:14.948204,1481.6539999999995,1481.6539999999995,0.0,-1518.3460000000005,0
2026-03-23T18:30:16.074149,1481.6539999999995,1481.6539999999995,0.0,-1518.3460000000005,0
2026-03-23T18:30:17.221095,1481.6539999999995,1481.6539999999995,0.0,-1518.3460000000005,0
2026-03-23T18:30:18.437681,1481.6539999999995,1481.6539999999995,0.0,-1518.3460000000005,0
2026-03-23T18:30:19.570500,1481.6539999999995,1481.6539999999995,0.0,-1518.3460000000005,0
2026-03-23T18:30:20.695497,1481.6539999999995,1481.6539999999995,0.0,-1518.3460000000005,0
2026-03-23T18:30:21.860605,1481.6539999999995,1481.6539999999995,0.0,-1518.3460000000005,0
2026-03-23T18:30:22.988793,1481.6539999999995,1481.6539999999995,0.0,-1518.3460000000005,0
2026-03-23T18:30:24.171540,1481.6539999999995,1481.6539999999995,0.0,-1518.3460000000005,0
2026-03-23T18:30:25.426563,1481.6539999999995,1481.6539999999995,0.0,-1518.3460000000005,0
2026-03-23T18:30:26.574494,1481.6539999999995,1481.6539999999995,0.0,-1518.3460000000005,0
2026-03-23T18:30:27.695550,1481.6539999999995,1481.6539999999995,0.0,-1518.3460000000005,0
2026-03-23T18:30:28.808510,1481.6539999999995,1481.6539999999995,0.0,-1518.3460000000005,0
2026-03-23T18:30:29.950742,1481.6539999999995,1481.6539999999995,0.0,-1518.3460000000005,0
2026-03-23T18:30:31.106545,1481.6539999999995,1481.6539999999995,0.0,-1518.3460000000005,0
2026-03-23T18:30:32.378408,1481.6539999999995,1481.6539999999995,0.0,-1518.3460000000005,0
2026-03-23T18:30:33.494172,1481.6539999999995,1481.6539999999995,0.0,-1518.3460000000005,0
2026-03-23T18:30:34.616694,1481.6539999999995,1481.6539999999995,0.0,-1518.3460000000005,0
2026-03-23T18:30:35.784132,1481.6539999999995,1481.6539999999995,0.0,-1518.3460000000005,0
2026-03-23T18:30:36.912816,1481.6539999999995,1481.6539999999995,0.0,-1518.3460000000005,0
2026-03-23T18:30:38.031564,1481.6539999999995,1481.6539999999995,0.0,-1518.3460000000005,0
2026-03-23T18:30:39.347754,1481.6539999999995,1481.6539999999995,0.0,-1518.3460000000005,0
2026-03-23T18:30:40.494778,1481.6539999999995,1481.6539999999995,0.0,-1518.3460000000005,0
2026-03-23T18:30:41.608395,1481.6539999999995,1481.6539999999995,0.0,-1518.3460000000005,0
2026-03-23T18:30:42.746491,1481.6539999999995,1481.6539999999995,0.0,-1518.3460000000005,0
2026-03-23T18:30:43.917621,1481.6539999999995,1481.6539999999995,0.0,-1518.3460000000005,0
2026-03-23T18:30:45.039672,1481.6539999999995,1481.6539999999995,0.0,-1518.3460000000005,0
2026-03-23T18:30:46.274265,1481.6539999999995,1481.6539999999995,0.0,-1518.3460000000005,0
2026-03-23T18:30:47.411079,1481.6539999999995,1481.6539999999995,0.0,-1518.3460000000005,0
2026-03-23T18:30:48.526476,1481.6539999999995,1481.6539999999995,0.0,-1518.3460000000005,0
2026-03-23T18:30:49.664066,1481.6539999999995,1481.6539999999995,0.0,-1518.3460000000005,0
2026-03-23T18:30:50.785112,1481.6539999999995,1481.6539999999995,0.0,-1518.3460000000005,0
2026-03-23T18:30:51.924421,1481.6539999999995,1481.6539999999995,0.0,-1518.3460000000005,0
2026-03-23T18:30:53.217142,1481.6539999999995,1481.6539999999995,0.0,-1518.3460000000005,0
2026-03-23T18:30:54.506847,1481.6539999999995,1481.6539999999995,0.0,-1518.3460000000005,0
2026-03-23T18:30:55.621603,1481.6539999999995,1481.6539999999995,0.0,-1518.3460000000005,0
2026-03-23T18:30:56.742235,1481.6539999999995,1481.6539999999995,0.0,-1518.3460000000005,0
2026-03-23T18:30:57.895813,1481.6539999999995,1481.6539999999995,0.0,-1518.3460000000005,0
2026-03-23T18:30:59.047171,1481.6539999999995,1481.6539999999995,0.0,-1518.3460000000005,0
2026-03-23T18:31:00.182291,1481.6539999999995,1481.6539999999995,0.0,-1518.3460000000005,0
2026-03-23T18:31:01.424122,1481.6539999999995,1481.6539999999995,0.0,-1518.3460000000005,0
2026-03-23T18:31:02.558994,1481.6539999999995,1481.6539999999995,0.0,-1518.3460000000005,0
2026-03-23T18:31:03.797964,1481.6539999999995,1481.6539999999995,0.0,-1518.3460000000005,0
2026-03-23T18:31:04.924904,1481.6539999999995,1481.6539999999995,0.0,-1518.3460000000005,0
2026-03-23T18:31:06.042133,1481.6539999999995,1481.6539999999995,0.0,-1518.3460000000005,0
2026-03-23T18:31:07.297634,1481.6539999999995,1481.6539999999995,0.0,-1518.3460000000005,0
2026-03-23T18:31:08.586675,1481.6539999999995,1481.6539999999995,0.0,-1518.3460000000005,0
2026-03-23T18:31:09.708819,1481.6539999999995,1481.6539999999995,0.0,-1518.3460000000005,0
2026-03-23T18:31:10.821730,1481.6539999999995,1481.6539999999995,0.0,-1518.3460000000005,0
2026-03-23T18:31:11.973578,1481.6539999999995,1481.6539999999995,0.0,-1518.3460000000005,0
2026-03-23T18:31:13.172688,1481.6539999999995,1481.6539999999995,0.0,-1518.3460000000005,0
2026-03-23T18:31:14.322693,1481.6539999999995,1481.6539999999995,0.0,-1518.3460000000005,0
2026-03-23T18:31:15.606659,1481.6539999999995,1481.6539999999995,0.0,-1518.3460000000005,0
2026-03-23T18:31:16.753849,1481.6539999999995,1481.6539999999995,0.0,-1518.3460000000005,0
2026-03-23T18:31:17.933376,1481.6539999999995,1481.6539999999995,0.0,-1518.3460000000005,0
2026-03-23T18:31:19.113199,1481.6539999999995,1481.6539999999995,0.0,-1518.3460000000005,0
2026-03-23T18:31:20.305904,1481.6539999999995,1481.6539999999995,0.0,-1518.3460000000005,0
2026-03-23T18:31:21.524336,1481.6539999999995,1481.6539999999995,0.0,-1518.3460000000005,0
2026-03-23T18:31:22.931534,1481.6539999999995,1481.6539999999995,0.0,-1518.3460000000005,0
2026-03-23T18:31:24.219313,1481.6539999999995,1481.6539999999995,0.0,-1518.3460000000005,0
2026-03-23T18:31:25.860372,1481.6539999999995,1481.6539999999995,0.0,-1518.3460000000005,0
2026-03-23T18:31:27.706974,1481.6539999999995,1481.6539999999995,0.0,-1518.3460000000005,0
2026-03-23T18:31:29.414256,1481.6539999999995,1481.6539999999995,0.0,-1518.3460000000005,0
2026-03-23T18:31:30.909973,1481.6539999999995,1481.6539999999995,0.0,-1518.3460000000005,0
2026-03-23T18:31:32.402535,1481.6539999999995,1481.6539999999995,0.0,-1518.3460000000005,0
2026-03-23T18:31:34.015589,1481.6539999999995,1481.6539999999995,0.0,-1518.3460000000005,0
2026-03-23T18:31:35.366674,1481.6539999999995,1481.6539999999995,0.0,-1518.3460000000005,0
2026-03-23T18:31:37.027486,1481.6539999999995,1481.6539999999995,0.0,-1518.3460000000005,0
2026-03-23T18:31:38.727095,1481.6539999999995,1481.6539999999995,0.0,-1518.3460000000005,0
2026-03-23T18:31:40.179133,1481.6539999999995,1481.6539999999995,0.0,-1518.3460000000005,0
2026-03-23T18:31:41.604115,1481.6539999999995,1481.6539999999995,0.0,-1518.3460000000005,0
2026-03-23T18:31:43.321119,1481.6539999999995,1481.6539999999995,0.0,-1518.3460000000005,0
2026-03-23T18:31:44.765386,1481.6539999999995,1481.6539999999995,0.0,-1518.3460000000005,0
2026-03-23T18:31:46.224301,1481.6539999999995,1481.6539999999995,0.0,-1518.3460000000005,0
2026-03-23T18:31:47.811539,1481.6539999999995,1481.6539999999995,0.0,-1518.3460000000005,0
2026-03-23T18:31:49.327208,1481.6539999999995,1481.6539999999995,0.0,-1518.3460000000005,0
2026-03-23T18:31:50.717574,1481.6539999999995,1481.6539999999995,0.0,-1518.3460000000005,0
2026-03-23T18:31:52.181530,1481.6539999999995,1481.6539999999995,0.0,-1518.3460000000005,0
2026-03-23T18:31:54.016696,1481.6539999999995,1481.6539999999995,0.0,-1518.3460000000005,0
2026-03-23T18:31:55.551048,1481.6539999999995,1481.6539999999995,0.0,-1518.3460000000005,0
2026-03-23T18:31:56.700218,1481.6539999999995,1481.6539999999995,0.0,-1518.3460000000005,0
2026-03-23T18:31:57.831874,1481.6539999999995,1481.6539999999995,0.0,-1518.3460000000005,0
2026-03-23T18:31:59.064388,1481.6539999999995,1481.6539999999995,0.0,-1518.3460000000005,0
2026-03-23T18:32:00.231253,1481.6539999999995,1481.6539999999995,0.0,-1518.3460000000005,0
2026-03-23T18:32:01.512252,1481.6539999999995,1481.6539999999995,0.0,-1518.3460000000005,0
2026-03-23T18:32:02.683448,1481.6539999999995,1481.6539999999995,0.0,-1518.3460000000005,0
2026-03-23T18:32:03.843284,1481.6539999999995,1481.6539999999995,0.0,-1518.3460000000005,0
2026-03-23T18:32:05.121488,1481.6539999999995,1481.6539999999995,0.0,-1518.3460000000005,0
2026-03-23T18:32:06.378980,1481.6539999999995,1481.6539999999995,0.0,-1518.3460000000005,0
2026-03-23T18:32:07.634787,1481.6539999999995,1481.6539999999995,0.0,-1518.3460000000005,0
2026-03-23T18:32:08.782402,1481.6539999999995,1481.6539999999995,0.0,-1518.3460000000005,0
2026-03-23T18:32:10.035660,1481.6539999999995,1481.6539999999995,0.0,-1518.3460000000005,0
2026-03-23T18:32:11.420675,1481.6539999999995,1481.6539999999995,0.0,-1518.3460000000005,0
2026-03-23T18:32:12.746423,1481.6539999999995,1481.6539999999995,0.0,-1518.3460000000005,0
2026-03-23T18:32:13.947593,1481.6539999999995,1481.6539999999995,0.0,-1518.3460000000005,0
2026-03-23T18:32:15.107745,1481.6539999999995,1481.6539999999995,0.0,-1518.3460000000005,0
2026-03-23T18:32:16.246308,1481.6539999999995,1481.6539999999995,0.0,-1518.3460000000005,0
2026-03-23T18:32:17.406558,1481.6539999999995,1481.6539999999995,0.0,-1518.3460000000005,0
2026-03-23T18:32:18.560239,1481.6539999999995,1481.6539999999995,0.0,-1518.3460000000005,0
2026-03-23T18:32:19.706186,1481.6539999999995,1481.6539999999995,0.0,-1518.3460000000005,0
2026-03-23T18:32:20.954354,1481.6539999999995,1481.6539999999995,0.0,-1518.3460000000005,0
2026-03-23T18:32:22.102801,1481.6539999999995,1481.6539999999995,0.0,-1518.3460000000005,0
2026-03-23T18:32:23.244055,1481.6539999999995,1481.6539999999995,0.0,-1518.3460000000005,0
2026-03-23T18:32:24.390242,1481.6539999999995,1481.6539999999995,0.0,-1518.3460000000005,0
2026-03-23T18:32:25.533725,1481.6539999999995,1481.6539999999995,0.0,-1518.3460000000005,0
2026-03-23T18:32:26.679568,1481.6539999999995,1481.6539999999995,0.0,-1518.3460000000005,0
2026-03-23T18:32:27.843370,1481.6539999999995,1481.6539999999995,0.0,-1518.3460000000005,0
2026-03-23T18:32:29.079443,1481.6539999999995,1481.6539999999995,0.0,-1518.3460000000005,0
2026-03-23T18:32:30.228323,1481.6539999999995,1481.6539999999995,0.0,-1518.3460000000005,0
2026-03-23T18:32:31.370678,1481.6539999999995,1481.6539999999995,0.0,-1518.3460000000005,0
2026-03-23T18:32:32.515017,1481.6539999999995,1481.6539999999995,0.0,-1518.3460000000005,0
2026-03-23T18:32:33.656328,1481.6539999999995,1481.6539999999995,0.0,-1518.3460000000005,0
2026-03-23T18:32:34.802067,1481.6539999999995,1481.6539999999995,0.0,-1518.3460000000005,0
2026-03-23T18:32:36.049470,1481.6539999999995,1481.6539999999995,0.0,-1518.3460000000005,0
2026-03-23T18:32:37.193584,1481.6539999999995,1481.6539999999995,0.0,-1518.3460000000005,0
2026-03-23T18:32:38.334552,1481.6539999999995,1481.6539999999995,0.0,-1518.3460000000005,0
2026-03-23T18:32:39.499107,1481.6539999999995,1481.6539999999995,0.0,-1518.3460000000005,0
2026-03-23T18:32:40.644636,1481.6539999999995,1481.6539999999995,0.0,-1518.3460000000005,0
2026-03-23T18:32:41.782399,1481.6539999999995,1481.6539999999995,0.0,-1518.3460000000005,0
2026-03-23T18:32:42.995365,1481.6539999999995,1481.6539999999995,0.0,-1518.3460000000005,0
2026-03-23T18:32:44.264731,1481.6539999999995,1481.6539999999995,0.0,-1518.3460000000005,0
2026-03-23T18:32:45.415849,1481.6539999999995,1481.6539999999995,0.0,-1518.3460000000005,0
2026-03-23T18:32:46.585172,1481.6539999999995,1481.6539999999995,0.0,-1518.3460000000005,0
2026-03-23T18:32:47.826368,1481.6539999999995,1481.6539999999995,0.0,-1518.3460000000005,0
2026-03-23T18:32:48.995600,1481.6539999999995,1481.6539999999995,0.0,-1518.3460000000005,0
2026-03-23T18:32:50.149175,1481.6539999999995,1481.6539999999995,0.0,-1518.3460000000005,0
2026-03-23T18:32:51.398443,1481.6539999999995,1481.6539999999995,0.0,-1518.3460000000005,0
2026-03-23T18:32:52.547697,1481.6539999999995,1481.6539999999995,0.0,-1518.3460000000005,0
2026-03-23T18:32:53.717958,1481.6539999999995,1481.6539999999995,0.0,-1518.3460000000005,0
2026-03-23T18:32:54.868073,1481.6539999999995,1481.6539999999995,0.0,-1518.3460000000005,0
2026-03-23T18:32:56.011835,1481.6539999999995,1481.6539999999995,0.0,-1518.3460000000005,0
2026-03-23T18:32:57.164646,1481.6539999999995,1481.6539999999995,0.0,-1518.3460000000005,0
2026-03-23T18:32:58.324113,1481.6539999999995,1481.6539999999995,0.0,-1518.3460000000005,0
2026-03-23T18:32:59.595257,1481.6539999999995,1481.6539999999995,0.0,-1518.3460000000005,0
2026-03-23T18:33:00.737062,1481.6539999999995,1481.6539999999995,0.0,-1518.3460000000005,0
2026-03-23T18:33:01.889496,1481.6539999999995,1481.6539999999995,0.0,-1518.3460000000005,0
2026-03-23T18:33:03.096284,1481.6539999999995,1481.6539999999995,0.0,-1518.3460000000005,0
2026-03-23T18:33:04.292086,1481.6539999999995,1481.6539999999995,0.0,-1518.3460000000005,0
2026-03-23T18:33:05.482990,1481.6539999999995,1481.6539999999995,0.0,-1518.3460000000005,0
2026-03-23T18:33:06.653895,1481.6539999999995,1481.6539999999995,0.0,-1518.3460000000005,0
2026-03-23T18:33:07.969016,1481.6539999999995,1481.6539999999995,0.0,-1518.3460000000005,0
2026-03-23T18:33:09.119055,1481.6539999999995,1481.6539999999995,0.0,-1518.3460000000005,0
2026-03-23T18:33:10.263780,1481.6539999999995,1481.6539999999995,0.0,-1518.3460000000005,0
2026-03-23T18:33:11.404605,1481.6539999999995,1481.6539999999995,0.0,-1518.3460000000005,0
2026-03-23T18:33:12.548565,1481.6539999999995,1481.6539999999995,0.0,-1518.3460000000005,0
2026-03-23T18:33:13.701801,1481.6539999999995,1481.6539999999995,0.0,-1518.3460000000005,0
2026-03-23T18:33:14.992559,1481.6539999999995,1481.6539999999995,0.0,-1518.3460000000005,0
2026-03-23T18:33:16.139117,1481.6539999999995,1481.6539999999995,0.0,-1518.3460000000005,0
2026-03-23T18:33:17.308510,1481.6539999999995,1481.6539999999995,0.0,-1518.3460000000005,0
2026-03-23T18:33:18.547252,1481.6539999999995,1481.6539999999995,0.0,-1518.3460000000005,0
2026-03-23T18:33:19.723560,1481.6539999999995,1481.6539999999995,0.0,-1518.3460000000005,0
2026-03-23T18:33:20.866490,1481.6539999999995,1481.6539999999995,0.0,-1518.3460000000005,0
2026-03-23T18:33:22.072698,1481.6539999999995,1481.6539999999995,0.0,-1518.3460000000005,0
2026-03-23T18:33:23.477715,1481.6539999999995,1481.6539999999995,0.0,-1518.3460000000005,0
2026-03-23T18:33:24.720578,1481.6539999999995,1481.6539999999995,0.0,-1518.3460000000005,0
2026-03-23T18:33:25.865704,1481.6539999999995,1481.6539999999995,0.0,-1518.3460000000005,0
2026-03-23T18:33:27.063905,1481.6539999999995,1481.6539999999995,0.0,-1518.3460000000005,0
2026-03-23T18:33:28.215765,1481.6539999999995,1481.6539999999995,0.0,-1518.3460000000005,0
2026-03-23T18:33:29.356386,1481.6539999999995,1481.6539999999995,0.0,-1518.3460000000005,0
2026-03-23T18:33:30.518461,1481.6539999999995,1481.6539999999995,0.0,-1518.3460000000005,0
2026-03-23T18:33:31.749137,1481.6539999999995,1481.6539999999995,0.0,-1518.3460000000005,0
2026-03-23T18:33:32.910282,1481.6539999999995,1481.6539999999995,0.0,-1518.3460000000005,0
2026-03-23T18:33:34.049045,1481.6539999999995,1481.6539999999995,0.0,-1518.3460000000005,0
2026-03-23T18:33:35.198104,1481.6539999999995,1481.6539999999995,0.0,-1518.3460000000005,0
2026-03-23T18:33:36.341618,1481.6539999999995,1481.6539999999995,0.0,-1518.3460000000005,0
2026-03-23T18:33:37.522223,1481.6539999999995,1481.6539999999995,0.0,-1518.3460000000005,0
2026-03-23T18:33:38.786663,1481.6539999999995,1481.6539999999995,0.0,-1518.3460000000005,0
2026-03-23T18:33:39.945989,1481.6539999999995,1481.6539999999995,0.0,-1518.3460000000005,0
2026-03-23T18:33:41.094693,1481.6539999999995,1481.6539999999995,0.0,-1518.3460000000005,0
2026-03-23T18:33:42.257291,1481.6539999999995,1481.6539999999995,0.0,-1518.3460000000005,0
2026-03-23T18:33:43.518924,1481.6539999999995,1481.6539999999995,0.0,-1518.3460000000005,0
2026-03-23T18:33:44.711557,1481.6539999999995,1481.6539999999995,0.0,-1518.3460000000005,0
2026-03-23T18:33:45.884576,1481.6539999999995,1481.6539999999995,0.0,-1518.3460000000005,0
2026-03-23T18:33:47.150687,1481.6539999999995,1481.6539999999995,0.0,-1518.3460000000005,0
2026-03-23T18:33:48.297256,1481.6539999999995,1481.6539999999995,0.0,-1518.3460000000005,0
2026-03-23T18:33:49.434303,1481.6539999999995,1481.6539999999995,0.0,-1518.3460000000005,0
2026-03-23T18:33:50.584568,1481.6539999999995,1481.6539999999995,0.0,-1518.3460000000005,0
2026-03-23T18:33:51.726116,1481.6539999999995,1481.6539999999995,0.0,-1518.3460000000005,0
2026-03-23T18:33:52.894898,1481.6539999999995,1481.6539999999995,0.0,-1518.3460000000005,0
2026-03-23T18:33:54.517014,1481.6539999999995,1481.6539999999995,0.0,-1518.3460000000005,0
2026-03-23T18:33:56.103769,1481.6539999999995,1481.6539999999995,0.0,-1518.3460000000005,0
2026-03-23T18:33:57.634421,1481.6539999999995,1481.6539999999995,0.0,-1518.3460000000005,0
2026-03-23T18:33:59.203777,1481.6539999999995,1481.6539999999995,0.0,-1518.3460000000005,0
2026-03-23T18:34:00.742346,1481.6539999999995,1481.6539999999995,0.0,-1518.3460000000005,0
2026-03-23T18:34:02.213121,1481.6539999999995,1481.6539999999995,0.0,-1518.3460000000005,0
2026-03-23T18:34:03.805346,1481.6539999999995,1481.6539999999995,0.0,-1518.3460000000005,0
2026-03-23T18:34:05.168655,1481.6539999999995,1481.6539999999995,0.0,-1518.3460000000005,0
2026-03-23T18:34:06.311627,1481.6539999999995,1481.6539999999995,0.0,-1518.3460000000005,0
2026-03-23T18:34:07.489017,1481.6539999999995,1481.6539999999995,0.0,-1518.3460000000005,0
2026-03-23T18:34:08.633688,1481.6539999999995,1481.6539999999995,0.0,-1518.3460000000005,0
2026-03-23T18:34:09.789482,1481.6539999999995,1481.6539999999995,0.0,-1518.3460000000005,0
2026-03-23T18:34:10.943597,1481.6539999999995,1481.6539999999995,0.0,-1518.3460000000005,0
2026-03-23T18:34:12.128333,1481.6539999999995,1481.6539999999995,0.0,-1518.3460000000005,0
2026-03-23T18:34:13.422231,1481.6539999999995,1481.6539999999995,0.0,-1518.3460000000005,0
2026-03-23T18:34:14.565741,1481.6539999999995,1481.6539999999995,0.0,-1518.3460000000005,0
2026-03-23T18:34:15.700381,1481.6539999999995,1481.6539999999995,0.0,-1518.3460000000005,0
2026-03-23T18:34:16.843820,1481.6539999999995,1481.6539999999995,0.0,-1518.3460000000005,0
2026-03-23T18:34:18.032369,1481.6539999999995,1481.6539999999995,0.0,-1518.3460000000005,0
2026-03-23T18:34:19.281740,1481.6539999999995,1481.6539999999995,0.0,-1518.3460000000005,0
2026-03-23T18:34:20.483535,1481.6539999999995,1481.6539999999995,0.0,-1518.3460000000005,0
2026-03-23T18:34:21.745469,1481.6539999999995,1481.6539999999995,0.0,-1518.3460000000005,0
2026-03-23T18:34:23.131631,1481.6539999999995,1481.6539999999995,0.0,-1518.3460000000005,0
2026-03-23T18:34:24.305608,1481.6539999999995,1481.6539999999995,0.0,-1518.3460000000005,0
2026-03-23T18:34:25.449258,1481.6539999999995,1481.6539999999995,0.0,-1518.3460000000005,0
2026-03-23T18:34:26.615495,1481.6539999999995,1481.6539999999995,0.0,-1518.3460000000005,0
2026-03-23T18:34:27.787335,1481.6539999999995,1481.6539999999995,0.0,-1518.3460000000005,0
2026-03-23T18:34:28.977258,1481.6539999999995,1481.6539999999995,0.0,-1518.3460000000005,0
2026-03-23T18:34:30.196325,1481.6539999999995,1481.6539999999995,0.0,-1518.3460000000005,0
2026-03-23T18:34:31.337521,1481.6539999999995,1481.6539999999995,0.0,-1518.3460000000005,0
2026-03-23T18:34:32.473223,1481.6539999999995,1481.6539999999995,0.0,-1518.3460000000005,0
2026-03-23T18:34:33.640248,1481.6539999999995,1481.6539999999995,0.0,-1518.3460000000005,0
2026-03-23T18:34:34.786334,1481.6539999999995,1481.6539999999995,0.0,-1518.3460000000005,0
2026-03-23T18:34:35.953277,1481.6539999999995,1481.6539999999995,0.0,-1518.3460000000005,0
2026-03-23T18:34:37.238656,1481.6539999999995,1481.6539999999995,0.0,-1518.3460000000005,0
2026-03-23T18:34:38.374559,1481.6539999999995,1481.6539999999995,0.0,-1518.3460000000005,0
2026-03-23T18:34:39.516439,1481.6539999999995,1481.6539999999995,0.0,-1518.3460000000005,0
2026-03-23T18:34:40.654044,1481.6539999999995,1481.6539999999995,0.0,-1518.3460000000005,0
2026-03-23T18:34:41.794639,1481.6539999999995,1481.6539999999995,0.0,-1518.3460000000005,0
2026-03-23T18:34:42.986724,1481.6539999999995,1481.6539999999995,0.0,-1518.3460000000005,0
2026-03-23T18:34:44.165455,1481.6539999999995,1481.6539999999995,0.0,-1518.3460000000005,0
2026-03-23T18:34:45.413834,1481.6539999999995,1481.6539999999995,0.0,-1518.3460000000005,0
2026-03-23T18:34:46.558332,1481.6539999999995,1481.6539999999995,0.0,-1518.3460000000005,0
2026-03-23T18:34:47.768912,1481.6539999999995,1481.6539999999995,0.0,-1518.3460000000005,0
2026-03-23T18:34:48.915875,1481.6539999999995,1481.6539999999995,0.0,-1518.3460000000005,0
2026-03-23T18:34:50.061492,1481.6539999999995,1481.6539999999995,0.0,-1518.3460000000005,0
2026-03-23T18:34:51.197913,1481.6539999999995,1481.6539999999995,0.0,-1518.3460000000005,0
2026-03-23T18:34:52.355133,1481.6539999999995,1481.6539999999995,0.0,-1518.3460000000005,0
2026-03-23T18:34:53.630119,1481.6539999999995,1481.6539999999995,0.0,-1518.3460000000005,0
2026-03-23T18:34:54.773634,1481.6539999999995,1481.6539999999995,0.0,-1518.3460000000005,0
2026-03-23T18:34:55.912844,1481.6539999999995,1481.6539999999995,0.0,-1518.3460000000005,0
2026-03-23T18:34:57.074961,1481.6539999999995,1481.6539999999995,0.0,-1518.3460000000005,0
2026-03-23T18:34:58.216556,1481.6539999999995,1481.6539999999995,0.0,-1518.3460000000005,0
2026-03-23T18:34:59.364613,1481.6539999999995,1481.6539999999995,0.0,-1518.3460000000005,0
2026-03-23T18:35:00.626613,1481.6539999999995,1481.6539999999995,0.0,-1518.3460000000005,0
2026-03-23T18:35:01.774381,1481.6539999999995,1481.6539999999995,0.0,-1518.3460000000005,0
2026-03-23T18:35:02.994605,1481.6539999999995,1481.6539999999995,0.0,-1518.3460000000005,0
2026-03-23T18:35:04.164184,1481.6539999999995,1481.6539999999995,0.0,-1518.3460000000005,0
2026-03-23T18:35:05.317353,1481.6539999999995,1481.6539999999995,0.0,-1518.3460000000005,0
2026-03-23T18:35:06.470884,1481.6539999999995,1481.6539999999995,0.0,-1518.3460000000005,0
