station,date,high,low,high_time,source,source_url,product,fetched_at
KLAX,2025-12-26,62,56,229 PM,iem_cli,https://mesonet.agron.iastate.edu/json/cli.py?station=KLAX&year=2025,202512270942-KLOX-CDUS46-CLILAX,2026-09-02T21:26:13Z
KLAX,2025-12-27,61,48,239 PM,iem_cli,https://mesonet.agron.iastate.edu/json/cli.py?station=KLAX&year=2025,202512280940-KLOX-CDUS46-CLILAX,2026-09-02T21:26:13Z
KLAX,2025-12-28,67,45,153 PM,iem_cli,https://mesonet.agron.iastate.edu/json/cli.py?station=KLAX&year=2025,202512290925-KLOX-CDUS46-CLILAX,2026-07-25T16:35:19Z
KLAX,2025-12-29,75,46,237 PM,iem_cli,https://mesonet.agron.iastate.edu/json/cli.py?station=KLAX&year=2025,202512300932-KLOX-CDUS46-CLILAX,2026-07-25T16:35:19Z
KLAX,2025-12-30,73,59,304 PM,iem_cli,https://mesonet.agron.iastate.edu/json/cli.py?station=KLAX&year=2025,202512310943-KLOX-CDUS46-CLILAX,2026-07-25T16:35:19Z
KLAX,2025-12-31,68,57,1259 AM,iem_cli,https://mesonet.agron.iastate.edu/json/cli.py?station=KLAX&year=2025,202601010928-KLOX-CDUS46-CLILAX,2026-07-25T16:35:19Z
KLAX,2026-01-01,64,57,244 PM,iem_cli,https://mesonet.agron.iastate.edu/json/cli.py?station=KLAX&year=2026,202601020928-KLOX-CDUS46-CLILAX,2026-07-25T16:33:42Z
KLAX,2026-01-02,64,53,601 PM,iem_cli,https://mesonet.agron.iastate.edu/json/cli.py?station=KLAX&year=2026,202601030931-KLOX-CDUS46-CLILAX,2026-07-25T16:33:42Z
KLAX,2026-01-03,63,56,1257 PM,iem_cli,https://mesonet.agron.iastate.edu/json/cli.py?station=KLAX&year=2026,202601040928-KLOX-CDUS46-CLILAX,2026-07-25T16:33:42Z
KLAX,2026-01-04,62,56,226 PM,iem_cli,https://mesonet.agron.iastate.edu/json/cli.py?station=KLAX&year=2026,202601050929-KLOX-CDUS46-CLILAX-CCA,2026-07-25T16:33:42Z
KLAX,2026-01-05,64,53,100 PM,iem_cli,https://mesonet.agron.iastate.edu/json/cli.py?station=KLAX&year=2026,202601060928-KLOX-CDUS46-CLILAX,2026-07-25T16:33:42Z
KLAX,2026-01-06,65,53,429 PM,iem_cli,https://mesonet.agron.iastate.edu/json/cli.py?station=KLAX&year=2026,202601071019-KLOX-CDUS46-CLILAX,2026-07-25T16:33:42Z
KLAX,2026-01-07,64,51,232 PM,iem_cli,https://mesonet.agron.iastate.edu/json/cli.py?station=KLAX&year=2026,202601080943-KLOX-CDUS46-CLILAX,2026-07-25T16:33:42Z
KLAX,2026-01-08,62,48,329 PM,iem_cli,https://mesonet.agron.iastate.edu/json/cli.py?station=KLAX&year=2026,202601090933-KLOX-CDUS46-CLILAX,2026-07-25T16:33:42Z
KLAX,2026-01-09,63,41,250 PM,iem_cli,https://mesonet.agron.iastate.edu/json/cli.py?station=KLAX&year=2026,202601101201-KLOX-CDUS46-CLILAX,2026-07-25T16:33:42Z
KLAX,2026-01-10,70,42,425 PM,iem_cli,https://mesonet.agron.iastate.edu/json/cli.py?station=KLAX&year=2026,202601110922-KLOX-CDUS46-CLILAX,2026-07-25T16:33:42Z
KLAX,2026-01-11,75,45,128 PM,iem_cli,https://mesonet.agron.iastate.edu/json/cli.py?station=KLAX&year=2026,202601120921-KLOX-CDUS46-CLILAX,2026-07-25T16:33:42Z
KLAX,2026-01-12,72,48,1238 PM,iem_cli,https://mesonet.agron.iastate.edu/json/cli.py?station=KLAX&year=2026,202601130924-KLOX-CDUS46-CLILAX,2026-07-25T16:33:42Z
KLAX,2026-01-13,79,47,1256 PM,iem_cli,https://mesonet.agron.iastate.edu/json/cli.py?station=KLAX&year=2026,202601140936-KLOX-CDUS46-CLILAX,2026-07-25T16:33:42Z
KLAX,2026-01-14,80,50,1247 PM,iem_cli,https://mesonet.agron.iastate.edu/json/cli.py?station=KLAX&year=2026,202601150937-KLOX-CDUS46-CLILAX,2026-07-25T16:33:42Z
KLAX,2026-01-15,83,53,118 PM,iem_cli,https://mesonet.agron.iastate.edu/json/cli.py?station=KLAX&year=2026,202601160923-KLOX-CDUS46-CLILAX,2026-07-25T16:33:42Z
KLAX,2026-01-16,78,52,1232 PM,iem_cli,https://mesonet.agron.iastate.edu/json/cli.py?station=KLAX&year=2026,202601170936-KLOX-CDUS46-CLILAX,2026-07-25T16:33:42Z
KLAX,2026-01-17,76,50,1121 AM,iem_cli,https://mesonet.agron.iastate.edu/json/cli.py?station=KLAX&year=2026,202601180940-KLOX-CDUS46-CLILAX,2026-07-25T16:33:42Z
KLAX,2026-01-18,78,54,1246 PM,iem_cli,https://mesonet.agron.iastate.edu/json/cli.py?station=KLAX&year=2026,202601190934-KLOX-CDUS46-CLILAX,2026-07-25T16:33:42Z
KLAX,2026-01-19,75,50,110 PM,iem_cli,https://mesonet.agron.iastate.edu/json/cli.py?station=KLAX&year=2026,202601200929-KLOX-CDUS46-CLILAX,2026-07-25T16:33:42Z
KLAX,2026-01-20,71,52,1011 AM,iem_cli,https://mesonet.agron.iastate.edu/json/cli.py?station=KLAX&year=2026,202601210927-KLOX-CDUS46-CLILAX,2026-07-25T16:33:42Z
KLAX,2026-01-21,62,55,116 PM,iem_cli,https://mesonet.agron.iastate.edu/json/cli.py?station=KLAX&year=2026,202601220926-KLOX-CDUS46-CLILAX,2026-07-25T16:33:42Z
KLAX,2026-01-22,63,57,142 PM,iem_cli,https://mesonet.agron.iastate.edu/json/cli.py?station=KLAX&year=2026,202601230927-KLOX-CDUS46-CLILAX,2026-07-25T16:33:42Z
KLAX,2026-01-23,64,54,158 PM,iem_cli,https://mesonet.agron.iastate.edu/json/cli.py?station=KLAX&year=2026,202601240941-KLOX-CDUS46-CLILAX,2026-07-25T16:33:42Z
KLAX,2026-01-24,63,53,216 PM,iem_cli,https://mesonet.agron.iastate.edu/json/cli.py?station=KLAX&year=2026,202601251001-KLOX-CDUS46-CLILAX,2026-07-25T16:33:42Z
KLAX,2026-01-25,69,46,1248 PM,iem_cli,https://mesonet.agron.iastate.edu/json/cli.py?station=KLAX&year=2026,202601261001-KLOX-CDUS46-CLILAX,2026-07-25T16:33:42Z
KLAX,2026-01-26,73,49,224 PM,iem_cli,https://mesonet.agron.iastate.edu/json/cli.py?station=KLAX&year=2026,202601271000-KLOX-CDUS46-CLILAX,2026-07-25T16:33:42Z
KLAX,2026-01-27,72,49,1213 PM,iem_cli,https://mesonet.agron.iastate.edu/json/cli.py?station=KLAX&year=2026,202601280943-KLOX-CDUS46-CLILAX,2026-07-25T16:33:42Z
KLAX,2026-01-28,69,52,206 PM,iem_cli,https://mesonet.agron.iastate.edu/json/cli.py?station=KLAX&year=2026,202601290937-KLOX-CDUS46-CLILAX,2026-07-25T16:33:42Z
KLAX,2026-01-29,80,50,156 PM,iem_cli,https://mesonet.agron.iastate.edu/json/cli.py?station=KLAX&year=2026,202601300928-KLOX-CDUS46-CLILAX,2026-07-25T16:33:42Z
KLAX,2026-01-30,83,53,117 PM,iem_cli,https://mesonet.agron.iastate.edu/json/cli.py?station=KLAX&year=2026,202601310925-KLOX-CDUS46-CLILAX,2026-07-25T16:33:42Z
KLAX,2026-01-31,85,57,147 PM,iem_cli,https://mesonet.agron.iastate.edu/json/cli.py?station=KLAX&year=2026,202602010936-KLOX-CDUS46-CLILAX,2026-07-25T16:33:42Z
KLAX,2026-02-01,79,58,1118 AM,iem_cli,https://mesonet.agron.iastate.edu/json/cli.py?station=KLAX&year=2026,202602020950-KLOX-CDUS46-CLILAX,2026-07-25T16:33:42Z
KLAX,2026-02-02,74,53,123 PM,iem_cli,https://mesonet.agron.iastate.edu/json/cli.py?station=KLAX&year=2026,202602030942-KLOX-CDUS46-CLILAX,2026-07-25T16:33:42Z
KLAX,2026-02-03,75,53,1150 AM,iem_cli,https://mesonet.agron.iastate.edu/json/cli.py?station=KLAX&year=2026,202602040925-KLOX-CDUS46-CLILAX,2026-07-25T16:33:42Z
KLAX,2026-02-04,87,54,221 PM,iem_cli,https://mesonet.agron.iastate.edu/json/cli.py?station=KLAX&year=2026,202602050923-KLOX-CDUS46-CLILAX,2026-07-25T16:33:42Z
KLAX,2026-02-05,83,60,210 PM,iem_cli,https://mesonet.agron.iastate.edu/json/cli.py?station=KLAX&year=2026,202602060925-KLOX-CDUS46-CLILAX,2026-07-25T16:33:42Z
KLAX,2026-02-06,68,58,214 PM,iem_cli,https://mesonet.agron.iastate.edu/json/cli.py?station=KLAX&year=2026,202602070926-KLOX-CDUS46-CLILAX,2026-07-25T16:33:42Z
KLAX,2026-02-07,71,54,727 PM,iem_cli,https://mesonet.agron.iastate.edu/json/cli.py?station=KLAX&year=2026,202602080931-KLOX-CDUS46-CLILAX,2026-07-25T16:33:42Z
KLAX,2026-02-08,82,53,1237 PM,iem_cli,https://mesonet.agron.iastate.edu/json/cli.py?station=KLAX&year=2026,202602090937-KLOX-CDUS46-CLILAX,2026-07-25T16:33:42Z
KLAX,2026-02-09,77,53,1258 PM,iem_cli,https://mesonet.agron.iastate.edu/json/cli.py?station=KLAX&year=2026,202602100948-KLOX-CDUS46-CLILAX,2026-07-25T16:33:42Z
KLAX,2026-02-10,65,57,1228 PM,iem_cli,https://mesonet.agron.iastate.edu/json/cli.py?station=KLAX&year=2026,202602110928-KLOX-CDUS46-CLILAX,2026-07-25T16:33:42Z
KLAX,2026-02-11,64,54,203 PM,iem_cli,https://mesonet.agron.iastate.edu/json/cli.py?station=KLAX&year=2026,202602120925-KLOX-CDUS46-CLILAX,2026-07-25T16:33:42Z
KLAX,2026-02-12,64,50,1241 PM,iem_cli,https://mesonet.agron.iastate.edu/json/cli.py?station=KLAX&year=2026,202602130934-KLOX-CDUS46-CLILAX,2026-07-25T16:33:42Z
KLAX,2026-02-13,68,48,1225 PM,iem_cli,https://mesonet.agron.iastate.edu/json/cli.py?station=KLAX&year=2026,202602140921-KLOX-CDUS46-CLILAX,2026-07-25T16:33:42Z
KLAX,2026-02-14,68,52,127 PM,iem_cli,https://mesonet.agron.iastate.edu/json/cli.py?station=KLAX&year=2026,202602150940-KLOX-CDUS46-CLILAX,2026-07-25T16:33:42Z
KLAX,2026-02-15,63,52,219 PM,iem_cli,https://mesonet.agron.iastate.edu/json/cli.py?station=KLAX&year=2026,202602160947-KLOX-CDUS46-CLILAX,2026-07-25T16:33:42Z
KLAX,2026-02-16,58,48,549 PM,iem_cli,https://mesonet.agron.iastate.edu/json/cli.py?station=KLAX&year=2026,202602170945-KLOX-CDUS46-CLILAX,2026-07-25T16:33:42Z
KLAX,2026-02-17,60,48,311 PM,iem_cli,https://mesonet.agron.iastate.edu/json/cli.py?station=KLAX&year=2026,202602180939-KLOX-CDUS46-CLILAX,2026-07-25T16:33:42Z
KLAX,2026-02-18,58,51,310 PM,iem_cli,https://mesonet.agron.iastate.edu/json/cli.py?station=KLAX&year=2026,202602190938-KLOX-CDUS46-CLILAX,2026-07-25T16:33:42Z
KLAX,2026-02-19,58,47,322 PM,iem_cli,https://mesonet.agron.iastate.edu/json/cli.py?station=KLAX&year=2026,202602201157-KLOX-CDUS46-CLILAX,2026-07-25T16:33:42Z
KLAX,2026-02-20,58,41,307 PM,iem_cli,https://mesonet.agron.iastate.edu/json/cli.py?station=KLAX&year=2026,202602210940-KLOX-CDUS46-CLILAX,2026-07-25T16:33:42Z
KLAX,2026-02-21,69,44,1256 PM,iem_cli,https://mesonet.agron.iastate.edu/json/cli.py?station=KLAX&year=2026,202602220934-KLOX-CDUS46-CLILAX,2026-07-25T16:33:42Z
KLAX,2026-02-22,69,48,1035 AM,iem_cli,https://mesonet.agron.iastate.edu/json/cli.py?station=KLAX&year=2026,202602230945-KLOX-CDUS46-CLILAX,2026-07-25T16:33:42Z
KLAX,2026-02-23,74,52,1049 AM,iem_cli,https://mesonet.agron.iastate.edu/json/cli.py?station=KLAX&year=2026,202602240959-KLOX-CDUS46-CLILAX,2026-07-25T16:33:42Z
KLAX,2026-02-24,76,53,1147 AM,iem_cli,https://mesonet.agron.iastate.edu/json/cli.py?station=KLAX&year=2026,202602250944-KLOX-CDUS46-CLILAX,2026-07-25T16:33:42Z
KLAX,2026-02-25,70,53,1234 PM,iem_cli,https://mesonet.agron.iastate.edu/json/cli.py?station=KLAX&year=2026,202602260953-KLOX-CDUS46-CLILAX,2026-07-25T16:33:42Z
KLAX,2026-02-26,73,55,1105 AM,iem_cli,https://mesonet.agron.iastate.edu/json/cli.py?station=KLAX&year=2026,202602270937-KLOX-CDUS46-CLILAX,2026-07-25T16:33:42Z
KLAX,2026-02-27,86,59,1044 AM,iem_cli,https://mesonet.agron.iastate.edu/json/cli.py?station=KLAX&year=2026,202602280953-KLOX-CDUS46-CLILAX,2026-07-25T16:33:42Z
KLAX,2026-02-28,79,61,233 PM,iem_cli,https://mesonet.agron.iastate.edu/json/cli.py?station=KLAX&year=2026,202603010952-KLOX-CDUS46-CLILAX,2026-07-25T16:33:42Z
KLAX,2026-03-01,78,57,1123 AM,iem_cli,https://mesonet.agron.iastate.edu/json/cli.py?station=KLAX&year=2026,202603020945-KLOX-CDUS46-CLILAX,2026-07-25T16:33:42Z
KLAX,2026-03-02,65,56,227 PM,iem_cli,https://mesonet.agron.iastate.edu/json/cli.py?station=KLAX&year=2026,202603030940-KLOX-CDUS46-CLILAX,2026-07-25T16:33:42Z
KLAX,2026-03-03,67,55,100 PM,iem_cli,https://mesonet.agron.iastate.edu/json/cli.py?station=KLAX&year=2026,202603040948-KLOX-CDUS46-CLILAX,2026-07-25T16:33:42Z
KLAX,2026-03-04,65,54,158 PM,iem_cli,https://mesonet.agron.iastate.edu/json/cli.py?station=KLAX&year=2026,202603050940-KLOX-CDUS46-CLILAX,2026-07-25T16:33:42Z
KLAX,2026-03-05,76,51,340 PM,iem_cli,https://mesonet.agron.iastate.edu/json/cli.py?station=KLAX&year=2026,202603060921-KLOX-CDUS46-CLILAX,2026-07-25T16:33:42Z
KLAX,2026-03-06,73,52,250 PM,iem_cli,https://mesonet.agron.iastate.edu/json/cli.py?station=KLAX&year=2026,202603070940-KLOX-CDUS46-CLILAX,2026-07-25T16:33:42Z
KLAX,2026-03-07,78,58,340 PM,iem_cli,https://mesonet.agron.iastate.edu/json/cli.py?station=KLAX&year=2026,202603080921-KLOX-CDUS46-CLILAX,2026-07-25T16:33:42Z
KLAX,2026-03-08,88,59,335 PM,iem_cli,https://mesonet.agron.iastate.edu/json/cli.py?station=KLAX&year=2026,202603090837-KLOX-CDUS46-CLILAX,2026-07-25T16:33:42Z
KLAX,2026-03-09,70,56,1126 AM,iem_cli,https://mesonet.agron.iastate.edu/json/cli.py?station=KLAX&year=2026,202603100843-KLOX-CDUS46-CLILAX,2026-07-25T16:33:42Z
KLAX,2026-03-10,67,57,114 PM,iem_cli,https://mesonet.agron.iastate.edu/json/cli.py?station=KLAX&year=2026,202603110829-KLOX-CDUS46-CLILAX,2026-07-25T16:33:42Z
KLAX,2026-03-11,67,53,139 PM,iem_cli,https://mesonet.agron.iastate.edu/json/cli.py?station=KLAX&year=2026,202603120834-KLOX-CDUS46-CLILAX,2026-07-25T16:33:42Z
KLAX,2026-03-12,84,57,1129 AM,iem_cli,https://mesonet.agron.iastate.edu/json/cli.py?station=KLAX&year=2026,202603130845-KLOX-CDUS46-CLILAX,2026-07-25T16:33:42Z
KLAX,2026-03-13,88,62,1131 AM,iem_cli,https://mesonet.agron.iastate.edu/json/cli.py?station=KLAX&year=2026,202603140823-KLOX-CDUS46-CLILAX,2026-07-25T16:33:42Z
KLAX,2026-03-14,79,56,1125 AM,iem_cli,https://mesonet.agron.iastate.edu/json/cli.py?station=KLAX&year=2026,202603150840-KLOX-CDUS46-CLILAX,2026-07-25T16:33:42Z
KLAX,2026-03-15,69,57,1111 AM,iem_cli,https://mesonet.agron.iastate.edu/json/cli.py?station=KLAX&year=2026,202603160855-KLOX-CDUS46-CLILAX,2026-07-25T16:33:42Z
KLAX,2026-03-16,71,57,120 PM,iem_cli,https://mesonet.agron.iastate.edu/json/cli.py?station=KLAX&year=2026,202603170832-KLOX-CDUS46-CLILAX,2026-07-25T16:33:42Z
KLAX,2026-03-17,92,59,1025 AM,iem_cli,https://mesonet.agron.iastate.edu/json/cli.py?station=KLAX&year=2026,202603180838-KLOX-CDUS46-CLILAX,2026-07-25T16:33:42Z
KLAX,2026-03-18,82,63,1104 AM,iem_cli,https://mesonet.agron.iastate.edu/json/cli.py?station=KLAX&year=2026,202603190852-KLOX-CDUS46-CLILAX,2026-07-25T16:33:42Z
KLAX,2026-03-19,83,62,1043 AM,iem_cli,https://mesonet.agron.iastate.edu/json/cli.py?station=KLAX&year=2026,202603200840-KLOX-CDUS46-CLILAX,2026-07-25T16:33:42Z
KLAX,2026-03-20,85,63,1132 AM,iem_cli,https://mesonet.agron.iastate.edu/json/cli.py?station=KLAX&year=2026,202603210840-KLOX-CDUS46-CLILAX,2026-07-25T16:33:42Z
KLAX,2026-03-21,74,60,1132 AM,iem_cli,https://mesonet.agron.iastate.edu/json/cli.py?station=KLAX&year=2026,202603220841-KLOX-CDUS46-CLILAX,2026-07-25T16:33:42Z
KLAX,2026-03-22,70,60,1049 AM,iem_cli,https://mesonet.agron.iastate.edu/json/cli.py?station=KLAX&year=2026,202603230840-KLOX-CDUS46-CLILAX,2026-07-25T16:33:42Z
KLAX,2026-03-23,71,59,1055 AM,iem_cli,https://mesonet.agron.iastate.edu/json/cli.py?station=KLAX&year=2026,202603240841-KLOX-CDUS46-CLILAX,2026-07-25T16:33:42Z
KLAX,2026-03-24,70,61,236 PM,iem_cli,https://mesonet.agron.iastate.edu/json/cli.py?station=KLAX&year=2026,202603250840-KLOX-CDUS46-CLILAX,2026-07-25T16:33:42Z
KLAX,2026-03-25,68,59,131 PM,iem_cli,https://mesonet.agron.iastate.edu/json/cli.py?station=KLAX&year=2026,202603260829-KLOX-CDUS46-CLILAX,2026-07-25T16:33:42Z
KLAX,2026-03-26,73,59,1016 AM,iem_cli,https://mesonet.agron.iastate.edu/json/cli.py?station=KLAX&year=2026,202603270841-KLOX-CDUS46-CLILAX,2026-07-25T16:33:42Z
KLAX,2026-03-27,71,59,1249 PM,iem_cli,https://mesonet.agron.iastate.edu/json/cli.py?station=KLAX&year=2026,202603281100-KLOX-CDUS46-CLILAX,2026-07-25T16:33:42Z
KLAX,2026-03-28,68,58,137 PM,iem_cli,https://mesonet.agron.iastate.edu/json/cli.py?station=KLAX&year=2026,202603290841-KLOX-CDUS46-CLILAX,2026-07-25T16:33:42Z
KLAX,2026-03-29,73,57,1225 PM,iem_cli,https://mesonet.agron.iastate.edu/json/cli.py?station=KLAX&year=2026,202603300841-KLOX-CDUS46-CLILAX,2026-07-25T16:33:42Z
KLAX,2026-03-30,70,56,1251 PM,iem_cli,https://mesonet.agron.iastate.edu/json/cli.py?station=KLAX&year=2026,202603310841-KLOX-CDUS46-CLILAX,2026-07-25T16:33:42Z
KLAX,2026-03-31,69,62,212 PM,iem_cli,https://mesonet.agron.iastate.edu/json/cli.py?station=KLAX&year=2026,202604010841-KLOX-CDUS46-CLILAX,2026-07-25T16:33:42Z
KLAX,2026-04-01,68,59,248 PM,iem_cli,https://mesonet.agron.iastate.edu/json/cli.py?station=KLAX&year=2026,202604020841-KLOX-CDUS46-CLILAX,2026-07-25T16:33:42Z
KLAX,2026-04-02,68,59,,iem_cli,https://mesonet.agron.iastate.edu/json/cli.py?station=KLAX&year=2026,202604030841-KLOX-CDUS46-CLILAX,2026-07-25T16:33:42Z
KLAX,2026-04-03,78,56,1153 AM,iem_cli,https://mesonet.agron.iastate.edu/json/cli.py?station=KLAX&year=2026,202604040836-KLOX-CDUS46-CLILAX,2026-07-25T16:33:42Z
KLAX,2026-04-04,87,56,1140 AM,iem_cli,https://mesonet.agron.iastate.edu/json/cli.py?station=KLAX&year=2026,202604050841-KLOX-CDUS46-CLILAX,2026-07-25T16:33:42Z
KLAX,2026-04-05,78,57,949 AM,iem_cli,https://mesonet.agron.iastate.edu/json/cli.py?station=KLAX&year=2026,202604060833-KLOX-CDUS46-CLILAX,2026-07-25T16:33:42Z
KLAX,2026-04-06,78,61,1044 AM,iem_cli,https://mesonet.agron.iastate.edu/json/cli.py?station=KLAX&year=2026,202604070835-KLOX-CDUS46-CLILAX,2026-07-25T16:33:42Z
KLAX,2026-04-07,70,58,141 PM,iem_cli,https://mesonet.agron.iastate.edu/json/cli.py?station=KLAX&year=2026,202604080840-KLOX-CDUS46-CLILAX,2026-07-25T16:33:42Z
KLAX,2026-04-08,71,58,149 PM,iem_cli,https://mesonet.agron.iastate.edu/json/cli.py?station=KLAX&year=2026,202604090841-KLOX-CDUS46-CLILAX,2026-07-25T16:33:42Z
KLAX,2026-04-09,72,60,1006 AM,iem_cli,https://mesonet.agron.iastate.edu/json/cli.py?station=KLAX&year=2026,202604100841-KLOX-CDUS46-CLILAX,2026-07-25T16:33:42Z
KLAX,2026-04-10,67,59,248 PM,iem_cli,https://mesonet.agron.iastate.edu/json/cli.py?station=KLAX&year=2026,202604110841-KLOX-CDUS46-CLILAX,2026-07-25T16:33:42Z
KLAX,2026-04-11,69,59,1248 PM,iem_cli,https://mesonet.agron.iastate.edu/json/cli.py?station=KLAX&year=2026,202604120842-KLOX-CDUS46-CLILAX,2026-07-25T16:33:42Z
KLAX,2026-04-12,69,58,1248 PM,iem_cli,https://mesonet.agron.iastate.edu/json/cli.py?station=KLAX&year=2026,202604130841-KLOX-CDUS46-CLILAX,2026-07-25T16:33:42Z
KLAX,2026-04-13,66,56,359 PM,iem_cli,https://mesonet.agron.iastate.edu/json/cli.py?station=KLAX&year=2026,202604140841-KLOX-CDUS46-CLILAX,2026-07-25T16:33:42Z
KLAX,2026-04-14,69,52,124 PM,iem_cli,https://mesonet.agron.iastate.edu/json/cli.py?station=KLAX&year=2026,202604150840-KLOX-CDUS46-CLILAX,2026-07-25T16:33:42Z
KLAX,2026-04-15,70,55,129 PM,iem_cli,https://mesonet.agron.iastate.edu/json/cli.py?station=KLAX&year=2026,202604160850-KLOX-CDUS46-CLILAX,2026-07-25T16:33:42Z
KLAX,2026-04-16,70,56,1219 PM,iem_cli,https://mesonet.agron.iastate.edu/json/cli.py?station=KLAX&year=2026,202604170843-KLOX-CDUS46-CLILAX,2026-07-25T16:33:42Z
KLAX,2026-04-17,73,56,1241 PM,iem_cli,https://mesonet.agron.iastate.edu/json/cli.py?station=KLAX&year=2026,202604180909-KLOX-CDUS46-CLILAX,2026-07-25T16:33:42Z
KLAX,2026-04-18,76,58,1226 PM,iem_cli,https://mesonet.agron.iastate.edu/json/cli.py?station=KLAX&year=2026,202604190821-KLOX-CDUS46-CLILAX,2026-07-25T16:33:42Z
KLAX,2026-04-19,72,59,1100 AM,iem_cli,https://mesonet.agron.iastate.edu/json/cli.py?station=KLAX&year=2026,202604200830-KLOX-CDUS46-CLILAX,2026-07-25T16:33:42Z
KLAX,2026-04-20,70,56,144 PM,iem_cli,https://mesonet.agron.iastate.edu/json/cli.py?station=KLAX&year=2026,202604210840-KLOX-CDUS46-CLILAX,2026-07-25T16:33:42Z
KLAX,2026-04-21,70,56,250 PM,iem_cli,https://mesonet.agron.iastate.edu/json/cli.py?station=KLAX&year=2026,202604220841-KLOX-CDUS46-CLILAX,2026-07-25T16:33:42Z
KLAX,2026-04-22,67,55,332 PM,iem_cli,https://mesonet.agron.iastate.edu/json/cli.py?station=KLAX&year=2026,202604230840-KLOX-CDUS46-CLILAX,2026-07-25T16:33:42Z
KLAX,2026-04-23,72,54,1212 PM,iem_cli,https://mesonet.agron.iastate.edu/json/cli.py?station=KLAX&year=2026,202604240840-KLOX-CDUS46-CLILAX,2026-07-25T16:33:42Z
KLAX,2026-04-24,74,57,1222 PM,iem_cli,https://mesonet.agron.iastate.edu/json/cli.py?station=KLAX&year=2026,202604250840-KLOX-CDUS46-CLILAX,2026-07-25T16:33:42Z
KLAX,2026-04-25,66,55,1208 PM,iem_cli,https://mesonet.agron.iastate.edu/json/cli.py?station=KLAX&year=2026,202604260841-KLOX-CDUS46-CLILAX,2026-07-25T16:33:42Z
KLAX,2026-04-26,66,55,336 PM,iem_cli,https://mesonet.agron.iastate.edu/json/cli.py?station=KLAX&year=2026,202604270841-KLOX-CDUS46-CLILAX,2026-07-25T16:33:42Z
KLAX,2026-04-27,66,58,144 PM,iem_cli,https://mesonet.agron.iastate.edu/json/cli.py?station=KLAX&year=2026,202604280840-KLOX-CDUS46-CLILAX,2026-07-25T16:33:42Z
KLAX,2026-04-28,69,53,1120 AM,iem_cli,https://mesonet.agron.iastate.edu/json/cli.py?station=KLAX&year=2026,202604290843-KLOX-CDUS46-CLILAX,2026-07-25T16:33:42Z
KLAX,2026-04-29,70,54,1235 PM,iem_cli,https://mesonet.agron.iastate.edu/json/cli.py?station=KLAX&year=2026,202604300824-KLOX-CDUS46-CLILAX,2026-07-25T16:33:42Z
KLAX,2026-04-30,70,60,1134 AM,iem_cli,https://mesonet.agron.iastate.edu/json/cli.py?station=KLAX&year=2026,202605010824-KLOX-CDUS46-CLILAX,2026-07-25T16:33:42Z
KLAX,2026-05-01,70,58,1208 PM,iem_cli,https://mesonet.agron.iastate.edu/json/cli.py?station=KLAX&year=2026,202605020824-KLOX-CDUS46-CLILAX,2026-07-25T16:33:42Z
KLAX,2026-05-02,68,58,1227 PM,iem_cli,https://mesonet.agron.iastate.edu/json/cli.py?station=KLAX&year=2026,202605030841-KLOX-CDUS46-CLILAX,2026-07-25T16:33:42Z
KLAX,2026-05-03,67,59,1202 PM,iem_cli,https://mesonet.agron.iastate.edu/json/cli.py?station=KLAX&year=2026,202605040841-KLOX-CDUS46-CLILAX,2026-07-25T16:33:42Z
KLAX,2026-05-04,68,58,159 PM,iem_cli,https://mesonet.agron.iastate.edu/json/cli.py?station=KLAX&year=2026,202605050841-KLOX-CDUS46-CLILAX,2026-07-25T16:33:42Z
KLAX,2026-05-05,66,57,209 PM,iem_cli,https://mesonet.agron.iastate.edu/json/cli.py?station=KLAX&year=2026,202605060843-KLOX-CDUS46-CLILAX,2026-07-25T16:33:42Z
KLAX,2026-05-06,68,55,322 PM,iem_cli,https://mesonet.agron.iastate.edu/json/cli.py?station=KLAX&year=2026,202605070825-KLOX-CDUS46-CLILAX,2026-07-25T16:33:42Z
KLAX,2026-05-07,68,58,231 PM,iem_cli,https://mesonet.agron.iastate.edu/json/cli.py?station=KLAX&year=2026,202605080823-KLOX-CDUS46-CLILAX,2026-07-25T16:33:42Z
KLAX,2026-05-08,69,59,153 PM,iem_cli,https://mesonet.agron.iastate.edu/json/cli.py?station=KLAX&year=2026,202605090843-KLOX-CDUS46-CLILAX,2026-07-25T16:33:42Z
KLAX,2026-05-09,69,57,142 PM,iem_cli,https://mesonet.agron.iastate.edu/json/cli.py?station=KLAX&year=2026,202605100841-KLOX-CDUS46-CLILAX,2026-07-25T16:33:42Z
KLAX,2026-05-10,70,59,1227 PM,iem_cli,https://mesonet.agron.iastate.edu/json/cli.py?station=KLAX&year=2026,202605110841-KLOX-CDUS46-CLILAX,2026-07-25T16:33:42Z
KLAX,2026-05-11,67,57,221 PM,iem_cli,https://mesonet.agron.iastate.edu/json/cli.py?station=KLAX&year=2026,202605120854-KLOX-CDUS46-CLILAX,2026-07-25T16:33:42Z
KLAX,2026-05-12,67,56,241 PM,iem_cli,https://mesonet.agron.iastate.edu/json/cli.py?station=KLAX&year=2026,202605130841-KLOX-CDUS46-CLILAX,2026-07-25T16:33:42Z
KLAX,2026-05-13,70,60,141 PM,iem_cli,https://mesonet.agron.iastate.edu/json/cli.py?station=KLAX&year=2026,202605140825-KLOX-CDUS46-CLILAX,2026-07-25T16:33:42Z
KLAX,2026-05-14,70,58,140 PM,iem_cli,https://mesonet.agron.iastate.edu/json/cli.py?station=KLAX&year=2026,202605150824-KLOX-CDUS46-CLILAX,2026-07-25T16:33:42Z
KLAX,2026-05-15,68,60,326 PM,iem_cli,https://mesonet.agron.iastate.edu/json/cli.py?station=KLAX&year=2026,202605160842-KLOX-CDUS46-CLILAX,2026-07-25T16:33:42Z
KLAX,2026-05-16,70,61,1114 AM,iem_cli,https://mesonet.agron.iastate.edu/json/cli.py?station=KLAX&year=2026,202605170841-KLOX-CDUS46-CLILAX,2026-07-25T16:33:42Z
KLAX,2026-05-17,71,58,1132 AM,iem_cli,https://mesonet.agron.iastate.edu/json/cli.py?station=KLAX&year=2026,202605180841-KLOX-CDUS46-CLILAX,2026-07-25T16:33:42Z
KLAX,2026-05-18,71,58,101 PM,iem_cli,https://mesonet.agron.iastate.edu/json/cli.py?station=KLAX&year=2026,202605190841-KLOX-CDUS46-CLILAX,2026-07-25T16:33:42Z
KLAX,2026-05-19,75,57,901 AM,iem_cli,https://mesonet.agron.iastate.edu/json/cli.py?station=KLAX&year=2026,202605200840-KLOX-CDUS46-CLILAX,2026-07-25T16:33:42Z
KLAX,2026-05-20,77,60,900 AM,iem_cli,https://mesonet.agron.iastate.edu/json/cli.py?station=KLAX&year=2026,202605210825-KLOX-CDUS46-CLILAX,2026-07-25T16:33:42Z
KLAX,2026-05-21,73,59,857 AM,iem_cli,https://mesonet.agron.iastate.edu/json/cli.py?station=KLAX&year=2026,202605220840-KLOX-CDUS46-CLILAX,2026-07-25T16:33:42Z
KLAX,2026-05-22,68,60,135 PM,iem_cli,https://mesonet.agron.iastate.edu/json/cli.py?station=KLAX&year=2026,202605230821-KLOX-CDUS46-CLILAX,2026-07-25T16:33:42Z
KLAX,2026-05-23,69,60,119 PM,iem_cli,https://mesonet.agron.iastate.edu/json/cli.py?station=KLAX&year=2026,202605240840-KLOX-CDUS46-CLILAX,2026-07-25T16:33:42Z
KLAX,2026-05-24,68,60,353 PM,iem_cli,https://mesonet.agron.iastate.edu/json/cli.py?station=KLAX&year=2026,202605250840-KLOX-CDUS46-CLILAX,2026-07-25T16:33:42Z
KLAX,2026-05-25,69,58,139 PM,iem_cli,https://mesonet.agron.iastate.edu/json/cli.py?station=KLAX&year=2026,202605260845-KLOX-CDUS46-CLILAX,2026-07-25T16:33:42Z
KLAX,2026-05-26,68,58,126 PM,iem_cli,https://mesonet.agron.iastate.edu/json/cli.py?station=KLAX&year=2026,202605270841-KLOX-CDUS46-CLILAX,2026-07-25T16:33:42Z
KLAX,2026-05-27,66,58,252 PM,iem_cli,https://mesonet.agron.iastate.edu/json/cli.py?station=KLAX&year=2026,202605280840-KLOX-CDUS46-CLILAX,2026-07-25T16:33:42Z
KLAX,2026-05-28,68,56,228 PM,iem_cli,https://mesonet.agron.iastate.edu/json/cli.py?station=KLAX&year=2026,202605290825-KLOX-CDUS46-CLILAX,2026-07-25T16:33:42Z
KLAX,2026-05-29,68,59,217 PM,iem_cli,https://mesonet.agron.iastate.edu/json/cli.py?station=KLAX&year=2026,202605300840-KLOX-CDUS46-CLILAX,2026-07-25T16:33:42Z
KLAX,2026-05-30,71,60,1014 AM,iem_cli,https://mesonet.agron.iastate.edu/json/cli.py?station=KLAX&year=2026,202605310840-KLOX-CDUS46-CLILAX,2026-07-25T16:33:42Z
KLAX,2026-05-31,72,59,1025 AM,iem_cli,https://mesonet.agron.iastate.edu/json/cli.py?station=KLAX&year=2026,202606010840-KLOX-CDUS46-CLILAX,2026-07-25T16:33:42Z
KLAX,2026-06-01,72,61,1258 PM,iem_cli,https://mesonet.agron.iastate.edu/json/cli.py?station=KLAX&year=2026,202606020841-KLOX-CDUS46-CLILAX,2026-07-25T16:33:42Z
KLAX,2026-06-02,70,61,1250 PM,iem_cli,https://mesonet.agron.iastate.edu/json/cli.py?station=KLAX&year=2026,202606030841-KLOX-CDUS46-CLILAX,2026-07-25T16:33:42Z
KLAX,2026-06-03,69,60,315 PM,iem_cli,https://mesonet.agron.iastate.edu/json/cli.py?station=KLAX&year=2026,202606040841-KLOX-CDUS46-CLILAX,2026-07-25T16:33:42Z
KLAX,2026-06-04,72,62,1259 PM,iem_cli,https://mesonet.agron.iastate.edu/json/cli.py?station=KLAX&year=2026,202606050841-KLOX-CDUS46-CLILAX,2026-07-25T16:33:42Z
KLAX,2026-06-05,70,64,412 PM,iem_cli,https://mesonet.agron.iastate.edu/json/cli.py?station=KLAX&year=2026,202606060825-KLOX-CDUS46-CLILAX,2026-07-25T16:33:42Z
KLAX,2026-06-06,73,63,119 PM,iem_cli,https://mesonet.agron.iastate.edu/json/cli.py?station=KLAX&year=2026,202606070841-KLOX-CDUS46-CLILAX,2026-07-25T16:33:42Z
KLAX,2026-06-07,72,62,142 PM,iem_cli,https://mesonet.agron.iastate.edu/json/cli.py?station=KLAX&year=2026,202606080825-KLOX-CDUS46-CLILAX,2026-07-25T16:33:42Z
KLAX,2026-06-08,72,62,1248 PM,iem_cli,https://mesonet.agron.iastate.edu/json/cli.py?station=KLAX&year=2026,202606090837-KLOX-CDUS46-CLILAX,2026-07-25T16:33:42Z
KLAX,2026-06-09,72,61,315 PM,iem_cli,https://mesonet.agron.iastate.edu/json/cli.py?station=KLAX&year=2026,202606100826-KLOX-CDUS46-CLILAX,2026-07-25T16:33:42Z
KLAX,2026-06-10,75,63,208 PM,iem_cli,https://mesonet.agron.iastate.edu/json/cli.py?station=KLAX&year=2026,202606110840-KLOX-CDUS46-CLILAX,2026-07-25T16:33:42Z
KLAX,2026-06-11,76,64,1223 PM,iem_cli,https://mesonet.agron.iastate.edu/json/cli.py?station=KLAX&year=2026,202606120841-KLOX-CDUS46-CLILAX,2026-07-25T16:33:42Z
KLAX,2026-06-12,74,63,122 PM,iem_cli,https://mesonet.agron.iastate.edu/json/cli.py?station=KLAX&year=2026,202606130841-KLOX-CDUS46-CLILAX,2026-07-25T16:33:42Z
KLAX,2026-06-13,72,61,1214 PM,iem_cli,https://mesonet.agron.iastate.edu/json/cli.py?station=KLAX&year=2026,202606140841-KLOX-CDUS46-CLILAX,2026-07-25T16:33:42Z
KLAX,2026-06-14,72,62,1258 PM,iem_cli,https://mesonet.agron.iastate.edu/json/cli.py?station=KLAX&year=2026,202606150841-KLOX-CDUS46-CLILAX,2026-07-25T16:33:42Z
KLAX,2026-06-15,71,63,215 PM,iem_cli,https://mesonet.agron.iastate.edu/json/cli.py?station=KLAX&year=2026,202606160841-KLOX-CDUS46-CLILAX,2026-07-25T16:33:42Z
KLAX,2026-06-16,70,61,226 PM,iem_cli,https://mesonet.agron.iastate.edu/json/cli.py?station=KLAX&year=2026,202606170841-KLOX-CDUS46-CLILAX,2026-07-25T16:33:42Z
KLAX,2026-06-17,71,62,1127 AM,iem_cli,https://mesonet.agron.iastate.edu/json/cli.py?station=KLAX&year=2026,202606180841-KLOX-CDUS46-CLILAX,2026-07-25T16:33:42Z
KLAX,2026-06-18,70,63,255 PM,iem_cli,https://mesonet.agron.iastate.edu/json/cli.py?station=KLAX&year=2026,202606190841-KLOX-CDUS46-CLILAX,2026-07-25T16:33:42Z
KLAX,2026-06-19,71,61,1127 AM,iem_cli,https://mesonet.agron.iastate.edu/json/cli.py?station=KLAX&year=2026,202606200841-KLOX-CDUS46-CLILAX,2026-07-25T16:33:42Z
KLAX,2026-06-20,70,58,219 PM,iem_cli,https://mesonet.agron.iastate.edu/json/cli.py?station=KLAX&year=2026,202606210831-KLOX-CDUS46-CLILAX,2026-07-25T16:33:42Z
KLAX,2026-06-21,71,59,208 PM,iem_cli,https://mesonet.agron.iastate.edu/json/cli.py?station=KLAX&year=2026,202606220826-KLOX-CDUS46-CLILAX,2026-07-25T16:33:42Z
KLAX,2026-06-22,72,62,307 PM,iem_cli,https://mesonet.agron.iastate.edu/json/cli.py?station=KLAX&year=2026,202606230841-KLOX-CDUS46-CLILAX,2026-07-25T16:33:42Z
KLAX,2026-06-23,72,63,210 PM,iem_cli,https://mesonet.agron.iastate.edu/json/cli.py?station=KLAX&year=2026,202606240841-KLOX-CDUS46-CLILAX,2026-07-25T16:33:42Z
KLAX,2026-06-24,71,61,1258 PM,iem_cli,https://mesonet.agron.iastate.edu/json/cli.py?station=KLAX&year=2026,202606250841-KLOX-CDUS46-CLILAX,2026-07-25T16:33:42Z
KLAX,2026-06-25,72,62,220 PM,iem_cli,https://mesonet.agron.iastate.edu/json/cli.py?station=KLAX&year=2026,202606260841-KLOX-CDUS46-CLILAX,2026-07-25T16:33:42Z
KLAX,2026-06-26,73,62,1124 AM,iem_cli,https://mesonet.agron.iastate.edu/json/cli.py?station=KLAX&year=2026,202606270841-KLOX-CDUS46-CLILAX,2026-07-25T16:33:42Z
KLAX,2026-06-27,73,63,231 PM,iem_cli,https://mesonet.agron.iastate.edu/json/cli.py?station=KLAX&year=2026,202606280842-KLOX-CDUS46-CLILAX,2026-07-25T16:33:42Z
KLAX,2026-06-28,71,62,206 PM,iem_cli,https://mesonet.agron.iastate.edu/json/cli.py?station=KLAX&year=2026,202606290841-KLOX-CDUS46-CLILAX,2026-07-25T16:33:42Z
KLAX,2026-06-29,73,62,121 PM,iem_cli,https://mesonet.agron.iastate.edu/json/cli.py?station=KLAX&year=2026,202606300841-KLOX-CDUS46-CLILAX,2026-07-25T16:33:42Z
KLAX,2026-06-30,71,64,1122 AM,iem_cli,https://mesonet.agron.iastate.edu/json/cli.py?station=KLAX&year=2026,202607010841-KLOX-CDUS46-CLILAX,2026-07-25T16:33:42Z
KLAX,2026-07-01,71,63,149 PM,iem_cli,https://mesonet.agron.iastate.edu/json/cli.py?station=KLAX&year=2026,202607020841-KLOX-CDUS46-CLILAX,2026-07-25T16:33:42Z
KLAX,2026-07-02,73,63,108 PM,iem_cli,https://mesonet.agron.iastate.edu/json/cli.py?station=KLAX&year=2026,202607030841-KLOX-CDUS46-CLILAX,2026-07-25T16:33:42Z
KLAX,2026-07-03,73,62,228 PM,iem_cli,https://mesonet.agron.iastate.edu/json/cli.py?station=KLAX&year=2026,202607040843-KLOX-CDUS46-CLILAX,2026-07-25T16:33:42Z
KLAX,2026-07-04,76,62,143 PM,iem_cli,https://mesonet.agron.iastate.edu/json/cli.py?station=KLAX&year=2026,202607050839-KLOX-CDUS46-CLILAX,2026-07-25T16:33:42Z
KLAX,2026-07-05,75,65,1258 PM,iem_cli,https://mesonet.agron.iastate.edu/json/cli.py?station=KLAX&year=2026,202607060907-KLOX-CDUS46-CLILAX,2026-07-25T16:33:42Z
KLAX,2026-07-06,75,64,130 PM,iem_cli,https://mesonet.agron.iastate.edu/json/cli.py?station=KLAX&year=2026,202607070841-KLOX-CDUS46-CLILAX,2026-07-25T16:33:42Z
KLAX,2026-07-07,74,63,440 PM,iem_cli,https://mesonet.agron.iastate.edu/json/cli.py?station=KLAX&year=2026,202607080840-KLOX-CDUS46-CLILAX,2026-07-25T16:33:42Z
KLAX,2026-07-08,74,64,327 PM,iem_cli,https://mesonet.agron.iastate.edu/json/cli.py?station=KLAX&year=2026,202607090832-KLOX-CDUS46-CLILAX,2026-07-25T16:33:42Z
KLAX,2026-07-09,74,64,208 PM,iem_cli,https://mesonet.agron.iastate.edu/json/cli.py?station=KLAX&year=2026,202607100828-KLOX-CDUS46-CLILAX,2026-07-25T16:33:42Z
KLAX,2026-07-10,74,65,244 PM,iem_cli,https://mesonet.agron.iastate.edu/json/cli.py?station=KLAX&year=2026,202607110843-KLOX-CDUS46-CLILAX,2026-07-25T16:33:42Z
KLAX,2026-07-11,77,66,1115 AM,iem_cli,https://mesonet.agron.iastate.edu/json/cli.py?station=KLAX&year=2026,202607120827-KLOX-CDUS46-CLILAX,2026-07-25T16:33:42Z
KLAX,2026-07-12,77,67,911 AM,iem_cli,https://mesonet.agron.iastate.edu/json/cli.py?station=KLAX&year=2026,202607130841-KLOX-CDUS46-CLILAX,2026-07-25T16:33:42Z
KLAX,2026-07-13,75,67,249 PM,iem_cli,https://mesonet.agron.iastate.edu/json/cli.py?station=KLAX&year=2026,202607140835-KLOX-CDUS46-CLILAX,2026-07-25T16:33:42Z
KLAX,2026-07-14,77,67,352 PM,iem_cli,https://mesonet.agron.iastate.edu/json/cli.py?station=KLAX&year=2026,202607150824-KLOX-CDUS46-CLILAX,2026-07-25T16:33:42Z
KLAX,2026-07-15,81,68,1213 PM,iem_cli,https://mesonet.agron.iastate.edu/json/cli.py?station=KLAX&year=2026,202607160826-KLOX-CDUS46-CLILAX,2026-07-25T16:33:42Z
KLAX,2026-07-16,84,69,1101 AM,iem_cli,https://mesonet.agron.iastate.edu/json/cli.py?station=KLAX&year=2026,202607170827-KLOX-CDUS46-CLILAX,2026-07-25T16:33:42Z
KLAX,2026-07-17,86,69,1253 PM,iem_cli,https://mesonet.agron.iastate.edu/json/cli.py?station=KLAX&year=2026,202607180855-KLOX-CDUS46-CLILAX,2026-07-25T16:33:42Z
KLAX,2026-07-18,78,69,137 PM,iem_cli,https://mesonet.agron.iastate.edu/json/cli.py?station=KLAX&year=2026,202607190833-KLOX-CDUS46-CLILAX,2026-07-25T16:33:42Z
KLAX,2026-07-19,78,68,227 PM,iem_cli,https://mesonet.agron.iastate.edu/json/cli.py?station=KLAX&year=2026,202607200834-KLOX-CDUS46-CLILAX,2026-07-25T16:33:42Z
KLAX,2026-07-20,83,68,1014 AM,iem_cli,https://mesonet.agron.iastate.edu/json/cli.py?station=KLAX&year=2026,202607210833-KLOX-CDUS46-CLILAX,2026-07-25T16:33:42Z
KLAX,2026-07-21,81,70,201 PM,iem_cli,https://mesonet.agron.iastate.edu/json/cli.py?station=KLAX&year=2026,202607220834-KLOX-CDUS46-CLILAX,2026-07-25T16:33:42Z
KLAX,2026-07-22,77,69,352 PM,iem_cli,https://mesonet.agron.iastate.edu/json/cli.py?station=KLAX&year=2026,202607230827-KLOX-CDUS46-CLILAX,2026-07-25T16:33:42Z
KLAX,2026-07-23,80,68,221 PM,iem_cli,https://mesonet.agron.iastate.edu/json/cli.py?station=KLAX&year=2026,202607240833-KLOX-CDUS46-CLILAX,2026-07-25T16:33:42Z
KLAX,2026-07-24,78,68,244 PM,iem_cli,https://mesonet.agron.iastate.edu/json/cli.py?station=KLAX&year=2026,202607250848-KLOX-CDUS46-CLILAX,2026-07-25T16:33:42Z
KLAX,2026-07-25,79,70,322 PM,iem_cli,https://mesonet.agron.iastate.edu/json/cli.py?station=KLAX&year=2026,202607260827-KLOX-CDUS46-CLILAX,2026-09-02T21:26:14Z
KLAX,2026-07-26,80,70,1201 PM,iem_cli,https://mesonet.agron.iastate.edu/json/cli.py?station=KLAX&year=2026,202607270833-KLOX-CDUS46-CLILAX,2026-09-02T21:26:14Z
KLAX,2026-07-27,79,69,233 PM,iem_cli,https://mesonet.agron.iastate.edu/json/cli.py?station=KLAX&year=2026,202607280837-KLOX-CDUS46-CLILAX,2026-09-02T21:26:14Z
KLAX,2026-07-28,79,69,1257 PM,iem_cli,https://mesonet.agron.iastate.edu/json/cli.py?station=KLAX&year=2026,202607290827-KLOX-CDUS46-CLILAX,2026-09-02T21:26:14Z
KLAX,2026-07-29,80,68,958 AM,iem_cli,https://mesonet.agron.iastate.edu/json/cli.py?station=KLAX&year=2026,202607300843-KLOX-CDUS46-CLILAX,2026-09-02T21:26:14Z
KLAX,2026-07-30,78,67,231 PM,iem_cli,https://mesonet.agron.iastate.edu/json/cli.py?station=KLAX&year=2026,202607311139-KLOX-CDUS46-CLILAX,2026-09-02T21:26:14Z
KLAX,2026-07-31,81,67,928 AM,iem_cli,https://mesonet.agron.iastate.edu/json/cli.py?station=KLAX&year=2026,202608010824-KLOX-CDUS46-CLILAX,2026-09-02T21:26:14Z
KLAX,2026-08-01,80,67,1213 PM,iem_cli,https://mesonet.agron.iastate.edu/json/cli.py?station=KLAX&year=2026,202608020834-KLOX-CDUS46-CLILAX,2026-09-02T21:26:14Z
KLAX,2026-08-02,79,68,1241 PM,iem_cli,https://mesonet.agron.iastate.edu/json/cli.py?station=KLAX&year=2026,202608030828-KLOX-CDUS46-CLILAX,2026-09-02T21:26:14Z
KLAX,2026-08-03,78,67,201 PM,iem_cli,https://mesonet.agron.iastate.edu/json/cli.py?station=KLAX&year=2026,202608040830-KLOX-CDUS46-CLILAX,2026-09-02T21:26:14Z
KLAX,2026-08-04,78,67,1110 AM,iem_cli,https://mesonet.agron.iastate.edu/json/cli.py?station=KLAX&year=2026,202608050829-KLOX-CDUS46-CLILAX,2026-09-02T21:26:14Z
KLAX,2026-08-05,77,67,311 PM,iem_cli,https://mesonet.agron.iastate.edu/json/cli.py?station=KLAX&year=2026,202608060840-KLOX-CDUS46-CLILAX,2026-09-02T21:26:14Z
KLAX,2026-08-06,78,68,319 PM,iem_cli,https://mesonet.agron.iastate.edu/json/cli.py?station=KLAX&year=2026,202608070840-KLOX-CDUS46-CLILAX,2026-09-02T21:26:14Z
KLAX,2026-08-07,80,68,214 PM,iem_cli,https://mesonet.agron.iastate.edu/json/cli.py?station=KLAX&year=2026,202608080842-KLOX-CDUS46-CLILAX,2026-09-02T21:26:14Z
KLAX,2026-08-08,79,68,314 PM,iem_cli,https://mesonet.agron.iastate.edu/json/cli.py?station=KLAX&year=2026,202608090846-KLOX-CDUS46-CLILAX,2026-09-02T21:26:14Z
KLAX,2026-08-09,80,69,246 PM,iem_cli,https://mesonet.agron.iastate.edu/json/cli.py?station=KLAX&year=2026,202608100840-KLOX-CDUS46-CLILAX,2026-09-02T21:26:14Z
KLAX,2026-08-10,79,70,147 PM,iem_cli,https://mesonet.agron.iastate.edu/json/cli.py?station=KLAX&year=2026,202608110825-KLOX-CDUS46-CLILAX,2026-09-02T21:26:14Z
KLAX,2026-08-11,80,69,1020 AM,iem_cli,https://mesonet.agron.iastate.edu/json/cli.py?station=KLAX&year=2026,202608120825-KLOX-CDUS46-CLILAX,2026-09-02T21:26:14Z
KLAX,2026-08-12,78,68,105 PM,iem_cli,https://mesonet.agron.iastate.edu/json/cli.py?station=KLAX&year=2026,202608130840-KLOX-CDUS46-CLILAX,2026-09-02T21:26:14Z
KLAX,2026-08-13,77,69,219 PM,iem_cli,https://mesonet.agron.iastate.edu/json/cli.py?station=KLAX&year=2026,202608140840-KLOX-CDUS46-CLILAX,2026-09-02T21:26:14Z
KLAX,2026-08-14,78,68,1227 PM,iem_cli,https://mesonet.agron.iastate.edu/json/cli.py?station=KLAX&year=2026,202608150840-KLOX-CDUS46-CLILAX,2026-09-02T21:26:14Z
KLAX,2026-08-15,77,67,130 PM,iem_cli,https://mesonet.agron.iastate.edu/json/cli.py?station=KLAX&year=2026,202608160840-KLOX-CDUS46-CLILAX,2026-09-02T21:26:14Z
KLAX,2026-08-16,77,67,1228 PM,iem_cli,https://mesonet.agron.iastate.edu/json/cli.py?station=KLAX&year=2026,202608170840-KLOX-CDUS46-CLILAX,2026-09-02T21:26:14Z
KLAX,2026-08-17,78,67,1137 AM,iem_cli,https://mesonet.agron.iastate.edu/json/cli.py?station=KLAX&year=2026,202608180840-KLOX-CDUS46-CLILAX,2026-09-02T21:26:14Z
KLAX,2026-08-18,82,68,145 PM,iem_cli,https://mesonet.agron.iastate.edu/json/cli.py?station=KLAX&year=2026,202608190840-KLOX-CDUS46-CLILAX,2026-09-02T21:26:14Z
KLAX,2026-08-19,82,68,1012 AM,iem_cli,https://mesonet.agron.iastate.edu/json/cli.py?station=KLAX&year=2026,202608200840-KLOX-CDUS46-CLILAX,2026-09-02T21:26:14Z
KLAX,2026-08-20,77,67,342 PM,iem_cli,https://mesonet.agron.iastate.edu/json/cli.py?station=KLAX&year=2026,202608210855-KLOX-CDUS46-CLILAX,2026-09-02T21:26:14Z
KLAX,2026-08-21,83,69,1137 AM,iem_cli,https://mesonet.agron.iastate.edu/json/cli.py?station=KLAX&year=2026,202608220850-KLOX-CDUS46-CLILAX,2026-09-02T21:26:14Z
KLAX,2026-08-22,82,70,1102 AM,iem_cli,https://mesonet.agron.iastate.edu/json/cli.py?station=KLAX&year=2026,202608230840-KLOX-CDUS46-CLILAX,2026-09-02T21:26:14Z
KLAX,2026-08-23,85,70,1230 PM,iem_cli,https://mesonet.agron.iastate.edu/json/cli.py?station=KLAX&year=2026,202608240840-KLOX-CDUS46-CLILAX,2026-09-02T21:26:14Z
KLAX,2026-08-24,84,69,1045 AM,iem_cli,https://mesonet.agron.iastate.edu/json/cli.py?station=KLAX&year=2026,202608250840-KLOX-CDUS46-CLILAX,2026-09-02T21:26:14Z
KLAX,2026-08-25,85,71,922 AM,iem_cli,https://mesonet.agron.iastate.edu/json/cli.py?station=KLAX&year=2026,202608260840-KLOX-CDUS46-CLILAX,2026-09-02T21:26:14Z
KLAX,2026-08-26,87,72,323 PM,iem_cli,https://mesonet.agron.iastate.edu/json/cli.py?station=KLAX&year=2026,202608270825-KLOX-CDUS46-CLILAX,2026-09-02T21:26:14Z
KLAX,2026-08-27,90,75,100 PM,iem_cli,https://mesonet.agron.iastate.edu/json/cli.py?station=KLAX&year=2026,202608280826-KLOX-CDUS46-CLILAX,2026-09-02T21:26:14Z
KLAX,2026-08-28,86,74,200 PM,iem_cli,https://mesonet.agron.iastate.edu/json/cli.py?station=KLAX&year=2026,202608290823-KLOX-CDUS46-CLILAX,2026-09-02T21:26:14Z
KLAX,2026-08-29,87,73,1131 AM,iem_cli,https://mesonet.agron.iastate.edu/json/cli.py?station=KLAX&year=2026,202608300840-KLOX-CDUS46-CLILAX,2026-09-02T21:26:14Z
KLAX,2026-08-30,84,71,1018 AM,iem_cli,https://mesonet.agron.iastate.edu/json/cli.py?station=KLAX&year=2026,202608310840-KLOX-CDUS46-CLILAX,2026-09-02T21:26:14Z
KLAX,2026-08-31,79,67,127 PM,iem_cli,https://mesonet.agron.iastate.edu/json/cli.py?station=KLAX&year=2026,202609010840-KLOX-CDUS46-CLILAX,2026-09-02T21:26:14Z
KLAX,2026-09-01,76,66,159 PM,iem_cli,https://mesonet.agron.iastate.edu/json/cli.py?station=KLAX&year=2026,202609020825-KLOX-CDUS46-CLILAX,2026-09-02T21:26:14Z
KMDW,2025-12-26,49,40,1136 AM,iem_cli,https://mesonet.agron.iastate.edu/json/cli.py?station=KMDW&year=2025,202512270634-KLOT-CDUS43-CLIMDW,2026-09-02T21:26:12Z
KMDW,2025-12-27,45,38,1159 PM,iem_cli,https://mesonet.agron.iastate.edu/json/cli.py?station=KMDW&year=2025,202512280634-KLOT-CDUS43-CLIMDW,2026-09-02T21:26:12Z
KMDW,2025-12-28,59,22,446 PM,iem_cli,https://mesonet.agron.iastate.edu/json/cli.py?station=KMDW&year=2025,202512290636-KLOT-CDUS43-CLIMDW,2026-07-25T16:35:18Z
KMDW,2025-12-29,24,14,302 PM,iem_cli,https://mesonet.agron.iastate.edu/json/cli.py?station=KMDW&year=2025,202512300633-KLOT-CDUS43-CLIMDW,2026-07-25T16:35:18Z
KMDW,2025-12-30,25,10,1159 PM,iem_cli,https://mesonet.agron.iastate.edu/json/cli.py?station=KMDW&year=2025,202512310636-KLOT-CDUS43-CLIMDW,2026-07-25T16:35:18Z
KMDW,2025-12-31,35,19,633 PM,iem_cli,https://mesonet.agron.iastate.edu/json/cli.py?station=KMDW&year=2025,202601010635-KLOT-CDUS43-CLIMDW,2026-07-25T16:35:18Z
KMDW,2026-01-01,21,12,1159 PM,iem_cli,https://mesonet.agron.iastate.edu/json/cli.py?station=KMDW&year=2026,202601020646-KLOT-CDUS43-CLIMDW,2026-07-25T16:33:41Z
KMDW,2026-01-02,24,20,430 PM,iem_cli,https://mesonet.agron.iastate.edu/json/cli.py?station=KMDW&year=2026,202601030635-KLOT-CDUS43-CLIMDW,2026-07-25T16:33:41Z
KMDW,2026-01-03,28,21,527 PM,iem_cli,https://mesonet.agron.iastate.edu/json/cli.py?station=KMDW&year=2026,202601040634-KLOT-CDUS43-CLIMDW,2026-07-25T16:33:41Z
KMDW,2026-01-04,34,25,1159 PM,iem_cli,https://mesonet.agron.iastate.edu/json/cli.py?station=KMDW&year=2026,202601051718-KLOT-CDUS43-CLIMDW,2026-07-25T16:33:41Z
KMDW,2026-01-05,45,32,436 PM,iem_cli,https://mesonet.agron.iastate.edu/json/cli.py?station=KMDW&year=2026,202601060631-KLOT-CDUS43-CLIMDW,2026-07-25T16:33:41Z
KMDW,2026-01-06,47,37,1239 PM,iem_cli,https://mesonet.agron.iastate.edu/json/cli.py?station=KMDW&year=2026,202601070639-KLOT-CDUS43-CLIMDW,2026-07-25T16:33:41Z
KMDW,2026-01-07,44,34,854 PM,iem_cli,https://mesonet.agron.iastate.edu/json/cli.py?station=KMDW&year=2026,202601080642-KLOT-CDUS43-CLIMDW,2026-07-25T16:33:41Z
KMDW,2026-01-08,61,40,1131 PM,iem_cli,https://mesonet.agron.iastate.edu/json/cli.py?station=KMDW&year=2026,202601090633-KLOT-CDUS43-CLIMDW,2026-07-25T16:33:41Z
KMDW,2026-01-09,60,41,234 AM,iem_cli,https://mesonet.agron.iastate.edu/json/cli.py?station=KMDW&year=2026,202601100649-KLOT-CDUS43-CLIMDW,2026-07-25T16:33:41Z
KMDW,2026-01-10,41,26,1220 AM,iem_cli,https://mesonet.agron.iastate.edu/json/cli.py?station=KMDW&year=2026,202601110636-KLOT-CDUS43-CLIMDW,2026-07-25T16:33:41Z
KMDW,2026-01-11,34,22,1254 PM,iem_cli,https://mesonet.agron.iastate.edu/json/cli.py?station=KMDW&year=2026,202601120633-KLOT-CDUS43-CLIMDW,2026-07-25T16:33:41Z
KMDW,2026-01-12,42,27,339 PM,iem_cli,https://mesonet.agron.iastate.edu/json/cli.py?station=KMDW&year=2026,202601130632-KLOT-CDUS43-CLIMDW,2026-07-25T16:33:41Z
KMDW,2026-01-13,50,34,233 PM,iem_cli,https://mesonet.agron.iastate.edu/json/cli.py?station=KMDW&year=2026,202601140632-KLOT-CDUS43-CLIMDW,2026-07-25T16:33:41Z
KMDW,2026-01-14,42,19,150 AM,iem_cli,https://mesonet.agron.iastate.edu/json/cli.py?station=KMDW&year=2026,202601150639-KLOT-CDUS43-CLIMDW,2026-07-25T16:33:41Z
KMDW,2026-01-15,24,15,422 PM,iem_cli,https://mesonet.agron.iastate.edu/json/cli.py?station=KMDW&year=2026,202601160639-KLOT-CDUS43-CLIMDW,2026-07-25T16:33:41Z
KMDW,2026-01-16,37,22,410 PM,iem_cli,https://mesonet.agron.iastate.edu/json/cli.py?station=KMDW&year=2026,202601170636-KLOT-CDUS43-CLIMDW,2026-07-25T16:33:41Z
KMDW,2026-01-17,26,13,1219 AM,iem_cli,https://mesonet.agron.iastate.edu/json/cli.py?station=KMDW&year=2026,202601180659-KLOT-CDUS43-CLIMDW,2026-07-25T16:33:41Z
KMDW,2026-01-18,19,8,1159 PM,iem_cli,https://mesonet.agron.iastate.edu/json/cli.py?station=KMDW&year=2026,202601191259-KLOT-CDUS43-CLIMDW-CCA,2026-07-25T16:33:41Z
KMDW,2026-01-19,19,0,112 AM,iem_cli,https://mesonet.agron.iastate.edu/json/cli.py?station=KMDW&year=2026,202601200636-KLOT-CDUS43-CLIMDW,2026-07-25T16:33:41Z
KMDW,2026-01-20,24,3,845 PM,iem_cli,https://mesonet.agron.iastate.edu/json/cli.py?station=KMDW&year=2026,202601210634-KLOT-CDUS43-CLIMDW,2026-07-25T16:33:41Z
KMDW,2026-01-21,33,24,953 PM,iem_cli,https://mesonet.agron.iastate.edu/json/cli.py?station=KMDW&year=2026,202601220635-KLOT-CDUS43-CLIMDW,2026-07-25T16:33:41Z
KMDW,2026-01-22,28,8,1207 AM,iem_cli,https://mesonet.agron.iastate.edu/json/cli.py?station=KMDW&year=2026,202601230634-KLOT-CDUS43-CLIMDW,2026-07-25T16:33:41Z
KMDW,2026-01-23,8,-9,1208 AM,iem_cli,https://mesonet.agron.iastate.edu/json/cli.py?station=KMDW&year=2026,202601240644-KLOT-CDUS43-CLIMDW,2026-07-25T16:33:41Z
KMDW,2026-01-24,9,-7,1148 PM,iem_cli,https://mesonet.agron.iastate.edu/json/cli.py?station=KMDW&year=2026,202601250632-KLOT-CDUS43-CLIMDW,2026-07-25T16:33:41Z
KMDW,2026-01-25,19,7,1221 PM,iem_cli,https://mesonet.agron.iastate.edu/json/cli.py?station=KMDW&year=2026,202601260645-KLOT-CDUS43-CLIMDW,2026-07-25T16:33:41Z
KMDW,2026-01-26,9,0,1159 PM,iem_cli,https://mesonet.agron.iastate.edu/json/cli.py?station=KMDW&year=2026,202601270644-KLOT-CDUS43-CLIMDW,2026-07-25T16:33:41Z
KMDW,2026-01-27,14,6,356 PM,iem_cli,https://mesonet.agron.iastate.edu/json/cli.py?station=KMDW&year=2026,202601280637-KLOT-CDUS43-CLIMDW,2026-07-25T16:33:41Z
KMDW,2026-01-28,18,1,354 PM,iem_cli,https://mesonet.agron.iastate.edu/json/cli.py?station=KMDW&year=2026,202601290637-KLOT-CDUS43-CLIMDW,2026-07-25T16:33:41Z
KMDW,2026-01-29,17,2,454 PM,iem_cli,https://mesonet.agron.iastate.edu/json/cli.py?station=KMDW&year=2026,202601300636-KLOT-CDUS43-CLIMDW,2026-07-25T16:33:41Z
KMDW,2026-01-30,21,5,259 PM,iem_cli,https://mesonet.agron.iastate.edu/json/cli.py?station=KMDW&year=2026,202601310632-KLOT-CDUS43-CLIMDW,2026-07-25T16:33:41Z
KMDW,2026-01-31,27,12,257 PM,iem_cli,https://mesonet.agron.iastate.edu/json/cli.py?station=KMDW&year=2026,202602010641-KLOT-CDUS43-CLIMDW,2026-07-25T16:33:41Z
KMDW,2026-02-01,27,11,427 PM,iem_cli,https://mesonet.agron.iastate.edu/json/cli.py?station=KMDW&year=2026,202602020638-KLOT-CDUS43-CLIMDW,2026-07-25T16:33:41Z
KMDW,2026-02-02,28,21,229 PM,iem_cli,https://mesonet.agron.iastate.edu/json/cli.py?station=KMDW&year=2026,202602030638-KLOT-CDUS43-CLIMDW,2026-07-25T16:33:41Z
KMDW,2026-02-03,30,18,217 PM,iem_cli,https://mesonet.agron.iastate.edu/json/cli.py?station=KMDW&year=2026,202602040640-KLOT-CDUS43-CLIMDW,2026-07-25T16:33:41Z
KMDW,2026-02-04,27,18,335 PM,iem_cli,https://mesonet.agron.iastate.edu/json/cli.py?station=KMDW&year=2026,202602050637-KLOT-CDUS43-CLIMDW,2026-07-25T16:33:41Z
KMDW,2026-02-05,30,16,315 PM,iem_cli,https://mesonet.agron.iastate.edu/json/cli.py?station=KMDW&year=2026,202602060638-KLOT-CDUS43-CLIMDW,2026-07-25T16:33:41Z
KMDW,2026-02-06,38,22,419 PM,iem_cli,https://mesonet.agron.iastate.edu/json/cli.py?station=KMDW&year=2026,202602070646-KLOT-CDUS43-CLIMDW,2026-07-25T16:33:41Z
KMDW,2026-02-07,25,13,313 PM,iem_cli,https://mesonet.agron.iastate.edu/json/cli.py?station=KMDW&year=2026,202602080634-KLOT-CDUS43-CLIMDW,2026-07-25T16:33:41Z
KMDW,2026-02-08,30,20,311 PM,iem_cli,https://mesonet.agron.iastate.edu/json/cli.py?station=KMDW&year=2026,202602090632-KLOT-CDUS43-CLIMDW,2026-07-25T16:33:41Z
KMDW,2026-02-09,38,22,737 PM,iem_cli,https://mesonet.agron.iastate.edu/json/cli.py?station=KMDW&year=2026,202602100635-KLOT-CDUS43-CLIMDW,2026-07-25T16:33:41Z
KMDW,2026-02-10,49,32,250 PM,iem_cli,https://mesonet.agron.iastate.edu/json/cli.py?station=KMDW&year=2026,202602110635-KLOT-CDUS43-CLIMDW,2026-07-25T16:33:41Z
KMDW,2026-02-11,43,26,331 PM,iem_cli,https://mesonet.agron.iastate.edu/json/cli.py?station=KMDW&year=2026,202602120638-KLOT-CDUS43-CLIMDW,2026-07-25T16:33:41Z
KMDW,2026-02-12,39,27,327 PM,iem_cli,https://mesonet.agron.iastate.edu/json/cli.py?station=KMDW&year=2026,202602130643-KLOT-CDUS43-CLIMDW,2026-07-25T16:33:41Z
KMDW,2026-02-13,54,26,356 PM,iem_cli,https://mesonet.agron.iastate.edu/json/cli.py?station=KMDW&year=2026,202602140633-KLOT-CDUS43-CLIMDW,2026-07-25T16:33:41Z
KMDW,2026-02-14,49,31,415 PM,iem_cli,https://mesonet.agron.iastate.edu/json/cli.py?station=KMDW&year=2026,202602150636-KLOT-CDUS43-CLIMDW,2026-07-25T16:33:41Z
KMDW,2026-02-15,60,31,353 PM,iem_cli,https://mesonet.agron.iastate.edu/json/cli.py?station=KMDW&year=2026,202602160632-KLOT-CDUS43-CLIMDW,2026-07-25T16:33:41Z
KMDW,2026-02-16,65,35,431 PM,iem_cli,https://mesonet.agron.iastate.edu/json/cli.py?station=KMDW&year=2026,202602170632-KLOT-CDUS43-CLIMDW,2026-07-25T16:33:41Z
KMDW,2026-02-17,57,42,336 PM,iem_cli,https://mesonet.agron.iastate.edu/json/cli.py?station=KMDW&year=2026,202602180634-KLOT-CDUS43-CLIMDW,2026-07-25T16:33:41Z
KMDW,2026-02-18,64,45,136 PM,iem_cli,https://mesonet.agron.iastate.edu/json/cli.py?station=KMDW&year=2026,202602190633-KLOT-CDUS43-CLIMDW,2026-07-25T16:33:41Z
KMDW,2026-02-19,58,39,1213 PM,iem_cli,https://mesonet.agron.iastate.edu/json/cli.py?station=KMDW&year=2026,202602200648-KLOT-CDUS43-CLIMDW,2026-07-25T16:33:41Z
KMDW,2026-02-20,47,27,244 AM,iem_cli,https://mesonet.agron.iastate.edu/json/cli.py?station=KMDW&year=2026,202602210637-KLOT-CDUS43-CLIMDW,2026-07-25T16:33:41Z
KMDW,2026-02-21,29,24,453 PM,iem_cli,https://mesonet.agron.iastate.edu/json/cli.py?station=KMDW&year=2026,202602220642-KLOT-CDUS43-CLIMDW,2026-07-25T16:33:41Z
KMDW,2026-02-22,27,20,349 PM,iem_cli,https://mesonet.agron.iastate.edu/json/cli.py?station=KMDW&year=2026,202602230632-KLOT-CDUS43-CLIMDW,2026-07-25T16:33:41Z
KMDW,2026-02-23,29,20,433 PM,iem_cli,https://mesonet.agron.iastate.edu/json/cli.py?station=KMDW&year=2026,202602240636-KLOT-CDUS43-CLIMDW,2026-07-25T16:33:41Z
KMDW,2026-02-24,40,21,911 PM,iem_cli,https://mesonet.agron.iastate.edu/json/cli.py?station=KMDW&year=2026,202602250710-KLOT-CDUS43-CLIMDW,2026-07-25T16:33:41Z
KMDW,2026-02-25,38,27,203 PM,iem_cli,https://mesonet.agron.iastate.edu/json/cli.py?station=KMDW&year=2026,202602260633-KLOT-CDUS43-CLIMDW,2026-07-25T16:33:41Z
KMDW,2026-02-26,43,23,407 PM,iem_cli,https://mesonet.agron.iastate.edu/json/cli.py?station=KMDW&year=2026,202602270635-KLOT-CDUS43-CLIMDW,2026-07-25T16:33:41Z
KMDW,2026-02-27,65,30,458 PM,iem_cli,https://mesonet.agron.iastate.edu/json/cli.py?station=KMDW&year=2026,202602280636-KLOT-CDUS43-CLIMDW,2026-07-25T16:33:41Z
KMDW,2026-02-28,47,28,1218 AM,iem_cli,https://mesonet.agron.iastate.edu/json/cli.py?station=KMDW&year=2026,202603010638-KLOT-CDUS43-CLIMDW,2026-07-25T16:33:41Z
KMDW,2026-03-01,32,26,354 PM,iem_cli,https://mesonet.agron.iastate.edu/json/cli.py?station=KMDW&year=2026,202603020651-KLOT-CDUS43-CLIMDW,2026-07-25T16:33:41Z
KMDW,2026-03-02,41,25,404 PM,iem_cli,https://mesonet.agron.iastate.edu/json/cli.py?station=KMDW&year=2026,202603030635-KLOT-CDUS43-CLIMDW,2026-07-25T16:33:41Z
KMDW,2026-03-03,43,34,144 PM,iem_cli,https://mesonet.agron.iastate.edu/json/cli.py?station=KMDW&year=2026,202603040643-KLOT-CDUS43-CLIMDW,2026-07-25T16:33:41Z
KMDW,2026-03-04,42,35,1000 AM,iem_cli,https://mesonet.agron.iastate.edu/json/cli.py?station=KMDW&year=2026,202603050728-KLOT-CDUS43-CLIMDW,2026-07-25T16:33:41Z
KMDW,2026-03-05,51,40,418 PM,iem_cli,https://mesonet.agron.iastate.edu/json/cli.py?station=KMDW&year=2026,202603060641-KLOT-CDUS43-CLIMDW,2026-07-25T16:33:41Z
KMDW,2026-03-06,74,43,316 PM,iem_cli,https://mesonet.agron.iastate.edu/json/cli.py?station=KMDW&year=2026,202603070635-KLOT-CDUS43-CLIMDW,2026-07-25T16:33:41Z
KMDW,2026-03-07,64,38,232 AM,iem_cli,https://mesonet.agron.iastate.edu/json/cli.py?station=KMDW&year=2026,202603080634-KLOT-CDUS43-CLIMDW,2026-07-25T16:33:41Z
KMDW,2026-03-08,63,34,404 PM,iem_cli,https://mesonet.agron.iastate.edu/json/cli.py?station=KMDW&year=2026,202603090636-KLOT-CDUS43-CLIMDW,2026-07-25T16:33:41Z
KMDW,2026-03-09,73,47,249 PM,iem_cli,https://mesonet.agron.iastate.edu/json/cli.py?station=KMDW&year=2026,202603100632-KLOT-CDUS43-CLIMDW,2026-07-25T16:33:41Z
KMDW,2026-03-10,63,40,814 AM,iem_cli,https://mesonet.agron.iastate.edu/json/cli.py?station=KMDW&year=2026,202603110643-KLOT-CDUS43-CLIMDW,2026-07-25T16:33:41Z
KMDW,2026-03-11,45,32,148 AM,iem_cli,https://mesonet.agron.iastate.edu/json/cli.py?station=KMDW&year=2026,202603120637-KLOT-CDUS43-CLIMDW,2026-07-25T16:33:41Z
KMDW,2026-03-12,45,29,418 PM,iem_cli,https://mesonet.agron.iastate.edu/json/cli.py?station=KMDW&year=2026,202603130645-KLOT-CDUS43-CLIMDW,2026-07-25T16:33:41Z
KMDW,2026-03-13,48,34,306 PM,iem_cli,https://mesonet.agron.iastate.edu/json/cli.py?station=KMDW&year=2026,202603140647-KLOT-CDUS43-CLIMDW,2026-07-25T16:33:41Z
KMDW,2026-03-14,38,31,1157 PM,iem_cli,https://mesonet.agron.iastate.edu/json/cli.py?station=KMDW&year=2026,202603150638-KLOT-CDUS43-CLIMDW,2026-07-25T16:33:41Z
KMDW,2026-03-15,64,32,401 PM,iem_cli,https://mesonet.agron.iastate.edu/json/cli.py?station=KMDW&year=2026,202603160634-KLOT-CDUS43-CLIMDW,2026-07-25T16:33:41Z
KMDW,2026-03-16,32,19,1230 AM,iem_cli,https://mesonet.agron.iastate.edu/json/cli.py?station=KMDW&year=2026,202603170643-KLOT-CDUS43-CLIMDW,2026-07-25T16:33:41Z
KMDW,2026-03-17,25,15,1130 PM,iem_cli,https://mesonet.agron.iastate.edu/json/cli.py?station=KMDW&year=2026,202603180648-KLOT-CDUS43-CLIMDW,2026-07-25T16:33:41Z
KMDW,2026-03-18,47,23,510 PM,iem_cli,https://mesonet.agron.iastate.edu/json/cli.py?station=KMDW&year=2026,202603190648-KLOT-CDUS43-CLIMDW,2026-07-25T16:33:41Z
KMDW,2026-03-19,60,35,1256 PM,iem_cli,https://mesonet.agron.iastate.edu/json/cli.py?station=KMDW&year=2026,202603200641-KLOT-CDUS43-CLIMDW,2026-07-25T16:33:41Z
KMDW,2026-03-20,72,43,132 PM,iem_cli,https://mesonet.agron.iastate.edu/json/cli.py?station=KMDW&year=2026,202603210727-KLOT-CDUS43-CLIMDW,2026-07-25T16:33:41Z
KMDW,2026-03-21,77,43,516 PM,iem_cli,https://mesonet.agron.iastate.edu/json/cli.py?station=KMDW&year=2026,202603220631-KLOT-CDUS43-CLIMDW,2026-07-25T16:33:41Z
KMDW,2026-03-22,71,32,157 AM,iem_cli,https://mesonet.agron.iastate.edu/json/cli.py?station=KMDW&year=2026,202603230641-KLOT-CDUS43-CLIMDW,2026-07-25T16:33:41Z
KMDW,2026-03-23,41,31,1259 PM,iem_cli,https://mesonet.agron.iastate.edu/json/cli.py?station=KMDW&year=2026,202603240638-KLOT-CDUS43-CLIMDW,2026-07-25T16:33:41Z
KMDW,2026-03-24,53,31,428 PM,iem_cli,https://mesonet.agron.iastate.edu/json/cli.py?station=KMDW&year=2026,202603250635-KLOT-CDUS43-CLIMDW,2026-07-25T16:33:41Z
KMDW,2026-03-25,72,43,425 PM,iem_cli,https://mesonet.agron.iastate.edu/json/cli.py?station=KMDW&year=2026,202603260637-KLOT-CDUS43-CLIMDW,2026-07-25T16:33:41Z
KMDW,2026-03-26,73,33,1023 AM,iem_cli,https://mesonet.agron.iastate.edu/json/cli.py?station=KMDW&year=2026,202603270634-KLOT-CDUS43-CLIMDW,2026-07-25T16:33:41Z
KMDW,2026-03-27,44,32,122 PM,iem_cli,https://mesonet.agron.iastate.edu/json/cli.py?station=KMDW&year=2026,202603280633-KLOT-CDUS43-CLIMDW,2026-07-25T16:33:41Z
KMDW,2026-03-28,48,28,648 PM,iem_cli,https://mesonet.agron.iastate.edu/json/cli.py?station=KMDW&year=2026,202603290640-KLOT-CDUS43-CLIMDW,2026-07-25T16:33:41Z
KMDW,2026-03-29,63,41,447 PM,iem_cli,https://mesonet.agron.iastate.edu/json/cli.py?station=KMDW&year=2026,202603301214-KLOT-CDUS43-CLIMDW,2026-07-25T16:33:41Z
KMDW,2026-03-30,81,52,445 PM,iem_cli,https://mesonet.agron.iastate.edu/json/cli.py?station=KMDW&year=2026,202603310641-KLOT-CDUS43-CLIMDW,2026-07-25T16:33:41Z
KMDW,2026-03-31,69,41,149 PM,iem_cli,https://mesonet.agron.iastate.edu/json/cli.py?station=KMDW&year=2026,202604010636-KLOT-CDUS43-CLIMDW,2026-07-25T16:33:41Z
KMDW,2026-04-01,42,37,919 PM,iem_cli,https://mesonet.agron.iastate.edu/json/cli.py?station=KMDW&year=2026,202604020640-KLOT-CDUS43-CLIMDW,2026-07-25T16:33:41Z
KMDW,2026-04-02,71,39,259 PM,iem_cli,https://mesonet.agron.iastate.edu/json/cli.py?station=KMDW&year=2026,202604030634-KLOT-CDUS43-CLIMDW,2026-07-25T16:33:41Z
KMDW,2026-04-03,63,40,1218 AM,iem_cli,https://mesonet.agron.iastate.edu/json/cli.py?station=KMDW&year=2026,202604040633-KLOT-CDUS43-CLIMDW,2026-07-25T16:33:41Z
KMDW,2026-04-04,60,41,851 AM,iem_cli,https://mesonet.agron.iastate.edu/json/cli.py?station=KMDW&year=2026,202604050636-KLOT-CDUS43-CLIMDW,2026-07-25T16:33:41Z
KMDW,2026-04-05,53,38,410 PM,iem_cli,https://mesonet.agron.iastate.edu/json/cli.py?station=KMDW&year=2026,202604060635-KLOT-CDUS43-CLIMDW,2026-07-25T16:33:41Z
KMDW,2026-04-06,52,34,408 PM,iem_cli,https://mesonet.agron.iastate.edu/json/cli.py?station=KMDW&year=2026,202604070633-KLOT-CDUS43-CLIMDW,2026-07-25T16:33:41Z
KMDW,2026-04-07,38,30,1155 PM,iem_cli,https://mesonet.agron.iastate.edu/json/cli.py?station=KMDW&year=2026,202604080632-KLOT-CDUS43-CLIMDW,2026-07-25T16:33:41Z
KMDW,2026-04-08,71,37,512 PM,iem_cli,https://mesonet.agron.iastate.edu/json/cli.py?station=KMDW&year=2026,202604090632-KLOT-CDUS43-CLIMDW,2026-07-25T16:33:41Z
KMDW,2026-04-09,71,50,223 PM,iem_cli,https://mesonet.agron.iastate.edu/json/cli.py?station=KMDW&year=2026,202604100636-KLOT-CDUS43-CLIMDW,2026-07-25T16:33:41Z
KMDW,2026-04-10,53,40,505 PM,iem_cli,https://mesonet.agron.iastate.edu/json/cli.py?station=KMDW&year=2026,202604110652-KLOT-CDUS43-CLIMDW,2026-07-25T16:33:41Z
KMDW,2026-04-11,58,37,1159 PM,iem_cli,https://mesonet.agron.iastate.edu/json/cli.py?station=KMDW&year=2026,202604120645-KLOT-CDUS43-CLIMDW,2026-07-25T16:33:41Z
KMDW,2026-04-12,81,57,248 PM,iem_cli,https://mesonet.agron.iastate.edu/json/cli.py?station=KMDW&year=2026,202604130633-KLOT-CDUS43-CLIMDW,2026-07-25T16:33:41Z
KMDW,2026-04-13,79,63,403 PM,iem_cli,https://mesonet.agron.iastate.edu/json/cli.py?station=KMDW&year=2026,202604140633-KLOT-CDUS43-CLIMDW,2026-07-25T16:33:41Z
KMDW,2026-04-14,82,57,301 PM,iem_cli,https://mesonet.agron.iastate.edu/json/cli.py?station=KMDW&year=2026,202604150644-KLOT-CDUS43-CLIMDW,2026-07-25T16:33:41Z
KMDW,2026-04-15,73,61,614 PM,iem_cli,https://mesonet.agron.iastate.edu/json/cli.py?station=KMDW&year=2026,202604160633-KLOT-CDUS43-CLIMDW,2026-07-25T16:33:41Z
KMDW,2026-04-16,74,50,310 PM,iem_cli,https://mesonet.agron.iastate.edu/json/cli.py?station=KMDW&year=2026,202604170731-KLOT-CDUS43-CLIMDW,2026-07-25T16:33:41Z
KMDW,2026-04-17,82,48,332 PM,iem_cli,https://mesonet.agron.iastate.edu/json/cli.py?station=KMDW&year=2026,202604180644-KLOT-CDUS43-CLIMDW,2026-07-25T16:33:41Z
KMDW,2026-04-18,63,40,1209 AM,iem_cli,https://mesonet.agron.iastate.edu/json/cli.py?station=KMDW&year=2026,202604190635-KLOT-CDUS43-CLIMDW,2026-07-25T16:33:41Z
KMDW,2026-04-19,51,37,1227 PM,iem_cli,https://mesonet.agron.iastate.edu/json/cli.py?station=KMDW&year=2026,202604200642-KLOT-CDUS43-CLIMDW,2026-07-25T16:33:41Z
KMDW,2026-04-20,57,35,359 PM,iem_cli,https://mesonet.agron.iastate.edu/json/cli.py?station=KMDW&year=2026,202604210633-KLOT-CDUS43-CLIMDW,2026-07-25T16:33:41Z
KMDW,2026-04-21,76,50,539 PM,iem_cli,https://mesonet.agron.iastate.edu/json/cli.py?station=KMDW&year=2026,202604220633-KLOT-CDUS43-CLIMDW,2026-07-25T16:33:41Z
KMDW,2026-04-22,68,49,212 PM,iem_cli,https://mesonet.agron.iastate.edu/json/cli.py?station=KMDW&year=2026,202604230648-KLOT-CDUS43-CLIMDW,2026-07-25T16:33:41Z
KMDW,2026-04-23,82,51,354 PM,iem_cli,https://mesonet.agron.iastate.edu/json/cli.py?station=KMDW&year=2026,202604240634-KLOT-CDUS43-CLIMDW,2026-07-25T16:33:41Z
KMDW,2026-04-24,71,50,1142 AM,iem_cli,https://mesonet.agron.iastate.edu/json/cli.py?station=KMDW&year=2026,202604250632-KLOT-CDUS43-CLIMDW,2026-07-25T16:33:41Z
KMDW,2026-04-25,56,45,950 AM,iem_cli,https://mesonet.agron.iastate.edu/json/cli.py?station=KMDW&year=2026,202604260633-KLOT-CDUS43-CLIMDW,2026-07-25T16:33:41Z
KMDW,2026-04-26,60,44,516 PM,iem_cli,https://mesonet.agron.iastate.edu/json/cli.py?station=KMDW&year=2026,202604270634-KLOT-CDUS43-CLIMDW,2026-07-25T16:33:41Z
KMDW,2026-04-27,68,51,456 PM,iem_cli,https://mesonet.agron.iastate.edu/json/cli.py?station=KMDW&year=2026,202604280634-KLOT-CDUS43-CLIMDW,2026-07-25T16:33:41Z
KMDW,2026-04-28,64,50,402 PM,iem_cli,https://mesonet.agron.iastate.edu/json/cli.py?station=KMDW&year=2026,202604290634-KLOT-CDUS43-CLIMDW,2026-07-25T16:33:41Z
KMDW,2026-04-29,57,39,218 AM,iem_cli,https://mesonet.agron.iastate.edu/json/cli.py?station=KMDW&year=2026,202604300634-KLOT-CDUS43-CLIMDW,2026-07-25T16:33:41Z
KMDW,2026-04-30,56,38,1052 AM,iem_cli,https://mesonet.agron.iastate.edu/json/cli.py?station=KMDW&year=2026,202605010640-KLOT-CDUS43-CLIMDW,2026-07-25T16:33:41Z
KMDW,2026-05-01,50,36,1033 AM,iem_cli,https://mesonet.agron.iastate.edu/json/cli.py?station=KMDW&year=2026,202605020635-KLOT-CDUS43-CLIMDW,2026-07-25T16:33:41Z
KMDW,2026-05-02,56,32,442 PM,iem_cli,https://mesonet.agron.iastate.edu/json/cli.py?station=KMDW&year=2026,202605030635-KLOT-CDUS43-CLIMDW,2026-07-25T16:33:41Z
KMDW,2026-05-03,67,45,611 PM,iem_cli,https://mesonet.agron.iastate.edu/json/cli.py?station=KMDW&year=2026,202605040638-KLOT-CDUS43-CLIMDW,2026-07-25T16:33:41Z
KMDW,2026-05-04,81,49,303 PM,iem_cli,https://mesonet.agron.iastate.edu/json/cli.py?station=KMDW&year=2026,202605050641-KLOT-CDUS43-CLIMDW,2026-07-25T16:33:41Z
KMDW,2026-05-05,60,46,123 AM,iem_cli,https://mesonet.agron.iastate.edu/json/cli.py?station=KMDW&year=2026,202605060638-KLOT-CDUS43-CLIMDW,2026-07-25T16:33:41Z
KMDW,2026-05-06,58,42,355 PM,iem_cli,https://mesonet.agron.iastate.edu/json/cli.py?station=KMDW&year=2026,202605070643-KLOT-CDUS43-CLIMDW,2026-07-25T16:33:41Z
KMDW,2026-05-07,61,36,328 PM,iem_cli,https://mesonet.agron.iastate.edu/json/cli.py?station=KMDW&year=2026,202605080632-KLOT-CDUS43-CLIMDW,2026-07-25T16:33:41Z
KMDW,2026-05-08,65,43,135 PM,iem_cli,https://mesonet.agron.iastate.edu/json/cli.py?station=KMDW&year=2026,202605090632-KLOT-CDUS43-CLIMDW,2026-07-25T16:33:41Z
KMDW,2026-05-09,76,49,313 PM,iem_cli,https://mesonet.agron.iastate.edu/json/cli.py?station=KMDW&year=2026,202605100633-KLOT-CDUS43-CLIMDW,2026-07-25T16:33:41Z
KMDW,2026-05-10,62,45,429 PM,iem_cli,https://mesonet.agron.iastate.edu/json/cli.py?station=KMDW&year=2026,202605110633-KLOT-CDUS43-CLIMDW,2026-07-25T16:33:41Z
KMDW,2026-05-11,56,44,112 PM,iem_cli,https://mesonet.agron.iastate.edu/json/cli.py?station=KMDW&year=2026,202605120632-KLOT-CDUS43-CLIMDW,2026-07-25T16:33:41Z
KMDW,2026-05-12,74,44,138 PM,iem_cli,https://mesonet.agron.iastate.edu/json/cli.py?station=KMDW&year=2026,202605130635-KLOT-CDUS43-CLIMDW,2026-07-25T16:33:41Z
KMDW,2026-05-13,59,44,1213 AM,iem_cli,https://mesonet.agron.iastate.edu/json/cli.py?station=KMDW&year=2026,202605140633-KLOT-CDUS43-CLIMDW,2026-07-25T16:33:41Z
KMDW,2026-05-14,65,42,324 PM,iem_cli,https://mesonet.agron.iastate.edu/json/cli.py?station=KMDW&year=2026,202605150633-KLOT-CDUS43-CLIMDW,2026-07-25T16:33:41Z
KMDW,2026-05-15,76,55,410 PM,iem_cli,https://mesonet.agron.iastate.edu/json/cli.py?station=KMDW&year=2026,202605160635-KLOT-CDUS43-CLIMDW,2026-07-25T16:33:41Z
KMDW,2026-05-16,83,63,210 PM,iem_cli,https://mesonet.agron.iastate.edu/json/cli.py?station=KMDW&year=2026,202605170633-KLOT-CDUS43-CLIMDW,2026-07-25T16:33:41Z
KMDW,2026-05-17,87,67,238 PM,iem_cli,https://mesonet.agron.iastate.edu/json/cli.py?station=KMDW&year=2026,202605180655-KLOT-CDUS43-CLIMDW,2026-07-25T16:33:41Z
KMDW,2026-05-18,80,66,201 PM,iem_cli,https://mesonet.agron.iastate.edu/json/cli.py?station=KMDW&year=2026,202605190649-KLOT-CDUS43-CLIMDW,2026-07-25T16:33:41Z
KMDW,2026-05-19,79,61,222 PM,iem_cli,https://mesonet.agron.iastate.edu/json/cli.py?station=KMDW&year=2026,202605200641-KLOT-CDUS43-CLIMDW,2026-07-25T16:33:41Z
KMDW,2026-05-20,61,50,1229 AM,iem_cli,https://mesonet.agron.iastate.edu/json/cli.py?station=KMDW&year=2026,202605210640-KLOT-CDUS43-CLIMDW,2026-07-25T16:33:41Z
KMDW,2026-05-21,61,50,245 PM,iem_cli,https://mesonet.agron.iastate.edu/json/cli.py?station=KMDW&year=2026,202605220639-KLOT-CDUS43-CLIMDW,2026-07-25T16:33:41Z
KMDW,2026-05-22,67,53,201 PM,iem_cli,https://mesonet.agron.iastate.edu/json/cli.py?station=KMDW&year=2026,202605230633-KLOT-CDUS43-CLIMDW,2026-07-25T16:33:41Z
KMDW,2026-05-23,70,55,213 PM,iem_cli,https://mesonet.agron.iastate.edu/json/cli.py?station=KMDW&year=2026,202605240637-KLOT-CDUS43-CLIMDW,2026-07-25T16:33:41Z
KMDW,2026-05-24,74,59,543 PM,iem_cli,https://mesonet.agron.iastate.edu/json/cli.py?station=KMDW&year=2026,202605250634-KLOT-CDUS43-CLIMDW,2026-07-25T16:33:41Z
KMDW,2026-05-25,84,58,335 PM,iem_cli,https://mesonet.agron.iastate.edu/json/cli.py?station=KMDW&year=2026,202605260632-KLOT-CDUS43-CLIMDW,2026-07-25T16:33:41Z
KMDW,2026-05-26,83,62,1230 PM,iem_cli,https://mesonet.agron.iastate.edu/json/cli.py?station=KMDW&year=2026,202605270632-KLOT-CDUS43-CLIMDW,2026-07-25T16:33:41Z
KMDW,2026-05-27,82,61,252 PM,iem_cli,https://mesonet.agron.iastate.edu/json/cli.py?station=KMDW&year=2026,202605280631-KLOT-CDUS43-CLIMDW,2026-07-25T16:33:41Z
KMDW,2026-05-28,72,56,1247 PM,iem_cli,https://mesonet.agron.iastate.edu/json/cli.py?station=KMDW&year=2026,202605290633-KLOT-CDUS43-CLIMDW,2026-07-25T16:33:41Z
KMDW,2026-05-29,84,53,203 PM,iem_cli,https://mesonet.agron.iastate.edu/json/cli.py?station=KMDW&year=2026,202605300633-KLOT-CDUS43-CLIMDW,2026-07-25T16:33:41Z
KMDW,2026-05-30,74,58,159 PM,iem_cli,https://mesonet.agron.iastate.edu/json/cli.py?station=KMDW&year=2026,202605310633-KLOT-CDUS43-CLIMDW,2026-07-25T16:33:41Z
KMDW,2026-05-31,74,57,422 PM,iem_cli,https://mesonet.agron.iastate.edu/json/cli.py?station=KMDW&year=2026,202606010650-KLOT-CDUS43-CLIMDW,2026-07-25T16:33:41Z
KMDW,2026-06-01,71,56,339 PM,iem_cli,https://mesonet.agron.iastate.edu/json/cli.py?station=KMDW&year=2026,202606020644-KLOT-CDUS43-CLIMDW,2026-07-25T16:33:41Z
KMDW,2026-06-02,75,54,251 PM,iem_cli,https://mesonet.agron.iastate.edu/json/cli.py?station=KMDW&year=2026,202606030633-KLOT-CDUS43-CLIMDW,2026-07-25T16:33:41Z
KMDW,2026-06-03,82,53,337 PM,iem_cli,https://mesonet.agron.iastate.edu/json/cli.py?station=KMDW&year=2026,202606040639-KLOT-CDUS43-CLIMDW,2026-07-25T16:33:41Z
KMDW,2026-06-04,87,61,416 PM,iem_cli,https://mesonet.agron.iastate.edu/json/cli.py?station=KMDW&year=2026,202606050633-KLOT-CDUS43-CLIMDW,2026-07-25T16:33:41Z
KMDW,2026-06-05,81,71,634 PM,iem_cli,https://mesonet.agron.iastate.edu/json/cli.py?station=KMDW&year=2026,202606060631-KLOT-CDUS43-CLIMDW,2026-07-25T16:33:41Z
KMDW,2026-06-06,87,71,1212 PM,iem_cli,https://mesonet.agron.iastate.edu/json/cli.py?station=KMDW&year=2026,202606070633-KLOT-CDUS43-CLIMDW,2026-07-25T16:33:41Z
KMDW,2026-06-07,83,67,1148 AM,iem_cli,https://mesonet.agron.iastate.edu/json/cli.py?station=KMDW&year=2026,202606080640-KLOT-CDUS43-CLIMDW,2026-07-25T16:33:41Z
KMDW,2026-06-08,83,66,1258 PM,iem_cli,https://mesonet.agron.iastate.edu/json/cli.py?station=KMDW&year=2026,202606090634-KLOT-CDUS43-CLIMDW,2026-07-25T16:33:41Z
KMDW,2026-06-09,88,71,441 PM,iem_cli,https://mesonet.agron.iastate.edu/json/cli.py?station=KMDW&year=2026,202606100632-KLOT-CDUS43-CLIMDW,2026-07-25T16:33:41Z
KMDW,2026-06-10,91,68,144 PM,iem_cli,https://mesonet.agron.iastate.edu/json/cli.py?station=KMDW&year=2026,202606110642-KLOT-CDUS43-CLIMDW,2026-07-25T16:33:41Z
KMDW,2026-06-11,82,67,1126 AM,iem_cli,https://mesonet.agron.iastate.edu/json/cli.py?station=KMDW&year=2026,202606120637-KLOT-CDUS43-CLIMDW,2026-07-25T16:33:41Z
KMDW,2026-06-12,82,61,325 PM,iem_cli,https://mesonet.agron.iastate.edu/json/cli.py?station=KMDW&year=2026,202606130634-KLOT-CDUS43-CLIMDW,2026-07-25T16:33:41Z
KMDW,2026-06-13,83,64,122 PM,iem_cli,https://mesonet.agron.iastate.edu/json/cli.py?station=KMDW&year=2026,202606140635-KLOT-CDUS43-CLIMDW,2026-07-25T16:33:41Z
KMDW,2026-06-14,71,58,1249 PM,iem_cli,https://mesonet.agron.iastate.edu/json/cli.py?station=KMDW&year=2026,202606150634-KLOT-CDUS43-CLIMDW,2026-07-25T16:33:41Z
KMDW,2026-06-15,76,52,431 PM,iem_cli,https://mesonet.agron.iastate.edu/json/cli.py?station=KMDW&year=2026,202606160634-KLOT-CDUS43-CLIMDW,2026-07-25T16:33:41Z
KMDW,2026-06-16,77,61,225 PM,iem_cli,https://mesonet.agron.iastate.edu/json/cli.py?station=KMDW&year=2026,202606170634-KLOT-CDUS43-CLIMDW,2026-07-25T16:33:41Z
KMDW,2026-06-17,71,56,1129 PM,iem_cli,https://mesonet.agron.iastate.edu/json/cli.py?station=KMDW&year=2026,202606180631-KLOT-CDUS43-CLIMDW,2026-07-25T16:33:41Z
KMDW,2026-06-18,73,62,537 PM,iem_cli,https://mesonet.agron.iastate.edu/json/cli.py?station=KMDW&year=2026,202606190637-KLOT-CDUS43-CLIMDW,2026-07-25T16:33:41Z
KMDW,2026-06-19,77,58,443 PM,iem_cli,https://mesonet.agron.iastate.edu/json/cli.py?station=KMDW&year=2026,202606200632-KLOT-CDUS43-CLIMDW,2026-07-25T16:33:41Z
KMDW,2026-06-20,77,61,441 PM,iem_cli,https://mesonet.agron.iastate.edu/json/cli.py?station=KMDW&year=2026,202606210634-KLOT-CDUS43-CLIMDW,2026-07-25T16:33:41Z
KMDW,2026-06-21,72,58,1028 AM,iem_cli,https://mesonet.agron.iastate.edu/json/cli.py?station=KMDW&year=2026,202606220636-KLOT-CDUS43-CLIMDW-RRA,2026-07-25T16:33:41Z
KMDW,2026-06-22,73,58,400 PM,iem_cli,https://mesonet.agron.iastate.edu/json/cli.py?station=KMDW&year=2026,202606230650-KLOT-CDUS43-CLIMDW,2026-07-25T16:33:41Z
KMDW,2026-06-23,73,56,314 PM,iem_cli,https://mesonet.agron.iastate.edu/json/cli.py?station=KMDW&year=2026,202606240638-KLOT-CDUS43-CLIMDW,2026-07-25T16:33:41Z
KMDW,2026-06-24,74,61,623 PM,iem_cli,https://mesonet.agron.iastate.edu/json/cli.py?station=KMDW&year=2026,202606250648-KLOT-CDUS43-CLIMDW,2026-07-25T16:33:41Z
KMDW,2026-06-25,80,62,348 PM,iem_cli,https://mesonet.agron.iastate.edu/json/cli.py?station=KMDW&year=2026,202606260637-KLOT-CDUS43-CLIMDW,2026-07-25T16:33:41Z
KMDW,2026-06-26,67,62,1234 PM,iem_cli,https://mesonet.agron.iastate.edu/json/cli.py?station=KMDW&year=2026,202606270633-KLOT-CDUS43-CLIMDW,2026-07-25T16:33:41Z
KMDW,2026-06-27,78,63,337 PM,iem_cli,https://mesonet.agron.iastate.edu/json/cli.py?station=KMDW&year=2026,202606280633-KLOT-CDUS43-CLIMDW,2026-07-25T16:33:41Z
KMDW,2026-06-28,82,65,714 PM,iem_cli,https://mesonet.agron.iastate.edu/json/cli.py?station=KMDW&year=2026,202606290638-KLOT-CDUS43-CLIMDW,2026-07-25T16:33:41Z
KMDW,2026-06-29,93,77,332 PM,iem_cli,https://mesonet.agron.iastate.edu/json/cli.py?station=KMDW&year=2026,202606300634-KLOT-CDUS43-CLIMDW,2026-07-25T16:33:41Z
KMDW,2026-06-30,94,78,423 PM,iem_cli,https://mesonet.agron.iastate.edu/json/cli.py?station=KMDW&year=2026,202607010634-KLOT-CDUS43-CLIMDW,2026-07-25T16:33:41Z
KMDW,2026-07-01,94,78,324 PM,iem_cli,https://mesonet.agron.iastate.edu/json/cli.py?station=KMDW&year=2026,202607020632-KLOT-CDUS43-CLIMDW,2026-07-25T16:33:41Z
KMDW,2026-07-02,95,72,225 PM,iem_cli,https://mesonet.agron.iastate.edu/json/cli.py?station=KMDW&year=2026,202607030636-KLOT-CDUS43-CLIMDW,2026-07-25T16:33:41Z
KMDW,2026-07-03,91,70,1206 PM,iem_cli,https://mesonet.agron.iastate.edu/json/cli.py?station=KMDW&year=2026,202607040650-KLOT-CDUS43-CLIMDW,2026-07-25T16:33:41Z
KMDW,2026-07-04,85,69,123 PM,iem_cli,https://mesonet.agron.iastate.edu/json/cli.py?station=KMDW&year=2026,202607050645-KLOT-CDUS43-CLIMDW,2026-07-25T16:33:41Z
KMDW,2026-07-05,77,67,1238 PM,iem_cli,https://mesonet.agron.iastate.edu/json/cli.py?station=KMDW&year=2026,202607060638-KLOT-CDUS43-CLIMDW,2026-07-25T16:33:41Z
KMDW,2026-07-06,80,70,442 PM,iem_cli,https://mesonet.agron.iastate.edu/json/cli.py?station=KMDW&year=2026,202607070633-KLOT-CDUS43-CLIMDW,2026-07-25T16:33:41Z
KMDW,2026-07-07,84,66,440 PM,iem_cli,https://mesonet.agron.iastate.edu/json/cli.py?station=KMDW&year=2026,202607080636-KLOT-CDUS43-CLIMDW,2026-07-25T16:33:41Z
KMDW,2026-07-08,89,67,256 PM,iem_cli,https://mesonet.agron.iastate.edu/json/cli.py?station=KMDW&year=2026,202607090634-KLOT-CDUS43-CLIMDW,2026-07-25T16:33:41Z
KMDW,2026-07-09,87,74,450 PM,iem_cli,https://mesonet.agron.iastate.edu/json/cli.py?station=KMDW&year=2026,202607100644-KLOT-CDUS43-CLIMDW,2026-07-25T16:33:41Z
KMDW,2026-07-10,82,71,152 PM,iem_cli,https://mesonet.agron.iastate.edu/json/cli.py?station=KMDW&year=2026,202607110632-KLOT-CDUS43-CLIMDW,2026-07-25T16:33:41Z
KMDW,2026-07-11,83,70,1107 AM,iem_cli,https://mesonet.agron.iastate.edu/json/cli.py?station=KMDW&year=2026,202607120634-KLOT-CDUS43-CLIMDW,2026-07-25T16:33:41Z
KMDW,2026-07-12,86,70,110 PM,iem_cli,https://mesonet.agron.iastate.edu/json/cli.py?station=KMDW&year=2026,202607130638-KLOT-CDUS43-CLIMDW,2026-07-25T16:33:41Z
KMDW,2026-07-13,92,69,426 PM,iem_cli,https://mesonet.agron.iastate.edu/json/cli.py?station=KMDW&year=2026,202607140636-KLOT-CDUS43-CLIMDW,2026-07-25T16:33:41Z
KMDW,2026-07-14,96,73,342 PM,iem_cli,https://mesonet.agron.iastate.edu/json/cli.py?station=KMDW&year=2026,202607150631-KLOT-CDUS43-CLIMDW,2026-07-25T16:33:41Z
KMDW,2026-07-15,95,76,238 PM,iem_cli,https://mesonet.agron.iastate.edu/json/cli.py?station=KMDW&year=2026,202607160631-KLOT-CDUS43-CLIMDW,2026-07-25T16:33:41Z
KMDW,2026-07-16,91,78,1225 PM,iem_cli,https://mesonet.agron.iastate.edu/json/cli.py?station=KMDW&year=2026,202607170634-KLOT-CDUS43-CLIMDW,2026-07-25T16:33:41Z
KMDW,2026-07-17,94,77,119 PM,iem_cli,https://mesonet.agron.iastate.edu/json/cli.py?station=KMDW&year=2026,202607180641-KLOT-CDUS43-CLIMDW,2026-07-25T16:33:41Z
KMDW,2026-07-18,91,71,319 PM,iem_cli,https://mesonet.agron.iastate.edu/json/cli.py?station=KMDW&year=2026,202607190631-KLOT-CDUS43-CLIMDW,2026-07-25T16:33:41Z
KMDW,2026-07-19,79,70,319 PM,iem_cli,https://mesonet.agron.iastate.edu/json/cli.py?station=KMDW&year=2026,202607200639-KLOT-CDUS43-CLIMDW,2026-07-25T16:33:41Z
KMDW,2026-07-20,82,67,429 PM,iem_cli,https://mesonet.agron.iastate.edu/json/cli.py?station=KMDW&year=2026,202607210635-KLOT-CDUS43-CLIMDW,2026-07-25T16:33:41Z
KMDW,2026-07-21,86,67,354 PM,iem_cli,https://mesonet.agron.iastate.edu/json/cli.py?station=KMDW&year=2026,202607220641-KLOT-CDUS43-CLIMDW,2026-07-25T16:33:41Z
KMDW,2026-07-22,73,62,356 PM,iem_cli,https://mesonet.agron.iastate.edu/json/cli.py?station=KMDW&year=2026,202607230646-KLOT-CDUS43-CLIMDW,2026-07-25T16:33:41Z
KMDW,2026-07-23,77,58,121 PM,iem_cli,https://mesonet.agron.iastate.edu/json/cli.py?station=KMDW&year=2026,202607240634-KLOT-CDUS43-CLIMDW,2026-07-25T16:33:41Z
KMDW,2026-07-24,79,64,452 PM,iem_cli,https://mesonet.agron.iastate.edu/json/cli.py?station=KMDW&year=2026,202607250633-KLOT-CDUS43-CLIMDW,2026-07-25T16:33:41Z
KMDW,2026-07-25,79,64,235 PM,iem_cli,https://mesonet.agron.iastate.edu/json/cli.py?station=KMDW&year=2026,202607260637-KLOT-CDUS43-CLIMDW,2026-09-02T21:26:12Z
KMDW,2026-07-26,91,71,436 PM,iem_cli,https://mesonet.agron.iastate.edu/json/cli.py?station=KMDW&year=2026,202607270634-KLOT-CDUS43-CLIMDW,2026-09-02T21:26:12Z
KMDW,2026-07-27,88,68,956 AM,iem_cli,https://mesonet.agron.iastate.edu/json/cli.py?station=KMDW&year=2026,202607280714-KLOT-CDUS43-CLIMDW,2026-09-02T21:26:12Z
KMDW,2026-07-28,79,68,304 PM,iem_cli,https://mesonet.agron.iastate.edu/json/cli.py?station=KMDW&year=2026,202607290637-KLOT-CDUS43-CLIMDW,2026-09-02T21:26:12Z
KMDW,2026-07-29,80,64,259 PM,iem_cli,https://mesonet.agron.iastate.edu/json/cli.py?station=KMDW&year=2026,202607300633-KLOT-CDUS43-CLIMDW,2026-09-02T21:26:12Z
KMDW,2026-07-30,86,63,405 PM,iem_cli,https://mesonet.agron.iastate.edu/json/cli.py?station=KMDW&year=2026,202607310635-KLOT-CDUS43-CLIMDW,2026-09-02T21:26:12Z
KMDW,2026-07-31,82,71,1017 AM,iem_cli,https://mesonet.agron.iastate.edu/json/cli.py?station=KMDW&year=2026,202608010638-KLOT-CDUS43-CLIMDW,2026-09-02T21:26:12Z
KMDW,2026-08-01,76,66,1145 AM,iem_cli,https://mesonet.agron.iastate.edu/json/cli.py?station=KMDW&year=2026,202608020634-KLOT-CDUS43-CLIMDW,2026-09-02T21:26:12Z
KMDW,2026-08-02,76,66,433 PM,iem_cli,https://mesonet.agron.iastate.edu/json/cli.py?station=KMDW&year=2026,202608030635-KLOT-CDUS43-CLIMDW,2026-09-02T21:26:12Z
KMDW,2026-08-03,82,63,201 PM,iem_cli,https://mesonet.agron.iastate.edu/json/cli.py?station=KMDW&year=2026,202608040633-KLOT-CDUS43-CLIMDW,2026-09-02T21:26:12Z
KMDW,2026-08-04,86,68,326 PM,iem_cli,https://mesonet.agron.iastate.edu/json/cli.py?station=KMDW&year=2026,202608050633-KLOT-CDUS43-CLIMDW,2026-09-02T21:26:12Z
KMDW,2026-08-05,83,70,1114 AM,iem_cli,https://mesonet.agron.iastate.edu/json/cli.py?station=KMDW&year=2026,202608060633-KLOT-CDUS43-CLIMDW,2026-09-02T21:26:12Z
KMDW,2026-08-06,80,69,528 PM,iem_cli,https://mesonet.agron.iastate.edu/json/cli.py?station=KMDW&year=2026,202608070632-KLOT-CDUS43-CLIMDW,2026-09-02T21:26:12Z
KMDW,2026-08-07,86,69,426 PM,iem_cli,https://mesonet.agron.iastate.edu/json/cli.py?station=KMDW&year=2026,202608080633-KLOT-CDUS43-CLIMDW,2026-09-02T21:26:12Z
KMDW,2026-08-08,84,70,217 PM,iem_cli,https://mesonet.agron.iastate.edu/json/cli.py?station=KMDW&year=2026,202608090632-KLOT-CDUS43-CLIMDW,2026-09-02T21:26:12Z
KMDW,2026-08-09,86,67,1148 AM,iem_cli,https://mesonet.agron.iastate.edu/json/cli.py?station=KMDW&year=2026,202608100643-KLOT-CDUS43-CLIMDW,2026-09-02T21:26:12Z
KMDW,2026-08-10,88,73,236 PM,iem_cli,https://mesonet.agron.iastate.edu/json/cli.py?station=KMDW&year=2026,202608110648-KLOT-CDUS43-CLIMDW,2026-09-02T21:26:12Z
KMDW,2026-08-11,80,68,515 PM,iem_cli,https://mesonet.agron.iastate.edu/json/cli.py?station=KMDW&year=2026,202608120706-KLOT-CDUS43-CLIMDW,2026-09-02T21:26:12Z
KMDW,2026-08-12,83,69,449 PM,iem_cli,https://mesonet.agron.iastate.edu/json/cli.py?station=KMDW&year=2026,202608130706-KLOT-CDUS43-CLIMDW,2026-09-02T21:26:12Z
KMDW,2026-08-13,77,70,1258 PM,iem_cli,https://mesonet.agron.iastate.edu/json/cli.py?station=KMDW&year=2026,202608140636-KLOT-CDUS43-CLIMDW,2026-09-02T21:26:12Z
KMDW,2026-08-14,80,71,214 PM,iem_cli,https://mesonet.agron.iastate.edu/json/cli.py?station=KMDW&year=2026,202608150634-KLOT-CDUS43-CLIMDW,2026-09-02T21:26:12Z
KMDW,2026-08-15,81,72,532 PM,iem_cli,https://mesonet.agron.iastate.edu/json/cli.py?station=KMDW&year=2026,202608160636-KLOT-CDUS43-CLIMDW,2026-09-02T21:26:12Z
KMDW,2026-08-16,86,72,246 PM,iem_cli,https://mesonet.agron.iastate.edu/json/cli.py?station=KMDW&year=2026,202608170650-KLOT-CDUS43-CLIMDW-CCA,2026-09-02T21:26:12Z
KMDW,2026-08-17,78,67,456 PM,iem_cli,https://mesonet.agron.iastate.edu/json/cli.py?station=KMDW&year=2026,202608180640-KLOT-CDUS43-CLIMDW,2026-09-02T21:26:12Z
KMDW,2026-08-18,81,66,1129 AM,iem_cli,https://mesonet.agron.iastate.edu/json/cli.py?station=KMDW&year=2026,202608190642-KLOT-CDUS43-CLIMDW,2026-09-02T21:26:12Z
KMDW,2026-08-19,80,66,1255 PM,iem_cli,https://mesonet.agron.iastate.edu/json/cli.py?station=KMDW&year=2026,202608200645-KLOT-CDUS43-CLIMDW,2026-09-02T21:26:12Z
KMDW,2026-08-20,78,65,325 PM,iem_cli,https://mesonet.agron.iastate.edu/json/cli.py?station=KMDW&year=2026,202608210633-KLOT-CDUS43-CLIMDW,2026-09-02T21:26:12Z
KMDW,2026-08-21,80,62,231 PM,iem_cli,https://mesonet.agron.iastate.edu/json/cli.py?station=KMDW&year=2026,202608220633-KLOT-CDUS43-CLIMDW,2026-09-02T21:26:12Z
KMDW,2026-08-22,82,66,250 PM,iem_cli,https://mesonet.agron.iastate.edu/json/cli.py?station=KMDW&year=2026,202608230647-KLOT-CDUS43-CLIMDW,2026-09-02T21:26:12Z
KMDW,2026-08-23,76,61,355 PM,iem_cli,https://mesonet.agron.iastate.edu/json/cli.py?station=KMDW&year=2026,202608240640-KLOT-CDUS43-CLIMDW,2026-09-02T21:26:12Z
KMDW,2026-08-24,79,58,144 PM,iem_cli,https://mesonet.agron.iastate.edu/json/cli.py?station=KMDW&year=2026,202608250645-KLOT-CDUS43-CLIMDW,2026-09-02T21:26:12Z
KMDW,2026-08-25,81,61,242 PM,iem_cli,https://mesonet.agron.iastate.edu/json/cli.py?station=KMDW&year=2026,202608260635-KLOT-CDUS43-CLIMDW,2026-09-02T21:26:12Z
KMDW,2026-08-26,85,69,258 PM,iem_cli,https://mesonet.agron.iastate.edu/json/cli.py?station=KMDW&year=2026,202608270640-KLOT-CDUS43-CLIMDW,2026-09-02T21:26:12Z
KMDW,2026-08-27,81,65,1139 AM,iem_cli,https://mesonet.agron.iastate.edu/json/cli.py?station=KMDW&year=2026,202608280632-KLOT-CDUS43-CLIMDW,2026-09-02T21:26:12Z
KMDW,2026-08-28,84,66,346 PM,iem_cli,https://mesonet.agron.iastate.edu/json/cli.py?station=KMDW&year=2026,202608290635-KLOT-CDUS43-CLIMDW,2026-09-02T21:26:12Z
KMDW,2026-08-29,82,66,131 PM,iem_cli,https://mesonet.agron.iastate.edu/json/cli.py?station=KMDW&year=2026,202608300631-KLOT-CDUS43-CLIMDW,2026-09-02T21:26:12Z
KMDW,2026-08-30,81,69,1223 PM,iem_cli,https://mesonet.agron.iastate.edu/json/cli.py?station=KMDW&year=2026,202608310634-KLOT-CDUS43-CLIMDW,2026-09-02T21:26:12Z
KMDW,2026-08-31,91,72,147 PM,iem_cli,https://mesonet.agron.iastate.edu/json/cli.py?station=KMDW&year=2026,202609010633-KLOT-CDUS43-CLIMDW,2026-09-02T21:26:12Z
KMDW,2026-09-01,94,77,346 PM,iem_cli,https://mesonet.agron.iastate.edu/json/cli.py?station=KMDW&year=2026,202609020632-KLOT-CDUS43-CLIMDW,2026-09-02T21:26:12Z
KMIA,2025-12-26,81,63,401 PM,iem_cli,https://mesonet.agron.iastate.edu/json/cli.py?station=KMIA&year=2025,202512270928-KMFL-CDUS42-CLIMIA,2026-09-02T21:26:14Z
KMIA,2025-12-27,81,62,351 PM,iem_cli,https://mesonet.agron.iastate.edu/json/cli.py?station=KMIA&year=2025,202512280931-KMFL-CDUS42-CLIMIA,2026-09-02T21:26:14Z
KMIA,2025-12-28,82,61,248 PM,iem_cli,https://mesonet.agron.iastate.edu/json/cli.py?station=KMIA&year=2025,202512290933-KMFL-CDUS42-CLIMIA,2026-07-25T16:35:20Z
KMIA,2025-12-29,82,63,353 PM,iem_cli,https://mesonet.agron.iastate.edu/json/cli.py?station=KMIA&year=2025,202512300922-KMFL-CDUS42-CLIMIA,2026-07-25T16:35:20Z
KMIA,2025-12-30,68,56,,iem_cli,https://mesonet.agron.iastate.edu/json/cli.py?station=KMIA&year=2025,202512310923-KMFL-CDUS42-CLIMIA,2026-07-25T16:35:20Z
KMIA,2025-12-31,64,47,334 PM,iem_cli,https://mesonet.agron.iastate.edu/json/cli.py?station=KMIA&year=2025,202601010923-KMFL-CDUS42-CLIMIA,2026-07-25T16:35:20Z
KMIA,2026-01-01,68,46,418 PM,iem_cli,https://mesonet.agron.iastate.edu/json/cli.py?station=KMIA&year=2026,202601020922-KMFL-CDUS42-CLIMIA,2026-07-25T16:35:20Z
KMIA,2026-01-02,72,49,358 PM,iem_cli,https://mesonet.agron.iastate.edu/json/cli.py?station=KMIA&year=2026,202601030923-KMFL-CDUS42-CLIMIA,2026-07-25T16:35:20Z
KMIA,2026-01-03,78,50,328 PM,iem_cli,https://mesonet.agron.iastate.edu/json/cli.py?station=KMIA&year=2026,202601040927-KMFL-CDUS42-CLIMIA,2026-07-25T16:35:20Z
KMIA,2026-01-04,80,61,419 PM,iem_cli,https://mesonet.agron.iastate.edu/json/cli.py?station=KMIA&year=2026,202601050929-KMFL-CDUS42-CLIMIA,2026-07-25T16:35:20Z
KMIA,2026-01-05,80,60,240 PM,iem_cli,https://mesonet.agron.iastate.edu/json/cli.py?station=KMIA&year=2026,202601060925-KMFL-CDUS42-CLIMIA,2026-07-25T16:35:20Z
KMIA,2026-01-06,81,65,203 PM,iem_cli,https://mesonet.agron.iastate.edu/json/cli.py?station=KMIA&year=2026,202601070927-KMFL-CDUS42-CLIMIA,2026-07-25T16:35:20Z
KMIA,2026-01-07,82,63,202 PM,iem_cli,https://mesonet.agron.iastate.edu/json/cli.py?station=KMIA&year=2026,202601080924-KMFL-CDUS42-CLIMIA,2026-07-25T16:35:20Z
KMIA,2026-01-08,83,64,129 PM,iem_cli,https://mesonet.agron.iastate.edu/json/cli.py?station=KMIA&year=2026,202601090922-KMFL-CDUS42-CLIMIA,2026-07-25T16:35:20Z
KMIA,2026-01-09,81,70,316 PM,iem_cli,https://mesonet.agron.iastate.edu/json/cli.py?station=KMIA&year=2026,202601100924-KMFL-CDUS42-CLIMIA,2026-07-25T16:35:20Z
KMIA,2026-01-10,82,72,1245 PM,iem_cli,https://mesonet.agron.iastate.edu/json/cli.py?station=KMIA&year=2026,202601110925-KMFL-CDUS42-CLIMIA,2026-07-25T16:35:20Z
KMIA,2026-01-11,84,,1253 PM,iem_cli,https://mesonet.agron.iastate.edu/json/cli.py?station=KMIA&year=2026,202601120925-KMFL-CDUS42-CLIMIA,2026-07-25T16:35:20Z
KMIA,2026-01-12,77,65,1227 PM,iem_cli,https://mesonet.agron.iastate.edu/json/cli.py?station=KMIA&year=2026,202601130936-KMFL-CDUS42-CLIMIA,2026-07-25T16:35:20Z
KMIA,2026-01-13,73,68,313 PM,iem_cli,https://mesonet.agron.iastate.edu/json/cli.py?station=KMIA&year=2026,202601140927-KMFL-CDUS42-CLIMIA,2026-07-25T16:35:20Z
KMIA,2026-01-14,79,66,355 PM,iem_cli,https://mesonet.agron.iastate.edu/json/cli.py?station=KMIA&year=2026,202601150931-KMFL-CDUS42-CLIMIA,2026-07-25T16:35:20Z
KMIA,2026-01-15,72,50,1106 AM,iem_cli,https://mesonet.agron.iastate.edu/json/cli.py?station=KMIA&year=2026,202601160929-KMFL-CDUS42-CLIMIA,2026-07-25T16:35:20Z
KMIA,2026-01-16,69,44,323 PM,iem_cli,https://mesonet.agron.iastate.edu/json/cli.py?station=KMIA&year=2026,202601170922-KMFL-CDUS42-CLIMIA,2026-07-25T16:35:20Z
KMIA,2026-01-17,78,62,333 PM,iem_cli,https://mesonet.agron.iastate.edu/json/cli.py?station=KMIA&year=2026,202601180928-KMFL-CDUS42-CLIMIA,2026-07-25T16:35:20Z
KMIA,2026-01-18,82,57,1101 AM,iem_cli,https://mesonet.agron.iastate.edu/json/cli.py?station=KMIA&year=2026,202601190924-KMFL-CDUS42-CLIMIA,2026-07-25T16:35:20Z
KMIA,2026-01-19,68,47,239 PM,iem_cli,https://mesonet.agron.iastate.edu/json/cli.py?station=KMIA&year=2026,202601200923-KMFL-CDUS42-CLIMIA,2026-07-25T16:35:20Z
KMIA,2026-01-20,74,56,241 PM,iem_cli,https://mesonet.agron.iastate.edu/json/cli.py?station=KMIA&year=2026,202601210922-KMFL-CDUS42-CLIMIA,2026-07-25T16:35:20Z
KMIA,2026-01-21,71,68,741 PM,iem_cli,https://mesonet.agron.iastate.edu/json/cli.py?station=KMIA&year=2026,202601220925-KMFL-CDUS42-CLIMIA,2026-07-25T16:35:20Z
KMIA,2026-01-22,76,67,207 PM,iem_cli,https://mesonet.agron.iastate.edu/json/cli.py?station=KMIA&year=2026,202601230925-KMFL-CDUS42-CLIMIA,2026-07-25T16:35:20Z
KMIA,2026-01-23,82,68,104 PM,iem_cli,https://mesonet.agron.iastate.edu/json/cli.py?station=KMIA&year=2026,202601240925-KMFL-CDUS42-CLIMIA,2026-07-25T16:35:20Z
KMIA,2026-01-24,83,69,137 PM,iem_cli,https://mesonet.agron.iastate.edu/json/cli.py?station=KMIA&year=2026,202601250924-KMFL-CDUS42-CLIMIA,2026-07-25T16:35:20Z
KMIA,2026-01-25,82,73,327 PM,iem_cli,https://mesonet.agron.iastate.edu/json/cli.py?station=KMIA&year=2026,202601260923-KMFL-CDUS42-CLIMIA,2026-07-25T16:35:20Z
KMIA,2026-01-26,88,56,221 PM,iem_cli,https://mesonet.agron.iastate.edu/json/cli.py?station=KMIA&year=2026,202601270933-KMFL-CDUS42-CLIMIA,2026-07-25T16:35:20Z
KMIA,2026-01-27,67,50,250 PM,iem_cli,https://mesonet.agron.iastate.edu/json/cli.py?station=KMIA&year=2026,202601280923-KMFL-CDUS42-CLIMIA,2026-07-25T16:35:20Z
KMIA,2026-01-28,64,50,230 PM,iem_cli,https://mesonet.agron.iastate.edu/json/cli.py?station=KMIA&year=2026,202601290924-KMFL-CDUS42-CLIMIA,2026-07-25T16:35:20Z
KMIA,2026-01-29,72,50,309 PM,iem_cli,https://mesonet.agron.iastate.edu/json/cli.py?station=KMIA&year=2026,202601300922-KMFL-CDUS42-CLIMIA,2026-07-25T16:35:20Z
KMIA,2026-01-30,69,59,411 PM,iem_cli,https://mesonet.agron.iastate.edu/json/cli.py?station=KMIA&year=2026,202601310922-KMFL-CDUS42-CLIMIA,2026-07-25T16:35:20Z
KMIA,2026-01-31,67,45,935 AM,iem_cli,https://mesonet.agron.iastate.edu/json/cli.py?station=KMIA&year=2026,202602010922-KMFL-CDUS42-CLIMIA,2026-07-25T16:35:20Z
KMIA,2026-02-01,52,35,442 PM,iem_cli,https://mesonet.agron.iastate.edu/json/cli.py?station=KMIA&year=2026,202602020922-KMFL-CDUS42-CLIMIA,2026-07-25T16:35:20Z
KMIA,2026-02-02,58,38,358 PM,iem_cli,https://mesonet.agron.iastate.edu/json/cli.py?station=KMIA&year=2026,202602030922-KMFL-CDUS42-CLIMIA,2026-07-25T16:35:20Z
KMIA,2026-02-03,69,44,203 PM,iem_cli,https://mesonet.agron.iastate.edu/json/cli.py?station=KMIA&year=2026,202602040922-KMFL-CDUS42-CLIMIA,2026-07-25T16:35:20Z
KMIA,2026-02-04,75,54,235 PM,iem_cli,https://mesonet.agron.iastate.edu/json/cli.py?station=KMIA&year=2026,202602050927-KMFL-CDUS42-CLIMIA,2026-07-25T16:35:20Z
KMIA,2026-02-05,74,49,1157 AM,iem_cli,https://mesonet.agron.iastate.edu/json/cli.py?station=KMIA&year=2026,202602060923-KMFL-CDUS42-CLIMIA,2026-07-25T16:35:20Z
KMIA,2026-02-06,66,45,353 PM,iem_cli,https://mesonet.agron.iastate.edu/json/cli.py?station=KMIA&year=2026,202602070923-KMFL-CDUS42-CLIMIA,2026-07-25T16:35:20Z
KMIA,2026-02-07,79,51,427 PM,iem_cli,https://mesonet.agron.iastate.edu/json/cli.py?station=KMIA&year=2026,202602080928-KMFL-CDUS42-CLIMIA,2026-07-25T16:35:20Z
KMIA,2026-02-08,74,54,117 PM,iem_cli,https://mesonet.agron.iastate.edu/json/cli.py?station=KMIA&year=2026,202602090922-KMFL-CDUS42-CLIMIA,2026-07-25T16:35:20Z
KMIA,2026-02-09,75,54,149 PM,iem_cli,https://mesonet.agron.iastate.edu/json/cli.py?station=KMIA&year=2026,202602100926-KMFL-CDUS42-CLIMIA,2026-07-25T16:35:20Z
KMIA,2026-02-10,76,56,207 PM,iem_cli,https://mesonet.agron.iastate.edu/json/cli.py?station=KMIA&year=2026,202602110927-KMFL-CDUS42-CLIMIA,2026-07-25T16:35:20Z
KMIA,2026-02-11,78,59,120 PM,iem_cli,https://mesonet.agron.iastate.edu/json/cli.py?station=KMIA&year=2026,202602120924-KMFL-CDUS42-CLIMIA,2026-07-25T16:35:20Z
KMIA,2026-02-12,81,58,257 PM,iem_cli,https://mesonet.agron.iastate.edu/json/cli.py?station=KMIA&year=2026,202602130928-KMFL-CDUS42-CLIMIA,2026-07-25T16:35:20Z
KMIA,2026-02-13,81,61,326 PM,iem_cli,https://mesonet.agron.iastate.edu/json/cli.py?station=KMIA&year=2026,202602140924-KMFL-CDUS42-CLIMIA,2026-07-25T16:35:20Z
KMIA,2026-02-14,79,62,133 PM,iem_cli,https://mesonet.agron.iastate.edu/json/cli.py?station=KMIA&year=2026,202602150924-KMFL-CDUS42-CLIMIA,2026-07-25T16:35:20Z
KMIA,2026-02-15,81,70,242 PM,iem_cli,https://mesonet.agron.iastate.edu/json/cli.py?station=KMIA&year=2026,202602160932-KMFL-CDUS42-CLIMIA,2026-07-25T16:35:20Z
KMIA,2026-02-16,86,69,304 PM,iem_cli,https://mesonet.agron.iastate.edu/json/cli.py?station=KMIA&year=2026,202602170928-KMFL-CDUS42-CLIMIA,2026-07-25T16:35:20Z
KMIA,2026-02-17,80,65,108 PM,iem_cli,https://mesonet.agron.iastate.edu/json/cli.py?station=KMIA&year=2026,202602180937-KMFL-CDUS42-CLIMIA,2026-07-25T16:35:20Z
KMIA,2026-02-18,80,68,212 PM,iem_cli,https://mesonet.agron.iastate.edu/json/cli.py?station=KMIA&year=2026,202602190928-KMFL-CDUS42-CLIMIA,2026-07-25T16:35:20Z
KMIA,2026-02-19,82,63,228 PM,iem_cli,https://mesonet.agron.iastate.edu/json/cli.py?station=KMIA&year=2026,202602200923-KMFL-CDUS42-CLIMIA,2026-07-25T16:35:20Z
KMIA,2026-02-20,83,65,216 PM,iem_cli,https://mesonet.agron.iastate.edu/json/cli.py?station=KMIA&year=2026,202602210923-KMFL-CDUS42-CLIMIA,2026-07-25T16:35:20Z
KMIA,2026-02-21,84,67,251 PM,iem_cli,https://mesonet.agron.iastate.edu/json/cli.py?station=KMIA&year=2026,202602212123-KMFL-CDUS42-CLIMIA,2026-07-25T16:35:20Z
KMIA,2026-02-22,88,62,242 PM,iem_cli,https://mesonet.agron.iastate.edu/json/cli.py?station=KMIA&year=2026,202602230924-KMFL-CDUS42-CLIMIA,2026-07-25T16:35:20Z
KMIA,2026-02-23,64,49,455 PM,iem_cli,https://mesonet.agron.iastate.edu/json/cli.py?station=KMIA&year=2026,202602240922-KMFL-CDUS42-CLIMIA,2026-07-25T16:35:20Z
KMIA,2026-02-24,67,43,423 PM,iem_cli,https://mesonet.agron.iastate.edu/json/cli.py?station=KMIA&year=2026,202602250922-KMFL-CDUS42-CLIMIA,2026-07-25T16:35:20Z
KMIA,2026-02-25,72,48,346 PM,iem_cli,https://mesonet.agron.iastate.edu/json/cli.py?station=KMIA&year=2026,202602260924-KMFL-CDUS42-CLIMIA,2026-07-25T16:35:20Z
KMIA,2026-02-26,79,62,100 PM,iem_cli,https://mesonet.agron.iastate.edu/json/cli.py?station=KMIA&year=2026,202602270922-KMFL-CDUS42-CLIMIA,2026-07-25T16:35:20Z
KMIA,2026-02-27,83,70,1251 PM,iem_cli,https://mesonet.agron.iastate.edu/json/cli.py?station=KMIA&year=2026,202602280921-KMFL-CDUS42-CLIMIA,2026-07-25T16:35:20Z
KMIA,2026-02-28,87,67,1148 AM,iem_cli,https://mesonet.agron.iastate.edu/json/cli.py?station=KMIA&year=2026,202603010924-KMFL-CDUS42-CLIMIA,2026-07-25T16:35:20Z
KMIA,2026-03-01,84,68,1141 AM,iem_cli,https://mesonet.agron.iastate.edu/json/cli.py?station=KMIA&year=2026,202603020921-KMFL-CDUS42-CLIMIA,2026-07-25T16:35:20Z
KMIA,2026-03-02,82,71,245 PM,iem_cli,https://mesonet.agron.iastate.edu/json/cli.py?station=KMIA&year=2026,202603030921-KMFL-CDUS42-CLIMIA,2026-07-25T16:35:20Z
KMIA,2026-03-03,83,71,203 PM,iem_cli,https://mesonet.agron.iastate.edu/json/cli.py?station=KMIA&year=2026,202603040921-KMFL-CDUS42-CLIMIA,2026-07-25T16:35:20Z
KMIA,2026-03-04,81,72,331 PM,iem_cli,https://mesonet.agron.iastate.edu/json/cli.py?station=KMIA&year=2026,202603050922-KMFL-CDUS42-CLIMIA,2026-07-25T16:35:20Z
KMIA,2026-03-05,84,74,108 PM,iem_cli,https://mesonet.agron.iastate.edu/json/cli.py?station=KMIA&year=2026,202603060923-KMFL-CDUS42-CLIMIA,2026-07-25T16:35:20Z
KMIA,2026-03-06,84,74,254 PM,iem_cli,https://mesonet.agron.iastate.edu/json/cli.py?station=KMIA&year=2026,202603070922-KMFL-CDUS42-CLIMIA,2026-07-25T16:35:20Z
KMIA,2026-03-07,83,74,258 PM,iem_cli,https://mesonet.agron.iastate.edu/json/cli.py?station=KMIA&year=2026,202603080822-KMFL-CDUS42-CLIMIA,2026-07-25T16:35:20Z
KMIA,2026-03-08,84,73,154 PM,iem_cli,https://mesonet.agron.iastate.edu/json/cli.py?station=KMIA&year=2026,202603090822-KMFL-CDUS42-CLIMIA,2026-07-25T16:35:20Z
KMIA,2026-03-09,85,72,234 PM,iem_cli,https://mesonet.agron.iastate.edu/json/cli.py?station=KMIA&year=2026,202603100822-KMFL-CDUS42-CLIMIA,2026-07-25T16:35:20Z
KMIA,2026-03-10,85,71,207 PM,iem_cli,https://mesonet.agron.iastate.edu/json/cli.py?station=KMIA&year=2026,202603110823-KMFL-CDUS42-CLIMIA,2026-07-25T16:35:20Z
KMIA,2026-03-11,84,74,159 PM,iem_cli,https://mesonet.agron.iastate.edu/json/cli.py?station=KMIA&year=2026,202603120822-KMFL-CDUS42-CLIMIA,2026-07-25T16:35:20Z
KMIA,2026-03-12,87,74,512 PM,iem_cli,https://mesonet.agron.iastate.edu/json/cli.py?station=KMIA&year=2026,202603130830-KMFL-CDUS42-CLIMIA,2026-07-25T16:35:20Z
KMIA,2026-03-13,81,72,1132 AM,iem_cli,https://mesonet.agron.iastate.edu/json/cli.py?station=KMIA&year=2026,202603140823-KMFL-CDUS42-CLIMIA,2026-07-25T16:35:20Z
KMIA,2026-03-14,85,70,208 PM,iem_cli,https://mesonet.agron.iastate.edu/json/cli.py?station=KMIA&year=2026,202603150825-KMFL-CDUS42-CLIMIA,2026-07-25T16:35:20Z
KMIA,2026-03-15,81,70,913 AM,iem_cli,https://mesonet.agron.iastate.edu/json/cli.py?station=KMIA&year=2026,202603160826-KMFL-CDUS42-CLIMIA,2026-07-25T16:35:20Z
KMIA,2026-03-16,87,69,334 PM,iem_cli,https://mesonet.agron.iastate.edu/json/cli.py?station=KMIA&year=2026,202603170823-KMFL-CDUS42-CLIMIA,2026-07-25T16:35:20Z
KMIA,2026-03-17,71,56,110 AM,iem_cli,https://mesonet.agron.iastate.edu/json/cli.py?station=KMIA&year=2026,202603180822-KMFL-CDUS42-CLIMIA,2026-07-25T16:35:20Z
KMIA,2026-03-18,69,56,1136 AM,iem_cli,https://mesonet.agron.iastate.edu/json/cli.py?station=KMIA&year=2026,202603190830-KMFL-CDUS42-CLIMIA,2026-07-25T16:35:20Z
KMIA,2026-03-19,78,62,103 PM,iem_cli,https://mesonet.agron.iastate.edu/json/cli.py?station=KMIA&year=2026,202603200822-KMFL-CDUS42-CLIMIA,2026-07-25T16:35:20Z
KMIA,2026-03-20,78,61,314 PM,iem_cli,https://mesonet.agron.iastate.edu/json/cli.py?station=KMIA&year=2026,202603210825-KMFL-CDUS42-CLIMIA,2026-07-25T16:35:20Z
KMIA,2026-03-21,81,61,204 PM,iem_cli,https://mesonet.agron.iastate.edu/json/cli.py?station=KMIA&year=2026,202603220835-KMFL-CDUS42-CLIMIA,2026-07-25T16:35:20Z
KMIA,2026-03-22,81,59,159 PM,iem_cli,https://mesonet.agron.iastate.edu/json/cli.py?station=KMIA&year=2026,202603230826-KMFL-CDUS42-CLIMIA,2026-07-25T16:35:20Z
KMIA,2026-03-23,82,61,1252 PM,iem_cli,https://mesonet.agron.iastate.edu/json/cli.py?station=KMIA&year=2026,202603240824-KMFL-CDUS42-CLIMIA,2026-07-25T16:35:20Z
KMIA,2026-03-24,85,64,155 PM,iem_cli,https://mesonet.agron.iastate.edu/json/cli.py?station=KMIA&year=2026,202603250822-KMFL-CDUS42-CLIMIA,2026-07-25T16:35:20Z
KMIA,2026-03-25,82,64,124 PM,iem_cli,https://mesonet.agron.iastate.edu/json/cli.py?station=KMIA&year=2026,202603260822-KMFL-CDUS42-CLIMIA,2026-07-25T16:35:20Z
KMIA,2026-03-26,83,67,226 PM,iem_cli,https://mesonet.agron.iastate.edu/json/cli.py?station=KMIA&year=2026,202603270822-KMFL-CDUS42-CLIMIA,2026-07-25T16:35:20Z
KMIA,2026-03-27,84,72,1145 AM,iem_cli,https://mesonet.agron.iastate.edu/json/cli.py?station=KMIA&year=2026,202603280823-KMFL-CDUS42-CLIMIA,2026-07-25T16:35:20Z
KMIA,2026-03-28,85,68,124 PM,iem_cli,https://mesonet.agron.iastate.edu/json/cli.py?station=KMIA&year=2026,202603290824-KMFL-CDUS42-CLIMIA,2026-07-25T16:35:20Z
KMIA,2026-03-29,80,68,128 PM,iem_cli,https://mesonet.agron.iastate.edu/json/cli.py?station=KMIA&year=2026,202603300822-KMFL-CDUS42-CLIMIA,2026-07-25T16:35:20Z
KMIA,2026-03-30,79,69,405 PM,iem_cli,https://mesonet.agron.iastate.edu/json/cli.py?station=KMIA&year=2026,202603310823-KMFL-CDUS42-CLIMIA,2026-07-25T16:35:20Z
KMIA,2026-03-31,82,71,236 PM,iem_cli,https://mesonet.agron.iastate.edu/json/cli.py?station=KMIA&year=2026,202604010822-KMFL-CDUS42-CLIMIA,2026-07-25T16:35:20Z
KMIA,2026-04-01,80,71,346 PM,iem_cli,https://mesonet.agron.iastate.edu/json/cli.py?station=KMIA&year=2026,202604020825-KMFL-CDUS42-CLIMIA,2026-07-25T16:35:20Z
KMIA,2026-04-02,83,72,233 PM,iem_cli,https://mesonet.agron.iastate.edu/json/cli.py?station=KMIA&year=2026,202604030822-KMFL-CDUS42-CLIMIA,2026-07-25T16:35:20Z
KMIA,2026-04-03,84,74,1249 PM,iem_cli,https://mesonet.agron.iastate.edu/json/cli.py?station=KMIA&year=2026,202604040825-KMFL-CDUS42-CLIMIA,2026-07-25T16:35:20Z
KMIA,2026-04-04,83,72,223 PM,iem_cli,https://mesonet.agron.iastate.edu/json/cli.py?station=KMIA&year=2026,202604050827-KMFL-CDUS42-CLIMIA,2026-07-25T16:35:20Z
KMIA,2026-04-05,84,72,107 PM,iem_cli,https://mesonet.agron.iastate.edu/json/cli.py?station=KMIA&year=2026,202604060838-KMFL-CDUS42-CLIMIA,2026-07-25T16:35:20Z
KMIA,2026-04-06,84,72,156 PM,iem_cli,https://mesonet.agron.iastate.edu/json/cli.py?station=KMIA&year=2026,202604070823-KMFL-CDUS42-CLIMIA,2026-07-25T16:35:20Z
KMIA,2026-04-07,84,69,101 PM,iem_cli,https://mesonet.agron.iastate.edu/json/cli.py?station=KMIA&year=2026,202604080827-KMFL-CDUS42-CLIMIA,2026-07-25T16:35:20Z
KMIA,2026-04-08,83,69,,iem_cli,https://mesonet.agron.iastate.edu/json/cli.py?station=KMIA&year=2026,202604090824-KMFL-CDUS42-CLIMIA,2026-07-25T16:35:20Z
KMIA,2026-04-09,79,72,,iem_cli,https://mesonet.agron.iastate.edu/json/cli.py?station=KMIA&year=2026,202604100822-KMFL-CDUS42-CLIMIA,2026-07-25T16:35:20Z
KMIA,2026-04-10,82,72,,iem_cli,https://mesonet.agron.iastate.edu/json/cli.py?station=KMIA&year=2026,202604110830-KMFL-CDUS42-CLIMIA,2026-07-25T16:35:20Z
KMIA,2026-04-12,81,71,,iem_cli,https://mesonet.agron.iastate.edu/json/cli.py?station=KMIA&year=2026,202604130823-KMFL-CDUS42-CLIMIA,2026-07-25T16:35:20Z
KMIA,2026-04-13,82,72,,iem_cli,https://mesonet.agron.iastate.edu/json/cli.py?station=KMIA&year=2026,202604140824-KMFL-CDUS42-CLIMIA,2026-07-25T16:35:20Z
KMIA,2026-04-14,83,71,,iem_cli,https://mesonet.agron.iastate.edu/json/cli.py?station=KMIA&year=2026,202604150830-KMFL-CDUS42-CLIMIA,2026-07-25T16:35:20Z
KMIA,2026-04-15,81,72,229 PM,iem_cli,https://mesonet.agron.iastate.edu/json/cli.py?station=KMIA&year=2026,202604160829-KMFL-CDUS42-CLIMIA,2026-07-25T16:35:20Z
KMIA,2026-04-16,82,72,,iem_cli,https://mesonet.agron.iastate.edu/json/cli.py?station=KMIA&year=2026,202604170840-KMFL-CDUS42-CLIMIA,2026-07-25T16:35:20Z
KMIA,2026-04-17,85,72,348 PM,iem_cli,https://mesonet.agron.iastate.edu/json/cli.py?station=KMIA&year=2026,202604180831-KMFL-CDUS42-CLIMIA,2026-07-25T16:35:20Z
KMIA,2026-04-18,86,74,,iem_cli,https://mesonet.agron.iastate.edu/json/cli.py?station=KMIA&year=2026,202604190823-KMFL-CDUS42-CLIMIA,2026-07-25T16:35:20Z
KMIA,2026-04-19,88,73,213 PM,iem_cli,https://mesonet.agron.iastate.edu/json/cli.py?station=KMIA&year=2026,202604200827-KMFL-CDUS42-CLIMIA,2026-07-25T16:35:20Z
KMIA,2026-04-20,86,70,1157 AM,iem_cli,https://mesonet.agron.iastate.edu/json/cli.py?station=KMIA&year=2026,202604210833-KMFL-CDUS42-CLIMIA,2026-07-25T16:35:20Z
KMIA,2026-04-21,80,72,1144 AM,iem_cli,https://mesonet.agron.iastate.edu/json/cli.py?station=KMIA&year=2026,202604220831-KMFL-CDUS42-CLIMIA,2026-07-25T16:35:20Z
KMIA,2026-04-22,81,71,1116 AM,iem_cli,https://mesonet.agron.iastate.edu/json/cli.py?station=KMIA&year=2026,202604230829-KMFL-CDUS42-CLIMIA,2026-07-25T16:35:20Z
KMIA,2026-04-23,79,71,937 AM,iem_cli,https://mesonet.agron.iastate.edu/json/cli.py?station=KMIA&year=2026,202604240827-KMFL-CDUS42-CLIMIA,2026-07-25T16:35:20Z
KMIA,2026-04-24,84,70,206 PM,iem_cli,https://mesonet.agron.iastate.edu/json/cli.py?station=KMIA&year=2026,202604250824-KMFL-CDUS42-CLIMIA,2026-07-25T16:35:20Z
KMIA,2026-04-25,85,71,202 PM,iem_cli,https://mesonet.agron.iastate.edu/json/cli.py?station=KMIA&year=2026,202604260822-KMFL-CDUS42-CLIMIA,2026-07-25T16:35:20Z
KMIA,2026-04-26,88,72,219 PM,iem_cli,https://mesonet.agron.iastate.edu/json/cli.py?station=KMIA&year=2026,202604270827-KMFL-CDUS42-CLIMIA,2026-07-25T16:35:20Z
KMIA,2026-04-27,88,70,1227 PM,iem_cli,https://mesonet.agron.iastate.edu/json/cli.py?station=KMIA&year=2026,202604280830-KMFL-CDUS42-CLIMIA,2026-07-25T16:35:20Z
KMIA,2026-04-28,86,74,307 PM,iem_cli,https://mesonet.agron.iastate.edu/json/cli.py?station=KMIA&year=2026,202604290828-KMFL-CDUS42-CLIMIA,2026-07-25T16:35:20Z
KMIA,2026-04-29,84,71,327 PM,iem_cli,https://mesonet.agron.iastate.edu/json/cli.py?station=KMIA&year=2026,202604300822-KMFL-CDUS42-CLIMIA,2026-07-25T16:35:20Z
KMIA,2026-04-30,87,73,418 PM,iem_cli,https://mesonet.agron.iastate.edu/json/cli.py?station=KMIA&year=2026,202605010821-KMFL-CDUS42-CLIMIA,2026-07-25T16:35:20Z
KMIA,2026-05-01,87,72,250 PM,iem_cli,https://mesonet.agron.iastate.edu/json/cli.py?station=KMIA&year=2026,202605020826-KMFL-CDUS42-CLIMIA,2026-07-25T16:35:20Z
KMIA,2026-05-02,94,76,423 PM,iem_cli,https://mesonet.agron.iastate.edu/json/cli.py?station=KMIA&year=2026,202605030825-KMFL-CDUS42-CLIMIA,2026-07-25T16:35:20Z
KMIA,2026-05-03,82,72,221 PM,iem_cli,https://mesonet.agron.iastate.edu/json/cli.py?station=KMIA&year=2026,202605040823-KMFL-CDUS42-CLIMIA,2026-07-25T16:35:20Z
KMIA,2026-05-04,82,71,1205 PM,iem_cli,https://mesonet.agron.iastate.edu/json/cli.py?station=KMIA&year=2026,202605050822-KMFL-CDUS42-CLIMIA,2026-07-25T16:35:20Z
KMIA,2026-05-05,88,74,1101 AM,iem_cli,https://mesonet.agron.iastate.edu/json/cli.py?station=KMIA&year=2026,202605060821-KMFL-CDUS42-CLIMIA,2026-07-25T16:35:20Z
KMIA,2026-05-06,88,75,339 PM,iem_cli,https://mesonet.agron.iastate.edu/json/cli.py?station=KMIA&year=2026,202605070821-KMFL-CDUS42-CLIMIA,2026-07-25T16:35:20Z
KMIA,2026-05-07,91,74,153 PM,iem_cli,https://mesonet.agron.iastate.edu/json/cli.py?station=KMIA&year=2026,202605080822-KMFL-CDUS42-CLIMIA,2026-07-25T16:35:20Z
KMIA,2026-05-08,93,72,1229 PM,iem_cli,https://mesonet.agron.iastate.edu/json/cli.py?station=KMIA&year=2026,202605090822-KMFL-CDUS42-CLIMIA,2026-07-25T16:35:20Z
KMIA,2026-05-09,91,75,346 PM,iem_cli,https://mesonet.agron.iastate.edu/json/cli.py?station=KMIA&year=2026,202605100822-KMFL-CDUS42-CLIMIA,2026-07-25T16:35:20Z
KMIA,2026-05-10,91,79,215 PM,iem_cli,https://mesonet.agron.iastate.edu/json/cli.py?station=KMIA&year=2026,202605110822-KMFL-CDUS42-CLIMIA,2026-07-25T16:35:20Z
KMIA,2026-05-11,90,80,202 PM,iem_cli,https://mesonet.agron.iastate.edu/json/cli.py?station=KMIA&year=2026,202605120822-KMFL-CDUS42-CLIMIA,2026-07-25T16:35:20Z
KMIA,2026-05-12,91,77,228 PM,iem_cli,https://mesonet.agron.iastate.edu/json/cli.py?station=KMIA&year=2026,202605130822-KMFL-CDUS42-CLIMIA,2026-07-25T16:35:20Z
KMIA,2026-05-13,94,77,220 PM,iem_cli,https://mesonet.agron.iastate.edu/json/cli.py?station=KMIA&year=2026,202605140823-KMFL-CDUS42-CLIMIA,2026-07-25T16:35:20Z
KMIA,2026-05-14,95,74,355 PM,iem_cli,https://mesonet.agron.iastate.edu/json/cli.py?station=KMIA&year=2026,202605150822-KMFL-CDUS42-CLIMIA,2026-07-25T16:35:20Z
KMIA,2026-05-15,93,72,1245 PM,iem_cli,https://mesonet.agron.iastate.edu/json/cli.py?station=KMIA&year=2026,202605160822-KMFL-CDUS42-CLIMIA,2026-07-25T16:35:20Z
KMIA,2026-05-16,90,74,1128 AM,iem_cli,https://mesonet.agron.iastate.edu/json/cli.py?station=KMIA&year=2026,202605170824-KMFL-CDUS42-CLIMIA,2026-07-25T16:35:20Z
KMIA,2026-05-17,87,73,,iem_cli,https://mesonet.agron.iastate.edu/json/cli.py?station=KMIA&year=2026,202605180836-KMFL-CDUS42-CLIMIA,2026-07-25T16:35:20Z
KMIA,2026-05-18,87,75,122 PM,iem_cli,https://mesonet.agron.iastate.edu/json/cli.py?station=KMIA&year=2026,202605190823-KMFL-CDUS42-CLIMIA,2026-07-25T16:35:20Z
KMIA,2026-05-19,87,75,316 PM,iem_cli,https://mesonet.agron.iastate.edu/json/cli.py?station=KMIA&year=2026,202605200824-KMFL-CDUS42-CLIMIA,2026-07-25T16:35:20Z
KMIA,2026-05-20,88,73,315 PM,iem_cli,https://mesonet.agron.iastate.edu/json/cli.py?station=KMIA&year=2026,202605210828-KMFL-CDUS42-CLIMIA,2026-07-25T16:35:20Z
KMIA,2026-05-21,89,78,1207 PM,iem_cli,https://mesonet.agron.iastate.edu/json/cli.py?station=KMIA&year=2026,202605220829-KMFL-CDUS42-CLIMIA,2026-07-25T16:35:20Z
KMIA,2026-05-22,89,79,100 PM,iem_cli,https://mesonet.agron.iastate.edu/json/cli.py?station=KMIA&year=2026,202605230830-KMFL-CDUS42-CLIMIA,2026-07-25T16:35:20Z
KMIA,2026-05-23,89,77,116 PM,iem_cli,https://mesonet.agron.iastate.edu/json/cli.py?station=KMIA&year=2026,202605240825-KMFL-CDUS42-CLIMIA,2026-07-25T16:35:20Z
KMIA,2026-05-24,89,78,226 PM,iem_cli,https://mesonet.agron.iastate.edu/json/cli.py?station=KMIA&year=2026,202605250831-KMFL-CDUS42-CLIMIA,2026-07-25T16:35:20Z
KMIA,2026-05-25,88,77,227 PM,iem_cli,https://mesonet.agron.iastate.edu/json/cli.py?station=KMIA&year=2026,202605260826-KMFL-CDUS42-CLIMIA,2026-07-25T16:35:20Z
KMIA,2026-05-26,88,80,315 PM,iem_cli,https://mesonet.agron.iastate.edu/json/cli.py?station=KMIA&year=2026,202605270837-KMFL-CDUS42-CLIMIA,2026-07-25T16:35:20Z
KMIA,2026-05-27,89,79,1246 PM,iem_cli,https://mesonet.agron.iastate.edu/json/cli.py?station=KMIA&year=2026,202605280823-KMFL-CDUS42-CLIMIA,2026-07-25T16:35:20Z
KMIA,2026-05-28,86,75,248 PM,iem_cli,https://mesonet.agron.iastate.edu/json/cli.py?station=KMIA&year=2026,202605290823-KMFL-CDUS42-CLIMIA,2026-07-25T16:35:20Z
KMIA,2026-05-29,92,75,1259 PM,iem_cli,https://mesonet.agron.iastate.edu/json/cli.py?station=KMIA&year=2026,202605300827-KMFL-CDUS42-CLIMIA,2026-07-25T16:35:20Z
KMIA,2026-05-30,87,77,1024 AM,iem_cli,https://mesonet.agron.iastate.edu/json/cli.py?station=KMIA&year=2026,202605310825-KMFL-CDUS42-CLIMIA,2026-07-25T16:35:20Z
KMIA,2026-05-31,95,75,133 PM,iem_cli,https://mesonet.agron.iastate.edu/json/cli.py?station=KMIA&year=2026,202606010823-KMFL-CDUS42-CLIMIA,2026-07-25T16:35:20Z
KMIA,2026-06-01,94,77,331 PM,iem_cli,https://mesonet.agron.iastate.edu/json/cli.py?station=KMIA&year=2026,202606020823-KMFL-CDUS42-CLIMIA,2026-07-25T16:35:20Z
KMIA,2026-06-02,95,75,246 PM,iem_cli,https://mesonet.agron.iastate.edu/json/cli.py?station=KMIA&year=2026,202606030823-KMFL-CDUS42-CLIMIA,2026-07-25T16:35:20Z
KMIA,2026-06-03,86,73,1120 AM,iem_cli,https://mesonet.agron.iastate.edu/json/cli.py?station=KMIA&year=2026,202606040822-KMFL-CDUS42-CLIMIA,2026-07-25T16:35:20Z
KMIA,2026-06-04,85,73,1142 AM,iem_cli,https://mesonet.agron.iastate.edu/json/cli.py?station=KMIA&year=2026,202606050824-KMFL-CDUS42-CLIMIA,2026-07-25T16:35:20Z
KMIA,2026-06-05,85,77,1021 AM,iem_cli,https://mesonet.agron.iastate.edu/json/cli.py?station=KMIA&year=2026,202606060823-KMFL-CDUS42-CLIMIA,2026-07-25T16:35:20Z
KMIA,2026-06-06,87,76,356 PM,iem_cli,https://mesonet.agron.iastate.edu/json/cli.py?station=KMIA&year=2026,202606070822-KMFL-CDUS42-CLIMIA,2026-07-25T16:35:20Z
KMIA,2026-06-07,89,78,212 PM,iem_cli,https://mesonet.agron.iastate.edu/json/cli.py?station=KMIA&year=2026,202606080826-KMFL-CDUS42-CLIMIA,2026-07-25T16:35:20Z
KMIA,2026-06-08,91,80,1214 PM,iem_cli,https://mesonet.agron.iastate.edu/json/cli.py?station=KMIA&year=2026,202606090826-KMFL-CDUS42-CLIMIA,2026-07-25T16:35:20Z
KMIA,2026-06-09,89,78,128 PM,iem_cli,https://mesonet.agron.iastate.edu/json/cli.py?station=KMIA&year=2026,202606100821-KMFL-CDUS42-CLIMIA,2026-07-25T16:35:20Z
KMIA,2026-06-10,88,79,151 PM,iem_cli,https://mesonet.agron.iastate.edu/json/cli.py?station=KMIA&year=2026,202606110822-KMFL-CDUS42-CLIMIA,2026-07-25T16:35:20Z
KMIA,2026-06-11,90,78,149 PM,iem_cli,https://mesonet.agron.iastate.edu/json/cli.py?station=KMIA&year=2026,202606120822-KMFL-CDUS42-CLIMIA,2026-07-25T16:35:20Z
KMIA,2026-06-12,91,78,121 PM,iem_cli,https://mesonet.agron.iastate.edu/json/cli.py?station=KMIA&year=2026,202606130822-KMFL-CDUS42-CLIMIA,2026-07-25T16:35:20Z
KMIA,2026-06-13,91,78,205 PM,iem_cli,https://mesonet.agron.iastate.edu/json/cli.py?station=KMIA&year=2026,202606140822-KMFL-CDUS42-CLIMIA,2026-07-25T16:35:20Z
KMIA,2026-06-14,93,77,100 PM,iem_cli,https://mesonet.agron.iastate.edu/json/cli.py?station=KMIA&year=2026,202606150822-KMFL-CDUS42-CLIMIA,2026-07-25T16:35:20Z
KMIA,2026-06-15,95,78,329 PM,iem_cli,https://mesonet.agron.iastate.edu/json/cli.py?station=KMIA&year=2026,202606160828-KMFL-CDUS42-CLIMIA,2026-07-25T16:35:20Z
KMIA,2026-06-16,95,79,211 PM,iem_cli,https://mesonet.agron.iastate.edu/json/cli.py?station=KMIA&year=2026,202606170823-KMFL-CDUS42-CLIMIA,2026-07-25T16:35:20Z
KMIA,2026-06-17,94,79,231 PM,iem_cli,https://mesonet.agron.iastate.edu/json/cli.py?station=KMIA&year=2026,202606180822-KMFL-CDUS42-CLIMIA,2026-07-25T16:35:20Z
KMIA,2026-06-18,93,81,215 PM,iem_cli,https://mesonet.agron.iastate.edu/json/cli.py?station=KMIA&year=2026,202606190821-KMFL-CDUS42-CLIMIA,2026-07-25T16:35:20Z
KMIA,2026-06-19,92,79,228 PM,iem_cli,https://mesonet.agron.iastate.edu/json/cli.py?station=KMIA&year=2026,202606200827-KMFL-CDUS42-CLIMIA,2026-07-25T16:35:20Z
KMIA,2026-06-20,93,74,1220 PM,iem_cli,https://mesonet.agron.iastate.edu/json/cli.py?station=KMIA&year=2026,202606210826-KMFL-CDUS42-CLIMIA,2026-07-25T16:35:20Z
KMIA,2026-06-21,94,75,302 PM,iem_cli,https://mesonet.agron.iastate.edu/json/cli.py?station=KMIA&year=2026,202606220831-KMFL-CDUS42-CLIMIA,2026-07-25T16:35:20Z
KMIA,2026-06-22,93,82,215 PM,iem_cli,https://mesonet.agron.iastate.edu/json/cli.py?station=KMIA&year=2026,202606230835-KMFL-CDUS42-CLIMIA,2026-07-25T16:35:20Z
KMIA,2026-06-23,91,81,1202 PM,iem_cli,https://mesonet.agron.iastate.edu/json/cli.py?station=KMIA&year=2026,202606240823-KMFL-CDUS42-CLIMIA,2026-07-25T16:35:20Z
KMIA,2026-06-24,93,75,138 PM,iem_cli,https://mesonet.agron.iastate.edu/json/cli.py?station=KMIA&year=2026,202606250827-KMFL-CDUS42-CLIMIA,2026-07-25T16:35:20Z
KMIA,2026-06-25,92,76,229 PM,iem_cli,https://mesonet.agron.iastate.edu/json/cli.py?station=KMIA&year=2026,202606260831-KMFL-CDUS42-CLIMIA,2026-07-25T16:35:20Z
KMIA,2026-06-26,92,80,1242 PM,iem_cli,https://mesonet.agron.iastate.edu/json/cli.py?station=KMIA&year=2026,202606270834-KMFL-CDUS42-CLIMIA,2026-07-25T16:35:20Z
KMIA,2026-06-27,92,79,205 PM,iem_cli,https://mesonet.agron.iastate.edu/json/cli.py?station=KMIA&year=2026,202606280828-KMFL-CDUS42-CLIMIA,2026-07-25T16:35:20Z
KMIA,2026-06-28,92,81,303 PM,iem_cli,https://mesonet.agron.iastate.edu/json/cli.py?station=KMIA&year=2026,202606290823-KMFL-CDUS42-CLIMIA,2026-07-25T16:35:20Z
KMIA,2026-06-29,93,83,309 PM,iem_cli,https://mesonet.agron.iastate.edu/json/cli.py?station=KMIA&year=2026,202606300831-KMFL-CDUS42-CLIMIA,2026-07-25T16:35:20Z
KMIA,2026-06-30,94,79,1151 AM,iem_cli,https://mesonet.agron.iastate.edu/json/cli.py?station=KMIA&year=2026,202607010822-KMFL-CDUS42-CLIMIA,2026-07-25T16:35:20Z
KMIA,2026-07-01,93,78,158 PM,iem_cli,https://mesonet.agron.iastate.edu/json/cli.py?station=KMIA&year=2026,202607020823-KMFL-CDUS42-CLIMIA,2026-07-25T16:35:20Z
KMIA,2026-07-02,93,78,1156 AM,iem_cli,https://mesonet.agron.iastate.edu/json/cli.py?station=KMIA&year=2026,202607030826-KMFL-CDUS42-CLIMIA,2026-07-25T16:35:20Z
KMIA,2026-07-03,91,78,419 PM,iem_cli,https://mesonet.agron.iastate.edu/json/cli.py?station=KMIA&year=2026,202607040826-KMFL-CDUS42-CLIMIA,2026-07-25T16:35:20Z
KMIA,2026-07-04,93,80,316 PM,iem_cli,https://mesonet.agron.iastate.edu/json/cli.py?station=KMIA&year=2026,202607050823-KMFL-CDUS42-CLIMIA,2026-07-25T16:35:20Z
KMIA,2026-07-05,94,76,1154 AM,iem_cli,https://mesonet.agron.iastate.edu/json/cli.py?station=KMIA&year=2026,202607060823-KMFL-CDUS42-CLIMIA,2026-07-25T16:35:20Z
KMIA,2026-07-06,93,77,144 PM,iem_cli,https://mesonet.agron.iastate.edu/json/cli.py?station=KMIA&year=2026,202607070829-KMFL-CDUS42-CLIMIA,2026-07-25T16:35:20Z
KMIA,2026-07-07,93,,133 PM,iem_cli,https://mesonet.agron.iastate.edu/json/cli.py?station=KMIA&year=2026,202607080926-KMFL-CDUS42-CLIMIA,2026-07-25T16:35:20Z
KMIA,2026-07-08,92,83,228 PM,iem_cli,https://mesonet.agron.iastate.edu/json/cli.py?station=KMIA&year=2026,202607090825-KMFL-CDUS42-CLIMIA,2026-07-25T16:35:20Z
KMIA,2026-07-09,92,82,306 PM,iem_cli,https://mesonet.agron.iastate.edu/json/cli.py?station=KMIA&year=2026,202607100821-KMFL-CDUS42-CLIMIA,2026-07-25T16:35:20Z
KMIA,2026-07-10,93,73,1214 PM,iem_cli,https://mesonet.agron.iastate.edu/json/cli.py?station=KMIA&year=2026,202607110824-KMFL-CDUS42-CLIMIA,2026-07-25T16:35:20Z
KMIA,2026-07-11,91,73,144 PM,iem_cli,https://mesonet.agron.iastate.edu/json/cli.py?station=KMIA&year=2026,202607120821-KMFL-CDUS42-CLIMIA,2026-07-25T16:35:20Z
KMIA,2026-07-12,94,84,258 PM,iem_cli,https://mesonet.agron.iastate.edu/json/cli.py?station=KMIA&year=2026,202607130822-KMFL-CDUS42-CLIMIA,2026-07-25T16:35:20Z
KMIA,2026-07-13,93,79,307 PM,iem_cli,https://mesonet.agron.iastate.edu/json/cli.py?station=KMIA&year=2026,202607140828-KMFL-CDUS42-CLIMIA,2026-07-25T16:35:20Z
KMIA,2026-07-14,94,80,255 PM,iem_cli,https://mesonet.agron.iastate.edu/json/cli.py?station=KMIA&year=2026,202607150823-KMFL-CDUS42-CLIMIA,2026-07-25T16:35:20Z
KMIA,2026-07-15,94,80,312 PM,iem_cli,https://mesonet.agron.iastate.edu/json/cli.py?station=KMIA&year=2026,202607160822-KMFL-CDUS42-CLIMIA,2026-07-25T16:35:20Z
KMIA,2026-07-16,97,80,257 PM,iem_cli,https://mesonet.agron.iastate.edu/json/cli.py?station=KMIA&year=2026,202607170829-KMFL-CDUS42-CLIMIA,2026-07-25T16:35:20Z
KMIA,2026-07-17,94,74,1220 PM,iem_cli,https://mesonet.agron.iastate.edu/json/cli.py?station=KMIA&year=2026,202607180827-KMFL-CDUS42-CLIMIA,2026-07-25T16:35:20Z
KMIA,2026-07-18,91,78,307 PM,iem_cli,https://mesonet.agron.iastate.edu/json/cli.py?station=KMIA&year=2026,202607190825-KMFL-CDUS42-CLIMIA,2026-07-25T16:35:20Z
KMIA,2026-07-19,91,83,407 PM,iem_cli,https://mesonet.agron.iastate.edu/json/cli.py?station=KMIA&year=2026,202607200825-KMFL-CDUS42-CLIMIA,2026-07-25T16:35:20Z
KMIA,2026-07-20,93,83,227 PM,iem_cli,https://mesonet.agron.iastate.edu/json/cli.py?station=KMIA&year=2026,202607210822-KMFL-CDUS42-CLIMIA,2026-07-25T16:35:20Z
KMIA,2026-07-21,92,82,328 PM,iem_cli,https://mesonet.agron.iastate.edu/json/cli.py?station=KMIA&year=2026,202607220829-KMFL-CDUS42-CLIMIA,2026-07-25T16:35:20Z
KMIA,2026-07-22,92,82,156 PM,iem_cli,https://mesonet.agron.iastate.edu/json/cli.py?station=KMIA&year=2026,202607230824-KMFL-CDUS42-CLIMIA,2026-07-25T16:35:20Z
KMIA,2026-07-23,93,82,119 PM,iem_cli,https://mesonet.agron.iastate.edu/json/cli.py?station=KMIA&year=2026,202607240822-KMFL-CDUS42-CLIMIA,2026-07-25T16:35:20Z
KMIA,2026-07-24,93,81,246 PM,iem_cli,https://mesonet.agron.iastate.edu/json/cli.py?station=KMIA&year=2026,202607250822-KMFL-CDUS42-CLIMIA,2026-07-25T16:35:20Z
KMIA,2026-07-25,92,81,1231 PM,iem_cli,https://mesonet.agron.iastate.edu/json/cli.py?station=KMIA&year=2026,202607260822-KMFL-CDUS42-CLIMIA,2026-09-02T21:26:15Z
KMIA,2026-07-26,94,78,1153 AM,iem_cli,https://mesonet.agron.iastate.edu/json/cli.py?station=KMIA&year=2026,202607270825-KMFL-CDUS42-CLIMIA,2026-09-02T21:26:15Z
KMIA,2026-07-27,92,75,118 PM,iem_cli,https://mesonet.agron.iastate.edu/json/cli.py?station=KMIA&year=2026,202607280823-KMFL-CDUS42-CLIMIA,2026-09-02T21:26:15Z
KMIA,2026-07-28,91,78,1120 AM,iem_cli,https://mesonet.agron.iastate.edu/json/cli.py?station=KMIA&year=2026,202607290832-KMFL-CDUS42-CLIMIA,2026-09-02T21:26:15Z
KMIA,2026-07-29,94,79,420 PM,iem_cli,https://mesonet.agron.iastate.edu/json/cli.py?station=KMIA&year=2026,202607300828-KMFL-CDUS42-CLIMIA,2026-09-02T21:26:15Z
KMIA,2026-07-30,96,80,353 PM,iem_cli,https://mesonet.agron.iastate.edu/json/cli.py?station=KMIA&year=2026,202607310825-KMFL-CDUS42-CLIMIA,2026-09-02T21:26:15Z
KMIA,2026-07-31,96,81,151 PM,iem_cli,https://mesonet.agron.iastate.edu/json/cli.py?station=KMIA&year=2026,202608010830-KMFL-CDUS42-CLIMIA,2026-09-02T21:26:15Z
KMIA,2026-08-01,94,74,1238 PM,iem_cli,https://mesonet.agron.iastate.edu/json/cli.py?station=KMIA&year=2026,202608020826-KMFL-CDUS42-CLIMIA,2026-09-02T21:26:15Z
KMIA,2026-08-02,91,78,1203 PM,iem_cli,https://mesonet.agron.iastate.edu/json/cli.py?station=KMIA&year=2026,202608030824-KMFL-CDUS42-CLIMIA,2026-09-02T21:26:15Z
KMIA,2026-08-03,93,73,1138 AM,iem_cli,https://mesonet.agron.iastate.edu/json/cli.py?station=KMIA&year=2026,202608040827-KMFL-CDUS42-CLIMIA,2026-09-02T21:26:15Z
KMIA,2026-08-04,92,77,1148 AM,iem_cli,https://mesonet.agron.iastate.edu/json/cli.py?station=KMIA&year=2026,202608050827-KMFL-CDUS42-CLIMIA,2026-09-02T21:26:15Z
KMIA,2026-08-05,90,78,1149 AM,iem_cli,https://mesonet.agron.iastate.edu/json/cli.py?station=KMIA&year=2026,202608060830-KMFL-CDUS42-CLIMIA,2026-09-02T21:26:15Z
KMIA,2026-08-06,88,75,458 PM,iem_cli,https://mesonet.agron.iastate.edu/json/cli.py?station=KMIA&year=2026,202608070828-KMFL-CDUS42-CLIMIA,2026-09-02T21:26:15Z
KMIA,2026-08-07,91,79,322 PM,iem_cli,https://mesonet.agron.iastate.edu/json/cli.py?station=KMIA&year=2026,202608080824-KMFL-CDUS42-CLIMIA,2026-09-02T21:26:15Z
KMIA,2026-08-08,92,82,118 PM,iem_cli,https://mesonet.agron.iastate.edu/json/cli.py?station=KMIA&year=2026,202608090822-KMFL-CDUS42-CLIMIA,2026-09-02T21:26:15Z
KMIA,2026-08-09,92,82,312 PM,iem_cli,https://mesonet.agron.iastate.edu/json/cli.py?station=KMIA&year=2026,202608100823-KMFL-CDUS42-CLIMIA,2026-09-02T21:26:15Z
KMIA,2026-08-10,93,84,228 PM,iem_cli,https://mesonet.agron.iastate.edu/json/cli.py?station=KMIA&year=2026,202608110831-KMFL-CDUS42-CLIMIA,2026-09-02T21:26:15Z
KMIA,2026-08-11,94,83,239 PM,iem_cli,https://mesonet.agron.iastate.edu/json/cli.py?station=KMIA&year=2026,202608120833-KMFL-CDUS42-CLIMIA,2026-09-02T21:26:15Z
KMIA,2026-08-12,94,80,123 PM,iem_cli,https://mesonet.agron.iastate.edu/json/cli.py?station=KMIA&year=2026,202608130829-KMFL-CDUS42-CLIMIA,2026-09-02T21:26:15Z
KMIA,2026-08-13,94,78,1229 PM,iem_cli,https://mesonet.agron.iastate.edu/json/cli.py?station=KMIA&year=2026,202608140826-KMFL-CDUS42-CLIMIA,2026-09-02T21:26:15Z
KMIA,2026-08-14,96,82,113 PM,iem_cli,https://mesonet.agron.iastate.edu/json/cli.py?station=KMIA&year=2026,202608150822-KMFL-CDUS42-CLIMIA,2026-09-02T21:26:15Z
KMIA,2026-08-15,93,80,400 PM,iem_cli,https://mesonet.agron.iastate.edu/json/cli.py?station=KMIA&year=2026,202608160822-KMFL-CDUS42-CLIMIA,2026-09-02T21:26:15Z
KMIA,2026-08-16,94,82,218 PM,iem_cli,https://mesonet.agron.iastate.edu/json/cli.py?station=KMIA&year=2026,202608170822-KMFL-CDUS42-CLIMIA,2026-09-02T21:26:15Z
KMIA,2026-08-17,95,80,214 PM,iem_cli,https://mesonet.agron.iastate.edu/json/cli.py?station=KMIA&year=2026,202608180822-KMFL-CDUS42-CLIMIA,2026-09-02T21:26:15Z
KMIA,2026-08-18,100,82,247 PM,iem_cli,https://mesonet.agron.iastate.edu/json/cli.py?station=KMIA&year=2026,202608190822-KMFL-CDUS42-CLIMIA,2026-09-02T21:26:15Z
KMIA,2026-08-19,96,76,112 PM,iem_cli,https://mesonet.agron.iastate.edu/json/cli.py?station=KMIA&year=2026,202608200826-KMFL-CDUS42-CLIMIA,2026-09-02T21:26:15Z
KMIA,2026-08-20,93,79,1058 AM,iem_cli,https://mesonet.agron.iastate.edu/json/cli.py?station=KMIA&year=2026,202608210824-KMFL-CDUS42-CLIMIA,2026-09-02T21:26:15Z
KMIA,2026-08-21,94,81,1246 PM,iem_cli,https://mesonet.agron.iastate.edu/json/cli.py?station=KMIA&year=2026,202608220825-KMFL-CDUS42-CLIMIA,2026-09-02T21:26:15Z
KMIA,2026-08-22,94,80,154 PM,iem_cli,https://mesonet.agron.iastate.edu/json/cli.py?station=KMIA&year=2026,202608230824-KMFL-CDUS42-CLIMIA,2026-09-02T21:26:15Z
KMIA,2026-08-23,93,79,1223 PM,iem_cli,https://mesonet.agron.iastate.edu/json/cli.py?station=KMIA&year=2026,202608240825-KMFL-CDUS42-CLIMIA,2026-09-02T21:26:15Z
KMIA,2026-08-24,91,77,339 PM,iem_cli,https://mesonet.agron.iastate.edu/json/cli.py?station=KMIA&year=2026,202608250827-KMFL-CDUS42-CLIMIA,2026-09-02T21:26:15Z
KMIA,2026-08-25,92,79,150 PM,iem_cli,https://mesonet.agron.iastate.edu/json/cli.py?station=KMIA&year=2026,202608260832-KMFL-CDUS42-CLIMIA,2026-09-02T21:26:15Z
KMIA,2026-08-26,92,77,111 PM,iem_cli,https://mesonet.agron.iastate.edu/json/cli.py?station=KMIA&year=2026,202608270830-KMFL-CDUS42-CLIMIA,2026-09-02T21:26:15Z
KMIA,2026-08-27,93,78,207 PM,iem_cli,https://mesonet.agron.iastate.edu/json/cli.py?station=KMIA&year=2026,202608280828-KMFL-CDUS42-CLIMIA,2026-09-02T21:26:15Z
KMIA,2026-08-28,93,80,240 PM,iem_cli,https://mesonet.agron.iastate.edu/json/cli.py?station=KMIA&year=2026,202608290823-KMFL-CDUS42-CLIMIA,2026-09-02T21:26:15Z
KMIA,2026-08-29,85,76,511 AM,iem_cli,https://mesonet.agron.iastate.edu/json/cli.py?station=KMIA&year=2026,202608300910-KMFL-CDUS42-CLIMIA,2026-09-02T21:26:15Z
KMIA,2026-08-30,91,81,,iem_cli,https://mesonet.agron.iastate.edu/json/cli.py?station=KMIA&year=2026,202608310822-KMFL-CDUS42-CLIMIA,2026-09-02T21:26:15Z
KMIA,2026-08-31,91,78,1112 AM,iem_cli,https://mesonet.agron.iastate.edu/json/cli.py?station=KMIA&year=2026,202609011328-KMFL-CDUS42-CLIMIA,2026-09-02T21:26:15Z
KMIA,2026-09-01,89,75,1254 PM,iem_cli,https://mesonet.agron.iastate.edu/json/cli.py?station=KMIA&year=2026,202609020824-KMFL-CDUS42-CLIMIA,2026-09-02T21:26:15Z
KNYC,2025-12-26,29,20,1159 PM,iem_cli,https://mesonet.agron.iastate.edu/json/cli.py?station=KNYC&year=2025,202512270624-KOKX-CDUS41-CLINYC,2026-09-02T21:26:10Z
KNYC,2025-12-27,31,25,307 AM,iem_cli,https://mesonet.agron.iastate.edu/json/cli.py?station=KNYC&year=2025,202512280626-KOKX-CDUS41-CLINYC,2026-09-02T21:26:10Z
KNYC,2025-12-28,39,22,1159 PM,iem_cli,https://mesonet.agron.iastate.edu/json/cli.py?station=KNYC&year=2025,202512290624-KOKX-CDUS41-CLINYC,2026-07-25T16:33:42Z
KNYC,2025-12-29,49,31,115 PM,iem_cli,https://mesonet.agron.iastate.edu/json/cli.py?station=KNYC&year=2025,202512300634-KOKX-CDUS41-CLINYC,2026-07-25T16:33:42Z
KNYC,2025-12-30,33,27,252 PM,iem_cli,https://mesonet.agron.iastate.edu/json/cli.py?station=KNYC&year=2025,202512310635-KOKX-CDUS41-CLINYC,2026-07-25T16:33:42Z
KNYC,2025-12-31,33,27,1159 PM,iem_cli,https://mesonet.agron.iastate.edu/json/cli.py?station=KNYC&year=2025,202601010625-KOKX-CDUS41-CLINYC,2026-07-25T16:33:42Z
KNYC,2026-01-01,36,22,555 AM,iem_cli,https://mesonet.agron.iastate.edu/json/cli.py?station=KNYC&year=2026,202601021606-KOKX-CDUS41-CLINYC,2026-07-25T16:33:40Z
KNYC,2026-01-02,30,20,422 PM,iem_cli,https://mesonet.agron.iastate.edu/json/cli.py?station=KNYC&year=2026,202601030619-KOKX-CDUS41-CLINYC,2026-07-25T16:33:40Z
KNYC,2026-01-03,30,23,939 PM,iem_cli,https://mesonet.agron.iastate.edu/json/cli.py?station=KNYC&year=2026,202601040647-KOKX-CDUS41-CLINYC,2026-07-25T16:33:40Z
KNYC,2026-01-04,35,26,131 PM,iem_cli,https://mesonet.agron.iastate.edu/json/cli.py?station=KNYC&year=2026,202601050628-KOKX-CDUS41-CLINYC,2026-07-25T16:33:40Z
KNYC,2026-01-05,39,29,1154 PM,iem_cli,https://mesonet.agron.iastate.edu/json/cli.py?station=KNYC&year=2026,202601060635-KOKX-CDUS41-CLINYC,2026-07-25T16:33:40Z
KNYC,2026-01-06,42,35,211 PM,iem_cli,https://mesonet.agron.iastate.edu/json/cli.py?station=KNYC&year=2026,202601070633-KOKX-CDUS41-CLINYC,2026-07-25T16:33:40Z
KNYC,2026-01-07,49,37,254 PM,iem_cli,https://mesonet.agron.iastate.edu/json/cli.py?station=KNYC&year=2026,202601080624-KOKX-CDUS41-CLINYC,2026-07-25T16:33:40Z
KNYC,2026-01-08,50,42,327 PM,iem_cli,https://mesonet.agron.iastate.edu/json/cli.py?station=KNYC&year=2026,202601090618-KOKX-CDUS41-CLINYC,2026-07-25T16:33:40Z
KNYC,2026-01-09,54,39,944 PM,iem_cli,https://mesonet.agron.iastate.edu/json/cli.py?station=KNYC&year=2026,202601100655-KOKX-CDUS41-CLINYC,2026-07-25T16:33:40Z
KNYC,2026-01-10,52,39,130 AM,iem_cli,https://mesonet.agron.iastate.edu/json/cli.py?station=KNYC&year=2026,202601110714-KOKX-CDUS41-CLINYC,2026-07-25T16:33:40Z
KNYC,2026-01-11,47,34,200 PM,iem_cli,https://mesonet.agron.iastate.edu/json/cli.py?station=KNYC&year=2026,202601120642-KOKX-CDUS41-CLINYC,2026-07-25T16:33:40Z
KNYC,2026-01-12,41,31,229 PM,iem_cli,https://mesonet.agron.iastate.edu/json/cli.py?station=KNYC&year=2026,202601130629-KOKX-CDUS41-CLINYC,2026-07-25T16:33:40Z
KNYC,2026-01-13,48,35,225 PM,iem_cli,https://mesonet.agron.iastate.edu/json/cli.py?station=KNYC&year=2026,202601140622-KOKX-CDUS41-CLINYC,2026-07-25T16:33:40Z
KNYC,2026-01-14,52,45,241 PM,iem_cli,https://mesonet.agron.iastate.edu/json/cli.py?station=KNYC&year=2026,202601150622-KOKX-CDUS41-CLINYC,2026-07-25T16:33:40Z
KNYC,2026-01-15,47,24,120 AM,iem_cli,https://mesonet.agron.iastate.edu/json/cli.py?station=KNYC&year=2026,202601160618-KOKX-CDUS41-CLINYC,2026-07-25T16:33:40Z
KNYC,2026-01-16,34,22,1159 PM,iem_cli,https://mesonet.agron.iastate.edu/json/cli.py?station=KNYC&year=2026,202601170620-KOKX-CDUS41-CLINYC,2026-07-25T16:33:40Z
KNYC,2026-01-17,39,31,959 AM,iem_cli,https://mesonet.agron.iastate.edu/json/cli.py?station=KNYC&year=2026,202601180652-KOKX-CDUS41-CLINYC,2026-07-25T16:33:40Z
KNYC,2026-01-18,36,30,619 AM,iem_cli,https://mesonet.agron.iastate.edu/json/cli.py?station=KNYC&year=2026,202601190618-KOKX-CDUS41-CLINYC,2026-07-25T16:33:40Z
KNYC,2026-01-19,32,22,131 PM,iem_cli,https://mesonet.agron.iastate.edu/json/cli.py?station=KNYC&year=2026,202601200619-KOKX-CDUS41-CLINYC,2026-07-25T16:33:40Z
KNYC,2026-01-20,26,16,1205 AM,iem_cli,https://mesonet.agron.iastate.edu/json/cli.py?station=KNYC&year=2026,202601210622-KOKX-CDUS41-CLINYC,2026-07-25T16:33:40Z
KNYC,2026-01-21,40,17,1159 PM,iem_cli,https://mesonet.agron.iastate.edu/json/cli.py?station=KNYC&year=2026,202601220617-KOKX-CDUS41-CLINYC,2026-07-25T16:33:40Z
KNYC,2026-01-22,47,37,300 PM,iem_cli,https://mesonet.agron.iastate.edu/json/cli.py?station=KNYC&year=2026,202601230618-KOKX-CDUS41-CLINYC,2026-07-25T16:33:40Z
KNYC,2026-01-23,38,14,1229 AM,iem_cli,https://mesonet.agron.iastate.edu/json/cli.py?station=KNYC&year=2026,202601240718-KOKX-CDUS41-CLINYC,2026-07-25T16:33:40Z
KNYC,2026-01-24,17,9,729 PM,iem_cli,https://mesonet.agron.iastate.edu/json/cli.py?station=KNYC&year=2026,202601250616-KOKX-CDUS41-CLINYC,2026-07-25T16:33:40Z
KNYC,2026-01-25,22,10,1136 PM,iem_cli,https://mesonet.agron.iastate.edu/json/cli.py?station=KNYC&year=2026,202601260646-KOKX-CDUS41-CLINYC,2026-07-25T16:33:40Z
KNYC,2026-01-26,27,17,316 PM,iem_cli,https://mesonet.agron.iastate.edu/json/cli.py?station=KNYC&year=2026,202601270627-KOKX-CDUS41-CLINYC,2026-07-25T16:33:40Z
KNYC,2026-01-27,22,15,306 PM,iem_cli,https://mesonet.agron.iastate.edu/json/cli.py?station=KNYC&year=2026,202601280621-KOKX-CDUS41-CLINYC,2026-07-25T16:33:40Z
KNYC,2026-01-28,23,14,408 PM,iem_cli,https://mesonet.agron.iastate.edu/json/cli.py?station=KNYC&year=2026,202601290623-KOKX-CDUS41-CLINYC,2026-07-25T16:33:40Z
KNYC,2026-01-29,23,11,515 PM,iem_cli,https://mesonet.agron.iastate.edu/json/cli.py?station=KNYC&year=2026,202601300619-KOKX-CDUS41-CLINYC,2026-07-25T16:33:40Z
KNYC,2026-01-30,18,9,423 PM,iem_cli,https://mesonet.agron.iastate.edu/json/cli.py?station=KNYC&year=2026,202601310621-KOKX-CDUS41-CLINYC,2026-07-25T16:33:40Z
KNYC,2026-01-31,24,10,254 PM,iem_cli,https://mesonet.agron.iastate.edu/json/cli.py?station=KNYC&year=2026,202602010617-KOKX-CDUS41-CLINYC,2026-07-25T16:33:40Z
KNYC,2026-02-01,24,10,401 PM,iem_cli,https://mesonet.agron.iastate.edu/json/cli.py?station=KNYC&year=2026,202602020625-KOKX-CDUS41-CLINYC,2026-07-25T16:33:40Z
KNYC,2026-02-02,35,14,410 PM,iem_cli,https://mesonet.agron.iastate.edu/json/cli.py?station=KNYC&year=2026,202602030620-KOKX-CDUS41-CLINYC,2026-07-25T16:33:40Z
KNYC,2026-02-03,33,23,743 PM,iem_cli,https://mesonet.agron.iastate.edu/json/cli.py?station=KNYC&year=2026,202602040629-KOKX-CDUS41-CLINYC,2026-07-25T16:33:40Z
KNYC,2026-02-04,33,26,419 PM,iem_cli,https://mesonet.agron.iastate.edu/json/cli.py?station=KNYC&year=2026,202602050622-KOKX-CDUS41-CLINYC,2026-07-25T16:33:40Z
KNYC,2026-02-05,32,20,402 PM,iem_cli,https://mesonet.agron.iastate.edu/json/cli.py?station=KNYC&year=2026,202602060632-KOKX-CDUS41-CLINYC,2026-07-25T16:33:40Z
KNYC,2026-02-06,33,23,330 PM,iem_cli,https://mesonet.agron.iastate.edu/json/cli.py?station=KNYC&year=2026,202602070624-KOKX-CDUS41-CLINYC,2026-07-25T16:33:40Z
KNYC,2026-02-07,27,6,519 AM,iem_cli,https://mesonet.agron.iastate.edu/json/cli.py?station=KNYC&year=2026,202602080626-KOKX-CDUS41-CLINYC,2026-07-25T16:33:40Z
KNYC,2026-02-08,18,3,423 PM,iem_cli,https://mesonet.agron.iastate.edu/json/cli.py?station=KNYC&year=2026,202602090618-KOKX-CDUS41-CLINYC,2026-07-25T16:33:40Z
KNYC,2026-02-09,31,10,426 PM,iem_cli,https://mesonet.agron.iastate.edu/json/cli.py?station=KNYC&year=2026,202602100623-KOKX-CDUS41-CLINYC,2026-07-25T16:33:40Z
KNYC,2026-02-10,37,24,1142 PM,iem_cli,https://mesonet.agron.iastate.edu/json/cli.py?station=KNYC&year=2026,202602110620-KOKX-CDUS41-CLINYC,2026-07-25T16:33:40Z
KNYC,2026-02-11,41,33,1141 AM,iem_cli,https://mesonet.agron.iastate.edu/json/cli.py?station=KNYC&year=2026,202602120618-KOKX-CDUS41-CLINYC,2026-07-25T16:33:40Z
KNYC,2026-02-12,36,27,353 PM,iem_cli,https://mesonet.agron.iastate.edu/json/cli.py?station=KNYC&year=2026,202602130618-KOKX-CDUS41-CLINYC,2026-07-25T16:33:40Z
KNYC,2026-02-13,38,22,402 PM,iem_cli,https://mesonet.agron.iastate.edu/json/cli.py?station=KNYC&year=2026,202602140620-KOKX-CDUS41-CLINYC,2026-07-25T16:33:40Z
KNYC,2026-02-14,46,29,459 PM,iem_cli,https://mesonet.agron.iastate.edu/json/cli.py?station=KNYC&year=2026,202602150618-KOKX-CDUS41-CLINYC,2026-07-25T16:33:40Z
KNYC,2026-02-15,40,32,1209 PM,iem_cli,https://mesonet.agron.iastate.edu/json/cli.py?station=KNYC&year=2026,202602160622-KOKX-CDUS41-CLINYC,2026-07-25T16:33:40Z
KNYC,2026-02-16,39,29,510 PM,iem_cli,https://mesonet.agron.iastate.edu/json/cli.py?station=KNYC&year=2026,202602170640-KOKX-CDUS41-CLINYC,2026-07-25T16:33:40Z
KNYC,2026-02-17,47,35,447 PM,iem_cli,https://mesonet.agron.iastate.edu/json/cli.py?station=KNYC&year=2026,202602180625-KOKX-CDUS41-CLINYC,2026-07-25T16:33:40Z
KNYC,2026-02-18,41,37,121 PM,iem_cli,https://mesonet.agron.iastate.edu/json/cli.py?station=KNYC&year=2026,202602190619-KOKX-CDUS41-CLINYC,2026-07-25T16:33:40Z
KNYC,2026-02-19,42,36,1232 PM,iem_cli,https://mesonet.agron.iastate.edu/json/cli.py?station=KNYC&year=2026,202602200620-KOKX-CDUS41-CLINYC,2026-07-25T16:33:40Z
KNYC,2026-02-20,37,34,942 PM,iem_cli,https://mesonet.agron.iastate.edu/json/cli.py?station=KNYC&year=2026,202602210700-KOKX-CDUS41-CLINYC,2026-07-25T16:33:40Z
KNYC,2026-02-21,46,36,448 PM,iem_cli,https://mesonet.agron.iastate.edu/json/cli.py?station=KNYC&year=2026,202602220626-KOKX-CDUS41-CLINYC,2026-07-25T16:33:40Z
KNYC,2026-02-22,39,30,1206 AM,iem_cli,https://mesonet.agron.iastate.edu/json/cli.py?station=KNYC&year=2026,202602230634-KOKX-CDUS41-CLINYC,2026-07-25T16:33:40Z
KNYC,2026-02-23,35,28,655 PM,iem_cli,https://mesonet.agron.iastate.edu/json/cli.py?station=KNYC&year=2026,202602240651-KOKX-CDUS41-CLINYC,2026-07-25T16:33:40Z
KNYC,2026-02-24,31,23,417 PM,iem_cli,https://mesonet.agron.iastate.edu/json/cli.py?station=KNYC&year=2026,202602250620-KOKX-CDUS41-CLINYC,2026-07-25T16:33:40Z
KNYC,2026-02-25,44,26,1130 PM,iem_cli,https://mesonet.agron.iastate.edu/json/cli.py?station=KNYC&year=2026,202602260630-KOKX-CDUS41-CLINYC,2026-07-25T16:33:40Z
KNYC,2026-02-26,49,35,221 PM,iem_cli,https://mesonet.agron.iastate.edu/json/cli.py?station=KNYC&year=2026,202602270620-KOKX-CDUS41-CLINYC,2026-07-25T16:33:40Z
KNYC,2026-02-27,44,29,249 PM,iem_cli,https://mesonet.agron.iastate.edu/json/cli.py?station=KNYC&year=2026,202602280617-KOKX-CDUS41-CLINYC,2026-07-25T16:33:40Z
KNYC,2026-02-28,54,33,403 PM,iem_cli,https://mesonet.agron.iastate.edu/json/cli.py?station=KNYC&year=2026,202603010616-KOKX-CDUS41-CLINYC,2026-07-25T16:33:40Z
KNYC,2026-03-01,43,30,1253 AM,iem_cli,https://mesonet.agron.iastate.edu/json/cli.py?station=KNYC&year=2026,202603020617-KOKX-CDUS41-CLINYC,2026-07-25T16:33:40Z
KNYC,2026-03-02,33,21,435 PM,iem_cli,https://mesonet.agron.iastate.edu/json/cli.py?station=KNYC&year=2026,202603030619-KOKX-CDUS41-CLINYC,2026-07-25T16:33:40Z
KNYC,2026-03-03,36,29,1159 PM,iem_cli,https://mesonet.agron.iastate.edu/json/cli.py?station=KNYC&year=2026,202603040620-KOKX-CDUS41-CLINYC,2026-07-25T16:33:40Z
KNYC,2026-03-04,49,35,409 PM,iem_cli,https://mesonet.agron.iastate.edu/json/cli.py?station=KNYC&year=2026,202603051443-KOKX-CDUS41-CLINYC,2026-07-25T16:33:40Z
KNYC,2026-03-05,46,37,204 AM,iem_cli,https://mesonet.agron.iastate.edu/json/cli.py?station=KNYC&year=2026,202603060620-KOKX-CDUS41-CLINYC,2026-07-25T16:33:40Z
KNYC,2026-03-06,41,37,248 PM,iem_cli,https://mesonet.agron.iastate.edu/json/cli.py?station=KNYC&year=2026,202603070628-KOKX-CDUS41-CLINYC,2026-07-25T16:33:40Z
KNYC,2026-03-07,52,36,1155 PM,iem_cli,https://mesonet.agron.iastate.edu/json/cli.py?station=KNYC&year=2026,202603080623-KOKX-CDUS41-CLINYC,2026-07-25T16:33:40Z
KNYC,2026-03-08,69,50,218 PM,iem_cli,https://mesonet.agron.iastate.edu/json/cli.py?station=KNYC&year=2026,202603090652-KOKX-CDUS41-CLINYC,2026-07-25T16:33:40Z
KNYC,2026-03-09,73,51,226 PM,iem_cli,https://mesonet.agron.iastate.edu/json/cli.py?station=KNYC&year=2026,202603100622-KOKX-CDUS41-CLINYC,2026-07-25T16:33:40Z
KNYC,2026-03-10,80,51,221 PM,iem_cli,https://mesonet.agron.iastate.edu/json/cli.py?station=KNYC&year=2026,202603110636-KOKX-CDUS41-CLINYC,2026-07-25T16:33:40Z
KNYC,2026-03-11,72,53,1204 AM,iem_cli,https://mesonet.agron.iastate.edu/json/cli.py?station=KNYC&year=2026,202603120639-KOKX-CDUS41-CLINYC,2026-07-25T16:33:40Z
KNYC,2026-03-12,63,34,632 AM,iem_cli,https://mesonet.agron.iastate.edu/json/cli.py?station=KNYC&year=2026,202603130631-KOKX-CDUS41-CLINYC,2026-07-25T16:33:40Z
KNYC,2026-03-13,42,32,108 PM,iem_cli,https://mesonet.agron.iastate.edu/json/cli.py?station=KNYC&year=2026,202603140617-KOKX-CDUS41-CLINYC,2026-07-25T16:33:40Z
KNYC,2026-03-14,51,38,336 PM,iem_cli,https://mesonet.agron.iastate.edu/json/cli.py?station=KNYC&year=2026,202603150620-KOKX-CDUS41-CLINYC,2026-07-25T16:33:40Z
KNYC,2026-03-15,48,35,1159 PM,iem_cli,https://mesonet.agron.iastate.edu/json/cli.py?station=KNYC&year=2026,202603160617-KOKX-CDUS41-CLINYC,2026-07-25T16:33:40Z
KNYC,2026-03-16,57,48,120 PM,iem_cli,https://mesonet.agron.iastate.edu/json/cli.py?station=KNYC&year=2026,202603170622-KOKX-CDUS41-CLINYC,2026-07-25T16:33:40Z
KNYC,2026-03-17,48,29,1207 AM,iem_cli,https://mesonet.agron.iastate.edu/json/cli.py?station=KNYC&year=2026,202603180616-KOKX-CDUS41-CLINYC,2026-07-25T16:33:40Z
KNYC,2026-03-18,37,25,405 PM,iem_cli,https://mesonet.agron.iastate.edu/json/cli.py?station=KNYC&year=2026,202603190625-KOKX-CDUS41-CLINYC,2026-07-25T16:33:40Z
KNYC,2026-03-19,44,32,443 PM,iem_cli,https://mesonet.agron.iastate.edu/json/cli.py?station=KNYC&year=2026,202603200631-KOKX-CDUS41-CLINYC,2026-07-25T16:33:40Z
KNYC,2026-03-20,57,39,254 PM,iem_cli,https://mesonet.agron.iastate.edu/json/cli.py?station=KNYC&year=2026,202603210620-KOKX-CDUS41-CLINYC,2026-07-25T16:33:40Z
KNYC,2026-03-21,59,46,411 PM,iem_cli,https://mesonet.agron.iastate.edu/json/cli.py?station=KNYC&year=2026,202603220619-KOKX-CDUS41-CLINYC,2026-07-25T16:33:40Z
KNYC,2026-03-22,63,44,316 PM,iem_cli,https://mesonet.agron.iastate.edu/json/cli.py?station=KNYC&year=2026,202603230625-KOKX-CDUS41-CLINYC,2026-07-25T16:33:40Z
KNYC,2026-03-23,50,34,142 AM,iem_cli,https://mesonet.agron.iastate.edu/json/cli.py?station=KNYC&year=2026,202603240618-KOKX-CDUS41-CLINYC,2026-07-25T16:33:40Z
KNYC,2026-03-24,48,32,440 PM,iem_cli,https://mesonet.agron.iastate.edu/json/cli.py?station=KNYC&year=2026,202603250618-KOKX-CDUS41-CLINYC,2026-07-25T16:33:40Z
KNYC,2026-03-25,54,38,109 PM,iem_cli,https://mesonet.agron.iastate.edu/json/cli.py?station=KNYC&year=2026,202603260637-KOKX-CDUS41-CLINYC,2026-07-25T16:33:40Z
KNYC,2026-03-26,76,45,319 PM,iem_cli,https://mesonet.agron.iastate.edu/json/cli.py?station=KNYC&year=2026,202603270706-KOKX-CDUS41-CLINYC,2026-07-25T16:33:40Z
KNYC,2026-03-27,65,41,1249 AM,iem_cli,https://mesonet.agron.iastate.edu/json/cli.py?station=KNYC&year=2026,202603280617-KOKX-CDUS41-CLINYC,2026-07-25T16:33:40Z
KNYC,2026-03-28,44,31,316 PM,iem_cli,https://mesonet.agron.iastate.edu/json/cli.py?station=KNYC&year=2026,202603290620-KOKX-CDUS41-CLINYC,2026-07-25T16:33:40Z
KNYC,2026-03-29,54,34,256 PM,iem_cli,https://mesonet.agron.iastate.edu/json/cli.py?station=KNYC&year=2026,202603300619-KOKX-CDUS41-CLINYC,2026-07-25T16:33:40Z
KNYC,2026-03-30,73,47,151 PM,iem_cli,https://mesonet.agron.iastate.edu/json/cli.py?station=KNYC&year=2026,202603310622-KOKX-CDUS41-CLINYC,2026-07-25T16:33:40Z
KNYC,2026-03-31,81,60,318 PM,iem_cli,https://mesonet.agron.iastate.edu/json/cli.py?station=KNYC&year=2026,202604010621-KOKX-CDUS41-CLINYC,2026-07-25T16:33:40Z
KNYC,2026-04-01,80,51,150 PM,iem_cli,https://mesonet.agron.iastate.edu/json/cli.py?station=KNYC&year=2026,202604020619-KOKX-CDUS41-CLINYC,2026-07-25T16:33:40Z
KNYC,2026-04-02,51,41,1216 AM,iem_cli,https://mesonet.agron.iastate.edu/json/cli.py?station=KNYC&year=2026,202604030618-KOKX-CDUS41-CLINYC,2026-07-25T16:33:40Z
KNYC,2026-04-03,66,41,544 PM,iem_cli,https://mesonet.agron.iastate.edu/json/cli.py?station=KNYC&year=2026,202604040619-KOKX-CDUS41-CLINYC,2026-07-25T16:33:40Z
KNYC,2026-04-04,73,42,130 PM,iem_cli,https://mesonet.agron.iastate.edu/json/cli.py?station=KNYC&year=2026,202604050639-KOKX-CDUS41-CLINYC,2026-07-25T16:33:40Z
KNYC,2026-04-05,57,42,214 PM,iem_cli,https://mesonet.agron.iastate.edu/json/cli.py?station=KNYC&year=2026,202604060626-KOKX-CDUS41-CLINYC,2026-07-25T16:33:40Z
KNYC,2026-04-06,56,41,403 PM,iem_cli,https://mesonet.agron.iastate.edu/json/cli.py?station=KNYC&year=2026,202604070622-KOKX-CDUS41-CLINYC,2026-07-25T16:33:40Z
KNYC,2026-04-07,56,32,1140 AM,iem_cli,https://mesonet.agron.iastate.edu/json/cli.py?station=KNYC&year=2026,202604080621-KOKX-CDUS41-CLINYC,2026-07-25T16:33:40Z
KNYC,2026-04-08,51,30,304 PM,iem_cli,https://mesonet.agron.iastate.edu/json/cli.py?station=KNYC&year=2026,202604090652-KOKX-CDUS41-CLINYC,2026-07-25T16:33:40Z
KNYC,2026-04-09,51,35,243 PM,iem_cli,https://mesonet.agron.iastate.edu/json/cli.py?station=KNYC&year=2026,202604100637-KOKX-CDUS41-CLINYC,2026-07-25T16:33:40Z
KNYC,2026-04-10,63,40,153 PM,iem_cli,https://mesonet.agron.iastate.edu/json/cli.py?station=KNYC&year=2026,202604110620-KOKX-CDUS41-CLINYC,2026-07-25T16:33:40Z
KNYC,2026-04-11,63,49,410 PM,iem_cli,https://mesonet.agron.iastate.edu/json/cli.py?station=KNYC&year=2026,202604120631-KOKX-CDUS41-CLINYC,2026-07-25T16:33:40Z
KNYC,2026-04-12,55,43,118 PM,iem_cli,https://mesonet.agron.iastate.edu/json/cli.py?station=KNYC&year=2026,202604130659-KOKX-CDUS41-CLINYC,2026-07-25T16:33:40Z
KNYC,2026-04-13,79,49,536 PM,iem_cli,https://mesonet.agron.iastate.edu/json/cli.py?station=KNYC&year=2026,202604140722-KOKX-CDUS41-CLINYC,2026-07-25T16:33:40Z
KNYC,2026-04-14,87,64,210 PM,iem_cli,https://mesonet.agron.iastate.edu/json/cli.py?station=KNYC&year=2026,202604150644-KOKX-CDUS41-CLINYC,2026-07-25T16:33:40Z
KNYC,2026-04-15,90,67,214 PM,iem_cli,https://mesonet.agron.iastate.edu/json/cli.py?station=KNYC&year=2026,202604160619-KOKX-CDUS41-CLINYC,2026-07-25T16:33:40Z
KNYC,2026-04-16,89,71,200 PM,iem_cli,https://mesonet.agron.iastate.edu/json/cli.py?station=KNYC&year=2026,202604170619-KOKX-CDUS41-CLINYC,2026-07-25T16:33:40Z
KNYC,2026-04-17,81,59,1221 PM,iem_cli,https://mesonet.agron.iastate.edu/json/cli.py?station=KNYC&year=2026,202604180617-KOKX-CDUS41-CLINYC,2026-07-25T16:33:40Z
KNYC,2026-04-18,66,49,214 PM,iem_cli,https://mesonet.agron.iastate.edu/json/cli.py?station=KNYC&year=2026,202604190628-KOKX-CDUS41-CLINYC,2026-07-25T16:33:40Z
KNYC,2026-04-19,53,41,1006 AM,iem_cli,https://mesonet.agron.iastate.edu/json/cli.py?station=KNYC&year=2026,202604200619-KOKX-CDUS41-CLINYC,2026-07-25T16:33:40Z
KNYC,2026-04-20,51,39,216 PM,iem_cli,https://mesonet.agron.iastate.edu/json/cli.py?station=KNYC&year=2026,202604210620-KOKX-CDUS41-CLINYC,2026-07-25T16:33:40Z
KNYC,2026-04-21,54,34,313 PM,iem_cli,https://mesonet.agron.iastate.edu/json/cli.py?station=KNYC&year=2026,202604220619-KOKX-CDUS41-CLINYC,2026-07-25T16:33:40Z
KNYC,2026-04-22,56,44,1226 PM,iem_cli,https://mesonet.agron.iastate.edu/json/cli.py?station=KNYC&year=2026,202604230624-KOKX-CDUS41-CLINYC,2026-07-25T16:33:40Z
KNYC,2026-04-23,73,45,257 PM,iem_cli,https://mesonet.agron.iastate.edu/json/cli.py?station=KNYC&year=2026,202604240617-KOKX-CDUS41-CLINYC,2026-07-25T16:33:40Z
KNYC,2026-04-24,68,50,223 PM,iem_cli,https://mesonet.agron.iastate.edu/json/cli.py?station=KNYC&year=2026,202604250618-KOKX-CDUS41-CLINYC,2026-07-25T16:33:40Z
KNYC,2026-04-25,50,41,134 AM,iem_cli,https://mesonet.agron.iastate.edu/json/cli.py?station=KNYC&year=2026,202604260619-KOKX-CDUS41-CLINYC,2026-07-25T16:33:40Z
KNYC,2026-04-26,57,42,438 PM,iem_cli,https://mesonet.agron.iastate.edu/json/cli.py?station=KNYC&year=2026,202604270619-KOKX-CDUS41-CLINYC,2026-07-25T16:33:40Z
KNYC,2026-04-27,68,45,247 PM,iem_cli,https://mesonet.agron.iastate.edu/json/cli.py?station=KNYC&year=2026,202604280620-KOKX-CDUS41-CLINYC,2026-07-25T16:33:40Z
KNYC,2026-04-28,65,49,1137 AM,iem_cli,https://mesonet.agron.iastate.edu/json/cli.py?station=KNYC&year=2026,202604290628-KOKX-CDUS41-CLINYC,2026-07-25T16:33:40Z
KNYC,2026-04-29,62,48,1043 AM,iem_cli,https://mesonet.agron.iastate.edu/json/cli.py?station=KNYC&year=2026,202604300646-KOKX-CDUS41-CLINYC,2026-07-25T16:33:40Z
KNYC,2026-04-30,60,47,558 PM,iem_cli,https://mesonet.agron.iastate.edu/json/cli.py?station=KNYC&year=2026,202605010632-KOKX-CDUS41-CLINYC,2026-07-25T16:33:40Z
KNYC,2026-05-01,64,46,312 PM,iem_cli,https://mesonet.agron.iastate.edu/json/cli.py?station=KNYC&year=2026,202605020640-KOKX-CDUS41-CLINYC,2026-07-25T16:33:40Z
KNYC,2026-05-02,61,49,403 PM,iem_cli,https://mesonet.agron.iastate.edu/json/cli.py?station=KNYC&year=2026,202605030632-KOKX-CDUS41-CLINYC,2026-07-25T16:33:40Z
KNYC,2026-05-03,59,45,646 PM,iem_cli,https://mesonet.agron.iastate.edu/json/cli.py?station=KNYC&year=2026,202605040648-KOKX-CDUS41-CLINYC,2026-07-25T16:33:40Z
KNYC,2026-05-04,72,50,357 PM,iem_cli,https://mesonet.agron.iastate.edu/json/cli.py?station=KNYC&year=2026,202605050619-KOKX-CDUS41-CLINYC,2026-07-25T16:33:40Z
KNYC,2026-05-05,81,59,448 PM,iem_cli,https://mesonet.agron.iastate.edu/json/cli.py?station=KNYC&year=2026,202605060622-KOKX-CDUS41-CLINYC,2026-07-25T16:33:40Z
KNYC,2026-05-06,71,55,1012 AM,iem_cli,https://mesonet.agron.iastate.edu/json/cli.py?station=KNYC&year=2026,202605070616-KOKX-CDUS41-CLINYC,2026-07-25T16:33:40Z
KNYC,2026-05-07,64,49,346 PM,iem_cli,https://mesonet.agron.iastate.edu/json/cli.py?station=KNYC&year=2026,202605080619-KOKX-CDUS41-CLINYC,2026-07-25T16:33:40Z
KNYC,2026-05-08,63,46,224 PM,iem_cli,https://mesonet.agron.iastate.edu/json/cli.py?station=KNYC&year=2026,202605090619-KOKX-CDUS41-CLINYC,2026-07-25T16:33:40Z
KNYC,2026-05-09,65,52,1208 PM,iem_cli,https://mesonet.agron.iastate.edu/json/cli.py?station=KNYC&year=2026,202605100635-KOKX-CDUS41-CLINYC,2026-07-25T16:33:40Z
KNYC,2026-05-10,73,52,312 PM,iem_cli,https://mesonet.agron.iastate.edu/json/cli.py?station=KNYC&year=2026,202605110621-KOKX-CDUS41-CLINYC,2026-07-25T16:33:40Z
KNYC,2026-05-11,61,53,457 PM,iem_cli,https://mesonet.agron.iastate.edu/json/cli.py?station=KNYC&year=2026,202605120617-KOKX-CDUS41-CLINYC,2026-07-25T16:33:40Z
KNYC,2026-05-12,66,46,320 PM,iem_cli,https://mesonet.agron.iastate.edu/json/cli.py?station=KNYC&year=2026,202605130618-KOKX-CDUS41-CLINYC,2026-07-25T16:33:40Z
KNYC,2026-05-13,72,54,1254 PM,iem_cli,https://mesonet.agron.iastate.edu/json/cli.py?station=KNYC&year=2026,202605140618-KOKX-CDUS41-CLINYC,2026-07-25T16:33:40Z
KNYC,2026-05-14,66,53,313 PM,iem_cli,https://mesonet.agron.iastate.edu/json/cli.py?station=KNYC&year=2026,202605150620-KOKX-CDUS41-CLINYC,2026-07-25T16:33:40Z
KNYC,2026-05-15,66,50,456 PM,iem_cli,https://mesonet.agron.iastate.edu/json/cli.py?station=KNYC&year=2026,202605160616-KOKX-CDUS41-CLINYC,2026-07-25T16:33:40Z
KNYC,2026-05-16,80,55,509 PM,iem_cli,https://mesonet.agron.iastate.edu/json/cli.py?station=KNYC&year=2026,202605170618-KOKX-CDUS41-CLINYC,2026-07-25T16:33:40Z
KNYC,2026-05-17,87,66,143 PM,iem_cli,https://mesonet.agron.iastate.edu/json/cli.py?station=KNYC&year=2026,202605180645-KOKX-CDUS41-CLINYC,2026-07-25T16:33:40Z
KNYC,2026-05-18,88,71,1155 AM,iem_cli,https://mesonet.agron.iastate.edu/json/cli.py?station=KNYC&year=2026,202605190619-KOKX-CDUS41-CLINYC,2026-07-25T16:33:40Z
KNYC,2026-05-19,93,73,202 PM,iem_cli,https://mesonet.agron.iastate.edu/json/cli.py?station=KNYC&year=2026,202605200617-KOKX-CDUS41-CLINYC,2026-07-25T16:33:40Z
KNYC,2026-05-20,92,66,123 PM,iem_cli,https://mesonet.agron.iastate.edu/json/cli.py?station=KNYC&year=2026,202605210616-KOKX-CDUS41-CLINYC,2026-07-25T16:33:40Z
KNYC,2026-05-21,66,55,109 AM,iem_cli,https://mesonet.agron.iastate.edu/json/cli.py?station=KNYC&year=2026,202605220621-KOKX-CDUS41-CLINYC,2026-07-25T16:33:40Z
KNYC,2026-05-22,68,56,234 PM,iem_cli,https://mesonet.agron.iastate.edu/json/cli.py?station=KNYC&year=2026,202605230625-KOKX-CDUS41-CLINYC,2026-07-25T16:33:40Z
KNYC,2026-05-23,57,49,1049 AM,iem_cli,https://mesonet.agron.iastate.edu/json/cli.py?station=KNYC&year=2026,202605240621-KOKX-CDUS41-CLINYC,2026-07-25T16:33:40Z
KNYC,2026-05-24,56,50,436 PM,iem_cli,https://mesonet.agron.iastate.edu/json/cli.py?station=KNYC&year=2026,202605250625-KOKX-CDUS41-CLINYC,2026-07-25T16:33:40Z
KNYC,2026-05-25,73,55,529 PM,iem_cli,https://mesonet.agron.iastate.edu/json/cli.py?station=KNYC&year=2026,202605260633-KOKX-CDUS41-CLINYC,2026-07-25T16:33:40Z
KNYC,2026-05-26,79,59,252 PM,iem_cli,https://mesonet.agron.iastate.edu/json/cli.py?station=KNYC&year=2026,202605270622-KOKX-CDUS41-CLINYC,2026-07-25T16:33:40Z
KNYC,2026-05-27,81,68,517 PM,iem_cli,https://mesonet.agron.iastate.edu/json/cli.py?station=KNYC&year=2026,202605280617-KOKX-CDUS41-CLINYC,2026-07-25T16:33:40Z
KNYC,2026-05-28,75,61,1217 PM,iem_cli,https://mesonet.agron.iastate.edu/json/cli.py?station=KNYC&year=2026,202605290619-KOKX-CDUS41-CLINYC,2026-07-25T16:33:40Z
KNYC,2026-05-29,75,57,529 PM,iem_cli,https://mesonet.agron.iastate.edu/json/cli.py?station=KNYC&year=2026,202605300623-KOKX-CDUS41-CLINYC,2026-07-25T16:33:40Z
KNYC,2026-05-30,69,51,1214 AM,iem_cli,https://mesonet.agron.iastate.edu/json/cli.py?station=KNYC&year=2026,202605310631-KOKX-CDUS41-CLINYC,2026-07-25T16:33:40Z
KNYC,2026-05-31,75,50,444 PM,iem_cli,https://mesonet.agron.iastate.edu/json/cli.py?station=KNYC&year=2026,202606010617-KOKX-CDUS41-CLINYC,2026-07-25T16:33:40Z
KNYC,2026-06-01,71,53,1253 PM,iem_cli,https://mesonet.agron.iastate.edu/json/cli.py?station=KNYC&year=2026,202606020616-KOKX-CDUS41-CLINYC,2026-07-25T16:33:40Z
KNYC,2026-06-02,76,52,320 PM,iem_cli,https://mesonet.agron.iastate.edu/json/cli.py?station=KNYC&year=2026,202606030642-KOKX-CDUS41-CLINYC,2026-07-25T16:33:40Z
KNYC,2026-06-03,83,61,120 PM,iem_cli,https://mesonet.agron.iastate.edu/json/cli.py?station=KNYC&year=2026,202606040619-KOKX-CDUS41-CLINYC,2026-07-25T16:33:40Z
KNYC,2026-06-04,86,64,1246 PM,iem_cli,https://mesonet.agron.iastate.edu/json/cli.py?station=KNYC&year=2026,202606050616-KOKX-CDUS41-CLINYC,2026-07-25T16:33:40Z
KNYC,2026-06-05,88,66,323 PM,iem_cli,https://mesonet.agron.iastate.edu/json/cli.py?station=KNYC&year=2026,202606060633-KOKX-CDUS41-CLINYC,2026-07-25T16:33:40Z
KNYC,2026-06-06,87,66,424 PM,iem_cli,https://mesonet.agron.iastate.edu/json/cli.py?station=KNYC&year=2026,202606070639-KOKX-CDUS41-CLINYC,2026-07-25T16:33:40Z
KNYC,2026-06-07,81,66,434 PM,iem_cli,https://mesonet.agron.iastate.edu/json/cli.py?station=KNYC&year=2026,202606080627-KOKX-CDUS41-CLINYC,2026-07-25T16:33:40Z
KNYC,2026-06-08,75,63,1200 PM,iem_cli,https://mesonet.agron.iastate.edu/json/cli.py?station=KNYC&year=2026,202606090619-KOKX-CDUS41-CLINYC,2026-07-25T16:33:40Z
KNYC,2026-06-09,79,61,228 PM,iem_cli,https://mesonet.agron.iastate.edu/json/cli.py?station=KNYC&year=2026,202606100617-KOKX-CDUS41-CLINYC,2026-07-25T16:33:40Z
KNYC,2026-06-10,82,69,1226 PM,iem_cli,https://mesonet.agron.iastate.edu/json/cli.py?station=KNYC&year=2026,202606110628-KOKX-CDUS41-CLINYC,2026-07-25T16:33:40Z
KNYC,2026-06-11,91,72,459 PM,iem_cli,https://mesonet.agron.iastate.edu/json/cli.py?station=KNYC&year=2026,202606120629-KOKX-CDUS41-CLINYC,2026-07-25T16:33:40Z
KNYC,2026-06-12,90,72,402 PM,iem_cli,https://mesonet.agron.iastate.edu/json/cli.py?station=KNYC&year=2026,202606130651-KOKX-CDUS41-CLINYC,2026-07-25T16:33:40Z
KNYC,2026-06-13,85,70,552 PM,iem_cli,https://mesonet.agron.iastate.edu/json/cli.py?station=KNYC&year=2026,202606140722-KOKX-CDUS41-CLINYC,2026-07-25T16:33:40Z
KNYC,2026-06-14,87,70,212 PM,iem_cli,https://mesonet.agron.iastate.edu/json/cli.py?station=KNYC&year=2026,202606150620-KOKX-CDUS41-CLINYC,2026-07-25T16:33:40Z
KNYC,2026-06-15,74,62,357 PM,iem_cli,https://mesonet.agron.iastate.edu/json/cli.py?station=KNYC&year=2026,202606160629-KOKX-CDUS41-CLINYC,2026-07-25T16:33:40Z
KNYC,2026-06-16,76,57,126 PM,iem_cli,https://mesonet.agron.iastate.edu/json/cli.py?station=KNYC&year=2026,202606170617-KOKX-CDUS41-CLINYC,2026-07-25T16:33:40Z
KNYC,2026-06-17,78,63,1221 PM,iem_cli,https://mesonet.agron.iastate.edu/json/cli.py?station=KNYC&year=2026,202606180618-KOKX-CDUS41-CLINYC,2026-07-25T16:33:40Z
KNYC,2026-06-18,86,68,502 PM,iem_cli,https://mesonet.agron.iastate.edu/json/cli.py?station=KNYC&year=2026,202606190617-KOKX-CDUS41-CLINYC,2026-07-25T16:33:40Z
KNYC,2026-06-19,81,69,212 PM,iem_cli,https://mesonet.agron.iastate.edu/json/cli.py?station=KNYC&year=2026,202606200619-KOKX-CDUS41-CLINYC,2026-07-25T16:33:40Z
KNYC,2026-06-20,81,66,457 PM,iem_cli,https://mesonet.agron.iastate.edu/json/cli.py?station=KNYC&year=2026,202606210617-KOKX-CDUS41-CLINYC,2026-07-25T16:33:40Z
KNYC,2026-06-21,82,65,421 PM,iem_cli,https://mesonet.agron.iastate.edu/json/cli.py?station=KNYC&year=2026,202606220634-KOKX-CDUS41-CLINYC,2026-07-25T16:33:40Z
KNYC,2026-06-22,73,67,124 PM,iem_cli,https://mesonet.agron.iastate.edu/json/cli.py?station=KNYC&year=2026,202606230625-KOKX-CDUS41-CLINYC,2026-07-25T16:33:40Z
KNYC,2026-06-23,71,66,615 AM,iem_cli,https://mesonet.agron.iastate.edu/json/cli.py?station=KNYC&year=2026,202606240621-KOKX-CDUS41-CLINYC,2026-07-25T16:33:40Z
KNYC,2026-06-24,82,64,158 PM,iem_cli,https://mesonet.agron.iastate.edu/json/cli.py?station=KNYC&year=2026,202606250633-KOKX-CDUS41-CLINYC,2026-07-25T16:33:40Z
KNYC,2026-06-25,83,66,120 PM,iem_cli,https://mesonet.agron.iastate.edu/json/cli.py?station=KNYC&year=2026,202606260625-KOKX-CDUS41-CLINYC,2026-07-25T16:33:40Z
KNYC,2026-06-26,80,66,319 PM,iem_cli,https://mesonet.agron.iastate.edu/json/cli.py?station=KNYC&year=2026,202606270630-KOKX-CDUS41-CLINYC,2026-07-25T16:33:40Z
KNYC,2026-06-27,78,68,848 AM,iem_cli,https://mesonet.agron.iastate.edu/json/cli.py?station=KNYC&year=2026,202606280639-KOKX-CDUS41-CLINYC,2026-07-25T16:33:40Z
KNYC,2026-06-28,82,68,1209 PM,iem_cli,https://mesonet.agron.iastate.edu/json/cli.py?station=KNYC&year=2026,202606290650-KOKX-CDUS41-CLINYC,2026-07-25T16:33:40Z
KNYC,2026-06-29,88,68,225 PM,iem_cli,https://mesonet.agron.iastate.edu/json/cli.py?station=KNYC&year=2026,202606300642-KOKX-CDUS41-CLINYC,2026-07-25T16:33:40Z
KNYC,2026-06-30,87,73,1226 PM,iem_cli,https://mesonet.agron.iastate.edu/json/cli.py?station=KNYC&year=2026,202607010620-KOKX-CDUS41-CLINYC,2026-07-25T16:33:40Z
KNYC,2026-07-01,93,75,127 PM,iem_cli,https://mesonet.agron.iastate.edu/json/cli.py?station=KNYC&year=2026,202607020619-KOKX-CDUS41-CLINYC,2026-07-25T16:33:40Z
KNYC,2026-07-02,100,82,247 PM,iem_cli,https://mesonet.agron.iastate.edu/json/cli.py?station=KNYC&year=2026,202607030619-KOKX-CDUS41-CLINYC,2026-07-25T16:33:40Z
KNYC,2026-07-03,98,72,358 PM,iem_cli,https://mesonet.agron.iastate.edu/json/cli.py?station=KNYC&year=2026,202607040620-KOKX-CDUS41-CLINYC,2026-07-25T16:33:40Z
KNYC,2026-07-04,94,72,455 PM,iem_cli,https://mesonet.agron.iastate.edu/json/cli.py?station=KNYC&year=2026,202607050620-KOKX-CDUS41-CLINYC,2026-07-25T16:33:40Z
KNYC,2026-07-05,81,69,123 PM,iem_cli,https://mesonet.agron.iastate.edu/json/cli.py?station=KNYC&year=2026,202607060619-KOKX-CDUS41-CLINYC,2026-07-25T16:33:40Z
KNYC,2026-07-06,69,64,1222 PM,iem_cli,https://mesonet.agron.iastate.edu/json/cli.py?station=KNYC&year=2026,202607070622-KOKX-CDUS41-CLINYC,2026-07-25T16:33:40Z
KNYC,2026-07-07,70,63,752 PM,iem_cli,https://mesonet.agron.iastate.edu/json/cli.py?station=KNYC&year=2026,202607080621-KOKX-CDUS41-CLINYC,2026-07-25T16:33:40Z
KNYC,2026-07-08,85,64,347 PM,iem_cli,https://mesonet.agron.iastate.edu/json/cli.py?station=KNYC&year=2026,202607090626-KOKX-CDUS41-CLINYC,2026-07-25T16:33:40Z
KNYC,2026-07-09,82,71,1050 AM,iem_cli,https://mesonet.agron.iastate.edu/json/cli.py?station=KNYC&year=2026,202607100625-KOKX-CDUS41-CLINYC,2026-07-25T16:33:40Z
KNYC,2026-07-10,85,73,1028 AM,iem_cli,https://mesonet.agron.iastate.edu/json/cli.py?station=KNYC&year=2026,202607110627-KOKX-CDUS41-CLINYC,2026-07-25T16:33:40Z
KNYC,2026-07-11,82,70,313 PM,iem_cli,https://mesonet.agron.iastate.edu/json/cli.py?station=KNYC&year=2026,202607120637-KOKX-CDUS41-CLINYC,2026-07-25T16:33:40Z
KNYC,2026-07-12,84,69,115 PM,iem_cli,https://mesonet.agron.iastate.edu/json/cli.py?station=KNYC&year=2026,202607130619-KOKX-CDUS41-CLINYC,2026-07-25T16:33:40Z
KNYC,2026-07-13,84,70,141 PM,iem_cli,https://mesonet.agron.iastate.edu/json/cli.py?station=KNYC&year=2026,202607140621-KOKX-CDUS41-CLINYC,2026-07-25T16:33:40Z
KNYC,2026-07-14,90,72,412 PM,iem_cli,https://mesonet.agron.iastate.edu/json/cli.py?station=KNYC&year=2026,202607150616-KOKX-CDUS41-CLINYC,2026-07-25T16:33:40Z
KNYC,2026-07-15,95,75,1204 PM,iem_cli,https://mesonet.agron.iastate.edu/json/cli.py?station=KNYC&year=2026,202607160618-KOKX-CDUS41-CLINYC,2026-07-25T16:33:40Z
KNYC,2026-07-16,85,74,532 PM,iem_cli,https://mesonet.agron.iastate.edu/json/cli.py?station=KNYC&year=2026,202607170617-KOKX-CDUS41-CLINYC,2026-07-25T16:33:40Z
KNYC,2026-07-17,86,70,351 PM,iem_cli,https://mesonet.agron.iastate.edu/json/cli.py?station=KNYC&year=2026,202607180617-KOKX-CDUS41-CLINYC,2026-07-25T16:33:40Z
KNYC,2026-07-18,76,69,1000 AM,iem_cli,https://mesonet.agron.iastate.edu/json/cli.py?station=KNYC&year=2026,202607190619-KOKX-CDUS41-CLINYC,2026-07-25T16:33:40Z
KNYC,2026-07-19,79,68,509 PM,iem_cli,https://mesonet.agron.iastate.edu/json/cli.py?station=KNYC&year=2026,202607200618-KOKX-CDUS41-CLINYC,2026-07-25T16:33:40Z
KNYC,2026-07-20,81,63,433 PM,iem_cli,https://mesonet.agron.iastate.edu/json/cli.py?station=KNYC&year=2026,202607210620-KOKX-CDUS41-CLINYC,2026-07-25T16:33:40Z
KNYC,2026-07-21,81,71,1242 PM,iem_cli,https://mesonet.agron.iastate.edu/json/cli.py?station=KNYC&year=2026,202607220627-KOKX-CDUS41-CLINYC,2026-07-25T16:33:40Z
KNYC,2026-07-22,85,71,502 PM,iem_cli,https://mesonet.agron.iastate.edu/json/cli.py?station=KNYC&year=2026,202607230619-KOKX-CDUS41-CLINYC,2026-07-25T16:33:40Z
KNYC,2026-07-23,79,64,446 PM,iem_cli,https://mesonet.agron.iastate.edu/json/cli.py?station=KNYC&year=2026,202607240626-KOKX-CDUS41-CLINYC,2026-07-25T16:33:40Z
KNYC,2026-07-24,83,65,128 PM,iem_cli,https://mesonet.agron.iastate.edu/json/cli.py?station=KNYC&year=2026,202607250626-KOKX-CDUS41-CLINYC,2026-07-25T16:33:40Z
KNYC,2026-07-25,81,65,129 PM,iem_cli,https://mesonet.agron.iastate.edu/json/cli.py?station=KNYC&year=2026,202607260640-KOKX-CDUS41-CLINYC,2026-09-02T21:26:11Z
KNYC,2026-07-26,85,64,211 PM,iem_cli,https://mesonet.agron.iastate.edu/json/cli.py?station=KNYC&year=2026,202607270634-KOKX-CDUS41-CLINYC,2026-09-02T21:26:11Z
KNYC,2026-07-27,83,68,1258 PM,iem_cli,https://mesonet.agron.iastate.edu/json/cli.py?station=KNYC&year=2026,202607280643-KOKX-CDUS41-CLINYC,2026-09-02T21:26:11Z
KNYC,2026-07-28,79,69,1233 PM,iem_cli,https://mesonet.agron.iastate.edu/json/cli.py?station=KNYC&year=2026,202607290625-KOKX-CDUS41-CLINYC,2026-09-02T21:26:11Z
KNYC,2026-07-29,80,69,423 PM,iem_cli,https://mesonet.agron.iastate.edu/json/cli.py?station=KNYC&year=2026,202607300620-KOKX-CDUS41-CLINYC,2026-09-02T21:26:11Z
KNYC,2026-07-30,74,66,553 PM,iem_cli,https://mesonet.agron.iastate.edu/json/cli.py?station=KNYC&year=2026,202607310619-KOKX-CDUS41-CLINYC,2026-09-02T21:26:11Z
KNYC,2026-07-31,85,67,117 PM,iem_cli,https://mesonet.agron.iastate.edu/json/cli.py?station=KNYC&year=2026,202608010625-KOKX-CDUS41-CLINYC,2026-09-02T21:26:11Z
KNYC,2026-08-01,86,72,1250 PM,iem_cli,https://mesonet.agron.iastate.edu/json/cli.py?station=KNYC&year=2026,202608020630-KOKX-CDUS41-CLINYC,2026-09-02T21:26:11Z
KNYC,2026-08-02,83,75,228 PM,iem_cli,https://mesonet.agron.iastate.edu/json/cli.py?station=KNYC&year=2026,202608030632-KOKX-CDUS41-CLINYC,2026-09-02T21:26:11Z
KNYC,2026-08-03,80,71,532 PM,iem_cli,https://mesonet.agron.iastate.edu/json/cli.py?station=KNYC&year=2026,202608040622-KOKX-CDUS41-CLINYC,2026-09-02T21:26:11Z
KNYC,2026-08-04,84,66,146 PM,iem_cli,https://mesonet.agron.iastate.edu/json/cli.py?station=KNYC&year=2026,202608050634-KOKX-CDUS41-CLINYC,2026-09-02T21:26:11Z
KNYC,2026-08-05,83,70,139 PM,iem_cli,https://mesonet.agron.iastate.edu/json/cli.py?station=KNYC&year=2026,202608060627-KOKX-CDUS41-CLINYC,2026-09-02T21:26:11Z
KNYC,2026-08-06,88,75,1229 PM,iem_cli,https://mesonet.agron.iastate.edu/json/cli.py?station=KNYC&year=2026,202608070620-KOKX-CDUS41-CLINYC,2026-09-02T21:26:11Z
KNYC,2026-08-07,91,72,239 PM,iem_cli,https://mesonet.agron.iastate.edu/json/cli.py?station=KNYC&year=2026,202608080622-KOKX-CDUS41-CLINYC,2026-09-02T21:26:11Z
KNYC,2026-08-08,87,71,151 PM,iem_cli,https://mesonet.agron.iastate.edu/json/cli.py?station=KNYC&year=2026,202608090648-KOKX-CDUS41-CLINYC,2026-09-02T21:26:11Z
KNYC,2026-08-09,88,75,402 PM,iem_cli,https://mesonet.agron.iastate.edu/json/cli.py?station=KNYC&year=2026,202608100621-KOKX-CDUS41-CLINYC,2026-09-02T21:26:11Z
KNYC,2026-08-10,85,72,319 PM,iem_cli,https://mesonet.agron.iastate.edu/json/cli.py?station=KNYC&year=2026,202608110627-KOKX-CDUS41-CLINYC,2026-09-02T21:26:11Z
KNYC,2026-08-11,85,72,126 PM,iem_cli,https://mesonet.agron.iastate.edu/json/cli.py?station=KNYC&year=2026,202608120622-KOKX-CDUS41-CLINYC,2026-09-02T21:26:11Z
KNYC,2026-08-12,84,71,440 PM,iem_cli,https://mesonet.agron.iastate.edu/json/cli.py?station=KNYC&year=2026,202608130617-KOKX-CDUS41-CLINYC,2026-09-02T21:26:11Z
KNYC,2026-08-13,85,70,337 PM,iem_cli,https://mesonet.agron.iastate.edu/json/cli.py?station=KNYC&year=2026,202608140618-KOKX-CDUS41-CLINYC,2026-09-02T21:26:11Z
KNYC,2026-08-14,84,71,349 PM,iem_cli,https://mesonet.agron.iastate.edu/json/cli.py?station=KNYC&year=2026,202608150619-KOKX-CDUS41-CLINYC,2026-09-02T21:26:11Z
KNYC,2026-08-15,83,68,151 PM,iem_cli,https://mesonet.agron.iastate.edu/json/cli.py?station=KNYC&year=2026,202608160617-KOKX-CDUS41-CLINYC,2026-09-02T21:26:11Z
KNYC,2026-08-16,80,67,1123 AM,iem_cli,https://mesonet.agron.iastate.edu/json/cli.py?station=KNYC&year=2026,202608170633-KOKX-CDUS41-CLINYC,2026-09-02T21:26:11Z
KNYC,2026-08-17,81,68,418 PM,iem_cli,https://mesonet.agron.iastate.edu/json/cli.py?station=KNYC&year=2026,202608180617-KOKX-CDUS41-CLINYC,2026-09-02T21:26:11Z
KNYC,2026-08-18,86,72,1254 PM,iem_cli,https://mesonet.agron.iastate.edu/json/cli.py?station=KNYC&year=2026,202608190617-KOKX-CDUS41-CLINYC,2026-09-02T21:26:11Z
KNYC,2026-08-19,85,69,158 PM,iem_cli,https://mesonet.agron.iastate.edu/json/cli.py?station=KNYC&year=2026,202608200644-KOKX-CDUS41-CLINYC,2026-09-02T21:26:11Z
KNYC,2026-08-20,84,63,1055 AM,iem_cli,https://mesonet.agron.iastate.edu/json/cli.py?station=KNYC&year=2026,202608210627-KOKX-CDUS41-CLINYC,2026-09-02T21:26:11Z
KNYC,2026-08-21,79,63,301 PM,iem_cli,https://mesonet.agron.iastate.edu/json/cli.py?station=KNYC&year=2026,202608220626-KOKX-CDUS41-CLINYC,2026-09-02T21:26:11Z
KNYC,2026-08-22,77,67,126 PM,iem_cli,https://mesonet.agron.iastate.edu/json/cli.py?station=KNYC&year=2026,202608230633-KOKX-CDUS41-CLINYC,2026-09-02T21:26:11Z
KNYC,2026-08-23,80,68,214 PM,iem_cli,https://mesonet.agron.iastate.edu/json/cli.py?station=KNYC&year=2026,202608240632-KOKX-CDUS41-CLINYC,2026-09-02T21:26:11Z
KNYC,2026-08-24,79,65,152 PM,iem_cli,https://mesonet.agron.iastate.edu/json/cli.py?station=KNYC&year=2026,202608250620-KOKX-CDUS41-CLINYC,2026-09-02T21:26:11Z
KNYC,2026-08-25,78,63,344 PM,iem_cli,https://mesonet.agron.iastate.edu/json/cli.py?station=KNYC&year=2026,202608260635-KOKX-CDUS41-CLINYC,2026-09-02T21:26:11Z
KNYC,2026-08-26,81,64,139 PM,iem_cli,https://mesonet.agron.iastate.edu/json/cli.py?station=KNYC&year=2026,202608270622-KOKX-CDUS41-CLINYC,2026-09-02T21:26:11Z
KNYC,2026-08-27,77,68,250 PM,iem_cli,https://mesonet.agron.iastate.edu/json/cli.py?station=KNYC&year=2026,202608280657-KOKX-CDUS41-CLINYC,2026-09-02T21:26:11Z
KNYC,2026-08-28,84,68,109 PM,iem_cli,https://mesonet.agron.iastate.edu/json/cli.py?station=KNYC&year=2026,202608290621-KOKX-CDUS41-CLINYC,2026-09-02T21:26:11Z
KNYC,2026-08-29,76,64,355 PM,iem_cli,https://mesonet.agron.iastate.edu/json/cli.py?station=KNYC&year=2026,202608301311-KOKX-CDUS41-CLINYC,2026-09-02T21:26:11Z
KNYC,2026-08-30,79,67,613 PM,iem_cli,https://mesonet.agron.iastate.edu/json/cli.py?station=KNYC&year=2026,202608310621-KOKX-CDUS41-CLINYC,2026-09-02T21:26:11Z
KNYC,2026-08-31,78,69,1228 PM,iem_cli,https://mesonet.agron.iastate.edu/json/cli.py?station=KNYC&year=2026,202609010622-KOKX-CDUS41-CLINYC,2026-09-02T21:26:11Z
KNYC,2026-09-01,82,67,345 PM,iem_cli,https://mesonet.agron.iastate.edu/json/cli.py?station=KNYC&year=2026,202609020621-KOKX-CDUS41-CLINYC,2026-09-02T21:26:11Z
